<DATE>	<TIME>	<OPEN>	<HIGH>	<LOW>	<CLOSE>	<TICKVOL>	<VOL>	<SPREAD>
2024.07.10	09:00:00	360980.55	361661.26	354309.60	356828.22	13704	16777	1
2024.07.10	10:00:00	356828.22	357667.77	353991.93	355739.09	15284	18360	1
2024.07.10	11:00:00	355761.78	356487.87	353991.93	355285.28	10565	12775	1
2024.07.10	12:00:00	355330.66	357350.10	354060.00	355466.80	10239	12982	1
2024.07.10	13:00:00	355512.18	357781.22	355058.38	356669.39	8710	11316	1
2024.07.10	14:00:00	356669.39	357032.44	355103.76	355829.85	7211	9068	1
2024.07.10	15:00:00	355852.54	356669.39	354332.29	355489.49	7139	8831	1
2024.07.10	16:00:00	355466.80	355580.25	353787.72	354559.19	6300	8265	1
2024.07.10	17:00:00	354604.57	355602.95	353447.36	354718.02	4442	6055	1
2024.07.10	18:00:00	354718.02	355103.76	352925.49	353606.20	982	1116	1
2024.07.11	09:00:00	362273.90	366131.26	360935.17	362705.02	13407	15415	1
2024.07.11	10:00:00	362682.33	364293.34	359165.33	361502.43	14285	16892	1
2024.07.11	11:00:00	361525.12	361978.93	356124.82	357327.41	13828	16711	1
2024.07.11	12:00:00	357350.10	359596.44	354604.57	355421.42	11129	13195	1
2024.07.11	13:00:00	355421.42	358507.31	354286.91	357871.98	9081	11013	1
2024.07.11	14:00:00	357871.98	359982.18	357440.86	358666.14	7835	9543	1
2024.07.11	15:00:00	358666.14	359846.04	358030.81	358666.14	6961	8757	1
2024.07.11	16:00:00	358643.45	358847.66	355829.85	356056.75	7942	9710	1
2024.07.11	17:00:00	355943.30	357282.03	354899.54	356102.13	5809	7247	1
2024.07.11	18:00:00	355875.23	357123.20	355671.02	355784.47	731	838	1
2024.07.12	09:00:00	354286.91	355739.09	353084.32	355557.56	9829	10908	1
2024.07.12	10:00:00	355534.87	361207.46	355262.59	360322.53	16223	19563	1
2024.07.12	11:00:00	360209.08	361071.32	358779.59	360095.63	9704	11411	1
2024.07.12	12:00:00	360095.63	362387.36	359573.75	361820.10	8196	9886	1
2024.07.12	13:00:00	361933.55	362931.92	359936.80	360572.13	7418	9014	1
2024.07.12	14:00:00	360549.44	361706.65	359596.44	360027.56	6953	8444	1
2024.07.12	15:00:00	360050.25	362591.57	359414.92	361252.84	9106	11454	1
2024.07.12	16:00:00	361252.84	361683.96	356238.27	356828.22	10942	14130	1
2024.07.12	17:00:00	356828.22	357236.65	354241.52	356170.20	9399	12095	1
2024.07.12	18:00:00	356283.66	357599.69	356192.89	357463.55	1098	1367	1
2024.07.15	09:00:00	379359.73	391340.22	379359.73	389956.11	8194	9597	1
2024.07.15	10:00:00	389933.42	391907.48	388708.15	391181.39	12163	14793	1
2024.07.15	11:00:00	391204.08	392678.95	390341.85	392565.50	8522	10565	1
2024.07.15	12:00:00	392610.88	393268.90	390024.18	390818.35	9551	12268	1
2024.07.15	13:00:00	390818.35	394902.61	389683.83	393700.02	10692	13818	1
2024.07.15	14:00:00	393722.71	396014.43	392179.77	392202.46	10920	14264	1
2024.07.15	15:00:00	392293.22	394970.68	391794.03	393972.30	9078	11621	1
2024.07.15	16:00:00	393972.30	395855.60	392928.55	394153.83	12039	15754	1
2024.07.15	17:00:00	394221.90	395152.20	393110.07	394675.70	4497	5697	1
2024.07.15	18:00:00	394675.70	396967.43	394539.56	396604.38	1130	1388	1
2024.07.16	09:00:00	395379.10	397398.54	393972.30	394970.68	10835	12734	1
2024.07.16	10:00:00	394925.30	395356.41	391113.32	391385.60	13698	16282	1
2024.07.16	11:00:00	391340.22	394199.21	389502.31	393904.23	14746	17820	1
2024.07.16	12:00:00	393881.54	402730.77	393541.19	402095.44	17323	22241	1
2024.07.16	13:00:00	402027.37	404750.21	399417.98	400779.40	15865	21626	1
2024.07.16	14:00:00	400734.02	400847.47	398510.37	399781.03	9935	12639	1
2024.07.16	15:00:00	399758.34	401301.28	398737.27	401074.38	8588	10965	1
2024.07.16	16:00:00	401006.31	403479.55	400053.31	403229.96	12988	17597	1
2024.07.16	17:00:00	403139.20	403456.86	399962.55	400665.95	7016	9424	1
2024.07.16	18:00:00	400529.81	401119.76	398986.87	398986.87	1251	1470	1
2024.07.17	09:00:00	400007.93	403093.82	399690.27	402004.68	9588	11417	1
2024.07.17	10:00:00	402095.44	406157.01	401868.54	405408.23	15687	18373	1
2024.07.17	11:00:00	405362.85	406043.56	402889.61	404682.14	12589	15355	1
2024.07.17	12:00:00	404682.14	407404.98	403298.03	404182.95	11570	14484	1
2024.07.17	13:00:00	404182.95	404659.45	399327.22	401301.28	13885	17528	1
2024.07.17	14:00:00	401233.21	401891.23	399009.56	400960.93	8314	10651	1
2024.07.17	15:00:00	400892.86	403252.65	400620.57	403139.20	6844	8602	1
2024.07.17	16:00:00	403139.20	404455.24	402526.56	403298.03	8116	10518	1
2024.07.17	17:00:00	403275.34	403774.53	402322.35	402503.87	3679	4641	1
2024.07.17	18:00:00	402413.11	403003.06	401482.80	402957.68	1225	1479	1
2024.07.18	09:00:00	404455.24	409197.52	404205.64	408789.09	10014	11422	1
2024.07.18	10:00:00	408766.40	411103.51	406383.92	407200.77	14810	18155	1
2024.07.18	11:00:00	407200.77	408403.36	402390.42	403978.74	14583	17509	1
2024.07.18	12:00:00	403933.36	404228.33	400189.46	400870.17	12482	15537	1
2024.07.18	13:00:00	400870.17	404840.97	399486.05	404840.97	8860	11699	1
2024.07.18	14:00:00	404772.90	405362.85	402345.04	402685.39	8155	10420	1
2024.07.18	15:00:00	402685.39	404477.93	401755.09	403003.06	9381	12088	1
2024.07.18	16:00:00	402957.68	405317.47	401460.11	404228.33	10935	14448	1
2024.07.18	17:00:00	404205.64	404546.00	401709.71	402957.68	4613	6203	1
2024.07.18	18:00:00	402957.68	403865.29	402390.42	403502.24	574	705	1
2024.07.19	09:00:00	400484.43	407382.29	400484.43	407132.70	4290	5562	1
2024.07.19	10:00:00	407087.32	412601.07	404069.50	411126.20	7587	9334	1
2024.07.19	11:00:00	411194.27	416322.28	410445.49	415618.88	6188	7591	1
2024.07.19	12:00:00	415664.26	416639.95	413327.16	416458.43	5347	6568	1
2024.07.19	13:00:00	416367.66	422743.65	416322.28	422267.15	9987	12944	1
2024.07.19	14:00:00	422289.84	424672.33	420928.42	424195.83	9597	12042	1
2024.07.19	15:00:00	424105.07	426124.51	422766.34	425988.37	7248	8878	1
2024.07.19	16:00:00	425988.37	430662.58	425965.68	429096.94	12502	16378	1
2024.07.19	17:00:00	429028.87	429528.06	426714.46	427009.43	5101	6949	1
2024.07.19	18:00:00	426895.98	431865.16	426623.70	429278.47	1683	2034	1
2024.07.22	09:00:00	430549.12	430549.12	428302.78	429074.25	8686	9578	1
2024.07.22	10:00:00	429051.56	430912.17	423537.81	424195.83	15862	18439	1
2024.07.22	11:00:00	424218.52	425829.53	420565.38	421223.40	13499	15931	1
2024.07.22	12:00:00	421155.33	424536.19	420520.00	423174.77	10970	13044	1
2024.07.22	13:00:00	423242.84	424400.04	421223.40	423061.31	9780	12052	1
2024.07.22	14:00:00	423129.38	426396.79	422607.51	426260.65	7974	10126	1
2024.07.22	15:00:00	426260.65	427803.59	425761.46	427327.10	10785	13286	1
2024.07.22	16:00:00	427304.41	432432.42	426669.08	432001.31	12049	15251	1
2024.07.22	17:00:00	432092.07	432455.11	429573.44	431660.95	9424	11829	1
2024.07.22	18:00:00	431683.64	432228.21	428847.35	429528.06	1578	1885	1
2024.07.23	09:00:00	423015.93	424309.28	421654.51	422471.37	11410	13304	1
2024.07.23	10:00:00	422471.37	424558.88	419249.34	419884.67	19260	22625	1
2024.07.23	11:00:00	419975.43	426124.51	418931.67	425443.80	16959	20583	1
2024.07.23	12:00:00	425443.80	425670.70	420315.78	421495.68	15084	17938	1
2024.07.23	13:00:00	421563.75	423152.08	417479.49	417592.94	13403	16132	1
2024.07.23	14:00:00	417592.94	419998.12	416730.71	419317.41	12807	16255	1
2024.07.23	15:00:00	419272.03	420134.26	418001.37	418704.77	8655	10814	1
2024.07.23	16:00:00	418636.70	419907.36	415255.84	416072.69	11393	14113	1
2024.07.23	17:00:00	416118.07	418999.74	415641.57	418160.20	7496	9622	1
2024.07.23	18:00:00	418114.82	418954.36	417071.07	417955.99	1312	1659	1
2024.07.24	09:00:00	422834.41	426306.03	422131.01	423220.15	11430	13216	1
2024.07.24	10:00:00	423174.77	428915.42	423152.08	425103.44	14908	17849	1
2024.07.24	11:00:00	425126.13	429165.01	424740.40	426124.51	14729	18147	1
2024.07.24	12:00:00	426079.13	426578.32	421881.42	423742.02	13608	17665	1
2024.07.24	13:00:00	423764.71	424785.78	422675.58	424263.90	9029	11107	1
2024.07.24	14:00:00	424377.35	426646.39	423628.57	426419.48	9248	11758	1
2024.07.24	15:00:00	426374.10	427304.41	422357.91	422698.27	11287	14322	1
2024.07.24	16:00:00	422766.34	424831.16	421132.64	421745.27	10315	13198	1
2024.07.24	17:00:00	421722.58	424331.97	421722.58	423900.86	5497	7428	1
2024.07.24	18:00:00	424037.00	424195.83	421359.54	421904.11	1564	1898	1
2024.07.25	09:00:00	413554.06	414756.65	409492.49	410649.70	12119	14559	1
2024.07.25	10:00:00	410649.70	412578.38	408630.26	410717.77	12492	15307	1
2024.07.25	11:00:00	410717.77	415709.64	407609.20	415437.36	12294	16031	1
2024.07.25	12:00:00	415460.05	416140.76	412306.09	413871.73	9211	11553	1
2024.07.25	13:00:00	413894.42	416095.38	413213.71	414144.01	7491	9338	1
2024.07.25	14:00:00	414121.32	416367.66	413803.66	416095.38	7405	9693	1
2024.07.25	15:00:00	416163.45	417366.04	412737.21	413758.28	10121	12940	1
2024.07.25	16:00:00	413735.59	416027.31	412555.69	414552.44	8763	10904	1
2024.07.25	17:00:00	414461.68	417366.04	413259.09	417002.99	4602	5852	1
2024.07.25	18:00:00	417207.21	419476.24	416458.43	418999.74	1170	1418	1
2024.07.26	09:00:00	431107.34	435082.97	428758.11	433637.29	4235	5093	1
2024.07.26	10:00:00	433682.47	440278.40	433275.87	439555.55	9789	11591	1
2024.07.26	11:00:00	439374.84	440233.22	432485.26	436528.66	11650	14341	1
2024.07.26	12:00:00	436528.66	439194.13	436031.70	437680.68	5306	6414	1
2024.07.26	13:00:00	437658.10	438561.65	435896.17	436212.41	3931	4720	1
2024.07.26	14:00:00	436189.82	438652.00	435692.87	437725.86	4894	6239	1
2024.07.26	15:00:00	437590.33	438923.07	437070.79	438652.00	4697	5663	1
2024.07.26	16:00:00	438652.00	441972.56	438448.70	440730.17	6973	8636	1
2024.07.26	17:00:00	440820.53	441001.24	437432.21	437725.86	4112	4992	1
2024.07.26	18:00:00	437545.15	441430.43	437522.56	441023.83	761	908	1
2024.07.29	09:00:00	450985.49	452408.58	449856.05	452024.58	7848	9507	1
2024.07.29	10:00:00	451956.81	453221.78	446151.49	447913.41	15804	18983	1
2024.07.29	11:00:00	447890.82	448252.24	440933.47	441927.38	13091	17104	1
2024.07.29	12:00:00	441904.79	442446.92	438132.46	440210.63	11722	16206	1
2024.07.29	13:00:00	440210.63	440210.63	431084.75	431988.31	12645	17803	1
2024.07.29	14:00:00	432033.48	433524.34	428780.70	431355.82	11813	16038	1
2024.07.29	15:00:00	431378.41	434631.20	430926.63	434202.01	9168	12709	1
2024.07.29	16:00:00	434134.24	434586.02	432236.78	433027.39	7340	9773	1
2024.07.29	17:00:00	433004.80	433433.99	431785.01	432869.27	5423	7320	1
2024.07.29	18:00:00	432733.74	432846.68	430181.20	432169.02	1581	1850	1
2024.07.30	09:00:00	427673.84	431672.06	425482.73	431084.75	8898	10822	1
2024.07.30	10:00:00	431129.93	432214.19	428848.46	429187.29	12238	14834	1
2024.07.30	11:00:00	429096.94	429842.37	422839.84	423901.51	13468	17443	1
2024.07.30	12:00:00	423991.87	428306.33	422229.94	427944.91	10666	13714	1
2024.07.30	13:00:00	427877.14	429571.30	426996.18	427131.71	7331	9710	1
2024.07.30	14:00:00	427154.30	427380.19	422591.36	423223.85	11891	15995	1
2024.07.30	15:00:00	423223.85	424375.88	421303.80	422704.31	9426	12746	1
2024.07.30	16:00:00	422681.72	423811.16	421326.39	423178.67	10047	13763	1
2024.07.30	17:00:00	423110.90	425347.20	418977.15	424646.94	8489	10850	1
2024.07.30	18:00:00	424646.94	424850.24	422433.24	423246.44	1268	1452	1
2024.07.31	09:00:00	423133.49	428441.86	422975.37	428396.69	7609	8814	1
2024.07.31	10:00:00	428328.92	430994.40	427764.20	428916.23	11103	13206	1
2024.07.31	11:00:00	428871.05	429819.78	424059.63	428758.11	13732	17240	1
2024.07.31	12:00:00	428848.46	429593.89	427380.19	429096.94	8049	9821	1
2024.07.31	13:00:00	429187.29	430768.51	427402.78	427786.79	7391	9064	1
2024.07.31	14:00:00	427809.38	431581.71	427470.54	430632.98	9043	11582	1
2024.07.31	15:00:00	430813.69	431107.34	426386.28	427831.97	11718	14871	1
2024.07.31	16:00:00	427877.14	428622.57	419654.82	421010.15	13479	17047	1
2024.07.31	17:00:00	421055.32	422342.89	416063.20	416424.62	7572	9994	1
2024.07.31	18:00:00	416537.56	421281.21	416108.38	418796.44	1317	1531	1
2024.08.01	09:00:00	417802.54	420400.25	417689.59	419722.58	7450	8908	1
2024.08.01	10:00:00	419700.00	420151.77	415069.29	416921.57	12133	14796	1
2024.08.01	11:00:00	417034.52	417034.52	412629.70	413104.06	12923	16569	1
2024.08.01	12:00:00	413126.65	413375.13	405830.47	408044.17	16194	21158	1
2024.08.01	13:00:00	408179.70	411229.19	407050.26	409986.81	8791	11144	1
2024.08.01	14:00:00	409919.04	412403.81	406033.77	412132.75	10842	14417	1
2024.08.01	15:00:00	412132.75	413533.25	409580.21	411387.32	9452	12186	1
2024.08.01	16:00:00	411342.14	414911.17	411116.25	414233.50	8180	10320	1
2024.08.01	17:00:00	414233.50	424262.93	413894.67	424172.58	7865	10432	1
2024.08.01	18:00:00	424104.81	425595.67	422862.43	424059.63	1931	2430	1
2024.08.02	09:00:00	424556.59	426838.06	421371.57	425302.02	11623	13982	1
2024.08.02	10:00:00	425324.61	428374.10	420558.37	425369.79	15649	19008	1
2024.08.02	11:00:00	425234.25	425821.56	412516.76	413171.83	16924	22298	1
2024.08.02	12:00:00	413171.83	415521.07	408405.59	413781.73	14248	18268	1
2024.08.02	13:00:00	413713.96	415069.29	410687.06	411613.20	9026	11509	1
2024.08.02	14:00:00	411613.20	412607.11	409828.69	410370.82	8075	10508	1
2024.08.02	15:00:00	410325.64	411048.48	408902.55	409873.87	7431	9685	1
2024.08.02	16:00:00	409851.28	410099.75	406191.89	406801.79	8970	11758	1
2024.08.02	17:00:00	406801.79	410664.47	404610.67	407840.87	7641	10124	1
2024.08.02	18:00:00	407908.64	409173.61	402284.03	402284.03	1346	1670	1
2024.08.05	09:00:00	347302.88	348725.97	326498.59	327831.33	16969	22772	1
2024.08.05	10:00:00	327718.38	346241.20	326408.23	343553.13	17301	25631	1
2024.08.05	11:00:00	343982.32	358936.11	343575.72	355434.85	13910	20417	1
2024.08.05	12:00:00	355525.20	359930.02	352046.52	355705.91	9725	14147	1
2024.08.05	13:00:00	355502.61	362731.03	353740.69	354011.75	9637	14254	1
2024.08.05	14:00:00	354056.93	358687.63	351978.76	356632.05	13723	18826	1
2024.08.05	15:00:00	356677.23	357580.78	346331.56	347189.93	13126	17769	1
2024.08.05	16:00:00	347212.52	350352.36	342694.76	349313.28	16923	23727	1
2024.08.05	17:00:00	349335.87	354915.30	349042.21	354056.93	10543	15440	1
2024.08.05	18:00:00	354079.52	359726.72	353356.68	356157.69	1507	1885	1
2024.08.06	09:00:00	359523.42	359636.36	352701.60	353334.09	9089	10901	1
2024.08.06	10:00:00	353288.91	357377.48	350487.90	355344.49	18193	22992	1
2024.08.06	11:00:00	355389.67	364583.31	355005.66	362008.19	20176	26965	1
2024.08.06	12:00:00	361917.83	363837.88	358665.04	362030.78	11549	15334	1
2024.08.06	13:00:00	362075.95	365825.70	360698.04	365193.21	11196	15117	1
2024.08.06	14:00:00	365238.39	366548.54	363205.39	363295.75	9448	13238	1
2024.08.06	15:00:00	363318.34	367068.08	362482.55	365283.56	9627	13271	1
2024.08.06	16:00:00	365351.33	366480.77	362324.43	365961.23	9458	12470	1
2024.08.06	17:00:00	366051.58	366345.24	362482.55	364402.60	7487	10189	1
2024.08.06	18:00:00	364380.01	364876.97	361443.47	361872.65	1356	1842	1
2024.08.07	09:00:00	366028.99	367836.10	362911.74	366842.19	10828	12965	1
2024.08.07	10:00:00	366751.84	367565.03	361262.76	362256.66	15269	18839	1
2024.08.07	11:00:00	362234.08	363431.28	356089.92	358122.91	19704	26897	1
2024.08.07	12:00:00	358235.86	359817.07	355367.08	357241.95	12037	16115	1
2024.08.07	13:00:00	357151.59	358981.29	356383.58	358168.09	8990	12187	1
2024.08.07	14:00:00	358145.50	359365.30	353763.27	354824.95	11065	15652	1
2024.08.07	15:00:00	354847.54	355570.38	349787.64	350600.84	11718	16169	1
2024.08.07	16:00:00	350555.66	352814.54	349606.93	349990.94	9707	12949	1
2024.08.07	17:00:00	349945.77	354011.75	349561.76	352995.25	7300	9482	1
2024.08.07	18:00:00	352995.25	353672.92	350984.85	351707.69	1028	1252	1
2024.08.08	09:00:00	366277.47	374974.16	365983.82	372150.56	13808	17112	1
2024.08.08	10:00:00	372127.97	372602.34	363205.39	366006.41	15645	19340	1
2024.08.08	11:00:00	365916.05	376758.68	365238.39	376103.60	16047	21317	1
2024.08.08	12:00:00	376013.25	379762.99	374793.45	378994.97	13440	18362	1
2024.08.08	13:00:00	379107.91	381615.27	377639.64	378791.67	11698	15590	1
2024.08.08	14:00:00	378927.20	380689.13	376984.57	378226.95	10242	14289	1
2024.08.08	15:00:00	378249.54	378814.26	376013.25	376126.19	7550	11034	1
2024.08.08	16:00:00	376126.19	379627.46	375787.36	377120.10	9199	12886	1
2024.08.08	17:00:00	377142.69	378204.36	375493.70	375990.66	4681	6370	1
2024.08.08	18:00:00	375990.66	377391.16	375064.52	375742.18	1091	1327	1
2024.08.09	09:00:00	381073.14	383015.78	377707.41	379469.33	12082	14473	1
2024.08.09	10:00:00	379401.57	380531.01	375087.11	378949.79	17430	22427	1
2024.08.09	11:00:00	379040.15	383196.49	372082.79	376984.57	19976	26555	1
2024.08.09	12:00:00	377007.15	378791.67	374522.39	374657.92	10496	13791	1
2024.08.09	13:00:00	374703.10	378633.55	374319.09	378452.84	10186	13566	1
2024.08.09	14:00:00	378475.43	380011.47	376623.14	377120.10	9213	12804	1
2024.08.09	15:00:00	377120.10	378339.89	375154.87	377639.64	8941	12210	1
2024.08.09	16:00:00	377730.00	381027.96	376781.27	380463.24	7369	9910	1
2024.08.09	17:00:00	380508.42	382112.22	378949.79	380485.83	5514	7629	1
2024.08.09	18:00:00	380621.36	380689.13	375200.05	377639.64	1942	2584	1
2024.08.12	09:00:00	374206.14	374816.04	370953.35	372376.45	10708	13135	1
2024.08.12	10:00:00	372399.04	372715.28	362392.20	363476.46	16673	21271	1
2024.08.12	11:00:00	363386.10	378136.59	361059.46	375809.95	19084	25829	1
2024.08.12	12:00:00	375809.95	377594.46	370795.23	376690.91	13045	18024	1
2024.08.12	13:00:00	376690.91	377797.76	371789.14	372218.33	10351	15520	1
2024.08.12	14:00:00	372150.56	374770.86	370908.18	371021.12	10595	14591	1
2024.08.12	15:00:00	371066.30	372195.74	364922.14	365464.27	12295	16611	1
2024.08.12	16:00:00	365486.86	370727.47	365464.27	368604.12	12135	17323	1
2024.08.12	17:00:00	368671.89	370591.93	366164.53	367135.85	7180	9684	1
2024.08.12	18:00:00	367361.73	368152.34	365419.10	365757.93	1578	2083	1
2024.08.13	09:00:00	366797.01	368920.36	365012.50	368378.23	9673	12112	1
2024.08.13	10:00:00	368333.05	370750.06	366593.72	370298.28	12642	16819	1
2024.08.13	11:00:00	370230.51	372195.74	367768.33	371563.25	14043	18624	1
2024.08.13	12:00:00	371608.43	372195.74	369846.50	370546.76	8266	11437	1
2024.08.13	13:00:00	370501.58	380327.71	370230.51	380011.47	14449	19639	1
2024.08.13	14:00:00	380011.47	382428.47	378046.24	379695.22	14293	19815	1
2024.08.13	15:00:00	379717.81	379966.29	376668.32	377007.15	9650	13535	1
2024.08.13	16:00:00	376916.80	377842.94	373121.88	376397.26	12771	17750	1
2024.08.13	17:00:00	376374.67	377549.29	374906.40	375335.58	4765	6350	1
2024.08.13	18:00:00	375335.58	377797.76	374816.04	377323.40	1040	1292	1
2024.08.14	09:00:00	378430.25	381795.98	375358.17	377345.99	15223	18011	1
2024.08.14	10:00:00	377345.99	378430.25	368039.40	368604.12	18845	24797	1
2024.08.14	11:00:00	368671.89	368671.89	363340.93	367226.20	17122	22949	1
2024.08.14	12:00:00	367248.79	370117.57	363883.06	368129.75	14507	20617	1
2024.08.14	13:00:00	368174.93	368513.76	364312.25	367293.97	10405	14619	1
2024.08.14	14:00:00	367203.61	368942.95	366819.60	367384.32	6675	8995	1
2024.08.14	15:00:00	367293.97	369304.37	365464.27	365961.23	7267	9767	1
2024.08.14	16:00:00	365961.23	367158.44	364402.60	365396.51	7402	10146	1
2024.08.14	17:00:00	365373.92	367203.61	365373.92	366819.60	3439	4894	1
2024.08.14	18:00:00	366842.19	367203.61	364696.26	364786.61	1060	1488	1
2024.08.15	09:00:00	364176.71	369259.19	362437.37	364651.08	14733	17817	1
2024.08.15	10:00:00	364741.43	369349.55	363431.28	368084.58	17502	22795	1
2024.08.15	11:00:00	368061.99	371134.06	366977.72	369214.02	13200	17377	1
2024.08.15	12:00:00	369236.61	370659.70	367745.74	370004.62	9647	12965	1
2024.08.15	13:00:00	369959.45	371382.54	368694.47	369439.90	8675	11527	1
2024.08.15	14:00:00	369439.90	369688.38	365509.45	366345.24	11067	14771	1
2024.08.15	15:00:00	366322.65	366322.65	358506.92	359952.61	18427	25555	1
2024.08.15	16:00:00	359884.84	360539.92	352543.48	354712.00	18436	25727	1
2024.08.15	17:00:00	354689.41	355434.85	348997.04	352430.53	6159	7853	1
2024.08.15	18:00:00	352453.12	354305.41	351798.05	353989.16	1746	2256	1
2024.08.16	09:00:00	363227.98	364063.77	356135.10	357558.19	12982	16024	1
2024.08.16	10:00:00	357580.78	364357.42	356970.88	361285.35	18861	24923	1
2024.08.16	11:00:00	361240.17	362776.21	359207.18	360833.57	13331	18459	1
2024.08.16	12:00:00	360720.63	361895.24	358281.03	360878.75	8345	11145	1
2024.08.16	13:00:00	360856.16	364425.19	360336.62	363566.82	9596	13068	1
2024.08.16	14:00:00	363521.64	368558.94	362324.43	367858.69	10243	13589	1
2024.08.16	15:00:00	367881.28	370207.92	367248.79	369281.78	10424	14618	1
2024.08.16	16:00:00	369349.55	371585.84	369101.07	370456.40	8679	12149	1
2024.08.16	17:00:00	370388.63	370682.29	367519.86	368897.77	5392	7699	1
2024.08.16	18:00:00	368717.06	369710.97	366503.36	367293.97	1210	1678	1
2024.08.19	09:00:00	363905.65	363905.65	360562.50	361375.70	6634	8486	1
2024.08.19	10:00:00	361398.29	364063.77	357671.14	358190.68	15314	20190	1
2024.08.19	11:00:00	358235.86	360449.56	357354.89	359636.36	12741	17310	1
2024.08.19	12:00:00	359636.36	360878.75	358777.99	358800.58	8046	11457	1
2024.08.19	13:00:00	358845.75	360088.14	358213.27	359749.31	7573	11249	1
2024.08.19	14:00:00	359726.72	362956.92	358145.50	360585.09	10887	15526	1
2024.08.19	15:00:00	360585.09	362663.26	358823.17	361601.59	9187	13676	1
2024.08.19	16:00:00	361579.00	362889.15	360878.75	361872.65	8219	11633	1
2024.08.19	17:00:00	361850.07	364199.30	361330.52	362663.26	4433	5952	1
2024.08.19	18:00:00	362618.09	363024.68	361579.00	362279.25	1002	1339	1
2024.08.20	09:00:00	372331.27	376013.25	372331.27	374635.33	7552	9376	1
2024.08.20	10:00:00	374567.56	376306.90	372511.98	375380.76	15259	19286	1
2024.08.20	11:00:00	375380.76	375606.65	367677.98	367858.69	17080	22540	1
2024.08.20	12:00:00	367903.87	368016.81	363589.40	364741.43	12843	16998	1
2024.08.20	13:00:00	364741.43	366028.99	363205.39	364944.73	7191	9740	1
2024.08.20	14:00:00	364876.97	367181.02	364176.71	366887.37	5742	8065	1
2024.08.20	15:00:00	366955.14	369869.09	366616.30	367677.98	8047	11368	1
2024.08.20	16:00:00	367655.39	370117.57	366751.84	369914.27	7334	10270	1
2024.08.20	17:00:00	369846.50	370614.52	367632.80	368084.58	6524	10492	1
2024.08.20	18:00:00	367994.22	368423.41	365690.16	366390.42	1563	1947	1
2024.08.21	09:00:00	368287.88	370253.10	367293.97	369033.31	8983	10599	1
2024.08.21	10:00:00	369055.89	372511.98	364402.60	371292.19	18107	23455	1
2024.08.21	11:00:00	371405.13	374002.84	367068.08	368491.17	18257	25216	1
2024.08.21	12:00:00	368423.41	370614.52	367361.73	368965.54	6958	9249	1
2024.08.21	13:00:00	369033.31	372941.17	367881.28	372670.10	7282	9893	1
2024.08.21	14:00:00	372602.34	374386.85	371811.73	373528.48	6774	9556	1
2024.08.21	15:00:00	373505.89	377797.76	372783.05	377165.28	11901	15923	1
2024.08.21	16:00:00	377074.92	382699.53	375922.89	382451.06	14693	20571	1
2024.08.21	17:00:00	382496.23	384009.68	378678.73	380869.84	8172	10974	1
2024.08.21	18:00:00	380915.02	381728.21	378723.90	381050.55	1655	2144	1
2024.08.22	09:00:00	380892.43	384325.93	380124.41	382247.76	13157	16826	1
2024.08.22	10:00:00	382315.52	383196.49	378701.31	381976.69	16429	21240	1
2024.08.22	11:00:00	381908.92	382202.58	379559.69	380463.24	10421	14206	1
2024.08.22	12:00:00	380463.24	382857.65	378610.96	380756.90	10059	13619	1
2024.08.22	13:00:00	380666.54	382225.17	380237.35	380372.89	7271	9935	1
2024.08.22	14:00:00	380440.65	381479.74	378927.20	379988.88	7140	9541	1
2024.08.22	15:00:00	379853.34	383399.79	379808.17	381976.69	8095	11197	1
2024.08.22	16:00:00	381954.10	382496.23	380395.47	381615.27	6505	8763	1
2024.08.22	17:00:00	381615.27	383716.03	380937.61	383467.55	3739	5463	1
2024.08.22	18:00:00	383467.55	384506.64	382405.88	384280.75	1015	1310	1
2024.08.23	09:00:00	383874.15	385771.61	383106.13	385252.07	7900	9320	1
2024.08.23	10:00:00	385252.07	385523.13	382722.12	384393.69	8661	10613	1
2024.08.23	11:00:00	384393.69	390221.61	378836.85	379808.17	22783	29449	1
2024.08.23	12:00:00	379627.46	385003.59	379175.68	383964.51	10314	13726	1
2024.08.23	13:00:00	383964.51	384348.52	381999.28	383987.09	8436	11402	1
2024.08.23	14:00:00	384009.68	392277.19	383399.79	392028.71	9921	12528	1
2024.08.23	15:00:00	392028.71	394106.88	389927.95	392164.24	12834	16650	1
2024.08.23	16:00:00	392254.60	395868.81	391147.75	394965.25	11523	14903	1
2024.08.23	17:00:00	394965.25	396410.94	394603.83	395778.45	4476	5827	1
2024.08.23	18:00:00	395620.33	403390.88	395394.44	398850.53	1530	1859	1
2024.08.26	09:00:00	396004.34	398669.82	393180.74	395010.43	9006	11742	1
2024.08.26	10:00:00	394897.49	397675.91	393542.16	395597.74	14525	19924	1
2024.08.26	11:00:00	395620.33	396794.95	392051.30	394671.60	14582	21585	1
2024.08.26	12:00:00	394671.60	396094.69	392819.32	395394.44	7725	11939	1
2024.08.26	13:00:00	395349.26	396704.59	394377.95	395959.16	7123	10933	1
2024.08.26	14:00:00	395913.98	396252.82	392299.78	393180.74	10555	18147	1
2024.08.26	15:00:00	393180.74	395597.74	391441.40	394965.25	9154	14467	1
2024.08.26	16:00:00	394942.67	395417.03	392661.20	393451.80	7157	11239	1
2024.08.26	17:00:00	393451.80	395507.39	393000.03	394219.82	4506	6664	1
2024.08.26	18:00:00	394174.65	394377.95	390583.03	391305.87	1158	1439	1
2024.08.27	09:00:00	387081.76	388821.10	385839.38	387375.42	9160	12379	1
2024.08.27	10:00:00	387443.18	388437.09	385545.72	386629.99	10842	15662	1
2024.08.27	11:00:00	386629.99	386968.82	383625.67	384280.75	11213	16827	1
2024.08.27	12:00:00	384235.57	384755.11	382473.64	383919.33	7222	10978	1
2024.08.27	13:00:00	383941.92	386065.26	382541.41	382835.07	8093	11980	1
2024.08.27	14:00:00	382880.24	385613.49	382564.00	384981.00	6792	10361	1
2024.08.27	15:00:00	384958.41	386562.22	384596.99	386065.26	6843	10436	1
2024.08.27	16:00:00	386110.44	387013.99	384777.70	386449.27	8187	13740	1
2024.08.27	17:00:00	386426.69	386539.63	384755.11	385161.71	3630	5433	1
2024.08.27	18:00:00	385139.12	385726.43	381027.96	381773.39	1650	2159	1
2024.08.28	09:00:00	374296.50	376623.14	368061.99	375380.76	7680	10227	1
2024.08.28	10:00:00	375312.99	375471.12	370727.47	370930.77	11750	16826	1
2024.08.28	11:00:00	370908.18	374680.51	368107.17	369688.38	13873	20940	1
2024.08.28	12:00:00	369552.85	369575.44	365690.16	369078.48	11357	17862	1
2024.08.28	13:00:00	369033.31	370704.88	362911.74	370569.34	14132	22523	1
2024.08.28	14:00:00	370591.93	371269.60	367090.67	367181.02	10905	17173	1
2024.08.28	15:00:00	367293.97	373144.47	366797.01	372895.99	9418	15329	1
2024.08.28	16:00:00	372873.40	374883.81	368897.77	369756.15	10245	15736	1
2024.08.28	17:00:00	369756.15	374002.84	368197.52	372963.76	7602	10354	1
2024.08.28	18:00:00	372895.99	373686.60	371337.36	372489.39	905	1180	1
2024.08.29	09:00:00	377571.87	381863.75	375403.35	381795.98	10900	14613	1
2024.08.29	10:00:00	381750.80	386652.57	381660.45	386178.21	12871	19102	1
2024.08.29	11:00:00	386268.56	388527.44	385432.78	387307.65	10265	15281	1
2024.08.29	12:00:00	387239.88	389950.54	386788.11	386991.41	10611	16614	1
2024.08.29	13:00:00	387036.58	388527.44	383444.96	383693.44	9687	15049	1
2024.08.29	14:00:00	383716.03	384890.65	382744.71	384484.05	8774	13377	1
2024.08.29	15:00:00	384506.64	384709.94	374206.14	375809.95	17744	27755	1
2024.08.29	16:00:00	375809.95	379401.57	374319.09	376261.72	12271	18740	1
2024.08.29	17:00:00	376284.31	378565.78	376216.55	378385.07	4745	7158	1
2024.08.29	18:00:00	378339.89	379830.75	377730.00	378091.42	1020	1412	1
2024.08.30	09:00:00	375842.88	382723.40	373212.09	381689.08	3928	5328	1
2024.08.30	10:00:00	381801.50	384027.55	378248.81	383285.54	10309	15242	1
2024.08.30	11:00:00	383352.99	383757.73	374313.88	375483.11	12238	18499	1
2024.08.30	12:00:00	375483.11	376629.87	368962.36	369884.26	10135	16287	1
2024.08.30	13:00:00	369951.71	375123.35	368017.97	374943.47	6180	9050	1
2024.08.30	14:00:00	374898.50	376697.32	373302.03	375573.06	5335	8426	1
2024.08.30	15:00:00	375618.03	380227.53	375370.69	380205.04	6166	9386	1
2024.08.30	16:00:00	380160.07	380160.07	374336.36	374403.82	6859	10654	1
2024.08.30	17:00:00	374358.85	375595.54	371975.40	374943.47	3266	6470	1
2024.08.30	18:00:00	374898.50	376112.70	373481.92	374741.10	677	1044	1
2024.09.02	09:00:00	372200.25	374448.79	370558.82	371525.69	8486	11654	1
2024.09.02	10:00:00	371525.69	373302.03	370783.67	371548.18	10084	14027	1
2024.09.02	11:00:00	371458.23	376494.96	371188.41	374313.88	12720	18138	1
2024.09.02	12:00:00	374291.39	375033.41	372447.59	372470.08	8697	12894	1
2024.09.02	13:00:00	372425.10	373526.89	370693.73	371390.78	7552	11022	1
2024.09.02	14:00:00	371368.29	372447.59	370963.56	372065.34	4736	7207	1
2024.09.02	15:00:00	372065.34	373212.09	371368.29	372649.96	5329	7950	1
2024.09.02	16:00:00	372627.47	372649.96	371345.81	371773.03	2758	4242	1
2024.09.02	17:00:00	371840.49	376719.81	371345.81	375370.69	3691	5147	1
2024.09.02	18:00:00	375348.20	377259.46	375168.32	376989.63	1521	2043	1
2024.09.03	09:00:00	376629.87	377416.86	374021.57	374246.42	6762	9811	1
2024.09.03	10:00:00	374313.88	376022.76	370244.02	372020.37	14167	20111	1
2024.09.03	11:00:00	371840.49	371840.49	367073.59	367253.47	14841	22947	1
2024.09.03	12:00:00	367320.93	370086.63	367006.13	368647.56	9333	14223	1
2024.09.03	13:00:00	368625.08	369502.01	367230.99	367860.58	7322	11617	1
2024.09.03	14:00:00	367793.12	370446.39	367523.30	368107.91	7656	11896	1
2024.09.03	15:00:00	368130.40	370513.85	367455.84	369659.41	7618	11376	1
2024.09.03	16:00:00	369636.92	372087.82	369052.30	370536.33	10913	16676	1
2024.09.03	17:00:00	370423.91	372042.85	370423.91	371750.54	4131	6010	1
2024.09.03	18:00:00	371907.94	371952.91	370221.54	371278.35	970	1486	1
2024.09.04	09:00:00	361856.98	362891.31	359788.33	360935.08	7194	9378	1
2024.09.04	10:00:00	360980.05	361924.44	358754.00	359945.73	11507	16989	1
2024.09.04	11:00:00	359990.70	366241.63	357944.53	365881.86	16387	24697	1
2024.09.04	12:00:00	365949.32	371480.72	365387.19	371300.84	12881	20060	1
2024.09.04	13:00:00	371233.38	373931.62	371143.44	372897.30	11132	17206	1
2024.09.04	14:00:00	372897.30	373549.37	368984.84	369232.18	9698	15693	1
2024.09.04	15:00:00	369367.10	369996.69	367545.78	367770.63	9326	15160	1
2024.09.04	16:00:00	367838.09	371368.29	367680.69	370491.36	8535	13076	1
2024.09.04	17:00:00	370536.33	371862.97	368894.90	370738.70	5545	8063	1
2024.09.04	18:00:00	370671.25	371458.23	370109.11	370806.16	1107	1550	1
2024.09.05	09:00:00	361856.98	366511.45	353694.80	359451.05	8289	11322	1
2024.09.05	10:00:00	359585.96	362149.29	358236.84	361070.00	11142	16373	1
2024.09.05	11:00:00	361114.97	363745.75	358214.35	358664.06	16443	25130	1
2024.09.05	12:00:00	358731.52	359428.56	353649.82	353739.77	15500	24518	1
2024.09.05	13:00:00	353852.19	355875.88	353312.54	355538.60	10129	15645	1
2024.09.05	14:00:00	355583.57	357629.73	354841.55	357472.34	8011	12134	1
2024.09.05	15:00:00	357494.82	358034.47	356752.81	357090.09	6110	9491	1
2024.09.05	16:00:00	357067.60	357067.60	351738.57	353245.09	12658	19946	1
2024.09.05	17:00:00	353290.06	354684.15	352795.38	353514.91	5026	7477	1
2024.09.05	18:00:00	353514.91	354324.39	351626.14	353042.72	924	1300	1
2024.09.06	09:00:00	352930.29	357584.76	350321.99	357000.14	12288	18073	1
2024.09.06	10:00:00	356932.69	357787.13	350861.64	351491.23	15842	22557	1
2024.09.06	11:00:00	351468.74	352030.88	343081.70	345420.18	20736	31265	1
2024.09.06	12:00:00	345150.36	346184.68	339888.78	340653.28	12620	19412	1
2024.09.06	13:00:00	340608.31	342744.42	339124.28	341305.36	11316	18062	1
2024.09.06	14:00:00	341282.87	343396.50	338764.51	339843.81	11417	18767	1
2024.09.06	15:00:00	339933.75	340428.43	336605.92	336673.37	11673	19059	1
2024.09.06	16:00:00	336583.43	340923.11	336178.70	337685.22	12482	20187	1
2024.09.06	17:00:00	337707.70	339821.33	332783.41	334155.01	8481	13397	1
2024.09.06	18:00:00	334312.41	337100.60	332266.24	336403.55	2226	3243	1
2024.09.09	09:00:00	346252.14	352975.26	345352.73	352390.64	7495	12002	1
2024.09.09	10:00:00	352390.64	354369.36	350704.24	353649.82	14353	22984	1
2024.09.09	11:00:00	353582.37	353987.11	346904.22	346904.22	14480	23646	1
2024.09.09	12:00:00	346904.22	351626.14	346859.24	351041.52	11945	19868	1
2024.09.09	13:00:00	351064.01	357742.16	350636.79	357112.57	14665	24410	1
2024.09.09	14:00:00	357157.54	358686.55	355920.85	357157.54	12691	21960	1
2024.09.09	15:00:00	357067.60	357877.07	355493.62	356752.81	10787	19337	1
2024.09.09	16:00:00	356707.83	361047.51	356280.61	360260.52	12977	22353	1
2024.09.09	17:00:00	360260.52	360507.86	358664.06	360193.07	5770	8865	1
2024.09.09	18:00:00	360035.67	366444.00	359743.36	364262.92	2123	2809	1
2024.09.10	09:00:00	361924.44	363745.75	360193.07	362194.26	9430	12278	1
2024.09.10	10:00:00	362239.23	362419.12	358304.30	360125.61	15707	21838	1
2024.09.10	11:00:00	360170.58	362846.34	358843.94	362149.29	13557	19368	1
2024.09.10	12:00:00	362104.32	364735.11	360530.35	361114.97	11426	16471	1
2024.09.10	13:00:00	361137.45	363296.05	360350.46	362486.57	9244	14608	1
2024.09.10	14:00:00	362509.06	366399.03	362374.15	365499.61	10617	15549	1
2024.09.10	15:00:00	365544.58	370648.76	365544.58	368085.43	12501	18482	1
2024.09.10	16:00:00	368085.43	371053.50	366309.09	370154.08	10413	15225	1
2024.09.10	17:00:00	370131.60	370603.79	368197.86	368377.74	6002	8901	1
2024.09.10	18:00:00	368220.34	369434.55	367433.35	368939.87	1450	1803	1
2024.09.11	09:00:00	362014.38	362059.35	358843.94	360350.46	9248	11907	1
2024.09.11	10:00:00	360417.92	362599.00	354661.67	354953.98	15773	21363	1
2024.09.11	11:00:00	354998.95	357607.25	354032.08	357359.91	12076	17224	1
2024.09.11	12:00:00	357359.91	363543.39	356415.52	361407.28	11755	17462	1
2024.09.11	13:00:00	361339.82	366578.91	361002.54	365387.19	12324	18350	1
2024.09.11	14:00:00	365409.67	369614.43	364825.05	368220.34	11039	16006	1
2024.09.11	15:00:00	368197.86	370131.60	366151.69	366983.65	11173	16600	1
2024.09.11	16:00:00	366961.16	369074.79	365881.86	367590.75	10650	16599	1
2024.09.11	17:00:00	367635.72	368332.77	366961.16	367973.00	5058	7955	1
2024.09.11	18:00:00	367905.55	368827.45	366623.88	366623.88	1526	2073	1
2024.09.12	09:00:00	370941.07	371615.63	367118.56	367703.18	9333	11898	1
2024.09.12	10:00:00	367680.69	369771.83	366241.63	368040.46	13071	18103	1
2024.09.12	11:00:00	368107.91	375055.89	367478.32	368355.25	18257	25286	1
2024.09.12	12:00:00	368310.28	369726.86	366354.06	366758.79	10140	13795	1
2024.09.12	13:00:00	366758.79	370244.02	366601.40	369636.92	7720	10651	1
2024.09.12	14:00:00	369636.92	372020.37	369389.58	371840.49	8301	12001	1
2024.09.12	15:00:00	371795.51	371975.40	368535.14	369524.49	9948	14636	1
2024.09.12	16:00:00	369479.52	371255.87	369029.81	370603.79	8849	12739	1
2024.09.12	17:00:00	370603.79	370806.16	369344.61	370064.14	3593	4837	1
2024.09.12	18:00:00	370154.08	370558.82	367365.90	367883.06	972	1277	1
2024.09.13	09:00:00	366533.94	367883.06	364307.89	366174.17	7924	10253	1
2024.09.13	10:00:00	366174.17	366758.79	363880.67	365364.70	10603	14475	1
2024.09.13	11:00:00	365409.67	367568.27	363363.50	366331.57	10678	14803	1
2024.09.13	12:00:00	366466.48	374673.64	366174.17	374358.85	10636	16089	1
2024.09.13	13:00:00	374403.82	375505.60	372177.77	372807.36	8943	12912	1
2024.09.13	14:00:00	372874.81	376270.10	372649.96	373976.60	7365	11080	1
2024.09.13	15:00:00	374021.57	376899.69	373436.95	375775.42	7487	11243	1
2024.09.13	16:00:00	375820.40	377304.43	374943.47	375640.51	6155	9234	1
2024.09.13	17:00:00	375618.03	377326.91	375033.41	376292.59	3503	5147	1
2024.09.13	18:00:00	376315.07	379463.02	375797.91	377686.68	1485	1906	1
2024.09.16	09:00:00	368265.31	369097.27	366511.45	367230.99	6413	8636	1
2024.09.16	10:00:00	367186.01	367613.24	360327.98	363543.39	11751	17023	1
2024.09.16	11:00:00	363498.41	364083.03	357427.37	357674.71	11174	16068	1
2024.09.16	12:00:00	357584.76	360710.23	357180.03	359675.90	7331	10584	1
2024.09.16	13:00:00	359608.45	360372.95	358686.55	359608.45	5587	8399	1
2024.09.16	14:00:00	359630.93	361744.56	357382.40	361114.97	9180	13139	1
2024.09.16	15:00:00	361137.45	361272.36	358664.06	359653.42	6648	9734	1
2024.09.16	16:00:00	359720.87	360552.83	359091.28	359900.76	5515	8404	1
2024.09.16	17:00:00	359923.24	361317.33	358079.44	358439.21	4446	6283	1
2024.09.16	18:00:00	358326.78	359720.87	357584.76	358529.15	1560	2032	1
2024.09.17	09:00:00	366871.22	369524.49	365881.86	368759.99	7336	9575	1
2024.09.17	10:00:00	368804.96	369299.64	364690.14	365522.10	10619	14470	1
2024.09.17	11:00:00	365477.13	375505.60	365229.79	374448.79	18492	27642	1
2024.09.17	12:00:00	374471.27	381014.51	374178.96	379552.97	13394	20267	1
2024.09.17	13:00:00	379575.45	380294.98	376090.22	377731.65	9266	13829	1
2024.09.17	14:00:00	377731.65	378765.98	376652.35	377461.83	5820	8803	1
2024.09.17	15:00:00	377394.37	378945.86	373526.89	374268.90	7160	10482	1
2024.09.17	16:00:00	374223.93	375505.60	368737.51	370918.59	9782	14794	1
2024.09.17	17:00:00	371008.53	373032.21	369681.89	371390.78	6462	9343	1
2024.09.17	18:00:00	371503.21	372717.41	371278.35	372222.74	819	1041	1
2024.09.18	09:00:00	369906.74	371188.41	368580.11	370603.79	6063	7904	1
2024.09.18	10:00:00	370536.33	371997.88	365364.70	366309.09	12824	18550	1
2024.09.18	11:00:00	366264.11	368535.14	365162.33	366331.57	10931	15721	1
2024.09.18	12:00:00	366331.57	368287.80	366219.14	366961.16	6280	9381	1
2024.09.18	13:00:00	366893.71	370603.79	365229.79	370176.57	8036	12270	1
2024.09.18	14:00:00	370244.02	371997.88	367163.53	370199.05	9717	14753	1
2024.09.18	15:00:00	370446.39	374786.07	367478.32	371660.60	16818	24838	1
2024.09.18	16:00:00	371570.66	372784.87	368467.68	369277.15	8085	12301	1
2024.09.18	17:00:00	369187.21	370896.10	365724.47	369254.67	5575	8075	1
2024.09.18	18:00:00	369254.67	372020.37	368782.48	370761.19	1580	1873	1
2024.09.19	09:00:00	382723.40	386141.18	381396.77	385826.38	9462	12271	1
2024.09.19	10:00:00	385803.90	387242.96	383218.08	385421.65	12148	16762	1
2024.09.19	11:00:00	385399.16	388592.08	384567.20	384702.11	11954	17234	1
2024.09.19	12:00:00	384792.06	386883.19	383892.64	384904.48	7376	11738	1
2024.09.19	13:00:00	384949.45	389086.76	383825.19	388254.80	8000	12152	1
2024.09.19	14:00:00	388232.32	390773.16	386276.09	389716.35	10197	15549	1
2024.09.19	15:00:00	389716.35	390593.28	388299.77	389424.04	7468	11373	1
2024.09.19	16:00:00	389356.59	389424.04	386500.94	386725.80	7124	11265	1
2024.09.19	17:00:00	386635.86	387130.53	385421.65	385511.59	3067	4384	1
2024.09.19	18:00:00	385668.99	386276.09	384454.78	384589.69	1066	1439	1
2024.09.20	09:00:00	388434.69	389558.95	387063.08	389266.64	7208	9285	1
2024.09.20	10:00:00	389289.13	389603.92	385691.47	388142.38	13050	17537	1
2024.09.20	11:00:00	388187.35	392594.48	385961.29	390458.37	15547	22978	1
2024.09.20	12:00:00	390323.46	391672.58	388232.32	390728.19	8896	13577	1
2024.09.20	13:00:00	390773.16	392369.62	389738.84	390323.46	6298	9120	1
2024.09.20	14:00:00	390345.94	391605.12	388187.35	389334.10	5971	8966	1
2024.09.20	15:00:00	389289.13	391447.72	387175.50	390728.19	7206	10599	1
2024.09.20	16:00:00	390750.68	392099.80	390323.46	390413.40	5240	7323	1
2024.09.20	17:00:00	390480.85	391245.36	389536.47	389918.72	2803	4007	1
2024.09.20	18:00:00	389896.23	393493.89	389693.87	392661.93	1689	1999	1
2024.09.23	09:00:00	395090.35	399722.34	395090.35	396304.56	6805	9535	1
2024.09.23	10:00:00	396282.08	396731.78	393876.14	395000.41	10499	14779	1
2024.09.23	11:00:00	394977.93	398238.30	393538.86	394775.56	10654	15539	1
2024.09.23	12:00:00	394753.07	397473.80	393089.16	396506.93	7872	11685	1
2024.09.23	13:00:00	396461.96	397945.99	394235.91	394460.76	7626	11385	1
2024.09.23	14:00:00	394438.28	394528.22	393044.18	394190.94	5825	8461	1
2024.09.23	15:00:00	394213.42	396079.71	393921.11	395112.84	6151	8804	1
2024.09.23	16:00:00	395000.41	395292.72	393786.20	394213.42	5903	8443	1
2024.09.23	17:00:00	394235.91	395472.60	393876.14	394618.16	3285	4926	1
2024.09.23	18:00:00	394595.68	395809.88	393269.04	394865.50	1044	1264	1
2024.09.24	09:00:00	394056.03	395135.32	390503.34	391245.36	6277	8183	1
2024.09.24	10:00:00	391245.36	391987.37	389086.76	390525.82	8863	12138	1
2024.09.24	11:00:00	390458.37	390548.31	384994.42	388592.08	15382	21494	1
2024.09.24	12:00:00	388502.14	389469.01	386995.62	388322.26	7845	12001	1
2024.09.24	13:00:00	388389.71	389154.22	387310.42	388164.86	6264	9892	1
2024.09.24	14:00:00	388142.38	393471.41	387984.98	391874.95	9571	14341	1
2024.09.24	15:00:00	391874.95	392684.42	390166.06	391087.96	8293	12575	1
2024.09.24	16:00:00	391087.96	395787.40	390683.22	395135.32	6315	8873	1
2024.09.24	17:00:00	395180.29	397451.32	393673.78	394258.39	6406	9371	1
2024.09.24	18:00:00	394325.85	395135.32	392999.21	393358.98	1167	1537	1
2024.09.25	09:00:00	392257.20	392976.73	390435.88	391267.84	5953	7495	1
2024.09.25	10:00:00	391245.36	392459.57	389379.07	392077.31	9995	13376	1
2024.09.25	11:00:00	392144.77	394932.96	391650.09	394843.01	9262	12958	1
2024.09.25	12:00:00	394865.50	395225.27	391065.47	391425.24	8634	12694	1
2024.09.25	13:00:00	391425.24	392414.59	390615.77	391042.99	5247	7654	1
2024.09.25	14:00:00	390998.02	391582.64	388029.95	388726.99	7915	11584	1
2024.09.25	15:00:00	388659.54	390593.28	388164.86	390390.91	4611	6710	1
2024.09.25	16:00:00	390323.46	391020.50	388457.17	388839.42	6002	8981	1
2024.09.25	17:00:00	388929.36	390638.25	388839.42	390300.97	3206	4913	1
2024.09.25	18:00:00	390323.46	390638.25	389828.78	390413.40	962	1282	1
2024.09.26	09:00:00	395292.72	395292.72	391560.15	394370.82	7226	8624	1
2024.09.26	10:00:00	394348.34	395090.35	391785.00	394730.59	8431	11541	1
2024.09.26	11:00:00	394730.59	398822.92	393583.83	394145.97	15571	22992	1
2024.09.26	12:00:00	394145.97	400419.38	393696.26	398732.98	10947	15818	1
2024.09.26	13:00:00	398665.53	400936.55	397878.54	399834.77	8084	11529	1
2024.09.26	14:00:00	399834.77	402825.32	398463.16	398575.58	9900	14240	1
2024.09.26	15:00:00	398530.61	399722.34	397428.83	399587.43	8182	12351	1
2024.09.26	16:00:00	399609.91	399834.77	395944.80	396372.02	5824	8679	1
2024.09.26	17:00:00	396372.02	397271.43	395517.58	395652.49	3537	5065	1
2024.09.26	18:00:00	395719.94	398755.47	395382.66	396529.42	1029	1342	1
2024.09.27	09:00:00	398556.62	404081.30	398445.23	403056.56	4434	5943	1
2024.09.27	10:00:00	403123.39	403680.31	400004.62	402276.87	6560	9324	1
2024.09.27	11:00:00	402410.53	407266.90	401675.39	405685.24	9662	13875	1
2024.09.27	12:00:00	405662.96	406709.98	403457.54	403658.04	4623	7234	1
2024.09.27	13:00:00	403658.04	406353.55	403190.22	405484.75	5013	7730	1
2024.09.27	14:00:00	405417.91	405908.01	402365.97	403457.54	4597	6347	1
2024.09.27	15:00:00	403479.82	403568.93	401073.91	403234.77	3120	4496	1
2024.09.27	16:00:00	403257.05	404059.02	401653.11	401786.77	3316	4639	1
2024.09.27	17:00:00	401831.33	402700.13	397643.26	397643.26	1498	1643	1
2024.09.30	09:00:00	389289.41	390759.69	387262.21	389957.72	6588	8950	1
2024.09.30	10:00:00	389957.72	393722.52	389913.17	391984.92	7860	10001	1
2024.09.30	11:00:00	392051.75	392630.95	389289.41	389779.51	6979	9848	1
2024.09.30	12:00:00	389846.34	391272.06	388621.11	389044.37	4617	6687	1
2024.09.30	13:00:00	389044.37	390135.94	387975.08	388041.91	3910	5427	1
2024.09.30	14:00:00	388108.74	389801.78	387663.20	389645.85	5459	8155	1
2024.09.30	15:00:00	389690.40	390024.55	386081.54	387150.83	9009	13320	1
2024.09.30	16:00:00	387128.55	389244.86	386838.95	388041.91	5576	8493	1
2024.09.30	17:00:00	387975.08	390559.20	387507.26	390225.05	2972	4273	1
2024.09.30	18:00:00	390113.66	390536.92	389489.91	390536.92	681	907	1
2024.10.01	09:00:00	391428.00	391428.00	387462.71	388264.68	5787	7208	1
2024.10.01	10:00:00	388264.68	388420.61	383185.53	385190.46	13004	17840	1
2024.10.01	11:00:00	385279.57	387017.17	382695.44	383163.26	14357	20860	1
2024.10.01	12:00:00	383096.43	383697.90	378529.66	382093.96	11316	17074	1
2024.10.01	13:00:00	382093.96	383007.32	378462.82	381737.53	10462	15365	1
2024.10.01	14:00:00	381715.26	381737.53	374519.81	380490.03	12552	19216	1
2024.10.01	15:00:00	380356.36	382027.13	378440.55	379309.35	9618	13843	1
2024.10.01	16:00:00	379175.69	379799.44	376680.67	378195.50	7738	11216	1
2024.10.01	17:00:00	378217.78	378351.44	367591.68	370064.42	12121	18373	1
2024.10.01	18:00:00	370264.91	370977.78	367859.00	368660.97	1163	1498	1
2024.10.02	09:00:00	370977.78	372358.94	368505.04	369151.07	8811	10374	1
2024.10.02	10:00:00	369151.07	374386.15	368549.59	373918.33	14404	19005	1
2024.10.02	11:00:00	373940.61	374898.52	371690.64	372136.18	12625	16624	1
2024.10.02	12:00:00	372225.28	377794.52	371980.24	377326.70	9372	12871	1
2024.10.02	13:00:00	377304.42	380467.75	376836.61	376947.99	8611	12234	1
2024.10.02	14:00:00	376947.99	377393.53	373985.16	376146.02	7527	10696	1
2024.10.02	15:00:00	376101.47	376591.56	370910.94	370955.50	10744	15567	1
2024.10.02	16:00:00	370933.22	372069.34	366210.51	367302.08	14101	20706	1
2024.10.02	17:00:00	367435.74	372069.34	366878.82	371423.31	7889	11269	1
2024.10.02	18:00:00	371623.81	371646.08	369752.54	371022.33	944	1366	1
2024.10.03	09:00:00	370710.45	372269.84	369730.27	370710.45	7768	10219	1
2024.10.03	10:00:00	370777.28	372537.16	366834.27	370888.67	16183	22850	1
2024.10.03	11:00:00	370910.94	374564.36	370175.81	370264.91	13363	19843	1
2024.10.03	12:00:00	370242.64	373272.30	369195.62	373116.36	9320	13348	1
2024.10.03	13:00:00	373116.36	373829.22	368972.85	369373.84	8765	12234	1
2024.10.03	14:00:00	369351.56	373472.79	368193.16	372626.27	10892	15550	1
2024.10.03	15:00:00	372648.55	373539.62	371133.71	372002.51	5434	8130	1
2024.10.03	16:00:00	371980.24	374720.30	371111.44	374542.08	6137	9320	1
2024.10.03	17:00:00	374475.25	375232.67	372292.11	373294.58	4444	6845	1
2024.10.03	18:00:00	373138.64	374608.92	371824.30	374252.48	1116	1615	1
2024.10.04	09:00:00	376569.29	382517.23	376279.69	382339.01	9077	12144	1
2024.10.04	10:00:00	382316.73	382695.44	377170.76	377616.30	13710	18995	1
2024.10.04	11:00:00	377571.75	377839.07	371980.24	374185.65	13831	19764	1
2024.10.04	12:00:00	374118.82	378574.21	374118.82	378507.38	9763	14447	1
2024.10.04	13:00:00	378551.93	381403.38	376636.12	381069.23	8749	12081	1
2024.10.04	14:00:00	381002.40	381782.09	378418.27	379799.44	8739	11916	1
2024.10.04	15:00:00	379866.27	381915.75	379108.86	381737.53	6933	10012	1
2024.10.04	16:00:00	381670.70	382472.67	380757.35	381559.32	6457	9355	1
2024.10.04	17:00:00	381470.21	382316.73	380400.92	381871.20	3191	4969	1
2024.10.04	18:00:00	381982.58	383742.46	381269.72	382071.69	1026	1427	1
2024.10.07	09:00:00	385881.04	386994.89	382183.07	383074.15	6547	8870	1
2024.10.07	10:00:00	383029.60	388398.34	382539.50	387819.14	10564	15151	1
2024.10.07	11:00:00	387685.48	393900.74	387640.92	392675.51	13514	19844	1
2024.10.07	12:00:00	392630.95	393187.88	390536.92	391182.95	8137	12090	1
2024.10.07	13:00:00	391182.95	392430.46	389757.23	391806.71	6338	9271	1
2024.10.07	14:00:00	391828.98	392341.35	389868.61	391739.88	6065	8518	1
2024.10.07	15:00:00	391695.32	391984.92	385279.57	386371.14	10921	15476	1
2024.10.07	16:00:00	386393.41	390113.66	386348.86	389423.08	7904	11411	1
2024.10.07	17:00:00	389423.08	389690.40	387195.38	387618.64	3298	4929	1
2024.10.07	18:00:00	387618.64	389467.63	387484.98	388799.32	1080	1513	1
2024.10.08	09:00:00	385970.15	387239.94	384566.70	384700.37	8885	11675	1
2024.10.08	10:00:00	384700.37	389066.65	383764.73	388999.81	13751	19202	1
2024.10.08	11:00:00	389022.09	390113.66	384611.26	388442.89	17050	24496	1
2024.10.08	12:00:00	388554.28	388932.98	382717.72	385502.34	11587	16820	1
2024.10.08	13:00:00	385546.89	387061.72	383631.07	386794.40	8941	12804	1
2024.10.08	14:00:00	386838.95	386861.23	383898.40	385947.87	8089	11363	1
2024.10.08	15:00:00	385947.87	386660.74	382806.83	384076.61	7797	11301	1
2024.10.08	16:00:00	384032.06	385769.66	382494.95	385056.80	7552	10774	1
2024.10.08	17:00:00	385056.80	386148.37	384299.38	386148.37	3615	5000	1
2024.10.08	18:00:00	386170.64	387262.21	385680.55	386950.34	831	1100	1
2024.10.09	09:00:00	385613.72	385992.43	383631.07	385279.57	8971	12041	1
2024.10.09	10:00:00	385279.57	386660.74	384277.10	384989.97	12029	17659	1
2024.10.09	11:00:00	384967.69	386816.67	383942.95	386036.98	8575	12922	1
2024.10.09	12:00:00	386014.71	389668.12	385279.57	388977.54	7907	11724	1
2024.10.09	13:00:00	389044.37	389155.75	385123.63	386081.54	8595	12297	1
2024.10.09	14:00:00	386126.09	386838.95	385145.90	385769.66	4886	7346	1
2024.10.09	15:00:00	385702.83	386393.41	382049.41	382383.57	9420	13803	1
2024.10.09	16:00:00	382339.01	382494.95	379398.46	380891.01	8108	12050	1
2024.10.09	17:00:00	380935.56	381759.81	376591.56	377549.47	5768	8598	1
2024.10.09	18:00:00	377549.47	379509.84	376903.44	379509.84	1582	2086	1
2024.10.10	09:00:00	381960.30	383051.87	379086.58	380244.98	8684	11470	1
2024.10.10	10:00:00	380200.43	381871.20	378240.06	380824.18	9753	12327	1
2024.10.10	11:00:00	380757.35	381492.49	376903.44	377638.58	8852	11417	1
2024.10.10	12:00:00	377683.13	379331.63	376591.56	379131.13	6371	9074	1
2024.10.10	13:00:00	379086.58	380467.75	376101.47	376301.96	9047	12254	1
2024.10.10	14:00:00	376324.24	377193.04	370955.50	371311.93	12515	16414	1
2024.10.10	15:00:00	371245.10	371245.10	367034.76	370799.56	15398	22273	1
2024.10.10	16:00:00	370732.73	372804.48	369752.54	372581.71	8133	12548	1
2024.10.10	17:00:00	372581.71	374564.36	371356.48	372648.55	7303	10927	1
2024.10.10	18:00:00	372648.55	373227.75	371690.64	372960.42	820	1197	1
2024.10.11	09:00:00	380222.70	383898.40	380089.04	383697.90	6970	9516	1
2024.10.11	10:00:00	383809.29	390514.65	383207.81	389178.03	11462	17082	1
2024.10.11	11:00:00	389111.20	390403.26	388197.84	389333.97	8959	13659	1
2024.10.11	12:00:00	389311.69	393767.08	389289.41	392274.52	10300	16786	1
2024.10.11	13:00:00	392274.52	394234.89	391784.43	392675.51	8571	13881	1
2024.10.11	14:00:00	392630.95	396462.59	391828.98	396128.43	10406	16036	1
2024.10.11	15:00:00	396172.99	396551.69	395170.52	396328.93	5818	10374	1
2024.10.11	16:00:00	396328.93	399135.82	395014.59	396351.20	11374	18841	1
2024.10.11	17:00:00	396284.37	396618.53	394658.16	395794.28	4040	6542	1
2024.10.11	18:00:00	395705.17	397019.51	394903.20	395304.19	1116	1546	1
2024.10.14	09:00:00	406999.58	411009.42	405752.07	408915.39	6375	9257	1
2024.10.14	10:00:00	408893.12	409138.16	405551.58	408425.30	10030	15461	1
2024.10.14	11:00:00	408469.85	415709.86	408046.59	413125.73	14995	22160	1
2024.10.14	12:00:00	413170.29	415108.38	411321.30	411655.46	8413	12819	1
2024.10.14	13:00:00	411655.46	412368.32	409405.49	410185.18	8852	13578	1
2024.10.14	14:00:00	410207.46	411165.36	408670.35	409516.87	7769	11446	1
2024.10.14	15:00:00	409539.15	412279.21	408737.18	410407.95	7441	11325	1
2024.10.14	16:00:00	410452.50	412947.52	410385.67	411700.01	6827	10427	1
2024.10.14	17:00:00	411588.63	413303.95	410831.21	412435.15	3836	6132	1
2024.10.14	18:00:00	412412.87	412969.79	411009.42	411098.53	956	1174	1
2024.10.15	09:00:00	408781.73	414195.03	407846.10	413638.10	8519	11580	1
2024.10.15	10:00:00	413638.10	427628.02	413526.72	426781.49	18842	27034	1
2024.10.15	11:00:00	426781.49	429098.29	411722.29	412501.98	22033	34176	1
2024.10.15	12:00:00	412524.26	417915.27	408714.90	416467.27	13965	21459	1
2024.10.15	13:00:00	416556.38	424932.51	416422.72	423105.80	12935	18416	1
2024.10.15	14:00:00	423172.63	424576.08	420811.28	422303.83	11071	15877	1
2024.10.15	15:00:00	422348.38	426603.28	421880.57	423105.80	9737	14510	1
2024.10.15	16:00:00	423172.63	424397.86	420900.38	423952.32	7928	12097	1
2024.10.15	17:00:00	423818.66	424019.15	419831.09	420566.23	6159	9092	1
2024.10.15	18:00:00	420566.23	421657.80	418472.20	420053.86	1417	1886	1
2024.10.16	09:00:00	429677.50	432528.94	427182.48	431682.42	14600	19345	1
2024.10.16	10:00:00	431637.87	433041.31	426269.12	428630.48	18277	25231	1
2024.10.16	11:00:00	428741.86	433442.30	427093.37	428251.77	18697	26560	1
2024.10.16	12:00:00	428318.60	430702.23	426202.29	428675.03	9930	14786	1
2024.10.16	13:00:00	428496.82	429632.94	426803.77	429231.96	9974	14785	1
2024.10.16	14:00:00	429231.96	430078.48	427806.23	428986.91	8105	12045	1
2024.10.16	15:00:00	428920.08	431348.27	428719.59	429365.62	6449	9676	1
2024.10.16	16:00:00	429276.51	430256.70	427828.51	428452.26	6150	9390	1
2024.10.16	17:00:00	428407.71	430590.85	427360.69	427427.52	3883	6011	1
2024.10.16	18:00:00	427449.80	428585.93	427382.97	427650.29	782	1059	1
2024.10.17	09:00:00	423818.66	426647.83	423707.28	425957.25	8221	10979	1
2024.10.17	10:00:00	426001.80	427071.09	422014.23	424442.42	14311	20571	1
2024.10.17	11:00:00	424397.86	426536.45	422259.28	425378.05	12928	18816	1
2024.10.17	12:00:00	425355.77	429231.96	423840.94	428496.82	11446	16836	1
2024.10.17	13:00:00	428519.09	428652.76	425288.94	427115.65	9425	13889	1
2024.10.17	14:00:00	427137.92	428140.39	425689.92	426335.96	7265	11115	1
2024.10.17	15:00:00	426335.96	426469.62	422058.78	423796.38	12744	19117	1
2024.10.17	16:00:00	423818.66	424308.75	421590.97	422103.34	6678	10652	1
2024.10.17	17:00:00	422058.78	424197.37	422058.78	422704.81	4356	7127	1
2024.10.17	18:00:00	422682.54	423373.12	420521.68	420967.21	746	1047	1
2024.10.18	09:00:00	426068.63	428385.43	425355.77	426826.05	7282	9645	1
2024.10.18	10:00:00	426826.05	431860.63	426647.83	431749.25	12735	18134	1
2024.10.18	11:00:00	431816.08	434533.87	429766.60	433219.53	14497	21535	1
2024.10.18	12:00:00	433286.36	437273.93	432684.88	435915.04	10780	15128	1
2024.10.18	13:00:00	435803.65	437095.71	433397.74	436316.02	8924	13092	1
2024.10.18	14:00:00	436249.19	437652.64	435224.45	436627.90	7689	11051	1
2024.10.18	15:00:00	436650.18	438721.93	435447.22	437964.51	9473	13522	1
2024.10.18	16:00:00	437919.96	438632.82	436160.08	436516.51	6844	9741	1
2024.10.18	17:00:00	436538.79	436939.78	434712.08	435179.90	4279	6273	1
2024.10.18	18:00:00	435113.07	437028.88	434645.25	436004.14	1024	1336	1
2024.10.21	09:00:00	434467.04	436471.96	434043.77	435068.51	7667	10156	1
2024.10.21	10:00:00	435023.96	435558.61	427583.46	428608.20	16858	24628	1
2024.10.21	11:00:00	428675.03	429677.50	426090.91	427583.46	11167	16107	1
2024.10.21	12:00:00	427672.57	428095.83	424754.29	428051.28	8849	12991	1
2024.10.21	13:00:00	428073.56	428363.16	425066.17	428006.73	7835	11264	1
2024.10.21	14:00:00	427962.17	430100.76	427182.48	428764.14	8540	12380	1
2024.10.21	15:00:00	428808.69	428830.97	426224.57	428051.28	8189	11600	1
2024.10.21	16:00:00	428073.56	430925.00	427895.34	429989.37	8689	12690	1
2024.10.21	17:00:00	429967.10	430189.86	429120.57	429855.71	3116	4758	1
2024.10.21	18:00:00	429766.60	431125.50	429722.05	430212.14	944	1272	1
2024.10.22	09:00:00	427071.09	428585.93	425088.45	426024.08	11022	14050	1
2024.10.22	10:00:00	426024.08	427137.92	422526.60	425155.28	14736	20707	1
2024.10.22	11:00:00	425177.55	429321.06	423930.05	428563.65	13547	19330	1
2024.10.22	12:00:00	428675.03	429521.56	426135.46	426692.39	8795	12674	1
2024.10.22	13:00:00	426670.11	426670.11	423930.05	424219.65	7170	10890	1
2024.10.22	14:00:00	424264.20	428051.28	423996.88	427828.51	7778	11699	1
2024.10.22	15:00:00	427739.40	429432.45	427583.46	428274.05	7644	11758	1
2024.10.22	16:00:00	428229.49	429410.17	427828.51	428162.66	7512	11835	1
2024.10.22	17:00:00	428140.39	428719.59	427360.69	428051.28	3588	5522	1
2024.10.22	18:00:00	428073.56	428184.94	427249.31	427806.23	664	953	1
2024.10.23	09:00:00	422615.71	424175.09	421056.32	423061.25	10390	13499	1
2024.10.23	10:00:00	423038.97	425934.97	421702.35	425444.88	9727	13158	1
2024.10.23	11:00:00	425444.88	426358.23	423284.02	423907.77	10135	14859	1
2024.10.23	12:00:00	423907.77	423930.05	418873.18	420477.12	13267	18302	1
2024.10.23	13:00:00	420499.40	421011.77	417759.34	418873.18	11660	16156	1
2024.10.23	14:00:00	418784.07	419452.38	416890.54	417514.29	10759	15964	1
2024.10.23	15:00:00	417514.29	418583.58	414395.52	418472.20	12729	18936	1
2024.10.23	16:00:00	418449.92	421680.08	416957.37	421212.26	11455	16853	1
2024.10.23	17:00:00	421145.43	422303.83	420254.35	422036.51	3948	6074	1
2024.10.23	18:00:00	422103.34	422192.45	420699.89	421123.15	857	1214	1
2024.10.24	09:00:00	425489.43	429521.56	425378.05	428675.03	8508	11242	1
2024.10.24	10:00:00	428608.20	432439.83	428585.93	431526.48	14092	19453	1
2024.10.24	11:00:00	431526.48	432150.23	428830.97	430479.46	14682	21446	1
2024.10.24	12:00:00	430479.46	431615.59	429076.02	430078.48	10400	16296	1
2024.10.24	13:00:00	430123.03	430590.85	427605.74	429566.11	9213	13784	1
2024.10.24	14:00:00	429543.83	429722.05	427338.42	428585.93	8220	12604	1
2024.10.24	15:00:00	428563.65	431147.77	428385.43	429655.22	7486	11533	1
2024.10.24	16:00:00	429655.22	431036.39	428920.08	430702.23	6913	10554	1
2024.10.24	17:00:00	430568.57	430858.17	428920.08	429788.88	3433	4990	1
2024.10.24	18:00:00	429833.43	434311.10	429788.88	433063.59	1212	1462	1
2024.10.25	09:00:00	431085.12	431260.99	428667.00	430051.93	5179	6743	1
2024.10.25	10:00:00	430073.91	433767.04	429282.52	433195.48	9950	13660	1
2024.10.25	11:00:00	433217.47	435173.95	431568.75	432711.86	10239	15328	1
2024.10.25	12:00:00	432667.89	433591.18	428095.45	429480.37	9158	13118	1
2024.10.25	13:00:00	429480.37	430667.45	427501.91	428930.80	8105	11887	1
2024.10.25	14:00:00	428996.75	429920.03	423435.07	423962.66	9582	14603	1
2024.10.25	15:00:00	423918.69	428271.31	418291.06	424578.18	15513	21244	1
2024.10.25	16:00:00	424556.20	426116.98	422182.04	423918.69	9468	12809	1
2024.10.25	17:00:00	423808.78	424841.97	421940.23	423369.12	4384	6071	1
2024.10.25	18:00:00	423391.10	425963.10	423391.10	425523.44	922	1069	1
2024.10.28	09:00:00	434756.27	438998.98	434404.55	436141.20	11312	15531	1
2024.10.28	10:00:00	436119.21	439724.41	435789.47	436426.97	14611	20380	1
2024.10.28	11:00:00	436558.87	438581.30	435591.62	437020.51	9905	14038	1
2024.10.28	12:00:00	437020.51	437064.48	434558.43	435064.03	10788	15741	1
2024.10.28	13:00:00	435020.07	437943.80	434712.31	436251.11	10037	14340	1
2024.10.28	14:00:00	436251.11	438889.06	435064.03	437394.22	11216	16964	1
2024.10.28	15:00:00	437372.24	439394.67	436866.63	439108.89	10448	15363	1
2024.10.28	16:00:00	439108.89	443901.17	438603.28	442494.26	17073	24259	1
2024.10.28	17:00:00	442494.26	443725.30	441197.27	443439.53	5286	7471	1
2024.10.28	18:00:00	443615.39	447506.37	442802.02	446341.27	1997	2644	1
2024.10.29	09:00:00	453507.71	455815.91	452848.22	453046.06	8942	11878	1
2024.10.29	10:00:00	452892.18	457310.75	451419.33	457002.99	14330	20142	1
2024.10.29	11:00:00	456915.06	458146.10	452760.29	457090.92	15200	22994	1
2024.10.29	12:00:00	457068.94	462674.58	455925.83	462168.98	16924	24948	1
2024.10.29	13:00:00	462125.01	467576.78	461817.25	466499.61	17005	25988	1
2024.10.29	14:00:00	466477.63	468324.20	465356.50	466719.44	12793	20233	1
2024.10.29	15:00:00	466697.46	470434.56	466565.56	469994.90	12151	18910	1
2024.10.29	16:00:00	470038.86	472852.68	465400.47	465730.21	21254	33050	1
2024.10.29	17:00:00	465752.19	466653.49	461113.80	464609.08	10183	16562	1
2024.10.29	18:00:00	464609.08	466785.39	463334.07	465114.69	1293	1897	1
2024.10.30	09:00:00	462520.70	465246.59	461355.61	463422.00	10279	14168	1
2024.10.30	10:00:00	463334.07	464103.47	460322.41	462960.36	12249	17257	1
2024.10.30	11:00:00	462872.43	465950.04	462674.58	465532.36	11231	15965	1
2024.10.30	12:00:00	465554.35	466059.95	461201.73	463641.83	10742	15311	1
2024.10.30	13:00:00	463641.83	464872.88	462037.08	464125.46	6606	9233	1
2024.10.30	14:00:00	464125.46	464301.32	460454.31	461971.13	10222	14715	1
2024.10.30	15:00:00	461927.17	463443.99	460959.92	461795.27	6831	10013	1
2024.10.30	16:00:00	461685.35	462432.77	460674.14	461047.85	7638	11240	1
2024.10.30	17:00:00	461069.83	467642.73	459838.79	467203.07	12722	19914	1
2024.10.30	18:00:00	467247.03	468324.20	464389.25	464411.24	1608	2153	1
2024.10.31	09:00:00	463751.75	464499.17	462234.93	463092.26	7076	9881	1
2024.10.31	10:00:00	463092.26	463487.95	456739.20	458058.17	13462	19844	1
2024.10.31	11:00:00	457970.24	458431.88	453090.03	454211.16	15458	23248	1
2024.10.31	12:00:00	454145.21	456145.66	452320.63	453793.48	11976	18683	1
2024.10.31	13:00:00	453661.59	455925.83	451858.99	451880.97	10615	16610	1
2024.10.31	14:00:00	451880.97	454628.83	451595.19	454211.16	11189	17417	1
2024.10.31	15:00:00	454277.11	454387.02	450122.34	453815.47	14047	21572	1
2024.10.31	16:00:00	453727.53	455090.48	450254.23	450935.70	9885	14714	1
2024.10.31	17:00:00	450957.69	452430.54	447748.18	450122.34	7830	11823	1
2024.10.31	18:00:00	449946.47	452122.78	448583.53	450891.74	1192	1822	1
2024.11.01	09:00:00	450891.74	451243.46	448319.74	449616.73	9004	11846	1
2024.11.01	10:00:00	449528.80	457970.24	448847.33	457772.39	14238	20404	1
2024.11.01	11:00:00	457728.43	463246.14	456673.25	460937.93	17330	25763	1
2024.11.01	12:00:00	461091.81	461707.34	446802.91	449045.17	22066	31292	1
2024.11.01	13:00:00	449067.16	455903.84	448583.53	452276.66	15882	21834	1
2024.11.01	14:00:00	452320.63	454035.30	449396.90	451507.26	12082	16873	1
2024.11.01	15:00:00	451507.26	451990.88	449352.93	450122.34	9675	13272	1
2024.11.01	16:00:00	450144.32	452012.87	447880.08	450847.77	12368	17178	1
2024.11.01	17:00:00	450891.74	452034.85	449924.49	450254.23	4353	6153	1
2024.11.01	18:00:00	450232.25	451749.07	448979.22	448979.22	1041	1535	1
2024.11.04	09:00:00	446407.22	446407.22	442362.36	442780.04	8509	10922	1
2024.11.04	10:00:00	442867.97	445637.82	440977.44	441131.32	12059	15756	1
2024.11.04	11:00:00	441087.35	441307.18	436075.25	437789.92	16733	24341	1
2024.11.04	12:00:00	437855.86	439658.46	436470.94	438669.23	13148	19869	1
2024.11.04	13:00:00	438801.13	439174.84	432250.22	433129.54	13741	21612	1
2024.11.04	14:00:00	432997.64	434074.80	429612.27	433437.30	12990	19891	1
2024.11.04	15:00:00	433415.31	435459.73	431766.59	432162.29	11647	17613	1
2024.11.04	16:00:00	432228.24	435129.98	432118.32	434558.43	8578	13364	1
2024.11.04	17:00:00	434580.41	434602.39	431041.16	431436.85	7464	11666	1
2024.11.04	18:00:00	431282.97	433525.23	430139.86	432909.71	1359	2149	1
2024.11.05	09:00:00	440603.73	442538.23	439724.41	441065.37	10254	13340	1
2024.11.05	10:00:00	441065.37	441570.98	439130.87	440449.85	10213	13101	1
2024.11.05	11:00:00	440383.90	450605.96	439812.34	448429.65	21078	31057	1
2024.11.05	12:00:00	448451.63	449616.73	443813.24	446802.91	18432	27561	1
2024.11.05	13:00:00	446714.98	452848.22	445923.60	448891.29	15154	23249	1
2024.11.05	14:00:00	448979.22	450122.34	445044.28	446011.53	12916	20465	1
2024.11.05	15:00:00	446033.51	448121.89	443747.29	447968.01	10852	17085	1
2024.11.05	16:00:00	448077.92	448451.63	437658.02	439218.81	14715	23559	1
2024.11.05	17:00:00	439240.79	443637.37	438229.57	442208.48	12833	20187	1
2024.11.05	18:00:00	442208.48	443351.60	441219.25	442758.06	1414	2246	1
2024.11.06	09:00:00	481426.02	486877.78	478194.53	478766.08	18679	27760	1
2024.11.06	10:00:00	478832.03	479799.28	472786.73	474831.14	17372	25524	1
2024.11.06	11:00:00	474831.14	481272.14	471028.10	472215.17	22388	35098	1
2024.11.06	12:00:00	472259.14	476150.12	470126.80	471753.53	23198	35622	1
2024.11.06	13:00:00	471863.45	473688.03	469665.15	471050.08	13215	21399	1
2024.11.06	14:00:00	471028.10	473534.15	470324.64	470742.32	9825	16745	1
2024.11.06	15:00:00	470720.33	475798.39	470434.56	475622.53	12261	19900	1
2024.11.06	16:00:00	475622.53	479007.90	473929.84	478832.03	15653	26237	1
2024.11.06	17:00:00	478788.07	482041.54	476238.05	479865.23	10917	20184	1
2024.11.06	18:00:00	479711.35	483426.46	478062.63	481404.04	2022	3781	1
2024.11.07	09:00:00	471665.60	475952.27	471335.86	474369.50	13882	19239	1
2024.11.07	10:00:00	474479.41	475007.00	466433.66	467708.67	16439	23105	1
2024.11.07	11:00:00	467774.62	471643.62	467291.00	469994.90	14345	21578	1
2024.11.07	12:00:00	470060.85	479887.21	468961.70	479865.23	18582	26998	1
2024.11.07	13:00:00	479865.23	481316.10	477930.73	480854.46	16655	24345	1
2024.11.07	14:00:00	480832.48	485097.17	479645.40	483976.04	17891	25937	1
2024.11.07	15:00:00	483932.07	486152.35	481294.12	482986.81	15471	22895	1
2024.11.07	16:00:00	482986.81	483316.55	478436.34	482701.03	17987	27592	1
2024.11.07	17:00:00	482701.03	483822.16	480942.39	483294.57	10116	15785	1
2024.11.07	18:00:00	483316.55	484525.61	481711.80	482569.13	1387	2204	1
2024.11.08	09:00:00	483272.58	486657.95	483206.63	485734.67	9767	13402	1
2024.11.08	10:00:00	485712.69	487976.93	484723.46	487867.01	11771	15370	1
2024.11.08	11:00:00	487889.00	488262.71	483756.21	485009.23	14424	20112	1
2024.11.08	12:00:00	485031.22	491098.50	483976.04	490856.69	16939	25147	1
2024.11.08	13:00:00	490746.78	491274.37	486130.36	487669.17	13435	19580	1
2024.11.08	14:00:00	487669.17	490570.91	486482.09	489207.97	12835	17556	1
2024.11.08	15:00:00	489229.96	493362.75	488152.79	491736.01	13206	18788	1
2024.11.08	16:00:00	491714.03	492901.10	490131.26	490175.22	10354	14672	1
2024.11.08	17:00:00	490263.15	491208.42	485646.74	487735.12	9888	15072	1
2024.11.08	18:00:00	487647.19	488482.54	486943.73	487757.10	976	1580	1
2024.11.11	09:00:00	527106.53	531305.27	525237.98	530052.24	14347	18135	1
2024.11.11	10:00:00	530008.28	531041.48	525479.80	527018.60	15030	20070	1
2024.11.11	11:00:00	526908.69	531349.24	523523.32	531239.32	24984	35494	1
2024.11.11	12:00:00	531261.31	542120.87	529920.35	540560.08	33865	48579	1
2024.11.11	13:00:00	540516.12	545352.36	537372.56	540010.51	27236	40676	1
2024.11.11	14:00:00	540054.47	544231.23	539790.68	542076.90	15134	22335	1
2024.11.11	15:00:00	541945.01	550232.57	539131.19	550034.72	20682	31176	1
2024.11.11	16:00:00	549968.77	555420.54	547682.55	552650.69	24997	37223	1
2024.11.11	17:00:00	552606.72	558871.86	552189.05	556014.08	18889	29151	1
2024.11.11	18:00:00	555838.21	566258.12	554321.39	566236.14	3699	5493	1
2024.11.12	09:00:00	560278.76	565246.90	552211.03	553310.18	25834	37302	1
2024.11.12	10:00:00	553222.25	555376.57	545572.19	554717.08	30438	44502	1
2024.11.12	11:00:00	554629.15	557882.63	546231.68	557069.26	27928	43638	1
2024.11.12	12:00:00	556959.34	560652.47	552826.55	555882.18	29643	46097	1
2024.11.12	13:00:00	555992.09	561883.52	549287.30	558278.32	24996	38928	1
2024.11.12	14:00:00	558212.37	565246.90	557948.57	558761.94	23237	35150	1
2024.11.12	15:00:00	558761.94	568808.14	558190.39	567884.86	22142	35209	1
2024.11.12	16:00:00	567796.92	574611.63	566697.78	568478.39	23618	37739	1
2024.11.12	17:00:00	568390.46	574171.97	568060.72	571292.21	14240	24904	1
2024.11.12	18:00:00	571380.14	573292.65	564697.33	566302.08	2513	4254	1
2024.11.13	09:00:00	557157.19	561795.59	556431.75	558695.99	17089	22942	1
2024.11.13	10:00:00	558695.99	572962.91	557047.27	568368.48	27386	38598	1
2024.11.13	11:00:00	568566.33	589340.19	565950.36	587317.76	36564	57455	1
2024.11.13	12:00:00	587383.71	597693.70	580744.87	596374.72	37056	57106	1
2024.11.13	13:00:00	596352.74	601408.81	588900.53	595231.61	30489	47396	1
2024.11.13	14:00:00	595231.61	598287.24	590681.15	594330.31	24883	37664	1
2024.11.13	15:00:00	594374.28	600683.38	593319.10	598616.98	22815	35165	1
2024.11.13	16:00:00	598660.95	599122.59	577953.03	579272.01	38123	65599	1
2024.11.13	17:00:00	579206.06	585800.94	573688.35	576304.31	17583	30149	1
2024.11.13	18:00:00	576370.26	576897.85	564829.23	570478.84	4619	7120	1
2024.11.14	09:00:00	587273.79	591868.22	584767.74	587537.59	13323	18550	1
2024.11.14	10:00:00	587361.73	588944.50	580173.31	580964.69	18517	26906	1
2024.11.14	11:00:00	581096.59	587779.40	568170.63	568764.17	34467	51030	1
2024.11.14	12:00:00	568544.34	573226.71	561663.69	562674.90	29294	45952	1
2024.11.14	13:00:00	562696.89	570193.06	559795.14	570149.10	21598	34464	1
2024.11.14	14:00:00	570193.06	572787.05	565884.41	570478.84	18883	30094	1
2024.11.14	15:00:00	570434.87	574106.02	567862.87	569885.30	18366	30894	1
2024.11.14	16:00:00	569973.23	574128.01	569863.32	572809.03	13725	23542	1
2024.11.14	17:00:00	572809.03	572853.00	560300.75	560740.41	16680	28251	1
2024.11.14	18:00:00	560630.49	563730.08	556585.63	563598.19	2252	3477	1
2024.11.18	09:00:00	575688.79	581558.23	575446.98	579250.03	13802	18742	1
2024.11.18	10:00:00	579293.99	580107.36	569599.52	570962.46	21722	30589	1
2024.11.18	11:00:00	570698.67	578414.68	569907.28	573710.33	25566	37845	1
2024.11.18	12:00:00	573600.42	588614.75	573094.81	586768.19	23531	37150	1
2024.11.18	13:00:00	586724.22	588790.62	579535.80	581426.34	17873	28131	1
2024.11.18	14:00:00	581316.42	587229.83	577843.12	582327.64	17526	27740	1
2024.11.18	15:00:00	582481.52	582767.29	572149.54	573974.12	15424	24412	1
2024.11.18	16:00:00	573842.23	576546.13	569401.68	576326.30	15222	24744	1
2024.11.18	17:00:00	576194.40	585581.11	574018.09	582305.65	17969	30540	1
2024.11.18	18:00:00	582261.69	585822.92	581272.46	584152.22	2042	3281	1
2024.11.19	09:00:00	584394.03	591406.58	584372.05	591406.58	16203	22203	1
2024.11.19	10:00:00	591384.60	594967.82	581008.66	581624.18	22871	32802	1
2024.11.19	11:00:00	581624.18	589669.93	580085.38	587053.96	27448	44049	1
2024.11.19	12:00:00	587010.00	591186.75	584965.59	590373.39	18375	30327	1
2024.11.19	13:00:00	590527.27	591714.34	588614.75	590109.59	11055	17441	1
2024.11.19	14:00:00	590241.49	595737.22	588812.60	593890.65	17995	27634	1
2024.11.19	15:00:00	593802.72	600551.48	593297.11	599210.52	18781	30228	1
2024.11.19	16:00:00	599320.44	600969.15	594286.35	595671.27	15804	25553	1
2024.11.19	17:00:00	595539.37	597803.61	588812.60	590725.11	12590	21477	1
2024.11.19	18:00:00	590659.16	592615.64	586064.73	589054.41	2390	3792	1
2024.11.21	09:00:00	625194.34	631173.69	624930.54	625128.39	17040	24090	1
2024.11.21	10:00:00	625128.39	628623.67	623721.48	627392.63	15891	23092	1
2024.11.21	11:00:00	627436.59	628315.91	620248.18	623831.39	24879	37574	1
2024.11.21	12:00:00	623721.48	624095.19	612795.97	620819.73	27858	40413	1
2024.11.21	13:00:00	620709.82	627634.44	618115.83	625743.91	18202	27864	1
2024.11.21	14:00:00	625721.93	630184.46	623743.46	630118.51	13532	21839	1
2024.11.21	15:00:00	630008.60	632316.80	627612.46	631613.35	18378	29220	1
2024.11.21	16:00:00	631613.35	636823.30	627656.42	628359.88	23528	37597	1
2024.11.21	17:00:00	628293.93	634690.96	626821.07	630184.46	13775	23024	1
2024.11.21	18:00:00	630228.43	631569.38	627018.92	629239.19	2392	3815	1
2024.11.22	09:00:00	636889.25	637328.91	630316.36	631107.74	15026	19807	1
2024.11.22	10:00:00	630953.86	632338.79	625546.06	629239.19	22145	30680	1
2024.11.22	11:00:00	629327.13	630184.46	624534.85	625677.96	19597	27985	1
2024.11.22	12:00:00	625655.98	634119.40	624842.61	633393.97	15711	23811	1
2024.11.22	13:00:00	633196.12	634690.96	629239.19	633745.69	14301	21415	1
2024.11.22	14:00:00	633635.78	637460.81	632734.48	634712.94	14464	21851	1
2024.11.22	15:00:00	634778.89	637438.82	633218.10	635965.97	13812	22545	1
2024.11.22	16:00:00	635943.99	639373.32	634515.10	636163.81	16553	26956	1
2024.11.22	17:00:00	636075.88	638603.92	633635.78	635306.48	9866	16669	1
2024.11.22	18:00:00	635350.45	636251.75	632162.92	633108.19	1579	2632	1
2024.11.25	09:00:00	627788.32	629151.26	624732.69	626645.21	14516	20227	1
2024.11.25	10:00:00	626843.06	627238.75	620643.87	623018.03	18699	27228	1
2024.11.25	11:00:00	623040.01	623413.72	607959.72	608355.42	24934	38536	1
2024.11.25	12:00:00	608487.31	617874.02	602815.72	615170.12	26929	42377	1
2024.11.25	13:00:00	614972.28	618093.85	612048.55	614005.03	16671	26533	1
2024.11.25	14:00:00	613983.05	614136.93	607256.27	609102.84	17283	26124	1
2024.11.25	15:00:00	609014.90	613895.11	606882.56	608311.45	17361	26583	1
2024.11.25	16:00:00	608333.43	609212.75	604024.78	604574.35	17793	28192	1
2024.11.25	17:00:00	604574.35	609256.72	603541.16	607432.13	11228	18878	1
2024.11.25	18:00:00	607102.39	608597.23	603958.83	604728.23	2061	3730	1
2024.11.26	09:00:00	590988.91	591670.38	584547.91	587251.81	17300	24614	1
2024.11.26	10:00:00	587141.90	593363.06	585581.11	588878.55	20719	29987	1
2024.11.26	11:00:00	588878.55	597693.70	586284.56	596066.96	26137	40485	1
2024.11.26	12:00:00	596088.95	598155.34	588702.68	592615.64	24337	39250	1
2024.11.26	13:00:00	592681.59	606420.92	591912.19	601540.71	21090	34906	1
2024.11.26	14:00:00	601694.59	601782.52	596880.33	599474.32	16332	27284	1
2024.11.26	15:00:00	599386.38	600155.79	588724.67	588856.56	20910	34063	1
2024.11.26	16:00:00	589010.44	592527.71	585383.26	586174.65	17271	28178	1
2024.11.26	17:00:00	586086.72	588592.77	580503.05	581778.06	19086	33147	1
2024.11.26	18:00:00	581668.15	586262.58	580019.43	585647.06	2525	3739	1
2024.11.27	09:00:00	595825.15	600023.89	593890.65	599782.08	16100	22349	1
2024.11.27	10:00:00	599804.06	604706.25	598682.93	604706.25	19448	27529	1
2024.11.27	11:00:00	604618.32	609036.89	603057.53	608465.33	23795	35454	1
2024.11.27	12:00:00	608575.25	616577.03	605937.30	614664.52	24073	37276	1
2024.11.27	13:00:00	614730.46	622952.08	611960.62	618951.19	24266	37998	1
2024.11.27	14:00:00	618951.19	624754.68	618335.66	624578.81	16057	26503	1
2024.11.27	15:00:00	624512.87	628513.76	622688.28	626909.00	19508	30989	1
2024.11.27	16:00:00	626909.00	629854.72	625062.44	629612.90	14960	24807	1
2024.11.27	17:00:00	629656.87	634581.04	627678.41	631239.64	17530	29042	1
2024.11.27	18:00:00	631327.57	633547.85	628601.69	632624.56	2356	4067	1
2024.11.28	09:00:00	620621.89	632053.01	620621.89	628008.15	16740	24887	1
2024.11.28	10:00:00	628008.15	631437.49	623963.29	630909.90	17242	24577	1
2024.11.28	11:00:00	631085.76	633877.59	628535.74	628997.38	16300	24142	1
2024.11.28	12:00:00	629107.30	630096.53	625392.18	626557.28	12711	19068	1
2024.11.28	13:00:00	626601.24	629415.06	625392.18	626315.47	9765	15449	1
2024.11.28	14:00:00	626293.48	627810.30	623875.36	624666.75	6195	9204	1
2024.11.28	15:00:00	624644.76	628381.86	624380.97	627436.59	4913	6624	1
2024.11.28	16:00:00	627502.54	628777.55	625502.10	626952.97	5277	7298	1
2024.11.28	17:00:00	627040.90	628623.67	625062.44	627150.82	3493	4919	1
2024.11.28	18:00:00	627172.80	629788.77	626974.95	629788.77	1136	1669	1
2024.11.29	09:00:00	641048.12	649238.70	641048.12	647596.26	13901	18880	1
2024.11.29	10:00:00	647509.81	652458.74	647444.98	651680.74	15321	22241	1
2024.11.29	11:00:00	651723.97	653949.90	648979.37	653409.63	15587	22956	1
2024.11.29	12:00:00	653517.68	655181.73	643900.77	645845.77	20799	34728	1
2024.11.29	13:00:00	645932.21	650967.58	645932.21	647185.65	13172	21638	1
2024.11.29	14:00:00	647099.21	647747.54	641156.17	641696.45	13755	22782	1
2024.11.29	15:00:00	641523.56	643511.77	639189.57	642517.67	7993	12178	1
2024.11.29	16:00:00	642539.28	643252.44	638498.01	641393.89	7358	11872	1
2024.11.29	17:00:00	641393.89	641674.84	637525.52	638649.29	4686	7932	1
2024.11.29	18:00:00	638649.29	640054.01	637720.02	639924.34	799	1418	1
2024.12.02	09:00:00	624558.90	629615.88	623867.34	625164.01	12905	19197	1
2024.12.02	10:00:00	625164.01	635883.08	624321.17	635040.25	16298	22901	1
2024.12.02	11:00:00	634824.14	644246.55	634240.64	640464.62	19935	30227	1
2024.12.02	12:00:00	640551.06	649130.64	636963.63	646926.32	20707	33026	1
2024.12.02	13:00:00	647099.21	649670.92	639513.73	640529.45	20281	32297	1
2024.12.02	14:00:00	640594.28	643663.05	624645.34	626482.28	20819	33038	1
2024.12.02	15:00:00	626547.11	636833.96	625639.45	634932.19	15019	23649	1
2024.12.02	16:00:00	634780.92	636423.35	631755.37	636055.97	11300	18437	1
2024.12.02	17:00:00	636012.74	640399.78	633354.59	635061.86	10793	18319	1
2024.12.02	18:00:00	635018.64	635666.97	632490.15	635666.97	1820	3235	1
2024.12.03	09:00:00	629551.05	632057.93	625682.67	630220.99	16912	22972	1
2024.12.03	10:00:00	630177.77	631582.48	620863.41	621468.52	21879	30085	1
2024.12.03	11:00:00	621446.91	635537.30	620863.41	633052.03	25464	39084	1
2024.12.03	12:00:00	632987.20	639729.84	632252.42	634651.25	21247	34209	1
2024.12.03	13:00:00	634672.86	638260.29	628881.10	631258.32	16655	28339	1
2024.12.03	14:00:00	631150.26	637611.96	629594.27	636769.13	16064	26023	1
2024.12.03	15:00:00	636833.96	636833.96	630609.99	630890.93	15580	26286	1
2024.12.03	16:00:00	630890.93	633073.64	628038.27	632727.87	13610	23602	1
2024.12.03	17:00:00	632706.26	633160.09	630048.10	632209.20	7261	12939	1
2024.12.03	18:00:00	632382.09	635256.36	631841.81	634348.69	1391	2494	1
2024.12.04	09:00:00	637287.80	639686.62	635083.47	637547.13	13943	19558	1
2024.12.04	10:00:00	637698.41	638044.18	632057.93	634564.81	16634	23419	1
2024.12.04	11:00:00	634564.81	640140.45	632857.53	635904.69	22493	33700	1
2024.12.04	12:00:00	635904.69	639621.79	631582.48	632598.20	17845	27392	1
2024.12.04	13:00:00	632619.81	633268.14	623759.29	625228.84	21681	33777	1
2024.12.04	14:00:00	625185.62	629162.05	624169.90	628729.83	15843	25537	1
2024.12.04	15:00:00	628773.05	635321.19	628600.16	634932.19	17720	28081	1
2024.12.04	16:00:00	634845.75	642755.39	634110.97	642625.72	18334	29455	1
2024.12.04	17:00:00	642755.39	655613.95	641847.72	653777.01	26091	43469	1
2024.12.04	18:00:00	653949.90	655160.12	650686.64	652999.02	3027	4994	1
2024.12.05	09:00:00	678845.81	680790.81	674718.11	677289.82	19763	27732	1
2024.12.05	10:00:00	677203.38	679580.59	675193.55	675755.44	13792	19676	1
2024.12.05	11:00:00	675755.44	677116.93	670871.34	676576.66	23586	35224	1
2024.12.05	12:00:00	676468.60	676598.27	658596.28	660973.49	30726	50344	1
2024.12.05	13:00:00	661081.54	666678.80	655959.73	659763.27	25169	40725	1
2024.12.05	14:00:00	659784.88	663955.81	656845.78	663437.15	18625	29683	1
2024.12.05	15:00:00	663458.76	665338.92	655743.62	655808.45	18530	29350	1
2024.12.05	16:00:00	655938.12	661556.99	647423.37	650016.69	24641	40455	1
2024.12.05	17:00:00	650038.31	652934.18	641458.73	649368.36	25505	43083	1
2024.12.05	18:00:00	649195.48	652782.91	649087.42	651032.41	2874	4655	1
2024.12.06	09:00:00	644830.05	646494.10	637698.41	638670.90	15411	21587	1
2024.12.06	10:00:00	638822.18	647466.59	638238.68	646256.37	21642	30477	1
2024.12.06	11:00:00	646386.04	657278.00	644830.05	656737.73	23415	34090	1
2024.12.06	12:00:00	656716.12	659784.88	651896.85	657753.45	19351	29701	1
2024.12.06	13:00:00	657861.50	659763.27	653690.57	656889.00	16004	26533	1
2024.12.06	14:00:00	656975.45	673140.50	656651.28	670287.85	24968	40680	1
2024.12.06	15:00:00	670266.23	676879.21	669488.24	675063.88	22069	36214	1
2024.12.06	16:00:00	674847.77	677203.38	673529.50	674285.89	13625	22421	1
2024.12.06	17:00:00	674285.89	678240.71	672557.00	675539.33	13089	22121	1
2024.12.06	18:00:00	675431.27	675777.05	672967.61	673961.72	1819	3384	1
2024.12.09	09:00:00	649649.31	651551.08	646731.82	650405.69	15742	22370	1
2024.12.09	10:00:00	650211.19	654727.90	645888.99	654209.24	18151	25449	1
2024.12.09	11:00:00	654166.01	661989.21	649843.81	660389.99	23061	32263	1
2024.12.09	12:00:00	660519.66	662637.54	643490.16	645651.27	27985	40057	1
2024.12.09	13:00:00	645672.88	650470.53	643057.94	645845.77	19674	30105	1
2024.12.09	14:00:00	645694.49	648849.70	643987.22	644311.38	15691	23569	1
2024.12.09	15:00:00	644397.83	650729.86	644052.05	648071.70	16123	26049	1
2024.12.09	16:00:00	648050.09	648114.92	641588.39	642344.78	14554	22767	1
2024.12.09	17:00:00	642279.94	643987.22	636185.63	636920.41	17592	30539	1
2024.12.09	18:00:00	636898.80	643317.27	624126.68	640918.45	7681	13508	1
2024.12.10	09:00:00	646537.32	646537.32	638173.85	640702.34	19106	28026	1
2024.12.10	10:00:00	640680.73	647055.98	640313.34	643814.33	23103	32804	1
2024.12.10	11:00:00	643943.99	646775.04	638346.74	643965.61	26115	39492	1
2024.12.10	12:00:00	643792.72	646537.32	629940.04	630350.65	28262	44770	1
2024.12.10	13:00:00	630350.65	636228.85	622873.24	634953.80	26915	42395	1
2024.12.10	14:00:00	634759.30	635515.69	621922.35	623997.01	27327	41748	1
2024.12.10	15:00:00	624018.62	630566.76	622441.01	627714.11	20907	31004	1
2024.12.10	16:00:00	627800.55	634435.14	626503.89	630977.37	17486	27337	1
2024.12.10	17:00:00	631107.04	636553.02	628816.27	635472.47	13715	22550	1
2024.12.10	18:00:00	635818.25	637849.68	634824.14	637741.63	2124	3897	1
2024.12.11	09:00:00	648222.98	651767.19	646429.26	648590.37	11658	15403	1
2024.12.11	10:00:00	648547.14	650729.86	645046.16	648828.09	18923	26054	1
2024.12.11	11:00:00	648784.87	654230.85	644851.66	653885.07	21553	30785	1
2024.12.11	12:00:00	653885.07	664063.87	652934.18	661189.60	23668	35062	1
2024.12.11	13:00:00	661081.54	663934.20	657148.34	659223.00	18742	28312	1
2024.12.11	14:00:00	659179.77	662248.54	653777.01	654641.46	17603	25892	1
2024.12.11	15:00:00	654619.85	661470.54	652977.41	658423.39	21535	32324	1
2024.12.11	16:00:00	658380.17	660822.21	653949.90	656716.12	17708	28294	1
2024.12.11	17:00:00	656737.73	663480.37	655938.12	658401.78	12466	20457	1
2024.12.11	18:00:00	658272.11	658553.05	653474.46	655008.84	1842	2965	1
2024.12.12	09:00:00	645067.77	649000.98	641912.56	647336.93	15878	23148	1
2024.12.12	10:00:00	647423.37	652307.46	646450.87	650621.80	17485	25991	1
2024.12.12	11:00:00	650729.86	658099.22	649260.31	658034.39	25379	38587	1
2024.12.12	12:00:00	657904.72	665576.64	652653.24	665403.75	19949	32637	1
2024.12.12	13:00:00	665252.47	669488.24	661816.32	663934.20	18522	29678	1
2024.12.12	14:00:00	663890.98	668731.85	663739.70	667089.41	14271	23192	1
2024.12.12	15:00:00	667089.41	667564.85	661448.93	661621.82	12610	20073	1
2024.12.12	16:00:00	661600.21	662918.48	648892.92	650189.58	21702	35214	1
2024.12.12	17:00:00	650038.31	654598.23	648547.14	652458.74	10865	17709	1
2024.12.12	18:00:00	652437.13	653236.74	649000.98	649757.36	1651	3021	1
2024.12.13	09:00:00	655635.56	658639.50	651875.24	658445.00	11634	16746	1
2024.12.13	10:00:00	658574.66	659374.27	653085.46	656737.73	17408	24282	1
2024.12.13	11:00:00	656737.73	662875.26	655657.17	662875.26	20984	29765	1
2024.12.13	12:00:00	662896.87	666203.36	655613.95	656737.73	20039	30706	1
2024.12.13	13:00:00	656672.89	667413.58	656608.06	666008.86	19759	29597	1
2024.12.13	14:00:00	665900.81	670460.73	663329.09	668256.41	21495	33628	1
2024.12.13	15:00:00	668191.57	669942.07	664215.14	668040.30	13323	20618	1
2024.12.13	16:00:00	667975.46	668191.57	663761.31	665619.86	11316	17770	1
2024.12.13	17:00:00	665663.08	670763.29	664279.98	670244.62	8147	13804	1
2024.12.13	18:00:00	670331.07	670331.07	664712.20	665835.97	1489	2574	1
2024.12.16	09:00:00	683405.74	689392.00	677765.26	680877.25	21889	32889	1
2024.12.16	10:00:00	680855.64	684140.52	678586.48	682087.47	15998	22666	1
2024.12.16	11:00:00	682087.47	699181.80	682022.64	694557.04	27379	40266	1
2024.12.16	12:00:00	694557.04	703590.45	692676.88	702077.68	25083	38492	1
2024.12.16	13:00:00	702185.73	706032.50	700305.57	704217.17	21349	33792	1
2024.12.16	14:00:00	704217.17	709382.21	703871.39	708863.54	18792	28943	1
2024.12.16	15:00:00	708798.71	713596.36	707134.66	708690.65	19629	31170	1
2024.12.16	16:00:00	708755.49	708755.49	700564.90	706961.77	21826	35629	1
2024.12.16	17:00:00	706983.38	708323.27	704173.95	705816.39	12679	21726	1
2024.12.16	18:00:00	706032.50	709209.32	705016.78	708993.21	1989	3491	1
2024.12.17	09:00:00	712472.58	715606.18	708301.65	714741.74	21130	31425	1
2024.12.17	10:00:00	714871.41	721419.55	714287.91	717075.73	17866	25799	1
2024.12.17	11:00:00	716967.68	728745.69	716621.90	728270.25	26849	39495	1
2024.12.17	12:00:00	728248.64	728335.08	707264.33	713704.41	30593	47166	1
2024.12.17	13:00:00	713661.19	717637.62	709338.98	711672.98	18983	29717	1
2024.12.17	14:00:00	711608.14	716081.63	709230.93	712148.42	15489	23677	1
2024.12.17	15:00:00	712256.47	712839.97	705427.39	705535.44	19550	29818	1
2024.12.17	16:00:00	705492.22	708431.32	702682.79	705773.16	15692	23942	1
2024.12.17	17:00:00	705643.50	709879.26	702531.51	708236.82	9439	15949	1
2024.12.17	18:00:00	708128.77	708604.21	705665.11	707566.88	1495	2528	1
2024.12.18	09:00:00	697020.69	700651.35	693303.60	699008.91	18307	27421	1
2024.12.18	10:00:00	698965.69	702531.51	697906.75	699160.19	13557	19329	1
2024.12.18	11:00:00	699203.41	700910.68	691661.16	694297.70	25312	37556	1
2024.12.18	12:00:00	694319.32	701667.07	691942.10	700672.96	22453	36049	1
2024.12.18	13:00:00	700694.57	701407.73	693735.82	699786.91	18174	28219	1
2024.12.18	14:00:00	699851.74	705535.44	696804.58	704065.89	16576	26965	1
2024.12.18	15:00:00	703979.45	707696.55	701429.35	706507.94	15373	24927	1
2024.12.18	16:00:00	706097.33	707480.44	697841.91	698122.86	23690	37951	1
2024.12.18	17:00:00	698230.91	699505.96	683902.80	686366.45	30120	51400	1
2024.12.18	18:00:00	686366.45	690364.50	682692.58	689197.50	3094	4958	1
2024.12.19	09:00:00	692849.77	696069.81	690861.55	692828.15	13825	20529	1
2024.12.19	10:00:00	692741.71	697820.30	683189.63	684270.18	28498	42967	1
2024.12.19	11:00:00	684291.80	688657.22	672297.67	673335.00	29215	43006	1
2024.12.19	12:00:00	673335.00	675063.88	662896.87	668991.18	22944	35565	1
2024.12.19	13:00:00	668947.96	672448.95	663307.48	670374.29	17175	25826	1
2024.12.19	14:00:00	670352.68	670828.12	646537.32	654987.23	23576	35709	1
2024.12.19	15:00:00	654879.18	655268.18	641631.61	654749.51	23236	34715	1
2024.12.19	16:00:00	654576.62	656500.01	637417.46	644397.83	20205	30661	1
2024.12.19	17:00:00	644397.83	646602.15	633873.25	641048.12	17163	28965	1
2024.12.19	18:00:00	641091.34	653063.85	638000.96	650319.25	3045	5196	1
2024.12.20	09:00:00	613753.38	617902.70	605108.97	615568.71	22408	32751	1
2024.12.20	10:00:00	615503.87	632209.20	614855.54	627995.05	26443	38405	1
2024.12.20	11:00:00	628103.11	634456.75	623910.57	629551.05	27168	39916	1
2024.12.20	12:00:00	629551.05	643382.11	628535.33	639059.90	23248	35109	1
2024.12.20	13:00:00	639146.34	644419.44	634154.20	637655.18	19889	30087	1
2024.12.20	14:00:00	637763.24	642604.11	635472.47	641588.39	16233	26122	1
2024.12.20	15:00:00	641588.39	642755.39	634262.25	636380.13	16737	26444	1
2024.12.20	16:00:00	636272.08	642668.94	635796.63	638800.57	11258	16900	1
2024.12.20	17:00:00	638778.96	639729.84	634521.58	634867.36	9039	15095	1
2024.12.20	18:00:00	635040.25	636596.24	627887.00	634932.19	2332	3591	1
2024.12.23	09:00:00	635926.30	641955.78	634391.92	641112.95	11275	16740	1
2024.12.23	10:00:00	641156.17	642236.72	630069.71	631712.15	18424	25975	1
2024.12.23	11:00:00	631798.59	637136.52	623067.73	628275.99	26830	40873	1
2024.12.23	12:00:00	628297.61	629010.77	620776.97	621554.96	19080	30559	1
2024.12.23	13:00:00	621446.91	629788.77	620128.63	627670.89	18521	29709	1
2024.12.23	14:00:00	627670.89	628945.94	623132.57	624299.56	18747	32366	1
2024.12.23	15:00:00	624256.34	626979.33	619912.52	620387.97	14115	26060	1
2024.12.23	16:00:00	620409.58	626482.28	619761.25	622052.02	15732	28084	1
2024.12.23	17:00:00	621879.13	625898.78	618831.97	623154.18	13617	24630	1
2024.12.23	18:00:00	623024.51	630804.49	622916.46	630156.15	2833	4880	1
2024.12.26	09:00:00	637222.96	640659.12	635040.25	637460.68	13482	22338	1
2024.12.26	10:00:00	637482.29	639665.01	636488.19	638476.40	13498	21967	1
2024.12.26	11:00:00	638454.79	643987.22	634327.08	635731.80	24327	37801	1
2024.12.26	12:00:00	635731.80	641069.73	634586.42	638562.85	18498	30778	1
2024.12.26	13:00:00	638584.46	642906.66	637050.07	642193.50	17966	28168	1
2024.12.26	14:00:00	642128.67	643533.38	637114.91	638714.12	17023	27636	1
2024.12.26	15:00:00	638778.96	640010.79	636531.41	638368.35	13394	22543	1
2024.12.26	16:00:00	638217.07	641934.17	636488.19	641156.17	14230	25349	1
2024.12.26	17:00:00	641048.12	641415.50	636444.97	637849.68	11642	21882	1
2024.12.26	18:00:00	637979.35	639600.18	636380.13	639016.68	2107	3946	1
2024.12.27	09:00:00	648595.86	650596.85	644232.01	645764.68	8257	12533	1
2024.12.27	10:00:00	645658.25	649809.23	643848.84	648276.56	11659	17268	1
2024.12.27	11:00:00	648127.55	649021.60	635802.33	640208.76	17428	24847	1
2024.12.27	12:00:00	640336.48	640996.38	627628.09	632928.58	16785	26257	1
2024.12.27	13:00:00	632673.13	636462.23	629288.49	629543.93	11540	18472	1
2024.12.27	14:00:00	629501.36	630757.29	623455.83	629394.92	13427	20602	1
2024.12.27	15:00:00	629245.91	632949.86	628458.29	631587.49	9583	15678	1
2024.12.27	16:00:00	631566.20	632758.28	628415.72	632545.41	9603	15412	1
2024.12.27	17:00:00	632396.40	632673.13	628798.88	631055.31	7960	13737	1
2024.12.27	18:00:00	631225.61	633120.16	630416.70	632992.44	1140	2043	1
2024.12.30	09:00:00	628713.74	629629.08	623306.82	624115.73	11143	16770	1
2024.12.30	10:00:00	624073.15	625882.55	613323.18	614791.99	18466	27734	1
2024.12.30	11:00:00	614855.85	619113.26	609895.96	610215.27	18024	28570	1
2024.12.30	12:00:00	610236.55	616665.25	607426.66	615643.47	16606	26070	1
2024.12.30	13:00:00	615622.18	617750.89	612876.15	614089.52	13021	21797	1
2024.12.30	14:00:00	614068.23	624988.50	610193.98	623477.11	18238	28253	1
2024.12.30	15:00:00	623413.25	630310.27	621497.42	629501.36	16069	23715	1
2024.12.30	16:00:00	629458.78	629778.09	623711.27	628053.84	11713	19001	1
2024.12.30	17:00:00	628096.41	632183.53	627266.21	627777.10	10135	17044	1
2024.12.30	18:00:00	627713.24	628287.99	623519.69	623753.85	2094	3492	1
2025.01.02	09:00:00	645040.92	649979.52	643082.51	649000.32	9038	13399	1
2025.01.02	10:00:00	649042.89	650171.11	645147.36	645934.98	13195	19148	1
2025.01.02	11:00:00	645871.12	653023.57	642635.48	651192.89	25440	39172	1
2025.01.02	12:00:00	651299.32	651767.64	641869.15	643146.37	19175	30516	1
2025.01.02	13:00:00	643252.81	649234.47	640506.77	645956.27	16204	26202	1
2025.01.02	14:00:00	645998.84	649255.76	641145.39	643103.80	13965	22812	1
2025.01.02	15:00:00	643103.80	646658.74	641017.66	646339.43	14722	24253	1
2025.01.02	16:00:00	646296.86	650703.28	645573.10	647467.65	13111	22041	1
2025.01.02	17:00:00	647531.51	650341.40	645551.81	645934.98	9648	16663	1
2025.01.02	18:00:00	645828.54	646233.00	643848.84	644083.00	1634	2783	1
2025.01.03	09:00:00	639974.60	646829.04	639080.54	644295.87	13636	19415	1
2025.01.03	10:00:00	644274.59	644700.33	638122.62	638910.24	19819	27992	1
2025.01.03	11:00:00	638888.96	645934.98	638846.38	643912.71	26811	37704	1
2025.01.03	12:00:00	643997.85	648744.87	642401.32	647318.64	22259	32995	1
2025.01.03	13:00:00	647488.93	654322.09	646147.85	651661.20	15407	23573	1
2025.01.03	14:00:00	651788.92	655109.71	650916.15	653683.47	10426	16635	1
2025.01.03	15:00:00	653662.19	658111.18	653300.31	657131.98	13067	19948	1
2025.01.03	16:00:00	657131.98	660005.73	656727.52	657685.44	12641	20736	1
2025.01.03	17:00:00	657621.58	658579.50	655088.42	655918.62	9564	15442	1
2025.01.03	18:00:00	655833.47	656301.78	653640.90	655620.60	1739	2999	1
2025.01.06	09:00:00	658643.36	660048.31	654343.37	654620.10	16296	25171	1
2025.01.06	10:00:00	654790.40	655727.03	650639.42	654960.70	17684	26765	1
2025.01.06	11:00:00	654896.84	668243.83	652321.10	664582.46	33217	51965	1
2025.01.06	12:00:00	664327.01	676077.48	662709.19	674374.51	21987	36642	1
2025.01.06	13:00:00	674395.80	676205.20	670883.43	674353.22	14060	21682	1
2025.01.06	14:00:00	674331.94	674480.94	669159.18	672777.98	12442	18943	1
2025.01.06	15:00:00	672628.97	674991.83	670926.00	670926.00	10280	16285	1
2025.01.06	16:00:00	671096.30	673523.03	670244.82	671862.63	9050	15323	1
2025.01.06	17:00:00	671628.48	675183.42	671351.74	673927.48	8524	14508	1
2025.01.06	18:00:00	673927.48	674991.83	672692.83	673501.74	1615	2580	1
2025.01.07	09:00:00	664880.47	665774.53	659601.28	662070.58	14498	21860	1
2025.01.07	10:00:00	662070.58	662326.03	656812.67	657004.26	20350	30167	1
2025.01.07	11:00:00	656897.82	660686.92	651363.18	652470.11	25805	38933	1
2025.01.07	12:00:00	652512.68	654641.39	632566.70	638037.47	34114	55148	1
2025.01.07	13:00:00	638016.19	641294.40	635163.72	636653.81	18917	30455	1
2025.01.07	14:00:00	636717.68	637164.70	630203.83	634525.11	17503	28958	1
2025.01.07	15:00:00	634503.82	637036.98	633056.30	634248.37	13703	22653	1
2025.01.07	16:00:00	634248.37	637484.01	631183.04	632034.52	16038	26647	1
2025.01.07	17:00:00	632077.09	634439.96	629948.39	631800.36	13307	23477	1
2025.01.07	18:00:00	631651.35	635759.76	631374.62	634631.54	1927	3694	1
2025.01.08	09:00:00	624498.89	628500.86	622987.51	623647.41	17795	26542	1
2025.01.08	10:00:00	623796.42	630288.98	623647.41	629139.48	19269	27870	1
2025.01.08	11:00:00	629118.19	631417.19	624030.58	626946.91	25837	40712	1
2025.01.08	12:00:00	626819.19	631715.21	621561.28	626755.32	21658	34655	1
2025.01.08	13:00:00	626691.46	626968.20	620965.24	623136.52	13585	21482	1
2025.01.08	14:00:00	623115.23	623988.00	607937.55	617112.28	27721	42489	1
2025.01.08	15:00:00	617112.28	624498.89	615409.31	618900.39	20167	29871	1
2025.01.08	16:00:00	618921.68	622327.61	616324.66	617729.60	15362	23134	1
2025.01.08	17:00:00	617857.33	618772.67	614472.68	615962.78	8162	13621	1
2025.01.08	18:00:00	616069.21	616878.12	612386.55	615856.34	1949	3417	1
2025.01.09	09:00:00	609959.82	614344.96	609704.38	611577.64	13526	19555	1
2025.01.09	10:00:00	611492.49	612088.53	601338.56	601743.01	26828	37882	1
2025.01.09	11:00:00	601764.30	606234.58	600359.35	604105.88	23526	33718	1
2025.01.09	12:00:00	604233.60	613706.35	602509.35	611875.66	19679	29888	1
2025.01.09	13:00:00	611939.52	614813.28	609044.48	612641.99	17744	27660	1
2025.01.09	14:00:00	612684.57	612854.86	600934.10	602849.94	20342	30799	1
2025.01.09	15:00:00	602849.94	605468.25	599976.19	603233.11	19182	29140	1
2025.01.09	16:00:00	603190.53	605468.25	595399.46	595527.19	16520	26137	1
2025.01.09	17:00:00	595505.90	597868.76	590205.42	594356.40	18560	32473	1
2025.01.09	18:00:00	594207.39	598464.80	593377.19	596825.70	2666	4530	1
2025.01.10	09:00:00	615196.44	617836.04	615047.43	617474.16	9661	14572	1
2025.01.10	10:00:00	617452.87	622178.60	608022.70	612940.01	30548	45763	1
2025.01.10	11:00:00	612812.29	620454.35	611769.22	616175.65	29844	42660	1
2025.01.10	12:00:00	616111.79	619815.74	603509.84	614472.68	27865	42770	1
2025.01.10	13:00:00	614515.26	617133.57	610981.60	614153.38	21180	33813	1
2025.01.10	14:00:00	614281.10	628415.72	612045.96	627713.24	18847	29874	1
2025.01.10	15:00:00	627521.66	627670.67	619943.46	620752.37	19442	30288	1
2025.01.10	16:00:00	620794.94	624647.90	617665.74	624647.90	17120	26683	1
2025.01.10	17:00:00	624562.76	625243.94	619666.73	620837.52	10594	19040	1
2025.01.10	18:00:00	620816.23	622093.46	619837.03	621923.16	1486	2716	1
2025.01.13	09:00:00	595931.64	597953.91	587991.56	592440.56	23016	35075	1
2025.01.13	10:00:00	592589.57	599188.56	590311.85	596740.55	23676	35897	1
2025.01.13	11:00:00	596846.99	604361.32	584926.22	601913.31	36446	54814	1
2025.01.13	12:00:00	601785.59	609512.79	600295.49	602764.79	24031	38174	1
2025.01.13	13:00:00	602871.23	603658.85	596612.83	597613.32	16998	26297	1
2025.01.13	14:00:00	597379.16	602743.50	596783.12	600274.20	16274	25119	1
2025.01.13	15:00:00	600167.77	602913.80	597145.00	600423.21	19013	29679	1
2025.01.13	16:00:00	600316.78	604361.32	598017.77	603041.52	18185	28933	1
2025.01.13	17:00:00	602892.51	612876.15	599954.90	611471.21	13657	22647	1
2025.01.13	18:00:00	611471.21	614068.23	609981.11	612918.73	4013	7243	1
2025.01.14	09:00:00	631161.75	632460.26	625222.65	625435.53	13440	19768	1
2025.01.14	10:00:00	625478.10	632375.11	622881.08	625180.08	22219	32969	1
2025.01.14	11:00:00	625329.09	631289.47	623604.84	625861.27	18838	27791	1
2025.01.14	12:00:00	625988.99	630161.26	624562.76	624647.90	14171	20606	1
2025.01.14	13:00:00	624690.48	624711.77	618006.34	620028.61	17155	26349	1
2025.01.14	14:00:00	620007.32	626755.32	618879.11	626542.45	14440	22551	1
2025.01.14	15:00:00	626542.45	628628.59	624456.32	627117.20	13717	21364	1
2025.01.14	16:00:00	627032.06	628969.18	624520.18	624967.21	11223	18612	1
2025.01.14	17:00:00	625052.36	628138.98	622093.46	625946.42	13553	23222	1
2025.01.14	18:00:00	625903.84	627330.08	625392.95	626585.03	1302	2328	1
2025.01.15	09:00:00	626712.75	629778.09	624222.16	629033.04	12035	17446	1
2025.01.15	10:00:00	628756.31	640847.37	627798.39	638505.79	21119	31587	1
2025.01.15	11:00:00	638399.35	644295.87	636462.23	643976.57	20721	31423	1
2025.01.15	12:00:00	644083.00	647041.91	640570.64	640847.37	18402	30037	1
2025.01.15	13:00:00	640868.65	645530.52	640868.65	641869.15	13597	22449	1
2025.01.15	14:00:00	641847.86	644019.14	638080.05	638463.22	11093	18704	1
2025.01.15	15:00:00	638548.36	642635.48	638527.08	642316.18	12395	20549	1
2025.01.15	16:00:00	642294.89	645658.25	640655.78	644998.35	12181	20585	1
2025.01.15	17:00:00	645019.63	650511.70	640442.91	641762.71	13345	22957	1
2025.01.15	18:00:00	641698.85	643082.51	640570.64	642592.91	1890	3611	1
2025.01.16	09:00:00	638697.37	641805.29	637441.44	641613.70	14785	21317	1
2025.01.16	10:00:00	641613.70	643125.08	635951.34	641400.83	16123	23986	1
2025.01.16	11:00:00	641549.84	643039.94	628160.27	628713.74	28785	43183	1
2025.01.16	12:00:00	628735.02	640804.79	626308.30	640506.77	22148	35608	1
2025.01.16	13:00:00	640506.77	645785.97	639889.45	642997.36	19654	31352	1
2025.01.16	14:00:00	642890.93	650383.98	641592.42	647254.78	14655	22945	1
2025.01.16	15:00:00	647297.35	649021.60	643699.84	646743.89	12387	19780	1
2025.01.16	16:00:00	646658.74	651235.46	645147.36	650831.01	13418	21388	1
2025.01.16	17:00:00	650809.72	652448.82	649766.65	650639.42	10557	17172	1
2025.01.16	18:00:00	650660.71	650745.86	645892.40	647276.06	1851	3249	1
2025.01.17	09:00:00	661602.26	668158.68	660857.22	666711.16	11993	17244	1
2025.01.17	10:00:00	666838.88	670266.10	666306.71	667903.24	17254	24977	1
2025.01.17	11:00:00	667903.24	671266.60	663901.27	670819.57	27276	41042	1
2025.01.17	12:00:00	670947.29	676673.51	669670.07	673012.14	23598	37031	1
2025.01.17	13:00:00	672905.70	680420.04	671969.07	679589.84	16959	27321	1
2025.01.17	14:00:00	679419.55	682506.17	674927.97	675758.17	17082	27245	1
2025.01.17	15:00:00	675885.89	682633.89	675013.12	681335.38	12353	20040	1
2025.01.17	16:00:00	681399.24	688977.44	680356.18	688764.57	16717	27262	1
2025.01.17	17:00:00	688828.43	688934.87	680590.33	682080.43	12951	23587	1
2025.01.17	18:00:00	681931.42	683464.09	680079.45	683464.09	2757	5318	1
2025.01.20	09:00:00	704921.46	706390.27	686146.26	695853.17	32782	48031	1
2025.01.20	10:00:00	695853.17	700685.33	692553.67	698492.76	22216	32950	1
2025.01.20	11:00:00	698514.05	699833.85	693745.75	696151.19	16761	26189	1
2025.01.20	12:00:00	696087.32	698003.16	675289.85	678525.49	24580	38059	1
2025.01.20	13:00:00	678482.91	691361.59	670478.97	689147.74	22602	35497	1
2025.01.20	14:00:00	689020.02	689956.65	650149.82	665795.82	30249	46946	1
2025.01.20	15:00:00	665753.24	675694.31	663518.10	671458.18	8178	12224	1
2025.01.20	16:00:00	671564.62	673437.88	663965.13	669840.36	11331	17853	1
2025.01.20	17:00:00	669712.64	673672.04	667477.50	669010.17	6359	10076	1
2025.01.20	18:00:00	668839.87	671905.21	667754.23	667754.23	1450	2421	1
2025.01.21	09:00:00	673310.16	677993.31	669861.65	674991.83	15077	22056	1
2025.01.21	10:00:00	675119.56	679015.09	673586.89	676056.19	15511	22353	1
2025.01.21	11:00:00	676034.90	681377.96	665795.82	667541.36	29001	43267	1
2025.01.21	12:00:00	667711.65	671415.61	663220.08	670010.66	20383	32351	1
2025.01.21	13:00:00	669819.08	687338.34	668988.88	676673.51	27591	44291	1
2025.01.21	14:00:00	676567.08	686508.14	675822.03	685699.23	15296	24157	1
2025.01.21	15:00:00	685571.51	691489.32	682868.05	689488.33	16933	27369	1
2025.01.21	16:00:00	689467.04	691829.91	684975.47	690659.12	14788	23910	1
2025.01.21	17:00:00	690744.27	691617.04	681973.99	683825.97	12050	20361	1
2025.01.21	18:00:00	683868.54	685018.05	680930.93	683996.27	1802	3214	1
2025.01.22	09:00:00	675928.47	678887.37	674374.51	675225.99	11994	17264	1
2025.01.22	10:00:00	675119.56	675907.18	664561.17	665582.95	18823	26476	1
2025.01.22	11:00:00	665689.38	670223.53	657919.60	662347.31	25223	36786	1
2025.01.22	12:00:00	662411.17	666902.75	659367.12	660835.93	19031	31401	1
2025.01.22	13:00:00	660878.50	661282.96	653449.32	655897.33	15404	24845	1
2025.01.22	14:00:00	656025.05	662602.76	655535.45	660984.94	13925	22773	1
2025.01.22	15:00:00	660942.37	663049.79	656727.52	657770.59	12491	20127	1
2025.01.22	16:00:00	657791.88	664774.04	657323.56	664390.87	12722	20986	1
2025.01.22	17:00:00	664390.87	665625.52	659665.14	661708.70	10377	18403	1
2025.01.22	18:00:00	661687.41	662113.15	657451.29	659090.39	1666	3019	1
2025.01.23	09:00:00	647574.08	648297.84	643678.55	646041.41	15938	23240	1
2025.01.23	10:00:00	645977.55	651597.34	643018.65	650064.67	18364	27993	1
2025.01.23	11:00:00	650064.67	673033.42	646914.18	667796.80	32567	51120	1
2025.01.23	12:00:00	667839.38	670776.99	649638.93	665668.10	33143	61457	1
2025.01.23	13:00:00	665689.38	675375.00	663134.93	663730.97	22780	42988	1
2025.01.23	14:00:00	663858.69	667988.39	656727.52	666136.41	14609	27568	1
2025.01.23	15:00:00	665966.11	668201.26	661431.97	665540.37	12626	22933	1
2025.01.23	16:00:00	665561.66	666008.69	654236.94	656663.66	15049	28460	1
2025.01.23	17:00:00	656450.79	674374.51	648787.45	652981.00	32237	66572	1
2025.01.23	18:00:00	652981.00	654002.78	645998.84	649106.75	2759	5290	1
2025.01.24	09:00:00	665242.35	666838.88	662751.77	664901.76	9528	14334	1
2025.01.24	10:00:00	664923.05	667392.35	658728.51	659686.43	17572	24920	1
2025.01.24	11:00:00	659729.00	668030.96	657642.87	665135.92	26084	41472	1
2025.01.24	12:00:00	665050.77	666370.57	659537.42	665370.08	17362	30778	1
2025.01.24	13:00:00	665433.94	667498.78	663134.93	663581.96	11839	21856	1
2025.01.24	14:00:00	663496.81	671883.92	663496.81	670776.99	16801	29700	1
2025.01.24	15:00:00	670776.99	675460.15	668499.28	670372.54	19018	33614	1
2025.01.24	16:00:00	670372.54	672628.97	667605.22	668307.69	14782	26038	1
2025.01.24	17:00:00	668243.83	668371.55	660474.05	661261.67	15408	27476	1
2025.01.24	18:00:00	661517.12	664880.47	661517.12	663518.10	2479	4313	1
2025.01.27	09:00:00	629650.37	637675.59	623540.98	635717.18	22824	32194	1
2025.01.27	10:00:00	635695.90	640762.22	630331.55	633247.88	27927	41203	1
2025.01.27	11:00:00	633077.59	645764.68	630885.02	643274.09	27359	41148	1
2025.01.27	12:00:00	643231.52	645424.09	637249.85	639186.98	22220	34663	1
2025.01.27	13:00:00	639357.27	640591.92	627415.22	628330.57	24857	38128	1
2025.01.27	14:00:00	628266.71	630416.70	623179.10	623945.43	23174	36078	1
2025.01.27	15:00:00	623860.28	627010.77	621944.45	624392.46	20481	30630	1
2025.01.27	16:00:00	624413.75	629245.91	624030.58	627415.22	20964	30943	1
2025.01.27	17:00:00	627393.94	640230.04	625307.80	637675.59	21028	32295	1
2025.01.27	18:00:00	637633.02	643572.11	637185.99	638484.50	4600	7831	1
2025.01.28	09:00:00	648148.83	649851.80	644615.18	645700.82	14122	18979	1
2025.01.28	10:00:00	645636.96	648957.74	644679.04	645977.55	15749	21609	1
2025.01.28	11:00:00	645998.84	646169.14	638931.53	643678.55	26585	38618	1
2025.01.28	12:00:00	643699.84	649575.07	640996.38	643359.24	21652	33869	1
2025.01.28	13:00:00	643508.25	644189.44	636973.12	638292.92	15166	23482	1
2025.01.28	14:00:00	638292.92	644253.30	638101.33	641464.69	14300	21927	1
2025.01.28	15:00:00	641485.98	645189.93	637931.04	638356.78	14974	23979	1
2025.01.28	16:00:00	638378.07	642231.03	636228.07	640442.91	15392	23702	1
2025.01.28	17:00:00	640442.91	641549.84	631715.21	632417.69	16175	24260	1
2025.01.28	18:00:00	632332.54	633737.48	630523.14	631736.50	3298	6137	1
2025.01.29	09:00:00	640591.92	642145.88	636015.20	636185.50	10850	15188	1
2025.01.29	10:00:00	636249.36	638122.62	633716.20	637015.69	17832	26128	1
2025.01.29	11:00:00	636994.41	639932.02	633503.33	635908.77	23852	35917	1
2025.01.29	12:00:00	636121.64	639761.73	633716.20	637015.69	17698	28845	1
2025.01.29	13:00:00	637058.27	639484.99	635185.01	639272.12	11711	18681	1
2025.01.29	14:00:00	639250.84	643231.52	638314.21	641209.25	12861	19744	1
2025.01.29	15:00:00	641294.40	644615.18	638314.21	642869.64	15361	23802	1
2025.01.29	16:00:00	643103.80	649724.08	634737.98	647361.21	32456	51427	1
2025.01.29	17:00:00	647318.64	655109.71	643103.80	651235.46	17926	30433	1
2025.01.29	18:00:00	650980.01	652214.67	648042.40	649149.33	3167	5866	1
2025.01.30	09:00:00	656748.81	666987.89	656493.37	661517.12	12422	18133	1
2025.01.30	10:00:00	661623.55	663837.41	658834.95	659303.26	9660	14506	1
2025.01.30	11:00:00	659239.40	667732.94	657898.31	665476.51	21958	33551	1
2025.01.30	12:00:00	665433.94	668882.44	661133.95	662517.61	18659	29597	1
2025.01.30	13:00:00	662538.90	665412.65	661495.83	664497.31	11284	18689	1
2025.01.30	14:00:00	664582.46	664603.74	657110.69	659665.14	14062	22498	1
2025.01.30	15:00:00	659707.72	661048.80	655684.46	660729.49	12690	20976	1
2025.01.30	16:00:00	660686.92	661559.69	658622.07	660346.33	9030	15288	1
2025.01.30	17:00:00	660261.18	661495.83	656940.40	658089.90	9507	16575	1
2025.01.30	18:00:00	658026.04	659579.99	656940.40	657664.16	1806	2944	1
2025.01.31	09:00:00	652905.92	653283.22	649614.98	650956.51	5457	7978	1
2025.01.31	10:00:00	650830.74	651417.66	645192.12	646114.42	10790	15758	1
2025.01.31	11:00:00	645925.77	649656.90	642530.02	644689.05	14217	21332	1
2025.01.31	12:00:00	644793.85	658544.54	644793.85	654247.45	18775	30310	1
2025.01.31	13:00:00	654184.57	655463.21	648650.75	650914.59	12024	20352	1
2025.01.31	14:00:00	650851.70	650914.59	646449.81	647351.15	11225	19214	1
2025.01.31	15:00:00	647267.30	649007.10	634690.46	634816.22	19058	31714	1
2025.01.31	16:00:00	634858.15	637331.59	630833.56	631965.47	14367	24719	1
2025.01.31	17:00:00	631965.47	632594.32	627940.88	629051.84	9727	17956	1
2025.01.31	18:00:00	628967.99	629869.33	626662.24	626892.81	1667	3071	1
2025.02.03	09:00:00	593103.02	594234.94	588344.78	588407.67	7543	10905	1
2025.02.03	10:00:00	588491.51	595303.97	586374.41	590357.08	18310	26791	1
2025.02.03	11:00:00	590357.08	604736.61	587254.79	604296.42	27554	42289	1
2025.02.03	12:00:00	604044.88	615888.07	601403.74	611507.14	20805	35065	1
2025.02.03	13:00:00	611360.41	612680.98	606497.36	609956.00	14844	24702	1
2025.02.03	14:00:00	609976.96	614043.47	605239.68	613812.89	15907	29022	1
2025.02.03	15:00:00	613708.09	617313.45	611171.76	616621.72	15791	28133	1
2025.02.03	16:00:00	616537.88	629198.57	614714.24	629198.57	19130	34942	1
2025.02.03	17:00:00	629198.57	629366.26	622574.76	623664.76	14372	26754	1
2025.02.03	18:00:00	623350.33	624985.32	621841.11	622931.11	2191	4282	1
2025.02.04	09:00:00	607859.85	613624.24	607545.43	610941.18	13674	19697	1
2025.02.04	10:00:00	610983.10	613205.01	608488.70	608866.00	11524	17099	1
2025.02.04	11:00:00	608866.00	617984.21	605428.33	613184.05	26962	40915	1
2025.02.04	12:00:00	613184.05	614441.74	600187.98	606392.56	22488	37792	1
2025.02.04	13:00:00	606350.63	609914.07	603646.61	604107.76	12796	22658	1
2025.02.04	14:00:00	604170.65	608656.39	603248.35	606141.02	14480	22845	1
2025.02.04	15:00:00	606120.06	608467.74	603520.84	607859.85	13085	20691	1
2025.02.04	16:00:00	607859.85	615971.92	603625.65	604023.92	28861	45825	1
2025.02.04	17:00:00	604002.96	608006.58	598007.99	601089.32	18316	33784	1
2025.02.04	18:00:00	601277.97	601277.97	590273.23	590608.62	2930	5722	1
2025.02.05	09:00:00	599412.41	603353.15	597840.30	600187.98	11365	16864	1
2025.02.05	10:00:00	600292.79	605973.33	599307.60	605051.03	14821	22039	1
2025.02.05	11:00:00	605218.72	608845.04	601550.47	602766.23	18506	27737	1
2025.02.05	12:00:00	602766.23	605030.06	598448.18	602011.62	15057	24448	1
2025.02.05	13:00:00	601948.74	602766.23	597169.54	601026.44	14299	24304	1
2025.02.05	14:00:00	601068.36	602284.12	595199.16	595345.89	17317	29133	1
2025.02.05	15:00:00	595429.74	596980.88	590378.04	591992.07	17026	28815	1
2025.02.05	16:00:00	591950.15	597358.19	590315.16	596331.08	13283	23524	1
2025.02.05	17:00:00	596373.00	599726.83	594444.55	597379.15	11123	20037	1
2025.02.05	18:00:00	597463.00	598217.61	595094.36	596016.66	1892	3364	1
2025.02.06	09:00:00	607147.17	609767.34	603374.11	603688.53	11214	16135	1
2025.02.06	10:00:00	603583.73	607189.09	602808.16	603562.77	18840	26050	1
2025.02.06	11:00:00	603541.80	604862.37	596645.50	598112.80	25086	38763	1
2025.02.06	12:00:00	598070.88	599978.37	592159.76	594444.55	20119	33632	1
2025.02.06	13:00:00	594486.48	595911.85	588365.75	589812.08	16737	29158	1
2025.02.06	14:00:00	589854.01	591509.96	587820.75	588533.44	14856	25286	1
2025.02.06	15:00:00	588554.40	589476.70	582391.74	585556.92	20931	34613	1
2025.02.06	16:00:00	585494.03	590985.92	582915.78	584592.69	17254	30424	1
2025.02.06	17:00:00	584445.96	591111.69	583272.12	590126.50	10580	19805	1
2025.02.06	18:00:00	589916.89	590252.27	586604.99	587317.68	1788	3428	1
2025.02.07	09:00:00	595555.51	598532.03	593857.63	597525.88	13207	18946	1
2025.02.07	10:00:00	597588.77	601047.40	592788.60	600691.05	24224	34616	1
2025.02.07	11:00:00	600649.13	609746.38	599370.48	606644.09	28890	42341	1
2025.02.07	12:00:00	606476.40	606560.25	592495.14	598343.38	29470	44563	1
2025.02.07	13:00:00	598385.30	601927.78	595492.62	598385.30	15223	25149	1
2025.02.07	14:00:00	598301.45	599223.75	593878.60	595178.20	12398	21101	1
2025.02.07	15:00:00	595073.40	600670.09	593941.48	599056.06	12068	20857	1
2025.02.07	16:00:00	599139.91	599684.91	592620.91	592704.76	13048	22490	1
2025.02.07	17:00:00	592599.95	592914.37	586080.95	587087.10	13113	22664	1
2025.02.07	18:00:00	587191.91	589141.32	586101.91	586101.91	2155	3948	1
2025.02.10	09:00:00	599433.37	600984.51	594800.90	595366.86	10995	15545	1
2025.02.10	10:00:00	595366.86	600208.94	593249.75	599663.94	16322	23022	1
2025.02.10	11:00:00	599496.25	600439.52	594339.75	594779.94	21733	32817	1
2025.02.10	12:00:00	594800.90	596100.51	590545.73	592914.37	14315	22663	1
2025.02.10	13:00:00	592977.26	594339.75	591342.27	593522.25	9054	14783	1
2025.02.10	14:00:00	593627.06	595492.62	590147.47	594884.74	13688	20404	1
2025.02.10	15:00:00	594821.86	596142.43	592977.26	596079.54	10155	15312	1
2025.02.10	16:00:00	596079.54	596855.12	593773.79	594738.01	9468	15117	1
2025.02.10	17:00:00	594717.05	595807.05	593815.71	594549.36	7485	13079	1
2025.02.10	18:00:00	594570.32	594675.13	593061.10	594234.94	1570	2572	1
2025.02.11	09:00:00	600502.40	600816.82	595911.85	596938.96	12874	18384	1
2025.02.11	10:00:00	596876.08	599056.06	590273.23	590692.46	19979	28648	1
2025.02.11	11:00:00	590797.27	592893.41	588323.82	590461.89	19006	29190	1
2025.02.11	12:00:00	590524.77	592411.30	587506.33	589958.81	13243	21342	1
2025.02.11	13:00:00	590042.66	590126.50	585074.80	585724.61	11890	19869	1
2025.02.11	14:00:00	585724.61	585934.22	583188.28	584571.73	13692	21390	1
2025.02.11	15:00:00	584571.73	584676.54	579729.65	580232.72	16637	26757	1
2025.02.11	16:00:00	580190.80	581385.60	575726.02	577361.01	16804	27038	1
2025.02.11	17:00:00	577340.05	579771.57	576522.55	578639.65	12314	20892	1
2025.02.11	18:00:00	578534.85	581343.67	578178.50	580714.83	2626	4767	1
2025.02.12	09:00:00	584487.89	585095.77	582894.82	583397.89	12845	17788	1
2025.02.12	10:00:00	583439.82	586542.10	571932.00	576899.86	29723	44381	1
2025.02.12	11:00:00	576920.82	581532.33	572875.27	581238.87	25134	39668	1
2025.02.12	12:00:00	581259.83	584529.81	576145.25	582328.86	18888	30926	1
2025.02.12	13:00:00	582370.78	589707.28	577633.51	589057.47	15689	25629	1
2025.02.12	14:00:00	589078.43	593501.29	587443.44	590944.00	18272	29463	1
2025.02.12	15:00:00	591048.81	591426.11	585410.19	588198.05	14647	25036	1
2025.02.12	16:00:00	588135.17	590923.04	584571.73	590357.08	13711	23289	1
2025.02.12	17:00:00	590357.08	592872.45	587674.02	589057.47	12145	21956	1
2025.02.12	18:00:00	589183.24	593228.79	588219.02	591992.07	2319	4686	1
2025.02.13	09:00:00	584068.66	584990.96	580379.45	582203.09	11594	15999	1
2025.02.13	10:00:00	582224.05	586919.41	581574.25	585787.49	17472	25860	1
2025.02.13	11:00:00	585703.65	586521.14	581029.25	583754.24	21272	32401	1
2025.02.13	12:00:00	583817.12	586563.06	580630.99	582182.13	18439	30617	1
2025.02.13	13:00:00	582245.01	582475.59	577381.97	578451.00	16426	26153	1
2025.02.13	14:00:00	578388.12	582831.93	577989.85	581385.60	13105	21816	1
2025.02.13	15:00:00	581322.71	584131.54	579520.03	584005.77	12789	21516	1
2025.02.13	16:00:00	584005.77	585976.15	579918.30	580547.14	13059	22181	1
2025.02.13	17:00:00	580526.18	585200.57	580211.76	584907.11	9058	16648	1
2025.02.13	18:00:00	584865.19	586332.49	584592.69	585452.11	1825	3638	1
2025.02.14	09:00:00	586961.33	588680.17	582894.82	583649.43	9991	14369	1
2025.02.14	10:00:00	583628.47	585494.03	581385.60	584068.66	11902	17691	1
2025.02.14	11:00:00	584110.58	588931.70	581804.83	586604.99	16441	25581	1
2025.02.14	12:00:00	586604.99	587401.52	578891.19	583963.85	17222	27415	1
2025.02.14	13:00:00	584068.66	587862.67	581071.18	587632.10	13049	21076	1
2025.02.14	14:00:00	587632.10	596289.16	584194.43	594423.59	20233	31436	1
2025.02.14	15:00:00	594402.63	595828.01	591300.34	591845.34	13781	22139	1
2025.02.14	16:00:00	591866.30	593165.91	586521.14	588093.25	11727	18716	1
2025.02.14	17:00:00	588072.29	589833.04	582328.86	583817.12	10341	17765	1
2025.02.14	18:00:00	583963.85	584634.62	580819.64	583125.39	2811	5312	1
2025.02.17	09:00:00	578241.39	579561.95	577172.35	579247.53	9013	12626	1
2025.02.17	10:00:00	579268.50	579771.57	575977.55	578723.50	11474	15789	1
2025.02.17	11:00:00	578639.65	581888.67	578157.54	581050.21	16546	23633	1
2025.02.17	12:00:00	581092.14	581616.17	574174.87	574971.41	16347	25233	1
2025.02.17	13:00:00	574971.41	576543.51	572036.81	572351.23	15261	22880	1
2025.02.17	14:00:00	572414.11	574971.41	571890.08	572875.27	12540	19210	1
2025.02.17	15:00:00	572896.23	574824.68	571533.74	572372.19	9451	14794	1
2025.02.17	16:00:00	572393.15	574153.91	571135.47	573315.46	8202	13123	1
2025.02.17	17:00:00	573399.30	578534.85	573022.00	575264.87	9055	14898	1
2025.02.17	18:00:00	575181.02	577423.89	575076.21	576082.36	1726	3017	1
2025.02.18	09:00:00	573986.22	577612.54	573336.42	576795.05	9275	12722	1
2025.02.18	10:00:00	576795.05	578912.15	576229.09	577696.39	12885	17070	1
2025.02.18	11:00:00	577738.31	581511.37	570946.82	571135.47	24699	35799	1
2025.02.18	12:00:00	571135.47	572749.50	567823.57	570024.51	17561	28569	1
2025.02.18	13:00:00	569940.67	571093.55	565077.62	565496.85	13780	23053	1
2025.02.18	14:00:00	565350.12	566943.19	562226.87	562939.56	14004	21978	1
2025.02.18	15:00:00	562897.64	564218.20	559187.47	561032.07	14660	23816	1
2025.02.18	16:00:00	560990.15	563903.78	557699.21	561828.60	14424	23640	1
2025.02.18	17:00:00	561933.41	563861.86	559376.12	562038.22	10679	19007	1
2025.02.18	18:00:00	562310.72	569018.37	561409.38	568284.72	4079	7654	1
2025.02.19	09:00:00	576438.71	579142.73	576124.28	578094.66	9019	13118	1
2025.02.19	10:00:00	578136.58	580568.10	577277.16	577381.97	11491	16781	1
2025.02.19	11:00:00	577507.74	579184.65	572246.42	572749.50	20344	33272	1
2025.02.19	12:00:00	572791.42	576711.20	571135.47	574091.03	16641	29307	1
2025.02.19	13:00:00	574111.99	578513.88	573944.30	578367.15	11701	20294	1
2025.02.19	14:00:00	578430.04	579268.50	576396.78	578597.73	10257	18324	1
2025.02.19	15:00:00	578618.69	578744.46	573965.26	574615.06	10908	19058	1
2025.02.19	16:00:00	574552.18	579121.77	572854.30	578786.38	11501	18600	1
2025.02.19	17:00:00	578660.61	580023.11	577486.78	577947.93	7299	12398	1
2025.02.19	18:00:00	577885.04	580463.30	576920.82	580232.72	1399	2810	1
2025.02.20	09:00:00	583020.59	584781.35	582664.24	583649.43	7161	10251	1
2025.02.20	10:00:00	583691.35	585997.11	582999.63	585892.30	10309	15009	1
2025.02.20	11:00:00	585829.42	588114.21	579478.11	580023.11	23048	34782	1
2025.02.20	12:00:00	580085.99	582622.32	579436.19	580085.99	13985	24493	1
2025.02.20	13:00:00	580148.87	587087.10	580002.14	584257.31	15191	25590	1
2025.02.20	14:00:00	584257.31	587191.91	584068.66	586542.10	10106	17279	1
2025.02.20	15:00:00	586521.14	590168.43	586416.34	589413.82	13699	21204	1
2025.02.20	16:00:00	589518.62	591468.03	589350.93	590608.62	9769	16364	1
2025.02.20	17:00:00	590524.77	592264.57	589686.31	590734.38	9019	16223	1
2025.02.20	18:00:00	590797.27	591195.54	588743.05	588743.05	1831	3613	1
2025.02.21	09:00:00	592453.22	594717.05	591027.84	593627.06	8226	11853	1
2025.02.21	10:00:00	593627.06	597819.34	592914.37	595723.20	15553	22335	1
2025.02.21	11:00:00	595702.24	596100.51	589455.74	591656.69	22186	32167	1
2025.02.21	12:00:00	591866.30	595828.01	581364.64	587275.75	26172	42073	1
2025.02.21	13:00:00	587170.95	591971.11	584928.08	588219.02	14514	24712	1
2025.02.21	14:00:00	588072.29	590294.20	578702.54	579750.61	17275	26851	1
2025.02.21	15:00:00	579624.84	584445.96	578702.54	580127.91	12988	21102	1
2025.02.21	16:00:00	580085.99	581532.33	571198.35	571617.58	18243	29282	1
2025.02.21	17:00:00	571470.85	573965.26	568787.79	569835.86	9893	16664	1
2025.02.21	18:00:00	569814.90	572204.50	569479.52	570150.28	2722	4589	1
2025.02.24	09:00:00	575222.94	575893.71	573504.11	574111.99	7441	10406	1
2025.02.24	10:00:00	574091.03	577717.35	571533.74	574091.03	16624	24090	1
2025.02.24	11:00:00	574174.87	575788.90	568221.83	569018.37	19174	29482	1
2025.02.24	12:00:00	568955.48	570925.85	563463.59	566607.80	21968	35584	1
2025.02.24	13:00:00	566670.69	570758.16	565266.27	567299.53	15686	25367	1
2025.02.24	14:00:00	567299.53	573022.00	566775.50	569102.21	13632	22117	1
2025.02.24	15:00:00	569144.14	570380.86	566796.46	567425.30	10311	18076	1
2025.02.24	16:00:00	567152.80	570234.13	564490.70	566607.80	13849	24460	1
2025.02.24	17:00:00	566733.57	572938.15	565937.04	569332.79	12148	23100	1
2025.02.24	18:00:00	569207.02	570443.74	566754.53	570359.90	2420	4786	1
2025.02.25	09:00:00	541831.42	544262.94	537869.72	543990.45	16923	24907	1
2025.02.25	10:00:00	544095.25	544304.87	537198.95	537764.91	18855	26387	1
2025.02.25	11:00:00	537764.91	541013.93	526152.29	527137.47	34829	54502	1
2025.02.25	12:00:00	527053.63	529694.77	519046.37	525879.79	31196	53958	1
2025.02.25	13:00:00	525942.67	530302.65	520115.40	528311.31	19269	33071	1
2025.02.25	14:00:00	528206.51	530805.72	523574.04	525921.71	19510	31411	1
2025.02.25	15:00:00	526110.37	529359.38	523259.61	523972.30	14678	25540	1
2025.02.25	16:00:00	523951.34	530323.61	520807.13	529862.46	15128	25374	1
2025.02.25	17:00:00	529715.73	536968.37	528017.85	531413.60	16577	29025	1
2025.02.25	18:00:00	531329.76	532943.78	527996.89	530721.88	2816	5386	1
2025.02.26	09:00:00	533677.43	533677.43	526508.63	528416.12	14651	21664	1
2025.02.26	10:00:00	528416.12	530407.45	525816.91	526550.56	15259	22922	1
2025.02.26	11:00:00	526529.59	532314.94	517264.65	531728.02	32034	50595	1
2025.02.26	12:00:00	531686.10	536884.53	528541.89	529778.61	18772	30731	1
2025.02.26	13:00:00	530009.19	531581.29	521792.32	525250.95	16003	26521	1
2025.02.26	14:00:00	525250.95	528646.70	518857.72	521037.71	15538	25630	1
2025.02.26	15:00:00	520953.86	523741.73	505652.03	511311.61	29793	47055	1
2025.02.26	16:00:00	511332.57	516342.35	507685.29	509341.24	17097	27874	1
2025.02.26	17:00:00	509425.09	515315.24	500642.26	513491.60	17917	30372	1
2025.02.26	18:00:00	513554.48	517788.69	510368.35	513302.95	3341	6221	1
2025.02.27	09:00:00	528248.43	529191.69	523678.84	524831.72	9437	13454	1
2025.02.27	10:00:00	524894.60	528395.16	522253.47	525292.87	22543	31287	1
2025.02.27	11:00:00	525209.03	527032.67	517914.46	518606.18	27956	39802	1
2025.02.27	12:00:00	518501.37	525691.14	516551.96	521813.28	21934	32189	1
2025.02.27	13:00:00	521708.47	523427.31	515168.51	516027.93	16690	25225	1
2025.02.27	14:00:00	516048.89	519318.87	514833.13	516551.96	15192	23317	1
2025.02.27	15:00:00	516635.81	519255.99	515860.24	516384.27	12205	19788	1
2025.02.27	16:00:00	516405.23	516489.08	510640.85	513470.64	16851	26630	1
2025.02.27	17:00:00	513575.44	513952.75	505023.19	510410.27	17654	28382	1
2025.02.27	18:00:00	510473.16	515755.43	508356.05	515126.59	2934	5054	1
2025.02.28	09:00:00	495378.85	496315.26	491945.37	495774.22	10965	14801	1
2025.02.28	10:00:00	495690.99	501371.84	494213.55	499644.70	18187	25366	1
2025.02.28	11:00:00	499644.70	506490.86	498000.79	504014.59	24994	38267	1
2025.02.28	12:00:00	503910.54	520016.70	503161.42	518518.45	22997	37683	1
2025.02.28	13:00:00	518539.26	525614.32	514356.65	522368.12	19459	32226	1
2025.02.28	14:00:00	522222.45	522513.78	516208.65	517269.91	15170	24594	1
2025.02.28	15:00:00	517269.91	529006.18	516728.88	524615.49	20705	33496	1
2025.02.28	16:00:00	524594.68	527237.42	522555.40	525385.42	12490	20733	1
2025.02.28	17:00:00	525302.18	526842.05	517644.47	521015.53	12231	20408	1
2025.02.28	18:00:00	521057.15	524303.35	519954.27	521306.86	2167	3954	1
2025.03.05	13:00:00	541824.52	544092.70	532710.18	541928.57	22195	34293	1
2025.03.05	14:00:00	541928.57	551001.29	541345.92	545549.33	27014	42448	1
2025.03.05	15:00:00	545507.71	546964.34	539930.90	543822.19	22270	34283	1
2025.03.05	16:00:00	543822.19	546901.92	540742.46	542427.98	20019	31802	1
2025.03.05	17:00:00	542344.75	547817.51	542282.32	547234.86	14343	24170	1
2025.03.05	18:00:00	547089.20	547567.80	542781.74	543947.04	3208	5618	1
2025.03.06	09:00:00	551563.13	552437.11	542074.23	543114.68	18361	25663	1
2025.03.06	10:00:00	543135.49	545903.09	538807.22	539431.49	19916	27784	1
2025.03.06	11:00:00	539369.06	546777.06	536622.27	542469.60	31277	47104	1
2025.03.06	12:00:00	542573.65	552312.25	541366.72	548420.97	23838	38266	1
2025.03.06	13:00:00	548525.02	550252.16	540908.93	541637.24	17097	27170	1
2025.03.06	14:00:00	541658.05	541678.86	532398.05	536351.76	24270	38584	1
2025.03.06	15:00:00	536310.14	537808.39	531898.63	534166.81	15858	26248	1
2025.03.06	16:00:00	534062.77	540284.66	530754.14	534895.13	19266	31675	1
2025.03.06	17:00:00	534874.32	540076.57	534478.95	538058.10	12359	20906	1
2025.03.06	18:00:00	538224.57	543239.53	537683.53	540721.65	2620	4646	1
2025.03.07	09:00:00	536996.84	540180.61	534582.99	538495.08	17390	24595	1
2025.03.07	10:00:00	538453.47	546090.37	537995.67	539514.72	25152	36828	1
2025.03.07	11:00:00	539597.96	552374.68	536684.70	547775.89	35885	55889	1
2025.03.07	12:00:00	547796.70	549794.37	531898.63	534270.86	27845	44332	1
2025.03.07	13:00:00	534125.20	537662.72	524969.24	528610.81	23036	36027	1
2025.03.07	14:00:00	528714.86	537787.58	524449.01	531794.59	21812	34242	1
2025.03.07	15:00:00	532044.30	540201.42	530816.57	537974.86	19109	30566	1
2025.03.07	16:00:00	537933.24	539826.86	529713.69	532647.76	16755	26642	1
2025.03.07	17:00:00	532647.76	536559.85	525531.08	527653.60	14843	26050	1
2025.03.07	18:00:00	527591.17	529755.31	519371.62	527216.61	5609	9920	1
2025.03.10	09:00:00	507864.25	508446.90	500934.85	505720.92	19841	27792	1
2025.03.10	10:00:00	505720.92	506303.57	493256.34	494151.12	34013	50754	1
2025.03.10	11:00:00	494026.27	494088.70	478419.53	482560.51	43122	67816	1
2025.03.10	12:00:00	482602.13	491383.53	480979.03	485078.40	21903	32991	1
2025.03.10	13:00:00	485078.40	486847.17	480167.48	480500.42	19210	29865	1
2025.03.10	14:00:00	480604.47	482768.60	476588.33	479231.08	23905	35906	1
2025.03.10	15:00:00	479231.08	483517.73	475485.46	476463.48	23128	36065	1
2025.03.10	16:00:00	476567.53	487034.45	475131.70	483954.72	26701	42703	1
2025.03.10	17:00:00	483829.86	488199.75	479751.30	485681.86	12955	21268	1
2025.03.10	18:00:00	485702.67	488220.56	483413.68	486784.74	2022	3279	1
2025.03.11	09:00:00	497917.55	500518.67	495857.46	496731.44	18718	26680	1
2025.03.11	10:00:00	496689.82	502578.76	492465.59	493235.53	34809	50521	1
2025.03.11	11:00:00	493235.53	496856.29	482685.37	487513.05	39539	60232	1
2025.03.11	12:00:00	487492.25	497647.03	486659.89	495129.15	22911	36119	1
2025.03.11	13:00:00	495149.95	500081.69	491570.81	496523.35	18776	29251	1
2025.03.11	14:00:00	496606.58	499124.47	493297.95	496336.07	17206	27027	1
2025.03.11	15:00:00	496336.07	508030.72	496148.79	506386.81	20310	32337	1
2025.03.11	16:00:00	506366.00	508779.84	503764.88	505762.54	17596	29264	1
2025.03.11	17:00:00	505679.30	506303.57	502766.05	503848.11	8071	12659	1
2025.03.11	18:00:00	503806.50	507177.55	502620.38	506053.87	1766	3043	1
2025.03.12	09:00:00	505325.55	514169.37	503702.45	514148.56	21360	31610	1
2025.03.12	10:00:00	514106.95	515043.35	500872.43	502703.62	32114	46528	1
2025.03.12	11:00:00	502599.57	504618.05	495836.65	496232.02	26979	40777	1
2025.03.12	12:00:00	496294.45	499082.85	491029.77	497542.99	24577	37801	1
2025.03.12	13:00:00	497584.61	500768.38	496731.44	498500.20	17894	27077	1
2025.03.12	14:00:00	498521.01	504409.96	496523.35	496897.91	21959	32757	1
2025.03.12	15:00:00	496877.10	501746.41	496211.21	501496.70	16129	25511	1
2025.03.12	16:00:00	501351.03	505096.65	500456.25	503556.79	16261	25661	1
2025.03.12	17:00:00	503556.79	504763.71	501808.83	503993.78	7804	12707	1
2025.03.12	18:00:00	503972.97	506303.57	503681.64	505263.12	1582	2522	1
2025.03.13	09:00:00	505096.65	509528.97	500539.48	501704.79	22283	32618	1
2025.03.13	10:00:00	501621.55	506657.33	497022.76	497896.74	31780	46011	1
2025.03.13	11:00:00	497813.51	501392.65	496440.11	497605.42	24254	34807	1
2025.03.13	12:00:00	497709.46	498999.62	490967.35	491383.53	19955	30639	1
2025.03.13	13:00:00	491445.95	492736.11	488782.40	490197.41	15005	24509	1
2025.03.13	14:00:00	490093.37	490301.46	485224.07	486056.43	16862	26924	1
2025.03.13	15:00:00	485952.38	491383.53	485515.39	490696.83	16851	27175	1
2025.03.13	16:00:00	490634.40	492049.41	484932.74	485723.48	17054	27760	1
2025.03.13	17:00:00	485765.10	489302.63	485598.63	486930.40	8873	14162	1
2025.03.13	18:00:00	486951.21	488074.90	486347.75	487450.63	1491	2252	1
2025.03.14	09:00:00	501496.70	504784.52	500810.00	502495.53	14726	20551	1
2025.03.14	10:00:00	502495.53	504305.91	498833.15	502162.58	25966	36601	1
2025.03.14	11:00:00	502204.20	502204.20	495732.61	501142.94	25136	37797	1
2025.03.14	12:00:00	501163.75	511235.31	501163.75	508301.24	25177	38942	1
2025.03.14	13:00:00	508301.24	509841.10	502703.62	506907.03	17486	27576	1
2025.03.14	14:00:00	506823.80	507614.54	503640.02	505512.83	14114	22527	1
2025.03.14	15:00:00	505533.64	508509.33	504555.62	507302.41	13228	23243	1
2025.03.14	16:00:00	507260.79	509570.59	506657.33	508259.62	10414	17808	1
2025.03.14	17:00:00	508342.86	508342.86	503348.70	505845.78	8786	13546	1
2025.03.14	18:00:00	505720.92	507739.39	504701.28	507323.21	1219	1937	1
2025.03.17	09:00:00	502641.19	502932.52	494775.39	495108.34	17828	27426	1
2025.03.17	10:00:00	495087.53	500664.34	493734.94	496294.45	24582	36520	1
2025.03.17	11:00:00	496232.02	497272.47	491716.47	494192.74	21399	32540	1
2025.03.17	12:00:00	494296.79	497605.42	492569.64	496419.30	12769	19629	1
2025.03.17	13:00:00	496419.30	498833.15	493568.47	495337.24	14083	22096	1
2025.03.17	14:00:00	495295.62	501496.70	494941.86	500976.47	15197	23406	1
2025.03.17	15:00:00	500955.66	501746.41	498708.29	500373.01	14737	24313	1
2025.03.17	16:00:00	500373.01	502870.09	499644.70	501871.26	11497	19968	1
2025.03.17	17:00:00	501808.83	502245.82	497751.08	498812.34	7998	13039	1
2025.03.17	18:00:00	498812.34	500789.19	498333.73	499124.47	1266	2186	1
2025.03.18	09:00:00	491425.15	492736.11	488928.07	489073.73	14583	21088	1
2025.03.18	10:00:00	489073.73	489469.10	481748.96	482872.65	28456	41099	1
2025.03.18	11:00:00	482851.84	486535.03	481228.74	485557.01	21365	32519	1
2025.03.18	12:00:00	485619.44	487200.92	482165.14	482581.32	13821	22053	1
2025.03.18	13:00:00	482706.18	485536.20	481311.98	483975.53	13804	22091	1
2025.03.18	14:00:00	483871.48	484662.22	480458.81	481228.74	15069	23164	1
2025.03.18	15:00:00	481374.40	484495.75	479876.15	484079.57	13978	21751	1
2025.03.18	16:00:00	483975.53	488220.56	483309.64	486847.17	14022	22252	1
2025.03.18	17:00:00	486826.36	487263.35	483996.34	485182.45	8151	12723	1
2025.03.18	18:00:00	485203.26	486222.90	484495.75	485536.20	1774	2737	1
2025.03.19	09:00:00	496481.73	497314.09	495254.00	496627.39	9909	14123	1
2025.03.19	10:00:00	496689.82	500581.10	495420.47	498666.67	27176	38313	1
2025.03.19	11:00:00	498749.91	500497.87	496669.01	498250.49	17453	26694	1
2025.03.19	12:00:00	498125.64	501142.94	496585.78	499811.17	14031	22183	1
2025.03.19	13:00:00	499894.40	500560.29	498167.26	499665.51	8932	13993	1
2025.03.19	14:00:00	499540.65	500705.96	495295.62	497813.51	15294	24680	1
2025.03.19	15:00:00	497584.61	505387.98	493776.56	503931.35	26593	41437	1
2025.03.19	16:00:00	503952.16	506116.29	501163.75	504181.06	16178	25824	1
2025.03.19	17:00:00	504118.63	506428.43	502578.76	503640.02	6765	10926	1
2025.03.19	18:00:00	503640.02	507156.74	503078.18	506157.91	1325	2156	1
2025.03.20	09:00:00	504867.75	505325.55	502537.15	503640.02	8871	11864	1
2025.03.20	10:00:00	503473.55	508571.75	502079.35	505908.20	22328	30158	1
2025.03.20	11:00:00	505866.59	512317.37	505492.02	509424.92	26235	38374	1
2025.03.20	12:00:00	509445.73	509549.78	500622.72	501309.42	26379	40379	1
2025.03.20	13:00:00	501205.37	502870.09	494109.51	495524.52	20846	32181	1
2025.03.20	14:00:00	495545.33	498437.78	494442.45	496669.01	15984	25775	1
2025.03.20	15:00:00	496669.01	497938.36	495337.24	497085.19	9710	15624	1
2025.03.20	16:00:00	497147.62	499020.43	496003.12	498084.02	10757	17656	1
2025.03.20	17:00:00	498104.83	500997.28	497792.70	500373.01	7022	10780	1
2025.03.20	18:00:00	500373.01	500643.53	497771.89	498208.88	1476	2369	1
2025.03.21	09:00:00	497584.61	501996.11	496294.45	497106.00	17235	23688	1
2025.03.21	10:00:00	497189.24	501892.07	495399.66	500726.76	25971	38641	1
2025.03.21	11:00:00	500747.57	503452.74	498125.64	503286.27	20348	30732	1
2025.03.21	12:00:00	503390.32	503556.79	498104.83	498333.73	12112	19923	1
2025.03.21	13:00:00	498271.30	501434.27	496752.25	500144.11	13547	21031	1
2025.03.21	14:00:00	500248.16	501351.03	498104.83	500373.01	10895	17408	1
2025.03.21	15:00:00	500310.58	502870.09	499519.84	501538.32	10069	15672	1
2025.03.21	16:00:00	501475.89	501579.93	498687.48	499582.27	9278	15127	1
2025.03.21	17:00:00	499603.08	502620.38	499124.47	502495.53	5459	8809	1
2025.03.21	18:00:00	502537.15	505492.02	501767.21	504597.24	1613	2436	1
2025.03.24	09:00:00	521951.94	525322.99	520079.13	523887.17	14056	19596	1
2025.03.24	10:00:00	523970.41	524386.59	520536.92	524157.69	18570	25765	1
2025.03.24	11:00:00	524157.69	529963.40	523907.98	526384.25	22558	34852	1
2025.03.24	12:00:00	526301.02	527903.31	523949.60	527445.51	15056	24863	1
2025.03.24	13:00:00	527487.13	528298.68	523907.98	525905.64	12982	22618	1
2025.03.24	14:00:00	525884.84	530192.30	525177.33	529963.40	12052	19223	1
2025.03.24	15:00:00	529984.21	531087.08	528714.86	529900.97	12016	19217	1
2025.03.24	16:00:00	530025.82	530670.90	527216.61	529006.18	12979	22329	1
2025.03.24	17:00:00	529026.99	531253.56	527716.03	528028.16	8244	12369	1
2025.03.24	18:00:00	527965.73	530733.33	527528.75	530587.67	1481	2373	1
2025.03.25	09:00:00	523866.36	524344.97	519142.72	519683.76	16211	22106	1
2025.03.25	10:00:00	519558.90	524095.26	518060.65	520745.01	29935	42268	1
2025.03.25	11:00:00	520932.30	522888.34	518976.25	521119.58	21499	32457	1
2025.03.25	12:00:00	521140.39	522576.21	519454.86	519704.56	14221	22930	1
2025.03.25	13:00:00	519704.56	521556.57	519267.58	521286.05	10250	16951	1
2025.03.25	14:00:00	521306.86	524365.78	521306.86	521494.14	13892	22119	1
2025.03.25	15:00:00	521431.71	522201.64	519392.43	520953.10	13111	20897	1
2025.03.25	16:00:00	520890.68	524865.19	520869.87	523720.70	13520	20919	1
2025.03.25	17:00:00	523699.89	526425.87	521618.99	522035.17	10448	16608	1
2025.03.25	18:00:00	521889.51	524157.69	521660.61	522076.79	1553	2594	1
2025.03.26	09:00:00	523637.46	523637.46	521535.76	523304.52	10663	14985	1
2025.03.26	10:00:00	523387.76	525010.86	516874.54	517831.76	28261	43241	1
2025.03.26	11:00:00	517706.90	520453.69	514689.60	517145.06	24857	38811	1
2025.03.26	12:00:00	517165.87	519350.81	516624.83	517831.76	13155	21983	1
2025.03.26	13:00:00	517790.14	519766.99	515480.34	515938.14	12442	20043	1
2025.03.26	14:00:00	515854.90	518518.45	515771.67	517041.01	10623	17707	1
2025.03.26	15:00:00	517124.25	517686.09	514190.18	514273.42	9706	16722	1
2025.03.26	16:00:00	514315.04	517207.49	511963.62	516187.85	17503	29101	1
2025.03.26	17:00:00	516229.46	521785.46	515834.09	521077.96	10715	17271	1
2025.03.26	18:00:00	521161.19	521577.37	519871.04	520849.06	1535	2624	1
2025.03.27	09:00:00	517935.80	521473.33	517124.25	520640.97	11699	15762	1
2025.03.27	10:00:00	520745.01	521618.99	516062.99	517977.42	23967	34552	1
2025.03.27	11:00:00	517894.18	522243.26	516770.50	522097.60	19515	29950	1
2025.03.27	12:00:00	522097.60	523824.75	518143.89	519350.81	17004	27206	1
2025.03.27	13:00:00	519288.38	521618.99	518539.26	518893.01	10370	18001	1
2025.03.27	14:00:00	518872.21	521723.04	518227.13	520183.17	11143	18375	1
2025.03.27	15:00:00	520120.74	523824.75	519496.47	522201.64	12553	20692	1
2025.03.27	16:00:00	522201.64	524116.07	521182.00	521806.27	10759	18427	1
2025.03.27	17:00:00	521847.89	522950.77	519954.27	522368.12	6966	11318	1
2025.03.27	18:00:00	522243.26	523034.00	521431.71	523034.00	927	1381	1
2025.03.28	09:00:00	510059.93	512033.80	507469.23	508620.65	9073	13045	1
2025.03.28	10:00:00	508764.58	512218.85	507058.01	507551.47	17571	24994	1
2025.03.28	11:00:00	507448.67	508600.09	503151.39	503398.13	18032	27947	1
2025.03.28	12:00:00	503418.69	505351.43	501691.55	502575.68	12703	19947	1
2025.03.28	13:00:00	502575.68	503357.00	500190.59	501054.16	11021	18823	1
2025.03.28	14:00:00	500889.67	501876.60	499429.83	501300.89	10621	18341	1
2025.03.28	15:00:00	501259.77	502411.19	499799.93	500807.42	9381	16355	1
2025.03.28	16:00:00	500869.11	501609.31	499450.39	500663.50	7600	13413	1
2025.03.28	17:00:00	500745.74	502349.51	500026.10	500663.50	5500	9630	1
2025.03.28	18:00:00	500725.18	501938.29	495482.09	498401.77	1446	2216	1
2025.03.31	09:00:00	492850.27	497044.74	486270.71	494022.25	16319	22835	1
2025.03.31	10:00:00	493960.57	494680.21	485921.17	490670.79	27294	40478	1
2025.03.31	11:00:00	490588.54	497969.99	490567.98	495667.14	24657	37350	1
2025.03.31	12:00:00	495728.83	498977.48	495728.83	496633.52	14965	23300	1
2025.03.31	13:00:00	496654.08	497928.87	494042.81	494392.35	11329	17847	1
2025.03.31	14:00:00	494289.55	495913.88	489724.98	490485.74	15823	26155	1
2025.03.31	15:00:00	490485.74	494803.57	490424.05	493590.47	16884	29357	1
2025.03.31	16:00:00	493549.35	494371.79	487216.52	487751.11	16324	28636	1
2025.03.31	17:00:00	487771.67	489519.36	486496.88	487072.59	8292	13384	1
2025.03.31	18:00:00	487093.15	487709.99	485962.29	485962.29	1013	1622	1
2025.04.01	09:00:00	496654.08	498751.31	495646.58	496283.98	12555	17247	1
2025.04.01	10:00:00	496283.98	497867.18	493837.20	495646.58	23356	33950	1
2025.04.01	11:00:00	495564.34	497826.06	488121.21	496900.81	28451	43475	1
2025.04.01	12:00:00	496941.93	505125.26	496571.83	503357.00	19958	32371	1
2025.04.01	13:00:00	503439.25	504323.38	499573.76	502164.46	15284	24363	1
2025.04.01	14:00:00	502164.46	503336.44	500827.99	502082.21	10449	16755	1
2025.04.01	15:00:00	502185.02	502616.80	499491.51	501897.16	13037	20806	1
2025.04.01	16:00:00	501794.36	502328.95	500005.54	500971.91	9998	16698	1
2025.04.01	17:00:00	500930.79	503151.39	500128.91	502493.44	6327	9619	1
2025.04.01	18:00:00	502328.95	503747.67	501732.68	502185.02	1291	2150	1
2025.04.02	09:00:00	497784.94	501198.09	496304.54	500971.91	13915	19043	1
2025.04.02	10:00:00	500971.91	508312.24	496551.27	502986.90	32801	49556	1
2025.04.02	11:00:00	503069.15	508785.14	502596.24	507962.70	23139	36296	1
2025.04.02	12:00:00	507880.45	516433.88	507510.35	513308.59	25306	41509	1
2025.04.02	13:00:00	513329.15	515981.54	512013.24	514357.21	13466	21673	1
2025.04.02	14:00:00	514274.96	516063.78	510347.79	511745.95	17921	28460	1
2025.04.02	15:00:00	511725.38	512321.66	508887.95	509463.66	14304	22387	1
2025.04.02	16:00:00	509525.34	514151.60	508867.39	513473.08	12938	21220	1
2025.04.02	17:00:00	513431.96	522047.07	499779.37	502596.24	31028	52402	1
2025.04.02	18:00:00	502678.49	503233.64	494515.72	496612.95	2208	3642	1
2025.04.03	09:00:00	485078.16	485201.53	477121.00	478313.55	20387	28852	1
2025.04.03	10:00:00	478210.74	481089.30	475291.06	478478.04	26494	38812	1
2025.04.03	11:00:00	478457.48	478745.33	471507.82	472350.82	23991	36886	1
2025.04.03	12:00:00	472186.33	476648.10	470890.98	475805.09	15159	23491	1
2025.04.03	13:00:00	475825.65	478313.55	474119.08	474900.40	14920	23250	1
2025.04.03	14:00:00	475023.77	477326.61	474036.83	475702.29	11702	18471	1
2025.04.03	15:00:00	475763.97	478950.94	473851.78	477532.23	12790	20014	1
2025.04.03	16:00:00	477552.79	479012.63	476257.44	477552.79	12840	21438	1
2025.04.03	17:00:00	477696.72	480266.86	476339.68	479793.95	5897	9512	1
2025.04.03	18:00:00	479835.07	481788.38	479053.75	480986.50	1656	2792	1
2025.04.04	09:00:00	485962.29	494186.74	485962.29	492110.07	24392	37253	1
2025.04.04	10:00:00	492212.87	499573.76	490588.54	498689.63	31024	46531	1
2025.04.04	11:00:00	498669.07	499841.05	492192.31	496427.90	26983	40405	1
2025.04.04	12:00:00	496325.10	502349.51	494988.62	497641.01	22717	36746	1
2025.04.04	13:00:00	497682.13	502205.58	497620.45	501198.09	13332	21802	1
2025.04.04	14:00:00	501115.84	510244.98	499265.34	509299.17	20591	32963	1
2025.04.04	15:00:00	509299.17	510039.37	505104.70	507736.53	17482	27916	1
2025.04.04	16:00:00	507798.21	510861.82	506687.91	507942.14	13559	22343	1
2025.04.04	17:00:00	507859.89	510635.64	505721.53	509710.39	8646	13998	1
2025.04.04	18:00:00	509545.90	511355.28	508435.60	511314.16	1260	1886	1
2025.04.07	09:00:00	467498.40	472659.24	463735.71	469061.04	23334	35330	1
2025.04.07	10:00:00	468958.24	477984.57	462399.24	477121.00	37837	60926	1
2025.04.07	11:00:00	477141.56	489663.29	472823.73	480534.15	52121	95616	1
2025.04.07	12:00:00	480534.15	483823.93	472988.22	481089.30	27448	51432	1
2025.04.07	13:00:00	481109.86	481500.52	473605.05	474324.69	18060	31313	1
2025.04.07	14:00:00	474468.62	482837.00	474386.37	482384.65	23897	43988	1
2025.04.07	15:00:00	482384.65	484029.54	479135.99	480307.98	19966	35230	1
2025.04.07	16:00:00	480328.54	483001.49	476216.31	477244.37	15469	26769	1
2025.04.07	17:00:00	477121.00	484050.10	477121.00	482857.56	8440	14029	1
2025.04.07	18:00:00	483042.61	485797.80	481274.35	483289.34	1301	2037	1
2025.04.08	09:00:00	486866.98	487339.88	483926.74	486496.88	16126	23462	1
2025.04.08	10:00:00	486517.44	489951.15	483104.29	486476.32	32690	51292	1
2025.04.08	11:00:00	486352.95	488902.53	481911.75	481911.75	23413	37767	1
2025.04.08	12:00:00	481973.43	485756.68	481788.38	485386.58	16631	26454	1
2025.04.08	13:00:00	485283.77	485674.43	478478.04	478786.46	18894	30737	1
2025.04.08	14:00:00	478950.94	479835.07	473091.02	477162.13	23226	38668	1
2025.04.08	15:00:00	476997.64	481274.35	475496.67	477121.00	15611	25239	1
2025.04.08	16:00:00	477223.81	477696.72	472556.43	475393.87	16560	27073	1
2025.04.08	17:00:00	475393.87	479115.43	474180.76	478046.25	7694	12206	1
2025.04.08	18:00:00	477820.08	479896.76	476627.54	477059.32	1146	1803	1
2025.04.09	09:00:00	472618.12	484111.79	472618.12	481665.01	25356	39047	1
2025.04.09	10:00:00	481623.89	485694.99	479629.46	484502.45	35147	55675	1
2025.04.09	11:00:00	484728.62	488265.14	480472.47	480904.25	24464	38955	1
2025.04.09	12:00:00	480965.93	486147.34	480657.52	482466.90	16453	26125	1
2025.04.09	13:00:00	482549.14	486455.76	481397.72	485818.36	12469	19900	1
2025.04.09	14:00:00	486023.97	500663.50	481747.26	499964.42	29035	47793	1
2025.04.09	15:00:00	499779.37	503233.64	495358.73	495646.58	17204	26229	1
2025.04.09	16:00:00	495584.90	498854.12	494248.42	497826.06	13215	21932	1
2025.04.09	17:00:00	497928.87	501444.82	494926.94	500663.50	6132	9898	1
2025.04.09	18:00:00	500642.94	503891.59	495111.99	500190.59	1061	1383	1
2025.04.10	09:00:00	494145.62	496612.95	492110.07	496098.93	14787	23037	1
2025.04.10	10:00:00	496222.29	498710.19	490855.84	492521.29	25954	39085	1
2025.04.10	11:00:00	492397.92	498525.14	490506.30	496859.69	20495	32313	1
2025.04.10	12:00:00	496839.13	497065.30	482199.60	482795.88	24044	37971	1
2025.04.10	13:00:00	482754.75	487216.52	480595.83	486414.63	19426	32208	1
2025.04.10	14:00:00	486332.39	487216.52	481192.11	482980.93	15555	25812	1
2025.04.10	15:00:00	482898.68	487483.81	482261.29	483433.27	13400	21834	1
2025.04.10	16:00:00	483474.39	487154.83	482837.00	484523.01	11717	19760	1
2025.04.10	17:00:00	484461.33	486065.09	483145.41	485386.58	5253	8877	1
2025.04.10	18:00:00	485612.75	486270.71	483022.05	484029.54	885	1539	1
2025.04.11	09:00:00	493405.42	497517.64	492459.61	496160.61	13511	19482	1
2025.04.11	10:00:00	496181.17	507530.91	496078.36	503912.16	29698	43925	1
2025.04.11	11:00:00	503706.54	503829.91	495626.02	498011.11	21049	33092	1
2025.04.11	12:00:00	497969.99	502287.83	497209.23	501136.40	14317	22895	1
2025.04.11	13:00:00	501218.65	504528.99	497435.40	503130.83	16328	26769	1
2025.04.11	14:00:00	503130.83	508805.70	502164.46	508044.94	15628	25477	1
2025.04.11	15:00:00	508003.82	509689.83	506543.98	507140.25	12569	19183	1
2025.04.11	16:00:00	507140.25	509052.44	506708.47	508250.55	9417	15380	1
2025.04.11	17:00:00	508147.75	509278.61	506955.20	507962.70	5350	8193	1
2025.04.11	18:00:00	507921.58	512568.39	507654.28	509443.10	1452	2253	1
2025.04.14	09:00:00	512568.39	514912.36	511067.43	514562.82	11133	16696	1
2025.04.14	10:00:00	514583.38	515056.29	506256.12	508291.68	22565	35209	1
2025.04.14	11:00:00	508312.24	517688.11	507345.86	515220.78	17037	27667	1
2025.04.14	12:00:00	515241.34	515529.19	507099.13	509175.80	17629	30066	1
2025.04.14	13:00:00	509093.56	512033.80	507942.14	509648.71	11254	19626	1
2025.04.14	14:00:00	509710.39	513637.57	509422.54	513617.01	10001	16956	1
2025.04.14	15:00:00	513617.01	514542.26	511869.31	513658.13	10181	17301	1
2025.04.14	16:00:00	513699.25	515426.39	512095.48	512979.61	10870	18266	1
2025.04.14	17:00:00	513102.98	513617.01	511005.74	512609.51	5915	10052	1
2025.04.14	18:00:00	512835.69	513617.01	512054.36	512342.22	799	1321	1
2025.04.15	09:00:00	516269.39	519065.71	514645.06	519065.71	13007	18899	1
2025.04.15	10:00:00	519065.71	523753.64	517626.43	518119.90	23523	36311	1
2025.04.15	11:00:00	518058.21	520381.62	513822.62	516824.54	20268	34065	1
2025.04.15	12:00:00	516865.67	519847.03	513925.42	515714.24	12032	20652	1
2025.04.15	13:00:00	515611.44	518284.38	515405.83	516372.20	7587	11950	1
2025.04.15	14:00:00	516392.76	517646.99	513699.25	513987.11	7145	11620	1
2025.04.15	15:00:00	514007.67	514480.58	511499.21	512383.34	9954	16146	1
2025.04.15	16:00:00	512321.66	512383.34	509998.25	510594.52	8037	12791	1
2025.04.15	17:00:00	510594.52	511499.21	508682.34	510224.42	6176	10981	1
2025.04.15	18:00:00	510203.86	510347.79	505351.43	506482.30	1334	2145	1
2025.04.16	09:00:00	507510.35	510882.38	507510.35	509854.32	10557	15832	1
2025.04.16	10:00:00	509792.64	512301.10	507654.28	508127.19	19541	29918	1
2025.04.16	11:00:00	508065.50	515076.85	507901.01	513493.64	17398	29821	1
2025.04.16	12:00:00	513596.45	516084.34	512136.61	513288.03	11860	20638	1
2025.04.16	13:00:00	513349.71	515426.39	512445.02	514254.40	8678	14334	1
2025.04.16	14:00:00	514233.84	517132.96	504714.04	504755.16	16931	27922	1
2025.04.16	15:00:00	504857.97	511478.65	504652.36	507921.58	18356	32741	1
2025.04.16	16:00:00	507962.70	511437.53	507243.06	510368.35	10324	18242	1
2025.04.16	17:00:00	510430.03	512547.83	509895.44	510759.01	5188	9314	1
2025.04.16	18:00:00	510738.45	512712.32	510183.30	512650.63	990	1475	1
2025.04.17	09:00:00	512342.22	514542.26	511910.43	513288.03	9740	14803	1
2025.04.17	10:00:00	513246.91	514131.04	509710.39	510553.40	15853	24334	1
2025.04.17	11:00:00	510471.16	510635.64	506975.76	508188.87	14029	21187	1
2025.04.17	12:00:00	508188.87	511663.70	507921.58	508867.39	12278	20276	1
2025.04.17	13:00:00	508805.70	510327.23	506564.54	508846.83	11606	19897	1
2025.04.17	14:00:00	508805.70	511334.72	507962.70	509998.25	7878	13885	1
2025.04.17	15:00:00	509957.13	512362.78	508065.50	508065.50	10282	19400	1
2025.04.17	16:00:00	508106.63	509566.47	506934.64	508456.16	8077	13084	1
2025.04.17	17:00:00	508415.04	510244.98	508312.24	510101.05	3923	6437	1
2025.04.17	18:00:00	510121.62	510738.45	508785.14	509114.12	910	1388	1
2025.04.22	09:00:00	528976.17	531402.38	527763.06	529860.30	12972	18916	1
2025.04.22	10:00:00	529921.98	537344.55	529325.71	536008.08	23773	35562	1
2025.04.22	11:00:00	535987.52	541107.24	534465.99	539051.12	17807	27641	1
2025.04.22	12:00:00	539071.69	542382.03	535864.15	539030.56	15891	25878	1
2025.04.22	13:00:00	539112.81	539462.35	535843.59	536480.98	8931	14438	1
2025.04.22	14:00:00	536460.42	541909.12	536460.42	541230.60	12287	19690	1
2025.04.22	15:00:00	541312.85	542731.57	538763.27	540284.79	10478	16467	1
2025.04.22	16:00:00	540305.35	541251.17	536789.40	539935.25	10962	17761	1
2025.04.22	17:00:00	540017.50	540942.75	538393.17	539133.37	5147	8462	1
2025.04.22	18:00:00	538927.76	542978.30	538249.24	539236.18	1490	2315	1
2025.04.23	09:00:00	549640.11	551285.00	548324.19	549187.76	11686	15515	1
2025.04.23	10:00:00	549228.88	552415.86	543985.80	544540.95	26462	40402	1
2025.04.23	11:00:00	544623.19	547748.48	542834.37	545260.59	16083	25172	1
2025.04.23	12:00:00	545301.71	547522.31	540593.21	547111.09	15438	23740	1
2025.04.23	13:00:00	547193.33	551243.87	545610.13	550462.55	13247	19906	1
2025.04.23	14:00:00	550441.99	553320.55	549249.44	552066.32	11589	17261	1
2025.04.23	15:00:00	552025.20	553814.02	550812.09	550832.65	8703	13634	1
2025.04.23	16:00:00	550812.09	551285.00	547337.26	550400.87	12048	18360	1
2025.04.23	17:00:00	550503.67	552313.05	550339.18	550832.65	5685	9278	1
2025.04.23	18:00:00	550832.65	552456.98	550236.38	550873.77	944	1416	1
2025.04.24	09:00:00	544561.51	544561.51	541148.36	542711.01	9293	12740	1
2025.04.24	10:00:00	542793.25	544191.41	541024.99	542854.93	15095	21313	1
2025.04.24	11:00:00	542854.93	546720.43	542484.83	544664.31	17267	26314	1
2025.04.24	12:00:00	544623.19	546041.91	543512.89	544787.68	9223	14570	1
2025.04.24	13:00:00	544808.24	548098.02	544582.07	546165.28	8013	11790	1
2025.04.24	14:00:00	546185.84	546638.18	542279.22	544808.24	10966	16486	1
2025.04.24	15:00:00	544746.56	547398.94	544643.75	546884.92	8441	12880	1
2025.04.24	16:00:00	546864.35	548447.56	545733.49	547974.65	7420	11755	1
2025.04.24	17:00:00	547995.22	548468.12	545774.61	546967.16	5907	9208	1
2025.04.24	18:00:00	546782.11	548324.19	544561.51	545260.59	937	1306	1
2025.04.25	09:00:00	555553.12	558557.64	553847.84	554903.49	10563	15855	1
2025.04.25	10:00:00	554883.19	556872.67	552711.00	554091.45	13742	20335	1
2025.04.25	11:00:00	554314.76	562820.82	553441.83	560222.31	17254	27457	1
2025.04.25	12:00:00	560344.12	562353.90	557177.18	558314.03	8959	15607	1
2025.04.25	13:00:00	558374.93	559674.19	555715.52	557908.01	6630	10755	1
2025.04.25	14:00:00	557968.92	560425.32	553989.95	554801.98	9617	15737	1
2025.04.25	15:00:00	554842.59	559714.79	554639.58	558029.82	6773	11169	1
2025.04.25	16:00:00	558009.52	560181.71	557095.98	559978.70	8031	14376	1
2025.04.25	17:00:00	560059.91	560303.52	556527.56	557481.70	3642	6521	1
2025.04.25	18:00:00	557380.19	558780.95	554862.89	556223.04	937	1660	1
2025.04.28	09:00:00	559288.47	560709.53	557217.79	557562.90	10290	14669	1
2025.04.28	10:00:00	557522.30	558232.83	547534.28	547818.49	19288	29649	1
2025.04.28	11:00:00	547859.09	553908.75	547067.36	552771.90	15051	24377	1
2025.04.28	12:00:00	552690.70	553299.72	548386.92	549341.06	9673	15947	1
2025.04.28	13:00:00	549259.85	550660.61	547716.99	548752.33	7946	12546	1
2025.04.28	14:00:00	548691.43	549747.07	546356.83	549483.16	9017	14397	1
2025.04.28	15:00:00	549483.16	549625.27	546884.65	548711.73	8247	12870	1
2025.04.28	16:00:00	548732.03	552548.59	548366.61	551695.95	10650	18137	1
2025.04.28	17:00:00	551574.15	551777.16	549807.97	550356.10	5365	8954	1
2025.04.28	18:00:00	550437.30	550741.81	544651.56	545037.27	1393	2234	1
2025.04.29	09:00:00	553015.51	555837.33	551472.64	551756.86	8920	13256	1
2025.04.29	10:00:00	551777.16	553401.23	550762.11	552041.07	13053	20070	1
2025.04.29	11:00:00	552183.17	554071.15	550660.61	553177.92	12819	19801	1
2025.04.29	12:00:00	553076.41	553259.12	548874.14	550417.00	9025	14435	1
2025.04.29	13:00:00	550437.30	554192.96	550112.49	551330.54	9246	16056	1
2025.04.29	14:00:00	551310.24	553096.71	549929.78	552528.29	9659	17506	1
2025.04.29	15:00:00	552589.19	553969.65	551675.65	553482.43	7894	14176	1
2025.04.29	16:00:00	553502.73	553888.45	552244.08	552650.09	7163	11778	1
2025.04.29	17:00:00	552690.70	553177.92	548732.03	549056.84	5990	9446	1
2025.04.29	18:00:00	549138.05	549198.95	541606.43	546032.02	1992	2848	1
2025.04.30	09:00:00	550965.12	551168.13	545808.71	548021.50	12395	18457	1
2025.04.30	10:00:00	548082.40	552406.48	542743.28	542865.08	21157	32050	1
2025.04.30	11:00:00	542763.58	549665.87	541951.55	545605.70	18627	30789	1
2025.04.30	12:00:00	545544.80	548224.51	544550.05	547229.77	11039	18306	1
2025.04.30	13:00:00	547229.77	550051.58	545321.49	548975.64	7739	13089	1
2025.04.30	14:00:00	549016.24	550356.10	547920.00	549239.55	6360	10618	1
2025.04.30	15:00:00	549381.66	550843.32	547716.99	548082.40	7273	12662	1
2025.04.30	16:00:00	548102.70	550051.58	546377.13	549198.95	7389	12267	1
2025.04.30	17:00:00	549219.25	552995.21	548975.64	551797.46	7518	11846	1
2025.04.30	18:00:00	551797.46	558273.43	551716.25	555329.81	1739	2808	1
2025.05.02	09:00:00	565033.61	566515.58	562739.62	564708.80	9772	15537	1
2025.05.02	10:00:00	564769.70	564993.01	560039.60	560628.33	15106	22448	1
2025.05.02	11:00:00	560628.33	567226.11	560506.52	566373.47	17481	27949	1
2025.05.02	12:00:00	566434.37	567469.72	563937.37	565317.83	10604	17202	1
2025.05.02	13:00:00	565358.43	568565.96	565277.22	566028.36	9266	15295	1
2025.05.02	14:00:00	566008.05	566535.88	564241.88	565987.75	8874	14682	1
2025.05.02	15:00:00	565987.75	567104.30	564424.59	564830.61	7923	13598	1
2025.05.02	16:00:00	564749.40	564871.21	562353.90	563450.15	9878	16787	1
2025.05.02	17:00:00	563531.35	566799.79	562719.32	566474.97	5357	8916	1
2025.05.02	18:00:00	566048.66	566860.69	563511.05	564383.99	1183	1970	1
2025.05.05	09:00:00	546478.64	546478.64	543616.21	545463.59	7683	11415	1
2025.05.05	10:00:00	545443.29	546214.72	542073.35	545321.49	16078	24254	1
2025.05.05	11:00:00	545362.09	547899.69	543027.49	544732.76	15126	23224	1
2025.05.05	12:00:00	544793.66	545808.71	543453.81	545016.97	7822	13471	1
2025.05.05	13:00:00	545077.88	549422.26	544895.17	549219.25	10210	16817	1
2025.05.05	14:00:00	549219.25	551614.75	548123.00	550985.42	11874	20894	1
2025.05.05	15:00:00	551107.23	553868.15	550924.52	552873.40	9297	15238	1
2025.05.05	16:00:00	552832.80	553726.04	550092.19	550660.61	8334	14384	1
2025.05.05	17:00:00	550701.21	550823.02	547412.47	549056.84	7770	13639	1
2025.05.05	18:00:00	549178.65	553117.01	548366.61	553015.51	1591	2610	1
2025.05.06	09:00:00	546986.16	550376.40	546986.16	549604.97	9791	13949	1
2025.05.06	10:00:00	549625.27	552589.19	548671.13	549604.97	18126	26714	1
2025.05.06	11:00:00	549604.97	555857.63	549381.66	551919.26	18444	27164	1
2025.05.06	12:00:00	551878.66	554781.68	550640.31	554598.98	11907	19018	1
2025.05.06	13:00:00	554659.88	555817.03	551817.76	551980.17	11283	17767	1
2025.05.06	14:00:00	551959.87	554883.19	551919.26	552751.60	11058	18067	1
2025.05.06	15:00:00	552792.20	556933.57	552284.68	556507.26	8708	14246	1
2025.05.06	16:00:00	556507.26	557258.39	555857.63	556141.84	7517	13139	1
2025.05.06	17:00:00	556080.94	556689.96	554822.29	555289.20	5429	9030	1
2025.05.06	18:00:00	555289.20	556141.84	554822.29	555492.21	1027	1723	1
2025.05.07	09:00:00	567449.42	570108.83	567124.60	569987.02	11426	16194	1
2025.05.07	10:00:00	569987.02	572179.51	568383.25	571712.59	17947	26129	1
2025.05.07	11:00:00	571651.69	573620.87	570291.53	570799.06	15947	25154	1
2025.05.07	12:00:00	570819.36	572626.13	569114.09	571245.67	13079	20763	1
2025.05.07	13:00:00	571184.77	571326.88	568789.27	570210.33	8830	13947	1
2025.05.07	14:00:00	570271.23	570596.05	566150.16	566657.68	11209	17586	1
2025.05.07	15:00:00	566880.99	570352.44	564708.80	569174.99	19860	30265	1
2025.05.07	16:00:00	569195.29	569682.51	565683.24	566718.58	13584	23527	1
2025.05.07	17:00:00	566799.79	569946.42	566211.06	569824.61	6102	9843	1
2025.05.07	18:00:00	569743.41	571611.09	569174.99	571448.68	996	1544	1
2025.05.08	09:00:00	582796.86	586349.51	580705.87	580908.88	13071	19438	1
2025.05.08	10:00:00	580929.18	582512.65	577884.05	579020.90	17757	25140	1
2025.05.08	11:00:00	579061.50	581842.72	577762.25	578838.19	15969	24721	1
2025.05.08	12:00:00	578838.19	589983.36	578290.07	586978.83	23912	39156	1
2025.05.08	13:00:00	586978.83	589699.15	586045.00	589617.95	10721	17468	1
2025.05.08	14:00:00	589638.25	592074.35	587506.66	588602.90	13522	21112	1
2025.05.08	15:00:00	588704.41	590856.30	588257.79	590125.47	10014	15834	1
2025.05.08	16:00:00	590064.56	590226.97	586349.51	588115.68	12001	20400	1
2025.05.08	17:00:00	588095.38	596784.15	587932.97	596134.52	14093	22132	1
2025.05.08	18:00:00	595890.91	605452.61	593637.51	600275.89	2448	4004	1
2025.05.09	09:00:00	598733.03	598793.93	595281.88	596540.54	14292	20617	1
2025.05.09	10:00:00	596601.44	601575.15	596337.53	600580.41	22349	32852	1
2025.05.09	11:00:00	600458.60	600884.92	592825.48	597007.46	26787	40879	1
2025.05.09	12:00:00	596966.85	597839.79	593434.51	595200.68	13146	20450	1
2025.05.09	13:00:00	595220.98	595464.59	591932.24	592906.68	11369	19074	1
2025.05.09	14:00:00	592825.48	598042.80	592297.66	597514.98	10924	18635	1
2025.05.09	15:00:00	597494.68	598205.21	595850.31	597332.27	9846	17751	1
2025.05.09	16:00:00	597311.97	598306.71	595931.51	597860.09	8686	15972	1
2025.05.09	17:00:00	597819.49	599199.95	597575.88	598164.60	6012	9784	1
2025.05.09	18:00:00	598063.10	598205.21	595261.58	595830.01	1014	1667	1
2025.05.12	09:00:00	601575.15	606183.44	601575.15	603361.62	19009	26258	1
2025.05.12	10:00:00	603321.02	607543.60	600478.90	605939.83	36751	51847	1
2025.05.12	11:00:00	606021.03	606954.87	597454.07	597819.49	33761	50381	1
2025.05.12	12:00:00	597839.79	600661.61	595464.59	596215.72	23512	35936	1
2025.05.12	13:00:00	596195.42	599788.67	595890.91	598875.13	15644	25590	1
2025.05.12	14:00:00	598956.34	600742.81	597697.68	597961.60	14254	23444	1
2025.05.12	15:00:00	597981.90	598631.52	586593.12	591688.63	28936	45598	1
2025.05.12	16:00:00	591688.63	594002.93	590044.26	591851.04	16495	27436	1
2025.05.12	17:00:00	591851.04	597535.28	591505.92	595951.81	12631	19987	1
2025.05.12	18:00:00	596012.71	597352.57	594246.54	595099.18	1485	2227	1
2025.05.13	09:00:00	600844.32	602772.90	597717.99	598266.11	28610	41388	1
2025.05.13	10:00:00	598286.41	599484.16	595180.38	598245.81	28422	50944	1
2025.05.13	11:00:00	598266.11	598631.52	592602.17	594530.75	26076	43802	1
2025.05.13	12:00:00	594408.95	597210.46	592845.78	594754.06	17756	28561	1
2025.05.13	13:00:00	594754.06	599342.05	594043.53	595627.00	18746	33189	1
2025.05.13	14:00:00	595647.30	598875.13	594997.67	598672.13	15713	26875	1
2025.05.13	15:00:00	598712.73	599707.47	596479.63	597819.49	13486	23328	1
2025.05.13	16:00:00	597819.49	602224.77	596845.05	601412.74	17850	34639	1
2025.05.13	17:00:00	601473.64	602549.59	599037.54	600357.10	11548	20100	1
2025.05.13	18:00:00	600336.80	601433.04	599484.16	600377.40	1079	1901	1
2025.05.14	09:00:00	596784.15	597819.49	594408.95	595281.88	17142	24218	1
2025.05.14	10:00:00	595220.98	598753.33	592703.68	595748.80	31120	49089	1
2025.05.14	11:00:00	595748.80	595890.91	590592.39	592683.37	25656	41415	1
2025.05.14	12:00:00	592744.28	594469.85	590856.30	594165.34	18520	32938	1
2025.05.14	13:00:00	594185.64	594977.37	591810.44	593272.10	15583	28133	1
2025.05.14	14:00:00	593312.70	593901.43	589739.75	593089.39	16978	30870	1
2025.05.14	15:00:00	593089.39	595058.57	592378.86	594875.87	16159	29048	1
2025.05.14	16:00:00	594855.57	596459.33	594063.83	594693.16	12213	22737	1
2025.05.14	17:00:00	594713.46	597311.97	594571.35	596662.34	6644	11030	1
2025.05.14	18:00:00	596540.54	597941.29	595748.80	597433.77	1395	2296	1
2025.05.15	09:00:00	590450.28	590653.29	587770.57	589110.42	21075	33439	1
2025.05.15	10:00:00	589151.03	590632.99	584278.82	587425.45	31115	50842	1
2025.05.15	11:00:00	587384.85	589069.82	584502.13	588034.48	28278	46711	1
2025.05.15	12:00:00	588034.48	595606.70	587506.66	594916.47	21769	36864	1
2025.05.15	13:00:00	594957.07	598306.71	593596.91	598042.80	18462	34166	1
2025.05.15	14:00:00	598042.80	604863.89	597129.26	603402.22	22812	42166	1
2025.05.15	15:00:00	603321.02	603747.34	596256.32	596560.84	21979	40861	1
2025.05.15	16:00:00	596581.14	600154.09	596134.52	598834.53	16462	32345	1
2025.05.15	17:00:00	598854.83	601108.23	597149.56	600742.81	9893	17750	1
2025.05.15	18:00:00	600702.21	602793.20	599565.36	601636.05	1701	2964	1
2025.05.16	09:00:00	600884.92	604884.19	600844.32	602732.30	18781	28340	1
2025.05.16	10:00:00	602752.60	605899.23	602630.79	604904.49	25349	39165	1
2025.05.16	11:00:00	604823.28	605330.80	601696.95	603260.12	27151	45353	1
2025.05.16	12:00:00	603260.12	606183.44	602915.00	604640.58	18895	34461	1
2025.05.16	13:00:00	604681.18	606772.17	602224.77	604356.36	18242	33141	1
2025.05.16	14:00:00	604336.06	605858.63	602265.38	602894.70	12446	23972	1
2025.05.16	15:00:00	602833.80	603787.94	600702.21	600925.52	14360	27513	1
2025.05.16	16:00:00	600905.22	602955.61	599727.77	602732.30	12292	24784	1
2025.05.16	17:00:00	602712.00	602793.20	599057.84	600154.09	8695	15542	1
2025.05.16	18:00:00	600133.79	600945.82	597352.57	599910.48	1124	1924	1
2025.05.19	09:00:00	595809.71	595809.71	593170.59	594551.05	14066	21534	1
2025.05.19	10:00:00	594571.35	598184.91	593028.49	596987.15	30700	52805	1
2025.05.19	11:00:00	597048.06	602549.59	596865.35	602062.37	24772	41538	1
2025.05.19	12:00:00	602062.37	604579.67	601087.93	603828.54	17679	32115	1
2025.05.19	13:00:00	603848.84	607624.80	601879.66	607198.48	17874	31364	1
2025.05.19	14:00:00	607137.58	607969.92	605229.30	607381.19	18064	33164	1
2025.05.19	15:00:00	607360.89	608660.14	603645.83	604234.56	16575	30358	1
2025.05.19	16:00:00	604214.26	609390.98	603239.82	609106.76	16258	32150	1
2025.05.19	17:00:00	609066.16	610507.52	608071.42	608822.55	11397	18971	1
2025.05.19	18:00:00	608741.35	610527.82	607381.19	607381.19	1784	2992	1
2025.05.20	09:00:00	605249.60	607584.20	603361.62	604417.27	15608	22464	1
2025.05.20	10:00:00	604437.57	605188.70	601859.36	603321.02	26614	41934	1
2025.05.20	11:00:00	603321.02	606954.87	602427.78	604254.86	22517	40713	1
2025.05.20	12:00:00	604234.56	609330.07	603950.35	608964.66	17036	32402	1
2025.05.20	13:00:00	609025.56	610121.81	607563.90	608254.13	12630	23505	1
2025.05.20	14:00:00	608233.83	614953.41	608091.72	613999.27	21216	37348	1
2025.05.20	15:00:00	614019.57	615927.85	609817.29	610101.51	20507	36857	1
2025.05.20	16:00:00	610020.30	620272.23	609411.28	618952.68	21325	39400	1
2025.05.20	17:00:00	619054.18	620921.86	615826.35	619297.79	14798	24382	1
2025.05.20	18:00:00	619216.59	620739.15	616333.87	616333.87	1968	3249	1
2025.05.21	09:00:00	616354.17	617166.20	614506.79	615075.21	14959	21057	1
2025.05.21	10:00:00	615054.91	620820.36	613674.46	618627.86	28371	41617	1
2025.05.21	11:00:00	618566.96	627844.45	617328.61	627742.95	34566	56113	1
2025.05.21	12:00:00	627722.64	631173.79	625164.74	629204.61	35843	60187	1
2025.05.21	13:00:00	629204.61	633853.50	627560.24	629671.53	24693	43340	1
2025.05.21	14:00:00	629671.53	630767.77	612151.89	614994.01	49630	85608	1
2025.05.21	15:00:00	614994.01	619703.81	613694.76	616861.69	24604	45920	1
2025.05.21	16:00:00	616922.59	626484.29	614770.70	624718.12	28093	52526	1
2025.05.21	17:00:00	624738.42	626017.37	620312.83	623073.75	13039	22443	1
2025.05.21	18:00:00	623195.55	624839.92	621876.00	622160.21	1684	3475	1
2025.05.22	09:00:00	638218.19	645323.48	638218.19	643658.81	20491	33289	1
2025.05.22	10:00:00	643658.81	643861.82	638197.88	638339.99	28101	47939	1
2025.05.22	11:00:00	638360.29	641628.73	635152.76	637142.24	28338	50558	1
2025.05.22	12:00:00	637223.44	638949.02	635538.47	637873.07	14520	28232	1
2025.05.22	13:00:00	637933.97	640613.69	636837.73	638441.49	14195	25740	1
2025.05.22	14:00:00	638421.19	639984.36	635964.79	636939.23	14925	28254	1
2025.05.22	15:00:00	636939.23	643882.12	636309.91	643740.02	15890	32418	1
2025.05.22	16:00:00	643780.62	644612.95	639578.34	641506.92	19282	39558	1
2025.05.22	17:00:00	641527.22	646967.85	640654.29	646886.65	12229	23693	1
2025.05.22	18:00:00	646927.25	652936.30	646582.14	650906.22	2373	4522	1
2025.05.23	09:00:00	635599.38	635599.38	625063.23	629042.20	28801	43979	1
2025.05.23	10:00:00	628961.00	637670.06	627336.93	637121.94	30449	53568	1
2025.05.23	11:00:00	637162.54	638725.71	634239.22	634523.43	20807	38977	1
2025.05.23	12:00:00	634584.33	635883.59	630382.06	630788.07	18007	34066	1
2025.05.23	13:00:00	630828.68	631742.21	623763.98	630544.46	20326	40457	1
2025.05.23	14:00:00	630605.37	634056.51	630138.45	631965.52	12160	24246	1
2025.05.23	15:00:00	631904.62	632452.74	625489.55	625976.77	13489	27408	1
2025.05.23	16:00:00	625936.17	627763.25	624170.00	624494.81	11263	24324	1
2025.05.23	17:00:00	624474.51	624657.22	621327.88	621835.40	8223	14279	1
2025.05.23	18:00:00	621652.69	624454.21	619785.01	623906.08	1839	3427	1
2025.05.26	09:00:00	631356.50	633569.29	629833.93	632655.75	12437	18551	1
2025.05.26	10:00:00	632574.55	633447.49	630036.94	630991.08	15652	22590	1
2025.05.26	11:00:00	631051.98	632777.56	630239.95	632087.33	13944	20707	1
2025.05.26	12:00:00	632229.43	636939.23	631295.59	635233.96	16485	24091	1
2025.05.26	13:00:00	635233.96	637243.74	629793.33	631011.38	17111	24979	1
2025.05.26	14:00:00	630970.78	632351.24	628311.37	629712.13	9165	11912	1
2025.05.26	15:00:00	629651.23	632249.73	628839.19	629549.72	8867	11974	1
2025.05.26	16:00:00	629448.22	630564.76	628676.78	630300.85	7569	9797	1
2025.05.26	17:00:00	630219.65	631924.92	628798.59	631681.31	6298	8402	1
2025.05.26	18:00:00	631681.31	631924.92	628859.49	630625.67	1488	2347	1
2025.05.27	09:00:00	631884.32	633325.68	629752.73	630666.27	15235	22748	1
2025.05.27	10:00:00	630625.67	638319.69	630077.54	632615.15	36295	55606	1
2025.05.27	11:00:00	632594.85	634421.93	626200.08	629265.51	24775	38490	1
2025.05.27	12:00:00	629306.11	633772.30	626971.51	633264.78	17629	28916	1
2025.05.27	13:00:00	633285.08	636492.61	632127.93	634970.05	15555	25927	1
2025.05.27	14:00:00	634970.05	636147.50	632473.04	634198.62	11626	20747	1
2025.05.27	15:00:00	634137.71	635091.85	630361.76	630869.28	10381	17977	1
2025.05.27	16:00:00	630788.07	632087.33	629123.40	631092.59	11300	20246	1
2025.05.27	17:00:00	631072.29	631315.90	628697.09	628818.89	6181	9893	1
2025.05.27	18:00:00	628818.89	629143.70	624616.61	625124.14	1867	2577	1
2025.05.28	09:00:00	626443.69	627539.94	624961.73	627357.23	14275	20209	1
2025.05.28	10:00:00	627377.53	629468.52	623865.48	624088.79	31227	45181	1
2025.05.28	11:00:00	624007.59	625692.56	621855.70	622383.52	24337	37894	1
2025.05.28	12:00:00	622383.52	623378.26	620008.32	621185.77	17331	28780	1
2025.05.28	13:00:00	621206.07	623581.27	621063.97	622342.92	12953	22663	1
2025.05.28	14:00:00	622302.32	624393.31	620515.84	622870.74	13513	23671	1
2025.05.28	15:00:00	622809.84	624373.00	620515.84	621307.58	13461	22890	1
2025.05.28	16:00:00	621185.77	622870.74	618627.86	618830.87	14318	26251	1
2025.05.28	17:00:00	618810.57	620982.76	617714.32	619785.01	11446	17671	1
2025.05.28	18:00:00	619866.22	620414.34	617978.24	619988.02	1384	1997	1
2025.05.29	09:00:00	628088.06	629529.42	624291.80	624332.40	19306	26355	1
2025.05.29	10:00:00	624312.10	625124.14	618668.46	619764.71	29214	43759	1
2025.05.29	11:00:00	619683.51	620536.14	612943.62	617409.81	31479	50310	1
2025.05.29	12:00:00	617511.32	618059.44	614303.78	614872.21	14585	25090	1
2025.05.29	13:00:00	614912.81	616069.96	612700.01	613532.35	16430	26792	1
2025.05.29	14:00:00	613512.05	614791.00	610730.83	611867.68	19191	31732	1
2025.05.29	15:00:00	611908.28	612963.93	607706.00	607868.41	15827	27749	1
2025.05.29	16:00:00	607909.01	609634.59	606548.86	608335.33	15917	27124	1
2025.05.29	17:00:00	608335.33	611238.35	608274.43	610609.03	8025	13341	1
2025.05.29	18:00:00	610629.33	612395.50	609472.18	610000.00	1685	2336	1
2025.05.30	09:00:00	608200.00	609760.00	604040.00	607740.00	23870	33513	1
2025.05.30	10:00:00	607760.00	612520.00	606860.00	610600.00	28258	43441	1
2025.05.30	11:00:00	610600.00	612460.00	608000.00	610800.00	28186	45445	1
2025.05.30	12:00:00	610800.00	612740.00	609800.00	610840.00	19936	35117	1
2025.05.30	13:00:00	610800.00	610940.00	599220.00	600020.00	30728	52603	1
2025.05.30	14:00:00	599980.00	602160.00	599440.00	602120.00	18915	36394	1
2025.05.30	15:00:00	602100.00	605980.00	601620.00	605680.00	16855	31832	1
2025.05.30	16:00:00	605640.00	606840.00	604160.00	605240.00	19596	36794	1
2025.05.30	17:00:00	605140.00	606640.00	603380.00	605440.00	8723	13982	1
2025.05.30	18:00:00	605560.00	608200.00	605220.00	608080.00	1011	1487	1
2025.06.02	09:00:00	600320.00	600720.00	597000.00	598100.00	19451	28200	1
2025.06.02	10:00:00	598140.00	600480.00	595220.00	596680.00	31357	48211	1
2025.06.02	11:00:00	596640.00	602100.00	595440.00	599040.00	30128	49204	1
2025.06.02	12:00:00	599040.00	602760.00	597820.00	602680.00	21076	36910	1
2025.06.02	13:00:00	602760.00	602940.00	599500.00	601300.00	17228	32113	1
2025.06.02	14:00:00	601320.00	602760.00	600000.00	601580.00	18037	34065	1
2025.06.02	15:00:00	601560.00	602480.00	599060.00	599780.00	17463	33332	1
2025.06.02	16:00:00	599760.00	600780.00	598060.00	599340.00	17080	32303	1
2025.06.02	17:00:00	599360.00	602520.00	599340.00	602000.00	10884	17455	1
2025.06.02	18:00:00	602100.00	603500.00	601460.00	602220.00	1730	2523	1
2025.06.03	09:00:00	604740.00	607800.00	604080.00	607640.00	23243	33456	1
2025.06.03	10:00:00	607660.00	608140.00	604220.00	606580.00	33598	51673	1
2025.06.03	11:00:00	606600.00	609600.00	603820.00	608620.00	30163	50462	1
2025.06.03	12:00:00	608600.00	610840.00	607420.00	609240.00	21987	39148	1
2025.06.03	13:00:00	609220.00	610020.00	604360.00	604500.00	19441	36508	1
2025.06.03	14:00:00	604560.00	606240.00	603700.00	604560.00	17167	31910	1
2025.06.03	15:00:00	604580.00	605360.00	601280.00	604760.00	20142	37249	1
2025.06.03	16:00:00	604740.00	607300.00	604700.00	605660.00	19264	36278	1
2025.06.03	17:00:00	605580.00	605740.00	601280.00	603020.00	14065	22209	1
2025.06.03	18:00:00	602940.00	603980.00	600440.00	601560.00	1923	2961	1
2025.06.04	09:00:00	599000.00	599000.00	594760.00	596960.00	22701	32938	1
2025.06.04	10:00:00	596980.00	599120.00	595680.00	596540.00	25073	39402	1
2025.06.04	11:00:00	596480.00	597560.00	592300.00	597300.00	27562	45428	1
2025.06.04	12:00:00	597260.00	601480.00	596940.00	600140.00	19524	35785	1
2025.06.04	13:00:00	600160.00	601340.00	599140.00	600940.00	12776	23945	1
2025.06.04	14:00:00	600940.00	601320.00	598080.00	598880.00	13650	25998	1
2025.06.04	15:00:00	598900.00	600500.00	598900.00	598960.00	11474	22133	1
2025.06.04	16:00:00	598940.00	599940.00	598120.00	598180.00	11925	22421	1
2025.06.04	17:00:00	598180.00	598640.00	594980.00	595980.00	11208	17939	1
2025.06.04	18:00:00	595920.00	596720.00	594680.00	595240.00	1168	1740	1
2025.06.05	09:00:00	596840.00	600800.00	595420.00	599360.00	26507	39759	1
2025.06.05	10:00:00	599400.00	599900.00	589700.00	590700.00	33102	53623	1
2025.06.05	11:00:00	590760.00	592140.00	587100.00	591440.00	28218	49944	1
2025.06.05	12:00:00	591460.00	592620.00	589220.00	590360.00	17318	33515	1
2025.06.05	13:00:00	590300.00	590660.00	582080.00	582180.00	26251	49129	1
2025.06.05	14:00:00	582120.00	583480.00	581160.00	581540.00	17802	34198	1
2025.06.05	15:00:00	581560.00	583120.00	578020.00	580640.00	21363	41069	1
2025.06.05	16:00:00	580640.00	581200.00	573620.00	574300.00	25524	47137	1
2025.06.05	17:00:00	574300.00	575540.00	566140.00	566540.00	29763	48247	1
2025.06.05	18:00:00	566540.00	569600.00	564340.00	568500.00	2705	4041	1
2025.06.06	09:00:00	586500.00	588560.00	584420.00	584900.00	27675	39959	1
2025.06.06	10:00:00	584900.00	591560.00	584900.00	587820.00	28890	44984	1
2025.06.06	11:00:00	587900.00	594040.00	587580.00	593800.00	25744	46365	1
2025.06.06	12:00:00	593780.00	597400.00	592040.00	594540.00	25955	45833	1
2025.06.06	13:00:00	594520.00	594740.00	590540.00	590920.00	16186	31949	1
2025.06.06	14:00:00	590920.00	592040.00	588120.00	591840.00	18329	34333	1
2025.06.06	15:00:00	591900.00	592260.00	586960.00	587380.00	16697	31641	1
2025.06.06	16:00:00	587380.00	587960.00	584840.00	586240.00	13907	27009	1
2025.06.06	17:00:00	586160.00	587520.00	585480.00	586860.00	9987	16779	1
2025.06.06	18:00:00	586980.00	587040.00	585380.00	586640.00	1343	2045	1
2025.06.09	09:00:00	605900.00	607560.00	603240.00	605740.00	21790	32641	1
2025.06.09	10:00:00	605820.00	608200.00	601800.00	603260.00	29623	46327	1
2025.06.09	11:00:00	603260.00	608500.00	603160.00	606600.00	27507	47226	1
2025.06.09	12:00:00	606660.00	608140.00	605500.00	605720.00	20469	36661	1
2025.06.09	13:00:00	605780.00	608400.00	605720.00	606240.00	18098	33769	1
2025.06.09	14:00:00	606260.00	610120.00	606020.00	609580.00	18444	34133	1
2025.06.09	15:00:00	609600.00	610220.00	607620.00	608580.00	16133	31009	1
2025.06.09	16:00:00	608560.00	610780.00	607680.00	609500.00	17546	33741	1
2025.06.09	17:00:00	609500.00	610440.00	608500.00	609940.00	10155	16478	1
2025.06.09	18:00:00	609860.00	619560.00	609020.00	619560.00	4041	6312	1
2025.06.10	09:00:00	613620.00	615200.00	612280.00	614080.00	19870	30473	1
2025.06.10	10:00:00	614080.00	614560.00	609760.00	612060.00	24758	39901	1
2025.06.10	11:00:00	612080.00	612180.00	607400.00	608720.00	24257	42146	1
2025.06.10	12:00:00	608740.00	611940.00	607020.00	611600.00	22233	37830	1
2025.06.10	13:00:00	611580.00	613120.00	609080.00	609260.00	16559	29720	1
2025.06.10	14:00:00	609240.00	611600.00	609140.00	609860.00	14767	28545	1
2025.06.10	15:00:00	609900.00	615120.00	608800.00	613740.00	16241	29701	1
2025.06.10	16:00:00	613720.00	619960.00	613540.00	614800.00	27138	48812	1
2025.06.10	17:00:00	614840.00	618340.00	613180.00	618080.00	14436	23852	1
2025.06.10	18:00:00	618040.00	618860.00	613480.00	613480.00	3107	4917	1
2025.06.11	09:00:00	611240.00	615020.00	610460.00	613600.00	25271	37044	1
2025.06.11	10:00:00	613600.00	615360.00	611780.00	612260.00	29339	47191	1
2025.06.11	11:00:00	612260.00	616540.00	610980.00	613780.00	25413	46030	1
2025.06.11	12:00:00	613780.00	614720.00	610540.00	611140.00	16713	32301	1
2025.06.11	13:00:00	611100.00	611620.00	608460.00	609820.00	15541	30990	1
2025.06.11	14:00:00	609820.00	611880.00	607080.00	607220.00	15648	29844	1
2025.06.11	15:00:00	607200.00	608760.00	605300.00	607280.00	21112	36459	1
2025.06.11	16:00:00	607300.00	608720.00	606000.00	606860.00	14337	24027	1
2025.06.11	17:00:00	606820.00	608340.00	605500.00	607680.00	9058	14425	1
2025.06.11	18:00:00	607560.00	609180.00	606440.00	606840.00	2120	3018	1
2025.06.12	09:00:00	596000.00	598480.00	594540.00	595360.00	19298	28495	1
2025.06.12	10:00:00	595380.00	597440.00	593740.00	596120.00	21836	35343	1
2025.06.12	11:00:00	596200.00	601460.00	596160.00	600520.00	21881	38660	1
2025.06.12	12:00:00	600580.00	601580.00	596660.00	597220.00	20203	36151	1
2025.06.12	13:00:00	597260.00	602820.00	596880.00	602100.00	17216	30666	1
2025.06.12	14:00:00	602100.00	605400.00	601840.00	604400.00	15722	28560	1
2025.06.12	15:00:00	604400.00	604920.00	598180.00	599960.00	19611	36070	1
2025.06.12	16:00:00	599940.00	602100.00	595200.00	595940.00	19692	36081	1
2025.06.12	17:00:00	595820.00	596380.00	589680.00	590860.00	17866	27597	1
2025.06.12	18:00:00	590620.00	592740.00	589880.00	592500.00	1889	2692	1
2025.06.13	09:00:00	588520.00	590220.00	587160.00	588720.00	19718	30409	1
2025.06.13	10:00:00	588740.00	590340.00	586040.00	586900.00	29985	50695	1
2025.06.13	11:00:00	586820.00	587940.00	581240.00	586420.00	27524	44925	1
2025.06.13	12:00:00	586440.00	590020.00	586160.00	588500.00	20885	38943	1
2025.06.13	13:00:00	588520.00	591920.00	587800.00	590160.00	16113	28746	1
2025.06.13	14:00:00	590100.00	590120.00	585000.00	588000.00	20734	35031	1
2025.06.13	15:00:00	587940.00	588720.00	583540.00	585960.00	19599	34254	1
2025.06.13	16:00:00	585920.00	587740.00	584360.00	585760.00	13635	23654	1
2025.06.13	17:00:00	585900.00	588540.00	585340.00	587880.00	7410	13248	1
2025.06.13	18:00:00	587720.00	588860.00	586960.00	588320.00	1092	1912	1
2025.06.16	09:00:00	595180.00	596340.00	591000.00	591780.00	18438	44794	1
2025.06.16	10:00:00	591800.00	593740.00	589840.00	592740.00	17461	62838	1
2025.06.16	11:00:00	592720.00	596520.00	591120.00	595180.00	17492	67402	1
2025.06.16	12:00:00	595180.00	597500.00	594920.00	595980.00	9956	36339	1
2025.06.16	13:00:00	595980.00	597720.00	594900.00	597180.00	9876	37239	1
2025.06.16	14:00:00	597100.00	597760.00	595360.00	596080.00	9608	54827	1
2025.06.16	15:00:00	596180.00	598460.00	595440.00	598400.00	8414	48793	1
2025.06.16	16:00:00	598400.00	601620.00	598220.00	599520.00	14693	76918	1
2025.06.16	17:00:00	599600.00	601200.00	598640.00	600860.00	6972	45736	1
2025.06.16	18:00:00	600600.00	600960.00	599360.00	599940.00	1415	8370	1
2025.06.17	09:00:00	584100.00	584980.00	581760.00	581960.00	24088	111264	1
2025.06.17	10:00:00	581980.00	582060.00	577660.00	578840.00	34384	243545	1
2025.06.17	11:00:00	578860.00	581140.00	576600.00	577540.00	24073	187965	1
2025.06.17	12:00:00	577540.00	578240.00	572920.00	573360.00	21404	176393	1
2025.06.17	13:00:00	573340.00	574700.00	569600.00	571180.00	18933	147429	1
2025.06.17	14:00:00	571100.00	574640.00	569220.00	573400.00	17724	127215	1
2025.06.17	15:00:00	573380.00	577220.00	572000.00	577000.00	16682	107205	1
2025.06.17	16:00:00	577000.00	581920.00	577000.00	577980.00	20991	133443	1
2025.06.17	17:00:00	577920.00	578920.00	575820.00	576400.00	11625	95679	1
2025.06.17	18:00:00	576280.00	578620.00	575500.00	576280.00	1651	8840	1
2025.06.18	09:00:00	578880.00	578880.00	576380.00	577620.00	18704	95298	1
2025.06.18	10:00:00	577640.00	577820.00	571420.00	575180.00	40979	253739	1
2025.06.18	11:00:00	575160.00	580180.00	573720.00	575840.00	44754	239325	1
2025.06.18	12:00:00	575860.00	579040.00	574300.00	577980.00	27680	150826	1
2025.06.18	13:00:00	578020.00	578460.00	575460.00	577280.00	21312	114452	1
2025.06.18	14:00:00	577240.00	577280.00	572200.00	575600.00	24979	136816	1
2025.06.18	15:00:00	575700.00	577580.00	572280.00	572500.00	33469	223804	1
2025.06.18	16:00:00	572540.00	576400.00	571880.00	573220.00	18944	159606	1
2025.06.18	17:00:00	573220.00	578640.00	572140.00	577580.00	10666	84441	1
2025.06.18	18:00:00	577620.00	577760.00	575240.00	576200.00	1399	8210	1
2025.06.20	09:00:00	583460.00	584860.00	581760.00	584480.00	16526	86923	1
2025.06.20	10:00:00	584520.00	584860.00	580400.00	581900.00	30490	231420	1
2025.06.20	11:00:00	581860.00	582420.00	573180.00	573720.00	36731	289435	1
2025.06.20	12:00:00	573740.00	578120.00	573440.00	575320.00	28306	234566	1
2025.06.20	13:00:00	575360.00	575700.00	572140.00	573240.00	20628	156446	1
2025.06.20	14:00:00	573180.00	573600.00	565500.00	570880.00	36800	264285	1
2025.06.20	15:00:00	570860.00	572360.00	569920.00	571320.00	19607	165366	1
2025.06.20	16:00:00	571320.00	573480.00	570420.00	572400.00	15421	131595	1
2025.06.20	17:00:00	572400.00	574260.00	571960.00	573160.00	12847	102224	1
2025.06.20	18:00:00	573080.00	573160.00	570780.00	571940.00	2103	12120	1
2025.06.23	09:00:00	561520.00	563700.00	560240.00	563020.00	20298	157715	1
2025.06.23	10:00:00	562980.00	568300.00	557800.00	567720.00	41737	285990	1
2025.06.23	11:00:00	567800.00	569200.00	561180.00	562020.00	37415	257735	1
2025.06.23	12:00:00	562060.00	564060.00	559620.00	561240.00	19340	146671	1
2025.06.23	13:00:00	561180.00	561520.00	551960.00	557440.00	37722	257335	1
2025.06.23	14:00:00	557400.00	567180.00	556380.00	566540.00	40234	278619	1
2025.06.23	15:00:00	566580.00	570200.00	566020.00	568020.00	30889	199127	1
2025.06.23	16:00:00	568020.00	569940.00	566540.00	569460.00	18521	137062	1
2025.06.23	17:00:00	569500.00	573040.00	567540.00	571960.00	15912	99172	1
2025.06.23	18:00:00	571960.00	575340.00	571940.00	572920.00	3409	16155	1
2025.06.24	09:00:00	578380.00	580420.00	577000.00	579840.00	20291	86086	1
2025.06.24	10:00:00	579820.00	581300.00	577440.00	579680.00	25832	133722	1
2025.06.24	11:00:00	579640.00	581900.00	577900.00	581560.00	23625	141694	1
2025.06.24	12:00:00	581580.00	583180.00	579520.00	580060.00	15341	98928	1
2025.06.24	13:00:00	580080.00	586640.00	580080.00	586280.00	13819	87355	1
2025.06.24	14:00:00	586280.00	586700.00	582420.00	585480.00	16043	97713	1
2025.06.24	15:00:00	585460.00	585660.00	583140.00	584060.00	14521	92604	1
2025.06.24	16:00:00	584060.00	584620.00	581900.00	584380.00	15510	96804	1
2025.06.24	17:00:00	584300.00	586580.00	583480.00	586340.00	9373	51355	1
2025.06.24	18:00:00	586260.00	586260.00	584520.00	586160.00	1929	10178	1
2025.06.25	09:00:00	591040.00	595620.00	591040.00	594220.00	14236	58604	1
2025.06.25	10:00:00	594220.00	600400.00	593800.00	599280.00	27890	186985	1
2025.06.25	11:00:00	599240.00	601080.00	596120.00	598160.00	28696	208383	1
2025.06.25	12:00:00	598100.00	599020.00	594800.00	596260.00	20167	134522	1
2025.06.25	13:00:00	596200.00	597600.00	593020.00	594420.00	13546	99182	1
2025.06.25	14:00:00	594380.00	597340.00	593420.00	596680.00	14012	99627	1
2025.06.25	15:00:00	596680.00	598060.00	595220.00	597400.00	14463	93846	1
2025.06.25	16:00:00	597380.00	600840.00	597120.00	599880.00	18464	112486	1
2025.06.25	17:00:00	599960.00	601720.00	598460.00	601000.00	8289	51521	1
2025.06.25	18:00:00	601060.00	602400.00	599260.00	599260.00	1977	11134	1
2025.06.26	09:00:00	603386.51	607013.44	602110.00	602150.52	21550	80618	1
2025.06.26	10:00:00	602170.78	602961.01	597611.80	598827.53	24277	138621	1
2025.06.26	11:00:00	598807.27	603264.94	598037.30	600671.38	21804	123817	1
2025.06.26	12:00:00	600651.12	601076.63	596193.45	599698.80	16109	100596	1
2025.06.26	13:00:00	599698.80	600509.29	597713.11	598685.69	12140	73347	1
2025.06.26	14:00:00	598685.69	600164.83	597875.21	598219.66	10296	67739	1
2025.06.26	15:00:00	598219.66	600529.55	597794.16	598949.10	12009	72482	1
2025.06.26	16:00:00	598989.63	601015.84	598766.74	599982.47	9800	52023	1
2025.06.26	17:00:00	599941.95	601988.42	599455.65	600407.98	7201	38887	1
2025.06.26	18:00:00	600509.29	600509.29	586690.50	596700.00	3350	13106	1
2025.06.27	09:00:00	595000.00	604080.00	591020.00	591560.00	15089	64988	1
2025.06.27	10:00:00	591500.00	594960.00	591200.00	594820.00	19082	122615	1
2025.06.27	11:00:00	594840.00	596940.00	592600.00	593280.00	21026	151504	1
2025.06.27	12:00:00	593320.00	597260.00	591400.00	596780.00	12776	92798	1
2025.06.27	13:00:00	596680.00	597440.00	594300.00	596300.00	12476	74606	1
2025.06.27	14:00:00	596280.00	596540.00	592160.00	594500.00	16872	102619	1
2025.06.27	15:00:00	594540.00	595860.00	593100.00	594560.00	13566	95928	1
2025.06.27	16:00:00	594480.00	595560.00	593680.00	593880.00	8000	58243	1
2025.06.27	17:00:00	593860.00	596380.00	593720.00	596000.00	5050	36004	1
2025.06.27	18:00:00	596000.00	596940.00	595000.00	595460.00	762	3382	1
2025.06.30	09:00:00	598560.00	601040.00	596380.00	596640.00	16842	55653	1
2025.06.30	10:00:00	596620.00	598540.00	595480.00	595860.00	18014	79478	1
2025.06.30	11:00:00	595860.00	596540.00	589800.00	589980.00	24019	144639	1
2025.06.30	12:00:00	589960.00	593780.00	588320.00	591220.00	20607	128650	1
2025.06.30	13:00:00	591260.00	593840.00	590760.00	592280.00	11324	66237	1
2025.06.30	14:00:00	592320.00	593520.00	591160.00	591200.00	9465	59147	1
2025.06.30	15:00:00	591240.00	591980.00	588580.00	588980.00	10041	55510	1
2025.06.30	16:00:00	588940.00	592820.00	588940.00	592380.00	11937	73018	1
2025.06.30	17:00:00	592460.00	592680.00	590980.00	591220.00	5134	35793	1
2025.06.30	18:00:00	591140.00	591420.00	588740.00	589120.00	1570	8872	1
2025.07.01	09:00:00	585000.00	586100.00	583540.00	584860.00	12369	59441	1
2025.07.01	10:00:00	584900.00	588460.00	584580.00	588220.00	18329	112079	1
2025.07.01	11:00:00	588120.00	591060.00	582160.00	583320.00	24953	155758	1
2025.07.01	12:00:00	583180.00	586460.00	582240.00	584340.00	15148	87137	1
2025.07.01	13:00:00	584380.00	586340.00	583740.00	584120.00	8950	66055	1
2025.07.01	14:00:00	584180.00	586740.00	583400.00	586420.00	10479	74674	1
2025.07.01	15:00:00	586420.00	586720.00	583380.00	583840.00	8412	56266	1
2025.07.01	16:00:00	583760.00	583980.00	580780.00	581340.00	12246	83589	1
2025.07.01	17:00:00	581480.00	584200.00	580500.00	583380.00	7013	43363	1
2025.07.01	18:00:00	583500.00	584820.00	582420.00	583500.00	1380	7140	1
2025.07.02	09:00:00	592780.00	594740.00	591920.00	592700.00	17422	64445	1
2025.07.02	10:00:00	592740.00	596640.00	592240.00	595240.00	20434	126590	1
2025.07.02	11:00:00	595300.00	597480.00	595100.00	596080.00	15244	98578	1
2025.07.02	12:00:00	596100.00	597800.00	594480.00	597380.00	14334	90455	1
2025.07.02	13:00:00	597360.00	602740.00	597200.00	601240.00	21756	153650	1
2025.07.02	14:00:00	601320.00	603160.00	598760.00	600220.00	14999	100204	1
2025.07.02	15:00:00	600280.00	601720.00	599120.00	601640.00	8941	65807	1
2025.07.02	16:00:00	601660.00	601660.00	599340.00	601380.00	8994	67250	1
2025.07.02	17:00:00	601420.00	601560.00	599440.00	599540.00	6406	46891	1
2025.07.02	18:00:00	599480.00	601500.00	599340.00	601180.00	1504	9955	1
2025.07.03	09:00:00	602060.00	604800.00	598100.00	600100.00	20543	100733	1
2025.07.03	10:00:00	600000.00	605220.00	599220.00	604180.00	24772	217333	1
2025.07.03	11:00:00	604180.00	605460.00	599720.00	600740.00	21449	164603	1
2025.07.03	12:00:00	600700.00	602040.00	597860.00	598100.00	12865	91379	1
2025.07.03	13:00:00	598060.00	601600.00	597620.00	598700.00	12956	102045	1
2025.07.03	14:00:00	598740.00	601300.00	598560.00	600840.00	5696	47512	1
2025.07.03	15:00:00	600840.00	601860.00	599400.00	600520.00	5618	44104	1
2025.07.03	16:00:00	600460.00	601640.00	600080.00	600300.00	5549	48779	1
2025.07.03	17:00:00	600260.00	601320.00	600000.00	601200.00	3061	27666	1
2025.07.03	18:00:00	601180.00	601900.00	599800.00	601260.00	1307	9751	1
2025.07.04	09:00:00	596660.00	597220.00	594780.00	595540.00	9746	54164	1
2025.07.04	10:00:00	595500.00	596160.00	590040.00	590340.00	17184	108117	1
2025.07.04	11:00:00	590300.00	591340.00	587960.00	589500.00	16958	120543	1
2025.07.04	12:00:00	589500.00	590400.00	588260.00	588340.00	8552	61467	1
2025.07.04	13:00:00	588260.00	589560.00	587100.00	588800.00	9170	59177	1
2025.07.04	14:00:00	588860.00	590140.00	588500.00	589580.00	5241	24449	1
2025.07.04	15:00:00	589520.00	589760.00	587300.00	588440.00	3804	15723	1
2025.07.04	16:00:00	588440.00	588840.00	587420.00	588160.00	3904	17211	1
2025.07.04	17:00:00	588160.00	589300.00	587480.00	588140.00	4109	19631	1
2025.07.04	18:00:00	588140.00	589220.00	585420.00	589220.00	2342	13943	1
2025.07.07	09:00:00	593580.00	597800.00	593580.00	595680.00	12025	58641	1
2025.07.07	10:00:00	595660.00	597420.00	593400.00	596640.00	17413	100735	1
2025.07.07	11:00:00	596640.00	597940.00	593840.00	595800.00	16157	103679	1
2025.07.07	12:00:00	595780.00	599580.00	595760.00	597360.00	12078	69982	1
2025.07.07	13:00:00	597360.00	599220.00	595400.00	597340.00	17064	119896	1
2025.07.07	14:00:00	597340.00	599180.00	596000.00	596400.00	10652	68409	1
2025.07.07	15:00:00	596440.00	597440.00	594160.00	597380.00	9265	51225	1
2025.07.07	16:00:00	597340.00	598860.00	596900.00	597140.00	9521	48163	1
2025.07.07	17:00:00	597080.00	597820.00	595300.00	596980.00	9616	47515	1
2025.07.07	18:00:00	596920.00	597860.00	595380.00	597640.00	967	5321	1
2025.07.08	09:00:00	601380.00	601380.00	598000.00	599380.00	11888	53424	1
2025.07.08	10:00:00	599420.00	601500.00	598540.00	600100.00	15082	72735	1
2025.07.08	11:00:00	600020.00	600360.00	596240.00	596800.00	17707	91397	1
2025.07.08	12:00:00	596720.00	597800.00	595500.00	596100.00	8016	37247	1
2025.07.08	13:00:00	596100.00	598300.00	594860.00	597240.00	10506	52263	1
2025.07.08	14:00:00	597300.00	599740.00	597060.00	598740.00	9925	47358	1
2025.07.08	15:00:00	598660.00	599140.00	597400.00	598960.00	5962	34730	1
2025.07.08	16:00:00	598900.00	598980.00	597180.00	597500.00	4852	26946	1
2025.07.08	17:00:00	597500.00	598620.00	596620.00	597140.00	5101	34460	1
2025.07.08	18:00:00	597220.00	597660.00	596720.00	597420.00	895	5034	1
2025.07.09	09:00:00	600300.00	604800.00	599700.00	602660.00	13618	54670	1
2025.07.09	10:00:00	602640.00	604900.00	601060.00	601540.00	15793	79868	1
2025.07.09	11:00:00	601520.00	603000.00	597260.00	600240.00	19428	91701	1
2025.07.09	12:00:00	600220.00	601320.00	598880.00	599740.00	8750	45027	1
2025.07.09	13:00:00	599720.00	601980.00	599500.00	601460.00	6543	30692	1
2025.07.09	14:00:00	601420.00	603940.00	599360.00	603160.00	12732	74855	1
2025.07.09	15:00:00	603220.00	606320.00	602940.00	605540.00	13407	48522	1
2025.07.09	16:00:00	605600.00	621540.00	605420.00	620180.00	32050	160541	1
2025.07.09	17:00:00	620200.00	627960.00	617160.00	623080.00	29492	165314	1
2025.07.09	18:00:00	623080.00	628300.00	621620.00	625740.00	2348	15644	1
2025.07.10	09:00:00	628620.00	629880.00	622840.00	623020.00	11024	77097	0
2025.07.10	10:00:00	623100.00	623100.00	615780.00	619440.00	13956	116052	0
2025.07.10	11:00:00	619460.00	622400.00	618420.00	621960.00	10870	97472	0
2025.07.10	12:00:00	621880.00	623620.00	620680.00	621880.00	7327	69173	0
2025.07.10	13:00:00	621920.00	631400.00	621040.00	630180.00	12620	110856	0
2025.07.10	14:00:00	630240.00	638220.00	629280.00	637440.00	12657	112897	0
2025.07.10	15:00:00	637400.00	637580.00	632620.00	634880.00	9430	95942	0
2025.07.10	16:00:00	634860.00	635800.00	631880.00	633100.00	7319	67417	0
2025.07.10	17:00:00	633120.00	635780.00	632400.00	633460.00	4397	33015	0
2025.07.10	18:00:00	633360.00	656300.00	633320.00	646000.00	2267	18214	0
2025.07.11	09:00:00	659120.00	663060.00	659120.00	661580.00	7670	41943	0
2025.07.11	10:00:00	661600.00	665200.00	658280.00	663600.00	14170	103527	0
2025.07.11	11:00:00	663660.00	665060.00	658860.00	661540.00	13724	96100	0
2025.07.11	12:00:00	661500.00	662920.00	655140.00	656060.00	11215	80333	0
2025.07.11	13:00:00	656160.00	659060.00	654120.00	658000.00	9828	81458	0
2025.07.11	14:00:00	658000.00	659840.00	656420.00	657900.00	6263	44880	0
2025.07.11	15:00:00	657860.00	658620.00	654860.00	657700.00	5759	37678	0
2025.07.11	16:00:00	657680.00	660780.00	655580.00	659740.00	7078	57673	0
2025.07.11	17:00:00	659720.00	660280.00	658000.00	658800.00	3522	26351	0
2025.07.11	18:00:00	658800.00	662480.00	658700.00	660060.00	1276	11135	0
2025.07.14	09:00:00	680000.00	683340.00	679360.00	681680.00	10461	59311	0
2025.07.14	10:00:00	681620.00	682000.00	676860.00	678780.00	13313	102143	0
2025.07.14	11:00:00	678820.00	681840.00	675440.00	678420.00	13179	94185	0
2025.07.14	12:00:00	678360.00	678460.00	670260.00	672260.00	10952	88772	0
2025.07.14	13:00:00	672180.00	674180.00	666640.00	673980.00	10998	81108	0
2025.07.14	14:00:00	673980.00	675500.00	671480.00	672380.00	7870	49159	0
2025.07.14	15:00:00	672340.00	676720.00	671600.00	672160.00	7416	41700	0
2025.07.14	16:00:00	672120.00	675080.00	671720.00	674060.00	7283	43003	0
2025.07.14	17:00:00	674120.00	677420.00	671560.00	676020.00	5781	37854	0
2025.07.14	18:00:00	676000.00	676160.00	674280.00	674480.00	1395	7145	0
2025.07.15	09:00:00	657140.00	659800.00	652840.00	654760.00	10763	69499	0
2025.07.15	10:00:00	654740.00	662580.00	654280.00	660100.00	13307	103149	0
2025.07.15	11:00:00	660100.00	663100.00	646720.00	648260.00	17148	147135	0
2025.07.15	12:00:00	648340.00	653940.00	646960.00	651800.00	12321	108497	0
2025.07.15	13:00:00	651800.00	662620.00	651360.00	659660.00	13869	119639	0
2025.07.15	14:00:00	659660.00	660320.00	656840.00	658600.00	7926	64745	0
2025.07.15	15:00:00	658600.00	658680.00	649220.00	653020.00	12358	95325	0
2025.07.15	16:00:00	652980.00	655800.00	650180.00	650800.00	7961	72003	0
2025.07.15	17:00:00	650720.00	652660.00	649940.00	650620.00	4309	38103	0
2025.07.15	18:00:00	650600.00	654720.00	649400.00	653420.00	1461	10921	0
2025.07.16	09:00:00	664420.00	666940.00	659740.00	664600.00	13798	44327	1
2025.07.16	10:00:00	664620.00	667920.00	662560.00	665920.00	18969	82786	1
2025.07.16	11:00:00	665920.00	668320.00	662440.00	667060.00	18713	91945	1
2025.07.16	12:00:00	667140.00	670860.00	662780.00	666520.00	28265	184887	1
2025.07.16	13:00:00	666600.00	667540.00	662580.00	667360.00	13048	72129	1
2025.07.16	14:00:00	667280.00	668320.00	663880.00	664580.00	10574	59611	1
2025.07.16	15:00:00	664600.00	671660.00	663480.00	668380.00	13959	71148	1
2025.07.16	16:00:00	668360.00	669100.00	664660.00	667000.00	10786	57980	1
2025.07.16	17:00:00	666940.00	672180.00	665420.00	671840.00	8825	42930	1
2025.07.16	18:00:00	672140.00	673000.00	670100.00	671780.00	1864	8643	1
2025.07.17	09:00:00	662860.00	664040.00	660240.00	661420.00	12983	52894	1
2025.07.17	10:00:00	661300.00	664720.00	658720.00	663460.00	17380	77917	1
2025.07.17	11:00:00	663420.00	665960.00	662520.00	664080.00	15674	77190	1
2025.07.17	12:00:00	664140.00	666300.00	662120.00	665020.00	13004	67401	1
2025.07.17	13:00:00	664980.00	665660.00	661640.00	663160.00	12241	64770	1
2025.07.17	14:00:00	663100.00	666880.00	663000.00	666100.00	12870	61725	1
2025.07.17	15:00:00	666120.00	668500.00	665040.00	667060.00	11720	63007	1
2025.07.17	16:00:00	667020.00	668940.00	662740.00	663600.00	10081	53431	1
2025.07.17	17:00:00	663560.00	666480.00	660160.00	666400.00	11685	64619	1
2025.07.17	18:00:00	666400.00	674420.00	665380.00	673020.00	2910	17181	1
2025.07.18	09:00:00	666660.00	667980.00	664740.00	666860.00	10048	42953	1
2025.07.18	10:00:00	666880.00	667060.00	658620.00	659580.00	20904	96037	1
2025.07.18	11:00:00	659580.00	662740.00	652940.00	657740.00	27415	120458	1
2025.07.18	12:00:00	657760.00	658900.00	654620.00	658080.00	13668	57157	1
2025.07.18	13:00:00	658080.00	659840.00	656720.00	657620.00	10087	44700	1
2025.07.18	14:00:00	657540.00	660000.00	655920.00	658160.00	9170	40188	1
2025.07.18	15:00:00	658220.00	660920.00	656640.00	658880.00	9240	41585	1
2025.07.18	16:00:00	658800.00	660820.00	657520.00	658180.00	9344	47469	1
2025.07.18	17:00:00	658300.00	658840.00	655040.00	657480.00	8247	41994	1
2025.07.18	18:00:00	657560.00	658640.00	656980.00	657480.00	1313	7887	1
2025.07.21	09:00:00	658720.00	668160.00	658720.00	658860.00	14557	76843	1
2025.07.21	10:00:00	658760.00	665480.00	656900.00	664460.00	16423	66946	1
2025.07.21	11:00:00	664440.00	665560.00	661040.00	662780.00	14659	70680	1
2025.07.21	12:00:00	662780.00	663520.00	658680.00	658840.00	9793	43596	1
2025.07.21	13:00:00	658940.00	659760.00	654900.00	656220.00	12537	67758	1
2025.07.21	14:00:00	656220.00	658540.00	655000.00	657780.00	10544	60285	1
2025.07.21	15:00:00	657720.00	659800.00	653320.00	653720.00	13525	83631	1
2025.07.21	16:00:00	653700.00	656180.00	651040.00	651860.00	13268	87592	1
2025.07.21	17:00:00	651800.00	654380.00	650960.00	652840.00	8218	47316	1
2025.07.21	18:00:00	652960.00	654000.00	651100.00	653360.00	1789	10849	1
2025.07.22	09:00:00	664080.00	669360.00	664080.00	667620.00	14988	60207	1
2025.07.22	10:00:00	667580.00	669360.00	660660.00	661240.00	22499	120485	1
2025.07.22	11:00:00	661240.00	665500.00	658920.00	665060.00	17992	99531	1
2025.07.22	12:00:00	665020.00	666060.00	662260.00	663060.00	10414	66923	1
2025.07.22	13:00:00	663000.00	665400.00	661380.00	662400.00	8245	49551	1
2025.07.22	14:00:00	662400.00	666120.00	660920.00	665900.00	10855	61645	1
2025.07.22	15:00:00	665880.00	671640.00	665260.00	669320.00	13049	72367	1
2025.07.22	16:00:00	669320.00	670200.00	665660.00	666460.00	10533	54042	1
2025.07.22	17:00:00	666420.00	669920.00	666080.00	669040.00	7002	39738	1
2025.07.22	18:00:00	669040.00	669380.00	667440.00	667520.00	1242	6921	1
2025.07.23	09:00:00	661620.00	664160.00	657600.00	658740.00	18318	83415	1
2025.07.23	10:00:00	658660.00	659660.00	654480.00	654660.00	17305	87575	1
2025.07.23	11:00:00	654580.00	659380.00	654180.00	659100.00	14746	74536	1
2025.07.23	12:00:00	659140.00	660700.00	656760.00	659440.00	11350	56701	1
2025.07.23	13:00:00	659400.00	659400.00	652700.00	653660.00	13275	75959	1
2025.07.23	14:00:00	653780.00	654780.00	650040.00	654780.00	11800	69000	1
2025.07.23	15:00:00	654780.00	655680.00	653380.00	655680.00	7929	47218	1
2025.07.23	16:00:00	655640.00	656160.00	654660.00	655760.00	6133	40347	1
2025.07.23	17:00:00	655820.00	656500.00	651200.00	653160.00	8475	51492	1
2025.07.23	18:00:00	653240.00	653540.00	649520.00	650460.00	1185	5796	1
2025.07.24	09:00:00	668313.99	671062.41	667967.89	669148.69	11706	55366	1
2025.07.24	10:00:00	669128.33	671286.35	668252.91	668334.35	13893	86719	1
2025.07.24	11:00:00	668375.06	672731.82	665585.93	672161.78	18259	103636	1
2025.07.24	12:00:00	672243.21	674441.95	669393.00	671489.94	14274	94721	1
2025.07.24	13:00:00	671530.66	671978.55	667336.77	669291.20	10243	67615	1
2025.07.24	14:00:00	669250.49	673403.65	668761.88	672853.97	9144	50487	1
2025.07.24	15:00:00	672853.97	674116.21	671143.84	671428.86	10809	59866	1
2025.07.24	16:00:00	671469.58	672976.12	669840.89	670695.95	8762	51294	1
2025.07.24	17:00:00	670736.67	671001.33	669331.92	669739.09	4631	25929	1
2025.07.24	18:00:00	669454.07	670125.91	667520.00	667520.00	1170	6467	1
2025.07.25	09:00:00	657320.00	658600.00	653400.00	653900.00	13944	55485	1
2025.07.25	10:00:00	653960.00	657440.00	651980.00	655620.00	14132	68007	1
2025.07.25	11:00:00	655660.00	655720.00	648780.00	649340.00	14943	85694	1
2025.07.25	12:00:00	649280.00	657120.00	649000.00	656480.00	11963	69400	1
2025.07.25	13:00:00	656540.00	658640.00	654260.00	658420.00	9193	51736	1
2025.07.25	14:00:00	658400.00	660000.00	656720.00	658320.00	7735	35316	1
2025.07.25	15:00:00	658300.00	661760.00	658300.00	661240.00	5576	26969	1
2025.07.25	16:00:00	661240.00	663680.00	660600.00	661340.00	7414	41837	1
2025.07.25	17:00:00	661340.00	665820.00	660500.00	663820.00	7029	44011	1
2025.07.25	18:00:00	663860.00	670540.00	663780.00	666640.00	1762	12004	1
2025.07.28	09:00:00	674340.00	676740.00	673080.00	673780.00	12683	45702	1
2025.07.28	10:00:00	673760.00	678460.00	672200.00	674020.00	16745	75353	1
2025.07.28	11:00:00	674020.00	675380.00	669800.00	670200.00	15852	69936	1
2025.07.28	12:00:00	670200.00	673860.00	669700.00	672380.00	8888	40175	1
2025.07.28	13:00:00	672320.00	673260.00	670780.00	671020.00	7473	35489	1
2025.07.28	14:00:00	670940.00	672160.00	669300.00	670260.00	9178	40991	1
2025.07.28	15:00:00	670160.00	670700.00	668000.00	670280.00	8321	36025	1
2025.07.28	16:00:00	670280.00	672540.00	668600.00	671260.00	9471	47620	1
2025.07.28	17:00:00	671320.00	671840.00	668380.00	670900.00	6587	34037	1
2025.07.28	18:00:00	670760.00	670960.00	666340.00	667240.00	2024	8799	1
2025.07.29	09:00:00	673600.00	677340.00	673420.00	676380.00	11968	49344	1
2025.07.29	10:00:00	676360.00	677720.00	673480.00	674040.00	14298	75078	1
2025.07.29	11:00:00	673960.00	674060.00	668640.00	669620.00	16385	90004	1
2025.07.29	12:00:00	669560.00	669780.00	664140.00	664180.00	13912	83587	1
2025.07.29	13:00:00	664160.00	665860.00	660720.00	665780.00	13944	75668	1
2025.07.29	14:00:00	665720.00	668000.00	664900.00	666380.00	9085	53124	1
2025.07.29	15:00:00	666260.00	666740.00	664300.00	664900.00	6525	44662	1
2025.07.29	16:00:00	664960.00	667220.00	663500.00	664140.00	7766	55680	1
2025.07.29	17:00:00	664160.00	666740.00	662440.00	664820.00	8683	51053	1
2025.07.29	18:00:00	665000.00	665240.00	662460.00	663320.00	1331	11257	1
2025.07.30	09:00:00	664520.00	669080.00	664520.00	667460.00	11664	60734	1
2025.07.30	10:00:00	667440.00	669760.00	666140.00	668440.00	14852	102938	1
2025.07.30	11:00:00	668440.00	675640.00	667940.00	675380.00	16155	97820	1
2025.07.30	12:00:00	675440.00	676120.00	671260.00	672800.00	10728	65345	1
2025.07.30	13:00:00	672880.00	673800.00	668720.00	668840.00	8958	62533	1
2025.07.30	14:00:00	668940.00	670260.00	668100.00	669400.00	6178	39364	1
2025.07.30	15:00:00	669360.00	671640.00	657740.00	658660.00	20991	139553	1
2025.07.30	16:00:00	658580.00	662900.00	654580.00	662300.00	12845	87644	1
2025.07.30	17:00:00	662200.00	663780.00	660600.00	661820.00	5485	34062	1
2025.07.30	18:00:00	662360.00	663440.00	659480.00	660260.00	1323	6533	1
2025.07.31	09:00:00	667740.00	673960.00	666640.00	673440.00	14171	61687	1
2025.07.31	10:00:00	673480.00	676780.00	670200.00	675320.00	18775	100294	1
2025.07.31	11:00:00	675380.00	676140.00	667920.00	669060.00	16657	93133	1
2025.07.31	12:00:00	668960.00	670880.00	667740.00	669880.00	8240	60646	1
2025.07.31	13:00:00	669940.00	673440.00	669180.00	671880.00	8567	56560	1
2025.07.31	14:00:00	671980.00	672220.00	668000.00	668620.00	10379	65984	1
2025.07.31	15:00:00	668520.00	670820.00	667200.00	667480.00	9590	59850	1
2025.07.31	16:00:00	667560.00	668060.00	662080.00	662640.00	13255	86167	1
2025.07.31	17:00:00	662620.00	663760.00	660200.00	661120.00	9494	66424	1
2025.07.31	18:00:00	661180.00	662480.00	660360.00	662160.00	1690	11856	1
2025.08.01	09:00:00	655020.00	656900.00	649600.00	649940.00	20404	124966	1
2025.08.01	10:00:00	649960.00	650640.00	640540.00	641020.00	25476	200906	1
2025.08.01	11:00:00	641000.00	651300.00	637900.00	648760.00	24490	189102	1
2025.08.01	12:00:00	648740.00	648880.00	642900.00	646740.00	16267	127294	1
2025.08.01	13:00:00	646660.00	649000.00	644360.00	645400.00	13189	106745	1
2025.08.01	14:00:00	645520.00	646020.00	641300.00	642000.00	13527	89330	1
2025.08.01	15:00:00	642060.00	642800.00	638320.00	639340.00	14598	101936	1
2025.08.01	16:00:00	639200.00	639680.00	634140.00	634520.00	15617	120947	1
2025.08.01	17:00:00	634440.00	638680.00	634180.00	638160.00	9869	75467	1
2025.08.01	18:00:00	638080.00	638840.00	632500.00	636080.00	3089	22271	1
2025.08.04	09:00:00	639360.00	641880.00	637420.00	638280.00	10043	41783	1
2025.08.04	10:00:00	638280.00	639220.00	633820.00	638840.00	17532	98802	1
2025.08.04	11:00:00	638900.00	642540.00	638440.00	638860.00	15655	86085	1
2025.08.04	12:00:00	638860.00	640960.00	638300.00	640340.00	9233	56224	1
2025.08.04	13:00:00	640360.00	644460.00	640320.00	643860.00	12235	68284	1
2025.08.04	14:00:00	643880.00	646060.00	642600.00	643040.00	12620	63632	1
2025.08.04	15:00:00	642980.00	643540.00	640600.00	641020.00	9003	38207	1
2025.08.04	16:00:00	640960.00	642160.00	638880.00	639400.00	8824	39333	1
2025.08.04	17:00:00	639380.00	640240.00	637580.00	638680.00	8268	45052	1
2025.08.04	18:00:00	638680.00	640780.00	632020.00	639040.00	1683	6834	1
2025.08.05	09:00:00	641840.00	642640.00	634200.00	635820.00	18085	79857	1
2025.08.05	10:00:00	635840.00	638040.00	634420.00	636100.00	13848	74295	1
2025.08.05	11:00:00	636060.00	636340.00	626860.00	629580.00	26473	170957	1
2025.08.05	12:00:00	629540.00	630340.00	627180.00	628360.00	11031	75274	1
2025.08.05	13:00:00	628280.00	630980.00	627620.00	629740.00	10250	64795	1
2025.08.05	14:00:00	629800.00	632660.00	629540.00	632520.00	10867	55910	1
2025.08.05	15:00:00	632520.00	633160.00	630240.00	632520.00	10946	53071	1
2025.08.05	16:00:00	632520.00	633400.00	631040.00	632300.00	10128	49182	1
2025.08.05	17:00:00	632340.00	634400.00	631400.00	633280.00	7275	39469	1
2025.08.05	18:00:00	633400.00	634480.00	631500.00	633680.00	1769	11099	1
2025.08.06	09:00:00	636160.00	636600.00	631360.00	631720.00	15283	58394	1
2025.08.06	10:00:00	631680.00	632400.00	628500.00	631400.00	18183	110544	1
2025.08.06	11:00:00	631380.00	638280.00	629700.00	638140.00	16211	100798	1
2025.08.06	12:00:00	638100.00	640120.00	635740.00	639180.00	12126	80478	1
2025.08.06	13:00:00	639120.00	639620.00	636580.00	637520.00	7996	49226	1
2025.08.06	14:00:00	637580.00	638380.00	636200.00	638080.00	7001	36410	1
2025.08.06	15:00:00	638100.00	639320.00	636600.00	637680.00	9748	50419	1
2025.08.06	16:00:00	637660.00	638440.00	635820.00	636700.00	6739	32525	1
2025.08.06	17:00:00	636700.00	636980.00	635240.00	635620.00	4523	23202	1
2025.08.06	18:00:00	635600.00	637400.00	635300.00	635620.00	1514	7611	1
2025.08.07	09:00:00	644920.00	644920.00	640080.00	642440.00	13064	48714	1
2025.08.07	10:00:00	642440.00	644600.00	640860.00	644360.00	15580	80425	1
2025.08.07	11:00:00	644400.00	644880.00	642440.00	643580.00	11895	61785	1
2025.08.07	12:00:00	643620.00	645640.00	643180.00	643780.00	8949	45572	1
2025.08.07	13:00:00	643800.00	644720.00	638660.00	641360.00	13591	69789	1
2025.08.07	14:00:00	641360.00	643540.00	640320.00	643240.00	9010	46680	1
2025.08.07	15:00:00	643260.00	643600.00	640320.00	642260.00	8118	45573	1
2025.08.07	16:00:00	642300.00	645300.00	641180.00	644640.00	10210	65527	1
2025.08.07	17:00:00	644580.00	645260.00	643380.00	643780.00	4861	29551	1
2025.08.07	18:00:00	643580.00	644700.00	643000.00	643620.00	839	4587	1
2025.08.08	09:00:00	642460.00	642460.00	638520.00	639520.00	10673	41492	1
2025.08.08	10:00:00	639500.00	641220.00	637980.00	640860.00	15057	76040	1
2025.08.08	11:00:00	640920.00	643400.00	637820.00	638420.00	16786	90382	1
2025.08.08	12:00:00	638460.00	638460.00	634180.00	636220.00	13245	79776	1
2025.08.08	13:00:00	636200.00	637300.00	635240.00	636460.00	6668	38113	1
2025.08.08	14:00:00	636400.00	639640.00	636260.00	639580.00	8435	47464	1
2025.08.08	15:00:00	639620.00	642120.00	638700.00	639480.00	13375	83412	1
2025.08.08	16:00:00	639500.00	640800.00	638580.00	638960.00	8513	51604	1
2025.08.08	17:00:00	638980.00	641700.00	638680.00	641160.00	5369	41973	1
2025.08.08	18:00:00	641060.00	641820.00	640220.00	641620.00	1024	6427	1
2025.08.11	09:00:00	661840.00	662640.00	657220.00	657760.00	17342	80659	1
2025.08.11	10:00:00	657820.00	660780.00	655920.00	658940.00	15614	75435	1
2025.08.11	11:00:00	658940.00	663060.00	658280.00	661100.00	14604	82969	1
2025.08.11	12:00:00	661120.00	662240.00	659360.00	660500.00	8570	49590	1
2025.08.11	13:00:00	660480.00	662960.00	658860.00	659060.00	11962	74158	1
2025.08.11	14:00:00	659060.00	661160.00	656700.00	656980.00	10934	49326	1
2025.08.11	15:00:00	656960.00	658660.00	655440.00	657820.00	11242	54180	1
2025.08.11	16:00:00	657800.00	657960.00	651480.00	653760.00	12408	78304	1
2025.08.11	17:00:00	653740.00	653960.00	650560.00	652600.00	8906	49042	1
2025.08.11	18:00:00	652320.00	654200.00	652000.00	653000.00	1586	10344	1
2025.08.12	09:00:00	650000.00	651600.00	647580.00	650100.00	16039	84946	1
2025.08.12	10:00:00	650160.00	653780.00	647100.00	648840.00	23341	128954	1
2025.08.12	11:00:00	648860.00	651540.00	647740.00	651400.00	12158	75320	1
2025.08.12	12:00:00	651380.00	652840.00	649580.00	652200.00	12002	67742	1
2025.08.12	13:00:00	652260.00	654000.00	649980.00	651060.00	9744	55586	1
2025.08.12	14:00:00	651040.00	652300.00	648380.00	649160.00	8212	50512	1
2025.08.12	15:00:00	649160.00	652680.00	648400.00	649100.00	8566	57997	1
2025.08.12	16:00:00	649100.00	652460.00	648880.00	650200.00	6881	45821	1
2025.08.12	17:00:00	650220.00	653700.00	649320.00	653260.00	7905	43592	1
2025.08.12	18:00:00	653140.00	654600.00	651600.00	654420.00	1734	10228	1
2025.08.13	09:00:00	655560.00	656480.00	652820.00	653360.00	15632	60976	1
2025.08.13	10:00:00	653500.00	664400.00	652920.00	662420.00	29112	165612	1
2025.08.13	11:00:00	662380.00	665120.00	657180.00	657800.00	23950	154231	1
2025.08.13	12:00:00	658000.00	661640.00	654240.00	659600.00	17156	115537	1
2025.08.13	13:00:00	659660.00	663580.00	659600.00	661760.00	11035	74916	1
2025.08.13	14:00:00	661740.00	663760.00	661480.00	663320.00	8702	51290	1
2025.08.13	15:00:00	663240.00	664620.00	661800.00	663320.00	12907	72547	1
2025.08.13	16:00:00	663320.00	669900.00	662560.00	669280.00	19394	111405	1
2025.08.13	17:00:00	669340.00	670800.00	667940.00	670440.00	9454	59536	1
2025.08.13	18:00:00	670420.00	672000.00	669580.00	669580.00	3005	25343	1
2025.08.14	09:00:00	664820.00	664820.00	642400.00	647940.00	39448	206320	1
2025.08.14	10:00:00	647920.00	650080.00	643220.00	647520.00	26641	168351	1
2025.08.14	11:00:00	647720.00	650600.00	643780.00	647160.00	16545	99030	1
2025.08.14	12:00:00	647100.00	648000.00	643120.00	645520.00	13420	75403	1
2025.08.14	13:00:00	645560.00	645560.00	640780.00	644420.00	15313	106966	1
2025.08.14	14:00:00	644400.00	645600.00	641760.00	644220.00	10933	77497	1
2025.08.14	15:00:00	644180.00	645340.00	640060.00	644640.00	10498	69139	1
2025.08.14	16:00:00	644640.00	647580.00	643920.00	644120.00	9837	63543	1
2025.08.14	17:00:00	644020.00	645200.00	642940.00	643760.00	6398	40363	1
2025.08.14	18:00:00	643760.00	645080.00	641500.00	642340.00	1600	10292	1
2025.08.15	09:00:00	648960.00	648960.00	643720.00	644880.00	14344	66249	1
2025.08.15	10:00:00	644740.00	645240.00	639540.00	640160.00	15127	82668	1
2025.08.15	11:00:00	640080.00	642540.00	636960.00	637740.00	17858	99246	1
2025.08.15	12:00:00	637740.00	639260.00	634880.00	637360.00	18296	130011	1
2025.08.15	13:00:00	637380.00	638880.00	634800.00	638240.00	11010	74212	1
2025.08.15	14:00:00	638240.00	640960.00	636020.00	639500.00	12002	82989	1
2025.08.15	15:00:00	639520.00	639900.00	636460.00	637280.00	8583	56481	1
2025.08.15	16:00:00	637220.00	638200.00	634940.00	635620.00	8674	53481	1
2025.08.15	17:00:00	635640.00	637980.00	635140.00	637640.00	5808	33186	1
2025.08.15	18:00:00	637700.00	638040.00	635040.00	636140.00	1671	10477	1
2025.08.18	09:00:00	624000.00	629220.00	624000.00	628920.00	12445	49329	1
2025.08.18	10:00:00	628860.00	630220.00	624820.00	625040.00	16596	85796	1
2025.08.18	11:00:00	625060.00	629800.00	624760.00	629700.00	16912	92647	1
2025.08.18	12:00:00	629660.00	633380.00	628660.00	633180.00	11879	68127	1
2025.08.18	13:00:00	633180.00	634740.00	631900.00	633800.00	11873	69866	1
2025.08.18	14:00:00	633860.00	638000.00	633860.00	636220.00	11839	70344	1
2025.08.18	15:00:00	636220.00	637680.00	635420.00	636760.00	8128	46276	1
2025.08.18	16:00:00	636820.00	637700.00	634960.00	635820.00	8254	46517	1
2025.08.18	17:00:00	635860.00	637420.00	634260.00	636760.00	7904	40727	1
2025.08.18	18:00:00	636680.00	639820.00	636360.00	639140.00	1924	14779	1
2025.08.19	09:00:00	631500.00	634660.00	630760.00	634600.00	13295	46956	1
2025.08.19	10:00:00	634660.00	638820.00	632280.00	633540.00	18828	107822	1
2025.08.19	11:00:00	633580.00	634420.00	625800.00	626760.00	19137	116282	1
2025.08.19	12:00:00	626820.00	628440.00	624240.00	626020.00	12798	77480	1
2025.08.19	13:00:00	625980.00	626160.00	622560.00	623380.00	10322	63683	1
2025.08.19	14:00:00	623400.00	625440.00	622200.00	624860.00	10514	64360	1
2025.08.19	15:00:00	624900.00	625900.00	622320.00	623500.00	9008	49650	1
2025.08.19	16:00:00	623420.00	627680.00	622120.00	624660.00	10893	68730	1
2025.08.19	17:00:00	624700.00	627960.00	623820.00	627600.00	6202	37987	1
2025.08.19	18:00:00	627580.00	627640.00	626080.00	626720.00	1052	5600	1
2025.08.20	09:00:00	626980.00	629700.00	624660.00	624760.00	13742	50560	1
2025.08.20	10:00:00	624760.00	625080.00	618360.00	619340.00	20605	103981	1
2025.08.20	11:00:00	619260.00	625900.00	617140.00	623400.00	23118	133185	1
2025.08.20	12:00:00	623400.00	627920.00	622260.00	623000.00	14238	86797	1
2025.08.20	13:00:00	623000.00	627760.00	622280.00	624880.00	12137	71730	1
2025.08.20	14:00:00	624880.00	628880.00	624240.00	627560.00	11289	72488	1
2025.08.20	15:00:00	627640.00	628080.00	622260.00	623560.00	11602	65452	1
2025.08.20	16:00:00	623500.00	628420.00	623340.00	627820.00	11255	67850	1
2025.08.20	17:00:00	627940.00	629860.00	627140.00	629720.00	5601	31641	1
2025.08.20	18:00:00	629600.00	631160.00	627580.00	630300.00	1579	9594	1
2025.08.21	09:00:00	623860.00	625560.00	621960.00	622300.00	20113	70308	1
2025.08.21	10:00:00	622260.00	626040.00	621460.00	624200.00	27212	134646	1
2025.08.21	11:00:00	624040.00	626980.00	621520.00	623580.00	21244	121395	1
2025.08.21	12:00:00	623640.00	624380.00	620440.00	621340.00	15357	102269	1
2025.08.21	13:00:00	621420.00	622620.00	618060.00	618600.00	11972	67261	1
2025.08.21	14:00:00	618640.00	619020.00	616660.00	617860.00	14070	76363	1
2025.08.21	15:00:00	617780.00	619360.00	616380.00	618660.00	13275	65637	1
2025.08.21	16:00:00	618660.00	619920.00	615800.00	616860.00	12891	65746	1
2025.08.21	17:00:00	616800.00	619840.00	615900.00	618100.00	8351	40063	1
2025.08.21	18:00:00	618080.00	618820.00	615500.00	617360.00	2534	13498	1
2025.08.22	09:00:00	617200.00	618140.00	612440.00	616300.00	16950	76851	1
2025.08.22	10:00:00	616340.00	618520.00	614040.00	617560.00	20010	102881	1
2025.08.22	11:00:00	617680.00	634640.00	617680.00	630220.00	41670	244674	1
2025.08.22	12:00:00	630220.00	639240.00	630180.00	633440.00	17226	83850	1
2025.08.22	13:00:00	633580.00	635520.00	631600.00	632660.00	9260	53254	1
2025.08.22	14:00:00	632600.00	636800.00	632580.00	636520.00	9690	54268	1
2025.08.22	15:00:00	636620.00	638540.00	635060.00	635720.00	9551	52458	1
2025.08.22	16:00:00	635620.00	636840.00	634400.00	635380.00	8273	61015	1
2025.08.22	17:00:00	635400.00	637920.00	634940.00	637520.00	6064	37166	1
2025.08.22	18:00:00	637500.00	638980.00	637020.00	638120.00	1475	12369	1
2025.08.25	09:00:00	607840.00	609040.00	604480.00	606760.00	16715	62363	1
2025.08.25	10:00:00	606660.00	608340.00	601360.00	606540.00	23432	131124	1
2025.08.25	11:00:00	606580.00	609000.00	605480.00	608620.00	15024	95947	1
2025.08.25	12:00:00	608660.00	610620.00	606860.00	608740.00	12875	82689	1
2025.08.25	13:00:00	608820.00	612400.00	607900.00	610220.00	12986	79273	1
2025.08.25	14:00:00	610260.00	612040.00	608440.00	610160.00	13928	94381	1
2025.08.25	15:00:00	610140.00	611180.00	609160.00	610220.00	8568	61258	1
2025.08.25	16:00:00	610260.00	610460.00	601140.00	601560.00	16821	105989	1
2025.08.25	17:00:00	601560.00	603240.00	594360.00	595000.00	24538	163046	1
2025.08.25	18:00:00	595160.00	596440.00	589480.00	589700.00	3412	20128	1
2025.08.26	09:00:00	595000.00	600880.00	593920.00	597600.00	19650	100320	1
2025.08.26	10:00:00	597540.00	598360.00	593900.00	597380.00	19792	135725	1
2025.08.26	11:00:00	597360.00	601680.00	596000.00	600480.00	19518	123430	1
2025.08.26	12:00:00	600440.00	601760.00	596800.00	597500.00	13132	79462	1
2025.08.26	13:00:00	597520.00	601300.00	596800.00	601180.00	8987	46529	1
2025.08.26	14:00:00	601180.00	601520.00	598200.00	599500.00	8761	43680	1
2025.08.26	15:00:00	599480.00	605120.00	599280.00	603320.00	14717	78973	1
2025.08.26	16:00:00	603240.00	605720.00	601840.00	605220.00	11167	69707	1
2025.08.26	17:00:00	605160.00	606800.00	604140.00	606160.00	6512	29795	1
2025.08.26	18:00:00	606060.00	609920.00	604380.00	605440.00	1535	7593	1
2025.08.27	09:00:00	608000.00	608240.00	604780.00	607480.00	13457	58255	1
2025.08.27	10:00:00	607480.00	611020.00	605360.00	608600.00	20837	106132	1
2025.08.27	11:00:00	608640.00	615880.00	607480.00	610380.00	24147	145296	1
2025.08.27	12:00:00	610380.00	611720.00	607420.00	610040.00	12034	72004	1
2025.08.27	13:00:00	610000.00	610480.00	607040.00	609820.00	9782	58169	1
2025.08.27	14:00:00	609800.00	610940.00	607660.00	610260.00	8572	48318	1
2025.08.27	15:00:00	610260.00	612260.00	608060.00	608380.00	9099	53138	1
2025.08.27	16:00:00	608440.00	609460.00	606140.00	608520.00	9329	57212	1
2025.08.27	17:00:00	608540.00	610620.00	602860.00	610460.00	14199	89826	1
2025.08.27	18:00:00	610380.00	611600.00	606440.00	607780.00	1987	13582	1
2025.08.28	09:00:00	622823.52	624652.37	620567.94	623880.19	13097	61441	1
2025.08.28	10:00:00	623880.19	625790.32	620547.62	621746.53	18466	95092	1
2025.08.28	11:00:00	621807.50	624103.71	619653.52	622721.92	13417	89133	1
2025.08.28	12:00:00	622701.60	623616.02	618739.10	620222.50	11199	62343	1
2025.08.28	13:00:00	620222.50	623189.29	617966.92	617966.92	10174	65225	1
2025.08.28	14:00:00	617966.92	619673.84	616361.60	618373.33	9460	58729	1
2025.08.28	15:00:00	618413.97	619998.97	617113.46	617966.92	10394	63966	1
2025.08.28	16:00:00	617946.60	618861.02	615264.29	615406.54	9867	57175	1
2025.08.28	17:00:00	615467.50	616625.77	615061.09	616138.07	5914	36931	1
2025.08.28	18:00:00	616056.79	616788.33	615528.46	616260.00	1279	10285	1
2025.08.29	09:00:00	606980.00	611200.00	605520.00	609980.00	14154	68986	1
2025.08.29	10:00:00	609960.00	610640.00	597340.00	598340.00	18650	98255	1
2025.08.29	11:00:00	598400.00	600340.00	593620.00	594360.00	18206	103585	1
2025.08.29	12:00:00	594360.00	597640.00	594260.00	595960.00	8665	50477	1
2025.08.29	13:00:00	595980.00	598480.00	594840.00	597760.00	6604	39494	1
2025.08.29	14:00:00	597680.00	597880.00	594800.00	596280.00	6748	37573	1
2025.08.29	15:00:00	596320.00	596380.00	593960.00	594140.00	5781	31853	1
2025.08.29	16:00:00	594100.00	596800.00	593060.00	593980.00	9640	65852	1
2025.08.29	17:00:00	594100.00	594460.00	590840.00	592400.00	8548	61659	1
2025.08.29	18:00:00	592420.00	593460.00	590440.00	591300.00	1653	11166	1
2025.09.01	09:00:00	597120.00	599020.00	595960.00	598960.00	11811	47216	1
2025.09.01	10:00:00	598980.00	601880.00	597780.00	598520.00	19416	95802	1
2025.09.01	11:00:00	598500.00	601680.00	598200.00	600960.00	16223	68373	1
2025.09.01	12:00:00	600980.00	602900.00	597840.00	599520.00	13036	61554	1
2025.09.01	13:00:00	599540.00	601520.00	598880.00	599780.00	9279	42181	1
2025.09.01	14:00:00	599780.00	600820.00	597940.00	600500.00	8807	45990	1
2025.09.01	15:00:00	600500.00	602280.00	600500.00	601740.00	6869	34503	1
2025.09.01	16:00:00	601740.00	602460.00	600980.00	601240.00	5752	33151	1
2025.09.01	17:00:00	601240.00	601560.00	596920.00	599460.00	8392	52477	1
2025.09.01	18:00:00	599460.00	599920.00	594540.00	595520.00	1940	12935	1
2025.09.02	09:00:00	606780.00	608960.00	602600.00	605440.00	25035	106512	1
2025.09.02	10:00:00	605440.00	616740.00	605040.00	615580.00	26371	148845	1
2025.09.02	11:00:00	615580.00	617580.00	612360.00	615420.00	16921	118409	1
2025.09.02	12:00:00	615440.00	617220.00	611720.00	613080.00	11122	70168	1
2025.09.02	13:00:00	613040.00	614500.00	609560.00	611160.00	10855	74296	1
2025.09.02	14:00:00	611140.00	613320.00	610400.00	612820.00	9577	59770	1
2025.09.02	15:00:00	612740.00	613620.00	610160.00	612540.00	9644	67403	1
2025.09.02	16:00:00	612580.00	614080.00	611360.00	613940.00	9122	60752	1
2025.09.02	17:00:00	613900.00	617040.00	613420.00	616460.00	9019	66530	1
2025.09.02	18:00:00	616300.00	618720.00	616000.00	616220.00	1709	13872	1
2025.09.03	09:00:00	617500.00	617500.00	612080.00	612660.00	19003	69075	1
2025.09.03	10:00:00	612700.00	617280.00	612700.00	614820.00	19939	119387	1
2025.09.03	11:00:00	614820.00	619160.00	611400.00	618060.00	20898	144367	1
2025.09.03	12:00:00	618120.00	619780.00	616960.00	619460.00	10226	77472	1
2025.09.03	13:00:00	619440.00	620540.00	617160.00	618400.00	9976	70870	1
2025.09.03	14:00:00	618300.00	621860.00	618200.00	620360.00	13066	77348	1
2025.09.03	15:00:00	620380.00	621300.00	617200.00	618540.00	9829	57640	1
2025.09.03	16:00:00	618440.00	619220.00	616540.00	618760.00	8394	54872	1
2025.09.03	17:00:00	618820.00	619260.00	618220.00	618980.00	3860	26933	1
2025.09.03	18:00:00	618960.00	619380.00	617320.00	617600.00	1121	5767	1
2025.09.04	09:00:00	612000.00	613140.00	609440.00	611940.00	15008	62093	1
2025.09.04	10:00:00	611880.00	612180.00	607040.00	608460.00	18516	93631	1
2025.09.04	11:00:00	608460.00	609020.00	604500.00	605900.00	20496	117224	1
2025.09.04	12:00:00	605840.00	606180.00	602940.00	604120.00	12375	73841	1
2025.09.04	13:00:00	604180.00	605500.00	603680.00	604400.00	8159	54216	1
2025.09.04	14:00:00	604420.00	606720.00	604400.00	605060.00	8616	49555	1
2025.09.04	15:00:00	605020.00	607140.00	603600.00	605220.00	10003	64367	1
2025.09.04	16:00:00	605220.00	606000.00	603540.00	604040.00	6266	45556	1
2025.09.04	17:00:00	604040.00	607460.00	603660.00	607240.00	7214	47497	1
2025.09.04	18:00:00	607140.00	608320.00	606420.00	607040.00	1793	12490	1
2025.09.05	09:00:00	617000.00	618640.00	611200.00	617000.00	25113	114958	1
2025.09.05	10:00:00	616920.00	617440.00	612700.00	614460.00	15862	100028	1
2025.09.05	11:00:00	614480.00	614480.00	602820.00	603120.00	20706	139118	1
2025.09.05	12:00:00	603040.00	605320.00	601360.00	603060.00	10781	67958	1
2025.09.05	13:00:00	603080.00	604080.00	601880.00	603660.00	6152	37493	1
2025.09.05	14:00:00	603660.00	603740.00	600400.00	602740.00	8585	49120	1
2025.09.05	15:00:00	602780.00	607500.00	602720.00	607060.00	10219	64104	1
2025.09.05	16:00:00	607020.00	610180.00	606600.00	609920.00	8241	61136	1
2025.09.05	17:00:00	609960.00	610080.00	608040.00	609960.00	6479	49881	1
2025.09.05	18:00:00	610020.00	610280.00	604500.00	607020.00	1846	14689	1
2025.09.08	09:00:00	611100.00	612600.00	610560.00	612000.00	6375	26494	1
2025.09.08	10:00:00	612120.00	615680.00	612020.00	613460.00	15485	80740	1
2025.09.08	11:00:00	613500.00	619240.00	613240.00	618400.00	13344	88011	1
2025.09.08	12:00:00	618400.00	618700.00	616600.00	617020.00	6315	44283	1
2025.09.08	13:00:00	616980.00	617700.00	615180.00	616340.00	9229	64602	1
2025.09.08	14:00:00	616240.00	617200.00	614160.00	615120.00	7738	45882	1
2025.09.08	15:00:00	615020.00	615800.00	614320.00	615360.00	6114	37910	1
2025.09.08	16:00:00	615340.00	615380.00	612060.00	612820.00	6673	42378	1
2025.09.08	17:00:00	612860.00	613360.00	612160.00	612780.00	5206	38961	1
2025.09.08	18:00:00	612680.00	613380.00	611900.00	613000.00	1492	10516	1
2025.09.09	09:00:00	615100.00	618260.00	614720.00	617740.00	14868	53273	1
2025.09.09	10:00:00	617740.00	618520.00	615940.00	616720.00	12954	73971	1
2025.09.09	11:00:00	616760.00	617300.00	609600.00	610920.00	24203	142627	1
2025.09.09	12:00:00	610900.00	611640.00	605600.00	606360.00	17778	102516	1
2025.09.09	13:00:00	606400.00	608120.00	606120.00	607580.00	8374	40420	1
2025.09.09	14:00:00	607640.00	609200.00	606600.00	608240.00	10134	57407	1
2025.09.09	15:00:00	608200.00	609660.00	607320.00	608580.00	8429	50201	1
2025.09.09	16:00:00	608620.00	610760.00	608480.00	610160.00	5689	31588	1
2025.09.09	17:00:00	610280.00	611780.00	608960.00	611600.00	6454	41483	1
2025.09.09	18:00:00	611540.00	612880.00	609240.00	609240.00	1562	10281	1
2025.09.10	09:00:00	614880.00	622000.00	614600.00	621460.00	24012	110797	1
2025.09.10	10:00:00	621420.00	623980.00	618940.00	622380.00	21196	119541	1
2025.09.10	11:00:00	622560.00	623940.00	620820.00	621240.00	13081	84560	1
2025.09.10	12:00:00	621240.00	622260.00	620200.00	621260.00	8519	49978	1
2025.09.10	13:00:00	621300.00	621560.00	619000.00	620240.00	7109	48854	1
2025.09.10	14:00:00	620200.00	621800.00	618100.00	619740.00	10827	63463	1
2025.09.10	15:00:00	619760.00	620860.00	617640.00	619100.00	9118	55286	1
2025.09.10	16:00:00	619100.00	619420.00	616780.00	619120.00	6788	43402	1
2025.09.10	17:00:00	619200.00	621220.00	618960.00	619800.00	6319	42039	1
2025.09.10	18:00:00	619840.00	621280.00	619300.00	620000.00	1564	11583	1
2025.09.11	09:00:00	622600.00	625400.00	619400.00	620780.00	22510	109210	1
2025.09.11	10:00:00	620780.00	623160.00	617040.00	622980.00	21292	131557	1
2025.09.11	11:00:00	623000.00	623180.00	618840.00	621200.00	14896	85071	1
2025.09.11	12:00:00	621160.00	622240.00	618560.00	619780.00	7533	46866	1
2025.09.11	13:00:00	619820.00	622140.00	619580.00	621440.00	7126	42488	1
2025.09.11	14:00:00	621420.00	622100.00	620280.00	621840.00	7275	38005	1
2025.09.11	15:00:00	621860.00	622060.00	619720.00	620760.00	7577	47534	1
2025.09.11	16:00:00	620760.00	622620.00	620160.00	622080.00	5744	33121	1
2025.09.11	17:00:00	622020.00	622500.00	620540.00	621800.00	5010	27024	1
2025.09.11	18:00:00	621660.00	622260.00	620880.00	621820.00	1097	5875	1
2025.09.12	09:00:00	625120.00	626220.00	623840.00	625080.00	14851	53690	1
2025.09.12	10:00:00	625080.00	625140.00	622020.00	623180.00	15357	79910	1
2025.09.12	11:00:00	623200.00	625000.00	620900.00	623040.00	14716	78668	1
2025.09.12	12:00:00	623080.00	623360.00	620240.00	621240.00	8338	45892	1
2025.09.12	13:00:00	621240.00	623560.00	620580.00	623300.00	6255	32661	1
2025.09.12	14:00:00	623340.00	625860.00	622360.00	624940.00	9241	57476	1
2025.09.12	15:00:00	624980.00	629320.00	624300.00	629060.00	11257	69911	1
2025.09.12	16:00:00	629000.00	630420.00	627660.00	630180.00	8496	64146	1
2025.09.12	17:00:00	630040.00	630080.00	627120.00	628160.00	7002	48496	1
2025.09.12	18:00:00	628100.00	628200.00	626200.00	627380.00	1577	8134	1
2025.09.15	09:00:00	620060.00	620060.00	614820.00	615100.00	11291	48681	1
2025.09.15	10:00:00	615020.00	617520.00	613140.00	614500.00	14778	75260	1
2025.09.15	11:00:00	614580.00	616420.00	613680.00	613780.00	9996	48227	1
2025.09.15	12:00:00	613680.00	614600.00	612020.00	613900.00	10449	53729	1
2025.09.15	13:00:00	613880.00	615100.00	613160.00	614020.00	6511	37726	1
2025.09.15	14:00:00	613920.00	616320.00	613380.00	616200.00	7772	37936	1
2025.09.15	15:00:00	616140.00	617480.00	614900.00	617180.00	7576	37734	1
2025.09.15	16:00:00	617160.00	618700.00	615260.00	617300.00	9881	52408	1
2025.09.15	17:00:00	617300.00	618360.00	616700.00	617380.00	4231	23358	1
2025.09.15	18:00:00	617280.00	618020.00	616500.00	617200.00	1571	6157	1
2025.09.16	09:00:00	614860.00	617100.00	614740.00	615600.00	10042	38129	1
2025.09.16	10:00:00	615620.00	617560.00	612720.00	615200.00	16306	92322	1
2025.09.16	11:00:00	615200.00	616360.00	613500.00	615980.00	11873	73340	1
2025.09.16	12:00:00	615920.00	618100.00	614080.00	618040.00	8744	49674	1
2025.09.16	13:00:00	618060.00	618980.00	616500.00	618900.00	8963	52499	1
2025.09.16	14:00:00	618940.00	623100.00	618820.00	621220.00	14659	90752	1
2025.09.16	15:00:00	621240.00	623160.00	620060.00	621160.00	9069	53475	1
2025.09.16	16:00:00	621120.00	622820.00	620420.00	622620.00	5914	37517	1
2025.09.16	17:00:00	622640.00	623480.00	622000.00	622900.00	4754	32573	1
2025.09.16	18:00:00	622880.00	623380.00	621420.00	622120.00	1575	10247	1
2025.09.17	09:00:00	620020.00	621200.00	618560.00	618920.00	12954	51584	1
2025.09.17	10:00:00	618920.00	619900.00	617140.00	618120.00	14235	70062	1
2025.09.17	11:00:00	618140.00	619360.00	614740.00	615900.00	13053	72036	1
2025.09.17	12:00:00	615960.00	618180.00	615360.00	617920.00	6746	34487	1
2025.09.17	13:00:00	617900.00	617920.00	615560.00	616600.00	7495	36475	1
2025.09.17	14:00:00	616660.00	620000.00	614640.00	615300.00	8171	41954	1
2025.09.17	15:00:00	615800.00	618980.00	611120.00	613880.00	25824	160556	1
2025.09.17	16:00:00	613820.00	617540.00	613160.00	616060.00	9896	82771	1
2025.09.17	17:00:00	616060.00	618380.00	615660.00	616340.00	5258	34854	1
2025.09.17	18:00:00	616300.00	618000.00	614580.00	617480.00	1201	9662	1
2025.09.18	09:00:00	622980.00	622980.00	620140.00	622740.00	9592	39236	1
2025.09.18	10:00:00	622780.00	627700.00	622440.00	626300.00	19334	105491	1
2025.09.18	11:00:00	626300.00	628700.00	625340.00	627060.00	11535	70323	1
2025.09.18	12:00:00	627120.00	627520.00	624800.00	626920.00	10001	59724	1
2025.09.18	13:00:00	627040.00	628280.00	625940.00	626300.00	7741	53842	1
2025.09.18	14:00:00	626280.00	627440.00	625020.00	626280.00	6898	45082	1
2025.09.18	15:00:00	626260.00	628480.00	625820.00	628080.00	7560	45338	1
2025.09.18	16:00:00	628080.00	628500.00	625900.00	627900.00	7348	48750	1
2025.09.18	17:00:00	627880.00	628640.00	626800.00	627920.00	5146	33553	1
2025.09.18	18:00:00	627820.00	628040.00	626320.00	626640.00	1218	6576	1
2025.09.19	09:00:00	623100.00	624020.00	621280.00	621380.00	10594	51379	1
2025.09.19	10:00:00	621380.00	623280.00	620280.00	622360.00	12439	61190	1
2025.09.19	11:00:00	622340.00	622940.00	618600.00	619040.00	12739	67238	1
2025.09.19	12:00:00	619040.00	620180.00	617580.00	619840.00	10505	56866	1
2025.09.19	13:00:00	619820.00	621100.00	619380.00	620460.00	6444	28864	1
2025.09.19	14:00:00	620460.00	620480.00	617480.00	617660.00	6408	31655	1
2025.09.19	15:00:00	617680.00	618120.00	616100.00	616520.00	7003	38283	1
2025.09.19	16:00:00	616580.00	616880.00	614720.00	614920.00	6524	35437	1
2025.09.19	17:00:00	614920.00	617080.00	614780.00	616060.00	5133	29941	1
2025.09.19	18:00:00	616060.00	617260.00	615540.00	617120.00	1068	7651	1
2025.09.22	09:00:00	603560.00	604120.00	602080.00	602900.00	9776	42202	1
2025.09.22	10:00:00	602840.00	607100.00	602380.00	606680.00	14522	80205	1
2025.09.22	11:00:00	606680.00	610560.00	605980.00	606720.00	11940	67136	1
2025.09.22	12:00:00	606700.00	607280.00	604000.00	605660.00	7313	42900	1
2025.09.22	13:00:00	605680.00	605780.00	603540.00	604440.00	5914	37112	1
2025.09.22	14:00:00	604460.00	604600.00	601260.00	601700.00	8669	45845	1
2025.09.22	15:00:00	601680.00	604140.00	601160.00	602240.00	7835	49739	1
2025.09.22	16:00:00	602260.00	603220.00	599720.00	600380.00	8249	53559	1
2025.09.22	17:00:00	600400.00	604560.00	599820.00	603560.00	6585	36503	1
2025.09.22	18:00:00	603420.00	604040.00	602480.00	603320.00	1381	8081	1
2025.09.23	09:00:00	605000.00	606000.00	603680.00	604440.00	6719	24650	1
2025.09.23	10:00:00	604420.00	604420.00	601700.00	602700.00	14549	67152	1
2025.09.23	11:00:00	602640.00	603580.00	597920.00	598840.00	12727	74469	1
2025.09.23	12:00:00	598880.00	601060.00	596080.00	598700.00	10750	72170	1
2025.09.23	13:00:00	598740.00	599140.00	596960.00	598160.00	8106	45632	1
2025.09.23	14:00:00	598160.00	598340.00	592420.00	593100.00	11501	69105	1
2025.09.23	15:00:00	593140.00	594100.00	591420.00	592180.00	9392	53556	1
2025.09.23	16:00:00	592140.00	593320.00	590540.00	590920.00	7042	44330	1
2025.09.23	17:00:00	590860.00	592860.00	590220.00	592600.00	7633	39970	1
2025.09.23	18:00:00	592580.00	592960.00	587820.00	591580.00	2255	14906	1
2025.09.24	09:00:00	599600.00	601500.00	598520.00	600760.00	8747	40390	1
2025.09.24	10:00:00	600720.00	602340.00	600100.00	600260.00	10582	61375	1
2025.09.24	11:00:00	600300.00	605560.00	600240.00	604840.00	12249	76578	1
2025.09.24	12:00:00	604960.00	605700.00	603020.00	603940.00	9038	54580	1
2025.09.24	13:00:00	603920.00	605880.00	603140.00	605740.00	6612	40401	1
2025.09.24	14:00:00	605760.00	608000.00	605200.00	606680.00	8168	44435	1
2025.09.24	15:00:00	606700.00	607560.00	605680.00	606640.00	6420	37074	1
2025.09.24	16:00:00	606640.00	606680.00	604420.00	605120.00	5560	34847	1
2025.09.24	17:00:00	605160.00	606940.00	604960.00	606420.00	4525	23671	1
2025.09.24	18:00:00	606500.00	606660.00	603360.00	603820.00	1746	10077	1
2025.09.25	09:00:00	604637.09	606470.43	601948.18	603455.60	16497	68492	1
2025.09.25	10:00:00	603455.60	607407.47	601968.55	604066.71	16584	99235	1
2025.09.25	11:00:00	604025.97	608894.52	604025.97	608364.89	11149	72297	1
2025.09.25	12:00:00	608446.37	608853.78	604698.20	607977.85	8693	52642	1
2025.09.25	13:00:00	607998.22	608792.67	604351.90	604575.97	7255	47660	1
2025.09.25	14:00:00	604555.60	604698.20	592883.31	593922.20	18439	126549	1
2025.09.25	15:00:00	593861.09	600135.21	592801.83	599809.28	13366	97573	1
2025.09.25	16:00:00	599870.39	601642.62	597079.63	597772.23	8386	54529	1
2025.09.25	17:00:00	597792.60	598240.75	595572.21	596794.44	5977	36224	1
2025.09.25	18:00:00	596794.44	599564.83	596550.00	597100.00	1578	7694	1
2025.09.26	09:00:00	594980.00	596740.00	592140.00	594140.00	10678	60772	1
2025.09.26	10:00:00	594100.00	596880.00	591160.00	596160.00	11573	78837	1
2025.09.26	11:00:00	596160.00	596640.00	589500.00	590040.00	11752	70001	1
2025.09.26	12:00:00	590080.00	592680.00	589880.00	590760.00	6529	36983	1
2025.09.26	13:00:00	590760.00	594600.00	590600.00	593240.00	5983	30970	1
2025.09.26	14:00:00	593200.00	596240.00	592880.00	595820.00	5729	30251	1
2025.09.26	15:00:00	595840.00	597940.00	594160.00	594340.00	7628	39806	1
2025.09.26	16:00:00	594260.00	594340.00	590480.00	591160.00	7244	42970	1
2025.09.26	17:00:00	591200.00	593100.00	590860.00	592660.00	3466	20014	1
2025.09.26	18:00:00	592600.00	594340.00	591680.00	594020.00	951	5107	1
2025.09.29	09:00:00	607300.00	609700.00	604760.00	605400.00	11756	53435	1
2025.09.29	10:00:00	605360.00	612540.00	604040.00	611900.00	17209	101161	1
2025.09.29	11:00:00	611940.00	618660.00	611560.00	617420.00	16294	102103	1
2025.09.29	12:00:00	617500.00	617960.00	615120.00	616100.00	8646	51067	1
2025.09.29	13:00:00	616180.00	617320.00	613800.00	613800.00	7222	40133	1
2025.09.29	14:00:00	613800.00	616920.00	612800.00	616420.00	9259	51805	1
2025.09.29	15:00:00	616460.00	617000.00	615220.00	615760.00	6864	39957	1
2025.09.29	16:00:00	615680.00	618740.00	614900.00	618140.00	9500	63516	1
2025.09.29	17:00:00	618160.00	619120.00	617360.00	618260.00	8132	53181	1
2025.09.29	18:00:00	618200.00	618980.00	617540.00	618300.00	1333	10268	1
2025.09.30	09:00:00	612040.00	612400.00	609060.00	610620.00	10151	38994	1
2025.09.30	10:00:00	610560.00	613160.00	608520.00	611880.00	14002	73285	1
2025.09.30	11:00:00	611740.00	614540.00	609160.00	614520.00	11234	66635	1
2025.09.30	12:00:00	614560.00	614620.00	610820.00	611920.00	8043	47804	1
2025.09.30	13:00:00	611840.00	612960.00	608580.00	608980.00	7487	42537	1
2025.09.30	14:00:00	609000.00	613200.00	608600.00	611980.00	8803	51529	1
2025.09.30	15:00:00	612060.00	614620.00	611500.00	614280.00	7786	47359	1
2025.09.30	16:00:00	614300.00	619040.00	614160.00	617960.00	11522	72224	1
2025.09.30	17:00:00	617960.00	619940.00	616720.00	619620.00	7945	40829	1
2025.09.30	18:00:00	619580.00	624500.00	619320.00	624500.00	2240	13768	1
2025.10.01	09:00:00	629940.00	630500.00	626840.00	628240.00	11355	52053	1
2025.10.01	10:00:00	628200.00	630380.00	627640.00	629820.00	13281	87612	1
2025.10.01	11:00:00	629740.00	634280.00	629340.00	633840.00	15831	104447	1
2025.10.01	12:00:00	633780.00	636660.00	633100.00	636200.00	9216	64658	1
2025.10.01	13:00:00	636260.00	639900.00	635540.00	636800.00	11497	80741	1
2025.10.01	14:00:00	636860.00	637600.00	631840.00	632240.00	11312	72402	1
2025.10.01	15:00:00	632300.00	634400.00	631780.00	633800.00	9031	63609	1
2025.10.01	16:00:00	633820.00	635920.00	633300.00	635280.00	6766	44444	1
2025.10.01	17:00:00	635200.00	636280.00	634200.00	635940.00	6576	39759	1
2025.10.01	18:00:00	635940.00	636280.00	634960.00	635620.00	1188	6913	1
2025.10.02	09:00:00	638560.00	646500.00	638320.00	646340.00	14067	61461	1
2025.10.02	10:00:00	646380.00	648940.00	643700.00	648080.00	19568	103796	1
2025.10.02	11:00:00	647940.00	649960.00	644280.00	645600.00	15313	83216	1
2025.10.02	12:00:00	645540.00	654060.00	644200.00	653620.00	15141	91290	1
2025.10.02	13:00:00	653640.00	655340.00	649640.00	650400.00	11514	66030	1
2025.10.02	14:00:00	650340.00	651940.00	648100.00	651460.00	10312	57728	1
2025.10.02	15:00:00	651480.00	654840.00	651440.00	653880.00	10555	61179	1
2025.10.02	16:00:00	653840.00	656280.00	653160.00	655620.00	11316	77522	1
2025.10.02	17:00:00	655500.00	656240.00	653040.00	654600.00	8587	58555	1
2025.10.02	18:00:00	654480.00	655680.00	653000.00	653220.00	1774	13267	1
2025.10.03	09:00:00	651560.00	654440.00	650920.00	652440.00	11881	45370	1
2025.10.03	10:00:00	652440.00	656440.00	651660.00	654600.00	19606	103439	1
2025.10.03	11:00:00	654560.00	658820.00	651580.00	657920.00	18138	108746	1
2025.10.03	12:00:00	657900.00	664780.00	656680.00	664300.00	20796	128564	1
2025.10.03	13:00:00	664380.00	672380.00	664360.00	664680.00	30485	240701	1
2025.10.03	14:00:00	664580.00	667480.00	659740.00	662280.00	30233	244562	1
2025.10.03	15:00:00	662360.00	665680.00	659000.00	664080.00	17221	134195	1
2025.10.03	16:00:00	664100.00	665580.00	662240.00	664460.00	10535	77796	1
2025.10.03	17:00:00	664500.00	665960.00	661240.00	663700.00	8198	51080	1
2025.10.03	18:00:00	663780.00	664080.00	662540.00	662660.00	1097	5706	1
2025.10.06	09:00:00	673580.00	674940.00	670920.00	672840.00	13877	63223	1
2025.10.06	10:00:00	672840.00	675320.00	670680.00	674880.00	21208	122349	1
2025.10.06	11:00:00	674980.00	676980.00	671480.00	672400.00	21660	128357	1
2025.10.06	12:00:00	672260.00	677320.00	672180.00	674020.00	12800	77793	1
2025.10.06	13:00:00	674000.00	676520.00	672780.00	676100.00	8939	58275	1
2025.10.06	14:00:00	676100.00	678480.00	674580.00	675520.00	12376	79615	1
2025.10.06	15:00:00	675560.00	680400.00	674140.00	679200.00	12096	73684	1
2025.10.06	16:00:00	679240.00	679700.00	674500.00	675400.00	13338	80155	1
2025.10.06	17:00:00	675460.00	676220.00	673340.00	674980.00	6584	33507	1
2025.10.06	18:00:00	674840.00	675380.00	670320.00	671500.00	1570	8125	1
2025.10.07	09:00:00	672260.00	677720.00	671600.00	676120.00	15026	71523	1
2025.10.07	10:00:00	676120.00	676720.00	666460.00	669760.00	23218	136941	1
2025.10.07	11:00:00	669760.00	670640.00	663700.00	664380.00	19480	123469	1
2025.10.07	12:00:00	664440.00	665100.00	655700.00	659560.00	21505	144896	1
2025.10.07	13:00:00	659660.00	661260.00	654400.00	659220.00	13582	93346	1
2025.10.07	14:00:00	659200.00	660120.00	656180.00	656700.00	11131	72737	1
2025.10.07	15:00:00	656760.00	657780.00	653560.00	655420.00	14020	101653	1
2025.10.07	16:00:00	655400.00	660960.00	655240.00	658800.00	11568	79116	1
2025.10.07	17:00:00	658940.00	662460.00	658900.00	660900.00	8184	43811	1
2025.10.07	18:00:00	660860.00	663200.00	659560.00	662460.00	1923	8905	1
2025.10.08	09:00:00	666000.00	667200.00	661620.00	662660.00	13922	55171	1
2025.10.08	10:00:00	662640.00	663240.00	656360.00	662480.00	21781	117087	1
2025.10.08	11:00:00	662580.00	667260.00	660660.00	662000.00	23379	144106	1
2025.10.08	12:00:00	662000.00	663800.00	659960.00	661100.00	11089	72643	1
2025.10.08	13:00:00	661120.00	666320.00	660500.00	665800.00	10792	61055	1
2025.10.08	14:00:00	665740.00	672260.00	665160.00	671600.00	19083	117095	1
2025.10.08	15:00:00	671660.00	672780.00	668220.00	668420.00	17118	97903	1
2025.10.08	16:00:00	668380.00	669000.00	666200.00	666800.00	12820	80372	1
2025.10.08	17:00:00	666880.00	668860.00	663900.00	664280.00	7635	37843	1
2025.10.08	18:00:00	664140.00	666020.00	663600.00	665500.00	1698	9248	1
2025.10.09	09:00:00	661820.00	667740.00	661340.00	666780.00	16657	71950	1
2025.10.09	10:00:00	666800.00	667980.00	662260.00	662740.00	22251	126447	1
2025.10.09	11:00:00	662780.00	664120.00	655140.00	658180.00	26686	171187	1
2025.10.09	12:00:00	658200.00	660180.00	654820.00	657340.00	11431	66422	1
2025.10.09	13:00:00	657260.00	659580.00	650440.00	651140.00	14730	87461	1
2025.10.09	14:00:00	651060.00	657280.00	650140.00	656660.00	14063	94128	1
2025.10.09	15:00:00	656620.00	657460.00	654180.00	655960.00	10968	74721	1
2025.10.09	16:00:00	656020.00	658740.00	655960.00	657620.00	9216	60156	1
2025.10.09	17:00:00	657700.00	658680.00	656840.00	657660.00	5248	29046	1
2025.10.09	18:00:00	657820.00	660420.00	657400.00	659940.00	1623	9033	1
2025.10.10	09:00:00	660520.00	662580.00	658320.00	662580.00	10808	43414	1
2025.10.10	10:00:00	662520.00	675800.00	662380.00	672000.00	24997	147948	1
2025.10.10	11:00:00	671960.00	673300.00	663740.00	664220.00	18794	116555	1
2025.10.10	12:00:00	664180.00	666320.00	656500.00	659360.00	24550	174140	1
2025.10.10	13:00:00	659340.00	661080.00	654940.00	655000.00	12684	84215	1
2025.10.10	14:00:00	655000.00	657100.00	651600.00	651680.00	13696	100682	1
2025.10.10	15:00:00	651680.00	653420.00	650460.00	650720.00	9102	65352	1
2025.10.10	16:00:00	650700.00	651180.00	643320.00	647480.00	18892	126503	1
2025.10.10	17:00:00	647540.00	650540.00	628380.00	636020.00	13490	82564	1
2025.10.10	18:00:00	636080.00	640760.00	568800.00	611000.00	5468	35988	1
2025.10.13	09:00:00	635400.00	635460.00	629500.00	630380.00	12841	57623	1
2025.10.13	10:00:00	630440.00	638000.00	630100.00	637220.00	22031	124327	1
2025.10.13	11:00:00	637160.00	638480.00	626420.00	627540.00	21122	125615	1
2025.10.13	12:00:00	627520.00	631460.00	626760.00	629120.00	11888	69676	1
2025.10.13	13:00:00	629140.00	633800.00	628920.00	631180.00	12887	77989	1
2025.10.13	14:00:00	631180.00	632760.00	627560.00	632160.00	11185	67566	1
2025.10.13	15:00:00	632120.00	634740.00	630220.00	633060.00	15214	106891	1
2025.10.13	16:00:00	633040.00	639420.00	632540.00	638680.00	15433	103446	1
2025.10.13	17:00:00	638680.00	639500.00	636280.00	639460.00	9023	52052	1
2025.10.13	18:00:00	639300.00	639900.00	636020.00	638280.00	2046	14130	1
2025.10.14	09:00:00	617220.00	619080.00	613860.00	614980.00	21960	112193	1
2025.10.14	10:00:00	614980.00	618620.00	609880.00	616940.00	26349	127549	1
2025.10.14	11:00:00	616920.00	623140.00	616180.00	618180.00	18594	106760	1
2025.10.14	12:00:00	618240.00	624120.00	616040.00	624020.00	14997	95018	1
2025.10.14	13:00:00	624100.00	625000.00	618840.00	619640.00	14011	93034	1
2025.10.14	14:00:00	619560.00	623360.00	616540.00	621500.00	12305	82846	1
2025.10.14	15:00:00	621600.00	625420.00	621000.00	622200.00	10900	69425	1
2025.10.14	16:00:00	622200.00	626320.00	618460.00	621380.00	16988	105444	1
2025.10.14	17:00:00	621400.00	625500.00	620040.00	625320.00	6335	35334	1
2025.10.14	18:00:00	625320.00	626180.00	623660.00	625920.00	1418	6925	1
2025.10.15	09:00:00	616960.00	617920.00	613680.00	614700.00	15017	58867	1
2025.10.15	10:00:00	614600.00	615080.00	608280.00	611320.00	24284	138191	1
2025.10.15	11:00:00	611300.00	616240.00	607720.00	608440.00	20220	126872	1
2025.10.15	12:00:00	608460.00	611920.00	605660.00	607840.00	17377	113146	1
2025.10.15	13:00:00	607860.00	609840.00	606680.00	607640.00	9634	64386	1
2025.10.15	14:00:00	607720.00	611220.00	605860.00	611180.00	11416	74573	1
2025.10.15	15:00:00	611140.00	612960.00	609040.00	612580.00	10998	68697	1
2025.10.15	16:00:00	612540.00	613320.00	610680.00	612100.00	8495	54116	1
2025.10.15	17:00:00	612200.00	613580.00	608040.00	610600.00	10334	59052	1
2025.10.15	18:00:00	610520.00	611040.00	605900.00	610300.00	1911	13542	1
2025.10.16	09:00:00	610780.00	614300.00	609660.00	611480.00	15126	64064	1
2025.10.16	10:00:00	611480.00	611640.00	605720.00	607020.00	21494	107923	1
2025.10.16	11:00:00	607000.00	608800.00	599960.00	603740.00	24420	156678	1
2025.10.16	12:00:00	603800.00	604780.00	592700.00	594140.00	21091	142414	1
2025.10.16	13:00:00	593960.00	598560.00	590300.00	598300.00	20237	134786	1
2025.10.16	14:00:00	598360.00	598520.00	593460.00	593760.00	15098	102288	1
2025.10.16	15:00:00	593720.00	595920.00	590880.00	595760.00	12925	90614	1
2025.10.16	16:00:00	595800.00	596520.00	590740.00	593160.00	15088	90844	1
2025.10.16	17:00:00	593140.00	594380.00	588880.00	591500.00	8586	47726	1
2025.10.16	18:00:00	591360.00	594080.00	590000.00	592820.00	1955	14237	1
2025.10.17	09:00:00	579500.00	580380.00	576400.00	577540.00	14730	66577	1
2025.10.17	10:00:00	577600.00	581980.00	575700.00	579860.00	25274	151786	1
2025.10.17	11:00:00	579840.00	581480.00	572220.00	574260.00	23206	144844	1
2025.10.17	12:00:00	574400.00	582200.00	573840.00	581720.00	13905	95376	1
2025.10.17	13:00:00	581760.00	585900.00	578360.00	579360.00	15919	107761	1
2025.10.17	14:00:00	579360.00	581300.00	577640.00	579720.00	11746	76928	1
2025.10.17	15:00:00	579820.00	582480.00	579020.00	579920.00	10208	69710	1
2025.10.17	16:00:00	580040.00	581480.00	577900.00	579220.00	8765	59086	1
2025.10.17	17:00:00	579240.00	583600.00	578480.00	582500.00	6263	36042	1
2025.10.17	18:00:00	582460.00	584900.00	582060.00	583820.00	1893	9584	1
2025.10.20	09:00:00	603000.00	604500.00	599880.00	599960.00	8816	34590	1
2025.10.20	10:00:00	600080.00	602000.00	597300.00	601680.00	13790	69127	1
2025.10.20	11:00:00	601680.00	602860.00	597800.00	601500.00	13790	68907	1
2025.10.20	12:00:00	601500.00	603980.00	600360.00	600600.00	12508	72686	1
2025.10.20	13:00:00	600600.00	601840.00	595020.00	598020.00	16671	107274	1
2025.10.20	14:00:00	598000.00	600660.00	593940.00	596360.00	13953	83683	1
2025.10.20	15:00:00	596380.00	599460.00	595400.00	599180.00	8841	54780	1
2025.10.20	16:00:00	599280.00	600260.00	597360.00	598620.00	10442	59272	1
2025.10.20	17:00:00	598680.00	601340.00	597760.00	601040.00	6491	36078	1
2025.10.20	18:00:00	600980.00	601720.00	598780.00	600840.00	1414	7058	1
2025.10.21	09:00:00	588460.00	592460.00	587060.00	589120.00	12958	62806	1
2025.10.21	10:00:00	589120.00	591720.00	585460.00	588720.00	17360	93673	1
2025.10.21	11:00:00	588840.00	608500.00	588700.00	607640.00	28150	186083	1
2025.10.21	12:00:00	607720.00	613720.00	605280.00	613040.00	23993	163287	1
2025.10.21	13:00:00	612860.00	616720.00	609200.00	609760.00	17161	117896	1
2025.10.21	14:00:00	609840.00	612700.00	606040.00	606820.00	20437	154923	1
2025.10.21	15:00:00	606800.00	608120.00	603240.00	606520.00	15159	93121	1
2025.10.21	16:00:00	606560.00	608180.00	604660.00	605840.00	12193	73188	1
2025.10.21	17:00:00	605900.00	606040.00	599440.00	600760.00	10615	72504	1
2025.10.21	18:00:00	600520.00	601980.00	595720.00	598980.00	1323	7129	1
2025.10.22	09:00:00	583580.00	586640.00	581680.00	584940.00	10843	46083	1
2025.10.22	10:00:00	585080.00	590560.00	583320.00	589200.00	21540	125287	1
2025.10.22	11:00:00	589140.00	590620.00	581680.00	590420.00	24892	177014	1
2025.10.22	12:00:00	590460.00	591380.00	583500.00	587180.00	17277	113785	1
2025.10.22	13:00:00	587100.00	590360.00	585100.00	587160.00	13549	92507	1
2025.10.22	14:00:00	587220.00	588300.00	584040.00	585220.00	10678	65162	1
2025.10.22	15:00:00	585140.00	587500.00	583740.00	586340.00	9225	60187	1
2025.10.22	16:00:00	586380.00	588380.00	583920.00	584700.00	10181	65772	1
2025.10.22	17:00:00	584640.00	585840.00	582880.00	583860.00	5759	37116	1
2025.10.22	18:00:00	583740.00	584080.00	578300.00	580500.00	2453	14077	1
2025.10.23	09:00:00	592460.00	592980.00	588400.00	590800.00	11160	40358	1
2025.10.23	10:00:00	590700.00	592640.00	587760.00	591920.00	17368	87095	1
2025.10.23	11:00:00	591920.00	594360.00	587760.00	592980.00	18857	108341	1
2025.10.23	12:00:00	593000.00	596160.00	592180.00	594560.00	11679	76931	1
2025.10.23	13:00:00	594540.00	598360.00	593060.00	596840.00	9900	64013	1
2025.10.23	14:00:00	596880.00	602040.00	593460.00	601500.00	15561	105897	1
2025.10.23	15:00:00	601640.00	601900.00	596120.00	597840.00	10769	68615	1
2025.10.23	16:00:00	597920.00	598440.00	595380.00	596280.00	7088	41182	1
2025.10.23	17:00:00	596340.00	596380.00	591680.00	592480.00	6675	40224	1
2025.10.23	18:00:00	592340.00	593360.00	591580.00	592560.00	1182	5910	1
2025.10.24	09:00:00	600620.00	605560.00	599100.00	600020.00	15158	63603	1
2025.10.24	10:00:00	600060.00	601120.00	595740.00	598680.00	12594	57806	1
2025.10.24	11:00:00	598660.00	598760.00	592760.00	596060.00	14691	91383	1
2025.10.24	12:00:00	596080.00	598240.00	594260.00	594620.00	10023	59348	1
2025.10.24	13:00:00	594500.00	597000.00	593440.00	596440.00	7173	39668	1
2025.10.24	14:00:00	596440.00	598220.00	595760.00	596560.00	8069	42712	1
2025.10.24	15:00:00	596480.00	599100.00	596000.00	598400.00	7464	41681	1
2025.10.24	16:00:00	598460.00	600380.00	597840.00	598500.00	9032	47899	1
2025.10.24	17:00:00	598520.00	600520.00	597640.00	599840.00	3818	19153	1
2025.10.24	18:00:00	599920.00	600600.00	598420.00	599060.00	1098	5779	1
2025.10.27	09:00:00	620760.00	621660.00	618580.00	618720.00	8113	27199	1
2025.10.27	10:00:00	618640.00	622420.00	617520.00	621420.00	13633	60445	1
2025.10.27	11:00:00	621460.00	622120.00	618080.00	619000.00	9990	50227	1
2025.10.27	12:00:00	618960.00	621520.00	618540.00	620040.00	7197	36707	1
2025.10.27	13:00:00	620100.00	623660.00	619640.00	622780.00	8467	41669	1
2025.10.27	14:00:00	622740.00	623580.00	621160.00	623280.00	8145	39626	1
2025.10.27	15:00:00	623260.00	623840.00	621160.00	621420.00	7506	37754	1
2025.10.27	16:00:00	621340.00	621560.00	618540.00	619280.00	8872	48846	1
2025.10.27	17:00:00	619260.00	619280.00	616820.00	617180.00	5138	26202	1
2025.10.27	18:00:00	617200.00	617500.00	614480.00	615920.00	1677	9506	1
2025.10.28	09:00:00	616460.00	617940.00	615680.00	617060.00	10982	36642	1
2025.10.28	10:00:00	617100.00	622260.00	616880.00	622140.00	17766	84883	1
2025.10.28	11:00:00	622200.00	625480.00	615200.00	619120.00	24901	134656	1
2025.10.28	12:00:00	619380.00	620860.00	615920.00	616440.00	10769	53587	1
2025.10.28	13:00:00	616440.00	620880.00	615720.00	619940.00	11204	60660	1
2025.10.28	14:00:00	620020.00	621720.00	619200.00	619540.00	8241	35663	1
2025.10.28	15:00:00	619520.00	619660.00	615580.00	617580.00	8815	46465	1
2025.10.28	16:00:00	617620.00	617880.00	609920.00	610660.00	14474	85689	1
2025.10.28	17:00:00	610600.00	610820.00	603480.00	605940.00	20522	117304	1
2025.10.28	18:00:00	605740.00	605820.00	558000.00	604700.00	2449	18743	1
2025.10.29	09:00:00	607720.00	608880.00	606020.00	606260.00	6555	23549	1
2025.10.29	10:00:00	606340.00	608060.00	603040.00	603700.00	12403	60735	1
2025.10.29	11:00:00	603680.00	604040.00	600500.00	601700.00	12786	73422	1
2025.10.29	12:00:00	601700.00	602020.00	596300.00	597060.00	13483	98234	1
2025.10.29	13:00:00	596980.00	596980.00	594120.00	594300.00	9823	66844	1
2025.10.29	14:00:00	594340.00	598900.00	593840.00	597720.00	9839	54791	1
2025.10.29	15:00:00	598080.00	599080.00	586860.00	594300.00	31951	186418	1
2025.10.29	16:00:00	594440.00	598760.00	591280.00	593440.00	15467	104505	1
2025.10.29	17:00:00	593460.00	598660.00	592220.00	598000.00	8977	60837	1
2025.10.29	18:00:00	597880.00	598680.00	596500.00	598360.00	1155	6647	1
2025.10.30	09:00:00	601696.94	601982.49	594476.58	595679.97	15676	72802	1
2025.10.30	10:00:00	595843.14	598147.95	590478.86	590947.98	20790	108227	1
2025.10.30	11:00:00	590988.77	595129.26	590744.01	594517.37	14456	85967	1
2025.10.30	12:00:00	594517.37	595088.47	589764.98	591621.06	10048	60621	1
2025.10.30	13:00:00	591559.88	594721.33	590499.26	594496.97	7793	51201	1
2025.10.30	14:00:00	594496.97	594496.97	587439.78	589499.83	15459	92526	1
2025.10.30	15:00:00	589438.64	590091.33	585889.65	586195.59	11086	67174	1
2025.10.30	16:00:00	586154.80	587949.69	582626.21	585134.98	15102	91466	1
2025.10.30	17:00:00	585114.58	591478.29	583625.63	590642.03	8960	47795	1
2025.10.30	18:00:00	590784.81	592722.48	587766.12	588480.00	1896	9395	1
2025.10.31	09:00:00	599200.00	604460.00	596200.00	596320.00	8958	35694	1
2025.10.31	10:00:00	596300.00	600120.00	594540.00	599620.00	13178	75200	1
2025.10.31	11:00:00	599680.00	605080.00	596480.00	603840.00	15315	95885	1
2025.10.31	12:00:00	603780.00	606440.00	599580.00	600460.00	10864	67758	1
2025.10.31	13:00:00	600380.00	600940.00	591260.00	592340.00	10229	66524	1
2025.10.31	14:00:00	592320.00	595480.00	591120.00	595260.00	10366	63047	1
2025.10.31	15:00:00	595180.00	597660.00	593220.00	595460.00	10639	63536	1
2025.10.31	16:00:00	595420.00	600180.00	593700.00	597580.00	9599	61560	1
2025.10.31	17:00:00	597580.00	597660.00	595000.00	595000.00	6280	32735	1
2025.10.31	18:00:00	595000.00	596980.00	593640.00	596200.00	769	5171	1
2025.11.03	09:00:00	586620.00	589360.00	583580.00	583820.00	10521	40832	1
2025.11.03	10:00:00	583740.00	585320.00	582940.00	583980.00	9127	32862	1
2025.11.03	11:00:00	584060.00	586340.00	581480.00	585120.00	14605	67693	1
2025.11.03	12:00:00	585100.00	585220.00	572620.00	573160.00	24648	144695	1
2025.11.03	13:00:00	573120.00	578960.00	570320.00	578280.00	14506	77447	1
2025.11.03	14:00:00	578220.00	583720.00	577520.00	582100.00	12901	70851	1
2025.11.03	15:00:00	582160.00	583120.00	578520.00	579280.00	10317	57256	1
2025.11.03	16:00:00	579280.00	581980.00	576500.00	579980.00	11696	72361	1
2025.11.03	17:00:00	580060.00	580500.00	576060.00	577680.00	8285	49281	1
2025.11.03	18:00:00	577680.00	580080.00	575000.00	579020.00	3110	16721	1
2025.11.04	09:00:00	568980.00	570560.00	565580.00	565840.00	13420	50771	1
2025.11.04	10:00:00	565740.00	568040.00	564060.00	565460.00	17482	65399	1
2025.11.04	11:00:00	565440.00	569340.00	560420.00	568180.00	24935	132789	1
2025.11.04	12:00:00	568180.00	570200.00	560760.00	560860.00	18825	109369	1
2025.11.04	13:00:00	560820.00	562580.00	555600.00	556080.00	21068	127069	1
2025.11.04	14:00:00	556040.00	556060.00	548800.00	550520.00	25883	148081	1
2025.11.04	15:00:00	550520.00	553360.00	544580.00	552660.00	28439	166632	1
2025.11.04	16:00:00	552580.00	554500.00	546980.00	547920.00	16364	95160	1
2025.11.04	17:00:00	547900.00	551000.00	542960.00	549420.00	20716	132174	1
2025.11.04	18:00:00	549360.00	550000.00	544120.00	545600.00	5253	30341	1
2025.11.05	09:00:00	556160.00	560200.00	553560.00	559720.00	14944	59901	1
2025.11.05	10:00:00	559720.00	561380.00	557360.00	559600.00	18259	64714	1
2025.11.05	11:00:00	559560.00	561140.00	553640.00	559380.00	22348	111510	1
2025.11.05	12:00:00	559420.00	562500.00	557720.00	561620.00	13410	79595	1
2025.11.05	13:00:00	561660.00	563600.00	558060.00	562420.00	11587	62697	1
2025.11.05	14:00:00	562480.00	562940.00	559060.00	562540.00	11681	62059	1
2025.11.05	15:00:00	562400.00	565620.00	561700.00	564880.00	8771	52346	1
2025.11.05	16:00:00	564880.00	566340.00	562760.00	562820.00	8543	48008	1
2025.11.05	17:00:00	562780.00	566060.00	560920.00	561840.00	8412	49939	1
2025.11.05	18:00:00	561840.00	562280.00	560220.00	560980.00	2207	11960	1
2025.11.06	09:00:00	558460.00	558920.00	552320.00	553200.00	13841	49578	1
2025.11.06	10:00:00	553220.00	558720.00	553000.00	556860.00	16798	63756	1
2025.11.06	11:00:00	556860.00	558200.00	550680.00	551460.00	22804	115151	1
2025.11.06	12:00:00	551460.00	555780.00	549680.00	551320.00	18348	118025	1
2025.11.06	13:00:00	551240.00	553480.00	542540.00	545240.00	21946	137460	1
2025.11.06	14:00:00	545180.00	550920.00	544460.00	549940.00	16226	93776	1
2025.11.06	15:00:00	549780.00	552600.00	545780.00	549460.00	13696	76378	1
2025.11.06	16:00:00	549420.00	550980.00	546380.00	547340.00	10971	66770	1
2025.11.06	17:00:00	547380.00	548860.00	543440.00	544980.00	9898	59617	1
2025.11.06	18:00:00	544860.00	545620.00	542760.00	544920.00	3241	17328	1
2025.11.07	09:00:00	542200.00	542860.00	536220.00	538580.00	17829	65152	1
2025.11.07	10:00:00	538560.00	543300.00	537620.00	542020.00	20357	76192	1
2025.11.07	11:00:00	541960.00	544360.00	537700.00	543940.00	22824	121035	1
2025.11.07	12:00:00	543800.00	545900.00	540700.00	542940.00	18511	104702	1
2025.11.07	13:00:00	543000.00	547360.00	541540.00	544580.00	14282	78841	1
2025.11.07	14:00:00	544520.00	552860.00	543620.00	551220.00	17387	84807	1
2025.11.07	15:00:00	551280.00	553620.00	550320.00	552080.00	14428	70116	1
2025.11.07	16:00:00	552100.00	556360.00	551200.00	556180.00	10592	63795	1
2025.11.07	17:00:00	556140.00	559220.00	553900.00	558160.00	10441	65098	1
2025.11.07	18:00:00	558080.00	558140.00	555360.00	555640.00	2259	12065	1
2025.11.10	09:00:00	569500.00	569740.00	566620.00	567780.00	8403	29722	1
2025.11.10	10:00:00	567760.00	571760.00	567620.00	571340.00	15554	55343	1
2025.11.10	11:00:00	571300.00	571320.00	560900.00	561880.00	19131	96676	1
2025.11.10	12:00:00	561820.00	566000.00	561200.00	563080.00	16374	89621	1
2025.11.10	13:00:00	563060.00	565160.00	561760.00	564140.00	11825	65169	1
2025.11.10	14:00:00	564180.00	567000.00	563620.00	566760.00	9927	54177	1
2025.11.10	15:00:00	566860.00	567560.00	563880.00	563960.00	10547	58952	1
2025.11.10	16:00:00	564020.00	567440.00	563500.00	566160.00	11713	76816	1
2025.11.10	17:00:00	566140.00	568360.00	565520.00	566460.00	8697	49925	1
2025.11.10	18:00:00	566460.00	566520.00	562440.00	562600.00	3812	24492	1
2025.11.11	09:00:00	561740.00	562760.00	557260.00	557680.00	16955	65973	1
2025.11.11	10:00:00	557660.00	558800.00	554120.00	555100.00	16873	72992	1
2025.11.11	11:00:00	555120.00	555900.00	551260.00	555000.00	15148	72271	1
2025.11.11	12:00:00	554840.00	554860.00	548900.00	550060.00	12826	72003	1
2025.11.11	13:00:00	550140.00	550960.00	548440.00	549980.00	8851	47961	1
2025.11.11	14:00:00	549980.00	550600.00	546820.00	549180.00	12434	67791	1
2025.11.11	15:00:00	549200.00	550340.00	547700.00	549400.00	9125	47405	1
2025.11.11	16:00:00	549400.00	549680.00	546820.00	547980.00	9455	51645	1
2025.11.11	17:00:00	547960.00	548360.00	545180.00	545880.00	9306	58090	1
2025.11.11	18:00:00	545860.00	547180.00	544960.00	545600.00	3230	20151	1
2025.11.12	09:00:00	556640.00	559360.00	556260.00	557120.00	16894	65779	1
2025.11.12	10:00:00	557120.00	559860.00	555920.00	559700.00	15164	59253	1
2025.11.12	11:00:00	559640.00	559760.00	553120.00	554760.00	17627	93076	1
2025.11.12	12:00:00	554700.00	556300.00	544140.00	545120.00	22050	138339	1
2025.11.12	13:00:00	545120.00	545780.00	540400.00	540800.00	21186	132444	1
2025.11.12	14:00:00	540800.00	544600.00	540440.00	542420.00	11688	74931	1
2025.11.12	15:00:00	542480.00	543380.00	540020.00	541080.00	8943	52375	1
2025.11.12	16:00:00	541120.00	541340.00	537260.00	539600.00	13137	86021	1
2025.11.12	17:00:00	539600.00	542740.00	538680.00	540660.00	7788	44767	1
2025.11.12	18:00:00	540800.00	542980.00	540720.00	541700.00	1999	13757	1
2025.11.13	09:00:00	548580.00	550480.00	546500.00	547660.00	11095	48433	1
2025.11.13	10:00:00	547600.00	548240.00	543040.00	543360.00	15106	58720	1
2025.11.13	11:00:00	543360.00	549840.00	540780.00	547320.00	22432	110872	1
2025.11.13	12:00:00	547320.00	547900.00	537680.00	538860.00	18431	103310	1
2025.11.13	13:00:00	538720.00	539720.00	534520.00	535000.00	18378	102652	1
2025.11.13	14:00:00	534980.00	535720.00	529720.00	529900.00	17718	107495	1
2025.11.13	15:00:00	529920.00	531300.00	522340.00	524820.00	26408	170713	1
2025.11.13	16:00:00	524900.00	528520.00	523560.00	525200.00	16386	119670	1
2025.11.13	17:00:00	525180.00	526840.00	521760.00	522180.00	15814	119821	1
2025.11.13	18:00:00	522260.00	524400.00	520940.00	523500.00	4311	35565	1
2025.11.14	09:00:00	512580.00	514400.00	503480.00	507600.00	25455	122533	1
2025.11.14	10:00:00	507640.00	510200.00	504540.00	507640.00	21619	93036	1
2025.11.14	11:00:00	507560.00	514360.00	505300.00	513200.00	26509	124078	1
2025.11.14	12:00:00	513160.00	515840.00	509020.00	513100.00	16142	86410	1
2025.11.14	13:00:00	513100.00	517500.00	510520.00	515520.00	15009	89000	1
2025.11.14	14:00:00	515480.00	515960.00	507540.00	509080.00	14852	90680	1
2025.11.14	15:00:00	508960.00	512620.00	505500.00	506000.00	16757	108641	1
2025.11.14	16:00:00	505960.00	510500.00	504560.00	509640.00	14391	96574	1
2025.11.14	17:00:00	509680.00	510480.00	501080.00	502040.00	12622	92180	1
2025.11.14	18:00:00	502040.00	505920.00	501120.00	503800.00	3207	24252	1
2025.11.17	09:00:00	509020.00	509300.00	507240.00	507640.00	7691	30107	1
2025.11.17	10:00:00	507680.00	508140.00	498820.00	500640.00	24147	110857	1
2025.11.17	11:00:00	500420.00	512060.00	499680.00	505500.00	31901	174536	1
2025.11.17	12:00:00	505520.00	506920.00	500400.00	500860.00	19767	118520	1
2025.11.17	13:00:00	500900.00	503360.00	496020.00	502600.00	19784	102574	1
2025.11.17	14:00:00	502680.00	503260.00	494080.00	494560.00	18446	99606	1
2025.11.17	15:00:00	494540.00	496980.00	492900.00	493880.00	17819	98872	1
2025.11.17	16:00:00	493860.00	495000.00	489940.00	490520.00	16476	89529	1
2025.11.17	17:00:00	490480.00	493020.00	488460.00	491060.00	17761	97325	1
2025.11.17	18:00:00	491040.00	492640.00	488960.00	490020.00	3451	21025	1
2025.11.18	09:00:00	490300.00	492480.00	487840.00	490760.00	19849	73260	1
2025.11.18	10:00:00	490680.00	491580.00	486000.00	488700.00	21062	85219	1
2025.11.18	11:00:00	488700.00	493600.00	487320.00	489220.00	25089	124659	1
2025.11.18	12:00:00	489200.00	498500.00	487940.00	497700.00	26348	140921	1
2025.11.18	13:00:00	497620.00	501580.00	496260.00	499640.00	16138	88775	1
2025.11.18	14:00:00	499560.00	500780.00	496360.00	498360.00	12665	65837	1
2025.11.18	15:00:00	498380.00	501060.00	497500.00	498400.00	11611	58848	1
2025.11.18	16:00:00	498500.00	499700.00	496320.00	497400.00	8802	48445	1
2025.11.18	17:00:00	497440.00	498180.00	495160.00	495920.00	8122	45319	1
2025.11.18	18:00:00	495920.00	497420.00	495200.00	496560.00	2005	12891	1
2025.11.19	09:00:00	489000.00	491880.00	487680.00	491540.00	11928	46903	1
2025.11.19	10:00:00	491580.00	491860.00	488560.00	489400.00	14513	62711	1
2025.11.19	11:00:00	489360.00	492120.00	487860.00	490540.00	18888	97644	1
2025.11.19	12:00:00	490580.00	493980.00	481020.00	481440.00	28217	171479	1
2025.11.19	13:00:00	481380.00	483000.00	478820.00	481200.00	18706	114548	1
2025.11.19	14:00:00	481200.00	482420.00	476780.00	479580.00	17890	116099	1
2025.11.19	15:00:00	479520.00	480660.00	474860.00	477260.00	18752	119649	1
2025.11.19	16:00:00	477340.00	478420.00	474680.00	475840.00	11941	68799	1
2025.11.19	17:00:00	475800.00	479800.00	474200.00	478740.00	12409	86561	1
2025.11.19	18:00:00	478800.00	485300.00	478220.00	480760.00	3520	26439	1
2025.11.21	09:00:00	444000.00	449220.00	435420.00	447500.00	35343	163394	1
2025.11.21	10:00:00	447520.00	455600.00	446760.00	453580.00	22463	99439	1
2025.11.21	11:00:00	453620.00	462840.00	451960.00	459280.00	25238	134534	1
2025.11.21	12:00:00	459380.00	460620.00	449580.00	450360.00	20635	112145	1
2025.11.21	13:00:00	450340.00	459020.00	447620.00	459020.00	19498	120563	1
2025.11.21	14:00:00	459000.00	463260.00	457400.00	459900.00	17382	121782	1
2025.11.21	15:00:00	459900.00	460900.00	452160.00	458380.00	18167	120433	1
2025.11.21	16:00:00	458300.00	460460.00	455540.00	456160.00	10861	73475	1
2025.11.21	17:00:00	456120.00	459040.00	452400.00	458300.00	13610	94328	1
2025.11.21	18:00:00	458260.00	462300.00	457360.00	460300.00	2897	22470	1
2025.11.24	09:00:00	466780.00	466780.00	463120.00	464000.00	12163	45001	1
2025.11.24	10:00:00	463980.00	468320.00	463800.00	466420.00	14875	60827	1
2025.11.24	11:00:00	466400.00	467860.00	460820.00	465620.00	23266	113443	1
2025.11.24	12:00:00	465620.00	468560.00	464520.00	467880.00	16408	90871	1
2025.11.24	13:00:00	467840.00	474000.00	467840.00	471260.00	16720	96391	1
2025.11.24	14:00:00	471260.00	477920.00	469900.00	477600.00	19118	105738	1
2025.11.24	15:00:00	477600.00	479640.00	476840.00	479220.00	15349	98626	1
2025.11.24	16:00:00	479140.00	480180.00	476640.00	477500.00	15376	91287	1
2025.11.24	17:00:00	477520.00	481980.00	477440.00	481280.00	14914	97833	1
2025.11.24	18:00:00	481240.00	481600.00	480260.00	480500.00	4379	28137	1
2025.11.25	09:00:00	472200.00	473740.00	470700.00	470900.00	14857	67900	1
2025.11.25	10:00:00	470840.00	471500.00	466740.00	468280.00	20822	93388	1
2025.11.25	11:00:00	468340.00	470860.00	466660.00	468980.00	20212	109407	1
2025.11.25	12:00:00	468980.00	470900.00	465860.00	470100.00	15985	85433	1
2025.11.25	13:00:00	470060.00	471360.00	468260.00	470280.00	11593	70441	1
2025.11.25	14:00:00	470360.00	475320.00	469740.00	472400.00	15510	90459	1
2025.11.25	15:00:00	472440.00	473220.00	469620.00	469740.00	11556	71283	1
2025.11.25	16:00:00	469720.00	470220.00	463880.00	467680.00	19234	123964	1
2025.11.25	17:00:00	467740.00	471800.00	466600.00	471420.00	14808	120763	1
2025.11.25	18:00:00	471280.00	471560.00	469280.00	470700.00	2881	24939	1
2025.11.26	09:00:00	468760.00	469500.00	464760.00	466920.00	12893	55508	1
2025.11.26	10:00:00	466900.00	469560.00	465720.00	469400.00	15808	69678	1
2025.11.26	11:00:00	469360.00	471920.00	466940.00	467480.00	22293	116335	1
2025.11.26	12:00:00	467540.00	469260.00	465260.00	466300.00	14906	94543	1
2025.11.26	13:00:00	466260.00	471120.00	466200.00	470600.00	11537	66849	1
2025.11.26	14:00:00	470600.00	481420.00	469360.00	480740.00	22111	130699	1
2025.11.26	15:00:00	480740.00	483480.00	479660.00	481780.00	16122	93292	1
2025.11.26	16:00:00	481760.00	482080.00	479420.00	480540.00	10641	64904	1
2025.11.26	17:00:00	480380.00	481420.00	477880.00	479940.00	9705	62813	1
2025.11.26	18:00:00	479940.00	482360.00	479500.00	481820.00	2060	17881	1
2025.11.27	09:00:00	494135.14	495733.50	492435.62	492820.03	9543	40545	1
2025.11.27	10:00:00	492820.03	493730.49	489967.27	492213.06	18166	79521	1
2025.11.27	11:00:00	492233.30	493629.33	490108.90	491990.51	15211	75756	1
2025.11.27	12:00:00	491970.27	493123.52	490918.19	492273.76	10709	61436	1
2025.11.27	13:00:00	492233.30	495146.76	491646.56	495045.59	13422	76143	1
2025.11.27	14:00:00	495045.59	496563.02	494013.74	495571.64	10570	56324	1
2025.11.27	15:00:00	495409.78	499031.37	494175.60	497716.27	10822	53872	1
2025.11.27	16:00:00	497716.27	499031.37	489360.30	496016.75	10383	44921	1
2025.11.27	17:00:00	496016.75	497250.92	492759.34	495328.85	3428	20376	1
2025.11.27	18:00:00	495328.85	496421.40	493305.61	496300.00	893	8830	1
2025.11.28	09:00:00	498300.00	500000.00	492960.00	494800.00	12879	57064	1
2025.11.28	10:00:00	494800.00	500000.00	492960.00	498960.00	26767	104705	1
2025.11.28	11:00:00	499100.00	502640.00	495800.00	497940.00	19368	95614	1
2025.11.28	12:00:00	497940.00	502200.00	496520.00	500000.00	11401	60308	1
2025.11.28	13:00:00	500120.00	500220.00	491480.00	491900.00	13525	73278	1
2025.11.28	14:00:00	491880.00	493120.00	487320.00	490360.00	13811	81456	1
2025.11.28	15:00:00	490340.00	492160.00	489080.00	490860.00	11264	86319	1
2025.11.28	16:00:00	490920.00	492980.00	490400.00	492360.00	5958	45346	1
2025.11.28	17:00:00	492340.00	492960.00	490240.00	492520.00	4257	34227	1
2025.11.28	18:00:00	492560.00	493540.00	491320.00	491680.00	2018	16890	1
2025.12.01	09:00:00	465000.00	466360.00	457760.00	461120.00	20284	87965	1
2025.12.01	10:00:00	461020.00	465780.00	460680.00	464680.00	16402	70813	1
2025.12.01	11:00:00	464720.00	468240.00	463900.00	464800.00	16832	88454	1
2025.12.01	12:00:00	464680.00	465100.00	453260.00	457800.00	26459	158859	1
2025.12.01	13:00:00	457820.00	461760.00	454200.00	457480.00	18699	110251	1
2025.12.01	14:00:00	457500.00	460940.00	456420.00	459580.00	13811	71257	1
2025.12.01	15:00:00	459540.00	462900.00	458620.00	461160.00	14686	81105	1
2025.12.01	16:00:00	461080.00	461800.00	458260.00	460500.00	11682	62255	1
2025.12.01	17:00:00	460420.00	465340.00	460300.00	462900.00	14200	91218	1
2025.12.01	18:00:00	462920.00	467160.00	462800.00	466100.00	3496	22538	1
2025.12.02	09:00:00	473060.00	473580.00	471360.00	472240.00	8132	32620	1
2025.12.02	10:00:00	472240.00	474940.00	471360.00	473920.00	11220	49230	1
2025.12.02	11:00:00	473960.00	482040.00	473300.00	481760.00	21363	118289	1
2025.12.02	12:00:00	481740.00	492060.00	481700.00	490220.00	25908	165202	1
2025.12.02	13:00:00	490300.00	492540.00	487320.00	489920.00	17674	107347	1
2025.12.02	14:00:00	489920.00	495640.00	489700.00	493220.00	15803	100936	1
2025.12.02	15:00:00	493220.00	497360.00	492980.00	495840.00	14232	83017	1
2025.12.02	16:00:00	495780.00	497440.00	495060.00	495260.00	9657	61825	1
2025.12.02	17:00:00	495220.00	495460.00	488760.00	490120.00	16217	121628	1
2025.12.02	18:00:00	490160.00	492600.00	489760.00	492100.00	2273	16492	1
2025.12.03	09:00:00	499860.00	500380.00	497820.00	499480.00	10292	44014	1
2025.12.03	10:00:00	499460.00	500480.00	498220.00	499940.00	12130	48777	1
2025.12.03	11:00:00	500000.00	501880.00	492320.00	495080.00	35294	184378	1
2025.12.03	12:00:00	495160.00	498740.00	492540.00	494660.00	20694	118705	1
2025.12.03	13:00:00	494740.00	497000.00	491360.00	494700.00	16616	99003	1
2025.12.03	14:00:00	494700.00	498960.00	494000.00	498400.00	13392	80806	1
2025.12.03	15:00:00	498420.00	501500.00	495080.00	496520.00	16173	89754	1
2025.12.03	16:00:00	496460.00	499520.00	495860.00	499080.00	10233	66197	1
2025.12.03	17:00:00	499080.00	500720.00	497740.00	498420.00	6761	44175	1
2025.12.03	18:00:00	498220.00	500660.00	497700.00	500440.00	2239	15265	1
2025.12.04	09:00:00	497980.00	499420.00	496460.00	497900.00	10790	40281	1
2025.12.04	10:00:00	497880.00	498300.00	493760.00	494080.00	16879	68177	1
2025.12.04	11:00:00	494100.00	496020.00	490180.00	491060.00	17954	102019	1
2025.12.04	12:00:00	490920.00	498260.00	490840.00	496800.00	18022	103736	1
2025.12.04	13:00:00	496780.00	498100.00	493340.00	494680.00	14108	85061	1
2025.12.04	14:00:00	494660.00	495660.00	491780.00	495240.00	12884	76789	1
2025.12.04	15:00:00	495240.00	496560.00	492840.00	493980.00	10775	60923	1
2025.12.04	16:00:00	494000.00	494340.00	487200.00	493060.00	16291	101887	1
2025.12.04	17:00:00	493000.00	496320.00	491540.00	496020.00	9258	65457	1
2025.12.04	18:00:00	495960.00	497060.00	494440.00	494440.00	2179	17140	1
2025.12.05	09:00:00	489420.00	489680.00	487760.00	488980.00	6749	28470	1
2025.12.05	10:00:00	488940.00	490140.00	484020.00	485640.00	23052	97264	1
2025.12.05	11:00:00	485660.00	488540.00	484400.00	486800.00	19806	102159	1
2025.12.05	12:00:00	486980.00	493300.00	486980.00	490780.00	22867	127654	1
2025.12.05	13:00:00	490600.00	490720.00	480840.00	484360.00	23285	157111	1
2025.12.05	14:00:00	484220.00	489120.00	481860.00	488280.00	14612	97690	1
2025.12.05	15:00:00	488220.00	492460.00	487300.00	491760.00	12968	86153	1
2025.12.05	16:00:00	491700.00	492960.00	489900.00	491620.00	10127	75902	1
2025.12.05	17:00:00	491620.00	493180.00	489920.00	491400.00	6540	55498	1
2025.12.05	18:00:00	491320.00	492020.00	489980.00	490460.00	2389	25499	1
2025.12.08	09:00:00	503000.00	504580.00	499400.00	501240.00	9079	39741	1
2025.12.08	10:00:00	501220.00	503240.00	496900.00	497280.00	14047	56779	1
2025.12.08	11:00:00	497200.00	500440.00	494480.00	496600.00	20375	87223	1
2025.12.08	12:00:00	496620.00	498520.00	492220.00	493660.00	17189	101382	1
2025.12.08	13:00:00	493740.00	495720.00	492060.00	493520.00	10270	56494	1
2025.12.08	14:00:00	493280.00	495160.00	490820.00	493780.00	12544	74409	1
2025.12.08	15:00:00	493620.00	495220.00	489980.00	491120.00	9839	57855	1
2025.12.08	16:00:00	491060.00	494040.00	490680.00	492220.00	7448	46058	1
2025.12.08	17:00:00	492280.00	497760.00	492220.00	496760.00	7556	48929	1
2025.12.08	18:00:00	496740.00	498560.00	496100.00	498360.00	1588	10272	1
2025.12.09	09:00:00	496140.00	499220.00	493960.00	498940.00	10516	44413	1
2025.12.09	10:00:00	498960.00	501820.00	497000.00	498340.00	15965	58090	1
2025.12.09	11:00:00	498360.00	499420.00	495640.00	497600.00	13141	60473	1
2025.12.09	12:00:00	497660.00	508500.00	497420.00	507620.00	22566	125770	1
2025.12.09	13:00:00	507540.00	517640.00	507540.00	516300.00	22630	134684	1
2025.12.09	14:00:00	516320.00	518320.00	512720.00	515560.00	14424	87362	1
2025.12.09	15:00:00	515580.00	516540.00	513380.00	514660.00	11272	57975	1
2025.12.09	16:00:00	514640.00	516040.00	513260.00	513920.00	7922	38647	1
2025.12.09	17:00:00	513880.00	514000.00	508060.00	510180.00	11544	66552	1
2025.12.09	18:00:00	510180.00	510840.00	508900.00	510160.00	1729	11897	1
2025.12.10	09:00:00	504600.00	504680.00	502040.00	504360.00	8588	36671	1
2025.12.10	10:00:00	504380.00	507720.00	504100.00	506540.00	11799	46769	1
2025.12.10	11:00:00	506560.00	506840.00	503540.00	505260.00	11050	58244	1
2025.12.10	12:00:00	505220.00	508240.00	504440.00	508040.00	10250	53201	1
2025.12.10	13:00:00	508040.00	510960.00	506920.00	507840.00	10876	56689	1
2025.12.10	14:00:00	507840.00	510600.00	507440.00	509940.00	7032	38246	1
2025.12.10	15:00:00	509880.00	513460.00	507280.00	510480.00	14413	81403	1
2025.12.10	16:00:00	510400.00	514280.00	506720.00	512120.00	24515	121905	1
2025.12.10	17:00:00	512140.00	519640.00	508700.00	509660.00	16492	117314	1
2025.12.10	18:00:00	509680.00	510560.00	506160.00	508680.00	3616	25297	1
2025.12.11	09:00:00	497160.00	497160.00	492920.00	493180.00	6606	25514	1
2025.12.11	10:00:00	493180.00	494060.00	490800.00	492200.00	10347	44570	1
2025.12.11	11:00:00	492200.00	494280.00	487340.00	488280.00	17729	101892	1
2025.12.11	12:00:00	488300.00	493360.00	487340.00	488680.00	14313	85626	1
2025.12.11	13:00:00	488620.00	490140.00	485740.00	487760.00	10382	63789	1
2025.12.11	14:00:00	487880.00	491280.00	487320.00	490000.00	6971	40719	1
2025.12.11	15:00:00	489980.00	496040.00	489180.00	492880.00	11528	71273	1
2025.12.11	16:00:00	492860.00	497780.00	492460.00	494200.00	9741	56469	1
2025.12.11	17:00:00	494220.00	499720.00	494000.00	499320.00	9664	59140	1
2025.12.11	18:00:00	499300.00	508540.00	498940.00	508540.00	4794	34030	1
2025.12.12	09:00:00	506120.00	506120.00	501240.00	502440.00	6518	26926	1
2025.12.12	10:00:00	502480.00	502680.00	499800.00	500520.00	7294	28003	1
2025.12.12	11:00:00	500520.00	502360.00	498180.00	500680.00	12747	72655	1
2025.12.12	12:00:00	500620.00	501000.00	488780.00	489620.00	19167	127515	1
2025.12.12	13:00:00	489660.00	492620.00	487180.00	489520.00	15541	101298	1
2025.12.12	14:00:00	489460.00	492760.00	488120.00	489400.00	9331	58868	1
2025.12.12	15:00:00	489420.00	492640.00	489080.00	491320.00	7083	39846	1
2025.12.12	16:00:00	491400.00	491840.00	489720.00	491080.00	6006	36802	1
2025.12.12	17:00:00	490920.00	492480.00	489540.00	491520.00	5715	40895	1
2025.12.12	18:00:00	491540.00	492860.00	490500.00	491620.00	1693	13440	1
2025.12.15	09:00:00	486480.00	487940.00	485440.00	486020.00	7146	28898	1
2025.12.15	10:00:00	486020.00	486020.00	483660.00	484560.00	9712	36635	1
2025.12.15	11:00:00	484580.00	487480.00	477580.00	478300.00	21331	115620	1
2025.12.15	12:00:00	478220.00	478700.00	470540.00	472340.00	23603	137219	1
2025.12.15	13:00:00	472400.00	473100.00	467300.00	469200.00	12758	70955	1
2025.12.15	14:00:00	469160.00	469860.00	465600.00	466660.00	10748	60864	1
2025.12.15	15:00:00	466640.00	469720.00	463940.00	469440.00	13309	74729	1
2025.12.15	16:00:00	469320.00	471540.00	467680.00	469000.00	12520	72452	1
2025.12.15	17:00:00	468980.00	469280.00	465820.00	467180.00	9179	57380	1
2025.12.15	18:00:00	467020.00	468020.00	465320.00	467560.00	3097	26444	1
2025.12.16	09:00:00	474020.00	478200.00	473820.00	475960.00	10641	43437	1
2025.12.16	10:00:00	476040.00	478380.00	471880.00	472380.00	14723	57300	1
2025.12.16	11:00:00	472400.00	480380.00	470540.00	477780.00	20853	98869	1
2025.12.16	12:00:00	477860.00	483900.00	476060.00	483040.00	13055	75457	1
2025.12.16	13:00:00	482980.00	483300.00	479820.00	480140.00	10835	62932	1
2025.12.16	14:00:00	480180.00	481200.00	477360.00	477560.00	8336	46168	1
2025.12.16	15:00:00	477620.00	482840.00	477300.00	481760.00	9892	58229	1
2025.12.16	16:00:00	481660.00	481800.00	478820.00	480320.00	6306	35532	1
2025.12.16	17:00:00	480300.00	482340.00	479740.00	480780.00	4503	34354	1
2025.12.16	18:00:00	480780.00	486820.00	480600.00	484820.00	2858	25443	1
2025.12.17	09:00:00	481940.00	482240.00	478820.00	479680.00	8869	37706	1
2025.12.17	10:00:00	479640.00	485480.00	478860.00	483520.00	13535	51817	1
2025.12.17	11:00:00	483780.00	494520.00	481220.00	494320.00	17919	91697	1
2025.12.17	12:00:00	494220.00	499080.00	483060.00	483360.00	33132	188194	1
2025.12.17	13:00:00	483280.00	486560.00	477280.00	482020.00	20375	132268	1
2025.12.17	14:00:00	481980.00	482040.00	476820.00	477960.00	10885	69590	1
2025.12.17	15:00:00	477980.00	480780.00	474320.00	475120.00	11122	74418	1
2025.12.17	16:00:00	475180.00	477240.00	472040.00	476400.00	12372	85664	1
2025.12.17	17:00:00	476440.00	477360.00	474100.00	475060.00	7929	51673	1
2025.12.17	18:00:00	475100.00	476020.00	474680.00	474740.00	1536	12719	1
2025.12.18	09:00:00	482200.00	486140.00	481740.00	485920.00	9372	40111	1
2025.12.18	10:00:00	485940.00	493740.00	485740.00	493220.00	17787	69665	1
2025.12.18	11:00:00	493320.00	495980.00	487300.00	490040.00	20200	101169	1
2025.12.18	12:00:00	490020.00	493700.00	486960.00	489080.00	12486	75140	1
2025.12.18	13:00:00	488980.00	489500.00	485720.00	486500.00	10523	64716	1
2025.12.18	14:00:00	486580.00	486700.00	473320.00	478000.00	21931	133024	1
2025.12.18	15:00:00	478000.00	479680.00	474060.00	475560.00	10536	66036	1
2025.12.18	16:00:00	475580.00	475840.00	467420.00	467680.00	15849	101067	1
2025.12.18	17:00:00	467600.00	471700.00	467300.00	468400.00	7776	56404	1
2025.12.18	18:00:00	468360.00	472560.00	468220.00	472360.00	3162	20770	1
2025.12.19	09:00:00	488000.00	489640.00	486160.00	487460.00	7986	32107	1
2025.12.19	10:00:00	487360.00	488400.00	485400.00	485820.00	8021	32007	1
2025.12.19	11:00:00	485900.00	488040.00	482260.00	486200.00	14257	75035	1
2025.12.19	12:00:00	486200.00	493120.00	483460.00	485420.00	16699	74076	1
2025.12.19	13:00:00	485440.00	490320.00	484800.00	485860.00	10838	45241	1
2025.12.19	14:00:00	485740.00	488020.00	480620.00	481620.00	13619	62836	1
2025.12.19	15:00:00	481720.00	484300.00	481160.00	482620.00	7049	30853	1
2025.12.19	16:00:00	482540.00	487580.00	482480.00	486100.00	8777	47042	1
2025.12.19	17:00:00	486160.00	489880.00	484740.00	488200.00	8621	47256	1
2025.12.19	18:00:00	488260.00	489700.00	486740.00	486740.00	1596	9315	1
2025.12.22	09:00:00	499060.00	501160.00	497700.00	499140.00	9371	37330	1
2025.12.22	10:00:00	499140.00	499740.00	497040.00	498280.00	10808	52119	1
2025.12.22	11:00:00	498360.00	501840.00	496700.00	500560.00	14711	80552	1
2025.12.22	12:00:00	500520.00	502240.00	495280.00	499600.00	13488	81692	1
2025.12.22	13:00:00	499680.00	503540.00	499080.00	500300.00	9808	59425	1
2025.12.22	14:00:00	500240.00	501080.00	497760.00	499720.00	9041	56923	1
2025.12.22	15:00:00	499800.00	501880.00	497980.00	498040.00	7355	48195	1
2025.12.22	16:00:00	498040.00	498160.00	491680.00	492160.00	11872	70414	1
2025.12.22	17:00:00	492200.00	495380.00	491280.00	494560.00	10113	64052	1
2025.12.22	18:00:00	494440.00	495780.00	494160.00	494740.00	1877	11411	1
2025.12.23	09:00:00	496670.55	499002.24	495920.35	497542.40	6832	27841	1
2025.12.23	10:00:00	497501.85	498373.70	494602.44	495839.25	9591	36496	1
2025.12.23	11:00:00	495798.70	496812.48	488337.29	489168.59	14122	69014	1
2025.12.23	12:00:00	489168.59	492128.82	488114.26	491662.48	9717	51333	1
2025.12.23	13:00:00	491723.31	495859.53	491013.66	494257.76	8048	44756	1
2025.12.23	14:00:00	494136.10	495778.42	489898.51	490060.71	8089	43462	1
2025.12.23	15:00:00	490040.44	494866.02	489999.88	494278.03	7450	38170	1
2025.12.23	16:00:00	494278.03	494602.44	491763.86	492047.72	5492	22565	1
2025.12.23	17:00:00	492149.10	495149.88	491115.04	492372.13	4388	15678	1
2025.12.23	18:00:00	492392.40	494318.58	490810.91	491480.00	444	1546	1
2025.12.26	09:00:00	496620.00	500400.00	496360.00	499300.00	4283	21187	1
2025.12.26	10:00:00	499280.00	501700.00	498380.00	501040.00	5383	22308	1
2025.12.26	11:00:00	501140.00	501160.00	490020.00	490100.00	11505	61139	1
2025.12.26	12:00:00	490080.00	490080.00	484240.00	488180.00	12161	74143	1
2025.12.26	13:00:00	488360.00	490380.00	486940.00	487060.00	5829	30873	1
2025.12.26	14:00:00	487080.00	490420.00	486680.00	489920.00	5294	29298	1
2025.12.26	15:00:00	489920.00	490820.00	489400.00	490020.00	3440	18907	1
2025.12.26	16:00:00	489980.00	491940.00	489820.00	491220.00	3647	21093	1
2025.12.26	17:00:00	491220.00	493000.00	490760.00	491740.00	3623	21976	1
2025.12.26	18:00:00	491660.00	492540.00	491140.00	491360.00	1370	9067	1
2025.12.29	09:00:00	491000.00	492380.00	488300.00	491940.00	8870	38499	1
2025.12.29	10:00:00	491940.00	493640.00	491460.00	492980.00	8736	35448	1
2025.12.29	11:00:00	492920.00	497440.00	491920.00	492840.00	12278	63540	1
2025.12.29	12:00:00	492860.00	495540.00	491540.00	493820.00	8388	43283	1
2025.12.29	13:00:00	493780.00	495840.00	493100.00	494860.00	4784	26554	1
2025.12.29	14:00:00	494880.00	496160.00	493040.00	496100.00	4973	24769	1
2025.12.29	15:00:00	495980.00	496880.00	493260.00	493680.00	6193	31727	1
2025.12.29	16:00:00	493620.00	495000.00	491920.00	492300.00	5371	30988	1
2025.12.29	17:00:00	492320.00	493540.00	490720.00	491580.00	5438	36021	1
2025.12.29	18:00:00	491540.00	492800.00	491380.00	492220.00	1498	11455	1
2025.12.30	09:00:00	494200.00	496980.00	491720.00	492060.00	7291	30515	1
2025.12.30	10:00:00	492020.00	492480.00	489900.00	490760.00	7670	33257	1
2025.12.30	11:00:00	490800.00	495560.00	488800.00	494700.00	14145	77963	1
2025.12.30	12:00:00	494600.00	496960.00	490400.00	495880.00	11635	62583	1
2025.12.30	13:00:00	495920.00	497620.00	493540.00	494500.00	8850	47334	1
2025.12.30	14:00:00	494420.00	495300.00	489920.00	490960.00	7061	38982	1
2025.12.30	15:00:00	490920.00	492360.00	490000.00	490900.00	4816	24526	1
2025.12.30	16:00:00	490980.00	491320.00	488580.00	490040.00	5256	27599	1
2025.12.30	17:00:00	490060.00	490300.00	486780.00	487320.00	4580	27666	1
2025.12.30	18:00:00	487360.00	489060.00	486980.00	488280.00	1492	10750	1
2026.01.02	09:00:00	496920.00	496920.00	491940.00	492160.00	6786	32298	1
2026.01.02	10:00:00	492100.00	494080.00	490760.00	491340.00	6996	30496	1
2026.01.02	11:00:00	491280.00	495920.00	485820.00	493060.00	15397	83587	1
2026.01.02	12:00:00	493140.00	495660.00	489480.00	492180.00	11513	67602	1
2026.01.02	13:00:00	492060.00	499500.00	491080.00	496480.00	13569	95298	1
2026.01.02	14:00:00	496540.00	499420.00	495360.00	496420.00	8701	52135	1
2026.01.02	15:00:00	496260.00	497640.00	491440.00	492940.00	7758	46179	1
2026.01.02	16:00:00	493020.00	494820.00	492300.00	493520.00	5223	35514	1
2026.01.02	17:00:00	493480.00	494700.00	492040.00	492760.00	4580	29428	1
2026.01.02	18:00:00	492700.00	493580.00	492340.00	493020.00	1385	11986	1
2026.01.05	09:00:00	510260.00	512500.00	509240.00	510980.00	6880	29335	1
2026.01.05	10:00:00	511020.00	513160.00	509940.00	510720.00	7452	29459	1
2026.01.05	11:00:00	510660.00	515200.00	507320.00	513940.00	16781	83623	1
2026.01.05	12:00:00	513920.00	515780.00	511120.00	514840.00	11975	67851	1
2026.01.05	13:00:00	514920.00	516140.00	512620.00	513060.00	7495	44926	1
2026.01.05	14:00:00	513240.00	515940.00	510120.00	515540.00	10284	60569	1
2026.01.05	15:00:00	515400.00	516560.00	512780.00	516180.00	8103	45445	1
2026.01.05	16:00:00	516200.00	516800.00	514480.00	515580.00	6754	40684	1
2026.01.05	17:00:00	515620.00	518560.00	514300.00	515340.00	7940	53340	1
2026.01.05	18:00:00	515300.00	515680.00	513620.00	513680.00	1817	12719	1
2026.01.06	09:00:00	513680.00	514540.00	511940.00	512580.00	9632	39470	1
2026.01.06	10:00:00	512560.00	512820.00	509980.00	510940.00	8308	34943	1
2026.01.06	11:00:00	510940.00	513540.00	507300.00	509080.00	17517	98607	1
2026.01.06	12:00:00	509080.00	512660.00	506820.00	508340.00	12847	78709	1
2026.01.06	13:00:00	508360.00	509020.00	499920.00	502620.00	17091	106520	1
2026.01.06	14:00:00	502520.00	503280.00	496120.00	496560.00	13081	84123	1
2026.01.06	15:00:00	496540.00	500320.00	494700.00	499140.00	11213	72840	1
2026.01.06	16:00:00	499120.00	501180.00	498340.00	500220.00	6217	38990	1
2026.01.06	17:00:00	500180.00	503020.00	500180.00	502120.00	5419	33537	1
2026.01.06	18:00:00	502120.00	509700.00	501120.00	507260.00	3636	26501	1
2026.01.07	09:00:00	498000.00	500400.00	497040.00	499400.00	5210	22410	1
2026.01.07	10:00:00	499320.00	501180.00	498760.00	499560.00	7204	30831	1
2026.01.07	11:00:00	499500.00	501200.00	496740.00	499840.00	15065	77242	1
2026.01.07	12:00:00	499900.00	500280.00	495160.00	496700.00	12964	69200	1
2026.01.07	13:00:00	496720.00	499380.00	495740.00	496180.00	9555	49286	1
2026.01.07	14:00:00	496180.00	498800.00	494760.00	496420.00	8681	51283	1
2026.01.07	15:00:00	496460.00	497280.00	492620.00	493920.00	11128	66130	1
2026.01.07	16:00:00	493860.00	496180.00	492920.00	495340.00	7589	49098	1
2026.01.07	17:00:00	495360.00	496100.00	493380.00	494720.00	7381	50780	1
2026.01.07	18:00:00	494780.00	496060.00	494600.00	495440.00	1828	14602	1
2026.01.08	09:00:00	490000.00	491240.00	486940.00	488100.00	9450	40336	1
2026.01.08	10:00:00	488120.00	489280.00	487500.00	488460.00	6330	30337	1
2026.01.08	11:00:00	488480.00	489540.00	484960.00	488700.00	15719	91029	1
2026.01.08	12:00:00	488580.00	493820.00	487480.00	493420.00	14804	81736	1
2026.01.08	13:00:00	493480.00	494280.00	490540.00	494080.00	9483	53279	1
2026.01.08	14:00:00	494100.00	496720.00	493740.00	496420.00	10888	65426	1
2026.01.08	15:00:00	496440.00	497100.00	494760.00	495760.00	7492	45020	1
2026.01.08	16:00:00	495760.00	496960.00	493700.00	494360.00	6460	41120	1
2026.01.08	17:00:00	494400.00	494480.00	492140.00	493960.00	7311	53628	1
2026.01.08	18:00:00	493920.00	495700.00	493780.00	494800.00	1528	11093	1
2026.01.09	09:00:00	491720.00	492020.00	489680.00	490740.00	7497	31156	1
2026.01.09	10:00:00	490640.00	493500.00	488600.00	489940.00	11003	53074	1
2026.01.09	11:00:00	490040.00	490480.00	485860.00	487200.00	12500	63143	1
2026.01.09	12:00:00	487240.00	497240.00	485600.00	492060.00	20952	125706	1
2026.01.09	13:00:00	492080.00	495420.00	491840.00	494620.00	8145	46991	1
2026.01.09	14:00:00	494680.00	494980.00	491200.00	494100.00	7751	43819	1
2026.01.09	15:00:00	494060.00	494840.00	488000.00	490660.00	9341	59093	1
2026.01.09	16:00:00	490660.00	490860.00	487160.00	488060.00	8499	56858	1
2026.01.09	17:00:00	488040.00	489340.00	487360.00	487920.00	5425	34779	1
2026.01.09	18:00:00	487840.00	490040.00	486880.00	489460.00	1686	11567	1
