<DATE>	<TIME>	<OPEN>	<HIGH>	<LOW>	<CLOSE>	<TICKVOL>	<VOL>	<SPREAD>
2024.07.10	09:00:00	360980.55	361661.26	359619.13	359664.52	2730	3238	1
2024.07.10	09:20:00	359709.90	359914.11	355239.90	356419.80	6017	7516	1
2024.07.10	09:40:00	356419.80	356918.98	354309.60	356828.22	4957	6023	1
2024.07.10	10:00:00	356828.22	357667.77	355602.95	356397.11	4689	5588	1
2024.07.10	10:20:00	356510.56	356896.29	354354.98	355965.99	5196	6122	1
2024.07.10	10:40:00	355943.30	356306.35	353991.93	355739.09	5399	6650	1
2024.07.10	11:00:00	355761.78	356487.87	353991.93	354740.71	4690	5613	1
2024.07.10	11:20:00	354831.47	356397.11	354718.02	355761.78	2950	3635	1
2024.07.10	11:40:00	355761.78	355807.16	354309.60	355285.28	2925	3527	1
2024.07.10	12:00:00	355330.66	356124.82	354060.00	355829.85	3486	4334	1
2024.07.10	12:20:00	355807.16	356714.77	355693.71	356283.66	2841	3667	1
2024.07.10	12:40:00	356238.27	357350.10	355285.28	355466.80	3912	4981	1
2024.07.10	13:00:00	355512.18	357213.96	355285.28	356351.73	2831	3475	1
2024.07.10	13:20:00	356419.80	357781.22	356238.27	356873.60	2551	3256	1
2024.07.10	13:40:00	356873.60	357055.13	355058.38	356669.39	3328	4585	1
2024.07.10	14:00:00	356669.39	356850.91	355330.66	355852.54	2648	3239	1
2024.07.10	14:20:00	355875.23	357032.44	355103.76	356828.22	2770	3536	1
2024.07.10	14:40:00	356828.22	356828.22	355557.56	355829.85	1793	2293	1
2024.07.10	15:00:00	355852.54	356669.39	355307.97	356102.13	2300	2801	1
2024.07.10	15:20:00	356056.75	356397.11	354536.50	355398.73	2830	3524	1
2024.07.10	15:40:00	355376.04	355625.64	354332.29	355489.49	2009	2506	1
2024.07.10	16:00:00	355466.80	355489.49	353787.72	354718.02	2487	3119	1
2024.07.10	16:20:00	354718.02	355262.59	354060.00	355149.14	1976	2637	1
2024.07.10	16:40:00	355126.45	355580.25	354468.43	354559.19	1837	2509	1
2024.07.10	17:00:00	354604.57	355602.95	354377.67	355035.69	1593	2187	1
2024.07.10	17:20:00	355103.76	355285.28	353447.36	353855.79	1766	2378	1
2024.07.10	17:40:00	353833.10	355149.14	353696.96	354718.02	1083	1490	1
2024.07.10	18:00:00	354718.02	355103.76	353107.01	353515.43	754	860	1
2024.07.10	18:20:00	353356.60	354332.29	352925.49	353606.20	228	256	1
2024.07.11	09:00:00	362273.90	363294.97	360935.17	361547.81	3778	4421	1
2024.07.11	09:20:00	361388.98	366131.26	361184.77	363612.63	4980	5801	1
2024.07.11	09:40:00	363680.70	364860.60	361661.26	362705.02	4649	5193	1
2024.07.11	10:00:00	362682.33	363158.83	359165.33	361593.19	4972	5728	1
2024.07.11	10:20:00	361570.50	364293.34	360935.17	362047.00	4639	5616	1
2024.07.11	10:40:00	362024.31	362024.31	359936.80	361502.43	4674	5548	1
2024.07.11	11:00:00	361525.12	361978.93	357236.65	357713.15	5066	6163	1
2024.07.11	11:20:00	357690.46	358530.00	356124.82	358325.79	4835	5792	1
2024.07.11	11:40:00	358348.48	359278.78	356306.35	357327.41	3927	4756	1
2024.07.11	12:00:00	357350.10	358779.59	357100.51	358711.52	2785	3253	1
2024.07.11	12:20:00	358643.45	359596.44	356283.66	356850.91	3887	4638	1
2024.07.11	12:40:00	356805.53	357123.20	354604.57	355421.42	4457	5304	1
2024.07.11	13:00:00	355421.42	356760.15	354286.91	356533.25	3347	3959	1
2024.07.11	13:20:00	356533.25	358507.31	356147.51	357735.84	2806	3485	1
2024.07.11	13:40:00	357713.15	358166.95	356192.89	357871.98	2928	3569	1
2024.07.11	14:00:00	357871.98	358824.97	357440.86	358507.31	2305	2757	1
2024.07.11	14:20:00	358530.00	359460.30	358212.33	359142.64	2205	2602	1
2024.07.11	14:40:00	359119.95	359982.18	358371.17	358666.14	3325	4184	1
2024.07.11	15:00:00	358666.14	359142.64	358030.81	358915.73	2425	3108	1
2024.07.11	15:20:00	358802.28	359846.04	358053.50	359346.85	2702	3390	1
2024.07.11	15:40:00	359369.54	359505.68	358393.86	358666.14	1834	2259	1
2024.07.11	16:00:00	358643.45	358847.66	357259.34	357803.91	1963	2503	1
2024.07.11	16:20:00	357781.22	357826.60	356079.44	357259.34	2999	3675	1
2024.07.11	16:40:00	357259.34	357667.77	355829.85	356056.75	2980	3532	1
2024.07.11	17:00:00	355943.30	357282.03	354899.54	355671.02	2834	3541	1
2024.07.11	17:20:00	355671.02	356555.94	355239.90	356419.80	1913	2356	1
2024.07.11	17:40:00	356329.04	356669.39	355421.42	356102.13	1062	1350	1
2024.07.11	18:00:00	355875.23	357123.20	355671.02	356170.20	541	614	1
2024.07.11	18:20:00	355875.23	356896.29	355784.47	355784.47	190	224	1
2024.07.12	09:00:00	354286.91	355602.95	353424.67	353901.17	2782	3068	1
2024.07.12	09:20:00	353901.17	355580.25	353084.32	353810.41	4143	4592	1
2024.07.12	09:40:00	353833.10	355739.09	353515.43	355557.56	2904	3248	1
2024.07.12	10:00:00	355534.87	358983.81	355262.59	358620.76	4860	5679	1
2024.07.12	10:20:00	358620.76	359119.95	357100.51	358847.66	5237	6286	1
2024.07.12	10:40:00	358779.59	361207.46	357486.24	360322.53	6126	7598	1
2024.07.12	11:00:00	360209.08	361071.32	358779.59	360231.77	4571	5445	1
2024.07.12	11:20:00	360209.08	360912.48	359165.33	359777.97	3067	3563	1
2024.07.12	11:40:00	359800.66	360413.30	359482.99	360095.63	2066	2403	1
2024.07.12	12:00:00	360095.63	360776.34	359687.21	359687.21	1905	2263	1
2024.07.12	12:20:00	359755.28	362251.21	359573.75	361048.63	3735	4555	1
2024.07.12	12:40:00	361025.94	362387.36	360549.44	361820.10	2556	3068	1
2024.07.12	13:00:00	361933.55	362092.38	360685.58	361366.29	2363	2919	1
2024.07.12	13:20:00	361388.98	362931.92	361025.94	361230.15	2491	3033	1
2024.07.12	13:40:00	361230.15	361547.81	359936.80	360572.13	2564	3062	1
2024.07.12	14:00:00	360549.44	361479.74	359596.44	360730.96	2981	3602	1
2024.07.12	14:20:00	360753.65	361706.65	360504.06	360730.96	1981	2360	1
2024.07.12	14:40:00	360730.96	361048.63	359868.73	360027.56	1991	2482	1
2024.07.12	15:00:00	360050.25	361184.77	359414.92	360912.48	2667	3468	1
2024.07.12	15:20:00	360935.17	362160.45	359914.11	361956.24	3184	3951	1
2024.07.12	15:40:00	361933.55	362591.57	361003.25	361252.84	3255	4035	1
2024.07.12	16:00:00	361252.84	361683.96	359369.54	359596.44	2679	3415	1
2024.07.12	16:20:00	359641.82	359755.28	357486.24	357486.24	4279	5593	1
2024.07.12	16:40:00	357508.93	358439.24	356238.27	356828.22	3984	5122	1
2024.07.12	17:00:00	356828.22	357236.65	355103.76	355398.73	3350	4312	1
2024.07.12	17:20:00	355330.66	356578.63	354241.52	356170.20	4231	5498	1
2024.07.12	17:40:00	356215.58	356782.84	355171.83	356170.20	1818	2285	1
2024.07.12	18:00:00	356283.66	357463.55	356192.89	356624.01	951	1193	1
2024.07.12	18:20:00	356601.32	357599.69	356215.58	357463.55	147	174	1
2024.07.15	09:00:00	379359.73	389139.26	379359.73	388390.48	2472	2825	1
2024.07.15	09:20:00	388503.93	391340.22	387936.67	390795.66	3236	3814	1
2024.07.15	09:40:00	390886.42	391181.39	389661.14	389956.11	2486	2958	1
2024.07.15	10:00:00	389933.42	390750.28	389388.86	390251.09	2718	3305	1
2024.07.15	10:20:00	390251.09	391521.75	388708.15	390137.64	5357	6394	1
2024.07.15	10:40:00	390205.71	391907.48	389978.80	391181.39	4088	5094	1
2024.07.15	11:00:00	391204.08	392111.70	390704.89	391113.32	3421	4373	1
2024.07.15	11:20:00	391158.70	391975.55	390341.85	391453.68	2603	3150	1
2024.07.15	11:40:00	391476.37	392678.95	391181.39	392565.50	2498	3042	1
2024.07.15	12:00:00	392610.88	393268.90	390863.73	391907.48	4273	5589	1
2024.07.15	12:20:00	391930.17	392202.46	391113.32	391657.89	2252	2776	1
2024.07.15	12:40:00	391680.58	391748.65	390024.18	390818.35	3026	3903	1
2024.07.15	13:00:00	390818.35	391385.60	389683.83	391385.60	2750	3377	1
2024.07.15	13:20:00	391340.22	393178.14	391158.70	392429.36	3357	4371	1
2024.07.15	13:40:00	392452.05	394902.61	392383.98	393700.02	4585	6070	1
2024.07.15	14:00:00	393722.71	395628.70	393042.00	394743.77	3938	5120	1
2024.07.15	14:20:00	394721.08	396014.43	393768.09	393836.16	3311	4336	1
2024.07.15	14:40:00	393813.47	394289.97	392179.77	392202.46	3671	4808	1
2024.07.15	15:00:00	392293.22	394017.68	391794.03	393768.09	3510	4566	1
2024.07.15	15:20:00	393836.16	394970.68	393178.14	393904.23	3027	3799	1
2024.07.15	15:40:00	393813.47	394539.56	393473.12	393972.30	2541	3256	1
2024.07.15	16:00:00	393972.30	395016.06	392951.24	394630.32	2995	3786	1
2024.07.15	16:20:00	394562.25	395832.91	392928.55	394743.77	5018	6753	1
2024.07.15	16:40:00	394743.77	395855.60	393064.69	394153.83	4026	5215	1
2024.07.15	17:00:00	394221.90	394721.08	393110.07	394426.11	1926	2444	1
2024.07.15	17:20:00	394426.11	395152.20	393904.23	394562.25	1545	1889	1
2024.07.15	17:40:00	394630.32	395084.13	394108.45	394675.70	1026	1364	1
2024.07.15	18:00:00	394675.70	396377.48	394539.56	396127.89	860	1048	1
2024.07.15	18:20:00	395900.98	396967.43	395719.46	396604.38	270	340	1
2024.07.16	09:00:00	395379.10	395674.08	393972.30	394789.16	3154	3638	1
2024.07.16	09:20:00	394902.61	397398.54	394426.11	396150.58	4315	5118	1
2024.07.16	09:40:00	396082.50	396309.41	394267.28	394970.68	3366	3978	1
2024.07.16	10:00:00	394925.30	395288.34	392338.60	393223.52	4199	4953	1
2024.07.16	10:20:00	393291.59	395197.58	392837.79	395174.89	4753	5629	1
2024.07.16	10:40:00	395084.13	395356.41	391113.32	391385.60	4746	5700	1
2024.07.16	11:00:00	391340.22	393836.16	389502.31	393110.07	7522	9138	1
2024.07.16	11:20:00	393064.69	393654.64	391499.06	392429.36	4357	5297	1
2024.07.16	11:40:00	392383.98	394199.21	392020.93	393904.23	2867	3385	1
2024.07.16	12:00:00	393881.54	397035.50	393541.19	397035.50	5304	6558	1
2024.07.16	12:20:00	396967.43	399191.08	395855.60	399168.39	6655	8505	1
2024.07.16	12:40:00	399191.08	402730.77	398669.20	402095.44	5364	7178	1
2024.07.16	13:00:00	402027.37	404750.21	400144.07	400779.40	7762	11171	1
2024.07.16	13:20:00	400824.78	401618.95	399735.65	401618.95	3491	4413	1
2024.07.16	13:40:00	401618.95	402390.42	399417.98	400779.40	4612	6042	1
2024.07.16	14:00:00	400734.02	400847.47	398510.37	399735.65	3914	4976	1
2024.07.16	14:20:00	399667.58	400257.53	398691.89	399440.67	2837	3653	1
2024.07.16	14:40:00	399417.98	400461.74	398918.80	399781.03	3184	4010	1
2024.07.16	15:00:00	399758.34	400348.29	398737.27	400007.93	3148	4030	1
2024.07.16	15:20:00	399894.48	401301.28	399622.20	400030.62	3027	3873	1
2024.07.16	15:40:00	399939.86	401074.38	399145.70	401074.38	2413	3062	1
2024.07.16	16:00:00	401006.31	402276.97	400234.84	401664.33	3900	5036	1
2024.07.16	16:20:00	401641.64	403456.86	401301.28	402526.56	4220	5720	1
2024.07.16	16:40:00	402526.56	403479.55	400053.31	403229.96	4868	6841	1
2024.07.16	17:00:00	403139.20	403456.86	401777.78	402390.42	3001	4027	1
2024.07.16	17:20:00	402481.18	402481.18	400983.62	401936.61	2322	3075	1
2024.07.16	17:40:00	401868.54	402594.63	399962.55	400665.95	1693	2322	1
2024.07.16	18:00:00	400529.81	401119.76	399349.91	399781.03	1081	1261	1
2024.07.16	18:20:00	399803.72	400370.98	398986.87	398986.87	170	209	1
2024.07.17	09:00:00	400007.93	402481.18	399690.27	402095.44	2969	3567	1
2024.07.17	09:20:00	402231.59	403093.82	401959.30	402095.44	2738	3246	1
2024.07.17	09:40:00	402095.44	402481.18	400983.62	402004.68	3881	4604	1
2024.07.17	10:00:00	402095.44	404092.19	402072.75	402617.32	4408	5064	1
2024.07.17	10:20:00	402640.01	404455.24	401913.92	404182.95	4704	5450	1
2024.07.17	10:40:00	404182.95	406157.01	401868.54	405408.23	6575	7859	1
2024.07.17	11:00:00	405362.85	405998.18	402889.61	404818.28	5219	6144	1
2024.07.17	11:20:00	404704.83	405930.11	403456.86	405703.21	3809	4660	1
2024.07.17	11:40:00	405657.83	406043.56	403729.15	404682.14	3561	4551	1
2024.07.17	12:00:00	404682.14	405839.35	403706.46	405703.21	2722	3285	1
2024.07.17	12:20:00	405748.59	407404.98	405022.50	407178.08	3433	4226	1
2024.07.17	12:40:00	407178.08	407200.77	403298.03	404182.95	5415	6973	1
2024.07.17	13:00:00	404182.95	404659.45	401414.73	401936.61	5526	6921	1
2024.07.17	13:20:00	401936.61	402889.61	400144.07	400756.71	4067	5259	1
2024.07.17	13:40:00	400734.02	401641.64	399327.22	401301.28	4292	5348	1
2024.07.17	14:00:00	401233.21	401845.85	399009.56	399576.82	3628	4623	1
2024.07.17	14:20:00	399508.75	401800.47	399259.15	401732.40	2309	2954	1
2024.07.17	14:40:00	401732.40	401891.23	400529.81	400960.93	2377	3074	1
2024.07.17	15:00:00	400892.86	402299.66	400620.57	402299.66	2182	2737	1
2024.07.17	15:20:00	402276.97	402912.30	401755.09	402844.22	2201	2762	1
2024.07.17	15:40:00	402844.22	403252.65	402050.06	403139.20	2461	3103	1
2024.07.17	16:00:00	403139.20	403683.77	402617.32	403116.51	2336	2957	1
2024.07.17	16:20:00	403207.27	404455.24	403093.82	403751.84	2852	3736	1
2024.07.17	16:40:00	403797.22	404364.48	402526.56	403298.03	2928	3825	1
2024.07.17	17:00:00	403275.34	403774.53	402844.22	403275.34	1865	2465	1
2024.07.17	17:20:00	403229.96	403706.46	402889.61	403161.89	1050	1261	1
2024.07.17	17:40:00	403184.58	403366.10	402322.35	402503.87	764	915	1
2024.07.17	18:00:00	402413.11	402640.01	401482.80	402367.73	1027	1238	1
2024.07.17	18:20:00	402390.42	403003.06	401913.92	402957.68	198	241	1
2024.07.18	09:00:00	404455.24	407178.08	404205.64	407041.94	2494	2764	1
2024.07.18	09:20:00	407041.94	408312.60	406406.61	408221.83	3355	3733	1
2024.07.18	09:40:00	408153.76	409197.52	407518.43	408789.09	4165	4925	1
2024.07.18	10:00:00	408766.40	411103.51	408698.33	410853.91	5449	6584	1
2024.07.18	10:20:00	410808.53	410876.60	407404.98	408698.33	5505	6942	1
2024.07.18	10:40:00	408675.64	408766.40	406383.92	407200.77	3856	4629	1
2024.07.18	11:00:00	407200.77	408403.36	405567.06	406020.87	4619	5467	1
2024.07.18	11:20:00	405930.11	406905.79	404205.64	405022.50	4624	5424	1
2024.07.18	11:40:00	404999.81	405045.19	402390.42	403978.74	5340	6618	1
2024.07.18	12:00:00	403933.36	404228.33	401301.28	401596.26	4324	5249	1
2024.07.18	12:20:00	401641.64	403524.93	400665.95	403320.72	4560	5752	1
2024.07.18	12:40:00	403275.34	403706.46	400189.46	400870.17	3598	4536	1
2024.07.18	13:00:00	400870.17	401959.30	399486.05	401959.30	2952	3786	1
2024.07.18	13:20:00	401868.54	403661.08	400892.86	403593.01	3323	4468	1
2024.07.18	13:40:00	403570.32	404840.97	402934.99	404840.97	2585	3445	1
2024.07.18	14:00:00	404772.90	405362.85	403706.46	403933.36	2597	3361	1
2024.07.18	14:20:00	403910.67	405045.19	403774.53	404205.64	2417	3032	1
2024.07.18	14:40:00	404228.33	404477.93	402345.04	402685.39	3141	4027	1
2024.07.18	15:00:00	402685.39	404273.72	402481.18	403093.82	3550	4548	1
2024.07.18	15:20:00	403161.89	404477.93	402458.49	402730.77	2878	3732	1
2024.07.18	15:40:00	402753.46	403456.86	401755.09	403003.06	2953	3808	1
2024.07.18	16:00:00	402957.68	403865.29	402390.42	403298.03	3328	4264	1
2024.07.18	16:20:00	403229.96	404704.83	401460.11	404092.19	3692	4823	1
2024.07.18	16:40:00	404160.26	405317.47	403411.48	404228.33	3915	5361	1
2024.07.18	17:00:00	404205.64	404387.17	403229.96	404092.19	1970	2636	1
2024.07.18	17:20:00	404092.19	404546.00	403797.22	404273.72	996	1330	1
2024.07.18	17:40:00	404228.33	404455.24	401709.71	402957.68	1647	2237	1
2024.07.18	18:00:00	402957.68	403797.22	402390.42	402957.68	471	596	1
2024.07.18	18:20:00	403638.39	403865.29	402776.15	403502.24	103	109	1
2024.07.19	09:00:00	400484.43	405725.90	400484.43	405113.26	699	860	1
2024.07.19	09:20:00	405113.26	405998.18	404296.41	404750.21	1957	2646	1
2024.07.19	09:40:00	404772.90	407382.29	404772.90	407132.70	1634	2056	1
2024.07.19	10:00:00	407087.32	407858.79	405476.30	406179.70	2489	3200	1
2024.07.19	10:20:00	406111.63	408471.43	404069.50	408176.45	2424	3029	1
2024.07.19	10:40:00	408176.45	412601.07	407450.36	411126.20	2674	3105	1
2024.07.19	11:00:00	411194.27	414438.99	410445.49	414234.77	2442	2943	1
2024.07.19	11:20:00	414212.08	416322.28	414007.87	415369.29	2287	2816	1
2024.07.19	11:40:00	415369.29	416004.62	413690.21	415618.88	1459	1832	1
2024.07.19	12:00:00	415664.26	416617.26	414756.65	415573.50	1583	1993	1
2024.07.19	12:20:00	415664.26	416639.95	413327.16	414416.30	1936	2371	1
2024.07.19	12:40:00	414597.82	416481.12	414597.82	416458.43	1828	2204	1
2024.07.19	13:00:00	416367.66	420746.90	416322.28	420247.71	3628	4692	1
2024.07.19	13:20:00	420338.47	421858.73	419975.43	421541.06	3042	4098	1
2024.07.19	13:40:00	421609.13	422743.65	420701.52	422267.15	3317	4154	1
2024.07.19	14:00:00	422289.84	422494.06	420928.42	421836.04	2443	3036	1
2024.07.19	14:20:00	421813.35	424241.21	421790.66	422425.98	3651	4578	1
2024.07.19	14:40:00	422494.06	424672.33	422131.01	424195.83	3503	4428	1
2024.07.19	15:00:00	424105.07	424558.88	423152.08	423946.24	2432	2922	1
2024.07.19	15:20:00	423855.48	424218.52	422766.34	423968.93	2316	2680	1
2024.07.19	15:40:00	424037.00	426124.51	423923.55	425988.37	2500	3276	1
2024.07.19	16:00:00	425988.37	427236.34	425965.68	426850.60	3497	4474	1
2024.07.19	16:20:00	426827.91	430662.58	426827.91	428484.30	5243	7077	1
2024.07.19	16:40:00	428461.61	430435.67	428007.81	429096.94	3762	4827	1
2024.07.19	17:00:00	429028.87	429528.06	427485.93	427780.90	2354	3190	1
2024.07.19	17:20:00	427780.90	428325.47	427190.95	427576.69	1565	2133	1
2024.07.19	17:40:00	427599.38	428280.09	426714.46	427009.43	1182	1626	1
2024.07.19	18:00:00	426895.98	430254.15	426623.70	430072.63	1355	1602	1
2024.07.19	18:20:00	430095.32	431865.16	429278.47	429278.47	328	432	1
2024.07.22	09:00:00	430549.12	430549.12	428552.38	429096.94	2890	3161	1
2024.07.22	09:20:00	429119.63	429981.87	428302.78	429505.37	3054	3393	1
2024.07.22	09:40:00	429482.68	429913.80	428665.83	429074.25	2742	3024	1
2024.07.22	10:00:00	429051.56	430912.17	428030.50	428438.92	4577	5298	1
2024.07.22	10:20:00	428416.23	430299.53	427213.65	428892.73	5339	6215	1
2024.07.22	10:40:00	428983.49	429528.06	423537.81	424195.83	5946	6926	1
2024.07.22	11:00:00	424218.52	425829.53	423878.17	424626.95	4471	5051	1
2024.07.22	11:20:00	424649.64	425103.44	421336.85	423152.08	5381	6368	1
2024.07.22	11:40:00	423129.38	423492.43	420565.38	421223.40	3647	4512	1
2024.07.22	12:00:00	421155.33	422516.75	420520.00	421904.11	4383	5147	1
2024.07.22	12:20:00	421881.42	423764.71	421087.25	423310.91	3413	4006	1
2024.07.22	12:40:00	423333.60	424536.19	422789.03	423174.77	3174	3891	1
2024.07.22	13:00:00	423242.84	423832.79	421949.49	423152.08	3267	3936	1
2024.07.22	13:20:00	423152.08	423152.08	421223.40	422108.32	3426	4214	1
2024.07.22	13:40:00	422108.32	424400.04	421926.80	423061.31	3087	3902	1
2024.07.22	14:00:00	423129.38	424581.57	422607.51	424173.14	2292	2753	1
2024.07.22	14:20:00	424286.59	425852.23	424286.59	425443.80	2758	3592	1
2024.07.22	14:40:00	425489.18	426396.79	424740.40	426260.65	2924	3781	1
2024.07.22	15:00:00	426260.65	427758.21	425897.61	427122.88	4644	5645	1
2024.07.22	15:20:00	427145.57	427485.93	425761.46	426464.86	3481	4236	1
2024.07.22	15:40:00	426532.94	427803.59	426283.34	427327.10	2660	3405	1
2024.07.22	16:00:00	427304.41	429301.16	426669.08	428484.30	4120	5169	1
2024.07.22	16:20:00	428506.99	430299.53	428121.26	430231.46	3637	4626	1
2024.07.22	16:40:00	430276.84	432432.42	429891.10	432001.31	4292	5456	1
2024.07.22	17:00:00	432092.07	432455.11	430004.56	430957.55	5062	6413	1
2024.07.22	17:20:00	430957.55	431434.05	430072.63	431002.93	2268	2670	1
2024.07.22	17:40:00	431002.93	431978.62	429573.44	431660.95	2094	2746	1
2024.07.22	18:00:00	431683.64	432228.21	429823.03	430208.77	1286	1558	1
2024.07.22	18:20:00	430095.32	430299.53	428847.35	429528.06	292	327	1
2024.07.23	09:00:00	423015.93	424263.90	421654.51	422789.03	4975	6061	1
2024.07.23	09:20:00	422766.34	424309.28	422539.44	423424.36	4020	4581	1
2024.07.23	09:40:00	423378.98	423401.67	422380.60	422471.37	2415	2662	1
2024.07.23	10:00:00	422471.37	423492.43	421858.73	422494.06	3765	4423	1
2024.07.23	10:20:00	422516.75	424558.88	420202.33	423197.46	6983	8214	1
2024.07.23	10:40:00	423152.08	423310.91	419249.34	419884.67	8512	9988	1
2024.07.23	11:00:00	419975.43	422720.96	418931.67	422630.20	5279	6604	1
2024.07.23	11:20:00	422607.51	426079.13	422062.94	426033.75	6812	8141	1
2024.07.23	11:40:00	426056.44	426124.51	424400.04	425443.80	4868	5838	1
2024.07.23	12:00:00	425443.80	425670.70	423061.31	424195.83	4550	5697	1
2024.07.23	12:20:00	424195.83	425126.13	420497.31	421495.68	5982	7047	1
2024.07.23	12:40:00	421495.68	422607.51	420315.78	421495.68	4552	5194	1
2024.07.23	13:00:00	421563.75	423152.08	421019.18	421994.87	3239	3817	1
2024.07.23	13:20:00	422017.56	423106.69	419930.05	420497.31	4079	4849	1
2024.07.23	13:40:00	420474.62	420610.76	417479.49	417592.94	6085	7466	1
2024.07.23	14:00:00	417592.94	419249.34	416730.71	418954.36	5500	7050	1
2024.07.23	14:20:00	419067.81	419998.12	417910.61	418591.32	4181	5271	1
2024.07.23	14:40:00	418568.63	419748.52	418001.37	419317.41	3126	3934	1
2024.07.23	15:00:00	419272.03	419725.83	418092.13	419022.43	2541	3146	1
2024.07.23	15:20:00	419022.43	419907.36	418001.37	419158.58	3297	4202	1
2024.07.23	15:40:00	419135.89	420134.26	418364.41	418704.77	2817	3466	1
2024.07.23	16:00:00	418636.70	419907.36	418523.25	419272.03	2404	3018	1
2024.07.23	16:20:00	419249.34	419657.76	417139.14	417229.90	3426	4304	1
2024.07.23	16:40:00	417229.90	417933.30	415255.84	416072.69	5563	6791	1
2024.07.23	17:00:00	416118.07	417887.92	415641.57	416776.09	3340	4240	1
2024.07.23	17:20:00	416776.09	417887.92	416208.83	417638.32	2212	2780	1
2024.07.23	17:40:00	417615.63	418999.74	416934.92	418160.20	1944	2602	1
2024.07.23	18:00:00	418114.82	418931.67	417071.07	418455.18	1055	1333	1
2024.07.23	18:20:00	418432.49	418954.36	417547.56	417955.99	257	326	1
2024.07.24	09:00:00	422834.41	424082.38	422131.01	423832.79	3856	4475	1
2024.07.24	09:20:00	423855.48	426306.03	423832.79	425058.06	3682	4299	1
2024.07.24	09:40:00	425058.06	425262.28	423106.69	423220.15	3892	4442	1
2024.07.24	10:00:00	423174.77	426169.89	423152.08	425852.23	5166	6061	1
2024.07.24	10:20:00	425874.92	428665.83	425874.92	428461.61	5372	6248	1
2024.07.24	10:40:00	428393.54	428915.42	424672.33	425103.44	4370	5540	1
2024.07.24	11:00:00	425126.13	427667.45	424740.40	427145.57	6130	7543	1
2024.07.24	11:20:00	427145.57	429165.01	426306.03	427372.48	5249	6563	1
2024.07.24	11:40:00	427304.41	428461.61	426056.44	426124.51	3350	4041	1
2024.07.24	12:00:00	426079.13	426578.32	423288.22	423855.48	4799	6124	1
2024.07.24	12:20:00	423900.86	424944.61	421881.42	423810.09	5036	6502	1
2024.07.24	12:40:00	423810.09	424513.50	422675.58	423742.02	3773	5039	1
2024.07.24	13:00:00	423764.71	424785.78	422675.58	424082.38	4211	5184	1
2024.07.24	13:20:00	424082.38	424536.19	423537.81	424445.42	2453	3040	1
2024.07.24	13:40:00	424445.42	424649.64	423288.22	424263.90	2365	2883	1
2024.07.24	14:00:00	424377.35	425307.66	423628.57	423991.62	3275	4131	1
2024.07.24	14:20:00	423968.93	426419.48	423900.86	426011.06	3554	4579	1
2024.07.24	14:40:00	426033.75	426646.39	425761.46	426419.48	2419	3048	1
2024.07.24	15:00:00	426374.10	427304.41	426101.82	426374.10	3374	4308	1
2024.07.24	15:20:00	426396.79	426396.79	424422.73	424649.64	4061	5222	1
2024.07.24	15:40:00	424626.95	424853.85	422357.91	422698.27	3852	4792	1
2024.07.24	16:00:00	422766.34	423923.55	422199.08	422970.55	3547	4438	1
2024.07.24	16:20:00	423015.93	424831.16	422516.75	424195.83	2981	3752	1
2024.07.24	16:40:00	424286.59	424354.66	421132.64	421745.27	3787	5008	1
2024.07.24	17:00:00	421722.58	423288.22	421722.58	423061.31	2531	3366	1
2024.07.24	17:20:00	423061.31	423787.40	422811.72	423447.05	2029	2805	1
2024.07.24	17:40:00	423492.43	424331.97	423129.38	423900.86	937	1257	1
2024.07.24	18:00:00	424037.00	424195.83	421382.23	421745.27	1334	1619	1
2024.07.24	18:20:00	421563.75	422289.84	421359.54	421904.11	230	279	1
2024.07.25	09:00:00	413554.06	414756.65	412646.45	413440.61	3749	4726	1
2024.07.25	09:20:00	413440.61	414257.46	411398.48	411489.24	4053	4760	1
2024.07.25	09:40:00	411443.86	411511.93	409492.49	410649.70	4317	5073	1
2024.07.25	10:00:00	410649.70	411194.27	409242.90	410763.15	2977	3566	1
2024.07.25	10:20:00	410763.15	412464.93	410332.04	411012.75	4341	5326	1
2024.07.25	10:40:00	411035.44	412578.38	408630.26	410717.77	5174	6415	1
2024.07.25	11:00:00	410717.77	410808.53	407609.20	409583.25	4508	5726	1
2024.07.25	11:20:00	409628.63	415097.01	409152.14	414597.82	4323	5585	1
2024.07.25	11:40:00	414665.89	415709.64	413780.97	415437.36	3463	4720	1
2024.07.25	12:00:00	415460.05	416140.76	413803.66	414983.55	3618	4724	1
2024.07.25	12:20:00	414983.55	415391.98	413485.99	414075.94	2636	3259	1
2024.07.25	12:40:00	414075.94	414166.70	412306.09	413871.73	2957	3570	1
2024.07.25	13:00:00	413894.42	415051.63	413327.16	414257.46	2269	2760	1
2024.07.25	13:20:00	414325.53	416095.38	413735.59	415097.01	2579	3359	1
2024.07.25	13:40:00	415006.24	415210.46	413213.71	414144.01	2643	3219	1
2024.07.25	14:00:00	414121.32	416004.62	413803.66	415278.53	2808	3874	1
2024.07.25	14:20:00	415187.77	415755.03	414302.84	415414.67	1956	2479	1
2024.07.25	14:40:00	415414.67	416367.66	414620.51	416095.38	2641	3340	1
2024.07.25	15:00:00	416163.45	417366.04	415482.74	417297.97	3155	4198	1
2024.07.25	15:20:00	417252.59	417275.28	415346.60	416208.83	2492	3122	1
2024.07.25	15:40:00	416208.83	416594.57	412737.21	413758.28	4474	5620	1
2024.07.25	16:00:00	413735.59	415165.08	412555.69	414938.17	3171	4034	1
2024.07.25	16:20:00	414960.86	416027.31	413758.28	414348.22	2802	3507	1
2024.07.25	16:40:00	414348.22	415573.50	413962.49	414552.44	2790	3363	1
2024.07.25	17:00:00	414461.68	415074.32	413259.09	414802.03	2003	2571	1
2024.07.25	17:20:00	414756.65	416118.07	414665.89	416072.69	1443	1755	1
2024.07.25	17:40:00	416072.69	417366.04	415596.19	417002.99	1156	1526	1
2024.07.25	18:00:00	417207.21	418704.77	416458.43	418455.18	1006	1229	1
2024.07.25	18:20:00	418319.03	419476.24	418024.06	418999.74	164	189	1
2024.07.26	09:00:00	431107.34	433253.28	428758.11	432191.60	1665	2069	1
2024.07.26	09:20:00	432191.60	435082.97	432191.60	432869.27	1329	1590	1
2024.07.26	09:40:00	432869.27	434179.42	432440.08	433637.29	1241	1434	1
2024.07.26	10:00:00	433682.47	434586.02	433275.87	434450.49	1486	1719	1
2024.07.26	10:20:00	434427.90	438923.07	434292.36	437974.34	4067	4769	1
2024.07.26	10:40:00	437996.93	440278.40	436144.65	439555.55	4236	5103	1
2024.07.26	11:00:00	439374.84	440233.22	436619.01	437048.20	3372	3906	1
2024.07.26	11:20:00	437048.20	437838.81	432485.26	434111.65	5750	7179	1
2024.07.26	11:40:00	434156.83	436754.54	433885.76	436528.66	2528	3256	1
2024.07.26	12:00:00	436528.66	438697.18	436031.70	437906.57	2486	2941	1
2024.07.26	12:20:00	437974.34	439194.13	437771.04	437838.81	1634	2016	1
2024.07.26	12:40:00	437838.81	438177.64	436731.95	437680.68	1186	1457	1
2024.07.26	13:00:00	437658.10	438561.65	437138.55	437658.10	1569	1790	1
2024.07.26	13:20:00	437612.92	438267.99	437274.09	437906.57	1092	1392	1
2024.07.26	13:40:00	437929.16	437951.75	435896.17	436212.41	1270	1538	1
2024.07.26	14:00:00	436189.82	437725.86	435692.87	437725.86	1911	2463	1
2024.07.26	14:20:00	437703.27	438652.00	437161.14	437274.09	1968	2607	1
2024.07.26	14:40:00	437251.50	437816.22	437025.61	437725.86	1015	1169	1
2024.07.26	15:00:00	437590.33	438923.07	437228.91	438335.76	1684	1987	1
2024.07.26	15:20:00	438358.35	438493.88	437070.79	437409.62	1479	1809	1
2024.07.26	15:40:00	437409.62	438787.54	437228.91	438652.00	1534	1867	1
2024.07.26	16:00:00	438652.00	439849.21	438448.70	439645.91	1848	2359	1
2024.07.26	16:20:00	439600.73	440323.57	439058.60	439939.56	1971	2452	1
2024.07.26	16:40:00	440007.33	441972.56	439758.85	440730.17	3154	3825	1
2024.07.26	17:00:00	440820.53	441001.24	438968.25	439532.97	1261	1457	1
2024.07.26	17:20:00	439623.32	440413.93	438493.88	439058.60	1765	2102	1
2024.07.26	17:40:00	439103.78	439103.78	437432.21	437725.86	1086	1433	1
2024.07.26	18:00:00	437545.15	440007.33	437522.56	439871.80	533	638	1
2024.07.26	18:20:00	439871.80	441430.43	439555.55	441023.83	228	270	1
2024.07.29	09:00:00	450985.49	451956.81	449856.05	450036.76	2166	2793	1
2024.07.29	09:20:00	450081.94	452295.64	449946.41	451708.33	2907	3492	1
2024.07.29	09:40:00	451776.10	452408.58	450398.18	452024.58	2775	3222	1
2024.07.29	10:00:00	451956.81	453221.78	450827.37	451730.92	4964	5875	1
2024.07.29	10:20:00	451776.10	452137.52	448839.55	449088.03	5523	6645	1
2024.07.29	10:40:00	449223.56	449833.46	446151.49	447913.41	5317	6463	1
2024.07.29	11:00:00	447890.82	448252.24	443757.07	445564.18	4540	5734	1
2024.07.29	11:20:00	445609.35	446399.96	444231.44	446083.72	3877	5089	1
2024.07.29	11:40:00	446083.72	446309.61	440933.47	441927.38	4674	6281	1
2024.07.29	12:00:00	441904.79	442446.92	439058.60	439194.13	4528	6238	1
2024.07.29	12:20:00	439239.31	441159.36	438132.46	441159.36	4114	5774	1
2024.07.29	12:40:00	441159.36	441837.02	440007.33	440210.63	3080	4194	1
2024.07.29	13:00:00	440210.63	440210.63	437454.80	438200.23	3905	5289	1
2024.07.29	13:20:00	438155.05	438313.17	431378.41	433772.82	5248	7715	1
2024.07.29	13:40:00	433614.70	433772.82	431084.75	431988.31	3492	4799	1
2024.07.29	14:00:00	432033.48	433524.34	428780.70	431581.71	5234	7296	1
2024.07.29	14:20:00	431626.88	432778.91	430090.85	431694.65	3621	4766	1
2024.07.29	14:40:00	431762.42	432349.73	430384.50	431355.82	2958	3976	1
2024.07.29	15:00:00	431378.41	433750.23	430926.63	433049.98	3604	4849	1
2024.07.29	15:20:00	432982.21	434631.20	432778.91	433863.18	3264	4708	1
2024.07.29	15:40:00	433863.18	434563.43	433343.63	434202.01	2300	3152	1
2024.07.29	16:00:00	434134.24	434450.49	432891.86	434134.24	2316	3022	1
2024.07.29	16:20:00	434224.60	434586.02	433321.04	433885.76	2069	2613	1
2024.07.29	16:40:00	433908.35	434473.07	432236.78	433027.39	2955	4138	1
2024.07.29	17:00:00	433004.80	433433.99	431785.01	432598.20	2558	3458	1
2024.07.29	17:20:00	432575.61	432914.45	431807.59	432891.86	1724	2239	1
2024.07.29	17:40:00	432778.91	432982.21	431965.72	432869.27	1141	1623	1
2024.07.29	18:00:00	432733.74	432846.68	430181.20	430881.45	1300	1546	1
2024.07.29	18:20:00	430881.45	432372.32	430745.92	432169.02	281	304	1
2024.07.30	09:00:00	427673.84	428622.57	425482.73	427899.73	2017	2495	1
2024.07.30	09:20:00	427899.73	429752.01	426454.05	429684.25	3687	4432	1
2024.07.30	09:40:00	429752.01	431672.06	429571.30	431084.75	3194	3895	1
2024.07.30	10:00:00	431129.93	432214.19	430678.15	431785.01	3362	4014	1
2024.07.30	10:20:00	431739.83	432078.66	429300.24	430045.67	5632	6820	1
2024.07.30	10:40:00	429955.31	430520.03	428848.46	429187.29	3244	4000	1
2024.07.30	11:00:00	429096.94	429842.37	427786.79	428306.33	4397	5522	1
2024.07.30	11:20:00	428351.51	428690.34	425189.08	425957.09	4318	5647	1
2024.07.30	11:40:00	425866.74	426205.57	422839.84	423901.51	4753	6274	1
2024.07.30	12:00:00	423991.87	425437.55	422229.94	425234.25	4511	5950	1
2024.07.30	12:20:00	425302.02	427515.72	425030.95	426228.16	3246	4040	1
2024.07.30	12:40:00	426182.98	428306.33	426002.27	427944.91	2909	3724	1
2024.07.30	13:00:00	427877.14	428487.04	427018.77	428351.51	2431	3185	1
2024.07.30	13:20:00	428396.69	428622.57	427628.67	428441.86	1548	1969	1
2024.07.30	13:40:00	428509.63	429571.30	426996.18	427131.71	3352	4556	1
2024.07.30	14:00:00	427154.30	427380.19	424285.52	424714.71	4852	6614	1
2024.07.30	14:20:00	424601.77	424918.01	422591.36	423269.03	3812	5098	1
2024.07.30	14:40:00	423359.38	424421.06	422591.36	423223.85	3227	4283	1
2024.07.30	15:00:00	423223.85	424375.88	421394.16	423698.21	3917	5333	1
2024.07.30	15:20:00	423653.04	424172.58	422817.25	423110.90	2233	2911	1
2024.07.30	15:40:00	423133.49	423133.49	421303.80	422704.31	3276	4502	1
2024.07.30	16:00:00	422681.72	423472.33	421348.98	422275.12	3972	5698	1
2024.07.30	16:20:00	422297.71	423156.08	421326.39	422388.06	3121	4224	1
2024.07.30	16:40:00	422342.89	423811.16	422004.05	423178.67	2954	3841	1
2024.07.30	17:00:00	423110.90	423381.97	418977.15	423088.32	4381	5614	1
2024.07.30	17:20:00	423088.32	424782.48	422862.43	423991.87	2627	3284	1
2024.07.30	17:40:00	423924.10	425347.20	423811.16	424646.94	1481	1952	1
2024.07.30	18:00:00	424646.94	424850.24	422704.31	422907.61	1015	1179	1
2024.07.30	18:20:00	422704.31	423720.80	422433.24	423246.44	253	273	1
2024.07.31	09:00:00	423133.49	426499.23	422975.37	426476.64	2293	2483	1
2024.07.31	09:20:00	426499.23	428125.62	426002.27	427967.50	2454	2882	1
2024.07.31	09:40:00	427944.91	428441.86	426815.47	428396.69	2862	3449	1
2024.07.31	10:00:00	428328.92	429390.59	428148.21	429277.65	3175	3821	1
2024.07.31	10:20:00	429277.65	430474.86	429074.35	430271.56	3734	4365	1
2024.07.31	10:40:00	430271.56	430994.40	427764.20	428916.23	4194	5020	1
2024.07.31	11:00:00	428871.05	429819.78	426408.87	427041.36	4497	5595	1
2024.07.31	11:20:00	427041.36	428193.39	424059.63	428193.39	4964	6168	1
2024.07.31	11:40:00	428193.39	429639.07	427515.72	428758.11	4271	5477	1
2024.07.31	12:00:00	428848.46	429345.42	427719.02	428374.10	3222	3957	1
2024.07.31	12:20:00	428374.10	429255.06	427380.19	429142.12	2891	3579	1
2024.07.31	12:40:00	429074.35	429593.89	428690.34	429096.94	1936	2285	1
2024.07.31	13:00:00	429187.29	430768.51	428374.10	429639.07	2880	3781	1
2024.07.31	13:20:00	429593.89	430203.79	427786.79	428193.39	2153	2494	1
2024.07.31	13:40:00	428215.97	429096.94	427402.78	427786.79	2358	2789	1
2024.07.31	14:00:00	427809.38	429413.18	427470.54	429074.35	2286	2735	1
2024.07.31	14:20:00	429051.76	430497.44	428938.82	430226.38	2651	3317	1
2024.07.31	14:40:00	430271.56	431581.71	429526.13	430632.98	4106	5530	1
2024.07.31	15:00:00	430813.69	431107.34	428193.39	428487.04	4181	5304	1
2024.07.31	15:20:00	428396.69	428893.64	426386.28	426725.11	4112	5310	1
2024.07.31	15:40:00	426657.35	428690.34	426521.81	427831.97	3425	4257	1
2024.07.31	16:00:00	427877.14	428622.57	425550.50	426024.86	3939	4826	1
2024.07.31	16:20:00	426047.45	426702.52	423991.87	424488.82	4371	5635	1
2024.07.31	16:40:00	424488.82	424646.94	419654.82	421010.15	5169	6586	1
2024.07.31	17:00:00	421055.32	422342.89	416605.33	417712.18	3612	4920	1
2024.07.31	17:20:00	417779.95	419135.28	416063.20	416085.79	2673	3384	1
2024.07.31	17:40:00	416130.96	417508.88	416085.79	416424.62	1287	1690	1
2024.07.31	18:00:00	416537.56	421281.21	416108.38	420648.73	1079	1252	1
2024.07.31	18:20:00	420671.31	421145.68	417170.05	418796.44	238	279	1
2024.08.01	09:00:00	417802.54	420151.77	417689.59	419812.94	2777	3410	1
2024.08.01	09:20:00	419835.53	420151.77	418141.37	419880.71	2594	3085	1
2024.08.01	09:40:00	419880.71	420400.25	419067.51	419722.58	2079	2413	1
2024.08.01	10:00:00	419700.00	420151.77	417779.95	417960.66	3028	3540	1
2024.08.01	10:20:00	418005.84	418073.60	415069.29	415204.82	4059	4897	1
2024.08.01	10:40:00	415227.41	418209.13	415227.41	416921.57	5046	6359	1
2024.08.01	11:00:00	417034.52	417034.52	413917.26	414188.33	4825	6126	1
2024.08.01	11:20:00	414143.15	415362.94	412629.70	415295.18	3962	5182	1
2024.08.01	11:40:00	415250.00	415995.43	412878.18	413104.06	4136	5261	1
2024.08.01	12:00:00	413126.65	413375.13	409783.51	410370.82	5807	7741	1
2024.08.01	12:20:00	410348.23	410574.12	405830.47	407976.41	6252	8315	1
2024.08.01	12:40:00	407863.46	409760.92	406711.43	408044.17	4135	5102	1
2024.08.01	13:00:00	408179.70	410325.64	407050.26	409647.98	3479	4292	1
2024.08.01	13:20:00	409647.98	410574.12	408789.60	409557.62	2870	3665	1
2024.08.01	13:40:00	409512.44	411229.19	408789.60	409986.81	2442	3187	1
2024.08.01	14:00:00	409919.04	410054.58	408383.00	409015.49	2522	3273	1
2024.08.01	14:20:00	409038.08	409647.98	407524.63	408270.06	3153	4349	1
2024.08.01	14:40:00	408179.70	412403.81	406033.77	412132.75	5167	6795	1
2024.08.01	15:00:00	412132.75	413533.25	410167.52	411658.38	4366	5594	1
2024.08.01	15:20:00	411703.56	412358.63	410461.17	410641.88	2606	3437	1
2024.08.01	15:40:00	410641.88	411409.90	409580.21	411387.32	2480	3155	1
2024.08.01	16:00:00	411342.14	413488.07	411116.25	412855.59	3086	3911	1
2024.08.01	16:20:00	412900.77	414278.68	412629.70	413329.95	2656	3280	1
2024.08.01	16:40:00	413329.95	414911.17	412810.41	414233.50	2438	3129	1
2024.08.01	17:00:00	414233.50	416492.39	413894.67	415927.67	2263	2844	1
2024.08.01	17:20:00	415859.90	420016.24	414527.16	418886.80	3067	4193	1
2024.08.01	17:40:00	418954.56	424262.93	418931.98	424172.58	2535	3395	1
2024.08.01	18:00:00	424104.81	425595.67	422862.43	424850.24	1491	1852	1
2024.08.01	18:20:00	424827.65	424827.65	423540.09	424059.63	440	578	1
2024.08.02	09:00:00	424556.59	426228.16	422997.96	425143.90	2448	2904	1
2024.08.02	09:20:00	425279.43	426838.06	421371.57	424624.35	4830	5928	1
2024.08.02	09:40:00	424511.41	426273.34	422636.54	425302.02	4345	5150	1
2024.08.02	10:00:00	425324.61	425550.50	422410.65	423223.85	3754	4460	1
2024.08.02	10:20:00	423246.44	426792.88	420558.37	426182.98	6762	8143	1
2024.08.02	10:40:00	426228.16	428374.10	424940.60	425369.79	5133	6405	1
2024.08.02	11:00:00	425234.25	425821.56	421303.80	422591.36	4820	6493	1
2024.08.02	11:20:00	422501.01	424082.22	417870.30	418841.62	5966	8038	1
2024.08.02	11:40:00	418796.44	419090.10	412516.76	413171.83	6138	7767	1
2024.08.02	12:00:00	413171.83	414617.51	408654.07	411025.89	5930	7748	1
2024.08.02	12:20:00	411138.84	414662.69	408405.59	413194.42	4737	5944	1
2024.08.02	12:40:00	413239.60	415521.07	412968.53	413781.73	3581	4576	1
2024.08.02	13:00:00	413713.96	415069.29	412042.39	413081.48	3599	4640	1
2024.08.02	13:20:00	413036.30	414052.79	410687.06	412358.63	3024	3835	1
2024.08.02	13:40:00	412223.10	413623.61	411387.32	411613.20	2403	3034	1
2024.08.02	14:00:00	411613.20	412607.11	410551.53	410867.77	2852	3654	1
2024.08.02	14:20:00	410935.54	411974.62	409828.69	411703.56	2672	3461	1
2024.08.02	14:40:00	411748.74	412177.92	410054.58	410370.82	2551	3393	1
2024.08.02	15:00:00	410325.64	410777.42	409286.56	410054.58	2721	3645	1
2024.08.02	15:20:00	410099.75	411048.48	409309.15	409964.22	2672	3482	1
2024.08.02	15:40:00	410009.40	410664.47	408902.55	409873.87	2038	2558	1
2024.08.02	16:00:00	409851.28	410099.75	407953.82	408947.72	2972	3872	1
2024.08.02	16:20:00	408947.72	409331.73	407953.82	408247.47	2374	3004	1
2024.08.02	16:40:00	408157.12	408202.29	406191.89	406801.79	3624	4882	1
2024.08.02	17:00:00	406801.79	410664.47	406711.43	410393.41	2772	3634	1
2024.08.02	17:20:00	410325.64	410528.94	404610.67	406372.60	3718	4999	1
2024.08.02	17:40:00	406056.36	408631.48	405469.05	407840.87	1151	1491	1
2024.08.02	18:00:00	407908.64	409173.61	402645.45	402984.28	1004	1199	1
2024.08.02	18:20:00	402961.69	405197.98	402284.03	402284.03	342	471	1
2024.08.05	09:00:00	347302.88	348725.97	333004.16	333546.29	4223	5665	1
2024.08.05	09:20:00	333252.64	336595.78	328915.59	333975.48	6470	8405	1
2024.08.05	09:40:00	334291.72	339577.50	326498.59	327831.33	6276	8702	1
2024.08.05	10:00:00	327718.38	332416.85	326408.23	330022.44	4562	6265	1
2024.08.05	10:20:00	330112.80	344321.15	326724.47	340481.06	7157	11098	1
2024.08.05	10:40:00	340684.36	346241.20	334540.20	343553.13	5582	8268	1
2024.08.05	11:00:00	343982.32	354531.29	343575.72	353966.57	5860	8651	1
2024.08.05	11:20:00	353966.57	354892.71	346580.03	354644.24	4062	6194	1
2024.08.05	11:40:00	354644.24	358936.11	353718.10	355434.85	3988	5572	1
2024.08.05	12:00:00	355525.20	359613.77	352046.52	356857.94	4027	5767	1
2024.08.05	12:20:00	356745.00	359139.41	355480.02	358619.87	2699	3888	1
2024.08.05	12:40:00	358597.28	359930.02	354915.30	355705.91	2999	4492	1
2024.08.05	13:00:00	355502.61	360494.74	355050.84	358823.17	2948	4089	1
2024.08.05	13:20:00	358755.40	362731.03	356835.35	358145.50	3522	5434	1
2024.08.05	13:40:00	357987.38	359297.53	353740.69	354011.75	3167	4731	1
2024.08.05	14:00:00	354056.93	357129.01	351978.76	355615.56	4899	6915	1
2024.08.05	14:20:00	355615.56	357061.24	353559.97	353808.45	4306	5797	1
2024.08.05	14:40:00	353808.45	358687.63	353808.45	356632.05	4518	6114	1
2024.08.05	15:00:00	356677.23	357580.78	352701.60	353153.38	3438	4694	1
2024.08.05	15:20:00	353175.96	353221.14	349087.39	349268.10	4777	6389	1
2024.08.05	15:40:00	349245.51	350103.89	346331.56	347189.93	4911	6686	1
2024.08.05	16:00:00	347212.52	348725.97	342694.76	343824.20	5644	7853	1
2024.08.05	16:20:00	343914.55	349765.06	343282.07	347777.24	5358	7568	1
2024.08.05	16:40:00	347777.24	350352.36	343598.31	349313.28	5921	8306	1
2024.08.05	17:00:00	349335.87	354915.30	349268.10	349810.23	4818	7063	1
2024.08.05	17:20:00	349810.23	352136.88	349042.21	349539.17	3425	4926	1
2024.08.05	17:40:00	349516.58	354395.76	349426.22	354056.93	2300	3451	1
2024.08.05	18:00:00	354079.52	359726.72	353356.68	358552.10	1212	1518	1
2024.08.05	18:20:00	358439.16	358665.04	355615.56	356157.69	295	367	1
2024.08.06	09:00:00	359523.42	359636.36	356180.28	357580.78	2199	2568	1
2024.08.06	09:20:00	357603.37	357761.49	354192.46	355073.42	2743	3260	1
2024.08.06	09:40:00	355118.60	355141.19	352701.60	353334.09	4147	5073	1
2024.08.06	10:00:00	353288.91	353763.27	351888.40	352091.70	3721	4502	1
2024.08.06	10:20:00	352182.06	357377.48	350487.90	355751.09	7572	9539	1
2024.08.06	10:40:00	355728.50	356338.40	351391.45	355344.49	6900	8951	1
2024.08.06	11:00:00	355389.67	364289.66	355005.66	363476.46	8331	10857	1
2024.08.06	11:20:00	363634.58	364267.07	360449.56	362211.49	6907	9390	1
2024.08.06	11:40:00	362279.25	364583.31	361036.87	362008.19	4938	6718	1
2024.08.06	12:00:00	361917.83	363837.88	360630.27	361850.07	4248	5285	1
2024.08.06	12:20:00	361782.30	362550.32	358665.04	359771.90	3664	5071	1
2024.08.06	12:40:00	359771.90	362708.44	359252.35	362030.78	3637	4978	1
2024.08.06	13:00:00	362075.95	364244.48	360698.04	363499.05	3842	5120	1
2024.08.06	13:20:00	363521.64	364651.08	361533.82	362934.33	3387	4393	1
2024.08.06	13:40:00	362956.92	365825.70	362934.33	365193.21	3967	5604	1
2024.08.06	14:00:00	365238.39	366548.54	364560.72	365102.85	3249	4592	1
2024.08.06	14:20:00	365148.03	365825.70	363408.69	364199.30	3118	4305	1
2024.08.06	14:40:00	364131.54	365351.33	363205.39	363295.75	3081	4341	1
2024.08.06	15:00:00	363318.34	367068.08	362482.55	366006.41	4360	6118	1
2024.08.06	15:20:00	366051.58	366458.18	364696.26	365644.99	2883	4105	1
2024.08.06	15:40:00	365599.81	366819.60	364764.02	365283.56	2384	3048	1
2024.08.06	16:00:00	365351.33	365396.51	362324.43	363792.70	3648	5194	1
2024.08.06	16:20:00	363724.94	365916.05	363679.76	365735.34	2840	3646	1
2024.08.06	16:40:00	365825.70	366480.77	364560.72	365961.23	2970	3630	1
2024.08.06	17:00:00	366051.58	366345.24	362821.38	364538.13	3652	4994	1
2024.08.06	17:20:00	364515.55	365712.75	363273.16	365215.80	2086	2755	1
2024.08.06	17:40:00	365238.39	365532.04	362482.55	364402.60	1749	2440	1
2024.08.06	18:00:00	364380.01	364876.97	361556.41	363115.04	1091	1463	1
2024.08.06	18:20:00	363137.63	363476.46	361443.47	361872.65	265	379	1
2024.08.07	09:00:00	366028.99	367836.10	362911.74	366909.96	3282	3846	1
2024.08.07	09:20:00	367000.31	367339.15	364583.31	365441.69	4219	5098	1
2024.08.07	09:40:00	365328.74	367090.67	364199.30	366842.19	3327	4021	1
2024.08.07	10:00:00	366751.84	367565.03	363544.23	363883.06	4415	5194	1
2024.08.07	10:20:00	363815.29	367000.31	363702.35	365735.34	4260	5251	1
2024.08.07	10:40:00	365712.75	365780.52	361262.76	362256.66	6594	8394	1
2024.08.07	11:00:00	362234.08	363431.28	359749.31	359930.02	7069	9668	1
2024.08.07	11:20:00	359930.02	361782.30	356428.75	356428.75	6272	8367	1
2024.08.07	11:40:00	356519.11	360585.09	356089.92	358122.91	6363	8862	1
2024.08.07	12:00:00	358235.86	359817.07	356903.12	357490.43	5093	7135	1
2024.08.07	12:20:00	357467.84	358461.75	355841.44	356677.23	3220	4092	1
2024.08.07	12:40:00	356699.82	358235.86	355367.08	357241.95	3724	4888	1
2024.08.07	13:00:00	357151.59	358348.80	356383.58	357693.73	3482	4604	1
2024.08.07	13:20:00	357738.90	358981.29	357016.06	357580.78	2935	3945	1
2024.08.07	13:40:00	357648.55	358710.22	356473.93	358168.09	2573	3638	1
2024.08.07	14:00:00	358145.50	359365.30	353763.27	354260.23	4443	6448	1
2024.08.07	14:20:00	354260.23	356903.12	354215.05	356202.86	4050	5788	1
2024.08.07	14:40:00	356293.22	356745.00	354102.11	354824.95	2572	3416	1
2024.08.07	15:00:00	354847.54	355570.38	352566.07	352995.25	3943	5290	1
2024.08.07	15:20:00	353108.20	353718.10	349945.77	350646.02	4633	6693	1
2024.08.07	15:40:00	350623.43	351436.63	349787.64	350600.84	3142	4186	1
2024.08.07	16:00:00	350555.66	352814.54	350284.60	351865.81	3334	4477	1
2024.08.07	16:20:00	351865.81	352385.36	349923.18	350487.90	3246	4457	1
2024.08.07	16:40:00	350578.25	351820.64	349606.93	349990.94	3127	4015	1
2024.08.07	17:00:00	349945.77	352317.59	349561.76	351662.52	3159	4264	1
2024.08.07	17:20:00	351685.10	354011.75	351617.34	352159.47	2433	3021	1
2024.08.07	17:40:00	352069.11	353063.02	349787.64	352995.25	1708	2197	1
2024.08.07	18:00:00	352995.25	353672.92	350984.85	352317.59	797	930	1
2024.08.07	18:20:00	352091.70	352950.08	351639.93	351707.69	231	322	1
2024.08.08	09:00:00	366277.47	367768.33	365983.82	366932.55	2548	2989	1
2024.08.08	09:20:00	366932.55	374974.16	366480.77	373460.71	6615	8484	1
2024.08.08	09:40:00	373392.95	374296.50	370772.64	372150.56	4645	5639	1
2024.08.08	10:00:00	372127.97	372602.34	370072.39	371743.96	4408	5423	1
2024.08.08	10:20:00	371789.14	371811.73	367203.61	368446.00	5785	7162	1
2024.08.08	10:40:00	368400.82	368875.18	363205.39	366006.41	5452	6755	1
2024.08.08	11:00:00	365916.05	369530.26	365238.39	367994.22	4452	5673	1
2024.08.08	11:20:00	367994.22	373325.18	367519.86	372127.97	6169	8127	1
2024.08.08	11:40:00	372127.97	376758.68	371450.31	376103.60	5426	7517	1
2024.08.08	12:00:00	376013.25	378114.01	374793.45	375177.46	4903	6398	1
2024.08.08	12:20:00	375177.46	379175.68	375177.46	378317.30	4712	6677	1
2024.08.08	12:40:00	378294.72	379762.99	377120.10	378994.97	3825	5287	1
2024.08.08	13:00:00	379107.91	381615.27	378407.66	380124.41	5361	6912	1
2024.08.08	13:20:00	380034.05	380892.43	377639.64	378543.19	3341	4657	1
2024.08.08	13:40:00	378520.60	379333.80	377639.64	378791.67	2996	4021	1
2024.08.08	14:00:00	378927.20	379559.69	376984.57	379130.50	3890	5377	1
2024.08.08	14:20:00	379040.15	380689.13	377955.88	378272.13	3731	5259	1
2024.08.08	14:40:00	378317.30	379153.09	377820.35	378226.95	2621	3653	1
2024.08.08	15:00:00	378249.54	378656.14	377436.34	377933.30	2311	3486	1
2024.08.08	15:20:00	378023.65	378814.26	377255.63	377345.99	2682	4008	1
2024.08.08	15:40:00	377413.75	377481.52	376013.25	376126.19	2557	3540	1
2024.08.08	16:00:00	376126.19	379175.68	375787.36	378836.85	3275	4729	1
2024.08.08	16:20:00	378836.85	379627.46	377617.05	378656.14	2732	3674	1
2024.08.08	16:40:00	378656.14	379266.03	375922.89	377120.10	3192	4483	1
2024.08.08	17:00:00	377142.69	377481.52	376035.84	377278.22	2199	3080	1
2024.08.08	17:20:00	377345.99	378204.36	377029.74	377142.69	1317	1685	1
2024.08.08	17:40:00	377187.86	377323.40	375493.70	375990.66	1165	1605	1
2024.08.08	18:00:00	375990.66	377391.16	375809.95	376352.08	792	958	1
2024.08.08	18:20:00	376352.08	376374.67	375064.52	375742.18	299	369	1
2024.08.09	09:00:00	381073.14	383015.78	380779.48	382315.52	3701	4386	1
2024.08.09	09:20:00	382225.17	382225.17	378159.18	379695.22	4348	5065	1
2024.08.09	09:40:00	379762.99	380079.23	377707.41	379469.33	4033	5022	1
2024.08.09	10:00:00	379401.57	380531.01	376758.68	377481.52	5531	6858	1
2024.08.09	10:20:00	377458.93	378385.07	375087.11	376487.61	6615	8716	1
2024.08.09	10:40:00	376465.02	379830.75	375380.76	378949.79	5284	6853	1
2024.08.09	11:00:00	379040.15	383196.49	378769.08	379311.21	7154	9095	1
2024.08.09	11:20:00	379311.21	380034.05	372082.79	373618.83	7541	10359	1
2024.08.09	11:40:00	373573.66	378226.95	373505.89	376984.57	5281	7101	1
2024.08.09	12:00:00	377007.15	378791.67	376126.19	377775.17	4668	6021	1
2024.08.09	12:20:00	377842.94	378249.54	375200.05	375945.48	3130	4426	1
2024.08.09	12:40:00	375832.54	376103.60	374522.39	374657.92	2698	3344	1
2024.08.09	13:00:00	374703.10	376555.38	374319.09	376126.19	3123	4060	1
2024.08.09	13:20:00	376126.19	377571.87	374364.26	376916.80	4174	5596	1
2024.08.09	13:40:00	376961.98	378633.55	375855.13	378452.84	2889	3910	1
2024.08.09	14:00:00	378475.43	379717.81	377007.15	377888.12	3656	5206	1
2024.08.09	14:20:00	377888.12	380011.47	376939.39	379356.39	2943	4154	1
2024.08.09	14:40:00	379401.57	379604.87	376623.14	377120.10	2614	3444	1
2024.08.09	15:00:00	377120.10	378339.89	375990.66	376329.49	3682	5143	1
2024.08.09	15:20:00	376352.08	377368.58	375154.87	377233.04	3032	4114	1
2024.08.09	15:40:00	377142.69	377888.12	376419.85	377639.64	2227	2953	1
2024.08.09	16:00:00	377730.00	379808.17	376781.27	379491.92	2195	3018	1
2024.08.09	16:20:00	379424.16	380485.83	378836.85	380237.35	2127	2739	1
2024.08.09	16:40:00	380305.12	381027.96	378836.85	380463.24	3047	4153	1
2024.08.09	17:00:00	380508.42	382112.22	379898.52	381095.73	1868	2618	1
2024.08.09	17:20:00	381163.49	381683.04	379988.88	380395.47	1855	2456	1
2024.08.09	17:40:00	380372.89	380915.02	378949.79	380485.83	1791	2555	1
2024.08.09	18:00:00	380621.36	380689.13	375200.05	376261.72	1641	2195	1
2024.08.09	18:20:00	375855.13	377978.47	375380.76	377639.64	301	389	1
2024.08.12	09:00:00	374206.14	374816.04	371789.14	372489.39	2979	3706	1
2024.08.12	09:20:00	372534.57	374386.85	371653.61	372760.46	4086	5034	1
2024.08.12	09:40:00	372624.93	372783.05	370953.35	372376.45	3643	4395	1
2024.08.12	10:00:00	372399.04	372715.28	370659.70	370998.53	3795	4804	1
2024.08.12	10:20:00	371088.89	372308.68	368875.18	369259.19	5139	6473	1
2024.08.12	10:40:00	369236.61	369959.45	362392.20	363476.46	7739	9994	1
2024.08.12	11:00:00	363386.10	371427.72	361059.46	369462.49	8150	11232	1
2024.08.12	11:20:00	369439.90	376736.09	368852.60	376216.55	6580	8777	1
2024.08.12	11:40:00	376261.72	378136.59	374319.09	375809.95	4354	5820	1
2024.08.12	12:00:00	375809.95	377594.46	375312.99	377210.45	3443	4553	1
2024.08.12	12:20:00	377210.45	377504.11	370795.23	373167.06	5195	7465	1
2024.08.12	12:40:00	373212.23	377029.74	373212.23	376690.91	4407	6006	1
2024.08.12	13:00:00	376690.91	377797.76	373844.72	374093.20	3460	5253	1
2024.08.12	13:20:00	374138.38	374974.16	372828.23	374816.04	3463	5472	1
2024.08.12	13:40:00	374748.27	375087.11	371789.14	372218.33	3428	4795	1
2024.08.12	14:00:00	372150.56	374160.96	371811.73	374048.02	3593	4939	1
2024.08.12	14:20:00	374025.43	374770.86	372376.45	373641.42	3379	4636	1
2024.08.12	14:40:00	373618.83	373912.49	370908.18	371021.12	3623	5016	1
2024.08.12	15:00:00	371066.30	372195.74	370004.62	370750.06	4033	5349	1
2024.08.12	15:20:00	370682.29	370998.53	368807.42	369485.08	3374	4487	1
2024.08.12	15:40:00	369417.32	369778.74	364922.14	365464.27	4888	6775	1
2024.08.12	16:00:00	365486.86	370727.47	365464.27	370253.10	4520	6400	1
2024.08.12	16:20:00	370298.28	370659.70	368875.18	369304.37	3446	4819	1
2024.08.12	16:40:00	369372.14	369575.44	367474.68	368604.12	4169	6104	1
2024.08.12	17:00:00	368671.89	370366.05	368129.75	369891.68	2739	3754	1
2024.08.12	17:20:00	369823.91	370456.40	368513.76	369304.37	1956	2582	1
2024.08.12	17:40:00	369394.73	370591.93	366164.53	367135.85	2485	3348	1
2024.08.12	18:00:00	367361.73	368152.34	365419.10	366548.54	1201	1587	1
2024.08.12	18:20:00	366322.65	367881.28	365757.93	365757.93	377	496	1
2024.08.13	09:00:00	366797.01	367700.57	365577.22	366187.12	1901	2234	1
2024.08.13	09:20:00	366141.94	367700.57	365012.50	367022.90	4153	5132	1
2024.08.13	09:40:00	366887.37	368920.36	366322.65	368378.23	3619	4746	1
2024.08.13	10:00:00	368333.05	369168.84	367293.97	367881.28	3198	4295	1
2024.08.13	10:20:00	367790.92	369033.31	366593.72	368581.53	4682	6198	1
2024.08.13	10:40:00	368626.71	370750.06	367881.28	370298.28	4762	6326	1
2024.08.13	11:00:00	370230.51	371924.67	369394.73	371247.01	4588	5916	1
2024.08.13	11:20:00	371247.01	371405.13	367768.33	369326.96	5377	7309	1
2024.08.13	11:40:00	369326.96	372195.74	369101.07	371563.25	4078	5399	1
2024.08.13	12:00:00	371608.43	372195.74	369846.50	370140.16	4400	6125	1
2024.08.13	12:20:00	370117.57	371292.19	369914.27	370433.81	2342	3172	1
2024.08.13	12:40:00	370433.81	370975.94	370004.62	370546.76	1524	2140	1
2024.08.13	13:00:00	370501.58	373799.54	370230.51	373573.66	3319	4483	1
2024.08.13	13:20:00	373641.42	377007.15	373054.11	376623.14	4832	6450	1
2024.08.13	13:40:00	376623.14	380327.71	376397.26	380011.47	6298	8706	1
2024.08.13	14:00:00	380011.47	382428.47	379107.91	381276.44	5411	7445	1
2024.08.13	14:20:00	381208.67	381637.86	379717.81	380802.07	3447	4633	1
2024.08.13	14:40:00	380802.07	382089.64	378046.24	379695.22	5435	7737	1
2024.08.13	15:00:00	379717.81	379966.29	377571.87	378068.83	3750	5405	1
2024.08.13	15:20:00	378091.42	378588.37	377074.92	378407.66	2844	3778	1
2024.08.13	15:40:00	378498.02	378769.08	376668.32	377007.15	3056	4352	1
2024.08.13	16:00:00	376916.80	377097.51	374364.26	374861.22	4109	5818	1
2024.08.13	16:20:00	374906.40	377842.94	373121.88	376081.01	5735	8058	1
2024.08.13	16:40:00	376035.84	377594.46	375629.24	376397.26	2927	3874	1
2024.08.13	17:00:00	376374.67	377549.29	375674.41	375742.18	2144	2884	1
2024.08.13	17:20:00	375719.59	376555.38	375019.34	375809.95	1814	2384	1
2024.08.13	17:40:00	375719.59	376329.49	374906.40	375335.58	807	1082	1
2024.08.13	18:00:00	375335.58	377097.51	374816.04	375945.48	837	1031	1
2024.08.13	18:20:00	375945.48	377797.76	375516.29	377323.40	203	261	1
2024.08.14	09:00:00	378430.25	379762.99	378204.36	379650.04	2104	2441	1
2024.08.14	09:20:00	379672.63	381795.98	376465.02	379333.80	6512	7839	1
2024.08.14	09:40:00	379378.98	380282.53	375358.17	377345.99	6607	7731	1
2024.08.14	10:00:00	377345.99	378430.25	375087.11	376736.09	5341	6847	1
2024.08.14	10:20:00	376736.09	377504.11	374183.55	374567.56	5094	6788	1
2024.08.14	10:40:00	374544.97	374635.33	368039.40	368604.12	8410	11162	1
2024.08.14	11:00:00	368671.89	368671.89	363340.93	365215.80	7553	10033	1
2024.08.14	11:20:00	365328.74	367474.68	363770.11	365825.70	6107	8194	1
2024.08.14	11:40:00	365870.87	367542.44	365780.52	367226.20	3462	4722	1
2024.08.14	12:00:00	367248.79	368016.81	365464.27	367158.44	4363	6456	1
2024.08.14	12:20:00	367158.44	367361.73	363883.06	366232.29	4509	6183	1
2024.08.14	12:40:00	366345.24	370117.57	366051.58	368129.75	5635	7978	1
2024.08.14	13:00:00	368174.93	368513.76	366390.42	366480.77	3567	5008	1
2024.08.14	13:20:00	366480.77	367271.38	365554.63	366955.14	2936	3961	1
2024.08.14	13:40:00	367022.90	367949.04	364312.25	367293.97	3902	5650	1
2024.08.14	14:00:00	367203.61	368942.95	366819.60	368513.76	3113	4348	1
2024.08.14	14:20:00	368423.41	368558.94	366887.37	367203.61	2089	2749	1
2024.08.14	14:40:00	367181.02	368197.52	366819.60	367384.32	1473	1898	1
2024.08.14	15:00:00	367293.97	368152.34	366751.84	367723.16	1737	2191	1
2024.08.14	15:20:00	367587.62	369304.37	366706.66	366909.96	2942	3984	1
2024.08.14	15:40:00	366955.14	367113.26	365464.27	365961.23	2588	3592	1
2024.08.14	16:00:00	365961.23	367158.44	364402.60	365148.03	3412	4750	1
2024.08.14	16:20:00	365102.85	366390.42	365080.27	366074.17	2087	2783	1
2024.08.14	16:40:00	366096.76	366435.59	365148.03	365396.51	1903	2613	1
2024.08.14	17:00:00	365373.92	367158.44	365373.92	366977.72	1482	2106	1
2024.08.14	17:20:00	366955.14	367113.26	365916.05	366345.24	1061	1490	1
2024.08.14	17:40:00	366345.24	367203.61	366164.53	366819.60	896	1298	1
2024.08.14	18:00:00	366842.19	367203.61	364899.55	365328.74	812	1155	1
2024.08.14	18:20:00	365373.92	365780.52	364696.26	364786.61	248	333	1
2024.08.15	09:00:00	364176.71	365306.15	362437.37	363747.53	2379	2894	1
2024.08.15	09:20:00	363747.53	368717.06	363092.45	368468.59	5358	6517	1
2024.08.15	09:40:00	368446.00	369259.19	364018.59	364651.08	6996	8406	1
2024.08.15	10:00:00	364741.43	367361.73	363431.28	367000.31	6261	7963	1
2024.08.15	10:20:00	366932.55	369349.55	366141.94	368671.89	5448	7037	1
2024.08.15	10:40:00	368762.24	369349.55	365644.99	368084.58	5793	7795	1
2024.08.15	11:00:00	368061.99	369891.68	367632.80	367768.33	5393	7326	1
2024.08.15	11:20:00	367745.74	369620.61	366977.72	369485.08	3725	4813	1
2024.08.15	11:40:00	369485.08	371134.06	368671.89	369214.02	4082	5238	1
2024.08.15	12:00:00	369236.61	369823.91	367745.74	369552.85	4214	5704	1
2024.08.15	12:20:00	369530.26	370659.70	368061.99	368310.46	3127	4126	1
2024.08.15	12:40:00	368310.46	370343.46	368152.34	370004.62	2306	3135	1
2024.08.15	13:00:00	369959.45	370546.76	368988.13	370298.28	2574	3306	1
2024.08.15	13:20:00	370320.87	371382.54	369756.15	370433.81	3471	4775	1
2024.08.15	13:40:00	370478.99	370682.29	368694.47	369439.90	2630	3446	1
2024.08.15	14:00:00	369439.90	369665.79	367632.80	367677.98	2865	3747	1
2024.08.15	14:20:00	367632.80	369643.20	367497.27	369214.02	4063	5430	1
2024.08.15	14:40:00	369236.61	369688.38	365509.45	366345.24	4139	5594	1
2024.08.15	15:00:00	366322.65	366322.65	358710.22	358958.70	9791	13869	1
2024.08.15	15:20:00	358981.29	361353.11	358506.92	359749.31	5143	6777	1
2024.08.15	15:40:00	359658.95	360991.69	358913.52	359952.61	3493	4909	1
2024.08.15	16:00:00	359884.84	360539.92	354892.71	356360.99	7147	10015	1
2024.08.15	16:20:00	356406.16	356677.23	352543.48	354666.83	6604	9096	1
2024.08.15	16:40:00	354689.41	356315.81	353198.55	354712.00	4685	6616	1
2024.08.15	17:00:00	354689.41	355434.85	353153.38	354305.41	2592	3304	1
2024.08.15	17:20:00	354350.58	354576.47	353243.73	353514.80	1259	1622	1
2024.08.15	17:40:00	353605.15	354237.64	348997.04	352430.53	2308	2927	1
2024.08.15	18:00:00	352453.12	354305.41	351798.05	353582.56	1422	1826	1
2024.08.15	18:20:00	353605.15	354305.41	352520.89	353989.16	324	430	1
2024.08.16	09:00:00	363227.98	364063.77	360562.50	360698.04	2968	3492	1
2024.08.16	09:20:00	360652.86	361262.76	357016.06	357332.31	4920	6098	1
2024.08.16	09:40:00	357354.89	358981.29	356135.10	357558.19	5094	6434	1
2024.08.16	10:00:00	357580.78	364357.42	356970.88	362979.51	6433	8441	1
2024.08.16	10:20:00	362956.92	364244.48	361036.87	362618.09	6079	7886	1
2024.08.16	10:40:00	362618.09	363295.75	357648.55	361285.35	6349	8596	1
2024.08.16	11:00:00	361240.17	362640.67	359207.18	362301.84	5313	7435	1
2024.08.16	11:20:00	362369.61	362527.73	360110.73	362053.37	4144	5805	1
2024.08.16	11:40:00	362075.95	362776.21	359658.95	360833.57	3874	5219	1
2024.08.16	12:00:00	360720.63	361895.24	360155.91	361240.17	2391	3187	1
2024.08.16	12:20:00	361127.22	361172.40	358281.03	359862.25	2990	4043	1
2024.08.16	12:40:00	359862.25	361488.65	359207.18	360878.75	2964	3915	1
2024.08.16	13:00:00	360856.16	362911.74	360336.62	361895.24	2886	3978	1
2024.08.16	13:20:00	361985.60	364425.19	361601.59	362301.84	3948	5333	1
2024.08.16	13:40:00	362234.08	363837.88	361420.88	363566.82	2762	3757	1
2024.08.16	14:00:00	363521.64	364876.97	362324.43	364018.59	3292	4401	1
2024.08.16	14:20:00	364108.95	366932.55	363047.27	365306.15	3643	4781	1
2024.08.16	14:40:00	365328.74	368558.94	364944.73	367858.69	3308	4407	1
2024.08.16	15:00:00	367881.28	369733.56	367248.79	368671.89	4072	5570	1
2024.08.16	15:20:00	368807.42	370207.92	368265.29	369778.74	3442	4781	1
2024.08.16	15:40:00	369688.38	370094.98	368129.75	369281.78	2910	4267	1
2024.08.16	16:00:00	369349.55	370975.94	369101.07	370750.06	3235	4602	1
2024.08.16	16:20:00	370817.82	371585.84	370162.75	371359.95	2827	3925	1
2024.08.16	16:40:00	371269.60	371472.90	369936.86	370456.40	2617	3622	1
2024.08.16	17:00:00	370388.63	370682.29	368649.30	368942.95	1751	2493	1
2024.08.16	17:20:00	368875.18	369733.56	368558.94	368875.18	1618	2315	1
2024.08.16	17:40:00	368762.24	369801.33	367519.86	368897.77	2023	2891	1
2024.08.16	18:00:00	368717.06	369710.97	367632.80	368129.75	827	1113	1
2024.08.16	18:20:00	367949.04	368129.75	366503.36	367293.97	383	565	1
2024.08.19	09:00:00	363905.65	363905.65	360562.50	361217.58	1993	2599	1
2024.08.19	09:20:00	361307.93	362550.32	360991.69	361850.07	2536	3266	1
2024.08.19	09:40:00	361940.42	362437.37	360765.80	361375.70	2105	2621	1
2024.08.19	10:00:00	361398.29	363386.10	360969.10	363002.10	3275	4198	1
2024.08.19	10:20:00	363069.86	364063.77	361082.05	361262.76	5697	7509	1
2024.08.19	10:40:00	361307.93	361963.01	357671.14	358190.68	6342	8483	1
2024.08.19	11:00:00	358235.86	360449.56	357377.48	358055.15	6325	8636	1
2024.08.19	11:20:00	358122.91	359026.47	357354.89	357964.79	3829	5230	1
2024.08.19	11:40:00	357987.38	359726.72	357874.44	359636.36	2587	3444	1
2024.08.19	12:00:00	359636.36	360720.63	359026.47	359433.06	3213	4313	1
2024.08.19	12:20:00	359455.65	360878.75	359433.06	360675.45	2336	3299	1
2024.08.19	12:40:00	360698.04	360698.04	358777.99	358800.58	2497	3845	1
2024.08.19	13:00:00	358845.75	359704.13	358439.16	359478.24	2884	4663	1
2024.08.19	13:20:00	359455.65	360088.14	358213.27	358755.40	2566	3567	1
2024.08.19	13:40:00	358777.99	359907.43	358326.21	359749.31	2123	3019	1
2024.08.19	14:00:00	359726.72	359862.25	358145.50	358732.81	2332	3342	1
2024.08.19	14:20:00	358732.81	362956.92	358642.46	361624.18	4650	6764	1
2024.08.19	14:40:00	361669.36	361759.71	359387.89	360585.09	3905	5420	1
2024.08.19	15:00:00	360585.09	360675.45	358823.17	359839.66	3017	4422	1
2024.08.19	15:20:00	359771.90	361917.83	359387.89	361737.12	3577	5537	1
2024.08.19	15:40:00	361737.12	362663.26	361375.70	361601.59	2593	3717	1
2024.08.19	16:00:00	361579.00	362414.79	360878.75	361330.52	2609	3854	1
2024.08.19	16:20:00	361330.52	362595.50	361104.64	361601.59	2554	3570	1
2024.08.19	16:40:00	361624.18	362889.15	360923.93	361872.65	3056	4209	1
2024.08.19	17:00:00	361850.07	362527.73	361330.52	362211.49	1618	2247	1
2024.08.19	17:20:00	362301.84	363499.05	362234.08	363069.86	1499	1942	1
2024.08.19	17:40:00	363069.86	364199.30	362392.20	362663.26	1316	1763	1
2024.08.19	18:00:00	362618.09	362956.92	361579.00	362121.13	827	1076	1
2024.08.19	18:20:00	362211.49	363024.68	361917.83	362279.25	175	263	1
2024.08.20	09:00:00	372331.27	376013.25	372331.27	375177.46	3061	3914	1
2024.08.20	09:20:00	374996.75	375651.83	374454.62	375019.34	1843	2189	1
2024.08.20	09:40:00	374996.75	375606.65	373776.96	374635.33	2648	3273	1
2024.08.20	10:00:00	374567.56	375538.88	372511.98	372873.40	4021	4940	1
2024.08.20	10:20:00	372873.40	374974.16	372647.51	373076.70	4722	5923	1
2024.08.20	10:40:00	373008.94	376306.90	372873.40	375380.76	6516	8423	1
2024.08.20	11:00:00	375380.76	375606.65	371021.12	371314.78	6801	9010	1
2024.08.20	11:20:00	371359.95	371947.26	369349.55	369959.45	5928	7776	1
2024.08.20	11:40:00	369959.45	370501.58	367677.98	367858.69	4351	5754	1
2024.08.20	12:00:00	367903.87	368016.81	363589.40	366209.71	6865	9091	1
2024.08.20	12:20:00	366096.76	366774.43	365080.27	366254.88	2837	3726	1
2024.08.20	12:40:00	366232.29	366367.83	363905.65	364741.43	3141	4181	1
2024.08.20	13:00:00	364741.43	365983.82	363205.39	365035.09	3596	5082	1
2024.08.20	13:20:00	365035.09	366028.99	364831.79	365035.09	1569	2081	1
2024.08.20	13:40:00	365057.68	365170.62	364108.95	364944.73	2026	2577	1
2024.08.20	14:00:00	364876.97	365577.22	364176.71	365148.03	1759	2326	1
2024.08.20	14:20:00	365148.03	365938.64	364831.79	365735.34	1467	2116	1
2024.08.20	14:40:00	365735.34	367181.02	365102.85	366887.37	2516	3623	1
2024.08.20	15:00:00	366955.14	368830.01	366616.30	368333.05	3036	4467	1
2024.08.20	15:20:00	368400.82	369168.84	367971.63	368468.59	1866	2407	1
2024.08.20	15:40:00	368536.35	369869.09	367271.38	367677.98	3145	4494	1
2024.08.20	16:00:00	367655.39	368152.34	366751.84	367271.38	2348	3168	1
2024.08.20	16:20:00	367271.38	368400.82	367271.38	368016.81	2079	2830	1
2024.08.20	16:40:00	368039.40	370117.57	367949.04	369914.27	2907	4272	1
2024.08.20	17:00:00	369846.50	370614.52	368920.36	369598.03	2623	4426	1
2024.08.20	17:20:00	369530.26	370140.16	368807.42	369214.02	2298	3561	1
2024.08.20	17:40:00	369191.43	369236.61	367632.80	368084.58	1603	2505	1
2024.08.20	18:00:00	367994.22	368423.41	365690.16	366819.60	1302	1601	1
2024.08.20	18:20:00	366729.25	366909.96	365757.93	366390.42	261	346	1
2024.08.21	09:00:00	368287.88	368671.89	367293.97	368378.23	1885	2197	1
2024.08.21	09:20:00	368446.00	369462.49	367587.62	369078.48	3469	4121	1
2024.08.21	09:40:00	369055.89	370253.10	368920.36	369033.31	3629	4281	1
2024.08.21	10:00:00	369055.89	369756.15	368197.52	369326.96	3720	4638	1
2024.08.21	10:20:00	369349.55	369462.49	365961.23	366842.19	6089	7693	1
2024.08.21	10:40:00	366797.01	372511.98	364402.60	371292.19	8298	11124	1
2024.08.21	11:00:00	371405.13	374002.84	367068.08	368536.35	8857	12182	1
2024.08.21	11:20:00	368626.71	371134.06	368310.46	371043.71	4707	6543	1
2024.08.21	11:40:00	371066.30	371472.90	367361.73	368491.17	4693	6491	1
2024.08.21	12:00:00	368423.41	370072.39	367361.73	369439.90	2928	3875	1
2024.08.21	12:20:00	369349.55	370027.21	368265.29	369959.45	1830	2459	1
2024.08.21	12:40:00	369959.45	370614.52	368897.77	368965.54	2200	2915	1
2024.08.21	13:00:00	369033.31	369665.79	367881.28	369530.26	2617	3535	1
2024.08.21	13:20:00	369530.26	371111.48	369168.84	370885.59	1708	2385	1
2024.08.21	13:40:00	370953.35	372941.17	370750.06	372670.10	2957	3973	1
2024.08.21	14:00:00	372602.34	373415.53	371811.73	373392.95	2205	3067	1
2024.08.21	14:20:00	373325.18	374386.85	372579.75	373257.41	2574	3638	1
2024.08.21	14:40:00	373212.23	374183.55	373212.23	373528.48	1995	2851	1
2024.08.21	15:00:00	373505.89	373935.08	372783.05	373709.19	2423	3098	1
2024.08.21	15:20:00	373709.19	377120.10	373505.89	375471.12	5957	8154	1
2024.08.21	15:40:00	375538.88	377797.76	374838.63	377165.28	3521	4671	1
2024.08.21	16:00:00	377074.92	379401.57	375922.89	377323.40	5303	7404	1
2024.08.21	16:20:00	377300.81	381253.85	376894.21	381208.67	4589	6325	1
2024.08.21	16:40:00	381163.49	382699.53	379875.93	382451.06	4801	6842	1
2024.08.21	17:00:00	382496.23	384009.68	381231.26	382360.70	4566	6299	1
2024.08.21	17:20:00	382383.29	382631.77	380237.35	380576.19	1875	2484	1
2024.08.21	17:40:00	380598.77	381299.03	378678.73	380869.84	1731	2191	1
2024.08.21	18:00:00	380915.02	381524.92	378723.90	379401.57	1225	1619	1
2024.08.21	18:20:00	379401.57	381728.21	379401.57	381050.55	430	525	1
2024.08.22	09:00:00	380892.43	384077.45	380892.43	382360.70	3435	4164	1
2024.08.22	09:20:00	382405.88	384325.93	380598.77	381637.86	5232	6642	1
2024.08.22	09:40:00	381683.04	382315.52	380124.41	382247.76	4490	6020	1
2024.08.22	10:00:00	382315.52	383196.49	381050.55	382970.60	4964	6276	1
2024.08.22	10:20:00	382993.19	383128.72	380734.31	381140.91	5183	6617	1
2024.08.22	10:40:00	381231.26	382473.64	378701.31	381976.69	6282	8347	1
2024.08.22	11:00:00	381908.92	382112.22	379853.34	380869.84	4596	6315	1
2024.08.22	11:20:00	380915.02	382202.58	379717.81	381140.91	3355	4523	1
2024.08.22	11:40:00	381140.91	381524.92	379559.69	380463.24	2470	3368	1
2024.08.22	12:00:00	380463.24	382857.65	380463.24	381683.04	3068	4236	1
2024.08.22	12:20:00	381750.80	381773.39	379785.58	379921.11	3496	4691	1
2024.08.22	12:40:00	379898.52	380960.20	378610.96	380756.90	3495	4692	1
2024.08.22	13:00:00	380666.54	381479.74	380305.12	381366.79	2500	3465	1
2024.08.22	13:20:00	381411.97	382202.58	381073.14	381705.63	2294	3177	1
2024.08.22	13:40:00	381750.80	382225.17	380237.35	380372.89	2477	3293	1
2024.08.22	14:00:00	380440.65	381479.74	379650.04	381140.91	2750	3672	1
2024.08.22	14:20:00	381140.91	381344.20	379785.58	380643.95	2138	2784	1
2024.08.22	14:40:00	380621.36	380756.90	378927.20	379988.88	2252	3085	1
2024.08.22	15:00:00	379853.34	381728.21	379808.17	381728.21	2573	3476	1
2024.08.22	15:20:00	381637.86	383309.43	381637.86	383083.54	2839	3976	1
2024.08.22	15:40:00	382993.19	383399.79	381502.33	381976.69	2683	3745	1
2024.08.22	16:00:00	381954.10	382496.23	380937.61	381208.67	2046	2723	1
2024.08.22	16:20:00	381231.26	382089.64	380395.47	381592.68	2254	2939	1
2024.08.22	16:40:00	381524.92	382247.76	380960.20	381615.27	2205	3101	1
2024.08.22	17:00:00	381615.27	382405.88	381027.96	381208.67	1887	2792	1
2024.08.22	17:20:00	381276.44	381773.39	380937.61	381479.74	846	1264	1
2024.08.22	17:40:00	381502.33	383716.03	381389.38	383467.55	1006	1407	1
2024.08.22	18:00:00	383467.55	383828.97	382451.06	382654.36	679	821	1
2024.08.22	18:20:00	382541.41	384506.64	382405.88	384280.75	336	489	1
2024.08.23	09:00:00	383874.15	384461.46	383106.13	383580.50	2127	2647	1
2024.08.23	09:20:00	383580.50	384845.47	383196.49	384777.70	2321	2744	1
2024.08.23	09:40:00	384777.70	385771.61	384212.98	385252.07	3452	3929	1
2024.08.23	10:00:00	385252.07	385523.13	383648.26	383987.09	2735	3299	1
2024.08.23	10:20:00	383987.09	384868.06	382722.12	383738.62	3431	4172	1
2024.08.23	10:40:00	383783.80	385071.36	383264.25	384393.69	2495	3142	1
2024.08.23	11:00:00	384393.69	390221.61	383874.15	384574.40	11401	14314	1
2024.08.23	11:20:00	384529.23	386607.40	383806.38	385003.59	5343	6880	1
2024.08.23	11:40:00	384913.24	384958.41	378836.85	379808.17	6039	8255	1
2024.08.23	12:00:00	379627.46	382564.00	379175.68	381954.10	4484	5958	1
2024.08.23	12:20:00	381954.10	384461.46	381637.86	384348.52	2579	3390	1
2024.08.23	12:40:00	384371.10	385003.59	383332.02	383964.51	3251	4378	1
2024.08.23	13:00:00	383964.51	384077.45	382338.11	383354.61	3393	4574	1
2024.08.23	13:20:00	383354.61	384100.04	381999.28	383648.26	2254	3084	1
2024.08.23	13:40:00	383490.14	384348.52	382157.40	383987.09	2789	3744	1
2024.08.23	14:00:00	384009.68	385636.08	383399.79	385477.96	2233	2778	1
2024.08.23	14:20:00	385523.13	386494.45	384709.94	386336.33	2105	2595	1
2024.08.23	14:40:00	386404.10	392277.19	385974.91	392028.71	5583	7155	1
2024.08.23	15:00:00	392028.71	393835.81	389927.95	392638.61	6074	7899	1
2024.08.23	15:20:00	392638.61	394106.88	391125.16	393429.22	4408	5702	1
2024.08.23	15:40:00	393361.45	394084.29	392028.71	392164.24	2352	3049	1
2024.08.23	16:00:00	392254.60	394897.49	391147.75	394490.89	3705	4712	1
2024.08.23	16:20:00	394490.89	395846.22	393790.64	395010.43	4184	5561	1
2024.08.23	16:40:00	394987.84	395868.81	393971.35	394965.25	3634	4630	1
2024.08.23	17:00:00	394965.25	396410.94	394603.83	395417.03	2216	2942	1
2024.08.23	17:20:00	395439.62	396297.99	394920.08	395778.45	1465	1868	1
2024.08.23	17:40:00	395801.04	396049.52	395213.73	395778.45	795	1017	1
2024.08.23	18:00:00	395620.33	397743.68	395394.44	397562.97	812	966	1
2024.08.23	18:20:00	397743.68	403390.88	397675.91	398850.53	718	893	1
2024.08.26	09:00:00	396004.34	398669.82	395959.16	396388.35	1773	2303	1
2024.08.26	09:20:00	396388.35	396704.59	394174.65	394874.90	3049	3838	1
2024.08.26	09:40:00	394874.90	395281.50	393180.74	395010.43	4184	5601	1
2024.08.26	10:00:00	394897.49	397472.61	394536.07	397291.90	3840	5158	1
2024.08.26	10:20:00	397337.08	397675.91	395304.09	395462.21	5626	7630	1
2024.08.26	10:40:00	395484.80	396139.87	393542.16	395597.74	5059	7136	1
2024.08.26	11:00:00	395620.33	396794.95	392503.07	392751.55	5627	8454	1
2024.08.26	11:20:00	392796.73	395304.09	392051.30	392254.60	5372	7692	1
2024.08.26	11:40:00	392254.60	394852.31	392119.06	394671.60	3583	5439	1
2024.08.26	12:00:00	394671.60	394784.54	392819.32	393926.17	3034	4389	1
2024.08.26	12:20:00	393903.58	394829.72	393496.98	394694.19	2173	3968	1
2024.08.26	12:40:00	394649.01	396094.69	394287.59	395394.44	2518	3582	1
2024.08.26	13:00:00	395349.26	396162.46	394377.95	395145.96	2752	4036	1
2024.08.26	13:20:00	395123.38	396546.47	394920.08	396230.23	1995	3176	1
2024.08.26	13:40:00	396230.23	396704.59	394807.13	395959.16	2376	3721	1
2024.08.26	14:00:00	395913.98	395959.16	394039.11	394423.12	2714	4318	1
2024.08.26	14:20:00	394400.53	396252.82	393835.81	393971.35	3717	5938	1
2024.08.26	14:40:00	393948.76	394265.00	392299.78	393180.74	4124	7891	1
2024.08.26	15:00:00	393180.74	394106.88	391441.40	391960.94	3943	6274	1
2024.08.26	15:20:00	391983.53	395417.03	391983.53	395055.61	3472	5686	1
2024.08.26	15:40:00	395145.96	395597.74	394310.18	394965.25	1739	2507	1
2024.08.26	16:00:00	394942.67	395417.03	393564.75	393971.35	2798	4430	1
2024.08.26	16:20:00	394061.70	394987.84	393451.80	393722.87	2162	3378	1
2024.08.26	16:40:00	393768.05	393835.81	392661.20	393451.80	2197	3431	1
2024.08.26	17:00:00	393451.80	394445.71	393000.03	393745.46	2087	3273	1
2024.08.26	17:20:00	393745.46	394852.31	393700.28	394807.13	993	1399	1
2024.08.26	17:40:00	394761.95	395507.39	393813.23	394219.82	1426	1992	1
2024.08.26	18:00:00	394174.65	394377.95	392232.01	392412.72	875	1084	1
2024.08.26	18:20:00	392435.31	392796.73	390583.03	391305.87	283	355	1
2024.08.27	09:00:00	387081.76	388821.10	385839.38	388188.61	2850	3651	1
2024.08.27	09:20:00	388120.85	388708.16	386833.28	388301.56	3245	4438	1
2024.08.27	09:40:00	388324.15	388482.27	386223.39	387375.42	3065	4290	1
2024.08.27	10:00:00	387443.18	387849.78	386381.51	386991.41	2976	4213	1
2024.08.27	10:20:00	387036.58	388437.09	385613.49	385839.38	4011	5768	1
2024.08.27	10:40:00	385884.55	388075.67	385545.72	386629.99	3855	5681	1
2024.08.27	11:00:00	386629.99	386968.82	383625.67	384348.52	5556	7958	1
2024.08.27	11:20:00	384325.93	385681.26	383693.44	385206.89	3368	5188	1
2024.08.27	11:40:00	385206.89	385613.49	384054.86	384280.75	2289	3681	1
2024.08.27	12:00:00	384235.57	384755.11	383015.78	384054.86	2814	4323	1
2024.08.27	12:20:00	384054.86	384167.81	382473.64	383851.56	2536	3809	1
2024.08.27	12:40:00	383874.15	384574.40	383173.90	383919.33	1872	2846	1
2024.08.27	13:00:00	383941.92	385658.67	382812.48	385636.08	2662	4082	1
2024.08.27	13:20:00	385613.49	386065.26	383716.03	384145.22	2802	4085	1
2024.08.27	13:40:00	384077.45	384122.63	382541.41	382835.07	2629	3813	1
2024.08.27	14:00:00	382880.24	383693.44	382564.00	383377.20	1836	2867	1
2024.08.27	14:20:00	383399.79	385365.01	383286.84	384325.93	2976	4511	1
2024.08.27	14:40:00	384325.93	385613.49	383987.09	384981.00	1980	2983	1
2024.08.27	15:00:00	384958.41	386517.04	384596.99	386517.04	2263	3458	1
2024.08.27	15:20:00	386517.04	386562.22	384596.99	385884.55	2769	4164	1
2024.08.27	15:40:00	385884.55	386404.10	385658.67	386065.26	1811	2814	1
2024.08.27	16:00:00	386110.44	387013.99	385026.18	386268.56	3867	6499	1
2024.08.27	16:20:00	386245.98	386675.16	385545.72	385816.79	1879	3304	1
2024.08.27	16:40:00	385771.61	386675.16	384777.70	386449.27	2441	3937	1
2024.08.27	17:00:00	386426.69	386426.69	385161.71	386358.92	1358	1970	1
2024.08.27	17:20:00	386358.92	386539.63	385432.78	386155.62	1336	2072	1
2024.08.27	17:40:00	386087.85	386223.39	384755.11	385161.71	936	1391	1
2024.08.27	18:00:00	385139.12	385726.43	381027.96	381908.92	1500	1966	1
2024.08.27	18:20:00	381908.92	383332.02	381683.04	381773.39	150	193	1
2024.08.28	09:00:00	374296.50	376284.31	368061.99	375222.64	2756	3544	1
2024.08.28	09:20:00	375222.64	376623.14	374725.68	376081.01	2365	3283	1
2024.08.28	09:40:00	376103.60	376600.56	374996.75	375380.76	2559	3400	1
2024.08.28	10:00:00	375312.99	375335.58	373935.08	374883.81	3172	4409	1
2024.08.28	10:20:00	374816.04	375471.12	373483.30	373822.13	3854	5476	1
2024.08.28	10:40:00	373799.54	375290.40	370727.47	370930.77	4724	6941	1
2024.08.28	11:00:00	370908.18	374680.51	369959.45	373731.78	5208	7408	1
2024.08.28	11:20:00	373776.96	374590.15	370614.52	371088.89	4193	6656	1
2024.08.28	11:40:00	371134.06	371337.36	368107.17	369688.38	4472	6876	1
2024.08.28	12:00:00	369552.85	369575.44	366458.18	366887.37	4540	7105	1
2024.08.28	12:20:00	366751.84	368400.82	365690.16	367858.69	4027	6221	1
2024.08.28	12:40:00	367745.74	369507.67	367022.90	369078.48	2790	4536	1
2024.08.28	13:00:00	369033.31	369055.89	364515.55	364809.20	4857	8200	1
2024.08.28	13:20:00	364718.84	366571.13	362911.74	366209.71	5237	8130	1
2024.08.28	13:40:00	366164.53	370704.88	366051.58	370569.34	4038	6193	1
2024.08.28	14:00:00	370591.93	371269.60	368513.76	369101.07	4514	7192	1
2024.08.28	14:20:00	369055.89	369372.14	367677.98	368739.65	3297	5040	1
2024.08.28	14:40:00	368717.06	370162.75	367090.67	367181.02	3094	4941	1
2024.08.28	15:00:00	367293.97	368965.54	366797.01	368491.17	3084	4923	1
2024.08.28	15:20:00	368468.59	369891.68	368468.59	369349.55	2372	3864	1
2024.08.28	15:40:00	369349.55	373144.47	368694.47	372895.99	3962	6542	1
2024.08.28	16:00:00	372873.40	374883.81	371156.65	371834.32	4642	7122	1
2024.08.28	16:20:00	371789.14	372850.81	370930.77	371947.26	2742	4251	1
2024.08.28	16:40:00	371879.50	372218.33	368897.77	369756.15	2861	4363	1
2024.08.28	17:00:00	369756.15	372692.69	369439.90	372579.75	2308	3367	1
2024.08.28	17:20:00	372511.98	374002.84	368197.52	372805.64	3979	5339	1
2024.08.28	17:40:00	372692.69	374002.84	370637.11	372963.76	1315	1648	1
2024.08.28	18:00:00	372895.99	373505.89	371337.36	372082.79	764	993	1
2024.08.28	18:20:00	372195.74	373686.60	371540.66	372489.39	141	187	1
2024.08.29	09:00:00	377571.87	379040.15	375403.35	378498.02	3850	4978	1
2024.08.29	09:20:00	378565.78	380372.89	378294.72	379943.70	3468	4811	1
2024.08.29	09:40:00	380011.47	381863.75	379830.75	381795.98	3582	4824	1
2024.08.29	10:00:00	381750.80	383783.80	381660.45	383128.72	3712	5315	1
2024.08.29	10:20:00	383128.72	385297.25	383038.37	383738.62	3776	5783	1
2024.08.29	10:40:00	383896.74	386652.57	383038.37	386178.21	5383	8004	1
2024.08.29	11:00:00	386268.56	387691.66	385590.90	386155.62	4315	6479	1
2024.08.29	11:20:00	386336.33	388482.27	385432.78	388030.49	3484	5128	1
2024.08.29	11:40:00	387962.72	388527.44	386765.52	387307.65	2466	3674	1
2024.08.29	12:00:00	387239.88	389611.71	387104.35	388346.73	4048	6131	1
2024.08.29	12:20:00	388391.91	389950.54	387985.31	388708.16	3056	4780	1
2024.08.29	12:40:00	388798.51	388843.69	386788.11	386991.41	3507	5703	1
2024.08.29	13:00:00	387036.58	388527.44	386426.69	387081.76	3290	5112	1
2024.08.29	13:20:00	387104.35	387149.53	385252.07	385861.97	2945	4601	1
2024.08.29	13:40:00	385839.38	386223.39	383444.96	383693.44	3452	5336	1
2024.08.29	14:00:00	383716.03	384438.87	382744.71	383625.67	3323	5081	1
2024.08.29	14:20:00	383625.67	384890.65	383422.37	384438.87	2501	3715	1
2024.08.29	14:40:00	384438.87	384800.29	382948.01	384484.05	2950	4581	1
2024.08.29	15:00:00	384506.64	384709.94	378656.14	378656.14	5648	8809	1
2024.08.29	15:20:00	378701.31	380327.71	376690.91	377278.22	5975	9306	1
2024.08.29	15:40:00	377233.04	377820.35	374206.14	375809.95	6121	9640	1
2024.08.29	16:00:00	375809.95	377097.51	374319.09	376465.02	4734	7213	1
2024.08.29	16:20:00	376487.61	378769.08	376442.43	378294.72	3813	5821	1
2024.08.29	16:40:00	378317.30	379401.57	375719.59	376261.72	3724	5706	1
2024.08.29	17:00:00	376284.31	378565.78	376216.55	377865.53	2139	3273	1
2024.08.29	17:20:00	377955.88	378023.65	376577.97	377571.87	1565	2360	1
2024.08.29	17:40:00	377481.52	378565.78	376871.62	378385.07	1041	1525	1
2024.08.29	18:00:00	378339.89	379830.75	377730.00	378385.07	902	1259	1
2024.08.29	18:20:00	378520.60	379062.74	378068.83	378091.42	118	153	1
2024.08.30	09:00:00	375842.88	379283.14	373212.09	378473.67	594	770	1
2024.08.30	09:20:00	378608.58	380722.20	377259.46	377911.53	1258	1753	1
2024.08.30	09:40:00	377866.56	382723.40	377326.91	381689.08	2076	2805	1
2024.08.30	10:00:00	381801.50	383825.19	381396.77	383735.24	2463	3557	1
2024.08.30	10:20:00	383780.21	384027.55	381576.65	382588.49	3055	4602	1
2024.08.30	10:40:00	382521.03	383352.99	378248.81	383285.54	4791	7083	1
2024.08.30	11:00:00	383352.99	383757.73	378721.01	379193.20	3504	5175	1
2024.08.30	11:20:00	379193.20	381194.40	377619.22	380160.07	4109	6100	1
2024.08.30	11:40:00	380115.10	380339.95	374313.88	375483.11	4625	7224	1
2024.08.30	12:00:00	375483.11	376629.87	372222.74	373459.43	3656	5747	1
2024.08.30	12:20:00	373347.00	374021.57	371435.75	373369.49	3168	4929	1
2024.08.30	12:40:00	373234.58	373774.23	368962.36	369884.26	3311	5611	1
2024.08.30	13:00:00	369951.71	373347.00	369524.49	372267.71	1701	2452	1
2024.08.30	13:20:00	372132.80	372694.93	368017.97	370851.13	2841	4101	1
2024.08.30	13:40:00	370716.22	375123.35	370558.82	374943.47	1638	2497	1
2024.08.30	14:00:00	374898.50	375258.26	373302.03	374178.96	1895	2853	1
2024.08.30	14:20:00	374246.42	375078.38	373324.52	374021.57	1483	2386	1
2024.08.30	14:40:00	374044.05	376697.32	373751.74	375573.06	1957	3187	1
2024.08.30	15:00:00	375618.03	377079.58	375370.69	376449.99	1169	1817	1
2024.08.30	15:20:00	376449.99	379665.39	376180.16	379530.48	3095	4623	1
2024.08.30	15:40:00	379575.45	380227.53	378428.70	380205.04	1902	2946	1
2024.08.30	16:00:00	380160.07	380160.07	377214.49	377978.99	2488	3757	1
2024.08.30	16:20:00	378001.48	378428.70	376202.65	376629.87	2166	3373	1
2024.08.30	16:40:00	376562.41	376877.21	374336.36	374403.82	2205	3524	1
2024.08.30	17:00:00	374358.85	375595.54	372357.65	373302.03	1365	2677	1
2024.08.30	17:20:00	373369.49	374876.01	371975.40	373751.74	1212	2584	1
2024.08.30	17:40:00	373774.23	374943.47	373189.61	374943.47	689	1209	1
2024.08.30	18:00:00	374898.50	376112.70	373481.92	374358.85	620	936	1
2024.08.30	18:20:00	373999.08	374741.10	373774.23	374741.10	57	108	1
2024.09.02	09:00:00	372200.25	374448.79	371075.98	372042.85	2498	3433	1
2024.09.02	09:20:00	372132.80	372492.56	370558.82	370896.10	2416	3244	1
2024.09.02	09:40:00	370941.07	373257.06	370896.10	371525.69	3572	4977	1
2024.09.02	10:00:00	371525.69	372987.24	370783.67	372447.59	3273	4451	1
2024.09.02	10:20:00	372537.53	373302.03	371435.75	371570.66	3681	5189	1
2024.09.02	10:40:00	371525.69	373099.67	371390.78	371548.18	3130	4387	1
2024.09.02	11:00:00	371458.23	372582.50	371188.41	372492.56	3112	4451	1
2024.09.02	11:20:00	372447.59	376494.96	372402.62	375190.80	5839	8373	1
2024.09.02	11:40:00	375123.35	376382.53	374246.42	374313.88	3769	5314	1
2024.09.02	12:00:00	374291.39	375033.41	373234.58	373751.74	3648	5244	1
2024.09.02	12:20:00	373819.20	374471.27	372515.05	373639.31	2930	4348	1
2024.09.02	12:40:00	373616.83	373886.65	372447.59	372470.08	2119	3302	1
2024.09.02	13:00:00	372425.10	373526.89	372042.85	372627.47	2818	4291	1
2024.09.02	13:20:00	372627.47	373189.61	371300.84	371503.21	2798	4095	1
2024.09.02	13:40:00	371458.23	371862.97	370693.73	371390.78	1936	2636	1
2024.09.02	14:00:00	371368.29	372290.19	371120.95	371570.66	2045	3203	1
2024.09.02	14:20:00	371660.60	372110.31	370963.56	371390.78	1290	1844	1
2024.09.02	14:40:00	371368.29	372447.59	371031.01	372065.34	1401	2160	1
2024.09.02	15:00:00	372065.34	373212.09	371660.60	372425.10	1724	2617	1
2024.09.02	15:20:00	372492.56	373054.70	372042.85	372807.36	1249	1846	1
2024.09.02	15:40:00	372807.36	373054.70	371368.29	372649.96	2356	3487	1
2024.09.02	16:00:00	372627.47	372649.96	371615.63	372132.80	1123	1746	1
2024.09.02	16:20:00	372155.28	372380.13	371458.23	371773.03	880	1302	1
2024.09.02	16:40:00	371795.51	372200.25	371345.81	371773.03	755	1194	1
2024.09.02	17:00:00	371840.49	372672.44	371345.81	372402.62	1039	1563	1
2024.09.02	17:20:00	372402.62	373032.21	371952.91	372447.59	758	1045	1
2024.09.02	17:40:00	372402.62	376719.81	372222.74	375370.69	1894	2539	1
2024.09.02	18:00:00	375348.20	377259.46	375168.32	376787.27	1352	1801	1
2024.09.02	18:20:00	376719.81	377214.49	376090.22	376989.63	169	242	1
2024.09.03	09:00:00	376629.87	377416.86	375438.14	375955.31	1916	2877	1
2024.09.03	09:20:00	375932.82	376135.19	374853.52	375033.41	2008	3005	1
2024.09.03	09:40:00	375033.41	375573.06	374021.57	374246.42	2838	3929	1
2024.09.03	10:00:00	374313.88	375910.34	374111.51	375303.23	2874	3961	1
2024.09.03	10:20:00	375370.69	376022.76	372020.37	372537.53	5969	8728	1
2024.09.03	10:40:00	372470.08	372942.27	370244.02	372020.37	5324	7422	1
2024.09.03	11:00:00	371840.49	371840.49	367995.49	368849.93	5715	8817	1
2024.09.03	11:20:00	368782.48	370446.39	367545.78	368804.96	4768	7348	1
2024.09.03	11:40:00	368804.96	369636.92	367073.59	367253.47	4358	6782	1
2024.09.03	12:00:00	367320.93	370086.63	367006.13	369029.81	4210	6432	1
2024.09.03	12:20:00	369209.70	369344.61	367860.58	368377.74	2754	4085	1
2024.09.03	12:40:00	368355.25	368984.84	367658.21	368647.56	2369	3706	1
2024.09.03	13:00:00	368625.08	369502.01	367725.66	369209.70	2392	3832	1
2024.09.03	13:20:00	369232.18	369479.52	367523.30	368265.31	2339	3594	1
2024.09.03	13:40:00	368332.77	368917.39	367230.99	367860.58	2591	4191	1
2024.09.03	14:00:00	367793.12	368737.51	367523.30	368535.14	1859	3006	1
2024.09.03	14:20:00	368602.59	370446.39	368557.62	369569.46	3370	5170	1
2024.09.03	14:40:00	369546.98	369974.20	367950.52	368107.91	2427	3720	1
2024.09.03	15:00:00	368130.40	369277.15	367455.84	369052.30	2880	4539	1
2024.09.03	15:20:00	369052.30	370064.14	368670.05	369861.77	2268	3232	1
2024.09.03	15:40:00	369906.74	370513.85	369434.55	369659.41	2470	3605	1
2024.09.03	16:00:00	369636.92	371570.66	369457.04	371480.72	3460	5274	1
2024.09.03	16:20:00	371480.72	372087.82	369344.61	369794.32	4055	6038	1
2024.09.03	16:40:00	369726.86	371120.95	369052.30	370536.33	3398	5364	1
2024.09.03	17:00:00	370423.91	371705.57	370423.91	371008.53	1499	2229	1
2024.09.03	17:20:00	371008.53	371862.97	370806.16	371728.06	1304	1945	1
2024.09.03	17:40:00	371660.60	372042.85	370536.33	371750.54	1328	1836	1
2024.09.03	18:00:00	371907.94	371952.91	370693.73	370738.70	821	1215	1
2024.09.03	18:20:00	370761.19	371413.26	370221.54	371278.35	149	271	1
2024.09.04	09:00:00	361856.98	362891.31	359788.33	361497.22	2249	2707	1
2024.09.04	09:20:00	361452.25	362059.35	360013.18	360170.58	2609	3491	1
2024.09.04	09:40:00	360215.55	361339.82	360080.64	360935.08	2336	3180	1
2024.09.04	10:00:00	360980.05	361452.25	360170.58	361092.48	1888	2733	1
2024.09.04	10:20:00	361159.94	361924.44	359316.14	359810.82	5130	7785	1
2024.09.04	10:40:00	359855.79	361609.64	358754.00	359945.73	4489	6471	1
2024.09.04	11:00:00	359990.70	361677.10	357944.53	359945.73	6239	9437	1
2024.09.04	11:20:00	359765.84	360732.72	358056.96	360215.55	4178	6158	1
2024.09.04	11:40:00	360215.55	366241.63	360148.10	365881.86	5970	9102	1
2024.09.04	12:00:00	365949.32	367613.24	365387.19	366129.20	5076	7743	1
2024.09.04	12:20:00	366039.26	367973.00	365657.01	367478.32	3338	5475	1
2024.09.04	12:40:00	367478.32	371480.72	367096.07	371300.84	4467	6842	1
2024.09.04	13:00:00	371233.38	373324.52	371143.44	372537.53	4445	6967	1
2024.09.04	13:20:00	372560.02	373931.62	372290.19	373122.15	3772	5824	1
2024.09.04	13:40:00	373077.18	373774.23	371683.09	372897.30	2915	4415	1
2024.09.04	14:00:00	372897.30	373549.37	371548.18	371997.88	2421	3855	1
2024.09.04	14:20:00	372042.85	372425.10	368984.84	369974.20	4105	6666	1
2024.09.04	14:40:00	369951.71	370873.61	369097.27	369232.18	3172	5172	1
2024.09.04	15:00:00	369367.10	369996.69	368692.53	369029.81	3440	5551	1
2024.09.04	15:20:00	368984.84	369704.38	368197.86	368445.20	3005	5042	1
2024.09.04	15:40:00	368467.68	368557.62	367545.78	367770.63	2881	4567	1
2024.09.04	16:00:00	367838.09	369209.70	367680.69	368175.37	3176	5006	1
2024.09.04	16:20:00	368107.91	369749.35	368107.91	369412.07	2306	3448	1
2024.09.04	16:40:00	369412.07	371368.29	368984.84	370491.36	3053	4622	1
2024.09.04	17:00:00	370536.33	371862.97	369906.74	370064.14	2134	3220	1
2024.09.04	17:20:00	369974.20	370806.16	369591.95	370199.05	1669	2425	1
2024.09.04	17:40:00	370176.57	371300.84	368894.90	370738.70	1742	2418	1
2024.09.04	18:00:00	370671.25	371458.23	370109.11	370783.67	949	1282	1
2024.09.04	18:20:00	370806.16	371435.75	370378.94	370806.16	158	268	1
2024.09.05	09:00:00	361856.98	366511.45	353694.80	359248.68	2567	3532	1
2024.09.05	09:20:00	359226.20	360013.18	357899.56	359158.74	3265	4517	1
2024.09.05	09:40:00	359068.80	360597.80	358551.63	359451.05	2457	3273	1
2024.09.05	10:00:00	359585.96	360260.52	358641.58	358866.43	2093	2760	1
2024.09.05	10:20:00	358911.40	362149.29	358236.84	361429.76	4354	6531	1
2024.09.05	10:40:00	361429.76	362104.32	358776.49	361070.00	4695	7082	1
2024.09.05	11:00:00	361114.97	363341.02	359136.25	361564.67	6325	9852	1
2024.09.05	11:20:00	361587.16	363745.75	361249.88	362688.94	4948	7445	1
2024.09.05	11:40:00	362464.09	362599.00	358214.35	358664.06	5170	7833	1
2024.09.05	12:00:00	358731.52	359428.56	356842.75	357989.50	5860	8981	1
2024.09.05	12:20:00	357989.50	358236.84	353649.82	355695.99	6134	9978	1
2024.09.05	12:40:00	355695.99	355853.39	353739.77	353739.77	3506	5559	1
2024.09.05	13:00:00	353852.19	355111.37	353784.74	354032.08	2903	4397	1
2024.09.05	13:20:00	353942.13	355381.20	353312.54	354571.72	4172	6422	1
2024.09.05	13:40:00	354594.21	355875.88	354391.84	355538.60	3054	4826	1
2024.09.05	14:00:00	355583.57	356572.92	355156.34	356482.98	2552	3765	1
2024.09.05	14:20:00	356527.95	356730.32	354841.55	355808.42	2722	4117	1
2024.09.05	14:40:00	355740.96	357629.73	355336.23	357472.34	2737	4252	1
2024.09.05	15:00:00	357494.82	357944.53	356752.81	357180.03	2654	4216	1
2024.09.05	15:20:00	357202.51	358034.47	357067.60	357314.94	1629	2558	1
2024.09.05	15:40:00	357314.94	357922.04	356775.29	357090.09	1827	2717	1
2024.09.05	16:00:00	357067.60	357067.60	354909.01	354976.46	3244	5124	1
2024.09.05	16:20:00	355021.43	355740.96	353020.23	354234.44	4201	6368	1
2024.09.05	16:40:00	354144.50	354189.47	351738.57	353245.09	5213	8454	1
2024.09.05	17:00:00	353290.06	354594.21	352795.38	353290.06	2561	4015	1
2024.09.05	17:20:00	353267.57	354211.96	353132.66	353672.31	1226	1742	1
2024.09.05	17:40:00	353762.25	354684.15	352885.32	353514.91	1239	1720	1
2024.09.05	18:00:00	353514.91	354324.39	353155.15	353559.88	686	975	1
2024.09.05	18:20:00	353559.88	353874.68	351626.14	353042.72	238	325	1
2024.09.06	09:00:00	352930.29	353807.22	352053.36	352413.13	1955	2547	1
2024.09.06	09:20:00	352413.13	357584.76	350321.99	355336.23	5181	7943	1
2024.09.06	09:40:00	355291.26	357314.94	353312.54	357000.14	5152	7583	1
2024.09.06	10:00:00	356932.69	357674.71	355223.80	357135.06	4017	5654	1
2024.09.06	10:20:00	357135.06	357787.13	353357.52	353514.91	4987	6953	1
2024.09.06	10:40:00	353402.49	353874.68	350861.64	351491.23	6838	9950	1
2024.09.06	11:00:00	351468.74	352030.88	345510.12	347758.66	9126	13328	1
2024.09.06	11:20:00	347646.23	348410.73	344385.85	346994.16	6231	9555	1
2024.09.06	11:40:00	346994.16	346994.16	343081.70	345420.18	5379	8382	1
2024.09.06	12:00:00	345150.36	346184.68	339888.78	340181.09	6261	9943	1
2024.09.06	12:20:00	340068.66	342609.51	340068.66	341957.44	2852	4262	1
2024.09.06	12:40:00	342024.89	342901.82	340181.09	340653.28	3507	5207	1
2024.09.06	13:00:00	340608.31	342294.72	339843.81	341282.87	3338	5483	1
2024.09.06	13:20:00	341305.36	342744.42	340473.40	341013.05	3458	5307	1
2024.09.06	13:40:00	340945.59	341710.10	339124.28	341305.36	4520	7272	1
2024.09.06	14:00:00	341282.87	342519.57	340563.34	342272.23	2746	4792	1
2024.09.06	14:20:00	342182.29	343396.50	338899.43	340383.46	5223	8345	1
2024.09.06	14:40:00	340360.97	340743.23	338764.51	339843.81	3448	5630	1
2024.09.06	15:00:00	339933.75	340428.43	338989.37	339146.76	3068	5052	1
2024.09.06	15:20:00	339146.76	340158.61	337370.42	338674.57	4838	7693	1
2024.09.06	15:40:00	338652.09	339236.71	336605.92	336673.37	3767	6314	1
2024.09.06	16:00:00	336583.43	339888.78	336448.52	338359.78	4002	6666	1
2024.09.06	16:20:00	338269.84	339484.04	336178.70	336313.61	3401	5307	1
2024.09.06	16:40:00	336358.58	340923.11	336358.58	337685.22	5079	8214	1
2024.09.06	17:00:00	337707.70	339821.33	337190.54	338247.35	2120	3511	1
2024.09.06	17:20:00	338314.81	338652.09	334986.97	335504.14	3033	4787	1
2024.09.06	17:40:00	335571.59	337482.85	332783.41	334155.01	3328	5099	1
2024.09.06	18:00:00	334312.41	337100.60	332266.24	335931.36	2053	3031	1
2024.09.06	18:20:00	335931.36	336875.74	334739.63	336403.55	173	212	1
2024.09.09	09:00:00	346252.14	351176.43	345352.73	350884.13	2237	3538	1
2024.09.09	09:20:00	350861.64	351288.86	349579.97	351108.98	2605	4299	1
2024.09.09	09:40:00	351221.41	352975.26	351041.52	352390.64	2653	4165	1
2024.09.09	10:00:00	352390.64	352637.98	350704.24	352300.70	4351	6739	1
2024.09.09	10:20:00	352278.22	353537.40	351041.52	352570.53	5170	8247	1
2024.09.09	10:40:00	352660.47	354369.36	351851.00	353649.82	4832	7998	1
2024.09.09	11:00:00	353582.37	353987.11	350456.90	350951.58	5011	7985	1
2024.09.09	11:20:00	351019.04	351064.01	347196.53	347848.60	5550	9040	1
2024.09.09	11:40:00	347826.12	348905.41	346904.22	346904.22	3919	6621	1
2024.09.09	12:00:00	346904.22	350389.45	346859.24	349107.78	4876	8021	1
2024.09.09	12:20:00	349130.27	350996.55	348568.13	350546.84	3651	6087	1
2024.09.09	12:40:00	350501.87	351626.14	349984.71	351041.52	3418	5760	1
2024.09.09	13:00:00	351064.01	354931.49	350636.79	353852.19	5591	9174	1
2024.09.09	13:20:00	353829.71	356438.01	353739.77	355021.43	4900	8151	1
2024.09.09	13:40:00	355021.43	357742.16	355021.43	357112.57	4174	7085	1
2024.09.09	14:00:00	357157.54	358686.55	356393.04	356910.20	4995	9025	1
2024.09.09	14:20:00	356955.17	358056.96	356168.19	356887.72	3783	6295	1
2024.09.09	14:40:00	356932.69	357719.68	355920.85	357157.54	3913	6640	1
2024.09.09	15:00:00	357067.60	357832.10	355493.62	356595.41	4650	8452	1
2024.09.09	15:20:00	356685.35	357449.85	356123.22	356505.47	2921	5121	1
2024.09.09	15:40:00	356505.47	357877.07	356190.67	356752.81	3216	5764	1
2024.09.09	16:00:00	356707.83	358686.55	356280.61	358349.27	4072	7090	1
2024.09.09	16:20:00	358349.27	359608.45	357697.19	358933.89	4114	7295	1
2024.09.09	16:40:00	358933.89	361047.51	358776.49	360260.52	4791	7968	1
2024.09.09	17:00:00	360260.52	360507.86	358664.06	359383.59	3321	5478	1
2024.09.09	17:20:00	359496.02	360080.64	358888.92	359630.93	1229	1673	1
2024.09.09	17:40:00	359563.48	360417.92	358843.94	360193.07	1220	1714	1
2024.09.09	18:00:00	360035.67	366444.00	359743.36	364825.05	1930	2570	1
2024.09.09	18:20:00	364690.14	364959.96	363475.93	364262.92	193	239	1
2024.09.10	09:00:00	361924.44	361991.90	360193.07	361789.53	2438	3283	1
2024.09.10	09:20:00	361789.53	363138.65	361204.91	363116.16	3280	4234	1
2024.09.10	09:40:00	363116.16	363745.75	361159.94	362194.26	3712	4761	1
2024.09.10	10:00:00	362239.23	362419.12	359496.02	359698.39	3909	5407	1
2024.09.10	10:20:00	359788.33	361182.42	358304.30	358754.00	5497	7283	1
2024.09.10	10:40:00	358821.46	361722.07	358798.97	360125.61	6301	9148	1
2024.09.10	11:00:00	360170.58	361879.47	358843.94	359720.87	5559	7970	1
2024.09.10	11:20:00	359945.73	362801.37	359091.28	362014.38	4573	6347	1
2024.09.10	11:40:00	362014.38	362846.34	361182.42	362149.29	3425	5051	1
2024.09.10	12:00:00	362104.32	363588.36	360530.35	363048.71	4178	6078	1
2024.09.10	12:20:00	363048.71	364735.11	362261.72	362891.31	3774	5286	1
2024.09.10	12:40:00	362936.28	363925.64	361025.02	361114.97	3474	5107	1
2024.09.10	13:00:00	361137.45	362239.23	360350.46	361272.36	3282	5236	1
2024.09.10	13:20:00	361272.36	362576.51	360935.08	362374.15	2957	4570	1
2024.09.10	13:40:00	362419.12	363296.05	361856.98	362486.57	3005	4802	1
2024.09.10	14:00:00	362509.06	366399.03	362374.15	365432.16	4433	6644	1
2024.09.10	14:20:00	365409.67	365746.95	364487.77	365522.10	3373	4867	1
2024.09.10	14:40:00	365567.07	366376.54	365027.42	365499.61	2811	4038	1
2024.09.10	15:00:00	365544.58	369502.01	365544.58	369232.18	4409	6392	1
2024.09.10	15:20:00	369232.18	370648.76	367950.52	369681.89	4427	6705	1
2024.09.10	15:40:00	369681.89	370199.05	367568.27	368085.43	3665	5385	1
2024.09.10	16:00:00	368085.43	368085.43	366309.09	367163.53	3044	4320	1
2024.09.10	16:20:00	367208.50	369839.29	366983.65	369636.92	3038	4484	1
2024.09.10	16:40:00	369591.95	371053.50	369344.61	370154.08	4331	6421	1
2024.09.10	17:00:00	370131.60	370603.79	368782.48	369524.49	2713	4276	1
2024.09.10	17:20:00	369457.04	369884.26	368512.65	369659.41	1778	2595	1
2024.09.10	17:40:00	369659.41	370154.08	368197.86	368377.74	1511	2030	1
2024.09.10	18:00:00	368220.34	369434.55	367433.35	369119.76	1289	1598	1
2024.09.10	18:20:00	369052.30	369344.61	368490.17	368939.87	161	205	1
2024.09.11	09:00:00	362014.38	362059.35	360238.04	361317.33	1756	2166	1
2024.09.11	09:20:00	361362.31	361924.44	359316.14	360080.64	3218	4256	1
2024.09.11	09:40:00	359990.70	361407.28	358843.94	360350.46	4274	5485	1
2024.09.11	10:00:00	360417.92	362599.00	359788.33	362486.57	4702	6292	1
2024.09.11	10:20:00	362554.03	362576.51	357899.56	357967.02	5148	7009	1
2024.09.11	10:40:00	357989.50	358933.89	354661.67	354953.98	5923	8062	1
2024.09.11	11:00:00	354998.95	356348.07	354032.08	355830.91	4906	7059	1
2024.09.11	11:20:00	355853.39	357135.06	354931.49	355965.82	3933	5568	1
2024.09.11	11:40:00	355718.48	357607.25	354774.09	357359.91	3237	4597	1
2024.09.11	12:00:00	357359.91	359563.48	356415.52	359540.99	3915	5806	1
2024.09.11	12:20:00	359563.48	361227.39	358619.09	361137.45	3222	4911	1
2024.09.11	12:40:00	361114.97	363543.39	360575.32	361407.28	4618	6745	1
2024.09.11	13:00:00	361339.82	364128.01	361002.54	363003.74	4014	5931	1
2024.09.11	13:20:00	363026.22	364150.49	361969.41	363251.08	3615	5382	1
2024.09.11	13:40:00	363206.11	366578.91	362509.06	365387.19	4695	7037	1
2024.09.11	14:00:00	365409.67	367613.24	364825.05	367455.84	4212	6177	1
2024.09.11	14:20:00	367388.38	368737.51	366848.73	368242.83	3501	5010	1
2024.09.11	14:40:00	368265.31	369614.43	367568.27	368220.34	3326	4819	1
2024.09.11	15:00:00	368197.86	369771.83	368062.94	369749.35	3627	5329	1
2024.09.11	15:20:00	369726.86	370131.60	367545.78	368422.71	4071	6080	1
2024.09.11	15:40:00	368377.74	368670.05	366151.69	366983.65	3475	5191	1
2024.09.11	16:00:00	366961.16	367725.66	365881.86	367410.87	4028	6275	1
2024.09.11	16:20:00	367478.32	369074.79	366961.16	368017.97	2909	4340	1
2024.09.11	16:40:00	368040.46	368332.77	366331.57	367590.75	3713	5984	1
2024.09.11	17:00:00	367635.72	368310.28	366961.16	367590.75	2229	3755	1
2024.09.11	17:20:00	367613.24	368332.77	367096.07	367455.84	1441	2223	1
2024.09.11	17:40:00	367343.41	368242.83	366961.16	367973.00	1388	1977	1
2024.09.11	18:00:00	367905.55	368827.45	366803.76	367028.62	1360	1850	1
2024.09.11	18:20:00	367118.56	367568.27	366623.88	366623.88	166	223	1
2024.09.12	09:00:00	370941.07	371615.63	370244.02	370873.61	2254	2894	1
2024.09.12	09:20:00	370896.10	371278.35	368355.25	368512.65	3363	4215	1
2024.09.12	09:40:00	368467.68	368962.36	367118.56	367703.18	3716	4789	1
2024.09.12	10:00:00	367680.69	368197.86	367253.47	367770.63	2409	3349	1
2024.09.12	10:20:00	367703.18	369771.83	367680.69	369142.24	5170	7062	1
2024.09.12	10:40:00	369119.76	369546.98	366241.63	368040.46	5492	7692	1
2024.09.12	11:00:00	368107.91	371503.21	367478.32	370941.07	6011	8389	1
2024.09.12	11:20:00	370828.64	375055.89	370491.36	371705.57	6703	8997	1
2024.09.12	11:40:00	371795.51	371885.46	368197.86	368355.25	5543	7900	1
2024.09.12	12:00:00	368310.28	369726.86	367275.96	369029.81	4126	5638	1
2024.09.12	12:20:00	369074.79	369322.12	367883.06	368557.62	2453	3320	1
2024.09.12	12:40:00	368557.62	368939.87	366354.06	366758.79	3561	4837	1
2024.09.12	13:00:00	366758.79	368759.99	366601.40	368355.25	2990	4193	1
2024.09.12	13:20:00	368377.74	369007.33	367635.72	368040.46	2025	2727	1
2024.09.12	13:40:00	368040.46	370244.02	367703.18	369636.92	2705	3731	1
2024.09.12	14:00:00	369636.92	370963.56	369389.58	370963.56	2740	3951	1
2024.09.12	14:20:00	370986.04	371143.44	369614.43	370941.07	3014	4404	1
2024.09.12	14:40:00	370918.59	372020.37	370603.79	371840.49	2547	3646	1
2024.09.12	15:00:00	371795.51	371975.40	370468.88	371233.38	3134	4438	1
2024.09.12	15:20:00	371255.87	371862.97	370356.45	371300.84	2728	4289	1
2024.09.12	15:40:00	371278.35	371503.21	368535.14	369524.49	4086	5909	1
2024.09.12	16:00:00	369479.52	371255.87	369097.27	370761.19	3786	5457	1
2024.09.12	16:20:00	370693.73	370693.73	369029.81	369344.61	2543	3632	1
2024.09.12	16:40:00	369322.12	370806.16	369209.70	370603.79	2520	3650	1
2024.09.12	17:00:00	370603.79	370806.16	369749.35	370491.36	1698	2382	1
2024.09.12	17:20:00	370468.88	370671.25	369839.29	369884.26	925	1204	1
2024.09.12	17:40:00	369884.26	370266.51	369344.61	370064.14	970	1251	1
2024.09.12	18:00:00	370154.08	370558.82	368445.20	368490.17	775	997	1
2024.09.12	18:20:00	368490.17	369277.15	367365.90	367883.06	197	280	1
2024.09.13	09:00:00	366533.94	367883.06	365364.70	365409.67	2391	2989	1
2024.09.13	09:20:00	365409.67	365724.47	364307.89	364937.48	2275	2973	1
2024.09.13	09:40:00	364937.48	366713.82	364690.14	366174.17	3258	4291	1
2024.09.13	10:00:00	366174.17	366736.31	364892.51	365701.98	2882	4015	1
2024.09.13	10:20:00	365499.61	365701.98	363880.67	364442.80	3803	5178	1
2024.09.13	10:40:00	364465.29	366758.79	364420.31	365364.70	3918	5282	1
2024.09.13	11:00:00	365409.67	367141.04	363363.50	366646.37	4529	6136	1
2024.09.13	11:20:00	366601.40	367568.27	363700.78	364780.08	3818	5243	1
2024.09.13	11:40:00	364735.11	367118.56	364690.14	366331.57	2331	3424	1
2024.09.13	12:00:00	366466.48	367635.72	366174.17	366646.37	1942	3001	1
2024.09.13	12:20:00	366646.37	373459.43	366601.40	372020.37	5588	8599	1
2024.09.13	12:40:00	372042.85	374673.64	372020.37	374358.85	3106	4489	1
2024.09.13	13:00:00	374403.82	375505.60	373122.15	374021.57	3986	5596	1
2024.09.13	13:20:00	374044.05	374763.58	372560.02	372987.24	2746	3959	1
2024.09.13	13:40:00	372852.33	373706.77	372177.77	372807.36	2211	3357	1
2024.09.13	14:00:00	372874.81	374089.02	372649.96	373729.26	1962	3048	1
2024.09.13	14:20:00	373729.26	374583.70	373481.92	374583.70	1658	2514	1
2024.09.13	14:40:00	374583.70	376270.10	373684.29	373976.60	3745	5518	1
2024.09.13	15:00:00	374021.57	375775.42	373436.95	374763.58	2662	3939	1
2024.09.13	15:20:00	374763.58	376405.01	374044.05	376360.04	2689	4249	1
2024.09.13	15:40:00	376405.01	376899.69	375550.57	375775.42	2136	3055	1
2024.09.13	16:00:00	375820.40	376967.15	375595.54	376607.38	2222	3320	1
2024.09.13	16:20:00	376584.90	377304.43	375797.91	376135.19	1874	2855	1
2024.09.13	16:40:00	376135.19	376899.69	374943.47	375640.51	2059	3059	1
2024.09.13	17:00:00	375618.03	375730.45	375033.41	375663.00	1235	1961	1
2024.09.13	17:20:00	375573.06	376809.75	375528.09	376764.78	1028	1480	1
2024.09.13	17:40:00	376787.27	377326.91	376045.25	376292.59	1240	1706	1
2024.09.13	18:00:00	376315.07	379463.02	375797.91	378091.42	1352	1710	1
2024.09.13	18:20:00	378046.45	379350.60	377619.22	377686.68	133	196	1
2024.09.16	09:00:00	368265.31	368872.42	367096.07	367905.55	1756	2549	1
2024.09.16	09:20:00	367815.61	368265.31	366511.45	367208.50	2067	2728	1
2024.09.16	09:40:00	367186.01	369097.27	366691.34	367230.99	2590	3359	1
2024.09.16	10:00:00	367186.01	367613.24	364532.74	365072.39	2687	3652	1
2024.09.16	10:20:00	365072.39	365297.24	361114.97	361609.64	5123	7515	1
2024.09.16	10:40:00	361767.04	363903.15	360327.98	363543.39	3941	5856	1
2024.09.16	11:00:00	363498.41	364083.03	361384.79	361587.16	3336	4768	1
2024.09.16	11:20:00	361587.16	362306.69	358146.90	358956.37	4561	6485	1
2024.09.16	11:40:00	358956.37	359585.96	357427.37	357674.71	3277	4815	1
2024.09.16	12:00:00	357584.76	359338.62	357180.03	359158.74	2819	4019	1
2024.09.16	12:20:00	359203.71	360260.52	359113.77	359675.90	2072	2901	1
2024.09.16	12:40:00	359788.33	360710.23	358686.55	359675.90	2440	3664	1
2024.09.16	13:00:00	359608.45	360103.12	358686.55	359361.11	2163	3251	1
2024.09.16	13:20:00	359338.62	360372.95	358866.43	359473.53	2011	3185	1
2024.09.16	13:40:00	359473.53	360193.07	358754.00	359608.45	1413	1963	1
2024.09.16	14:00:00	359630.93	359743.36	357382.40	357944.53	2908	4070	1
2024.09.16	14:20:00	357967.02	358911.40	357427.37	358664.06	2370	3405	1
2024.09.16	14:40:00	358641.58	361744.56	358236.84	361114.97	3902	5664	1
2024.09.16	15:00:00	361137.45	361272.36	358664.06	358956.37	3872	5833	1
2024.09.16	15:20:00	358933.89	359968.21	358843.94	359406.08	1397	1967	1
2024.09.16	15:40:00	359518.51	359855.79	358731.52	359653.42	1379	1934	1
2024.09.16	16:00:00	359720.87	360440.41	359091.28	359585.96	1998	3072	1
2024.09.16	16:20:00	359563.48	360552.83	359316.14	360103.12	1700	2682	1
2024.09.16	16:40:00	360058.15	360530.35	359181.22	359900.76	1817	2650	1
2024.09.16	17:00:00	359923.24	361317.33	359316.14	360755.20	1677	2412	1
2024.09.16	17:20:00	360867.63	361204.91	358146.90	359001.34	1802	2443	1
2024.09.16	17:40:00	358978.86	359248.68	358079.44	358439.21	967	1428	1
2024.09.16	18:00:00	358326.78	359473.53	357584.76	359406.08	1334	1714	1
2024.09.16	18:20:00	359383.59	359720.87	358439.21	358529.15	226	318	1
2024.09.17	09:00:00	366871.22	367928.03	365881.86	366623.88	2018	2523	1
2024.09.17	09:20:00	366601.40	368085.43	366309.09	367478.32	2463	3229	1
2024.09.17	09:40:00	367410.87	369524.49	367275.96	368759.99	2855	3823	1
2024.09.17	10:00:00	368804.96	368827.45	367298.44	367770.63	2206	2940	1
2024.09.17	10:20:00	367725.66	369299.64	366421.51	366826.25	4167	5765	1
2024.09.17	10:40:00	366758.79	366983.65	364690.14	365522.10	4246	5765	1
2024.09.17	11:00:00	365477.13	372627.47	365229.79	372537.53	7331	10750	1
2024.09.17	11:20:00	372447.59	375055.89	371323.32	373976.60	7635	11542	1
2024.09.17	11:40:00	373886.65	375505.60	372964.75	374448.79	3526	5350	1
2024.09.17	12:00:00	374471.27	381014.51	374178.96	380542.32	7359	11563	1
2024.09.17	12:20:00	380519.84	380902.09	378383.73	379193.20	3294	4871	1
2024.09.17	12:40:00	379305.63	379935.22	377281.94	379552.97	2741	3833	1
2024.09.17	13:00:00	379575.45	380294.98	377079.58	377079.58	2560	3831	1
2024.09.17	13:20:00	377102.06	378091.42	376090.22	377754.14	3807	5661	1
2024.09.17	13:40:00	377641.71	379058.29	377214.49	377731.65	2899	4337	1
2024.09.17	14:00:00	377731.65	378451.18	376652.35	377731.65	2184	3140	1
2024.09.17	14:20:00	377821.59	378765.98	377281.94	378023.96	1799	2752	1
2024.09.17	14:40:00	377978.99	378113.90	376787.27	377461.83	1837	2911	1
2024.09.17	15:00:00	377394.37	378945.86	377124.55	377349.40	2133	3204	1
2024.09.17	15:20:00	377304.43	377844.08	376742.30	377079.58	1533	2170	1
2024.09.17	15:40:00	377079.58	377349.40	373526.89	374268.90	3494	5108	1
2024.09.17	16:00:00	374223.93	375505.60	373954.11	374201.45	2402	3504	1
2024.09.17	16:20:00	374201.45	374268.90	372762.39	373077.18	2450	3743	1
2024.09.17	16:40:00	373144.64	373324.52	368737.51	370918.59	4930	7547	1
2024.09.17	17:00:00	371008.53	372132.80	369681.89	371952.91	3098	4683	1
2024.09.17	17:20:00	371975.40	373032.21	371008.53	371278.35	1996	2785	1
2024.09.17	17:40:00	371300.84	371952.91	370716.22	371390.78	1368	1875	1
2024.09.17	18:00:00	371503.21	372717.41	371278.35	372357.65	707	912	1
2024.09.17	18:20:00	372582.50	372694.93	372222.74	372222.74	112	129	1
2024.09.18	09:00:00	369906.74	370109.11	368580.11	369277.15	1618	1968	1
2024.09.18	09:20:00	369322.12	371098.47	368872.42	370783.67	2820	3792	1
2024.09.18	09:40:00	370873.61	371188.41	370131.60	370603.79	1625	2144	1
2024.09.18	10:00:00	370536.33	371997.88	368782.48	369861.77	4361	6065	1
2024.09.18	10:20:00	369951.71	370446.39	367320.93	367748.15	3799	5493	1
2024.09.18	10:40:00	367815.61	368197.86	365364.70	366309.09	4664	6992	1
2024.09.18	11:00:00	366264.11	367365.90	365162.33	365657.01	3525	5013	1
2024.09.18	11:20:00	365612.04	367883.06	365409.67	367478.32	3634	5109	1
2024.09.18	11:40:00	367523.30	368535.14	365612.04	366331.57	3772	5599	1
2024.09.18	12:00:00	366331.57	368287.80	366286.60	367028.62	3131	4581	1
2024.09.18	12:20:00	367028.62	367478.32	366219.14	366826.25	1843	2833	1
2024.09.18	12:40:00	366893.71	367703.18	366444.00	366961.16	1306	1967	1
2024.09.18	13:00:00	366893.71	368422.71	365229.79	367838.09	3126	4523	1
2024.09.18	13:20:00	367770.63	370041.66	367500.81	369839.29	2806	4336	1
2024.09.18	13:40:00	369839.29	370603.79	369097.27	370176.57	2104	3411	1
2024.09.18	14:00:00	370244.02	370378.94	367163.53	368692.53	3548	5553	1
2024.09.18	14:20:00	368737.51	370266.51	367568.27	369097.27	3311	4962	1
2024.09.18	14:40:00	369164.73	371997.88	369007.33	370199.05	2858	4238	1
2024.09.18	15:00:00	370446.39	374786.07	367478.32	369861.77	7441	10769	1
2024.09.18	15:20:00	369636.92	374516.24	368670.05	372020.37	4777	7361	1
2024.09.18	15:40:00	372020.37	373661.80	368782.48	371660.60	4600	6708	1
2024.09.18	16:00:00	371570.66	372784.87	369816.80	371907.94	3107	4811	1
2024.09.18	16:20:00	371840.49	372110.31	368467.68	370558.82	3085	4672	1
2024.09.18	16:40:00	370603.79	371413.26	369097.27	369277.15	1893	2818	1
2024.09.18	17:00:00	369187.21	369412.07	365724.47	367320.93	2571	3768	1
2024.09.18	17:20:00	367343.41	369974.20	366938.68	369906.74	1689	2469	1
2024.09.18	17:40:00	369906.74	370896.10	369164.73	369254.67	1315	1838	1
2024.09.18	18:00:00	369254.67	372020.37	368782.48	370536.33	1421	1689	1
2024.09.18	18:20:00	370761.19	371907.94	370513.85	370761.19	159	184	1
2024.09.19	09:00:00	382723.40	385489.10	381396.77	385129.34	3648	4560	1
2024.09.19	09:20:00	385039.39	386006.27	383622.82	384297.38	2896	3787	1
2024.09.19	09:40:00	384207.44	386141.18	383757.73	385826.38	2918	3924	1
2024.09.19	10:00:00	385803.90	387175.50	384499.75	385736.44	3689	5061	1
2024.09.19	10:20:00	385624.01	387242.96	384162.47	385489.10	4272	5830	1
2024.09.19	10:40:00	385489.10	386298.58	383218.08	385421.65	4187	5871	1
2024.09.19	11:00:00	385399.16	387355.39	384679.63	387332.90	4864	6832	1
2024.09.19	11:20:00	387220.48	388592.08	385938.81	387872.55	3630	5221	1
2024.09.19	11:40:00	387850.07	387872.55	384567.20	384702.11	3460	5181	1
2024.09.19	12:00:00	384792.06	385916.32	383892.64	385016.91	3179	4862	1
2024.09.19	12:20:00	385106.85	386388.52	384679.63	386186.15	1935	3253	1
2024.09.19	12:40:00	386096.21	386883.19	384747.09	384904.48	2262	3623	1
2024.09.19	13:00:00	384949.45	386658.34	383825.19	385646.50	2799	4239	1
2024.09.19	13:20:00	385601.53	387602.73	385129.34	387355.39	2440	3773	1
2024.09.19	13:40:00	387310.42	389086.76	386545.91	388254.80	2761	4140	1
2024.09.19	14:00:00	388232.32	389626.41	386793.25	387805.09	3546	5329	1
2024.09.19	14:20:00	387827.58	389469.01	386276.09	389289.13	3019	4623	1
2024.09.19	14:40:00	389289.13	390773.16	389131.73	389716.35	3632	5597	1
2024.09.19	15:00:00	389716.35	390593.28	388299.77	388659.54	2940	4359	1
2024.09.19	15:20:00	388749.48	390143.57	388434.69	389963.69	2357	3690	1
2024.09.19	15:40:00	390031.15	390435.88	388299.77	389424.04	2171	3324	1
2024.09.19	16:00:00	389356.59	389424.04	387535.27	387940.01	2402	4017	1
2024.09.19	16:20:00	387872.55	388412.20	386748.28	388277.29	2125	3253	1
2024.09.19	16:40:00	388277.29	388929.36	386500.94	386725.80	2597	3995	1
2024.09.19	17:00:00	386635.86	387130.53	386073.72	386680.83	1576	2313	1
2024.09.19	17:20:00	386635.86	386950.65	386118.69	386770.77	731	1058	1
2024.09.19	17:40:00	386703.31	386703.31	385421.65	385511.59	760	1013	1
2024.09.19	18:00:00	385668.99	386276.09	384971.94	385444.13	861	1101	1
2024.09.19	18:20:00	385758.93	385758.93	384454.78	384589.69	205	338	1
2024.09.20	09:00:00	388434.69	389558.95	387063.08	387850.07	2436	3101	1
2024.09.20	09:20:00	387827.58	388592.08	387220.48	387850.07	2043	2661	1
2024.09.20	09:40:00	387827.58	389266.64	387422.84	389266.64	2729	3523	1
2024.09.20	10:00:00	389289.13	389603.92	385691.47	386838.22	4912	6616	1
2024.09.20	10:20:00	386815.74	388277.29	386455.97	387737.64	3820	4968	1
2024.09.20	10:40:00	387715.15	389446.53	386658.34	388142.38	4318	5953	1
2024.09.20	11:00:00	388187.35	388974.33	385961.29	388614.57	4706	6837	1
2024.09.20	11:20:00	388569.60	392594.48	388119.89	391897.43	6725	9863	1
2024.09.20	11:40:00	391785.00	392302.17	389851.26	390458.37	4116	6278	1
2024.09.20	12:00:00	390323.46	390795.65	388232.32	389671.38	4104	6325	1
2024.09.20	12:20:00	389671.38	390548.31	388839.42	390076.12	2184	3176	1
2024.09.20	12:40:00	390121.09	391672.58	389783.81	390728.19	2608	4076	1
2024.09.20	13:00:00	390773.16	392369.62	389918.72	390975.53	3036	4341	1
2024.09.20	13:20:00	390998.02	391762.52	389738.84	390166.06	1877	2718	1
2024.09.20	13:40:00	390143.57	391245.36	389828.78	390323.46	1385	2061	1
2024.09.20	14:00:00	390345.94	391605.12	389828.78	391222.87	1677	2399	1
2024.09.20	14:20:00	391132.93	391290.33	389334.10	389851.26	2181	3483	1
2024.09.20	14:40:00	389851.26	390008.66	388187.35	389334.10	2113	3084	1
2024.09.20	15:00:00	389289.13	389783.81	387175.50	388344.74	3055	4623	1
2024.09.20	15:20:00	388344.74	389446.53	387692.67	389199.19	2008	2901	1
2024.09.20	15:40:00	389266.64	391447.72	389041.79	390728.19	2143	3075	1
2024.09.20	16:00:00	390750.68	391605.12	390435.88	391245.36	1512	2196	1
2024.09.20	16:20:00	391357.78	392077.31	390840.62	392032.34	1719	2455	1
2024.09.20	16:40:00	392032.34	392099.80	390323.46	390413.40	2009	2672	1
2024.09.20	17:00:00	390480.85	391245.36	389581.44	390121.09	1133	1599	1
2024.09.20	17:20:00	390098.60	390660.74	389536.47	390345.94	850	1183	1
2024.09.20	17:40:00	390278.49	391065.47	389873.75	389918.72	820	1225	1
2024.09.20	18:00:00	389896.23	393493.89	389693.87	392819.33	1544	1830	1
2024.09.20	18:20:00	392841.82	393493.89	392189.74	392661.93	145	169	1
2024.09.23	09:00:00	395090.35	399722.34	395090.35	396956.64	2640	3831	1
2024.09.23	09:20:00	396911.67	398170.85	396731.78	397743.63	1768	2421	1
2024.09.23	09:40:00	397743.63	397743.63	395540.06	396304.56	2397	3283	1
2024.09.23	10:00:00	396282.08	396394.50	394438.28	395090.35	2555	3609	1
2024.09.23	10:20:00	395135.32	396731.78	394820.53	395112.84	4036	5798	1
2024.09.23	10:40:00	395180.29	396484.45	393876.14	395000.41	3908	5372	1
2024.09.23	11:00:00	394977.93	398238.30	394595.68	397428.83	4556	6617	1
2024.09.23	11:20:00	397473.80	397968.48	393538.86	393808.69	3515	5120	1
2024.09.23	11:40:00	393876.14	395877.34	393651.29	394775.56	2583	3802	1
2024.09.23	12:00:00	394753.07	394910.47	393089.16	394303.37	3073	4373	1
2024.09.23	12:20:00	394190.94	396259.59	394078.51	396102.19	2418	3784	1
2024.09.23	12:40:00	396147.17	397473.80	396012.25	396506.93	2381	3528	1
2024.09.23	13:00:00	396461.96	397945.99	395922.31	396259.59	3478	5174	1
2024.09.23	13:20:00	396124.68	396237.11	394393.31	394550.70	2751	4075	1
2024.09.23	13:40:00	394550.70	394910.47	394235.91	394460.76	1397	2136	1
2024.09.23	14:00:00	394438.28	394460.76	393111.64	394056.03	2656	3888	1
2024.09.23	14:20:00	394011.06	394528.22	393044.18	393606.32	2037	2945	1
2024.09.23	14:40:00	393651.29	394438.28	393291.52	394190.94	1132	1628	1
2024.09.23	15:00:00	394213.42	395562.55	393921.11	394573.19	2463	3482	1
2024.09.23	15:20:00	394573.19	395517.58	394505.73	395157.81	1311	1764	1
2024.09.23	15:40:00	395202.78	396079.71	394955.44	395112.84	2377	3558	1
2024.09.23	16:00:00	395000.41	395225.27	394101.00	395135.32	2215	3137	1
2024.09.23	16:20:00	395135.32	395292.72	394123.48	394168.45	1724	2464	1
2024.09.23	16:40:00	394235.91	395225.27	393786.20	394213.42	1964	2842	1
2024.09.23	17:00:00	394235.91	395472.60	393876.14	395360.18	1243	1847	1
2024.09.23	17:20:00	395292.72	395405.15	394190.94	394820.53	1381	2136	1
2024.09.23	17:40:00	394820.53	395270.24	394393.31	394618.16	661	943	1
2024.09.23	18:00:00	394595.68	395180.29	393538.86	393741.23	769	925	1
2024.09.23	18:20:00	393876.14	395809.88	393269.04	394865.50	275	339	1
2024.09.24	09:00:00	394056.03	395135.32	393201.58	394730.59	1373	1753	1
2024.09.24	09:20:00	394753.07	394887.98	392504.54	392886.79	2159	2741	1
2024.09.24	09:40:00	392796.85	392931.76	390503.34	391245.36	2745	3689	1
2024.09.24	10:00:00	391245.36	391672.58	390368.43	390638.25	2326	3252	1
2024.09.24	10:20:00	390638.25	390998.02	389086.76	390278.49	2776	3718	1
2024.09.24	10:40:00	390278.49	391987.37	389963.69	390525.82	3761	5168	1
2024.09.24	11:00:00	390458.37	390548.31	387355.39	388209.83	7079	9978	1
2024.09.24	11:20:00	388119.89	388682.02	384994.42	386051.24	5109	7122	1
2024.09.24	11:40:00	386073.72	388771.97	385354.19	388592.08	3194	4394	1
2024.09.24	12:00:00	388502.14	389469.01	387917.52	389154.22	2908	4306	1
2024.09.24	12:20:00	389086.76	389401.56	386995.62	387422.84	2566	3994	1
2024.09.24	12:40:00	387422.84	389064.28	387018.11	388322.26	2371	3701	1
2024.09.24	13:00:00	388389.71	389041.79	387445.33	388794.45	2075	3277	1
2024.09.24	13:20:00	388726.99	388816.94	387310.42	388322.26	2175	3370	1
2024.09.24	13:40:00	388389.71	389154.22	388164.86	388164.86	2014	3245	1
2024.09.24	14:00:00	388142.38	389424.04	387984.98	389176.70	1773	2751	1
2024.09.24	14:20:00	389176.70	392482.05	388974.33	392324.65	3870	5628	1
2024.09.24	14:40:00	392347.14	393471.41	391807.49	391874.95	3928	5962	1
2024.09.24	15:00:00	391874.95	392684.42	390166.06	390863.10	3697	5284	1
2024.09.24	15:20:00	390930.56	392369.62	390323.46	392257.20	3036	4769	1
2024.09.24	15:40:00	392257.20	392437.08	391020.50	391087.96	1560	2522	1
2024.09.24	16:00:00	391087.96	392234.71	390683.22	391807.49	1335	1981	1
2024.09.24	16:20:00	391829.98	392684.42	391650.09	392437.08	1506	2209	1
2024.09.24	16:40:00	392437.08	395787.40	392347.14	395135.32	3474	4683	1
2024.09.24	17:00:00	395180.29	397451.32	394618.16	395405.15	3439	5038	1
2024.09.24	17:20:00	395405.15	395652.49	393876.14	394168.45	1826	2742	1
2024.09.24	17:40:00	394168.45	395067.87	393673.78	394258.39	1141	1591	1
2024.09.24	18:00:00	394325.85	395135.32	392999.21	393291.52	988	1295	1
2024.09.24	18:20:00	393269.04	394438.28	393246.55	393358.98	179	242	1
2024.09.25	09:00:00	392257.20	392639.45	390435.88	391627.61	1940	2625	1
2024.09.25	09:20:00	391650.09	392414.59	391380.27	392122.28	1421	1752	1
2024.09.25	09:40:00	392122.28	392976.73	391155.41	391267.84	2592	3118	1
2024.09.25	10:00:00	391245.36	392009.86	390278.49	390570.79	3132	4009	1
2024.09.25	10:20:00	390503.34	391402.75	389941.20	390953.05	2656	3511	1
2024.09.25	10:40:00	390885.59	392459.57	389379.07	392077.31	4207	5856	1
2024.09.25	11:00:00	392144.77	393314.01	391650.09	393066.67	3171	4342	1
2024.09.25	11:20:00	393179.10	394595.68	392571.99	394415.79	3073	4249	1
2024.09.25	11:40:00	394393.31	394932.96	392774.36	394843.01	3018	4367	1
2024.09.25	12:00:00	394865.50	395112.84	393673.78	394843.01	2729	3766	1
2024.09.25	12:20:00	394775.56	395225.27	392954.24	393696.26	2688	3772	1
2024.09.25	12:40:00	393718.75	394078.51	391065.47	391425.24	3217	5156	1
2024.09.25	13:00:00	391425.24	392122.28	390615.77	391695.06	2516	3724	1
2024.09.25	13:20:00	391717.55	392414.59	391222.87	392009.86	1472	2067	1
2024.09.25	13:40:00	392099.80	392167.26	390908.08	391042.99	1259	1863	1
2024.09.25	14:00:00	390998.02	391582.64	390705.71	390773.16	1754	2631	1
2024.09.25	14:20:00	390773.16	391312.81	388839.42	389873.75	3409	4987	1
2024.09.25	14:40:00	389896.23	389941.20	388029.95	388726.99	2752	3966	1
2024.09.25	15:00:00	388659.54	389716.35	388164.86	389356.59	1650	2393	1
2024.09.25	15:20:00	389289.13	389648.89	388726.99	389626.41	1257	1844	1
2024.09.25	15:40:00	389558.95	390593.28	389356.59	390390.91	1704	2473	1
2024.09.25	16:00:00	390323.46	391020.50	389244.16	389761.32	2614	3921	1
2024.09.25	16:20:00	389806.29	390278.49	389086.76	389469.01	1807	2713	1
2024.09.25	16:40:00	389446.53	389828.78	388457.17	388839.42	1581	2347	1
2024.09.25	17:00:00	388929.36	390638.25	388839.42	389986.18	1872	2856	1
2024.09.25	17:20:00	390076.12	390435.88	389738.84	390413.40	653	1069	1
2024.09.25	17:40:00	390435.88	390548.31	389941.20	390300.97	681	988	1
2024.09.25	18:00:00	390323.46	390638.25	389986.18	390345.94	762	968	1
2024.09.25	18:20:00	390211.03	390593.28	389828.78	390413.40	200	314	1
2024.09.26	09:00:00	395292.72	395292.72	391560.15	392841.82	2472	2980	1
2024.09.26	09:20:00	392751.88	394932.96	392414.59	393021.70	2563	3104	1
2024.09.26	09:40:00	392999.21	394932.96	392999.21	394370.82	2191	2540	1
2024.09.26	10:00:00	394348.34	395090.35	393786.20	394325.85	1841	2480	1
2024.09.26	10:20:00	394258.39	394370.82	391785.00	392189.74	3143	4255	1
2024.09.26	10:40:00	392189.74	394820.53	391964.89	394730.59	3447	4806	1
2024.09.26	11:00:00	394730.59	397496.29	394280.88	397159.01	5528	8252	1
2024.09.26	11:20:00	397114.04	398822.92	394843.01	397383.86	6312	9539	1
2024.09.26	11:40:00	397338.89	397631.20	393583.83	394145.97	3731	5201	1
2024.09.26	12:00:00	394145.97	396304.56	393696.26	395337.69	3167	4779	1
2024.09.26	12:20:00	395292.72	400059.62	395270.24	399070.26	4160	5905	1
2024.09.26	12:40:00	399160.20	400419.38	398013.45	398732.98	3620	5134	1
2024.09.26	13:00:00	398665.53	400464.36	397878.54	398845.41	3246	4605	1
2024.09.26	13:20:00	398935.35	400936.55	398732.98	400486.84	2819	4124	1
2024.09.26	13:40:00	400464.36	400779.15	399519.97	399834.77	2019	2800	1
2024.09.26	14:00:00	399834.77	402825.32	399609.91	401093.95	4103	5875	1
2024.09.26	14:20:00	401183.89	401498.68	398957.84	399205.18	2954	4292	1
2024.09.26	14:40:00	399227.66	400666.72	398463.16	398575.58	2843	4073	1
2024.09.26	15:00:00	398530.61	399722.34	397833.57	398732.98	3102	4820	1
2024.09.26	15:20:00	398755.47	399092.75	397428.83	398620.56	2764	4117	1
2024.09.26	15:40:00	398598.07	399587.43	397631.20	399587.43	2316	3414	1
2024.09.26	16:00:00	399609.91	399654.88	398283.28	398800.44	1814	2765	1
2024.09.26	16:20:00	398822.92	399834.77	398305.76	398822.92	1608	2429	1
2024.09.26	16:40:00	398755.47	399182.69	395944.80	396372.02	2402	3485	1
2024.09.26	17:00:00	396372.02	397271.43	395967.28	396821.73	1496	2078	1
2024.09.26	17:20:00	396664.33	397203.98	395899.83	397046.58	1157	1780	1
2024.09.26	17:40:00	397046.58	397046.58	395517.58	395652.49	884	1207	1
2024.09.26	18:00:00	395719.94	397248.95	395382.66	397001.61	781	1011	1
2024.09.26	18:20:00	396889.18	398755.47	396529.42	396529.42	248	331	1
2024.09.27	09:00:00	398556.62	401118.47	398445.23	400049.17	955	1197	1
2024.09.27	09:20:00	400205.11	403791.70	400026.90	403323.88	1693	2087	1
2024.09.27	09:40:00	403412.99	404081.30	402766.96	403056.56	1786	2659	1
2024.09.27	10:00:00	403123.39	403680.31	402009.54	402477.36	1727	2306	1
2024.09.27	10:20:00	402544.19	402700.13	400316.50	400628.37	2192	2919	1
2024.09.27	10:40:00	400650.65	402477.36	400004.62	402276.87	2641	4099	1
2024.09.27	11:00:00	402410.53	405774.35	401675.39	404214.96	4111	5900	1
2024.09.27	11:20:00	404192.68	407266.90	404081.30	406464.93	3491	4906	1
2024.09.27	11:40:00	406487.21	406821.36	405128.31	405685.24	2060	3069	1
2024.09.27	12:00:00	405662.96	406709.98	405128.31	406331.27	2037	3277	1
2024.09.27	12:20:00	406375.82	406643.15	405507.02	405752.07	1059	1582	1
2024.09.27	12:40:00	405752.07	406286.71	403457.54	403658.04	1527	2375	1
2024.09.27	13:00:00	403658.04	405507.02	403613.48	404415.45	1725	2763	1
2024.09.27	13:20:00	404304.07	406219.88	403190.22	405818.90	2067	3070	1
2024.09.27	13:40:00	405796.62	406353.55	405172.87	405484.75	1221	1897	1
2024.09.27	14:00:00	405417.91	405908.01	403635.76	403724.87	1755	2352	1
2024.09.27	14:20:00	403680.31	403813.98	402611.02	402833.79	1690	2366	1
2024.09.27	14:40:00	402878.34	403613.48	402365.97	403457.54	1152	1629	1
2024.09.27	15:00:00	403479.82	403568.93	401764.50	402187.76	975	1458	1
2024.09.27	15:20:00	402165.48	402544.19	401073.91	401608.56	1100	1572	1
2024.09.27	15:40:00	401608.56	403346.16	401408.07	403234.77	1045	1466	1
2024.09.27	16:00:00	403257.05	404059.02	402254.59	402922.90	1583	2268	1
2024.09.27	16:20:00	402878.34	403167.94	402343.70	402343.70	692	913	1
2024.09.27	16:40:00	402321.42	402544.19	401653.11	401786.77	1041	1458	1
2024.09.27	17:00:00	401831.33	402499.64	401630.84	402076.37	699	1123	1
2024.09.27	17:20:00	402031.82	402700.13	397643.26	397643.26	799	520	1
2024.09.30	09:00:00	389289.41	390046.83	387262.21	387975.08	1718	2189	1
2024.09.30	09:20:00	388086.46	388977.54	387863.69	388866.15	1884	2821	1
2024.09.30	09:40:00	388843.88	390759.69	387685.48	389957.72	2986	3940	1
2024.09.30	10:00:00	389957.72	392274.52	389913.17	392207.69	2333	2902	1
2024.09.30	10:20:00	392140.86	392564.12	390871.08	391472.55	2679	3335	1
2024.09.30	10:40:00	391405.72	393722.52	391182.95	391984.92	2848	3764	1
2024.09.30	11:00:00	392051.75	392630.95	389957.72	390336.43	2739	3956	1
2024.09.30	11:20:00	390225.05	391517.11	389623.57	391405.72	2176	3031	1
2024.09.30	11:40:00	391361.17	391895.82	389289.41	389779.51	2064	2861	1
2024.09.30	12:00:00	389846.34	390781.97	388621.11	390425.54	1847	2571	1
2024.09.30	12:20:00	390447.82	391249.78	389423.08	389467.63	1197	1826	1
2024.09.30	12:40:00	389579.01	391272.06	388955.26	389044.37	1573	2290	1
2024.09.30	13:00:00	389044.37	390135.94	388665.66	389779.51	1533	2075	1
2024.09.30	13:20:00	389824.06	389846.34	388710.21	388799.32	952	1333	1
2024.09.30	13:40:00	388866.15	389356.25	387975.08	388041.91	1425	2019	1
2024.09.30	14:00:00	388108.74	388999.81	387663.20	388754.77	1576	2355	1
2024.09.30	14:20:00	388777.05	389423.08	387663.20	389244.86	2215	3273	1
2024.09.30	14:40:00	389267.14	389801.78	388777.05	389645.85	1668	2527	1
2024.09.30	15:00:00	389690.40	390024.55	387239.94	387440.43	3195	4636	1
2024.09.30	15:20:00	387418.15	388153.29	386081.54	387752.31	3682	5559	1
2024.09.30	15:40:00	387863.69	388710.21	387150.83	387150.83	2132	3125	1
2024.09.30	16:00:00	387128.55	388487.44	386838.95	387908.24	1710	2535	1
2024.09.30	16:20:00	387863.69	388843.88	387507.26	388398.34	1697	2689	1
2024.09.30	16:40:00	388376.06	389244.86	387440.43	388041.91	2169	3269	1
2024.09.30	17:00:00	387975.08	389244.86	387507.26	389022.09	1238	1816	1
2024.09.30	17:20:00	389111.20	389645.85	388665.66	389445.35	877	1247	1
2024.09.30	17:40:00	389467.63	390559.20	389178.03	390225.05	857	1210	1
2024.09.30	18:00:00	390113.66	390336.43	389512.18	389846.34	494	664	1
2024.09.30	18:20:00	389868.61	390536.92	389489.91	390536.92	187	243	1
2024.10.01	09:00:00	391428.00	391428.00	388799.32	389244.86	1841	2231	1
2024.10.01	09:20:00	389155.75	389601.29	388420.61	388732.49	1819	2296	1
2024.10.01	09:40:00	388687.94	388799.32	387462.71	388264.68	2127	2681	1
2024.10.01	10:00:00	388264.68	388420.61	386794.40	386883.51	2101	2699	1
2024.10.01	10:20:00	386883.51	387351.32	384366.21	384566.70	4426	5944	1
2024.10.01	10:40:00	384566.70	385947.87	383185.53	385190.46	6477	9197	1
2024.10.01	11:00:00	385279.57	387017.17	383274.64	384343.94	6400	9033	1
2024.10.01	11:20:00	384410.77	385903.32	382695.44	383764.73	4570	6551	1
2024.10.01	11:40:00	383853.84	385279.57	382762.27	383163.26	3387	5276	1
2024.10.01	12:00:00	383096.43	383675.63	378529.66	381024.67	5728	8931	1
2024.10.01	12:20:00	381091.50	382918.21	379665.78	382628.61	3126	4519	1
2024.10.01	12:40:00	382628.61	383697.90	382027.13	382093.96	2462	3624	1
2024.10.01	13:00:00	382093.96	383007.32	381626.15	381804.36	2192	3296	1
2024.10.01	13:20:00	381737.53	382027.13	378462.82	380445.47	4105	6138	1
2024.10.01	13:40:00	380356.36	382071.69	378618.76	381737.53	4165	5931	1
2024.10.01	14:00:00	381715.26	381737.53	377304.42	377683.13	3641	5083	1
2024.10.01	14:20:00	377705.41	378574.21	374519.81	376947.99	5568	9172	1
2024.10.01	14:40:00	376925.72	380868.73	376524.73	380490.03	3343	4961	1
2024.10.01	15:00:00	380356.36	381670.70	379665.78	380334.09	3047	4457	1
2024.10.01	15:20:00	380289.53	382027.13	379843.99	380311.81	3043	4131	1
2024.10.01	15:40:00	380334.09	380645.96	378440.55	379309.35	3528	5255	1
2024.10.01	16:00:00	379175.69	379175.69	376680.67	378329.16	2778	3929	1
2024.10.01	16:20:00	378284.61	379799.44	378017.29	379420.73	2777	4033	1
2024.10.01	16:40:00	379487.56	379799.44	377705.41	378195.50	2183	3254	1
2024.10.01	17:00:00	378217.78	378351.44	373071.81	373606.45	4484	6799	1
2024.10.01	17:20:00	373628.73	374608.92	369329.28	369774.82	4690	7165	1
2024.10.01	17:40:00	369730.27	371311.93	367591.68	370064.42	2947	4409	1
2024.10.01	18:00:00	370264.91	370977.78	368683.25	368928.30	976	1273	1
2024.10.01	18:20:00	368995.13	369552.05	367859.00	368660.97	187	225	1
2024.10.02	09:00:00	370977.78	372024.79	369707.99	370331.74	2477	2926	1
2024.10.02	09:20:00	370354.02	372158.45	370331.74	371512.42	2732	3273	1
2024.10.02	09:40:00	371690.64	372358.94	368505.04	369151.07	3602	4175	1
2024.10.02	10:00:00	369151.07	370955.50	368549.59	370309.47	3609	4621	1
2024.10.02	10:20:00	370264.91	371757.47	368683.25	369217.90	4785	6361	1
2024.10.02	10:40:00	369262.45	374386.15	368772.36	373918.33	6010	8023	1
2024.10.02	11:00:00	373940.61	374831.68	371913.41	374631.19	5015	6499	1
2024.10.02	11:20:00	374653.47	374898.52	371690.64	374051.99	4522	5928	1
2024.10.02	11:40:00	374029.72	374787.13	372136.18	372136.18	3088	4197	1
2024.10.02	12:00:00	372225.28	376301.96	371980.24	376212.85	3860	5303	1
2024.10.02	12:20:00	376168.30	377749.96	375499.99	377438.09	3320	4482	1
2024.10.02	12:40:00	377438.09	377794.52	376569.29	377326.70	2192	3086	1
2024.10.02	13:00:00	377304.42	380467.75	377014.82	378752.42	3970	5662	1
2024.10.02	13:20:00	378908.36	380022.21	378173.22	378440.55	2196	3155	1
2024.10.02	13:40:00	378440.55	378641.04	376836.61	376947.99	2445	3417	1
2024.10.02	14:00:00	376947.99	377393.53	375611.38	377103.93	2774	3861	1
2024.10.02	14:20:00	377081.65	377371.26	373985.16	375522.27	3163	4587	1
2024.10.02	14:40:00	375477.72	376435.62	374898.52	376146.02	1590	2248	1
2024.10.02	15:00:00	376101.47	376591.56	371401.04	371935.68	4418	6602	1
2024.10.02	15:20:00	371957.96	374096.55	371512.42	373049.53	3622	4880	1
2024.10.02	15:40:00	373160.91	373584.18	370910.94	370955.50	2704	4085	1
2024.10.02	16:00:00	370933.22	372069.34	368259.99	368282.27	4735	6922	1
2024.10.02	16:20:00	368415.93	369908.48	366901.10	368527.31	4527	6490	1
2024.10.02	16:40:00	368482.76	368794.64	366210.51	367302.08	4839	7294	1
2024.10.02	17:00:00	367435.74	369373.84	366878.82	368059.50	3350	4791	1
2024.10.02	17:20:00	368014.94	370376.30	367101.59	370220.36	2501	3498	1
2024.10.02	17:40:00	370287.19	372069.34	369552.05	371423.31	2038	2980	1
2024.10.02	18:00:00	371623.81	371646.08	369752.54	370175.81	850	1219	1
2024.10.02	18:20:00	370086.70	371022.33	369774.82	371022.33	94	147	1
2024.10.03	09:00:00	370710.45	371512.42	369730.27	370866.39	2682	3491	1
2024.10.03	09:20:00	370799.56	372269.84	370131.25	371356.48	2776	3813	1
2024.10.03	09:40:00	371245.10	371980.24	370376.30	370710.45	2310	2915	1
2024.10.03	10:00:00	370777.28	370955.50	366834.27	368549.59	4729	6456	1
2024.10.03	10:20:00	368549.59	372537.16	368460.48	369774.82	6080	8689	1
2024.10.03	10:40:00	369774.82	371646.08	368482.76	370888.67	5374	7705	1
2024.10.03	11:00:00	370910.94	374564.36	370732.73	373873.78	5774	8494	1
2024.10.03	11:20:00	373940.61	374163.38	370643.62	372626.27	4029	5896	1
2024.10.03	11:40:00	372648.55	372982.70	370175.81	370264.91	3560	5453	1
2024.10.03	12:00:00	370242.64	371556.98	369195.62	370688.17	3434	4886	1
2024.10.03	12:20:00	370688.17	371556.98	369685.71	370153.53	2943	4213	1
2024.10.03	12:40:00	370175.81	373272.30	369641.16	373116.36	2943	4249	1
2024.10.03	13:00:00	373116.36	373829.22	371935.68	372091.62	2795	3851	1
2024.10.03	13:20:00	372091.62	372136.18	369351.56	370554.51	3111	4265	1
2024.10.03	13:40:00	370487.68	370710.45	368972.85	369373.84	2859	4118	1
2024.10.03	14:00:00	369351.56	371824.30	368193.16	371757.47	3549	4876	1
2024.10.03	14:20:00	371824.30	373472.79	371200.54	371334.21	3992	5745	1
2024.10.03	14:40:00	371289.65	373071.81	370821.84	372626.27	3351	4929	1
2024.10.03	15:00:00	372648.55	372982.70	371824.30	372871.31	1575	2306	1
2024.10.03	15:20:00	372849.04	373539.62	371133.71	371490.14	2230	3384	1
2024.10.03	15:40:00	371467.87	372670.82	371245.10	372002.51	1629	2440	1
2024.10.03	16:00:00	371980.24	372470.33	371111.44	372314.39	1604	2458	1
2024.10.03	16:20:00	372269.84	373673.28	371957.96	373561.90	2212	3401	1
2024.10.03	16:40:00	373584.18	374720.30	372849.04	374542.08	2321	3461	1
2024.10.03	17:00:00	374475.25	375232.67	373673.28	374207.93	2024	3063	1
2024.10.03	17:20:00	374185.65	374297.04	372292.11	373071.81	1789	2842	1
2024.10.03	17:40:00	373027.25	373316.85	372648.55	373294.58	631	940	1
2024.10.03	18:00:00	373138.64	374230.21	371824.30	374096.55	1004	1392	1
2024.10.03	18:20:00	374141.10	374608.92	373606.45	374252.48	112	223	1
2024.10.04	09:00:00	376569.29	378551.93	376279.69	378240.06	2248	2912	1
2024.10.04	09:20:00	378217.78	381425.66	377772.24	379353.90	3124	4360	1
2024.10.04	09:40:00	379532.12	382517.23	378284.61	382339.01	3705	4872	1
2024.10.04	10:00:00	382316.73	382695.44	378485.10	378730.15	4863	6743	1
2024.10.04	10:20:00	378707.87	379398.46	377170.76	379086.58	4319	5910	1
2024.10.04	10:40:00	379153.41	379933.10	377215.32	377616.30	4528	6342	1
2024.10.04	11:00:00	377571.75	377839.07	374787.13	375811.87	5998	8798	1
2024.10.04	11:20:00	375722.76	375722.76	371980.24	372693.10	5060	6978	1
2024.10.04	11:40:00	372737.65	374608.92	372626.27	374185.65	2773	3988	1
2024.10.04	12:00:00	374118.82	377883.62	374118.82	376881.16	4020	5723	1
2024.10.04	12:20:00	376858.89	377504.92	376346.52	376391.07	2390	3674	1
2024.10.04	12:40:00	376391.07	378574.21	375990.09	378507.38	3353	5050	1
2024.10.04	13:00:00	378551.93	378707.87	376636.12	378217.78	2915	4039	1
2024.10.04	13:20:00	378195.50	381403.38	377950.46	380824.18	3491	4903	1
2024.10.04	13:40:00	380913.29	381292.00	380111.32	381069.23	2343	3139	1
2024.10.04	14:00:00	381002.40	381782.09	380445.47	380467.75	2476	3498	1
2024.10.04	14:20:00	380512.30	380712.80	378418.27	379420.73	3281	4353	1
2024.10.04	14:40:00	379420.73	380801.90	379264.79	379799.44	2982	4065	1
2024.10.04	15:00:00	379866.27	380512.30	379108.86	380200.43	2310	3340	1
2024.10.04	15:20:00	380200.43	381514.76	379821.72	380980.12	2185	3180	1
2024.10.04	15:40:00	380935.56	381915.75	380289.53	381737.53	2438	3492	1
2024.10.04	16:00:00	381670.70	382316.73	381024.67	382205.35	2119	3077	1
2024.10.04	16:20:00	382227.63	382472.67	380824.18	380891.01	2475	3487	1
2024.10.04	16:40:00	380891.01	382093.96	380757.35	381559.32	1863	2791	1
2024.10.04	17:00:00	381470.21	381804.36	380824.18	380957.84	1128	1735	1
2024.10.04	17:20:00	381046.95	381358.83	380400.92	381269.72	1083	1737	1
2024.10.04	17:40:00	381202.89	382316.73	381180.61	381871.20	980	1497	1
2024.10.04	18:00:00	381982.58	382116.24	381269.72	381871.20	666	967	1
2024.10.04	18:20:00	381871.20	383742.46	381871.20	382071.69	360	460	1
2024.10.07	09:00:00	385881.04	386994.89	383140.98	383341.47	2340	3018	1
2024.10.07	09:20:00	383274.64	384054.34	382405.84	383230.09	2432	3330	1
2024.10.07	09:40:00	383230.09	383408.30	382183.07	383074.15	1775	2522	1
2024.10.07	10:00:00	383029.60	384633.54	382539.50	384633.54	2013	2887	1
2024.10.07	10:20:00	384611.26	386504.80	384499.87	385569.17	3973	5626	1
2024.10.07	10:40:00	385457.78	388398.34	385145.90	387819.14	4578	6638	1
2024.10.07	11:00:00	387685.48	391650.77	387640.92	391450.28	4922	7343	1
2024.10.07	11:20:00	391517.11	393499.75	391205.23	392764.62	5351	7883	1
2024.10.07	11:40:00	392742.34	393900.74	392007.20	392675.51	3241	4618	1
2024.10.07	12:00:00	392630.95	392720.06	390536.92	392118.59	4072	6045	1
2024.10.07	12:20:00	392029.48	393187.88	391049.29	391606.22	2285	3373	1
2024.10.07	12:40:00	391583.94	392074.03	390603.75	391182.95	1780	2672	1
2024.10.07	13:00:00	391182.95	391940.37	389757.23	391539.38	2675	3948	1
2024.10.07	13:20:00	391472.55	392163.14	390603.75	391717.60	2087	2975	1
2024.10.07	13:40:00	391695.32	392430.46	391517.11	391806.71	1576	2348	1
2024.10.07	14:00:00	391828.98	392341.35	390737.42	391272.06	1826	2602	1
2024.10.07	14:20:00	391316.62	391583.94	389868.61	390848.80	2401	3410	1
2024.10.07	14:40:00	390848.80	391851.26	390581.48	391739.88	1838	2506	1
2024.10.07	15:00:00	391695.32	391984.92	388977.54	389690.40	3076	4282	1
2024.10.07	15:20:00	389601.29	390648.31	388131.01	388821.60	3410	4915	1
2024.10.07	15:40:00	388754.77	388843.88	385279.57	386371.14	4435	6279	1
2024.10.07	16:00:00	386393.41	389824.06	386348.86	389534.46	3344	4858	1
2024.10.07	16:20:00	389489.91	389489.91	387752.31	389022.09	2515	3712	1
2024.10.07	16:40:00	389066.65	390113.66	388331.51	389423.08	2045	2841	1
2024.10.07	17:00:00	389423.08	389690.40	387908.24	388264.68	1435	2204	1
2024.10.07	17:20:00	388242.40	388866.15	387841.41	388153.29	1089	1576	1
2024.10.07	17:40:00	388242.40	388398.34	387195.38	387618.64	774	1149	1
2024.10.07	18:00:00	387618.64	389467.63	387484.98	388621.11	904	1272	1
2024.10.07	18:20:00	388598.83	389111.20	387952.80	388799.32	176	241	1
2024.10.08	09:00:00	385970.15	386660.74	385168.18	385480.06	2305	3018	1
2024.10.08	09:20:00	385480.06	387239.94	384989.97	386460.24	2818	3648	1
2024.10.08	09:40:00	386527.07	386749.84	384566.70	384700.37	3762	5009	1
2024.10.08	10:00:00	384700.37	385435.51	383764.73	383876.12	4116	5748	1
2024.10.08	10:20:00	383876.12	387685.48	383853.84	386838.95	5157	7016	1
2024.10.08	10:40:00	386794.40	389066.65	386571.63	388999.81	4478	6438	1
2024.10.08	11:00:00	389022.09	390113.66	385992.43	386838.95	6947	9743	1
2024.10.08	11:20:00	386905.78	388286.95	384611.26	386504.80	5607	8050	1
2024.10.08	11:40:00	386482.52	388754.77	385791.94	388442.89	4496	6703	1
2024.10.08	12:00:00	388554.28	388932.98	386905.78	387017.17	3533	5368	1
2024.10.08	12:20:00	386928.06	387841.41	382717.72	384522.15	5243	7433	1
2024.10.08	12:40:00	384588.98	386215.20	384299.38	385502.34	2811	4019	1
2024.10.08	13:00:00	385546.89	385947.87	383942.95	384789.47	3334	4778	1
2024.10.08	13:20:00	384789.47	386282.03	383631.07	385569.17	2942	4099	1
2024.10.08	13:40:00	385480.06	387061.72	385279.57	386794.40	2665	3927	1
2024.10.08	14:00:00	386838.95	386861.23	385257.29	385457.78	3574	5162	1
2024.10.08	14:20:00	385502.34	385502.34	384254.83	384410.77	2392	3307	1
2024.10.08	14:40:00	384477.60	385947.87	383898.40	385947.87	2123	2894	1
2024.10.08	15:00:00	385947.87	386660.74	385145.90	385390.95	2822	4196	1
2024.10.08	15:20:00	385435.51	385435.51	383675.63	384032.06	2477	3484	1
2024.10.08	15:40:00	384054.34	384210.27	382806.83	384076.61	2498	3621	1
2024.10.08	16:00:00	384032.06	384210.27	382494.95	383319.20	2532	3497	1
2024.10.08	16:20:00	383319.20	385769.66	382650.89	385658.27	3248	4730	1
2024.10.08	16:40:00	385702.83	385747.38	384856.30	385056.80	1772	2547	1
2024.10.08	17:00:00	385056.80	386081.54	384299.38	385524.61	2143	2979	1
2024.10.08	17:20:00	385435.51	385836.49	385012.24	385390.95	772	1022	1
2024.10.08	17:40:00	385435.51	386148.37	385368.67	386148.37	700	999	1
2024.10.08	18:00:00	386170.64	386415.69	385680.55	386393.41	553	707	1
2024.10.08	18:20:00	386348.86	387262.21	386348.86	386950.34	278	393	1
2024.10.09	09:00:00	385613.72	385769.66	384655.81	385235.01	1615	2038	1
2024.10.09	09:20:00	385279.57	385992.43	384410.77	384588.98	3004	3994	1
2024.10.09	09:40:00	384633.54	385480.06	383631.07	385279.57	4352	6009	1
2024.10.09	10:00:00	385279.57	386660.74	384277.10	385992.43	4465	6364	1
2024.10.09	10:20:00	385992.43	386660.74	384700.37	385992.43	4553	6821	1
2024.10.09	10:40:00	385992.43	386504.80	384900.86	384989.97	3011	4474	1
2024.10.09	11:00:00	384967.69	386482.52	383942.95	386237.47	3622	5353	1
2024.10.09	11:20:00	386326.58	386816.67	385702.83	386126.09	1984	3100	1
2024.10.09	11:40:00	386126.09	386192.92	384299.38	386036.98	2969	4469	1
2024.10.09	12:00:00	386014.71	387529.54	385279.57	387306.77	2341	3500	1
2024.10.09	12:20:00	387329.04	388932.98	386950.34	388131.01	3139	4669	1
2024.10.09	12:40:00	388175.57	389668.12	388019.63	388977.54	2427	3555	1
2024.10.09	13:00:00	389044.37	389155.75	386036.98	386215.20	3261	4867	1
2024.10.09	13:20:00	386148.37	386838.95	385123.63	386415.69	3171	4449	1
2024.10.09	13:40:00	386415.69	386794.40	385413.23	386081.54	2163	2981	1
2024.10.09	14:00:00	386126.09	386838.95	385569.17	386460.24	1541	2219	1
2024.10.09	14:20:00	386437.97	386660.74	385457.78	386215.20	1660	2559	1
2024.10.09	14:40:00	386304.31	386504.80	385145.90	385769.66	1685	2568	1
2024.10.09	15:00:00	385702.83	386393.41	382962.77	383341.47	3596	5308	1
2024.10.09	15:20:00	383341.47	384499.87	383140.98	383764.73	2563	3732	1
2024.10.09	15:40:00	383586.52	384210.27	382049.41	382383.57	3261	4763	1
2024.10.09	16:00:00	382339.01	382494.95	380445.47	381136.06	3404	4879	1
2024.10.09	16:20:00	381046.95	381447.93	379398.46	381180.61	3048	4619	1
2024.10.09	16:40:00	381247.44	381403.38	380467.75	380891.01	1656	2552	1
2024.10.09	17:00:00	380935.56	381091.50	380089.04	380311.81	1314	1977	1
2024.10.09	17:20:00	380244.98	381136.06	380044.49	380779.63	1063	1626	1
2024.10.09	17:40:00	380891.01	381759.81	376591.56	377549.47	3391	4995	1
2024.10.09	18:00:00	377549.47	379153.41	376903.44	378173.22	1355	1813	1
2024.10.09	18:20:00	378485.10	379509.84	377928.18	379509.84	227	273	1
2024.10.10	09:00:00	381960.30	382829.10	381202.89	381982.58	1878	2587	1
2024.10.10	09:20:00	381982.58	383051.87	379086.58	380490.03	3628	5024	1
2024.10.10	09:40:00	380445.47	381915.75	379710.33	380244.98	3178	3859	1
2024.10.10	10:00:00	380200.43	380891.01	379086.58	380735.07	2649	3423	1
2024.10.10	10:20:00	380757.35	381871.20	379821.72	380311.81	2839	3482	1
2024.10.10	10:40:00	380378.64	381626.15	378240.06	380824.18	4265	5422	1
2024.10.10	11:00:00	380757.35	381492.49	378485.10	378618.76	3358	4472	1
2024.10.10	11:20:00	378641.04	378841.53	376903.44	377705.41	2942	3651	1
2024.10.10	11:40:00	377749.96	378796.98	377059.38	377638.58	2552	3294	1
2024.10.10	12:00:00	377683.13	378707.87	376591.56	378106.39	3068	4368	1
2024.10.10	12:20:00	378173.22	378507.38	376970.27	377616.30	1613	2283	1
2024.10.10	12:40:00	377571.75	379331.63	377304.42	379131.13	1690	2423	1
2024.10.10	13:00:00	379086.58	380467.75	378306.89	379108.86	3252	4330	1
2024.10.10	13:20:00	379108.86	379754.89	377126.21	377415.81	2899	3991	1
2024.10.10	13:40:00	377393.53	377883.62	376101.47	376301.96	2896	3933	1
2024.10.10	14:00:00	376324.24	377193.04	374853.96	375188.12	4233	5503	1
2024.10.10	14:20:00	375232.67	376547.01	375076.73	375321.78	2414	3167	1
2024.10.10	14:40:00	375277.22	375633.65	370955.50	371311.93	5868	7744	1
2024.10.10	15:00:00	371245.10	371245.10	367057.03	368215.44	7182	10075	1
2024.10.10	15:20:00	368237.71	370175.81	367034.76	369485.22	5392	7552	1
2024.10.10	15:40:00	369396.11	370866.39	368482.76	370799.56	2824	4646	1
2024.10.10	16:00:00	370732.73	371311.93	369752.54	370688.17	3356	5256	1
2024.10.10	16:20:00	370710.45	372136.18	370287.19	372024.79	2219	3358	1
2024.10.10	16:40:00	372024.79	372804.48	371534.70	372581.71	2558	3934	1
2024.10.10	17:00:00	372581.71	374564.36	371935.68	372648.55	4374	6541	1
2024.10.10	17:20:00	372648.55	372715.38	371356.48	371891.13	1580	2284	1
2024.10.10	17:40:00	371913.41	373138.64	371601.53	372648.55	1349	2102	1
2024.10.10	18:00:00	372648.55	372804.48	371690.64	372804.48	664	945	1
2024.10.10	18:20:00	372425.78	373227.75	372336.67	372960.42	156	252	1
2024.10.11	09:00:00	380222.70	381603.87	380089.04	380868.73	1614	2121	1
2024.10.11	09:20:00	380891.01	382695.44	380423.19	382183.07	2180	2983	1
2024.10.11	09:40:00	382272.18	383898.40	381202.89	383697.90	3176	4412	1
2024.10.11	10:00:00	383809.29	384388.49	383207.81	383631.07	2137	3053	1
2024.10.11	10:20:00	383608.80	389178.03	383541.97	387284.49	5304	7610	1
2024.10.11	10:40:00	387217.66	390514.65	386794.40	389178.03	4021	6419	1
2024.10.11	11:00:00	389111.20	390403.26	388665.66	389289.41	3427	5219	1
2024.10.11	11:20:00	389289.41	390024.55	388465.17	389534.46	2307	3585	1
2024.10.11	11:40:00	389601.29	390225.05	388197.84	389333.97	3225	4855	1
2024.10.11	12:00:00	389311.69	392252.25	389289.41	391673.05	4110	6529	1
2024.10.11	12:20:00	391650.77	392252.25	390225.05	390514.65	2655	4289	1
2024.10.11	12:40:00	390536.92	393767.08	390536.92	392274.52	3535	5968	1
2024.10.11	13:00:00	392274.52	393432.92	391918.09	391962.65	2381	3677	1
2024.10.11	13:20:00	391940.37	393655.69	391940.37	393165.60	2498	4269	1
2024.10.11	13:40:00	393165.60	394234.89	391784.43	392675.51	3692	5935	1
2024.10.11	14:00:00	392630.95	392853.72	391828.98	392029.48	1442	2277	1
2024.10.11	14:20:00	392096.31	395371.02	392007.20	393945.29	4682	7065	1
2024.10.11	14:40:00	393989.85	396462.59	393900.74	396128.43	4282	6694	1
2024.10.11	15:00:00	396172.99	396395.76	395237.36	395794.28	1975	3329	1
2024.10.11	15:20:00	395816.56	396306.65	395170.52	395972.49	2173	3947	1
2024.10.11	15:40:00	395972.49	396551.69	395482.40	396328.93	1670	3098	1
2024.10.11	16:00:00	396328.93	399135.82	395504.68	397598.71	5040	8243	1
2024.10.11	16:20:00	397598.71	397710.10	395014.59	395861.11	3611	6127	1
2024.10.11	16:40:00	395883.39	396640.80	395148.25	396351.20	2723	4471	1
2024.10.11	17:00:00	396284.37	396306.65	394747.26	394791.82	1718	2913	1
2024.10.11	17:20:00	394791.82	395838.83	394658.16	395437.85	1368	2187	1
2024.10.11	17:40:00	395371.02	396618.53	395192.80	395794.28	954	1442	1
2024.10.11	18:00:00	395705.17	397019.51	394903.20	394903.20	921	1281	1
2024.10.11	18:20:00	395148.25	395950.22	395014.59	395304.19	195	265	1
2024.10.14	09:00:00	406999.58	411009.42	405752.07	409427.76	1883	2700	1
2024.10.14	09:20:00	409427.76	410964.87	408804.01	410563.89	2508	3759	1
2024.10.14	09:40:00	410563.89	410563.89	408848.56	408915.39	1984	2798	1
2024.10.14	10:00:00	408893.12	408982.22	407511.95	407645.61	2711	4147	1
2024.10.14	10:20:00	407556.50	407601.05	405551.58	406041.67	3067	4703	1
2024.10.14	10:40:00	406175.33	409138.16	406041.67	408425.30	4252	6611	1
2024.10.14	11:00:00	408469.85	411410.41	408046.59	410563.89	4545	6789	1
2024.10.14	11:20:00	410630.72	414818.78	410630.72	413526.72	5451	8351	1
2024.10.14	11:40:00	413638.10	415709.86	412836.13	413125.73	4999	7020	1
2024.10.14	12:00:00	413170.29	414729.67	412635.64	414328.69	2688	3953	1
2024.10.14	12:20:00	414284.13	415108.38	413838.60	413927.70	2548	3974	1
2024.10.14	12:40:00	413927.70	414105.92	411321.30	411655.46	3177	4892	1
2024.10.14	13:00:00	411655.46	412368.32	409405.49	409895.58	3604	5708	1
2024.10.14	13:20:00	409917.86	411855.95	409761.92	410987.15	2734	4067	1
2024.10.14	13:40:00	411053.98	411388.13	409717.36	410185.18	2514	3803	1
2024.10.14	14:00:00	410207.46	411165.36	409650.53	410051.52	2467	3562	1
2024.10.14	14:20:00	410051.52	410140.62	408670.35	409984.69	2988	4472	1
2024.10.14	14:40:00	410029.24	410652.99	409383.21	409516.87	2314	3412	1
2024.10.14	15:00:00	409539.15	411187.64	408737.18	410853.49	2875	4295	1
2024.10.14	15:20:00	410853.49	411811.39	410608.44	411633.18	2027	3052	1
2024.10.14	15:40:00	411677.73	412279.21	410363.39	410407.95	2539	3978	1
2024.10.14	16:00:00	410452.50	412858.41	410385.67	412657.92	2340	3527	1
2024.10.14	16:20:00	412613.36	412947.52	410675.27	412457.43	2863	4389	1
2024.10.14	16:40:00	412568.81	412702.47	411321.30	411700.01	1624	2511	1
2024.10.14	17:00:00	411588.63	412724.75	410831.21	412524.26	1848	3048	1
2024.10.14	17:20:00	412390.59	413303.95	412056.44	412880.69	1098	1667	1
2024.10.14	17:40:00	412769.30	413237.12	412323.76	412435.15	890	1417	1
2024.10.14	18:00:00	412412.87	412969.79	411945.06	412346.04	719	900	1
2024.10.14	18:20:00	412368.32	412769.30	411009.42	411098.53	237	274	1
2024.10.15	09:00:00	408781.73	410764.38	407846.10	410207.46	2475	3342	1
2024.10.15	09:20:00	410452.50	413682.66	410252.01	413526.72	3265	4444	1
2024.10.15	09:40:00	413571.27	414195.03	412947.52	413638.10	2779	3794	1
2024.10.15	10:00:00	413638.10	415130.66	413526.72	414818.78	3442	4713	1
2024.10.15	10:20:00	414841.06	417402.90	414039.09	417358.35	5446	7523	1
2024.10.15	10:40:00	417291.52	427628.02	417180.14	426781.49	9954	14798	1
2024.10.15	11:00:00	426781.49	429098.29	422860.75	423172.63	8443	12999	1
2024.10.15	11:20:00	423284.02	424375.58	415843.52	416155.40	7190	10742	1
2024.10.15	11:40:00	416199.95	416556.38	411722.29	412501.98	6400	10435	1
2024.10.15	12:00:00	412524.26	415420.26	408714.90	413103.46	6125	9611	1
2024.10.15	12:20:00	413125.73	417915.27	411722.29	416021.73	5170	7809	1
2024.10.15	12:40:00	415776.69	417670.23	415687.58	416467.27	2670	4039	1
2024.10.15	13:00:00	416556.38	421323.65	416422.72	420789.00	4058	5731	1
2024.10.15	13:20:00	420699.89	424085.98	419496.94	423930.05	4431	6471	1
2024.10.15	13:40:00	423952.32	424932.51	421724.63	423105.80	4446	6214	1
2024.10.15	14:00:00	423172.63	424576.08	420811.28	422526.60	4675	6799	1
2024.10.15	14:20:00	422526.60	422793.92	421011.77	422348.38	3256	4529	1
2024.10.15	14:40:00	422370.66	424286.48	422058.78	422303.83	3140	4549	1
2024.10.15	15:00:00	422348.38	426603.28	421880.57	425934.97	4174	6094	1
2024.10.15	15:20:00	425912.69	426358.23	423529.06	424375.58	2910	4435	1
2024.10.15	15:40:00	424308.75	425378.05	422994.42	423105.80	2653	3981	1
2024.10.15	16:00:00	423172.63	424264.20	420900.38	422326.11	3596	5388	1
2024.10.15	16:20:00	422303.83	422927.58	421323.65	422303.83	1588	2476	1
2024.10.15	16:40:00	422437.49	424397.86	422081.06	423952.32	2744	4233	1
2024.10.15	17:00:00	423818.66	424019.15	421078.60	421501.86	2247	3502	1
2024.10.15	17:20:00	421501.86	422482.05	419831.09	420588.51	2500	3582	1
2024.10.15	17:40:00	420699.89	422058.78	419987.03	420566.23	1412	2008	1
2024.10.15	18:00:00	420566.23	421657.80	419563.77	419875.64	1151	1538	1
2024.10.15	18:20:00	419875.64	421056.32	418472.20	420053.86	266	348	1
2024.10.16	09:00:00	429677.50	429922.54	427182.48	427449.80	4201	5375	1
2024.10.16	09:20:00	427561.19	430234.42	427494.36	429877.99	3998	5273	1
2024.10.16	09:40:00	429855.71	432528.94	429655.22	431682.42	6401	8697	1
2024.10.16	10:00:00	431637.87	433041.31	430501.74	431370.54	4814	6546	1
2024.10.16	10:20:00	431348.27	432105.68	427583.46	427694.85	7035	9695	1
2024.10.16	10:40:00	427583.46	429343.34	426269.12	428630.48	6428	8990	1
2024.10.16	11:00:00	428741.86	433442.30	427917.62	431927.47	7798	11115	1
2024.10.16	11:20:00	431905.19	432773.99	428029.00	428029.00	6416	9212	1
2024.10.16	11:40:00	428118.11	430724.51	427093.37	428251.77	4483	6233	1
2024.10.16	12:00:00	428318.60	429254.23	426202.29	428764.14	3869	5668	1
2024.10.16	12:20:00	428853.25	430702.23	428853.25	429343.34	2951	4149	1
2024.10.16	12:40:00	429410.17	430278.97	428095.83	428675.03	3110	4969	1
2024.10.16	13:00:00	428496.82	429632.94	427048.82	427516.63	3874	5913	1
2024.10.16	13:20:00	427494.36	428675.03	426803.77	428140.39	3308	4770	1
2024.10.16	13:40:00	428184.94	429298.79	427472.08	429231.96	2792	4102	1
2024.10.16	14:00:00	429231.96	429499.28	428118.11	428519.09	2759	4066	1
2024.10.16	14:20:00	428541.37	429410.17	427806.23	428496.82	2643	3926	1
2024.10.16	14:40:00	428496.82	430078.48	428318.60	428986.91	2703	4053	1
2024.10.16	15:00:00	428920.08	429967.10	428719.59	429677.50	1902	2864	1
2024.10.16	15:20:00	429677.50	431348.27	429053.74	429454.73	3099	4724	1
2024.10.16	15:40:00	429477.00	429833.43	428986.91	429365.62	1448	2088	1
2024.10.16	16:00:00	429276.51	430256.70	428318.60	429788.88	2367	3574	1
2024.10.16	16:20:00	429788.88	429967.10	428563.65	428786.42	1582	2433	1
2024.10.16	16:40:00	428853.25	429477.00	427828.51	428452.26	2201	3383	1
2024.10.16	17:00:00	428407.71	429944.82	428006.73	429343.34	1763	2882	1
2024.10.16	17:20:00	429432.45	429788.88	428942.36	429744.33	707	1016	1
2024.10.16	17:40:00	429677.50	430590.85	427360.69	427427.52	1413	2113	1
2024.10.16	18:00:00	427449.80	428585.93	427405.25	427605.74	668	901	1
2024.10.16	18:20:00	427605.74	428029.00	427382.97	427650.29	114	158	1
2024.10.17	09:00:00	423818.66	425667.65	423707.28	425489.43	2470	3227	1
2024.10.17	09:20:00	425511.71	426647.83	423796.38	425801.31	3467	4750	1
2024.10.17	09:40:00	425823.59	426380.51	424776.57	425957.25	2284	3002	1
2024.10.17	10:00:00	426001.80	426759.22	425400.32	425645.37	2469	3364	1
2024.10.17	10:20:00	425712.20	425890.42	422014.23	423952.32	5406	7812	1
2024.10.17	10:40:00	423952.32	427071.09	423774.11	424442.42	6436	9395	1
2024.10.17	11:00:00	424397.86	425066.17	422259.28	423573.62	5615	8167	1
2024.10.17	11:20:00	423662.72	424821.12	422526.60	424442.42	3980	5875	1
2024.10.17	11:40:00	424464.69	426536.45	424264.20	425378.05	3333	4774	1
2024.10.17	12:00:00	425355.77	425578.54	423840.94	425043.89	3845	5528	1
2024.10.17	12:20:00	424999.34	429231.96	424776.57	428184.94	4161	6164	1
2024.10.17	12:40:00	428274.05	429098.29	427160.20	428496.82	3440	5144	1
2024.10.17	13:00:00	428519.09	428652.76	426001.80	427093.37	3864	5699	1
2024.10.17	13:20:00	427071.09	427137.92	425288.94	426113.19	2905	4217	1
2024.10.17	13:40:00	426113.19	427694.85	425845.86	427115.65	2656	3973	1
2024.10.17	14:00:00	427137.92	428140.39	426714.66	427494.36	2175	3299	1
2024.10.17	14:20:00	427516.63	427694.85	425689.92	427249.31	3235	4999	1
2024.10.17	14:40:00	427293.86	427605.74	425979.52	426335.96	1855	2817	1
2024.10.17	15:00:00	426335.96	426469.62	422058.78	422838.48	5481	8176	1
2024.10.17	15:20:00	422816.20	423974.60	422170.17	423840.94	4088	5884	1
2024.10.17	15:40:00	423796.38	424464.69	422860.75	423796.38	3175	5057	1
2024.10.17	16:00:00	423818.66	424308.75	423306.29	423328.57	2075	3174	1
2024.10.17	16:20:00	423306.29	423952.32	422170.17	422348.38	2202	3670	1
2024.10.17	16:40:00	422348.38	422927.58	421590.97	422103.34	2401	3808	1
2024.10.17	17:00:00	422058.78	423662.72	422058.78	423284.02	2321	3794	1
2024.10.17	17:20:00	423194.91	424197.37	423016.69	423150.35	1216	2049	1
2024.10.17	17:40:00	423194.91	423395.40	422392.94	422704.81	819	1284	1
2024.10.17	18:00:00	422682.54	423373.12	422370.66	423016.69	515	748	1
2024.10.17	18:20:00	423217.18	423239.46	420521.68	420967.21	231	299	1
2024.10.18	09:00:00	426068.63	428385.43	425355.77	426892.88	2852	3762	1
2024.10.18	09:20:00	426915.16	427360.69	425912.69	427048.82	2507	3328	1
2024.10.18	09:40:00	427026.54	427316.14	425957.25	426826.05	1923	2555	1
2024.10.18	10:00:00	426826.05	428563.65	426647.83	428340.88	3137	4442	1
2024.10.18	10:20:00	428474.54	429610.66	427338.42	429165.13	4114	6006	1
2024.10.18	10:40:00	429120.57	431860.63	428786.42	431749.25	5484	7686	1
2024.10.18	11:00:00	431816.08	433219.53	429766.60	431838.36	5715	8853	1
2024.10.18	11:20:00	431905.19	434533.87	429944.82	433575.96	5304	7394	1
2024.10.18	11:40:00	433665.07	434511.59	432506.67	433219.53	3478	5288	1
2024.10.18	12:00:00	433286.36	434132.88	432684.88	434066.05	2988	4245	1
2024.10.18	12:20:00	434066.05	436872.94	433932.39	436338.30	4492	6367	1
2024.10.18	12:40:00	436360.58	437273.93	435759.10	435915.04	3300	4516	1
2024.10.18	13:00:00	435803.65	436182.36	433397.74	435269.01	3845	5753	1
2024.10.18	13:20:00	435313.56	435870.48	434467.04	435736.82	2319	3130	1
2024.10.18	13:40:00	435692.27	437095.71	435692.27	436316.02	2760	4209	1
2024.10.18	14:00:00	436249.19	437095.71	435736.82	436627.90	2444	3719	1
2024.10.18	14:20:00	436650.18	436917.50	435224.45	436449.68	2681	3826	1
2024.10.18	14:40:00	436494.24	437652.64	436182.36	436627.90	2564	3506	1
2024.10.18	15:00:00	436650.18	437051.16	435447.22	436783.84	2836	3849	1
2024.10.18	15:20:00	436806.11	438254.11	436627.90	437964.51	3244	4936	1
2024.10.18	15:40:00	437986.79	438721.93	437184.82	437964.51	3393	4737	1
2024.10.18	16:00:00	437919.96	438632.82	436561.07	436783.84	2618	3601	1
2024.10.18	16:20:00	436717.01	437786.30	436360.58	437051.16	2197	3090	1
2024.10.18	16:40:00	437140.27	437207.10	436160.08	436516.51	2029	3050	1
2024.10.18	17:00:00	436538.79	436939.78	435558.61	436427.41	1907	2789	1
2024.10.18	17:20:00	436405.13	436427.41	434712.08	435046.24	1324	1929	1
2024.10.18	17:40:00	435023.96	435981.87	434890.30	435179.90	1048	1555	1
2024.10.18	18:00:00	435113.07	436717.01	434645.25	436338.30	783	1056	1
2024.10.18	18:20:00	436271.47	437028.88	435603.16	436004.14	241	280	1
2024.10.21	09:00:00	434467.04	435157.62	434043.77	434979.41	1749	2258	1
2024.10.21	09:20:00	435023.96	436471.96	434890.30	435536.33	3226	4332	1
2024.10.21	09:40:00	435536.33	436137.81	434801.19	435068.51	2692	3566	1
2024.10.21	10:00:00	435023.96	435558.61	431236.88	431882.91	5151	7388	1
2024.10.21	10:20:00	431927.47	433887.84	431147.77	432083.40	5036	7249	1
2024.10.21	10:40:00	432038.85	432261.62	427583.46	428608.20	6671	9991	1
2024.10.21	11:00:00	428675.03	429677.50	427382.97	428808.69	4085	5809	1
2024.10.21	11:20:00	428897.80	429477.00	426469.62	426803.77	3465	4758	1
2024.10.21	11:40:00	426759.22	428340.88	426090.91	427583.46	3617	5540	1
2024.10.21	12:00:00	427672.57	427672.57	424754.29	425934.97	3954	5716	1
2024.10.21	12:20:00	425979.52	426291.40	424999.34	425623.09	2487	3718	1
2024.10.21	12:40:00	425667.65	428095.83	424932.51	428051.28	2408	3557	1
2024.10.21	13:00:00	428073.56	428363.16	426313.68	427160.20	3219	4727	1
2024.10.21	13:20:00	427160.20	427160.20	425066.17	426469.62	2832	4079	1
2024.10.21	13:40:00	426402.79	428006.73	426402.79	428006.73	1784	2458	1
2024.10.21	14:00:00	427962.17	429477.00	427182.48	428719.59	3494	4958	1
2024.10.21	14:20:00	428764.14	429766.60	428340.88	429766.60	2372	3419	1
2024.10.21	14:40:00	429722.05	430100.76	428741.86	428764.14	2674	4003	1
2024.10.21	15:00:00	428808.69	428830.97	427093.37	427338.42	2966	4097	1
2024.10.21	15:20:00	427271.59	427783.96	426224.57	427137.92	3241	4627	1
2024.10.21	15:40:00	427115.65	428385.43	426714.66	428051.28	1982	2876	1
2024.10.21	16:00:00	428073.56	429588.39	427895.34	429298.79	2600	3904	1
2024.10.21	16:20:00	429343.34	429744.33	428340.88	428719.59	2590	3715	1
2024.10.21	16:40:00	428675.03	430925.00	428675.03	429989.37	3499	5071	1
2024.10.21	17:00:00	429967.10	430189.86	429120.57	429588.39	1935	3048	1
2024.10.21	17:20:00	429477.00	430033.93	429365.62	429677.50	678	995	1
2024.10.21	17:40:00	429632.94	430078.48	429432.45	429855.71	503	715	1
2024.10.21	18:00:00	429766.60	431125.50	429722.05	430434.91	763	1009	1
2024.10.21	18:20:00	430390.36	431058.67	430167.59	430212.14	181	263	1
2024.10.22	09:00:00	427071.09	428585.93	426536.45	426670.11	2844	3625	1
2024.10.22	09:20:00	426625.56	427293.86	425779.03	426425.06	3911	5036	1
2024.10.22	09:40:00	426447.34	426937.43	425088.45	426024.08	4267	5389	1
2024.10.22	10:00:00	426024.08	427137.92	425244.39	425868.14	4186	5348	1
2024.10.22	10:20:00	425979.52	426113.19	422793.92	423796.38	5357	7570	1
2024.10.22	10:40:00	423840.94	425533.99	422526.60	425155.28	5193	7789	1
2024.10.22	11:00:00	425177.55	429209.68	423930.05	427605.74	6222	8709	1
2024.10.22	11:20:00	427583.46	428920.08	426269.12	427672.57	4848	7140	1
2024.10.22	11:40:00	427650.29	429321.06	427026.54	428563.65	2477	3481	1
2024.10.22	12:00:00	428675.03	429521.56	426514.17	426514.17	3466	4857	1
2024.10.22	12:20:00	426603.28	427984.45	426135.46	427917.62	2875	4140	1
2024.10.22	12:40:00	427917.62	428875.53	426670.11	426692.39	2454	3677	1
2024.10.22	13:00:00	426670.11	426670.11	424887.95	425066.17	2742	4204	1
2024.10.22	13:20:00	425088.45	425378.05	423952.32	424620.63	2903	4490	1
2024.10.22	13:40:00	424620.63	424798.85	423930.05	424219.65	1525	2196	1
2024.10.22	14:00:00	424264.20	426536.45	423996.88	426180.02	2720	3999	1
2024.10.22	14:20:00	426135.46	427828.51	426090.91	427650.29	3151	4815	1
2024.10.22	14:40:00	427650.29	428051.28	426959.71	427828.51	1907	2885	1
2024.10.22	15:00:00	427739.40	429298.79	427650.29	428162.66	2703	4193	1
2024.10.22	15:20:00	428162.66	429432.45	427583.46	428318.60	2889	4520	1
2024.10.22	15:40:00	428318.60	429098.29	427739.40	428274.05	2052	3045	1
2024.10.22	16:00:00	428229.49	429120.57	427828.51	429053.74	2303	3680	1
2024.10.22	16:20:00	429031.46	429387.89	428296.33	428296.33	2463	3991	1
2024.10.22	16:40:00	428296.33	429410.17	427984.45	428162.66	2746	4164	1
2024.10.22	17:00:00	428140.39	428719.59	427873.06	428051.28	1468	2318	1
2024.10.22	17:20:00	428140.39	428229.49	427360.69	427538.91	1153	1651	1
2024.10.22	17:40:00	427605.74	428474.54	427605.74	428051.28	967	1553	1
2024.10.22	18:00:00	428073.56	428184.94	427249.31	427850.79	566	806	1
2024.10.22	18:20:00	427739.40	428095.83	427405.25	427806.23	98	147	1
2024.10.23	09:00:00	422615.71	424175.09	421613.25	422972.14	3550	4550	1
2024.10.23	09:20:00	422949.86	423573.62	421056.32	423484.51	4230	5617	1
2024.10.23	09:40:00	423551.34	423774.11	422504.32	423061.25	2610	3332	1
2024.10.23	10:00:00	423038.97	423038.97	421702.35	422704.81	2505	3360	1
2024.10.23	10:20:00	422749.37	424063.71	422147.89	423551.34	2980	3949	1
2024.10.23	10:40:00	423573.62	425934.97	423373.12	425444.88	4242	5849	1
2024.10.23	11:00:00	425444.88	425689.92	423284.02	424085.98	3837	5683	1
2024.10.23	11:20:00	424219.65	426358.23	423952.32	426068.63	3145	4609	1
2024.10.23	11:40:00	426090.91	426135.46	423506.78	423907.77	3153	4567	1
2024.10.23	12:00:00	423907.77	423930.05	421657.80	422103.34	4067	5520	1
2024.10.23	12:20:00	422036.51	422036.51	419207.34	419541.49	4519	6235	1
2024.10.23	12:40:00	419474.66	420811.28	418873.18	420477.12	4681	6547	1
2024.10.23	13:00:00	420499.40	421011.77	418761.80	419541.49	3832	5187	1
2024.10.23	13:20:00	419541.49	419897.92	417759.34	419519.21	4584	6513	1
2024.10.23	13:40:00	419519.21	419608.32	418293.98	418873.18	3244	4456	1
2024.10.23	14:00:00	418784.07	418962.29	416890.54	418472.20	4327	6316	1
2024.10.23	14:20:00	418449.92	419452.38	417647.95	417647.95	3745	5512	1
2024.10.23	14:40:00	417647.95	418516.75	417135.58	417514.29	2687	4136	1
2024.10.23	15:00:00	417514.29	417759.34	414506.90	414685.12	5266	7920	1
2024.10.23	15:20:00	414685.12	417024.20	414395.52	416244.50	4333	6415	1
2024.10.23	15:40:00	416244.50	418583.58	416133.12	418472.20	3130	4601	1
2024.10.23	16:00:00	418449.92	419229.61	416957.37	418717.24	4042	6021	1
2024.10.23	16:20:00	418672.69	420120.69	418360.81	419853.37	3031	4555	1
2024.10.23	16:40:00	419875.64	421680.08	419764.26	421212.26	4382	6277	1
2024.10.23	17:00:00	421145.43	421368.20	420254.35	421011.77	1679	2560	1
2024.10.23	17:20:00	421100.88	421590.97	420388.01	421412.75	1233	2048	1
2024.10.23	17:40:00	421412.75	422303.83	421256.81	422036.51	1036	1466	1
2024.10.23	18:00:00	422103.34	422192.45	420699.89	421746.91	732	1051	1
2024.10.23	18:20:00	421746.91	421947.40	421011.77	421123.15	125	163	1
2024.10.24	09:00:00	425489.43	428363.16	425378.05	428274.05	2951	3850	1
2024.10.24	09:20:00	428229.49	428697.31	427405.25	428585.93	2703	3821	1
2024.10.24	09:40:00	428608.20	429521.56	427873.06	428675.03	2854	3571	1
2024.10.24	10:00:00	428608.20	430457.19	428585.93	430123.03	2884	3748	1
2024.10.24	10:20:00	430100.76	431548.76	429076.02	431147.77	5977	8314	1
2024.10.24	10:40:00	431192.33	432439.83	430011.65	431526.48	5231	7391	1
2024.10.24	11:00:00	431526.48	432016.57	428830.97	429231.96	5647	7769	1
2024.10.24	11:20:00	429254.23	432150.23	429031.46	431704.70	4944	7379	1
2024.10.24	11:40:00	431704.70	432061.13	429120.57	430479.46	4091	6298	1
2024.10.24	12:00:00	430479.46	431615.59	429254.23	430880.45	3582	5406	1
2024.10.24	12:20:00	430902.73	430991.83	429699.77	430368.08	3176	4952	1
2024.10.24	12:40:00	430368.08	431526.48	429076.02	430078.48	3642	5938	1
2024.10.24	13:00:00	430123.03	430590.85	427605.74	428296.33	3682	5502	1
2024.10.24	13:20:00	428251.77	430524.02	428229.49	429432.45	2953	4315	1
2024.10.24	13:40:00	429410.17	430479.46	428875.53	429566.11	2578	3967	1
2024.10.24	14:00:00	429543.83	429655.22	427672.57	428207.22	2888	4531	1
2024.10.24	14:20:00	428140.39	428808.69	427338.42	428652.76	2772	4221	1
2024.10.24	14:40:00	428719.59	429722.05	428429.99	428585.93	2560	3852	1
2024.10.24	15:00:00	428563.65	430679.96	428385.43	430434.91	2249	3328	1
2024.10.24	15:20:00	430524.02	431147.77	429321.06	429454.73	2886	4436	1
2024.10.24	15:40:00	429387.89	429811.16	428808.69	429655.22	2351	3769	1
2024.10.24	16:00:00	429655.22	430033.93	428920.08	429944.82	1263	1915	1
2024.10.24	16:20:00	430011.65	430858.17	429499.28	430434.91	3083	4785	1
2024.10.24	16:40:00	430412.63	431036.39	429454.73	430702.23	2567	3854	1
2024.10.24	17:00:00	430568.57	430858.17	429499.28	430100.76	1682	2491	1
2024.10.24	17:20:00	430167.59	430501.74	429410.17	429699.77	766	1078	1
2024.10.24	17:40:00	429610.66	430546.30	428920.08	429788.88	985	1421	1
2024.10.24	18:00:00	429833.43	433174.97	429788.88	432885.37	1001	1226	1
2024.10.24	18:20:00	433130.42	434311.10	432751.71	433063.59	211	236	1
2024.10.25	09:00:00	431085.12	431260.99	428688.99	428820.88	1608	2192	1
2024.10.25	09:20:00	428842.87	430073.91	428667.00	429238.56	1265	1576	1
2024.10.25	09:40:00	429348.47	430865.29	429216.58	430051.93	2306	2975	1
2024.10.25	10:00:00	430073.91	432426.08	429282.52	431612.71	2969	3775	1
2024.10.25	10:20:00	431612.71	432030.39	430117.88	430491.59	2896	3902	1
2024.10.25	10:40:00	430491.59	433767.04	429326.49	433195.48	4085	5983	1
2024.10.25	11:00:00	433217.47	433854.97	431568.75	433591.18	3714	5402	1
2024.10.25	11:20:00	433547.21	435173.95	432931.69	433503.25	3629	5401	1
2024.10.25	11:40:00	433525.23	434360.58	432118.32	432711.86	2896	4525	1
2024.10.25	12:00:00	432667.89	433591.18	432030.39	433547.21	2683	3873	1
2024.10.25	12:20:00	433481.26	433503.25	432008.41	432206.25	2120	3016	1
2024.10.25	12:40:00	432052.37	432052.37	428095.45	429480.37	4355	6229	1
2024.10.25	13:00:00	429480.37	430667.45	427501.91	429854.08	3307	4673	1
2024.10.25	13:20:00	429788.13	429898.05	427853.63	428688.99	2572	3762	1
2024.10.25	13:40:00	428667.00	430029.94	428029.50	428930.80	2226	3452	1
2024.10.25	14:00:00	428996.75	429920.03	427985.53	428249.33	2334	3499	1
2024.10.25	14:20:00	428161.40	428491.14	427040.27	428403.21	2684	4097	1
2024.10.25	14:40:00	428249.33	428249.33	423435.07	423962.66	4564	7007	1
2024.10.25	15:00:00	423918.69	425853.19	418291.06	425545.43	8290	11491	1
2024.10.25	15:20:00	425589.39	428271.31	424314.38	427435.96	4093	5508	1
2024.10.25	15:40:00	427501.91	427941.57	424446.28	424578.18	3130	4245	1
2024.10.25	16:00:00	424556.20	426116.98	422555.75	422665.66	4072	5634	1
2024.10.25	16:20:00	422687.65	425545.43	422182.04	425435.51	3182	4269	1
2024.10.25	16:40:00	425281.63	425787.24	423566.96	423918.69	2214	2906	1
2024.10.25	17:00:00	423808.78	424512.23	422709.63	423039.37	1516	2136	1
2024.10.25	17:20:00	422995.41	424841.97	421940.23	423786.79	1571	2195	1
2024.10.25	17:40:00	423720.84	424556.20	422687.65	423369.12	1297	1740	1
2024.10.25	18:00:00	423391.10	425809.22	423391.10	425193.70	776	908	1
2024.10.25	18:20:00	425193.70	425963.10	424622.14	425523.44	146	161	1
2024.10.28	09:00:00	434756.27	437460.17	434404.55	436976.55	3749	5004	1
2024.10.28	09:20:00	436976.55	438998.98	436668.79	437987.76	3620	4993	1
2024.10.28	09:40:00	437965.78	438449.40	436141.20	436141.20	3943	5534	1
2024.10.28	10:00:00	436119.21	437877.85	435811.45	437328.27	3254	4124	1
2024.10.28	10:20:00	437328.27	438317.51	435789.47	437086.46	4777	6747	1
2024.10.28	10:40:00	437108.45	439724.41	436229.13	436426.97	6580	9509	1
2024.10.28	11:00:00	436558.87	438581.30	435591.62	437284.31	4568	6460	1
2024.10.28	11:20:00	437196.38	438119.66	436031.28	437042.50	3001	4257	1
2024.10.28	11:40:00	437130.43	438515.35	436778.70	437020.51	2336	3321	1
2024.10.28	12:00:00	437020.51	437064.48	435481.71	435525.67	3848	5640	1
2024.10.28	12:20:00	435481.71	435701.54	434558.43	435547.66	3782	5692	1
2024.10.28	12:40:00	435503.69	436646.80	434888.17	435064.03	3158	4409	1
2024.10.28	13:00:00	435020.07	437548.10	434712.31	437394.22	3300	4620	1
2024.10.28	13:20:00	437394.22	437570.09	435173.95	435349.81	2636	3713	1
2024.10.28	13:40:00	435349.81	437943.80	435239.90	436251.11	4101	6007	1
2024.10.28	14:00:00	436251.11	438097.68	435064.03	437394.22	4161	6039	1
2024.10.28	14:20:00	437350.26	438713.20	436273.09	438405.44	3580	5320	1
2024.10.28	14:40:00	438361.47	438889.06	436822.67	437394.22	3475	5605	1
2024.10.28	15:00:00	437372.24	439328.72	436866.63	438251.56	3469	5277	1
2024.10.28	15:20:00	438361.47	438383.45	436998.53	438053.71	3302	4862	1
2024.10.28	15:40:00	438119.66	439394.67	436866.63	439108.89	3677	5224	1
2024.10.28	16:00:00	439108.89	443087.80	438603.28	442538.23	7324	10551	1
2024.10.28	16:20:00	442648.14	443901.17	441614.94	442582.19	6015	8538	1
2024.10.28	16:40:00	442604.18	443461.51	441461.06	442494.26	3734	5170	1
2024.10.28	17:00:00	442494.26	443153.75	441702.88	442208.48	2146	3068	1
2024.10.28	17:20:00	442274.43	442362.36	441197.27	441834.77	1657	2329	1
2024.10.28	17:40:00	441834.77	443725.30	441614.94	443439.53	1483	2074	1
2024.10.28	18:00:00	443615.39	447506.37	442802.02	445769.72	1817	2394	1
2024.10.28	18:20:00	445000.31	446341.27	444890.40	446341.27	180	250	1
2024.10.29	09:00:00	453507.71	455815.91	453419.77	454716.77	3437	4402	1
2024.10.29	09:20:00	454584.87	455398.24	454387.02	454694.78	2334	3179	1
2024.10.29	09:40:00	454650.82	454892.63	452848.22	453046.06	3171	4297	1
2024.10.29	10:00:00	452892.18	453639.60	452276.66	453617.62	2973	4126	1
2024.10.29	10:20:00	453551.67	455200.39	451419.33	454496.94	5819	8144	1
2024.10.29	10:40:00	454387.02	457310.75	453947.36	457002.99	5538	7872	1
2024.10.29	11:00:00	456915.06	457860.32	454343.06	454365.04	5578	8292	1
2024.10.29	11:20:00	454321.07	457178.85	452760.29	456739.20	5579	8436	1
2024.10.29	11:40:00	456739.20	458146.10	455222.37	457090.92	4043	6266	1
2024.10.29	12:00:00	457068.94	458497.83	455925.83	457728.43	4560	6508	1
2024.10.29	12:20:00	457684.46	459662.92	457178.85	458321.97	5695	8241	1
2024.10.29	12:40:00	458278.00	462674.58	458256.02	462168.98	6669	10199	1
2024.10.29	13:00:00	462125.01	466499.61	461817.25	465840.13	7327	11353	1
2024.10.29	13:20:00	465708.23	466411.68	464894.86	465400.47	4720	7160	1
2024.10.29	13:40:00	465334.52	467576.78	465026.76	466499.61	4958	7475	1
2024.10.29	14:00:00	466477.63	467686.69	465356.50	467027.20	4471	6728	1
2024.10.29	14:20:00	467027.20	468324.20	466433.66	467994.45	4163	6730	1
2024.10.29	14:40:00	467950.49	468038.42	465818.14	466719.44	4159	6775	1
2024.10.29	15:00:00	466697.46	468148.33	466565.56	467818.59	3840	5804	1
2024.10.29	15:20:00	467862.55	468566.01	467159.10	468236.26	3004	4769	1
2024.10.29	15:40:00	468236.26	470434.56	467598.76	469994.90	5307	8337	1
2024.10.29	16:00:00	470038.86	472852.68	469797.05	471094.04	6946	11346	1
2024.10.29	16:20:00	471116.03	471181.98	466345.73	467664.71	8198	12657	1
2024.10.29	16:40:00	467774.62	468697.91	465400.47	465730.21	6110	9047	1
2024.10.29	17:00:00	465752.19	466653.49	463531.92	463905.63	4960	7817	1
2024.10.29	17:20:00	463949.59	463949.59	461113.80	463619.85	3857	6506	1
2024.10.29	17:40:00	463619.85	465378.48	462762.52	464609.08	1366	2239	1
2024.10.29	18:00:00	464609.08	466785.39	463334.07	465180.64	1139	1638	1
2024.10.29	18:20:00	465092.71	466103.92	464719.00	465114.69	154	259	1
2024.10.30	09:00:00	462520.70	464740.98	461355.61	464345.29	3200	4565	1
2024.10.30	09:20:00	464433.22	465246.59	463312.09	463927.61	3103	4238	1
2024.10.30	09:40:00	463949.59	464806.93	462432.77	463422.00	3976	5365	1
2024.10.30	10:00:00	463334.07	464037.53	462476.74	462762.52	3479	4466	1
2024.10.30	10:20:00	462696.57	463553.90	461355.61	461817.25	3675	5144	1
2024.10.30	10:40:00	461993.11	464103.47	460322.41	462960.36	5095	7647	1
2024.10.30	11:00:00	462872.43	465554.35	462674.58	464411.24	4154	6071	1
2024.10.30	11:20:00	464411.24	465708.23	463180.19	465510.38	3799	5230	1
2024.10.30	11:40:00	465576.33	465950.04	463905.63	465532.36	3278	4664	1
2024.10.30	12:00:00	465554.35	466059.95	462652.60	463729.77	4035	5693	1
2024.10.30	12:20:00	463663.82	463773.73	461201.73	462652.60	3906	5650	1
2024.10.30	12:40:00	462674.58	464169.42	461619.40	463641.83	2801	3968	1
2024.10.30	13:00:00	463641.83	464015.54	462037.08	462322.86	2607	3595	1
2024.10.30	13:20:00	462146.99	464345.29	462037.08	464213.39	2230	3174	1
2024.10.30	13:40:00	464213.39	464872.88	463795.71	464125.46	1769	2464	1
2024.10.30	14:00:00	464125.46	464301.32	462234.93	462652.60	3365	4760	1
2024.10.30	14:20:00	462696.57	462784.50	460454.31	460542.24	3648	5265	1
2024.10.30	14:40:00	460520.26	462081.05	460454.31	461971.13	3209	4690	1
2024.10.30	15:00:00	461927.17	462894.41	461597.42	462278.89	2117	3064	1
2024.10.30	15:20:00	462322.86	463290.11	462190.96	463136.23	1515	2207	1
2024.10.30	15:40:00	463114.24	463443.99	460959.92	461795.27	3199	4742	1
2024.10.30	16:00:00	461685.35	462432.77	460850.00	461113.80	2959	4304	1
2024.10.30	16:20:00	461113.80	461949.15	460674.14	461223.71	2044	2961	1
2024.10.30	16:40:00	461201.73	462344.84	460718.10	461047.85	2635	3975	1
2024.10.30	17:00:00	461069.83	464762.96	459838.79	462168.98	7379	11468	1
2024.10.30	17:20:00	462168.98	464521.15	462125.01	464015.54	2571	4113	1
2024.10.30	17:40:00	463971.58	467642.73	463839.68	467203.07	2772	4333	1
2024.10.30	18:00:00	467247.03	468324.20	464499.17	464894.86	1412	1882	1
2024.10.30	18:20:00	464499.17	465466.42	464389.25	464411.24	196	271	1
2024.10.31	09:00:00	463751.75	464499.17	462432.77	463004.33	2318	3259	1
2024.10.31	09:20:00	463048.29	464103.47	462850.45	463224.16	2069	2852	1
2024.10.31	09:40:00	463136.23	463817.70	462234.93	463092.26	2689	3770	1
2024.10.31	10:00:00	463092.26	463487.95	461531.47	463070.28	3221	4476	1
2024.10.31	10:20:00	463092.26	463290.11	460937.93	461333.63	4268	6329	1
2024.10.31	10:40:00	461245.69	462168.98	456739.20	458058.17	5973	9039	1
2024.10.31	11:00:00	457970.24	458431.88	454628.83	457354.72	7158	10837	1
2024.10.31	11:20:00	457178.85	457618.51	454958.58	456299.54	3527	5321	1
2024.10.31	11:40:00	456211.61	456365.49	453090.03	454211.16	4773	7090	1
2024.10.31	12:00:00	454145.21	456079.71	453177.96	455288.32	4819	7170	1
2024.10.31	12:20:00	455244.36	456145.66	454145.21	454452.97	3068	4808	1
2024.10.31	12:40:00	454409.01	454716.77	452320.63	453793.48	4089	6705	1
2024.10.31	13:00:00	453661.59	455925.83	451858.99	455288.32	4716	7102	1
2024.10.31	13:20:00	455266.34	455266.34	452408.56	452628.39	3488	5593	1
2024.10.31	13:40:00	452606.41	453024.08	451880.97	451880.97	2411	3915	1
2024.10.31	14:00:00	451880.97	454628.83	451595.19	453705.55	4030	6284	1
2024.10.31	14:20:00	453793.48	454430.99	452276.66	452518.47	3546	5662	1
2024.10.31	14:40:00	452474.51	454277.11	451946.92	454211.16	3613	5471	1
2024.10.31	15:00:00	454277.11	454387.02	451353.38	451441.31	4685	7005	1
2024.10.31	15:20:00	451441.31	452606.41	450122.34	451771.05	6090	9399	1
2024.10.31	15:40:00	451837.00	454255.13	451573.21	453815.47	3272	5168	1
2024.10.31	16:00:00	453727.53	455090.48	453243.91	454145.21	3404	5039	1
2024.10.31	16:20:00	454167.19	454233.14	452408.56	453134.00	2470	3500	1
2024.10.31	16:40:00	453112.01	454782.72	450254.23	450935.70	4011	6175	1
2024.10.31	17:00:00	450957.69	451858.99	450232.25	451397.35	3456	5005	1
2024.10.31	17:20:00	451529.24	452430.54	450891.74	451375.36	1446	2337	1
2024.10.31	17:40:00	451375.36	451639.16	447748.18	450122.34	2928	4481	1
2024.10.31	18:00:00	449946.47	451089.58	448583.53	451089.58	985	1507	1
2024.10.31	18:20:00	450891.74	452122.78	450298.20	450891.74	207	315	1
2024.11.01	09:00:00	450891.74	451155.53	449221.04	450935.70	1582	2091	1
2024.11.01	09:20:00	450869.75	451243.46	448319.74	450298.20	3953	5230	1
2024.11.01	09:40:00	450254.23	450671.91	448693.45	449616.73	3469	4525	1
2024.11.01	10:00:00	449528.80	451902.95	448847.33	451815.02	2636	3504	1
2024.11.01	10:20:00	451749.07	455442.20	450979.67	454914.61	5774	8443	1
2024.11.01	10:40:00	454958.58	457970.24	452848.22	457772.39	5828	8457	1
2024.11.01	11:00:00	457728.43	461069.83	456673.25	461003.88	5912	8708	1
2024.11.01	11:20:00	461047.85	463246.14	460674.14	462630.62	5929	8974	1
2024.11.01	11:40:00	462608.64	463070.28	458761.62	460937.93	5489	8081	1
2024.11.01	12:00:00	461091.81	461707.34	458036.19	458607.74	4899	7019	1
2024.11.01	12:20:00	458431.88	458805.59	453046.06	453243.91	6615	9662	1
2024.11.01	12:40:00	453243.91	453287.88	446802.91	449045.17	10552	14611	1
2024.11.01	13:00:00	449067.16	455903.84	448583.53	455420.22	6472	8970	1
2024.11.01	13:20:00	455508.15	455574.10	452848.22	453529.69	5595	7630	1
2024.11.01	13:40:00	453507.71	454145.21	451771.05	452276.66	3815	5234	1
2024.11.01	14:00:00	452320.63	453947.36	449396.90	453617.62	5126	7313	1
2024.11.01	14:20:00	453507.71	454035.30	450847.77	451595.19	3587	4891	1
2024.11.01	14:40:00	451573.21	453112.01	450715.87	451507.26	3369	4669	1
2024.11.01	15:00:00	451507.26	451990.88	449880.52	450232.25	4066	5647	1
2024.11.01	15:20:00	450320.18	451595.19	449660.69	450803.81	3014	3958	1
2024.11.01	15:40:00	450737.86	451001.65	449352.93	450122.34	2595	3667	1
2024.11.01	16:00:00	450144.32	450781.82	447880.08	449616.73	4322	5805	1
2024.11.01	16:20:00	449506.81	452012.87	448517.58	450693.89	3812	5264	1
2024.11.01	16:40:00	450649.93	451485.28	448495.60	450847.77	4234	6109	1
2024.11.01	17:00:00	450891.74	451419.33	450034.40	450979.67	1750	2540	1
2024.11.01	17:20:00	450979.67	451902.95	450496.05	451727.09	1308	1833	1
2024.11.01	17:40:00	451793.04	452034.85	449924.49	450254.23	1295	1780	1
2024.11.01	18:00:00	450232.25	451749.07	449221.04	450979.67	845	1250	1
2024.11.01	18:20:00	451221.48	451221.48	448979.22	448979.22	196	285	1
2024.11.04	09:00:00	446407.22	446407.22	442692.11	444648.59	3071	3985	1
2024.11.04	09:20:00	444714.54	444802.47	442384.35	443109.78	2871	3664	1
2024.11.04	09:40:00	443065.82	443659.36	442362.36	442780.04	2567	3273	1
2024.11.04	10:00:00	442867.97	445088.25	442648.14	444890.40	3273	4132	1
2024.11.04	10:20:00	444890.40	445637.82	442911.94	443527.46	4418	5680	1
2024.11.04	10:40:00	443593.41	443593.41	440977.44	441131.32	4368	5944	1
2024.11.04	11:00:00	441087.35	441307.18	439284.75	439900.28	5554	7708	1
2024.11.04	11:20:00	439856.31	440383.90	437174.39	437416.21	6161	9154	1
2024.11.04	11:40:00	437372.24	438339.49	436075.25	437789.92	5018	7479	1
2024.11.04	12:00:00	437855.86	438779.15	436470.94	437504.14	4893	7164	1
2024.11.04	12:20:00	437438.19	438976.99	436536.89	436690.77	4388	6673	1
2024.11.04	12:40:00	436690.77	439658.46	436602.84	438669.23	3867	6032	1
2024.11.04	13:00:00	438801.13	439174.84	436646.80	436976.55	3995	5777	1
2024.11.04	13:20:00	437020.51	437350.26	435151.96	435305.85	4141	6798	1
2024.11.04	13:40:00	435283.86	435525.67	432250.22	433129.54	5605	9037	1
2024.11.04	14:00:00	432997.64	433085.57	430249.77	430293.74	5400	8477	1
2024.11.04	14:20:00	430315.72	434074.80	429612.27	432997.64	5197	7810	1
2024.11.04	14:40:00	432997.64	434008.85	432645.91	433437.30	2393	3604	1
2024.11.04	15:00:00	433415.31	434140.75	431898.49	433942.90	4413	6321	1
2024.11.04	15:20:00	434030.84	435459.73	432514.01	432953.67	4402	6836	1
2024.11.04	15:40:00	432975.66	433481.26	431766.59	432162.29	2832	4456	1
2024.11.04	16:00:00	432228.24	434734.29	432118.32	433854.97	3687	5916	1
2024.11.04	16:20:00	433832.99	435129.98	433635.14	434030.84	2977	4637	1
2024.11.04	16:40:00	433964.89	434932.14	433525.23	434558.43	1914	2811	1
2024.11.04	17:00:00	434580.41	434602.39	433261.43	434426.53	2389	3410	1
2024.11.04	17:20:00	434470.49	434492.48	432492.03	433085.57	2617	4287	1
2024.11.04	17:40:00	433107.55	433811.01	431041.16	431436.85	2458	3969	1
2024.11.04	18:00:00	431282.97	433239.45	430865.29	433195.48	1087	1701	1
2024.11.04	18:20:00	433195.48	433525.23	430139.86	432909.71	272	448	1
2024.11.05	09:00:00	440603.73	442230.47	439724.41	440383.90	3526	4709	1
2024.11.05	09:20:00	440405.88	442054.60	440273.99	441900.72	3088	3917	1
2024.11.05	09:40:00	441856.76	442538.23	440867.52	441065.37	3640	4714	1
2024.11.05	10:00:00	441065.37	441570.98	439526.57	439812.34	3657	4708	1
2024.11.05	10:20:00	439812.34	440647.70	439130.87	440493.82	3423	4303	1
2024.11.05	10:40:00	440471.83	441153.30	439724.41	440449.85	3133	4090	1
2024.11.05	11:00:00	440383.90	441856.76	439812.34	441461.06	3141	4286	1
2024.11.05	11:20:00	441461.06	448011.97	441461.06	447352.49	9444	13911	1
2024.11.05	11:40:00	447198.61	450605.96	446275.32	448429.65	8493	12860	1
2024.11.05	12:00:00	448451.63	449616.73	445879.63	447550.33	7119	10563	1
2024.11.05	12:20:00	447528.35	448121.89	443813.24	446319.29	6509	9822	1
2024.11.05	12:40:00	446385.24	447242.57	445154.19	446802.91	4804	7176	1
2024.11.05	13:00:00	446714.98	448781.38	445923.60	448165.86	4291	6647	1
2024.11.05	13:20:00	448209.82	452848.22	447858.09	451221.48	5741	8628	1
2024.11.05	13:40:00	451221.48	451375.36	448297.75	448891.29	5122	7974	1
2024.11.05	14:00:00	448979.22	450122.34	448077.92	449572.76	3617	5594	1
2024.11.05	14:20:00	449550.78	449550.78	446275.32	447528.35	4529	7148	1
2024.11.05	14:40:00	447572.32	447968.01	445044.28	446011.53	4770	7723	1
2024.11.05	15:00:00	446033.51	446846.88	443747.29	444604.62	4246	6617	1
2024.11.05	15:20:00	444538.67	447088.69	444362.81	447044.73	2971	4815	1
2024.11.05	15:40:00	447066.71	448121.89	446209.38	447968.01	3635	5653	1
2024.11.05	16:00:00	448077.92	448451.63	445527.90	445791.70	3949	6019	1
2024.11.05	16:20:00	445769.72	446912.83	445110.23	445901.61	3419	5592	1
2024.11.05	16:40:00	445923.60	446033.51	437658.02	439218.81	7347	11948	1
2024.11.05	17:00:00	439240.79	442802.02	438229.57	441197.27	6703	10594	1
2024.11.05	17:20:00	441263.22	443637.37	440120.11	442977.89	3987	6295	1
2024.11.05	17:40:00	442977.89	443307.63	441812.79	442208.48	2143	3298	1
2024.11.05	18:00:00	442208.48	442845.99	441219.25	442845.99	1237	1979	1
2024.11.05	18:20:00	442758.06	443351.60	442296.41	442758.06	177	267	1
2024.11.06	09:00:00	481426.02	486877.78	480854.46	483932.07	7620	11565	1
2024.11.06	09:20:00	483910.09	484173.88	481008.34	481426.02	5145	7411	1
2024.11.06	09:40:00	481426.02	483096.72	478194.53	478766.08	5914	8784	1
2024.11.06	10:00:00	478832.03	479799.28	473270.35	475007.00	7621	11006	1
2024.11.06	10:20:00	474875.11	476128.13	472786.73	475622.53	5382	8011	1
2024.11.06	10:40:00	475644.51	476655.72	474413.47	474831.14	4369	6507	1
2024.11.06	11:00:00	474831.14	475644.51	471621.63	473050.52	5027	7618	1
2024.11.06	11:20:00	473050.52	480876.45	472786.73	480766.53	7754	12169	1
2024.11.06	11:40:00	480656.62	481272.14	471028.10	472215.17	9607	15311	1
2024.11.06	12:00:00	472259.14	476150.12	471028.10	475666.49	9540	14618	1
2024.11.06	12:20:00	475732.44	475974.25	470126.80	471313.87	7831	12153	1
2024.11.06	12:40:00	471401.81	473995.79	470434.56	471753.53	5827	8851	1
2024.11.06	13:00:00	471863.45	473688.03	470192.74	472259.14	5768	8937	1
2024.11.06	13:20:00	472149.22	472281.12	470258.69	471819.48	4265	6962	1
2024.11.06	13:40:00	471863.45	471907.41	469665.15	471050.08	3182	5500	1
2024.11.06	14:00:00	471028.10	473050.52	470324.64	472896.64	4191	7097	1
2024.11.06	14:20:00	472896.64	473534.15	471467.75	472588.88	3177	5390	1
2024.11.06	14:40:00	472632.85	472852.68	470566.45	470742.32	2457	4258	1
2024.11.06	15:00:00	470720.33	473160.44	470434.56	472522.93	4558	7502	1
2024.11.06	15:20:00	472588.88	473753.98	471423.79	472391.04	4075	6384	1
2024.11.06	15:40:00	472391.04	475798.39	472105.26	475622.53	3628	6014	1
2024.11.06	16:00:00	475622.53	476963.48	474061.74	476369.95	5535	9276	1
2024.11.06	16:20:00	476304.00	477513.06	473929.84	475204.85	5215	8812	1
2024.11.06	16:40:00	475226.83	479007.90	475072.95	478832.03	4903	8149	1
2024.11.06	17:00:00	478788.07	480019.11	476875.55	478810.05	4539	8103	1
2024.11.06	17:20:00	478854.02	479469.54	476238.05	476347.96	3216	5995	1
2024.11.06	17:40:00	476369.95	482041.54	476347.96	479865.23	3162	6086	1
2024.11.06	18:00:00	479711.35	481448.00	478062.63	481030.33	1815	3397	1
2024.11.06	18:20:00	481030.33	483426.46	480656.62	481404.04	207	384	1
2024.11.07	09:00:00	471665.60	473907.86	471335.86	473336.30	4782	6819	1
2024.11.07	09:20:00	473336.30	475732.44	472852.68	475248.82	4126	5545	1
2024.11.07	09:40:00	475248.82	475952.27	473600.10	474369.50	4974	6875	1
2024.11.07	10:00:00	474479.41	475007.00	469159.55	469775.07	6843	9496	1
2024.11.07	10:20:00	469731.10	470368.61	467181.08	467730.66	4492	6292	1
2024.11.07	10:40:00	467796.61	468983.68	466433.66	467708.67	5104	7317	1
2024.11.07	11:00:00	467774.62	469906.97	467291.00	469906.97	3976	5936	1
2024.11.07	11:20:00	469841.02	471643.62	468917.73	470434.56	5181	7658	1
2024.11.07	11:40:00	470324.64	471269.91	467510.83	469994.90	5188	7984	1
2024.11.07	12:00:00	470060.85	473797.94	468961.70	473270.35	6521	9744	1
2024.11.07	12:20:00	473292.34	476150.12	472215.17	475754.42	5727	7893	1
2024.11.07	12:40:00	475732.44	479887.21	475732.44	479865.23	6334	9361	1
2024.11.07	13:00:00	479865.23	481008.34	477930.73	479601.44	7298	10847	1
2024.11.07	13:20:00	479557.47	480612.65	478194.53	480238.94	5438	7909	1
2024.11.07	13:40:00	480172.99	481316.10	478985.91	480854.46	3919	5589	1
2024.11.07	14:00:00	480832.48	482305.34	479645.40	481821.71	6145	8535	1
2024.11.07	14:20:00	481799.73	484679.49	480019.11	483602.33	7022	10294	1
2024.11.07	14:40:00	483602.33	485097.17	482657.06	483976.04	4724	7108	1
2024.11.07	15:00:00	483932.07	484745.44	481294.12	483426.46	5268	7826	1
2024.11.07	15:20:00	483404.48	486152.35	483206.63	485404.93	6032	8934	1
2024.11.07	15:40:00	485317.00	485317.00	482942.84	482986.81	4171	6135	1
2024.11.07	16:00:00	482986.81	483316.55	478568.24	478678.15	8090	12703	1
2024.11.07	16:20:00	478678.15	482261.37	478436.34	481250.15	5235	7738	1
2024.11.07	16:40:00	481162.22	482701.03	479909.20	482701.03	4662	7151	1
2024.11.07	17:00:00	482701.03	483448.45	481733.78	482766.98	3546	5718	1
2024.11.07	17:20:00	482920.86	483734.23	481162.22	481799.73	4396	6681	1
2024.11.07	17:40:00	481865.68	483822.16	480942.39	483294.57	2174	3386	1
2024.11.07	18:00:00	483316.55	484525.61	481711.80	482129.47	1196	1868	1
2024.11.07	18:20:00	481909.64	483030.77	481799.73	482569.13	191	336	1
2024.11.08	09:00:00	483272.58	485404.93	483206.63	484965.27	3578	5109	1
2024.11.08	09:20:00	484921.30	486657.95	484833.37	485602.77	3289	4417	1
2024.11.08	09:40:00	485514.84	486416.14	485009.23	485734.67	2900	3876	1
2024.11.08	10:00:00	485712.69	486899.77	485360.96	486372.18	3078	3979	1
2024.11.08	10:20:00	486394.16	486745.89	484723.46	484987.25	4572	5823	1
2024.11.08	10:40:00	484987.25	487976.93	484767.42	487867.01	4121	5568	1
2024.11.08	11:00:00	487889.00	488262.71	485382.94	485778.64	3708	4952	1
2024.11.08	11:20:00	485690.71	487295.46	485229.06	486262.26	5411	7563	1
2024.11.08	11:40:00	486328.21	486328.21	483756.21	485009.23	5305	7597	1
2024.11.08	12:00:00	485031.22	488438.57	483976.04	488130.81	5147	7376	1
2024.11.08	12:20:00	488130.81	491098.50	487823.05	489295.90	6208	9469	1
2024.11.08	12:40:00	489273.92	490944.62	487075.63	490856.69	5584	8302	1
2024.11.08	13:00:00	490746.78	491274.37	488966.16	489603.67	5042	7521	1
2024.11.08	13:20:00	489757.55	489801.51	486130.36	488086.84	4860	7128	1
2024.11.08	13:40:00	488020.90	488196.76	486284.24	487669.17	3533	4931	1
2024.11.08	14:00:00	487669.17	488570.47	486482.09	487976.93	4435	6291	1
2024.11.08	14:20:00	487932.96	489515.73	486657.95	488922.20	4414	5810	1
2024.11.08	14:40:00	488922.20	490570.91	488592.45	489207.97	3986	5455	1
2024.11.08	15:00:00	489229.96	490131.26	488152.79	490021.34	2961	4188	1
2024.11.08	15:20:00	490021.34	493362.75	489207.97	493054.98	4612	6514	1
2024.11.08	15:40:00	493076.97	493362.75	490856.69	491736.01	5633	8086	1
2024.11.08	16:00:00	491714.03	492901.10	491164.45	491230.40	3299	4640	1
2024.11.08	16:20:00	491296.35	492307.57	490373.07	491516.18	3578	5052	1
2024.11.08	16:40:00	491538.16	492769.21	490131.26	490175.22	3477	4980	1
2024.11.08	17:00:00	490263.15	491208.42	487317.44	487449.34	3889	5967	1
2024.11.08	17:20:00	487449.34	487976.93	485646.74	487031.66	4169	6359	1
2024.11.08	17:40:00	487053.65	488614.43	486328.21	487735.12	1830	2746	1
2024.11.08	18:00:00	487647.19	488482.54	487053.65	487713.13	829	1332	1
2024.11.08	18:20:00	487471.32	488086.84	486943.73	487757.10	147	248	1
2024.11.11	09:00:00	527106.53	528909.13	526491.01	527612.14	4837	6253	1
2024.11.11	09:20:00	527502.23	530228.11	525237.98	529722.50	5685	7169	1
2024.11.11	09:40:00	529722.50	531305.27	529348.79	530052.24	3825	4713	1
2024.11.11	10:00:00	530008.28	531041.48	526469.03	526952.65	6949	9330	1
2024.11.11	10:20:00	527040.58	529238.88	525919.45	526447.04	4882	6499	1
2024.11.11	10:40:00	526469.03	527238.43	525479.80	527018.60	3199	4241	1
2024.11.11	11:00:00	526908.69	529085.00	525172.04	525303.93	5596	7533	1
2024.11.11	11:20:00	525391.86	530623.80	523523.32	529656.55	9994	14064	1
2024.11.11	11:40:00	529722.50	531349.24	525523.76	531239.32	9394	13897	1
2024.11.11	12:00:00	531261.31	536009.62	529920.35	535855.74	10634	15425	1
2024.11.11	12:20:00	535855.74	542120.87	534536.76	540318.27	13148	19209	1
2024.11.11	12:40:00	540428.18	541703.19	537350.57	540560.08	10083	13945	1
2024.11.11	13:00:00	540516.12	545044.60	540274.30	543901.49	10374	15449	1
2024.11.11	13:20:00	543769.59	545352.36	538999.29	542142.85	9234	13841	1
2024.11.11	13:40:00	542054.92	542318.72	537372.56	540010.51	7628	11386	1
2024.11.11	14:00:00	540054.47	543220.02	539790.68	541857.07	5557	8081	1
2024.11.11	14:20:00	541879.06	543835.54	540120.42	543593.73	4947	7174	1
2024.11.11	14:40:00	543681.66	544231.23	541791.13	542076.90	4630	7080	1
2024.11.11	15:00:00	541945.01	542274.75	539131.19	540318.27	5182	7453	1
2024.11.11	15:20:00	540340.25	545550.21	540274.30	545220.46	5332	7927	1
2024.11.11	15:40:00	545220.46	550232.57	544736.84	550034.72	10168	15796	1
2024.11.11	16:00:00	549968.77	555420.54	547682.55	552145.08	11592	17473	1
2024.11.11	16:20:00	552167.07	555332.61	550496.36	554783.03	7231	10953	1
2024.11.11	16:40:00	554805.02	555244.67	551727.41	552650.69	6174	8797	1
2024.11.11	17:00:00	552606.72	558871.86	552189.05	556431.75	8130	12725	1
2024.11.11	17:20:00	556431.75	557135.21	553925.70	555794.25	5690	8686	1
2024.11.11	17:40:00	555992.09	558761.94	554035.61	556014.08	5069	7740	1
2024.11.11	18:00:00	555838.21	561795.59	554321.39	561246.01	3184	4709	1
2024.11.11	18:20:00	561333.94	566258.12	560322.73	566236.14	515	784	1
2024.11.12	09:00:00	560278.76	565246.90	559245.57	562872.75	7480	10960	1
2024.11.12	09:20:00	562762.83	562872.75	558256.33	558937.81	7766	10816	1
2024.11.12	09:40:00	559025.74	559663.24	552211.03	553310.18	10588	15526	1
2024.11.12	10:00:00	553222.25	554475.27	549045.49	550166.62	12209	17472	1
2024.11.12	10:20:00	550298.52	553442.07	545572.19	548407.99	9365	13544	1
2024.11.12	10:40:00	548407.99	555376.57	546693.32	554717.08	8864	13486	1
2024.11.12	11:00:00	554629.15	556189.94	550738.18	551815.34	7895	12633	1
2024.11.12	11:20:00	551837.32	553332.16	546231.68	551573.53	9300	14626	1
2024.11.12	11:40:00	551639.47	557882.63	550716.19	557069.26	10733	16379	1
2024.11.12	12:00:00	556959.34	560652.47	555134.76	555332.61	11269	17555	1
2024.11.12	12:20:00	555354.59	559641.26	554123.55	556827.44	9129	14182	1
2024.11.12	12:40:00	556937.36	557245.12	552826.55	555882.18	9245	14360	1
2024.11.12	13:00:00	555992.09	556343.82	549287.30	551991.20	8674	13671	1
2024.11.12	13:20:00	552123.10	556365.80	550826.11	555508.47	7904	12160	1
2024.11.12	13:40:00	555618.38	561883.52	555574.42	558278.32	8418	13097	1
2024.11.12	14:00:00	558212.37	563026.63	557948.57	562433.09	7425	11299	1
2024.11.12	14:20:00	562477.06	564851.21	559421.43	564081.81	7159	10803	1
2024.11.12	14:40:00	564015.86	565246.90	558190.39	558761.94	8653	13048	1
2024.11.12	15:00:00	558761.94	562894.73	558190.39	562696.89	6615	10173	1
2024.11.12	15:20:00	562762.83	567862.87	561180.06	565444.75	8926	14335	1
2024.11.12	15:40:00	565312.85	568808.14	564543.45	567884.86	6601	10701	1
2024.11.12	16:00:00	567796.92	571907.73	566697.78	571204.28	7379	11832	1
2024.11.12	16:20:00	571160.31	574611.63	570566.77	571160.31	8678	14011	1
2024.11.12	16:40:00	571160.31	572699.12	567862.87	568478.39	7561	11896	1
2024.11.12	17:00:00	568390.46	572391.35	568060.72	571556.00	6143	10226	1
2024.11.12	17:20:00	571534.02	573490.50	570962.46	572545.23	4877	8355	1
2024.11.12	17:40:00	572611.18	574171.97	570039.18	571292.21	3220	6323	1
2024.11.12	18:00:00	571380.14	573292.65	564697.33	565466.73	2270	3885	1
2024.11.12	18:20:00	565598.63	567665.03	565466.73	566302.08	243	369	1
2024.11.13	09:00:00	557157.19	559773.16	556431.75	558717.98	5062	7018	1
2024.11.13	09:20:00	558761.94	561399.89	558234.35	560960.23	6268	8308	1
2024.11.13	09:40:00	560960.23	561795.59	558388.23	558695.99	5759	7616	1
2024.11.13	10:00:00	558695.99	559685.22	557047.27	558454.18	5766	7735	1
2024.11.13	10:20:00	558322.28	564411.55	558234.35	564279.66	9796	13304	1
2024.11.13	10:40:00	564257.67	572962.91	563971.89	568368.48	11824	17559	1
2024.11.13	11:00:00	568566.33	574018.09	565950.36	573688.35	8474	13351	1
2024.11.13	11:20:00	573600.42	583448.76	572127.56	581865.99	15853	25000	1
2024.11.13	11:40:00	581844.01	589340.19	580239.26	587317.76	12237	19104	1
2024.11.13	12:00:00	587383.71	588328.97	580744.87	586570.34	13430	20626	1
2024.11.13	12:20:00	586526.37	591648.40	586416.46	587867.33	11679	17436	1
2024.11.13	12:40:00	587845.35	597693.70	587339.74	596374.72	11947	19044	1
2024.11.13	13:00:00	596352.74	601408.81	594264.36	600243.72	10349	15998	1
2024.11.13	13:20:00	600111.82	600705.36	591164.77	591692.36	9767	15449	1
2024.11.13	13:40:00	591560.46	596374.72	588900.53	595231.61	10373	15949	1
2024.11.13	14:00:00	595231.61	598287.24	594572.12	596176.88	8086	12128	1
2024.11.13	14:20:00	596198.86	596550.59	591758.31	593275.13	8520	12828	1
2024.11.13	14:40:00	593121.25	594945.83	590681.15	594330.31	8277	12708	1
2024.11.13	15:00:00	594374.28	596264.81	593319.10	595385.49	7295	11015	1
2024.11.13	15:20:00	595429.46	598221.29	595363.51	596023.00	6944	10605	1
2024.11.13	15:40:00	596023.00	600683.38	595011.78	598616.98	8576	13545	1
2024.11.13	16:00:00	598660.95	599122.59	581118.57	581360.39	15165	25643	1
2024.11.13	16:20:00	581382.37	587867.33	577953.03	580920.73	14413	25028	1
2024.11.13	16:40:00	580832.80	584987.57	578348.73	579272.01	8545	14928	1
2024.11.13	17:00:00	579206.06	584701.79	573688.35	583580.66	9135	15495	1
2024.11.13	17:20:00	583448.76	585800.94	580986.68	583778.51	5087	8714	1
2024.11.13	17:40:00	583778.51	584438.00	574787.49	576304.31	3361	5940	1
2024.11.13	18:00:00	576370.26	576897.85	565796.48	566807.69	4285	6546	1
2024.11.13	18:20:00	566917.61	571599.97	564829.23	570478.84	334	574	1
2024.11.14	09:00:00	587273.79	591868.22	585603.09	588087.16	5010	7207	1
2024.11.14	09:20:00	588065.18	588175.09	584767.74	585713.01	3879	5215	1
2024.11.14	09:40:00	585647.06	588263.02	585075.50	587537.59	4434	6128	1
2024.11.14	10:00:00	587361.73	588944.50	583976.35	584108.25	5498	7706	1
2024.11.14	10:20:00	584064.29	585625.07	580173.31	581887.98	7328	10921	1
2024.11.14	10:40:00	581887.98	585229.38	580239.26	580964.69	5691	8279	1
2024.11.14	11:00:00	581096.59	583294.88	578964.25	583206.95	7222	10365	1
2024.11.14	11:20:00	583162.99	587779.40	576656.04	578744.42	11965	17940	1
2024.11.14	11:40:00	578810.37	579821.58	568170.63	568764.17	15280	22725	1
2024.11.14	12:00:00	568544.34	573226.71	565224.92	566829.67	11231	17466	1
2024.11.14	12:20:00	566961.57	569973.23	564499.48	568852.10	10165	16056	1
2024.11.14	12:40:00	568720.21	569137.88	561663.69	562674.90	7898	12430	1
2024.11.14	13:00:00	562696.89	564631.38	559795.14	564301.64	9038	14430	1
2024.11.14	13:20:00	564147.76	566653.81	563026.63	566543.90	5929	9597	1
2024.11.14	13:40:00	566477.95	570193.06	565774.49	570149.10	6631	10437	1
2024.11.14	14:00:00	570193.06	570456.86	566104.24	568016.75	6423	10109	1
2024.11.14	14:20:00	568170.63	569357.71	565884.41	569225.81	5235	8241	1
2024.11.14	14:40:00	569357.71	572787.05	568368.48	570478.84	7225	11744	1
2024.11.14	15:00:00	570434.87	574106.02	569181.85	572347.39	6739	11060	1
2024.11.14	15:20:00	572325.41	572896.96	568456.41	568720.21	6557	11358	1
2024.11.14	15:40:00	568676.24	571687.90	567862.87	569885.30	5070	8476	1
2024.11.14	16:00:00	569973.23	573336.62	569863.32	572149.54	4943	8427	1
2024.11.14	16:20:00	572171.53	572874.98	570588.75	571446.09	3965	6959	1
2024.11.14	16:40:00	571336.17	574128.01	570346.94	572809.03	4817	8156	1
2024.11.14	17:00:00	572809.03	572853.00	564037.84	566631.83	9111	14627	1
2024.11.14	17:20:00	566697.78	567599.08	561949.47	562850.77	4413	7500	1
2024.11.14	17:40:00	562586.97	564367.59	560300.75	560740.41	3156	6124	1
2024.11.14	18:00:00	560630.49	563158.53	556585.63	562938.70	2109	3241	1
2024.11.14	18:20:00	562718.87	563730.08	561993.43	563598.19	143	236	1
2024.11.18	09:00:00	575688.79	578986.23	575446.98	577755.19	3847	5568	1
2024.11.18	09:20:00	577821.14	580393.14	576128.45	579843.57	5039	6671	1
2024.11.18	09:40:00	579909.51	581558.23	578920.28	579250.03	4916	6503	1
2024.11.18	10:00:00	579293.99	580107.36	572984.89	574128.01	9368	12678	1
2024.11.18	10:20:00	574237.92	574479.73	571490.05	572831.01	6841	9973	1
2024.11.18	10:40:00	572896.96	574281.89	569599.52	570962.46	5513	7938	1
2024.11.18	11:00:00	570698.67	576370.26	569907.28	575381.03	7451	10978	1
2024.11.18	11:20:00	575446.98	578414.68	573402.57	575886.64	9114	13363	1
2024.11.18	11:40:00	575864.66	577689.24	570632.72	573710.33	9001	13504	1
2024.11.18	12:00:00	573600.42	578018.98	573094.81	576590.09	6299	10013	1
2024.11.18	12:20:00	576502.16	583668.59	574435.77	583646.61	7002	10973	1
2024.11.18	12:40:00	583734.54	588614.75	582745.31	586768.19	10230	16164	1
2024.11.18	13:00:00	586724.22	588790.62	584328.08	585207.40	6361	10069	1
2024.11.18	13:20:00	585229.38	587097.93	582877.21	586064.73	5152	7959	1
2024.11.18	13:40:00	586130.68	586504.39	579535.80	581426.34	6360	10103	1
2024.11.18	14:00:00	581316.42	585493.18	579887.53	584877.65	5446	8987	1
2024.11.18	14:20:00	584943.60	587229.83	582349.62	583119.02	6248	9631	1
2024.11.18	14:40:00	583119.02	583294.88	577843.12	582327.64	5832	9122	1
2024.11.18	15:00:00	582481.52	582767.29	580063.39	582173.76	4025	6064	1
2024.11.18	15:20:00	582085.82	582613.41	575820.69	576062.50	5418	8774	1
2024.11.18	15:40:00	576062.50	576612.08	572149.54	573974.12	5981	9574	1
2024.11.18	16:00:00	573842.23	574611.63	570632.72	571643.94	5145	8492	1
2024.11.18	16:20:00	571621.95	573820.24	569401.68	573732.31	5860	9440	1
2024.11.18	16:40:00	573688.35	576546.13	572787.05	576326.30	4217	6812	1
2024.11.18	17:00:00	576194.40	578832.35	574018.09	578150.88	5424	8891	1
2024.11.18	17:20:00	578106.91	585581.11	576831.90	582635.40	9027	15485	1
2024.11.18	17:40:00	582657.38	583470.75	578524.59	582305.65	3518	6164	1
2024.11.18	18:00:00	582261.69	585822.92	581272.46	584042.30	1885	2995	1
2024.11.18	18:20:00	584020.32	584328.08	583075.06	584152.22	157	286	1
2024.11.19	09:00:00	584394.03	588197.08	584372.05	587911.30	4142	5590	1
2024.11.19	09:20:00	587955.26	590043.64	586878.10	589054.41	5498	7543	1
2024.11.19	09:40:00	589054.41	591406.58	587493.62	591406.58	6563	9070	1
2024.11.19	10:00:00	591384.60	594967.82	590966.92	592132.02	7308	10291	1
2024.11.19	10:20:00	592110.04	593407.03	586636.29	588175.09	8089	11521	1
2024.11.19	10:40:00	588328.97	588438.89	581008.66	581624.18	7474	10990	1
2024.11.19	11:00:00	581624.18	585954.82	580085.38	584306.10	8391	13218	1
2024.11.19	11:20:00	584196.18	586372.49	581778.06	584438.00	9459	15138	1
2024.11.19	11:40:00	584416.01	589669.93	583910.41	587053.96	9598	15693	1
2024.11.19	12:00:00	587010.00	589362.17	585449.21	587031.98	6669	11280	1
2024.11.19	12:20:00	586944.05	590637.18	584965.59	588878.55	6567	10714	1
2024.11.19	12:40:00	589010.44	591186.75	587933.28	590373.39	5139	8333	1
2024.11.19	13:00:00	590527.27	591054.86	589032.43	589801.83	3507	5537	1
2024.11.19	13:20:00	589779.85	591516.50	588614.75	589318.21	3965	6292	1
2024.11.19	13:40:00	589274.24	591714.34	589230.27	590109.59	3583	5612	1
2024.11.19	14:00:00	590241.49	592461.76	589340.19	590461.32	4538	6918	1
2024.11.19	14:20:00	590461.32	595737.22	588812.60	594660.06	7161	10902	1
2024.11.19	14:40:00	594791.95	595077.73	590988.91	593890.65	6296	9814	1
2024.11.19	15:00:00	593802.72	599034.66	593297.11	596198.86	6896	11106	1
2024.11.19	15:20:00	596242.83	600287.68	594967.82	599342.42	6420	10273	1
2024.11.19	15:40:00	599122.59	600551.48	597056.19	599210.52	5465	8849	1
2024.11.19	16:00:00	599320.44	600969.15	595077.73	599496.30	6741	10727	1
2024.11.19	16:20:00	599408.37	599979.92	596528.60	598221.29	4440	7129	1
2024.11.19	16:40:00	598287.24	599430.35	594286.35	595671.27	4623	7697	1
2024.11.19	17:00:00	595539.37	597803.61	594264.36	596858.35	3914	6563	1
2024.11.19	17:20:00	596858.35	597144.13	592725.56	593604.88	4529	7779	1
2024.11.19	17:40:00	593472.98	594484.19	588812.60	590725.11	4147	7135	1
2024.11.19	18:00:00	590659.16	592615.64	587383.71	588241.04	2115	3289	1
2024.11.19	18:20:00	588328.97	589054.41	586064.73	589054.41	275	503	1
2024.11.21	09:00:00	625194.34	628909.45	625194.34	628227.98	4526	6101	1
2024.11.21	09:20:00	628118.06	631173.69	627898.24	629942.65	6576	9418	1
2024.11.21	09:40:00	630052.56	630668.08	624930.54	625128.39	5938	8571	1
2024.11.21	10:00:00	625128.39	628623.67	625040.46	626689.17	5893	8586	1
2024.11.21	10:20:00	626667.19	627854.27	623721.48	627172.80	6014	8646	1
2024.11.21	10:40:00	627150.82	628469.79	626513.31	627392.63	3984	5860	1
2024.11.21	11:00:00	627436.59	627678.41	624315.02	627194.78	6013	9055	1
2024.11.21	11:20:00	627282.71	627370.65	620709.82	620709.82	7880	12368	1
2024.11.21	11:40:00	620819.73	628315.91	620248.18	623831.39	10986	16151	1
2024.11.21	12:00:00	623721.48	624095.19	618819.29	623018.03	8915	12851	1
2024.11.21	12:20:00	622996.04	623523.63	613653.30	613741.23	9571	13891	1
2024.11.21	12:40:00	613873.13	622820.18	612795.97	620819.73	9372	13671	1
2024.11.21	13:00:00	620709.82	622776.21	618115.83	622776.21	6718	10186	1
2024.11.21	13:20:00	622776.21	625897.79	622710.27	623545.62	5854	9105	1
2024.11.21	13:40:00	623677.51	627634.44	623215.87	625743.91	5630	8573	1
2024.11.21	14:00:00	625721.93	627216.76	623743.46	626799.09	4841	7707	1
2024.11.21	14:20:00	626821.07	628140.05	625765.89	626952.97	4087	6627	1
2024.11.21	14:40:00	626996.94	630184.46	625831.84	630118.51	4604	7505	1
2024.11.21	15:00:00	630008.60	631261.62	627612.46	630074.54	6740	10792	1
2024.11.21	15:20:00	629986.61	632096.97	629063.33	631283.61	6510	10368	1
2024.11.21	15:40:00	631195.67	632316.80	628931.43	631613.35	5128	8060	1
2024.11.21	16:00:00	631613.35	636823.30	631327.57	632844.39	9547	15306	1
2024.11.21	16:20:00	633108.19	635834.07	631239.64	632272.84	7443	11838	1
2024.11.21	16:40:00	632294.82	633042.24	627656.42	628359.88	6538	10453	1
2024.11.21	17:00:00	628293.93	633745.69	628096.08	633240.09	5143	8641	1
2024.11.21	17:20:00	633262.07	634690.96	628777.55	629876.70	4884	8213	1
2024.11.21	17:40:00	629964.63	632053.01	626821.07	630184.46	3748	6170	1
2024.11.21	18:00:00	630228.43	631569.38	627018.92	630690.07	2128	3412	1
2024.11.21	18:20:00	630690.07	630887.91	628997.38	629239.19	264	403	1
2024.11.22	09:00:00	636889.25	637328.91	630887.91	631987.06	4552	5952	1
2024.11.22	09:20:00	631789.21	634339.23	630316.36	632382.75	5979	7967	1
2024.11.22	09:40:00	632294.82	632998.27	630514.20	631107.74	4495	5888	1
2024.11.22	10:00:00	630953.86	632338.79	628821.52	629041.35	5655	7721	1
2024.11.22	10:20:00	629107.30	630206.44	626073.65	629129.28	8172	11353	1
2024.11.22	10:40:00	629041.35	631613.35	625546.06	629239.19	8318	11606	1
2024.11.22	11:00:00	629327.13	630184.46	626711.16	627370.65	5346	7520	1
2024.11.22	11:20:00	627414.61	629634.89	625216.32	626952.97	7627	10786	1
2024.11.22	11:40:00	626887.02	629349.11	624534.85	625677.96	6624	9679	1
2024.11.22	12:00:00	625655.98	631679.30	624842.61	630514.20	6628	9980	1
2024.11.22	12:20:00	630492.22	633503.88	629744.80	632316.80	5653	8474	1
2024.11.22	12:40:00	632272.84	634119.40	632118.96	633393.97	3430	5357	1
2024.11.22	13:00:00	633196.12	633306.03	629239.19	629986.61	5949	8828	1
2024.11.22	13:20:00	629920.66	633306.03	629546.95	633042.24	4144	6240	1
2024.11.22	13:40:00	633042.24	634690.96	631261.62	633745.69	4208	6347	1
2024.11.22	14:00:00	633635.78	637087.10	632734.48	636779.34	5278	7807	1
2024.11.22	14:20:00	636801.32	637460.81	634141.39	634625.01	5321	7964	1
2024.11.22	14:40:00	634537.08	637021.15	634317.25	634712.94	3865	6080	1
2024.11.22	15:00:00	634778.89	637438.82	634449.15	635636.22	4693	7650	1
2024.11.22	15:20:00	635812.09	636559.51	633218.10	635790.10	5345	8509	1
2024.11.22	15:40:00	635724.16	636603.47	634075.44	635965.97	3774	6386	1
2024.11.22	16:00:00	635943.99	638296.16	635702.17	637834.52	5138	7907	1
2024.11.22	16:20:00	637834.52	639373.32	636317.70	636581.49	5480	8778	1
2024.11.22	16:40:00	636581.49	638911.68	634515.10	636163.81	5935	10271	1
2024.11.22	17:00:00	636075.88	638603.92	634910.79	637262.96	3980	6690	1
2024.11.22	17:20:00	637240.98	638142.28	634537.08	635064.67	3478	5792	1
2024.11.22	17:40:00	635086.65	636515.54	633635.78	635306.48	2408	4187	1
2024.11.22	18:00:00	635350.45	636251.75	632712.50	633701.73	1375	2277	1
2024.11.22	18:20:00	633547.85	633855.61	632162.92	633108.19	204	355	1
2024.11.25	09:00:00	627788.32	629151.26	625655.98	625743.91	5215	7395	1
2024.11.25	09:20:00	625721.93	627854.27	625062.44	625480.11	5341	7195	1
2024.11.25	09:40:00	625392.18	627040.90	624732.69	626645.21	3960	5637	1
2024.11.25	10:00:00	626843.06	627238.75	621611.12	622358.54	8171	12034	1
2024.11.25	10:20:00	622446.47	624358.98	620643.87	623545.62	5955	8500	1
2024.11.25	10:40:00	623523.63	625150.37	622886.13	623018.03	4573	6694	1
2024.11.25	11:00:00	623040.01	623413.72	620050.33	620577.92	4593	6631	1
2024.11.25	11:20:00	620555.94	621127.50	617874.02	619236.96	7650	11802	1
2024.11.25	11:40:00	619105.07	619522.74	607959.72	608355.42	12691	20103	1
2024.11.25	12:00:00	608487.31	611125.27	602815.72	607739.89	12320	19960	1
2024.11.25	12:20:00	607586.01	614510.64	606157.12	610443.79	8073	12608	1
2024.11.25	12:40:00	610443.79	617874.02	609982.15	615170.12	6536	9809	1
2024.11.25	13:00:00	614972.28	617170.57	612048.55	616664.96	7047	11159	1
2024.11.25	13:20:00	616621.00	618093.85	614246.84	614708.48	5054	8028	1
2024.11.25	13:40:00	614686.50	615521.85	612466.22	614005.03	4570	7346	1
2024.11.25	14:00:00	613983.05	614136.93	608751.11	610223.97	6230	9514	1
2024.11.25	14:20:00	610114.05	612576.14	607432.13	609234.73	6335	9587	1
2024.11.25	14:40:00	609058.87	610223.97	607256.27	609102.84	4718	7023	1
2024.11.25	15:00:00	609014.90	613895.11	606882.56	613301.57	6290	9398	1
2024.11.25	15:20:00	613213.64	613345.54	609190.77	609498.53	5039	7712	1
2024.11.25	15:40:00	609608.44	610949.40	606904.54	608311.45	6032	9473	1
2024.11.25	16:00:00	608333.43	609212.75	606003.24	607322.22	5650	8819	1
2024.11.25	16:20:00	607366.19	608751.11	604024.78	605673.50	7120	11304	1
2024.11.25	16:40:00	605717.47	608663.18	604244.61	604574.35	5023	8069	1
2024.11.25	17:00:00	604574.35	607498.08	603541.16	606442.90	4703	7959	1
2024.11.25	17:20:00	606508.85	609256.72	605233.84	608443.35	3562	5925	1
2024.11.25	17:40:00	608465.33	608883.01	605299.79	607432.13	2963	4994	1
2024.11.25	18:00:00	607102.39	608597.23	604662.29	605783.41	1794	3253	1
2024.11.25	18:20:00	605651.52	605893.33	603958.83	604728.23	267	477	1
2024.11.26	09:00:00	590988.91	591670.38	588988.46	589120.36	5191	7618	1
2024.11.26	09:20:00	589076.39	589603.98	585427.23	586526.37	6123	8682	1
2024.11.26	09:40:00	586416.46	588175.09	584547.91	587251.81	5986	8314	1
2024.11.26	10:00:00	587141.90	593099.27	585581.11	592373.83	8486	12285	1
2024.11.26	10:20:00	592461.76	593363.06	588966.48	589911.74	5964	8803	1
2024.11.26	10:40:00	590043.64	591428.57	588328.97	588878.55	6269	8899	1
2024.11.26	11:00:00	588878.55	589713.90	586284.56	589340.19	6465	9806	1
2024.11.26	11:20:00	589318.21	593429.01	586350.51	593275.13	9863	15028	1
2024.11.26	11:40:00	593407.03	597693.70	592439.78	596066.96	9809	15651	1
2024.11.26	12:00:00	596088.95	598155.34	592483.75	592505.73	9332	15420	1
2024.11.26	12:20:00	592571.68	596308.77	588702.68	596066.96	9143	14406	1
2024.11.26	12:40:00	596066.96	596704.47	592593.66	592615.64	5862	9424	1
2024.11.26	13:00:00	592681.59	597759.65	591912.19	597539.82	5326	9014	1
2024.11.26	13:20:00	597517.84	604750.22	597517.84	604376.51	7954	13287	1
2024.11.26	13:40:00	604574.35	606420.92	601079.07	601540.71	7810	12605	1
2024.11.26	14:00:00	601694.59	601760.54	596880.33	598902.76	6469	10511	1
2024.11.26	14:20:00	598924.74	601782.52	598573.02	600111.82	5389	9362	1
2024.11.26	14:40:00	600001.91	600859.24	598485.08	599474.32	4474	7411	1
2024.11.26	15:00:00	599386.38	600155.79	592681.59	592769.52	6598	11073	1
2024.11.26	15:20:00	592725.56	594726.00	588724.67	589801.83	8535	13683	1
2024.11.26	15:40:00	589911.74	593385.05	588856.56	588856.56	5777	9307	1
2024.11.26	16:00:00	589010.44	592527.71	587537.59	588680.70	6490	10312	1
2024.11.26	16:20:00	588834.58	589625.97	586262.58	589230.27	6254	10280	1
2024.11.26	16:40:00	588988.46	589230.27	585383.26	586174.65	4527	7586	1
2024.11.26	17:00:00	586086.72	588592.77	583228.94	583536.70	7523	12260	1
2024.11.26	17:20:00	583602.65	585273.35	580503.05	581096.59	6337	11042	1
2024.11.26	17:40:00	581272.46	586856.12	580942.71	581778.06	5226	9845	1
2024.11.26	18:00:00	581668.15	583712.56	580019.43	583097.04	2270	3351	1
2024.11.26	18:20:00	583316.87	586262.58	583316.87	585647.06	255	388	1
2024.11.27	09:00:00	595825.15	598507.07	595825.15	597693.70	3773	5316	1
2024.11.27	09:20:00	597737.66	598045.43	593890.65	595671.27	5276	7050	1
2024.11.27	09:40:00	595627.30	600023.89	595429.46	599782.08	7051	9983	1
2024.11.27	10:00:00	599804.06	601562.69	598682.93	599496.30	7653	10905	1
2024.11.27	10:20:00	599320.44	602156.23	599034.66	600793.29	6096	8297	1
2024.11.27	10:40:00	600683.38	604706.25	600595.44	604706.25	5699	8327	1
2024.11.27	11:00:00	604618.32	605739.45	603057.53	604596.34	6387	9177	1
2024.11.27	11:20:00	604618.32	607608.00	603870.90	606926.53	9393	14180	1
2024.11.27	11:40:00	606882.56	609036.89	604376.51	608465.33	8015	12097	1
2024.11.27	12:00:00	608575.25	609850.26	606464.89	607783.86	6715	10686	1
2024.11.27	12:20:00	607717.91	614268.82	605937.30	613147.69	9176	14000	1
2024.11.27	12:40:00	613059.76	616577.03	612795.97	614664.52	8182	12590	1
2024.11.27	13:00:00	614730.46	616027.46	611960.62	615477.88	7279	10836	1
2024.11.27	13:20:00	615609.78	619171.01	614290.81	617896.01	6974	10605	1
2024.11.27	13:40:00	617896.01	622952.08	616313.23	618951.19	10013	16557	1
2024.11.27	14:00:00	618951.19	621677.07	618335.66	619808.52	6010	10219	1
2024.11.27	14:20:00	619786.54	623083.98	619786.54	622864.15	4167	6600	1
2024.11.27	14:40:00	622820.18	624754.68	621325.34	624578.81	5880	9684	1
2024.11.27	15:00:00	624512.87	626887.02	623040.01	625743.91	6660	10335	1
2024.11.27	15:20:00	625699.94	625831.84	622688.28	625677.96	5926	9235	1
2024.11.27	15:40:00	625633.99	628513.76	624666.75	626909.00	6922	11419	1
2024.11.27	16:00:00	626909.00	628030.13	625062.44	627590.47	5081	8038	1
2024.11.27	16:20:00	627524.53	628623.67	626425.38	627172.80	4401	7384	1
2024.11.27	16:40:00	627106.85	629854.72	626777.11	629612.90	5478	9385	1
2024.11.27	17:00:00	629656.87	633415.95	627678.41	632778.44	6930	11780	1
2024.11.27	17:20:00	632800.43	633679.74	630536.19	632470.68	5898	9379	1
2024.11.27	17:40:00	632514.65	634581.04	629261.18	631239.64	4702	7883	1
2024.11.27	18:00:00	631327.57	633547.85	628601.69	632360.77	2074	3537	1
2024.11.27	18:20:00	632470.68	633371.98	631723.26	632624.56	282	530	1
2024.11.28	09:00:00	620621.89	632053.01	620621.89	626733.14	6348	10197	1
2024.11.28	09:20:00	626865.04	627370.65	623831.39	624864.59	4273	6179	1
2024.11.28	09:40:00	624842.61	628843.50	624117.17	628008.15	6119	8511	1
2024.11.28	10:00:00	628008.15	628513.76	623963.29	625568.05	6309	8884	1
2024.11.28	10:20:00	625590.03	628667.64	625326.23	627216.76	5799	8295	1
2024.11.28	10:40:00	627282.71	631437.49	626821.07	630909.90	5134	7398	1
2024.11.28	11:00:00	631085.76	633877.59	630536.19	632272.84	5404	7984	1
2024.11.28	11:20:00	632382.75	633393.97	628535.74	631811.20	6917	10181	1
2024.11.28	11:40:00	631855.16	632228.87	628689.62	628997.38	3979	5977	1
2024.11.28	12:00:00	629107.30	629656.87	626601.24	627700.39	4360	6444	1
2024.11.28	12:20:00	627766.34	630096.53	626689.17	627942.20	4935	7259	1
2024.11.28	12:40:00	627832.29	628535.74	625392.18	626557.28	3416	5365	1
2024.11.28	13:00:00	626601.24	629415.06	626579.26	628337.89	3719	5610	1
2024.11.28	13:20:00	628469.79	629305.14	626821.07	627282.71	3140	5026	1
2024.11.28	13:40:00	627348.66	628315.91	625392.18	626315.47	2906	4813	1
2024.11.28	14:00:00	626293.48	627810.30	625985.72	626249.52	2287	3526	1
2024.11.28	14:20:00	626227.53	626887.02	625524.08	625655.98	1421	2016	1
2024.11.28	14:40:00	625524.08	625655.98	623875.36	624666.75	2487	3662	1
2024.11.28	15:00:00	624644.76	626271.50	624380.97	625787.87	1609	2111	1
2024.11.28	15:20:00	625853.82	626425.38	625062.44	625919.77	1408	1897	1
2024.11.28	15:40:00	625787.87	628381.86	625699.94	627436.59	1896	2616	1
2024.11.28	16:00:00	627502.54	628777.55	625853.82	626755.12	2671	3697	1
2024.11.28	16:20:00	626821.07	628008.15	625502.10	626952.97	1584	2194	1
2024.11.28	16:40:00	626996.94	627744.36	626271.50	626952.97	1022	1407	1
2024.11.28	17:00:00	627040.90	627546.51	626161.58	626315.47	636	851	1
2024.11.28	17:20:00	626227.53	626689.17	625655.98	626337.45	1183	1646	1
2024.11.28	17:40:00	626271.50	628623.67	625062.44	627150.82	1674	2422	1
2024.11.28	18:00:00	627172.80	629129.28	626974.95	628733.59	977	1441	1
2024.11.28	18:20:00	628865.48	629788.77	628557.72	629788.77	159	228	1
2024.11.29	09:00:00	641048.12	649238.70	641048.12	646839.87	5163	7257	1
2024.11.29	09:20:00	646731.82	647920.42	644700.38	645002.93	4378	5819	1
2024.11.29	09:40:00	645024.55	647617.87	644441.05	647596.26	4360	5804	1
2024.11.29	10:00:00	647509.81	652221.02	647444.98	650081.53	7325	10624	1
2024.11.29	10:20:00	650167.97	650643.41	648244.59	650643.41	4348	6333	1
2024.11.29	10:40:00	650665.03	652458.74	649670.92	651680.74	3648	5284	1
2024.11.29	11:00:00	651723.97	652177.80	648979.37	650059.92	3996	5791	1
2024.11.29	11:20:00	650016.69	653344.79	649109.03	653020.63	6207	9140	1
2024.11.29	11:40:00	653020.63	653949.90	650665.03	653409.63	5384	8025	1
2024.11.29	12:00:00	653517.68	655181.73	651659.13	653539.29	6496	10682	1
2024.11.29	12:20:00	653452.85	654209.24	643900.77	646191.54	8656	14112	1
2024.11.29	12:40:00	646148.32	649022.59	645759.32	645845.77	5647	9934	1
2024.11.29	13:00:00	645932.21	649887.03	645932.21	646796.65	5069	8298	1
2024.11.29	13:20:00	646904.71	650967.58	646558.93	648352.65	4338	7048	1
2024.11.29	13:40:00	648374.26	650167.97	646623.76	647185.65	3765	6292	1
2024.11.29	14:00:00	647099.21	647747.54	642928.28	643187.61	5714	9394	1
2024.11.29	14:20:00	643187.61	644657.16	641156.17	641934.17	4588	7574	1
2024.11.29	14:40:00	641912.56	644181.72	641437.11	641696.45	3453	5814	1
2024.11.29	15:00:00	641523.56	642150.28	639189.57	640896.84	3583	5477	1
2024.11.29	15:20:00	640940.06	643036.33	640140.45	641653.22	2283	3488	1
2024.11.29	15:40:00	641545.17	643511.77	641156.17	642517.67	2127	3213	1
2024.11.29	16:00:00	642539.28	643252.44	638498.01	640205.29	2880	4439	1
2024.11.29	16:20:00	640378.17	641934.17	639816.29	641112.95	1605	2427	1
2024.11.29	16:40:00	641112.95	642388.00	639297.62	641393.89	2873	5006	1
2024.11.29	17:00:00	641393.89	641674.84	638562.85	638606.07	1989	3245	1
2024.11.29	17:20:00	638908.62	639859.51	638217.07	639167.96	1504	2610	1
2024.11.29	17:40:00	639340.84	640032.40	637525.52	638649.29	1193	2077	1
2024.11.29	18:00:00	638649.29	639340.84	638000.96	638411.57	554	995	1
2024.11.29	18:20:00	638411.57	640054.01	637720.02	639924.34	245	423	1
2024.12.02	09:00:00	624558.90	629615.88	624558.90	627995.05	5078	7240	1
2024.12.02	09:20:00	628124.72	629421.38	627325.11	628189.55	2966	4894	1
2024.12.02	09:40:00	628146.33	628362.44	623867.34	625164.01	4861	7063	1
2024.12.02	10:00:00	625164.01	631733.76	624321.17	631042.21	6213	8683	1
2024.12.02	10:20:00	630912.54	634564.81	630307.43	634002.92	4403	6333	1
2024.12.02	10:40:00	634002.92	635883.08	632187.59	635040.25	5682	7885	1
2024.12.02	11:00:00	634824.14	636769.13	634240.64	636401.74	5353	7725	1
2024.12.02	11:20:00	636293.69	642344.78	635839.86	641004.89	7200	10590	1
2024.12.02	11:40:00	641026.50	644246.55	639297.62	640464.62	7382	11912	1
2024.12.02	12:00:00	640551.06	644700.38	636963.63	642993.11	8067	12723	1
2024.12.02	12:20:00	642993.11	646861.48	642863.44	646839.87	6538	10642	1
2024.12.02	12:40:00	646861.48	649130.64	645110.99	646926.32	6102	9661	1
2024.12.02	13:00:00	647099.21	649670.92	646126.71	646904.71	5336	8727	1
2024.12.02	13:20:00	646991.15	647553.04	641588.39	641588.39	8124	12589	1
2024.12.02	13:40:00	641718.06	642928.28	639513.73	640529.45	6821	10981	1
2024.12.02	14:00:00	640594.28	643663.05	636444.97	637071.69	6507	10338	1
2024.12.02	14:20:00	637093.30	638087.40	631107.04	631776.98	7004	11048	1
2024.12.02	14:40:00	631885.04	633959.70	624645.34	626482.28	7308	11652	1
2024.12.02	15:00:00	626547.11	633721.97	625639.45	633160.09	6298	9764	1
2024.12.02	15:20:00	633095.25	636812.35	632317.26	636747.52	4774	7507	1
2024.12.02	15:40:00	636769.13	636833.96	634370.31	634932.19	3947	6378	1
2024.12.02	16:00:00	634780.92	635018.64	631755.37	632360.48	4573	7498	1
2024.12.02	16:20:00	632403.70	635558.91	632122.76	635040.25	3893	6581	1
2024.12.02	16:40:00	635018.64	636423.35	633505.86	636055.97	2834	4358	1
2024.12.02	17:00:00	636012.74	640399.78	635623.75	638778.96	4421	7307	1
2024.12.02	17:20:00	638800.57	639427.29	635904.69	636553.02	3372	5540	1
2024.12.02	17:40:00	636574.63	636877.19	633354.59	635061.86	3000	5472	1
2024.12.02	18:00:00	635018.64	635386.02	632965.59	634391.92	1546	2750	1
2024.12.02	18:20:00	634499.97	635666.97	632490.15	635666.97	274	485	1
2024.12.03	09:00:00	629551.05	629702.32	625682.67	628578.55	5516	7726	1
2024.12.03	09:20:00	628664.99	629702.32	627692.50	629053.99	5450	7286	1
2024.12.03	09:40:00	629118.82	632057.93	628038.27	630220.99	5946	7960	1
2024.12.03	10:00:00	630177.77	631582.48	625531.39	626071.67	7065	9527	1
2024.12.03	10:20:00	625920.39	628362.44	625596.23	627606.05	5997	8263	1
2024.12.03	10:40:00	627778.94	628686.60	620863.41	621468.52	8817	12295	1
2024.12.03	11:00:00	621446.91	626741.61	620863.41	623759.29	8242	12172	1
2024.12.03	11:20:00	623737.68	628405.66	622549.07	628405.66	8682	13470	1
2024.12.03	11:40:00	628254.38	635537.30	628124.72	633052.03	8540	13442	1
2024.12.03	12:00:00	632987.20	638022.57	632468.53	636877.19	6921	11072	1
2024.12.03	12:20:00	637071.69	639729.84	635040.25	636423.35	8504	13536	1
2024.12.03	12:40:00	636444.97	637525.52	632252.42	634651.25	5822	9601	1
2024.12.03	13:00:00	634672.86	638260.29	633484.25	634997.03	5639	8999	1
2024.12.03	13:20:00	635061.86	636725.91	632317.26	632619.81	4789	8094	1
2024.12.03	13:40:00	632619.81	633289.75	628881.10	631258.32	6227	11246	1
2024.12.03	14:00:00	631150.26	633700.36	629594.27	632468.53	4974	8185	1
2024.12.03	14:20:00	632468.53	634888.97	630329.04	634888.97	5840	9277	1
2024.12.03	14:40:00	634910.58	637611.96	634499.97	636769.13	5250	8561	1
2024.12.03	15:00:00	636833.96	636833.96	634262.25	635688.58	4717	7699	1
2024.12.03	15:20:00	635818.25	636833.96	633181.70	633894.86	5268	8550	1
2024.12.03	15:40:00	633894.86	634219.03	630609.99	630890.93	5595	10037	1
2024.12.03	16:00:00	630890.93	631733.76	628232.77	628232.77	4866	8468	1
2024.12.03	16:20:00	628232.77	632446.92	628038.27	631841.81	5561	9610	1
2024.12.03	16:40:00	631949.87	633073.64	630566.76	632727.87	3183	5524	1
2024.12.03	17:00:00	632706.26	633160.09	631409.59	632079.54	2736	4632	1
2024.12.03	17:20:00	631949.87	633160.09	630048.10	632382.09	2887	5155	1
2024.12.03	17:40:00	632425.31	633095.25	631539.26	632209.20	1638	3152	1
2024.12.03	18:00:00	632382.09	634759.30	631841.81	634629.64	1150	2101	1
2024.12.03	18:20:00	634672.86	635256.36	634024.53	634348.69	241	393	1
2024.12.04	09:00:00	637287.80	639686.62	635083.47	636207.24	6312	8702	1
2024.12.04	09:20:00	636142.41	638541.24	636142.41	637914.52	3975	5628	1
2024.12.04	09:40:00	637892.90	638238.68	636488.19	637547.13	3656	5228	1
2024.12.04	10:00:00	637698.41	638044.18	634694.47	634888.97	5552	7790	1
2024.12.04	10:20:00	634845.75	635429.25	633224.92	634197.42	5392	7560	1
2024.12.04	10:40:00	634262.25	634888.97	632057.93	634564.81	5690	8069	1
2024.12.04	11:00:00	634564.81	635105.08	632857.53	634845.75	5773	8325	1
2024.12.04	11:20:00	634845.75	639621.79	634089.36	639621.79	8007	11925	1
2024.12.04	11:40:00	639535.34	640140.45	635429.25	635904.69	8713	13450	1
2024.12.04	12:00:00	635904.69	639621.79	633203.31	636250.47	8213	12403	1
2024.12.04	12:20:00	636164.02	636942.02	633311.37	634046.14	4476	7011	1
2024.12.04	12:40:00	633981.31	635494.08	631582.48	632598.20	5156	7978	1
2024.12.04	13:00:00	632619.81	633268.14	627908.61	628686.60	6313	9748	1
2024.12.04	13:20:00	628859.49	629486.21	624602.12	627584.44	8795	13581	1
2024.12.04	13:40:00	627325.11	627606.05	623759.29	625228.84	6573	10448	1
2024.12.04	14:00:00	625185.62	627908.61	624213.12	625704.28	5940	9292	1
2024.12.04	14:20:00	625769.11	627454.77	624169.90	627087.39	4262	7096	1
2024.12.04	14:40:00	626936.11	629162.05	625228.84	628729.83	5641	9149	1
2024.12.04	15:00:00	628773.05	633376.20	628600.16	632187.59	6316	9889	1
2024.12.04	15:20:00	632209.20	633289.75	630329.04	633095.25	6285	9945	1
2024.12.04	15:40:00	633116.87	635321.19	632619.81	634932.19	5119	8247	1
2024.12.04	16:00:00	634845.75	637828.07	634110.97	637720.02	5630	8784	1
2024.12.04	16:20:00	637741.63	638649.29	636099.19	638109.01	6216	10071	1
2024.12.04	16:40:00	638109.01	642755.39	637936.13	642625.72	6488	10600	1
2024.12.04	17:00:00	642755.39	652393.91	641847.72	652177.80	9888	16226	1
2024.12.04	17:20:00	652177.80	654144.40	648568.76	653150.29	10059	16696	1
2024.12.04	17:40:00	653085.46	655613.95	652307.46	653777.01	6144	10547	1
2024.12.04	18:00:00	653949.90	655160.12	650686.64	652004.91	2669	4334	1
2024.12.04	18:20:00	652004.91	653193.52	651378.19	652999.02	358	660	1
2024.12.05	09:00:00	678845.81	680639.53	677527.54	678737.76	6137	8618	1
2024.12.05	09:20:00	678629.70	680790.81	678370.37	680704.36	3991	5598	1
2024.12.05	09:40:00	680704.36	680769.20	674718.11	677289.82	9635	13516	1
2024.12.05	10:00:00	677203.38	678759.37	675193.55	678478.43	5705	8437	1
2024.12.05	10:20:00	678456.82	679580.59	676749.54	677873.32	4271	6061	1
2024.12.05	10:40:00	677592.37	677981.37	675236.77	675755.44	3816	5178	1
2024.12.05	11:00:00	675755.44	675993.16	672535.39	674004.94	6172	8913	1
2024.12.05	11:20:00	673983.33	676749.54	670871.34	674718.11	9654	14402	1
2024.12.05	11:40:00	674653.27	677116.93	673248.56	676576.66	7760	11909	1
2024.12.05	12:00:00	676468.60	676598.27	672340.89	672751.50	6623	11254	1
2024.12.05	12:20:00	672794.73	673270.17	662875.26	663264.26	14070	23247	1
2024.12.05	12:40:00	663221.04	665122.81	658596.28	660973.49	10033	15843	1
2024.12.05	13:00:00	661081.54	666441.08	660454.82	665835.97	7930	12661	1
2024.12.05	13:20:00	665727.92	666678.80	655959.73	656478.39	8997	14441	1
2024.12.05	13:40:00	656500.01	662356.60	656435.17	659763.27	8242	13623	1
2024.12.05	14:00:00	659784.88	662054.04	656845.78	659568.77	6841	11013	1
2024.12.05	14:20:00	659590.38	663156.20	657883.11	661146.38	6361	10185	1
2024.12.05	14:40:00	661016.71	663955.81	659784.88	663437.15	5423	8485	1
2024.12.05	15:00:00	663458.76	665338.92	661729.88	663437.15	6151	9477	1
2024.12.05	15:20:00	663458.76	665338.92	660951.88	663523.59	5111	8132	1
2024.12.05	15:40:00	663588.42	663977.42	655743.62	655808.45	7268	11741	1
2024.12.05	16:00:00	655938.12	660433.21	654511.79	659720.05	8230	13611	1
2024.12.05	16:20:00	659611.99	661556.99	657018.67	658401.78	5170	8711	1
2024.12.05	16:40:00	658531.44	659287.83	647423.37	650016.69	11241	18133	1
2024.12.05	17:00:00	650038.31	652934.18	643166.00	644743.60	11702	19272	1
2024.12.05	17:20:00	644851.66	648784.87	641458.73	647682.70	8379	14354	1
2024.12.05	17:40:00	647553.04	650297.64	646364.43	649368.36	5424	9457	1
2024.12.05	18:00:00	649195.48	652782.91	649087.42	650254.42	2540	4176	1
2024.12.05	18:20:00	650232.81	652199.41	650059.92	651032.41	334	479	1
2024.12.06	09:00:00	644830.05	646494.10	643036.33	644181.72	4058	5846	1
2024.12.06	09:20:00	644181.72	645586.43	642582.50	642841.83	5004	6786	1
2024.12.06	09:40:00	642841.83	643057.94	637698.41	638670.90	6349	8955	1
2024.12.06	10:00:00	638822.18	641869.33	638238.68	641329.06	6161	8598	1
2024.12.06	10:20:00	641264.23	646126.71	639924.34	644981.32	8115	11676	1
2024.12.06	10:40:00	644851.66	647466.59	644484.27	646256.37	7366	10203	1
2024.12.06	11:00:00	646386.04	649454.81	644830.05	649173.86	7201	10234	1
2024.12.06	11:20:00	649325.14	654511.79	648957.75	650989.19	8390	12328	1
2024.12.06	11:40:00	650967.58	657278.00	649541.25	656737.73	7824	11528	1
2024.12.06	12:00:00	656716.12	656975.45	652134.58	654425.35	6666	10040	1
2024.12.06	12:20:00	654598.23	657991.17	651896.85	656435.17	5650	8689	1
2024.12.06	12:40:00	656500.01	659784.88	655354.62	657753.45	7035	10972	1
2024.12.06	13:00:00	657861.50	659763.27	656240.67	657515.72	5354	8760	1
2024.12.06	13:20:00	657450.89	657991.17	653690.57	655916.51	6424	10581	1
2024.12.06	13:40:00	655830.06	657278.00	654295.68	656889.00	4226	7192	1
2024.12.06	14:00:00	656975.45	660044.21	656651.28	658942.05	5351	8683	1
2024.12.06	14:20:00	658985.27	663048.15	658639.50	662702.37	5807	9520	1
2024.12.06	14:40:00	662745.59	673140.50	662745.59	670287.85	13810	22477	1
2024.12.06	15:00:00	670266.23	676598.27	669488.24	674264.28	8967	14663	1
2024.12.06	15:20:00	674393.94	676879.21	671973.51	672297.67	6799	10945	1
2024.12.06	15:40:00	672319.28	675971.55	670114.96	675063.88	6303	10606	1
2024.12.06	16:00:00	674847.77	675798.66	673529.50	674069.78	4814	7819	1
2024.12.06	16:20:00	674091.39	675755.44	673615.94	675431.27	3887	6605	1
2024.12.06	16:40:00	675474.49	677203.38	673637.56	674285.89	4924	7997	1
2024.12.06	17:00:00	674285.89	676166.05	672600.23	675863.49	4656	7466	1
2024.12.06	17:20:00	675755.44	677095.32	674977.44	676317.32	4105	7055	1
2024.12.06	17:40:00	676187.66	678240.71	672557.00	675539.33	4328	7600	1
2024.12.06	18:00:00	675431.27	675777.05	672967.61	673788.83	1523	2765	1
2024.12.06	18:20:00	673875.28	674566.83	673140.50	673961.72	296	619	1
2024.12.09	09:00:00	649649.31	651551.08	647509.81	649498.03	6478	9014	1
2024.12.09	09:20:00	649433.20	649714.14	647336.93	647790.76	3419	4751	1
2024.12.09	09:40:00	647942.04	651010.80	646731.82	650405.69	5845	8605	1
2024.12.09	10:00:00	650211.19	651896.85	645888.99	651032.41	8091	11512	1
2024.12.09	10:20:00	650924.36	653474.46	650556.97	652804.52	5679	7775	1
2024.12.09	10:40:00	652826.13	654727.90	651918.47	654209.24	4381	6162	1
2024.12.09	11:00:00	654166.01	656737.73	652782.91	655808.45	5747	7900	1
2024.12.09	11:20:00	655786.84	656197.45	649843.81	654511.79	9273	13442	1
2024.12.09	11:40:00	654727.90	661989.21	654446.96	660389.99	8041	10921	1
2024.12.09	12:00:00	660519.66	662637.54	650427.30	650881.14	9576	14005	1
2024.12.09	12:20:00	650881.14	652631.63	645175.82	646688.60	9914	13665	1
2024.12.09	12:40:00	646645.37	647725.93	643490.16	645651.27	8495	12387	1
2024.12.09	13:00:00	645672.88	649000.98	643057.94	648525.53	8037	12239	1
2024.12.09	13:20:00	648525.53	650470.53	645305.49	646105.10	6683	10197	1
2024.12.09	13:40:00	646191.54	648828.09	645651.27	645845.77	4954	7669	1
2024.12.09	14:00:00	645694.49	648849.70	644916.49	646969.54	5659	8645	1
2024.12.09	14:20:00	646861.48	647790.76	645219.05	645737.71	4723	6955	1
2024.12.09	14:40:00	645737.71	647012.76	643987.22	644311.38	5309	7969	1
2024.12.09	15:00:00	644397.83	649325.14	644052.05	648525.53	5506	8783	1
2024.12.09	15:20:00	648655.20	650729.86	647293.70	647466.59	6118	9971	1
2024.12.09	15:40:00	647488.20	650038.31	647423.37	648071.70	4499	7295	1
2024.12.09	16:00:00	648050.09	648114.92	644462.66	645975.43	5454	8747	1
2024.12.09	16:20:00	646040.26	647617.87	643987.22	644095.27	4184	6437	1
2024.12.09	16:40:00	644008.83	644224.94	641588.39	642344.78	4916	7583	1
2024.12.09	17:00:00	642279.94	643987.22	640875.23	642150.28	5445	9057	1
2024.12.09	17:20:00	642193.50	643274.05	638930.23	639470.51	6669	11297	1
2024.12.09	17:40:00	639535.34	642042.22	636185.63	636920.41	5478	10185	1
2024.12.09	18:00:00	636898.80	643317.27	624126.68	641350.67	7247	12754	1
2024.12.09	18:20:00	641847.72	642971.50	638757.35	640918.45	434	754	1
2024.12.10	09:00:00	646537.32	646537.32	640940.06	644527.49	5059	7642	1
2024.12.10	09:20:00	644527.49	645089.38	641069.73	642560.89	6483	9504	1
2024.12.10	09:40:00	642604.11	643900.77	638173.85	640702.34	7564	10880	1
2024.12.10	10:00:00	640680.73	647055.98	640313.34	645564.82	9029	13010	1
2024.12.10	10:20:00	645586.43	645737.71	641350.67	641739.67	7517	10566	1
2024.12.10	10:40:00	641653.22	645283.88	641221.00	643814.33	6557	9228	1
2024.12.10	11:00:00	643943.99	646775.04	643727.88	645608.04	7012	9988	1
2024.12.10	11:20:00	645499.99	646775.04	638346.74	639902.73	7746	11531	1
2024.12.10	11:40:00	639924.34	646645.37	638951.85	643965.61	11357	17973	1
2024.12.10	12:00:00	643792.72	646537.32	642171.89	643122.77	9170	14259	1
2024.12.10	12:20:00	643122.77	643230.83	634543.19	635018.64	9657	15425	1
2024.12.10	12:40:00	635083.47	636142.41	629940.04	630350.65	9435	15086	1
2024.12.10	13:00:00	630350.65	633376.20	627778.94	629399.77	9509	14793	1
2024.12.10	13:20:00	629378.16	633289.75	624818.23	625055.95	7742	12435	1
2024.12.10	13:40:00	625185.62	636228.85	622873.24	634953.80	9664	15167	1
2024.12.10	14:00:00	634759.30	635515.69	623975.40	625401.73	10716	16884	1
2024.12.10	14:20:00	625250.45	626784.83	622657.13	623694.45	7410	11079	1
2024.12.10	14:40:00	623716.07	630048.10	621922.35	623997.01	9201	13785	1
2024.12.10	15:00:00	624018.62	628405.66	622441.01	627735.72	7971	11933	1
2024.12.10	15:20:00	627800.55	629334.93	625055.95	628773.05	6382	9418	1
2024.12.10	15:40:00	628708.21	630566.76	626784.83	627714.11	6554	9653	1
2024.12.10	16:00:00	627800.55	632663.03	626503.89	632403.70	6947	10402	1
2024.12.10	16:20:00	632382.09	633462.64	631215.09	632663.03	5328	8383	1
2024.12.10	16:40:00	632641.42	634435.14	629875.21	630977.37	5211	8552	1
2024.12.10	17:00:00	631107.04	633354.59	628816.27	632879.14	5158	8595	1
2024.12.10	17:20:00	632814.31	635061.86	632252.42	633786.81	5067	8052	1
2024.12.10	17:40:00	633765.20	636553.02	633160.09	635472.47	3490	5903	1
2024.12.10	18:00:00	635818.25	637763.24	634888.97	636142.41	1825	3419	1
2024.12.10	18:20:00	636055.97	637849.68	634824.14	637741.63	299	478	1
2024.12.11	09:00:00	648222.98	651767.19	646429.26	647920.42	3618	4845	1
2024.12.11	09:20:00	647812.37	650600.19	647466.59	650513.75	3660	4744	1
2024.12.11	09:40:00	650427.30	650535.36	648309.42	648590.37	4380	5814	1
2024.12.11	10:00:00	648547.14	648871.31	645046.16	646537.32	6165	8269	1
2024.12.11	10:20:00	646472.49	650729.86	646105.10	648158.15	6146	8633	1
2024.12.11	10:40:00	648158.15	649541.25	645780.93	648828.09	6612	9152	1
2024.12.11	11:00:00	648784.87	649325.14	644851.66	645888.99	5120	7340	1
2024.12.11	11:20:00	645932.21	650016.69	645413.54	648460.70	7654	10769	1
2024.12.11	11:40:00	648266.20	654230.85	648114.92	653885.07	8779	12676	1
2024.12.11	12:00:00	653885.07	659331.05	652934.18	658920.44	8179	12291	1
2024.12.11	12:20:00	658769.16	664063.87	658747.55	661211.21	10019	14577	1
2024.12.11	12:40:00	661211.21	662723.98	660044.21	661189.60	5470	8194	1
2024.12.11	13:00:00	661081.54	662356.60	659547.16	661427.32	4599	7051	1
2024.12.11	13:20:00	661405.71	663934.20	658898.83	659611.99	7258	10812	1
2024.12.11	13:40:00	659503.94	660238.71	657148.34	659223.00	6885	10449	1
2024.12.11	14:00:00	659179.77	662248.54	658985.27	660498.05	5904	8460	1
2024.12.11	14:20:00	660498.05	661232.82	657775.06	657926.33	4489	6669	1
2024.12.11	14:40:00	657991.17	659331.05	653777.01	654641.46	7210	10763	1
2024.12.11	15:00:00	654619.85	658056.00	652977.41	657775.06	8997	13401	1
2024.12.11	15:20:00	657883.11	661470.54	657710.22	661167.99	6854	10311	1
2024.12.11	15:40:00	661081.54	661276.04	657883.11	658423.39	5684	8612	1
2024.12.11	16:00:00	658380.17	660627.71	658185.67	659136.55	4284	6686	1
2024.12.11	16:20:00	659050.11	660822.21	653949.90	656543.23	8246	13334	1
2024.12.11	16:40:00	656456.78	659179.77	655246.57	656716.12	5178	8274	1
2024.12.11	17:00:00	656737.73	658704.33	655938.12	658164.05	4281	7023	1
2024.12.11	17:20:00	658207.28	661513.77	656348.73	660951.88	4522	7330	1
2024.12.11	17:40:00	661016.71	663480.37	657105.11	658401.78	3663	6104	1
2024.12.11	18:00:00	658272.11	658553.05	653474.46	655138.51	1636	2609	1
2024.12.11	18:20:00	655030.45	655592.34	654425.35	655008.84	206	356	1
2024.12.12	09:00:00	645067.77	647077.59	641912.56	646018.65	5358	8129	1
2024.12.12	09:20:00	646061.88	649000.98	644786.82	648611.98	5145	7446	1
2024.12.12	09:40:00	648611.98	648914.53	644851.66	647336.93	5375	7573	1
2024.12.12	10:00:00	647423.37	650232.81	646450.87	649670.92	4328	6362	1
2024.12.12	10:20:00	649670.92	652307.46	646818.26	648352.65	7914	11827	1
2024.12.12	10:40:00	648417.48	651399.80	647207.26	650621.80	5243	7802	1
2024.12.12	11:00:00	650729.86	653971.51	649260.31	653971.51	6018	8706	1
2024.12.12	11:20:00	653906.68	657407.67	651032.41	652869.35	9767	14463	1
2024.12.12	11:40:00	652847.74	658099.22	650189.58	658034.39	9594	15418	1
2024.12.12	12:00:00	657904.72	658661.11	652653.24	656370.34	7433	11943	1
2024.12.12	12:20:00	656197.45	663264.26	655441.06	661859.54	6423	10780	1
2024.12.12	12:40:00	661967.60	665576.64	661513.77	665403.75	6093	9914	1
2024.12.12	13:00:00	665252.47	669488.24	665101.20	668450.91	7492	12040	1
2024.12.12	13:20:00	668537.35	668775.07	661816.32	663329.09	6383	10109	1
2024.12.12	13:40:00	663393.93	666808.47	663285.87	663934.20	4647	7529	1
2024.12.12	14:00:00	663890.98	668731.85	663739.70	667132.63	5623	9226	1
2024.12.12	14:20:00	667154.25	668645.41	664647.37	667478.41	4665	7589	1
2024.12.12	14:40:00	667391.97	668018.69	664452.87	667089.41	3983	6377	1
2024.12.12	15:00:00	667089.41	667327.13	664863.48	666592.36	3487	5422	1
2024.12.12	15:20:00	666419.47	667564.85	662334.98	662810.43	4145	6690	1
2024.12.12	15:40:00	662659.15	665382.14	661448.93	661621.82	4978	7961	1
2024.12.12	16:00:00	661600.21	662918.48	658488.22	658898.83	5040	8173	1
2024.12.12	16:20:00	658855.61	659482.33	652761.30	653647.35	7458	11990	1
2024.12.12	16:40:00	653668.96	653863.46	648892.92	650189.58	9204	15051	1
2024.12.12	17:00:00	650038.31	651832.02	648547.14	650059.92	3863	6368	1
2024.12.12	17:20:00	650059.92	654382.12	648849.70	653409.63	3681	5749	1
2024.12.12	17:40:00	653236.74	654598.23	649800.58	652458.74	3321	5592	1
2024.12.12	18:00:00	652437.13	653236.74	649584.47	652437.13	1335	2433	1
2024.12.12	18:20:00	652199.41	652199.41	649000.98	649757.36	316	588	1
2024.12.13	09:00:00	655635.56	657191.56	651875.24	656586.45	4004	5888	1
2024.12.13	09:20:00	656629.67	657580.56	654749.51	655873.29	3538	5020	1
2024.12.13	09:40:00	655894.90	658639.50	655354.62	658445.00	4092	5838	1
2024.12.13	10:00:00	658574.66	659374.27	656435.17	657191.56	4080	5642	1
2024.12.13	10:20:00	657321.22	657450.89	653409.63	653733.79	5868	8317	1
2024.12.13	10:40:00	653604.13	658445.00	653085.46	656737.73	7460	10323	1
2024.12.13	11:00:00	656737.73	658855.61	656370.34	658012.78	5086	6969	1
2024.12.13	11:20:00	658077.61	661103.16	655657.17	660973.49	7850	11138	1
2024.12.13	11:40:00	660973.49	662875.26	658423.39	662875.26	8048	11658	1
2024.12.13	12:00:00	662896.87	666203.36	660908.66	665101.20	7144	11033	1
2024.12.13	12:20:00	665230.86	666073.69	663739.70	665446.97	4067	6352	1
2024.12.13	12:40:00	665446.97	665468.58	655613.95	656737.73	8828	13321	1
2024.12.13	13:00:00	656672.89	661751.49	656608.06	660670.93	6987	10974	1
2024.12.13	13:20:00	660541.27	665619.86	659287.83	665230.86	6486	9436	1
2024.12.13	13:40:00	665230.86	667413.58	663890.98	666008.86	6286	9187	1
2024.12.13	14:00:00	665900.81	666959.75	664042.26	666851.69	4878	7664	1
2024.12.13	14:20:00	666765.25	670460.73	666592.36	669790.79	6298	9378	1
2024.12.13	14:40:00	669790.79	670460.73	663329.09	668256.41	10319	16586	1
2024.12.13	15:00:00	668191.57	669617.90	664301.59	664431.25	5472	8357	1
2024.12.13	15:20:00	664279.98	669012.79	664215.14	668904.74	3910	6110	1
2024.12.13	15:40:00	668839.91	669942.07	667046.19	668040.30	3941	6151	1
2024.12.13	16:00:00	667975.46	668191.57	665857.58	666484.30	4042	6119	1
2024.12.13	16:20:00	666462.69	667586.47	664625.75	664798.64	3618	5831	1
2024.12.13	16:40:00	664863.48	666916.52	663761.31	665619.86	3656	5820	1
2024.12.13	17:00:00	665663.08	667456.80	664279.98	667456.80	3000	4730	1
2024.12.13	17:20:00	667456.80	669963.68	667305.52	669488.24	2893	4961	1
2024.12.13	17:40:00	669466.63	670763.29	667802.58	670244.62	2254	4113	1
2024.12.13	18:00:00	670331.07	670331.07	667391.97	667391.97	1145	1994	1
2024.12.13	18:20:00	667348.74	667348.74	664712.20	665835.97	344	580	1
2024.12.16	09:00:00	683405.74	688614.00	682346.80	687252.51	5116	7284	1
2024.12.16	09:20:00	687252.51	689392.00	681352.69	681612.03	8088	12197	1
2024.12.16	09:40:00	681590.42	682454.86	677765.26	680877.25	8685	13408	1
2024.12.16	10:00:00	680855.64	682951.91	678586.48	682541.30	6623	9425	1
2024.12.16	10:20:00	682692.58	683859.57	681439.14	681676.86	4677	6535	1
2024.12.16	10:40:00	681784.92	684140.52	681525.58	682087.47	4698	6706	1
2024.12.16	11:00:00	682087.47	687771.17	682022.64	687447.01	5859	8561	1
2024.12.16	11:20:00	687360.56	693714.21	686647.40	693476.49	8926	13194	1
2024.12.16	11:40:00	693325.21	699181.80	692287.88	694557.04	12594	18511	1
2024.12.16	12:00:00	694557.04	702185.73	692676.88	702120.90	10453	15737	1
2024.12.16	12:20:00	702185.73	703352.73	698879.24	701515.79	8432	13115	1
2024.12.16	12:40:00	701494.18	703590.45	700111.07	702077.68	6198	9640	1
2024.12.16	13:00:00	702185.73	705060.00	700305.57	703979.45	6442	9946	1
2024.12.16	13:20:00	704001.06	706010.89	703006.95	704498.11	7082	11245	1
2024.12.16	13:40:00	704562.95	706032.50	700802.63	704217.17	7825	12601	1
2024.12.16	14:00:00	704217.17	707156.27	703871.39	706356.66	6263	9652	1
2024.12.16	14:20:00	706356.66	709382.21	705600.28	706961.77	6665	10262	1
2024.12.16	14:40:00	706853.72	709058.04	706248.61	708863.54	5864	9029	1
2024.12.16	15:00:00	708798.71	710851.76	707134.66	710268.26	6010	9164	1
2024.12.16	15:20:00	710203.43	713596.36	709598.32	711716.20	8276	13568	1
2024.12.16	15:40:00	711694.59	712775.14	707826.21	708690.65	5343	8438	1
2024.12.16	16:00:00	708755.49	708755.49	701364.51	703395.95	9264	15400	1
2024.12.16	16:20:00	703287.89	705902.83	700564.90	705902.83	6699	10826	1
2024.12.16	16:40:00	705838.00	707437.21	703957.84	706961.77	5863	9403	1
2024.12.16	17:00:00	706983.38	707955.88	704433.28	706270.22	5458	9010	1
2024.12.16	17:20:00	706227.00	707069.83	704173.95	705600.28	4195	7328	1
2024.12.16	17:40:00	705686.72	708323.27	704951.94	705816.39	3026	5388	1
2024.12.16	18:00:00	706032.50	708906.76	705016.78	707847.82	1695	2966	1
2024.12.16	18:20:00	707804.60	709209.32	707264.33	708993.21	294	525	1
2024.12.17	09:00:00	712472.58	715606.18	710462.76	711608.14	7246	10981	1
2024.12.17	09:20:00	711543.31	713401.86	708301.65	709230.93	7567	11319	1
2024.12.17	09:40:00	709014.82	715433.30	708863.54	714741.74	6317	9125	1
2024.12.17	10:00:00	714871.41	717637.62	714287.91	717205.40	5649	8376	1
2024.12.17	10:20:00	717313.46	721419.55	717054.12	719431.34	6819	9568	1
2024.12.17	10:40:00	719452.95	719993.22	716016.79	717075.73	5398	7855	1
2024.12.17	11:00:00	716967.68	721938.22	716621.90	721570.83	6877	9627	1
2024.12.17	11:20:00	721592.44	723623.88	719193.62	721181.83	9240	13690	1
2024.12.17	11:40:00	721333.11	728745.69	718783.01	728270.25	10732	16178	1
2024.12.17	12:00:00	728248.64	728335.08	714179.86	714309.52	12464	19367	1
2024.12.17	12:20:00	714352.74	715822.29	707264.33	712299.70	11030	17136	1
2024.12.17	12:40:00	712342.92	715735.85	710138.59	713704.41	7099	10663	1
2024.12.17	13:00:00	713661.19	717637.62	711456.87	714244.69	6714	10574	1
2024.12.17	13:20:00	714223.08	715390.07	709879.26	711910.70	5670	8859	1
2024.12.17	13:40:00	711910.70	713790.86	709338.98	711672.98	6599	10284	1
2024.12.17	14:00:00	711608.14	711953.92	709230.93	710527.59	5094	7760	1
2024.12.17	14:20:00	710419.54	716081.63	710225.04	714331.13	5806	8795	1
2024.12.17	14:40:00	714331.13	714784.97	712105.20	712148.42	4589	7122	1
2024.12.17	15:00:00	712256.47	712839.97	707999.10	709706.37	7971	12017	1
2024.12.17	15:20:00	709706.37	710419.54	706961.77	710160.20	5553	8824	1
2024.12.17	15:40:00	710138.59	710549.20	705427.39	705535.44	6026	8977	1
2024.12.17	16:00:00	705492.22	706291.83	702682.79	705751.55	6438	9530	1
2024.12.17	16:20:00	705643.50	708431.32	703547.23	704346.84	4867	7498	1
2024.12.17	16:40:00	704433.28	706615.99	703460.78	705773.16	4387	6914	1
2024.12.17	17:00:00	705643.50	706594.38	702531.51	704065.89	3444	5724	1
2024.12.17	17:20:00	704130.73	707869.43	703460.78	707091.44	3275	5685	1
2024.12.17	17:40:00	707091.44	709879.26	706832.10	708236.82	2720	4540	1
2024.12.17	18:00:00	708128.77	708150.38	705665.11	706767.27	1260	2158	1
2024.12.17	18:20:00	706637.61	708604.21	706551.16	707566.88	235	370	1
2024.12.18	09:00:00	697020.69	700651.35	693303.60	698663.13	5501	8096	1
2024.12.18	09:20:00	698727.97	699333.08	696048.20	697150.36	5504	8213	1
2024.12.18	09:40:00	697236.81	699851.74	695118.92	699008.91	7302	11112	1
2024.12.18	10:00:00	698965.69	702531.51	697906.75	701537.40	4921	6984	1
2024.12.18	10:20:00	701645.46	702445.06	699484.35	700024.63	4588	6461	1
2024.12.18	10:40:00	700024.63	701105.18	698360.58	699160.19	4048	5884	1
2024.12.18	11:00:00	699203.41	700781.01	698252.52	700370.41	4659	6852	1
2024.12.18	11:20:00	700413.63	700910.68	692050.16	692784.93	10935	16297	1
2024.12.18	11:40:00	692763.32	698187.69	691661.16	694297.70	9718	14407	1
2024.12.18	12:00:00	694319.32	696480.42	691942.10	695378.26	7854	12169	1
2024.12.18	12:20:00	695399.87	699743.69	694902.81	698900.85	8525	14442	1
2024.12.18	12:40:00	698857.63	701667.07	698036.41	700672.96	6074	9438	1
2024.12.18	13:00:00	700694.57	701407.73	694708.31	695724.03	7102	10802	1
2024.12.18	13:20:00	695724.03	698468.63	693735.82	698058.02	6263	10180	1
2024.12.18	13:40:00	697971.58	699916.57	697733.86	699786.91	4809	7237	1
2024.12.18	14:00:00	699851.74	701429.35	696804.58	701234.85	6850	11047	1
2024.12.18	14:20:00	701364.51	705232.89	700111.07	704887.11	5565	9063	1
2024.12.18	14:40:00	704779.06	705535.44	703223.06	704065.89	4161	6855	1
2024.12.18	15:00:00	703979.45	707696.55	703395.95	706443.11	5336	8680	1
2024.12.18	15:20:00	706464.72	706788.88	702790.84	703050.17	4833	7695	1
2024.12.18	15:40:00	702985.34	707264.33	701429.35	706507.94	5204	8552	1
2024.12.18	16:00:00	706097.33	707480.44	698403.80	699873.35	9966	15848	1
2024.12.18	16:20:00	700003.02	704887.11	699592.41	701559.01	6126	9794	1
2024.12.18	16:40:00	701710.29	703633.67	697841.91	698122.86	7598	12309	1
2024.12.18	17:00:00	698230.91	699505.96	684205.35	688073.73	14850	24533	1
2024.12.18	17:20:00	688225.00	693757.43	686906.73	688073.73	9203	15958	1
2024.12.18	17:40:00	688268.23	693606.15	683902.80	686366.45	6067	10909	1
2024.12.18	18:00:00	686366.45	690364.50	682692.58	687727.95	2723	4342	1
2024.12.18	18:20:00	687706.34	689305.56	685653.29	689197.50	371	616	1
2024.12.19	09:00:00	692849.77	695594.37	690861.55	694297.70	3964	5919	1
2024.12.19	09:20:00	694340.93	695767.25	692979.43	694232.87	4784	7154	1
2024.12.19	09:40:00	694319.32	696069.81	691639.55	692828.15	5077	7456	1
2024.12.19	10:00:00	692741.71	697820.30	692158.21	695313.42	7352	10771	1
2024.12.19	10:20:00	695270.20	695486.31	686063.90	687101.23	10758	16044	1
2024.12.19	10:40:00	687230.90	691466.66	683189.63	684270.18	10388	16152	1
2024.12.19	11:00:00	684291.80	687036.40	679667.03	686171.96	8646	12802	1
2024.12.19	11:20:00	686128.73	688657.22	684421.46	684702.41	8999	13001	1
2024.12.19	11:40:00	684680.79	685869.40	672297.67	673335.00	11570	17203	1
2024.12.19	12:00:00	673335.00	675063.88	670266.23	671152.29	7566	11963	1
2024.12.19	12:20:00	671044.23	671995.12	664496.09	665057.97	7704	11960	1
2024.12.19	12:40:00	665144.42	672146.39	662896.87	668991.18	7674	11642	1
2024.12.19	13:00:00	668947.96	669596.29	663307.48	666613.97	6641	9757	1
2024.12.19	13:20:00	666678.80	672448.95	666289.80	671519.67	5692	8420	1
2024.12.19	13:40:00	671714.17	672103.17	667672.91	670374.29	4842	7649	1
2024.12.19	14:00:00	670352.68	670828.12	663329.09	663588.42	4542	7274	1
2024.12.19	14:20:00	663458.76	664560.92	658077.61	658401.78	7122	10729	1
2024.12.19	14:40:00	658228.89	660778.99	646537.32	654987.23	11912	17706	1
2024.12.19	15:00:00	654879.18	655268.18	643814.33	645867.38	10562	15228	1
2024.12.19	15:20:00	645824.15	654338.90	641631.61	652048.13	7963	12001	1
2024.12.19	15:40:00	651961.69	654792.73	648784.87	654749.51	4711	7486	1
2024.12.19	16:00:00	654576.62	656500.01	651270.13	651443.02	4786	7406	1
2024.12.19	16:20:00	651378.19	652307.46	644008.83	644008.83	5496	8563	1
2024.12.19	16:40:00	644008.83	644678.77	637417.46	644397.83	9923	14692	1
2024.12.19	17:00:00	644397.83	645262.27	633873.25	641393.89	7842	13050	1
2024.12.19	17:20:00	641415.50	644635.55	636250.47	640637.51	5341	8875	1
2024.12.19	17:40:00	640443.01	646602.15	639254.40	641048.12	3980	7040	1
2024.12.19	18:00:00	641091.34	650211.19	638000.96	649541.25	2702	4694	1
2024.12.19	18:20:00	649584.47	653063.85	649584.47	650319.25	343	502	1
2024.12.20	09:00:00	613753.38	615266.15	605108.97	611397.78	7884	11530	1
2024.12.20	09:20:00	611397.78	617189.53	611332.94	616908.59	8176	11957	1
2024.12.20	09:40:00	616865.37	617902.70	614336.88	615568.71	6348	9264	1
2024.12.20	10:00:00	615503.87	620496.02	614855.54	618745.53	7162	10513	1
2024.12.20	10:20:00	618723.92	630545.15	616951.81	628621.77	11278	16654	1
2024.12.20	10:40:00	628513.72	632209.20	626655.17	627995.05	8003	11238	1
2024.12.20	11:00:00	628103.11	628189.55	623910.57	625315.28	7638	11140	1
2024.12.20	11:20:00	625250.45	634456.75	624969.51	634262.25	9804	14364	1
2024.12.20	11:40:00	634262.25	634391.92	626979.33	629551.05	9726	14412	1
2024.12.20	12:00:00	629551.05	636466.58	628535.33	635277.97	8040	11925	1
2024.12.20	12:20:00	635061.86	640680.73	634110.97	638281.90	7225	11154	1
2024.12.20	12:40:00	638238.68	643382.11	637720.02	639059.90	7983	12030	1
2024.12.20	13:00:00	639146.34	644419.44	637374.24	641718.06	7256	10733	1
2024.12.20	13:20:00	641847.72	643943.99	639362.45	642409.61	5690	8329	1
2024.12.20	13:40:00	642560.89	642733.78	634154.20	637655.18	6943	11025	1
2024.12.20	14:00:00	637763.24	640507.84	635472.47	638065.79	5675	9106	1
2024.12.20	14:20:00	638238.68	642604.11	637568.74	641091.34	5478	8765	1
2024.12.20	14:40:00	641177.78	642431.22	638022.57	641588.39	5080	8251	1
2024.12.20	15:00:00	641588.39	642755.39	637828.07	639643.40	5314	8288	1
2024.12.20	15:20:00	639686.62	639837.90	634262.25	636898.80	7347	11914	1
2024.12.20	15:40:00	637071.69	638325.13	634608.03	636380.13	4076	6242	1
2024.12.20	16:00:00	636272.08	640659.12	635796.63	640507.84	3407	5123	1
2024.12.20	16:20:00	640486.23	642668.94	640183.67	641221.00	4419	6611	1
2024.12.20	16:40:00	641221.00	641221.00	637957.74	638800.57	3432	5166	1
2024.12.20	17:00:00	638778.96	639665.01	636509.80	638325.13	3478	5669	1
2024.12.20	17:20:00	638238.68	639729.84	635148.30	636790.74	3369	5650	1
2024.12.20	17:40:00	636769.13	638238.68	634521.58	634867.36	2192	3776	1
2024.12.20	18:00:00	635040.25	636596.24	627887.00	630847.71	1956	3040	1
2024.12.20	18:20:00	630826.10	635169.91	630415.49	634932.19	376	551	1
2024.12.23	09:00:00	635926.30	638065.79	634391.92	637179.74	4187	6306	1
2024.12.23	09:20:00	637309.41	641069.73	636920.41	639837.90	3821	5610	1
2024.12.23	09:40:00	639837.90	641955.78	639232.79	641112.95	3267	4824	1
2024.12.23	10:00:00	641156.17	642236.72	636747.52	637028.46	5907	7959	1
2024.12.23	10:20:00	637114.91	638087.40	631820.20	633354.59	6102	8365	1
2024.12.23	10:40:00	633441.03	634521.58	630069.71	631712.15	6415	9651	1
2024.12.23	11:00:00	631798.59	637136.52	631193.48	634802.53	7300	10735	1
2024.12.23	11:20:00	634932.19	636488.19	631517.65	632036.31	7828	11733	1
2024.12.23	11:40:00	631928.26	631928.26	623067.73	628275.99	11702	18405	1
2024.12.23	12:00:00	628297.61	629010.77	623219.01	624105.06	7240	11430	1
2024.12.23	12:20:00	624083.45	625401.73	621749.46	624277.95	6509	10362	1
2024.12.23	12:40:00	624321.17	624580.51	620776.97	621554.96	5331	8767	1
2024.12.23	13:00:00	621446.91	623586.40	620128.63	620906.63	4242	7186	1
2024.12.23	13:20:00	620928.24	623737.68	620128.63	621187.57	5530	8889	1
2024.12.23	13:40:00	621144.35	629788.77	620949.85	627670.89	8749	13634	1
2024.12.23	14:00:00	627670.89	628945.94	623305.46	625682.67	6887	10900	1
2024.12.23	14:20:00	625596.23	627930.22	624040.23	626547.11	6822	11964	1
2024.12.23	14:40:00	626460.67	626460.67	623132.57	624299.56	5038	9502	1
2024.12.23	15:00:00	624256.34	626979.33	623888.95	624645.34	4418	8159	1
2024.12.23	15:20:00	624494.06	625509.78	623327.07	624256.34	4368	8332	1
2024.12.23	15:40:00	624213.12	624991.12	619912.52	620387.97	5329	9569	1
2024.12.23	16:00:00	620409.58	625942.00	619761.25	625164.01	5992	10161	1
2024.12.23	16:20:00	625099.17	626482.28	622116.85	622830.01	5230	9412	1
2024.12.23	16:40:00	622808.40	624277.95	620863.41	622052.02	4510	8511	1
2024.12.23	17:00:00	621879.13	622505.85	618831.97	620733.74	5627	9991	1
2024.12.23	17:20:00	620820.19	624342.79	619329.03	623456.73	5114	9269	1
2024.12.23	17:40:00	623651.23	625898.78	622030.41	623154.18	2876	5370	1
2024.12.23	18:00:00	623024.51	630458.71	622916.46	628686.60	2547	4402	1
2024.12.23	18:20:00	628513.72	630804.49	628124.72	630156.15	286	478	1
2024.12.26	09:00:00	637222.96	640551.06	635040.25	639405.68	4373	7245	1
2024.12.26	09:20:00	639427.29	640659.12	635969.52	637114.91	5113	8466	1
2024.12.26	09:40:00	636963.63	638152.24	636120.80	637460.68	3996	6627	1
2024.12.26	10:00:00	637482.29	639665.01	636509.80	638130.63	4853	8346	1
2024.12.26	10:20:00	638152.24	639211.18	636488.19	638800.57	4671	7058	1
2024.12.26	10:40:00	638865.40	639038.29	636855.57	638476.40	3974	6563	1
2024.12.26	11:00:00	638454.79	643987.22	637352.63	642258.33	7714	11623	1
2024.12.26	11:20:00	642258.33	642647.33	637222.96	638195.46	8524	13234	1
2024.12.26	11:40:00	638087.40	641480.34	634327.08	635731.80	8089	12944	1
2024.12.26	12:00:00	635731.80	637503.91	634586.42	636553.02	5771	10189	1
2024.12.26	12:20:00	636596.24	641069.73	636055.97	639556.95	8067	12777	1
2024.12.26	12:40:00	639513.73	640054.01	636747.52	638562.85	4660	7812	1
2024.12.26	13:00:00	638584.46	642755.39	637050.07	642020.61	6397	10397	1
2024.12.26	13:20:00	642042.22	642258.33	637222.96	638433.18	6119	9269	1
2024.12.26	13:40:00	638411.57	642906.66	638368.35	642193.50	5450	8502	1
2024.12.26	14:00:00	642128.67	643533.38	640853.62	642517.67	5144	8522	1
2024.12.26	14:20:00	642496.05	642496.05	637114.91	640054.01	6431	10373	1
2024.12.26	14:40:00	640140.45	641696.45	638000.96	638714.12	5448	8741	1
2024.12.26	15:00:00	638778.96	640010.79	636617.85	637093.30	4720	7926	1
2024.12.26	15:20:00	637093.30	639773.06	636704.30	637741.63	4728	7508	1
2024.12.26	15:40:00	637763.24	638433.18	636531.41	638368.35	3946	7109	1
2024.12.26	16:00:00	638217.07	639384.07	636877.19	637244.57	4619	8545	1
2024.12.26	16:20:00	637374.24	638260.29	636488.19	637460.68	3819	6899	1
2024.12.26	16:40:00	637525.52	641934.17	637374.24	641156.17	5792	9905	1
2024.12.26	17:00:00	641048.12	641415.50	637050.07	637957.74	4885	8314	1
2024.12.26	17:20:00	637914.52	638000.96	636444.97	637720.02	3344	6651	1
2024.12.26	17:40:00	637720.02	640248.51	636553.02	637849.68	3413	6917	1
2024.12.26	18:00:00	637979.35	639470.51	636380.13	637936.13	1789	3451	1
2024.12.26	18:20:00	637936.13	639600.18	637179.74	639016.68	318	495	1
2024.12.27	09:00:00	648595.86	650596.85	647084.48	648659.72	1967	3182	1
2024.12.27	09:20:00	648659.72	649702.79	646978.04	647488.93	2797	4210	1
2024.12.27	09:40:00	647488.93	647893.39	644232.01	645764.68	3493	5141	1
2024.12.27	10:00:00	645658.25	646083.99	643848.84	645956.27	3630	5425	1
2024.12.27	10:20:00	645956.27	646680.03	644742.90	645956.27	3448	5248	1
2024.12.27	10:40:00	645892.40	649809.23	644210.73	648276.56	4581	6595	1
2024.12.27	11:00:00	648127.55	649021.60	646467.15	647595.37	3563	5015	1
2024.12.27	11:20:00	647680.52	648233.98	639037.97	639101.83	6501	9053	1
2024.12.27	11:40:00	639059.25	640698.36	635802.33	640208.76	7364	10779	1
2024.12.27	12:00:00	640336.48	640996.38	633141.45	633652.34	6263	9580	1
2024.12.27	12:20:00	633780.06	635653.32	628841.46	628841.46	5667	9127	1
2024.12.27	12:40:00	628820.17	633396.89	627628.09	632928.58	4855	7550	1
2024.12.27	13:00:00	632673.13	633631.05	630139.97	631417.19	3803	6126	1
2024.12.27	13:20:00	631204.32	636462.23	629480.07	633013.72	4483	7175	1
2024.12.27	13:40:00	632907.29	632907.29	629288.49	629543.93	3254	5171	1
2024.12.27	14:00:00	629501.36	630757.29	626861.76	627159.78	3951	5997	1
2024.12.27	14:20:00	627095.92	628266.71	623455.83	627479.08	5599	8625	1
2024.12.27	14:40:00	627436.51	629778.09	626712.75	629394.92	3877	5980	1
2024.12.27	15:00:00	629245.91	631885.51	628458.29	631395.91	3191	4969	1
2024.12.27	15:20:00	631374.62	632949.86	629884.52	631864.22	3044	4984	1
2024.12.27	15:40:00	631864.22	632864.71	629756.80	631587.49	3348	5725	1
2024.12.27	16:00:00	631566.20	632183.53	629160.76	629416.21	3240	5271	1
2024.12.27	16:20:00	629501.36	631353.33	628415.72	629820.66	3727	5698	1
2024.12.27	16:40:00	629884.52	632758.28	629671.65	632545.41	2636	4443	1
2024.12.27	17:00:00	632396.40	632673.13	629373.63	630480.56	4009	6400	1
2024.12.27	17:20:00	630480.56	632460.26	629735.51	631949.37	1963	3463	1
2024.12.27	17:40:00	632013.23	632226.10	628798.88	631055.31	1988	3874	1
2024.12.27	18:00:00	631225.61	633120.16	630416.70	632247.39	972	1742	1
2024.12.27	18:20:00	632098.38	632992.44	631970.66	632992.44	168	301	1
2024.12.30	09:00:00	628713.74	629629.08	627181.07	628224.13	3423	5239	1
2024.12.30	09:20:00	628224.13	629011.75	625563.25	626159.29	3972	6015	1
2024.12.30	09:40:00	626350.87	626755.32	623306.82	624115.73	3748	5516	1
2024.12.30	10:00:00	624073.15	625882.55	621838.01	622285.04	5806	8599	1
2024.12.30	10:20:00	622306.33	623030.09	616005.35	616218.22	6949	10478	1
2024.12.30	10:40:00	616111.79	617431.59	613323.18	614791.99	5711	8657	1
2024.12.30	11:00:00	614855.85	617325.15	614195.95	616665.25	4488	7414	1
2024.12.30	11:20:00	616665.25	619113.26	610470.71	613003.87	7943	12505	1
2024.12.30	11:40:00	613089.02	614600.40	609895.96	610215.27	5593	8651	1
2024.12.30	12:00:00	610236.55	612109.82	607575.67	608065.27	6311	9830	1
2024.12.30	12:20:00	608299.43	613195.46	607426.66	613152.88	4694	7489	1
2024.12.30	12:40:00	612918.73	616665.25	612301.40	615643.47	5601	8751	1
2024.12.30	13:00:00	615622.18	617644.46	614281.10	617452.87	4348	7478	1
2024.12.30	13:20:00	617516.73	617750.89	614408.82	615984.06	3944	6335	1
2024.12.30	13:40:00	616026.64	617580.60	612876.15	614089.52	4729	7984	1
2024.12.30	14:00:00	614068.23	614642.98	610193.98	612556.85	4670	8025	1
2024.12.30	14:20:00	612492.98	619922.17	612492.98	619815.74	5515	8393	1
2024.12.30	14:40:00	619858.31	624988.50	618708.81	623477.11	8053	11835	1
2024.12.30	15:00:00	623413.25	629778.09	621497.42	628969.18	6722	9329	1
2024.12.30	15:20:00	628756.31	630054.82	627287.50	628266.71	4669	6969	1
2024.12.30	15:40:00	628394.43	630310.27	626542.45	629501.36	4678	7417	1
2024.12.30	16:00:00	629458.78	629778.09	625201.37	625201.37	4417	7055	1
2024.12.30	16:20:00	625286.52	627926.11	623711.27	627840.97	4368	7015	1
2024.12.30	16:40:00	627926.11	628373.14	626627.60	628053.84	2928	4931	1
2024.12.30	17:00:00	628096.41	631757.79	627755.82	631715.21	3794	6151	1
2024.12.30	17:20:00	631715.21	632183.53	627883.54	628330.57	3602	5832	1
2024.12.30	17:40:00	628330.57	629927.10	627266.21	627777.10	2739	5061	1
2024.12.30	18:00:00	627713.24	628287.99	625031.07	626074.14	1800	3042	1
2024.12.30	18:20:00	626329.58	626414.73	623519.69	623753.85	294	450	1
2025.01.02	09:00:00	645040.92	647659.23	643082.51	647659.23	2722	3940	1
2025.01.02	09:20:00	647488.93	648979.03	645807.26	648425.57	3184	4656	1
2025.01.02	09:40:00	648404.28	649979.52	648148.83	649000.32	3132	4803	1
2025.01.02	10:00:00	649042.89	650171.11	647914.68	648468.14	4748	7157	1
2025.01.02	10:20:00	648468.14	649851.80	647254.78	647531.51	4111	5706	1
2025.01.02	10:40:00	647595.37	648212.70	645147.36	645934.98	4336	6285	1
2025.01.02	11:00:00	645871.12	646126.56	642635.48	644487.46	6623	9831	1
2025.01.02	11:20:00	644508.74	653023.57	643997.85	644104.29	10627	16538	1
2025.01.02	11:40:00	644125.58	651980.51	643806.27	651192.89	8190	12803	1
2025.01.02	12:00:00	651299.32	651767.64	646786.46	647041.91	6334	9820	1
2025.01.02	12:20:00	647041.91	647361.21	642294.89	643933.99	6982	11443	1
2025.01.02	12:40:00	644019.14	645487.95	641869.15	643146.37	5859	9253	1
2025.01.02	13:00:00	643252.81	644913.20	640506.77	644168.15	6207	9326	1
2025.01.02	13:20:00	644061.72	649234.47	643210.23	648808.73	5221	8828	1
2025.01.02	13:40:00	648787.45	649234.47	645445.38	645956.27	4776	8048	1
2025.01.02	14:00:00	645998.84	649064.18	644636.47	648915.17	4314	7136	1
2025.01.02	14:20:00	648936.46	649255.76	641400.83	641549.84	4425	7095	1
2025.01.02	14:40:00	641485.98	643933.99	641145.39	643103.80	5226	8581	1
2025.01.02	15:00:00	643103.80	645849.83	641017.66	644423.60	6183	9625	1
2025.01.02	15:20:00	644317.16	646403.29	642678.06	644615.18	4807	8060	1
2025.01.02	15:40:00	644551.32	646658.74	644040.43	646339.43	3732	6568	1
2025.01.02	16:00:00	646296.86	649830.51	645573.10	649234.47	4200	7478	1
2025.01.02	16:20:00	649170.61	650703.28	646062.70	646722.60	4885	7960	1
2025.01.02	16:40:00	646680.03	649681.50	646531.02	647467.65	4026	6603	1
2025.01.02	17:00:00	647531.51	650341.40	647467.65	649702.79	3637	6249	1
2025.01.02	17:20:00	649809.23	650085.96	645892.40	646637.45	3341	5715	1
2025.01.02	17:40:00	646722.60	649021.60	645551.81	645934.98	2670	4699	1
2025.01.02	18:00:00	645828.54	646233.00	644657.75	645040.92	1314	2289	1
2025.01.02	18:20:00	645168.64	645360.23	643848.84	644083.00	320	494	1
2025.01.03	09:00:00	639974.60	645636.96	639080.54	645360.23	5339	7803	1
2025.01.03	09:20:00	645253.79	646807.75	645062.21	646488.44	4285	6177	1
2025.01.03	09:40:00	646488.44	646829.04	644253.30	644295.87	4012	5435	1
2025.01.03	10:00:00	644274.59	644700.33	639548.86	639825.59	7676	10910	1
2025.01.03	10:20:00	639846.87	641379.54	638122.62	640847.37	6724	9471	1
2025.01.03	10:40:00	640847.37	642358.75	638718.66	638910.24	5419	7611	1
2025.01.03	11:00:00	638888.96	642890.93	638846.38	642380.04	7642	10640	1
2025.01.03	11:20:00	642380.04	645743.39	640400.34	645679.53	10072	13887	1
2025.01.03	11:40:00	645679.53	645934.98	641124.10	643912.71	9097	13177	1
2025.01.03	12:00:00	643997.85	648148.83	642848.35	643997.85	10131	14570	1
2025.01.03	12:20:00	644019.14	648021.11	642401.32	647318.64	7342	10499	1
2025.01.03	12:40:00	647425.07	648744.87	645722.11	647318.64	4786	7926	1
2025.01.03	13:00:00	647488.93	649617.64	646147.85	649532.49	4503	7262	1
2025.01.03	13:20:00	649532.49	654322.09	648915.17	653087.44	7169	10654	1
2025.01.03	13:40:00	653151.30	653704.76	650192.39	651661.20	3735	5657	1
2025.01.03	14:00:00	651788.92	653023.57	650916.15	652172.09	3047	4899	1
2025.01.03	14:20:00	652214.67	655109.71	651959.22	654577.53	4341	6873	1
2025.01.03	14:40:00	654513.67	654705.25	652384.96	653683.47	3038	4863	1
2025.01.03	15:00:00	653662.19	655812.18	653300.31	655599.31	3457	5523	1
2025.01.03	15:20:00	655535.45	656578.52	654790.40	656493.37	4090	6051	1
2025.01.03	15:40:00	656493.37	658111.18	655514.16	657131.98	5520	8374	1
2025.01.03	16:00:00	657131.98	659963.16	656940.40	659601.28	5267	8504	1
2025.01.03	16:20:00	659537.42	660005.73	657770.59	658175.05	4268	6975	1
2025.01.03	16:40:00	658175.05	658707.22	656727.52	657685.44	3106	5257	1
2025.01.03	17:00:00	657621.58	657770.59	655088.42	656919.11	3793	5971	1
2025.01.03	17:20:00	656940.40	658579.50	656003.76	656174.06	3918	6211	1
2025.01.03	17:40:00	656131.49	656770.10	655471.59	655918.62	1853	3260	1
2025.01.03	18:00:00	655833.47	656301.78	654641.39	655939.90	1414	2447	1
2025.01.03	18:20:00	655833.47	655897.33	653640.90	655620.60	325	552	1
2025.01.06	09:00:00	658643.36	658771.08	655790.89	657919.60	4481	7143	1
2025.01.06	09:20:00	657962.18	660048.31	657280.99	658558.21	5937	9358	1
2025.01.06	09:40:00	658515.64	658792.37	654343.37	654620.10	5878	8670	1
2025.01.06	10:00:00	654790.40	654896.84	650639.42	651597.34	6677	10267	1
2025.01.06	10:20:00	651831.50	653470.60	651682.49	652086.94	5353	8197	1
2025.01.06	10:40:00	652108.23	655727.03	651895.36	654960.70	5654	8301	1
2025.01.06	11:00:00	654896.84	655854.75	652321.10	652938.43	8899	13695	1
2025.01.06	11:20:00	653002.29	656450.79	652789.42	655343.86	10782	17385	1
2025.01.06	11:40:00	655280.00	668243.83	655280.00	664582.46	13536	20885	1
2025.01.06	12:00:00	664327.01	668158.68	662709.19	668052.25	8290	13949	1
2025.01.06	12:20:00	668030.96	671798.77	665497.80	670457.69	6760	11416	1
2025.01.06	12:40:00	670521.55	676077.48	670500.26	674374.51	6937	11277	1
2025.01.06	13:00:00	674395.80	676205.20	673054.71	674629.95	4903	7714	1
2025.01.06	13:20:00	674757.68	676183.91	672309.66	673033.42	4127	6144	1
2025.01.06	13:40:00	672948.28	675396.29	670883.43	674353.22	5030	7824	1
2025.01.06	14:00:00	674331.94	674331.94	671543.33	672735.40	3209	5015	1
2025.01.06	14:20:00	672735.40	674480.94	671117.59	671117.59	4130	6306	1
2025.01.06	14:40:00	671160.16	673139.86	669159.18	672777.98	5103	7622	1
2025.01.06	15:00:00	672628.97	674268.07	670926.00	673799.76	3637	5723	1
2025.01.06	15:20:00	673884.91	674991.83	673097.28	674012.63	2567	3966	1
2025.01.06	15:40:00	674033.92	674076.49	670926.00	670926.00	4076	6596	1
2025.01.06	16:00:00	671096.30	673033.42	670244.82	672650.26	3795	6298	1
2025.01.06	16:20:00	672607.68	672990.85	671287.88	672330.95	2676	4496	1
2025.01.06	16:40:00	672309.66	673523.03	671330.46	671862.63	2579	4529	1
2025.01.06	17:00:00	671628.48	674268.07	671607.19	673842.33	2245	3806	1
2025.01.06	17:20:00	673799.76	675140.84	672181.94	672586.39	3587	6003	1
2025.01.06	17:40:00	672479.96	675183.42	671351.74	673927.48	2692	4699	1
2025.01.06	18:00:00	673927.48	674991.83	672692.83	673778.47	1299	2082	1
2025.01.06	18:20:00	673863.62	674651.24	672905.70	673501.74	316	498	1
2025.01.07	09:00:00	664880.47	665774.53	661006.23	661559.69	4859	7517	1
2025.01.07	09:20:00	661644.84	661879.00	659601.28	661027.51	5461	8038	1
2025.01.07	09:40:00	661027.51	662730.48	660814.64	662070.58	4178	6305	1
2025.01.07	10:00:00	662070.58	662326.03	658196.33	658430.49	6667	9819	1
2025.01.07	10:20:00	658409.20	660793.36	658004.75	658281.48	7256	11040	1
2025.01.07	10:40:00	658196.33	659622.57	656812.67	657004.26	6427	9308	1
2025.01.07	11:00:00	656897.82	658579.50	656833.96	657579.01	3885	5844	1
2025.01.07	11:20:00	657536.43	660686.92	655194.86	657706.73	10918	16515	1
2025.01.07	11:40:00	657664.16	660686.92	651363.18	652470.11	11002	16574	1
2025.01.07	12:00:00	652512.68	654641.39	640698.36	644849.34	15699	24543	1
2025.01.07	12:20:00	644785.48	645296.37	634482.53	635930.05	9813	16886	1
2025.01.07	12:40:00	635759.76	640102.32	632566.70	638037.47	8602	13719	1
2025.01.07	13:00:00	638016.19	639399.85	635163.72	636611.24	7412	11928	1
2025.01.07	13:20:00	636632.53	640889.94	636547.38	640889.94	5624	9004	1
2025.01.07	13:40:00	640826.08	641294.40	636313.22	636653.81	5881	9523	1
2025.01.07	14:00:00	636717.68	637164.70	633269.17	635099.86	6338	10614	1
2025.01.07	14:20:00	635121.14	635930.05	632247.39	635781.04	4555	7261	1
2025.01.07	14:40:00	635759.76	636973.12	630203.83	634525.11	6610	11083	1
2025.01.07	15:00:00	634503.82	637036.98	633992.93	636164.21	5307	8248	1
2025.01.07	15:20:00	636036.49	636185.50	633311.74	634546.39	4911	8261	1
2025.01.07	15:40:00	634610.25	634993.42	633056.30	634248.37	3485	6144	1
2025.01.07	16:00:00	634248.37	637484.01	633907.78	637420.15	4524	7463	1
2025.01.07	16:20:00	637420.15	637420.15	632566.70	633077.59	4559	7941	1
2025.01.07	16:40:00	632971.15	634908.27	631183.04	632034.52	6955	11243	1
2025.01.07	17:00:00	632077.09	633865.21	630757.29	631906.80	4970	8346	1
2025.01.07	17:20:00	631949.37	632928.58	630352.84	632609.27	4274	7543	1
2025.01.07	17:40:00	632438.97	634439.96	629948.39	631800.36	4063	7588	1
2025.01.07	18:00:00	631651.35	635291.44	631374.62	635099.86	1563	3011	1
2025.01.07	18:20:00	634950.85	635759.76	634461.25	634631.54	364	683	1
2025.01.08	09:00:00	624498.89	628500.86	623839.00	625541.96	5303	8166	1
2025.01.08	09:20:00	625541.96	628075.12	624243.45	626968.20	7134	10515	1
2025.01.08	09:40:00	627032.06	627372.65	622987.51	623647.41	5358	7861	1
2025.01.08	10:00:00	623796.42	629245.91	623647.41	627755.82	8645	12393	1
2025.01.08	10:20:00	627862.25	630288.98	627606.81	629288.49	5804	8328	1
2025.01.08	10:40:00	629331.06	630054.82	627202.35	629139.48	4820	7149	1
2025.01.08	11:00:00	629118.19	630927.59	627500.37	628096.41	5963	9373	1
2025.01.08	11:20:00	628032.55	631417.19	625499.39	625818.69	10910	17273	1
2025.01.08	11:40:00	625818.69	629203.34	624030.58	626946.91	8964	14066	1
2025.01.08	12:00:00	626819.19	631715.21	623668.70	626585.03	8909	13926	1
2025.01.08	12:20:00	626627.60	626627.60	621561.28	624498.89	8618	13558	1
2025.01.08	12:40:00	624520.18	626861.76	623328.11	626755.32	4131	7171	1
2025.01.08	13:00:00	626691.46	626968.20	623242.96	624839.49	4555	7624	1
2025.01.08	13:20:00	624860.77	625988.99	623668.70	623839.00	3026	4897	1
2025.01.08	13:40:00	623839.00	623839.00	620965.24	623136.52	6004	8961	1
2025.01.08	14:00:00	623115.23	623988.00	616409.81	617240.00	9308	14033	1
2025.01.08	14:20:00	617240.00	617325.15	607937.55	612663.28	12608	19410	1
2025.01.08	14:40:00	612620.71	617772.18	612386.55	617112.28	5805	9046	1
2025.01.08	15:00:00	617112.28	621582.57	616601.39	621582.57	6301	9366	1
2025.01.08	15:20:00	621518.70	624498.89	620177.62	620731.08	6766	10233	1
2025.01.08	15:40:00	620858.80	621050.39	615409.31	618900.39	7100	10272	1
2025.01.08	16:00:00	618921.68	622327.61	617261.29	619879.60	7481	10731	1
2025.01.08	16:20:00	619751.88	621518.70	617367.72	617389.01	3758	5946	1
2025.01.08	16:40:00	617389.01	619326.14	616324.66	617729.60	4123	6457	1
2025.01.08	17:00:00	617857.33	618772.67	614472.68	615643.47	3472	5750	1
2025.01.08	17:20:00	615749.91	617772.18	615260.30	616282.08	2727	4379	1
2025.01.08	17:40:00	616282.08	617772.18	614855.85	615962.78	1963	3492	1
2025.01.08	18:00:00	616069.21	616878.12	612386.55	614834.56	1759	3150	1
2025.01.08	18:20:00	614877.14	616750.40	614153.38	615856.34	190	267	1
2025.01.09	09:00:00	609959.82	613280.61	609853.39	612854.86	4304	6188	1
2025.01.09	09:20:00	612897.44	614344.96	611620.21	612003.38	4351	6171	1
2025.01.09	09:40:00	612067.24	612152.39	609704.38	611577.64	4871	7196	1
2025.01.09	10:00:00	611492.49	612088.53	608938.04	610044.97	5804	8306	1
2025.01.09	10:20:00	610108.83	610193.98	602807.37	603318.26	10392	14641	1
2025.01.09	10:40:00	603233.11	604957.36	601338.56	601743.01	10632	14935	1
2025.01.09	11:00:00	601764.30	606234.58	600848.96	606021.71	8762	12533	1
2025.01.09	11:20:00	606000.43	606128.15	600976.68	602147.47	8565	12129	1
2025.01.09	11:40:00	602126.18	604425.18	600359.35	604105.88	6199	9056	1
2025.01.09	12:00:00	604233.60	606511.32	602509.35	605468.25	5274	8027	1
2025.01.09	12:20:00	605468.25	609044.48	604829.64	607554.38	6456	9627	1
2025.01.09	12:40:00	607639.53	613706.35	606979.63	611875.66	7949	12234	1
2025.01.09	13:00:00	611939.52	614813.28	611364.77	612301.40	6420	10186	1
2025.01.09	13:20:00	612280.11	612578.13	609044.48	610875.17	6702	10312	1
2025.01.09	13:40:00	610832.59	613301.89	610257.84	612641.99	4622	7162	1
2025.01.09	14:00:00	612684.57	612854.86	608618.74	609874.67	5814	8803	1
2025.01.09	14:20:00	609938.54	610321.70	606851.91	607703.39	5864	8998	1
2025.01.09	14:40:00	607682.11	608150.42	600934.10	602849.94	8664	12998	1
2025.01.09	15:00:00	602849.94	604127.16	600274.20	600870.24	8071	11755	1
2025.01.09	15:20:00	600785.09	605468.25	599976.19	604744.49	6507	9997	1
2025.01.09	15:40:00	604744.49	605170.23	601743.01	603233.11	4604	7388	1
2025.01.09	16:00:00	603190.53	605468.25	601913.31	604467.76	4088	6310	1
2025.01.09	16:20:00	604297.46	604297.46	601359.84	602147.47	4470	6934	1
2025.01.09	16:40:00	602126.18	602232.61	595399.46	595527.19	7962	12893	1
2025.01.09	17:00:00	595505.90	597868.76	592930.16	593675.21	7148	12968	1
2025.01.09	17:20:00	593547.49	594313.82	590205.42	591908.38	7281	12340	1
2025.01.09	17:40:00	592014.82	596634.11	591887.10	594356.40	4131	7165	1
2025.01.09	18:00:00	594207.39	597145.00	593377.19	597081.14	2364	4003	1
2025.01.09	18:20:00	597017.28	598464.80	595995.50	596825.70	302	527	1
2025.01.10	09:00:00	615196.44	616771.69	615047.43	616005.35	3161	4959	1
2025.01.10	09:20:00	616005.35	617197.43	615600.90	616303.37	3240	4970	1
2025.01.10	09:40:00	616516.24	617836.04	615813.77	617474.16	3260	4643	1
2025.01.10	10:00:00	617452.87	620901.38	616643.96	620305.34	5411	7891	1
2025.01.10	10:20:00	620305.34	622178.60	608022.70	609065.77	13299	20963	1
2025.01.10	10:40:00	609044.48	614898.42	608278.14	612940.01	11838	16909	1
2025.01.10	11:00:00	612812.29	620454.35	611769.22	618581.09	10405	14519	1
2025.01.10	11:20:00	618559.80	619986.03	612088.53	614195.95	10688	15108	1
2025.01.10	11:40:00	614046.94	618283.07	612620.71	616175.65	8751	13033	1
2025.01.10	12:00:00	616111.79	616111.79	603509.84	605702.41	10840	16312	1
2025.01.10	12:20:00	605659.83	615856.34	605446.96	615090.01	8909	13701	1
2025.01.10	12:40:00	615068.72	619815.74	614025.65	614472.68	8116	12757	1
2025.01.10	13:00:00	614515.26	617133.57	611939.52	615324.17	7652	12245	1
2025.01.10	13:20:00	615239.02	615324.17	610981.60	611151.90	6473	10154	1
2025.01.10	13:40:00	611109.32	616643.96	611045.46	614153.38	7055	11414	1
2025.01.10	14:00:00	614281.10	615409.31	612045.96	614877.14	4336	6816	1
2025.01.10	14:20:00	615047.43	618836.53	614962.29	617580.60	5069	7925	1
2025.01.10	14:40:00	617410.30	628415.72	616899.41	627713.24	9442	15133	1
2025.01.10	15:00:00	627521.66	627670.67	623306.82	625350.38	7101	11399	1
2025.01.10	15:20:00	625435.53	626010.28	620284.05	621327.12	6863	10364	1
2025.01.10	15:40:00	621497.42	624179.59	619943.46	620752.37	5478	8525	1
2025.01.10	16:00:00	620794.94	622370.19	617665.74	621029.10	6047	9427	1
2025.01.10	16:20:00	621007.81	623902.86	620731.08	623732.56	5325	7956	1
2025.01.10	16:40:00	623668.70	624647.90	621774.15	624647.90	5748	9300	1
2025.01.10	17:00:00	624562.76	625243.94	621731.57	622455.34	4359	7936	1
2025.01.10	17:20:00	622561.77	623179.10	620113.76	620454.35	3754	6572	1
2025.01.10	17:40:00	620496.92	622412.76	619666.73	620837.52	2481	4532	1
2025.01.10	18:00:00	620816.23	622093.46	619858.31	620731.08	1203	2257	1
2025.01.10	18:20:00	620901.38	622008.31	619837.03	621923.16	283	459	1
2025.01.13	09:00:00	595931.64	597953.91	593845.51	595654.91	7413	11973	1
2025.01.13	09:20:00	595782.63	596846.99	588353.44	588779.18	7248	10627	1
2025.01.13	09:40:00	588928.19	594164.81	587991.56	592440.56	8355	12475	1
2025.01.13	10:00:00	592589.57	598784.11	590311.85	598528.66	9126	13887	1
2025.01.13	10:20:00	598400.94	599188.56	595910.35	597634.61	7459	11321	1
2025.01.13	10:40:00	597634.61	597762.33	594696.99	596740.55	7091	10689	1
2025.01.13	11:00:00	596846.99	597059.86	593653.92	594420.26	6776	10846	1
2025.01.13	11:20:00	594420.26	597123.72	584926.22	590695.02	13848	21155	1
2025.01.13	11:40:00	590439.58	604361.32	590013.83	601913.31	15822	22813	1
2025.01.13	12:00:00	601785.59	607767.25	600295.49	606745.47	9156	14243	1
2025.01.13	12:20:00	606702.90	609512.79	601317.27	605489.54	9300	15123	1
2025.01.13	12:40:00	605595.97	606702.90	602764.79	602764.79	5575	8808	1
2025.01.13	13:00:00	602871.23	603658.85	598698.96	599997.47	5977	8730	1
2025.01.13	13:20:00	600082.62	600870.24	597357.87	599337.57	4914	7559	1
2025.01.13	13:40:00	599337.57	603467.27	596612.83	597613.32	6107	10008	1
2025.01.13	14:00:00	597379.16	601764.30	596783.12	600210.34	6056	9328	1
2025.01.13	14:20:00	600316.78	602743.50	598571.24	599145.99	4600	7201	1
2025.01.13	14:40:00	599082.13	600550.94	597506.88	600274.20	5618	8590	1
2025.01.13	15:00:00	600167.77	602913.80	598039.06	598805.40	6080	9368	1
2025.01.13	15:20:00	598677.67	601530.14	597145.00	600103.91	6573	10594	1
2025.01.13	15:40:00	600125.19	601679.15	597741.04	600423.21	6360	9717	1
2025.01.13	16:00:00	600316.78	602892.51	598635.10	598826.68	6231	10077	1
2025.01.13	16:20:00	598847.97	603041.52	598017.77	602615.78	5474	8673	1
2025.01.13	16:40:00	602637.07	604361.32	600912.82	603041.52	6480	10183	1
2025.01.13	17:00:00	602892.51	603616.27	599954.90	602211.33	3892	6146	1
2025.01.13	17:20:00	602275.19	605723.70	600848.96	604638.05	3926	6265	1
2025.01.13	17:40:00	604744.49	612876.15	604659.34	611471.21	5839	10236	1
2025.01.13	18:00:00	611471.21	614068.23	609981.11	611598.93	3705	6766	1
2025.01.13	18:20:00	611598.93	613663.77	611215.76	612918.73	308	477	1
2025.01.14	09:00:00	631161.75	632460.26	625946.42	627606.81	4849	7205	1
2025.01.14	09:20:00	627755.82	627840.97	625371.66	625797.41	4714	6913	1
2025.01.14	09:40:00	625754.83	627138.49	625222.65	625435.53	3877	5650	1
2025.01.14	10:00:00	625478.10	626265.72	623519.69	624073.15	6121	9052	1
2025.01.14	10:20:00	624030.58	632375.11	622881.08	628373.14	8426	12522	1
2025.01.14	10:40:00	628522.15	628969.18	623583.55	625180.08	7672	11395	1
2025.01.14	11:00:00	625329.09	626563.74	623604.84	626542.45	4493	6609	1
2025.01.14	11:20:00	626585.03	631289.47	626052.85	629948.39	7759	11283	1
2025.01.14	11:40:00	630139.97	630587.00	624562.76	625861.27	6586	9899	1
2025.01.14	12:00:00	625988.99	630161.26	624860.77	628543.44	5185	7632	1
2025.01.14	12:20:00	628649.87	629096.90	625669.68	626350.87	4741	6825	1
2025.01.14	12:40:00	626287.01	628798.88	624562.76	624647.90	4245	6149	1
2025.01.14	13:00:00	624690.48	624711.77	619219.70	621348.41	7938	12056	1
2025.01.14	13:20:00	621625.14	624307.31	619347.42	620071.18	4677	7103	1
2025.01.14	13:40:00	620156.33	621007.81	618006.34	620028.61	4540	7190	1
2025.01.14	14:00:00	620007.32	623988.00	618879.11	622689.49	4281	6854	1
2025.01.14	14:20:00	622668.21	623306.82	619560.29	621689.00	4810	7433	1
2025.01.14	14:40:00	621816.72	626755.32	621412.27	626542.45	5349	8264	1
2025.01.14	15:00:00	626542.45	627457.80	624456.32	625733.54	5456	8408	1
2025.01.14	15:20:00	625605.82	628543.44	625031.07	628415.72	3919	6257	1
2025.01.14	15:40:00	628330.57	628628.59	626180.57	627117.20	4342	6699	1
2025.01.14	16:00:00	627032.06	628437.00	625988.99	627372.65	3967	6360	1
2025.01.14	16:20:00	627351.36	628969.18	627032.06	627649.38	3255	5360	1
2025.01.14	16:40:00	627585.52	628500.86	624520.18	624967.21	4001	6892	1
2025.01.14	17:00:00	625052.36	626968.20	622093.46	626904.33	5812	9829	1
2025.01.14	17:20:00	626989.48	628138.98	624988.50	625201.37	4260	7236	1
2025.01.14	17:40:00	625201.37	627691.96	624392.46	625946.42	3481	6157	1
2025.01.14	18:00:00	625903.84	627287.50	625392.95	627159.78	1114	2016	1
2025.01.14	18:20:00	626925.62	627330.08	626414.73	626585.03	188	312	1
2025.01.15	09:00:00	626712.75	627393.94	624796.91	625243.94	3024	4560	1
2025.01.15	09:20:00	625329.09	627585.52	624222.16	627181.07	4046	5716	1
2025.01.15	09:40:00	627266.21	629778.09	627117.20	629033.04	4965	7170	1
2025.01.15	10:00:00	628756.31	630970.17	627798.39	630480.56	5295	7787	1
2025.01.15	10:20:00	630480.56	638676.09	629820.66	636653.81	8576	12822	1
2025.01.15	10:40:00	636781.54	640847.37	633524.61	638505.79	7248	10978	1
2025.01.15	11:00:00	638399.35	641996.87	636696.39	638165.20	7054	10105	1
2025.01.15	11:20:00	638229.06	640251.33	636462.23	639080.54	6703	10378	1
2025.01.15	11:40:00	639208.26	644295.87	638143.91	643976.57	6964	10940	1
2025.01.15	12:00:00	644083.00	647041.91	642784.49	643103.80	7822	12830	1
2025.01.15	12:20:00	643061.22	646318.15	641975.58	643423.10	5617	9000	1
2025.01.15	12:40:00	643529.54	643933.99	640570.64	640847.37	4963	8207	1
2025.01.15	13:00:00	640868.65	645530.52	640868.65	643082.51	5790	9596	1
2025.01.15	13:20:00	642933.50	644636.47	640889.94	643699.84	4636	7588	1
2025.01.15	13:40:00	643614.69	644232.01	641422.12	641869.15	3171	5265	1
2025.01.15	14:00:00	641847.86	644019.14	641464.69	643572.11	2726	4701	1
2025.01.15	14:20:00	643401.82	643699.84	641911.72	641975.58	2592	4379	1
2025.01.15	14:40:00	641933.01	642082.02	638080.05	638463.22	5775	9624	1
2025.01.15	15:00:00	638548.36	641485.98	638527.08	641400.83	4336	7019	1
2025.01.15	15:20:00	641379.54	641656.28	639378.56	639910.74	3496	5723	1
2025.01.15	15:40:00	639804.30	642635.48	639165.69	642316.18	4563	7807	1
2025.01.15	16:00:00	642294.89	643167.66	640975.09	641166.67	3382	5535	1
2025.01.15	16:20:00	641166.67	643848.84	640655.78	643125.08	4426	7391	1
2025.01.15	16:40:00	643125.08	645658.25	641933.01	644998.35	4373	7659	1
2025.01.15	17:00:00	645019.63	649383.48	644359.73	649191.90	4948	8422	1
2025.01.15	17:20:00	649234.47	650511.70	643614.69	644295.87	4627	7690	1
2025.01.15	17:40:00	644232.01	644636.47	640442.91	641762.71	3770	6845	1
2025.01.15	18:00:00	641698.85	643082.51	640570.64	642422.61	1640	3175	1
2025.01.15	18:20:00	642380.04	642827.07	641571.13	642592.91	250	436	1
2025.01.16	09:00:00	638697.37	640762.22	637441.44	638569.65	5043	7408	1
2025.01.16	09:20:00	638590.94	640251.33	637505.30	640038.46	4954	6815	1
2025.01.16	09:40:00	639974.60	641805.29	639697.87	641613.70	4788	7094	1
2025.01.16	10:00:00	641613.70	642039.44	638739.95	639697.87	5349	7821	1
2025.01.16	10:20:00	639591.43	643018.65	635951.34	641784.00	6492	9768	1
2025.01.16	10:40:00	641784.00	643125.08	640719.64	641400.83	4282	6397	1
2025.01.16	11:00:00	641549.84	642507.76	639548.86	641698.85	4911	7199	1
2025.01.16	11:20:00	641720.14	643039.94	638314.21	639037.97	9671	14643	1
2025.01.16	11:40:00	638995.39	639868.16	628160.27	628713.74	14203	21341	1
2025.01.16	12:00:00	628735.02	631991.94	626308.30	630948.88	9394	15132	1
2025.01.16	12:20:00	631140.46	635142.43	630416.70	634461.25	6903	11139	1
2025.01.16	12:40:00	634333.52	640804.79	632077.09	640506.77	5851	9337	1
2025.01.16	13:00:00	640506.77	644359.73	639889.45	642890.93	7495	12017	1
2025.01.16	13:20:00	642933.50	645785.97	641528.55	643529.54	6178	9828	1
2025.01.16	13:40:00	643508.25	644679.04	641485.98	642997.36	5981	9507	1
2025.01.16	14:00:00	642890.93	644210.73	641613.70	642039.44	3286	5324	1
2025.01.16	14:20:00	642039.44	650383.98	641592.42	648063.69	6293	9756	1
2025.01.16	14:40:00	648063.69	649489.92	646445.87	647254.78	5076	7865	1
2025.01.16	15:00:00	647297.35	649021.60	644636.47	644977.06	3777	5948	1
2025.01.16	15:20:00	644870.62	646658.74	643827.56	644742.90	4467	7228	1
2025.01.16	15:40:00	644615.18	647233.49	643699.84	646743.89	4143	6604	1
2025.01.16	16:00:00	646658.74	648404.28	645147.36	648042.40	4138	6636	1
2025.01.16	16:20:00	648063.69	648766.16	645636.96	648297.84	4490	7179	1
2025.01.16	16:40:00	648297.84	651235.46	647467.65	650831.01	4790	7573	1
2025.01.16	17:00:00	650809.72	652448.82	650022.10	650532.99	4669	7560	1
2025.01.16	17:20:00	650596.85	652342.39	650043.38	651150.31	3318	5233	1
2025.01.16	17:40:00	651150.31	652299.81	649766.65	650639.42	2570	4379	1
2025.01.16	18:00:00	650660.71	650745.86	647637.94	647765.67	1544	2711	1
2025.01.16	18:20:00	647659.23	648212.70	645892.40	647276.06	307	538	1
2025.01.17	09:00:00	661602.26	663688.40	660857.22	663390.38	3963	5654	1
2025.01.17	09:20:00	663390.38	664752.75	662794.34	664454.73	3163	4727	1
2025.01.17	09:40:00	664497.31	668158.68	664412.16	666711.16	4867	6863	1
2025.01.17	10:00:00	666838.88	670266.10	666838.88	668265.12	5612	7970	1
2025.01.17	10:20:00	668243.83	669776.50	666924.03	667498.78	6335	9206	1
2025.01.17	10:40:00	667477.50	669606.20	666306.71	667903.24	5307	7801	1
2025.01.17	11:00:00	667903.24	669968.08	667647.79	669329.47	5014	7369	1
2025.01.17	11:20:00	669223.04	671266.60	664241.86	667669.08	11078	16777	1
2025.01.17	11:40:00	667732.94	670968.58	663901.27	670819.57	11184	16896	1
2025.01.17	12:00:00	670947.29	676673.51	669670.07	676077.48	9646	15102	1
2025.01.17	12:20:00	676141.34	676311.63	670415.11	673374.02	9469	14463	1
2025.01.17	12:40:00	673267.58	674140.35	670542.84	673012.14	4483	7466	1
2025.01.17	13:00:00	672905.70	678142.32	671969.07	677461.13	6189	9908	1
2025.01.17	13:20:00	677482.42	679164.10	676183.91	678972.52	5159	8365	1
2025.01.17	13:40:00	679078.95	680420.04	676779.95	679589.84	5611	9048	1
2025.01.17	14:00:00	679419.55	680100.73	677844.30	679100.24	4058	6637	1
2025.01.17	14:20:00	678908.66	682506.17	676652.23	677737.87	7082	11108	1
2025.01.17	14:40:00	677801.73	678866.08	674927.97	675758.17	5942	9500	1
2025.01.17	15:00:00	675885.89	680228.45	675013.12	680036.87	4711	7702	1
2025.01.17	15:20:00	680036.87	682208.15	679866.57	681207.66	4091	6791	1
2025.01.17	15:40:00	681165.09	682633.89	680228.45	681335.38	3551	5547	1
2025.01.17	16:00:00	681399.24	685443.79	680356.18	685018.05	5323	8571	1
2025.01.17	16:20:00	685039.33	687721.50	683911.12	685103.19	6603	10674	1
2025.01.17	16:40:00	685188.34	688977.44	685167.06	688764.57	4791	8017	1
2025.01.17	17:00:00	688828.43	688934.87	685060.62	686763.59	5199	9243	1
2025.01.17	17:20:00	686763.59	687317.05	683570.53	683953.69	4272	7762	1
2025.01.17	17:40:00	683932.41	684294.29	680590.33	682080.43	3480	6582	1
2025.01.17	18:00:00	681931.42	682910.63	680079.45	681590.83	2370	4703	1
2025.01.17	18:20:00	681569.54	683464.09	680781.92	683464.09	387	615	1
2025.01.20	09:00:00	704921.46	706390.27	687019.03	689530.91	12577	17868	1
2025.01.20	09:20:00	689445.76	695895.74	686146.26	691702.19	11487	17165	1
2025.01.20	09:40:00	691829.91	698918.51	690041.80	695853.17	8718	12998	1
2025.01.20	10:00:00	695853.17	698130.88	692553.67	695512.57	7864	11864	1
2025.01.20	10:20:00	695768.02	700685.33	694895.25	697747.72	8813	12858	1
2025.01.20	10:40:00	697492.27	700323.45	695619.01	698492.76	5539	8228	1
2025.01.20	11:00:00	698514.05	699833.85	695555.15	697683.86	6127	9726	1
2025.01.20	11:20:00	697705.14	698812.07	694277.92	695129.41	5717	8726	1
2025.01.20	11:40:00	695086.83	697513.56	693745.75	696151.19	4917	7737	1
2025.01.20	12:00:00	696087.32	698003.16	685997.25	690850.70	7546	11321	1
2025.01.20	12:20:00	690850.70	691680.90	686124.97	690297.24	6995	11103	1
2025.01.20	12:40:00	689956.65	690403.68	675289.85	678525.49	10039	15635	1
2025.01.20	13:00:00	678482.91	684336.86	670478.97	678035.89	9318	15045	1
2025.01.20	13:20:00	678014.60	685167.06	674331.94	685039.33	5899	9151	1
2025.01.20	13:40:00	685081.91	691361.59	685060.62	689147.74	7385	11301	1
2025.01.20	14:00:00	689020.02	689956.65	657515.15	672671.54	13926	21669	1
2025.01.20	14:20:00	672522.53	683485.38	656514.65	656578.52	7124	10607	1
2025.01.20	14:40:00	656982.97	674693.82	650149.82	665795.82	9199	14670	1
2025.01.20	15:00:00	665753.24	672543.82	663518.10	667626.51	3315	5145	1
2025.01.20	15:20:00	667669.08	673842.33	667541.36	670819.57	2279	3288	1
2025.01.20	15:40:00	670968.58	675694.31	670053.23	671458.18	2584	3791	1
2025.01.20	16:00:00	671564.62	671883.92	665731.96	666881.46	3946	6211	1
2025.01.20	16:20:00	667115.62	670926.00	663965.13	668328.98	4187	6420	1
2025.01.20	16:40:00	668350.27	673437.88	667158.19	669840.36	3198	5222	1
2025.01.20	17:00:00	669712.64	671820.06	667477.50	669946.80	2919	4750	1
2025.01.20	17:20:00	670266.10	673672.04	669010.17	671096.30	1960	2976	1
2025.01.20	17:40:00	671075.01	671905.21	668712.15	669010.17	1480	2350	1
2025.01.20	18:00:00	668839.87	670862.14	667860.66	669946.80	1174	1927	1
2025.01.20	18:20:00	669946.80	671905.21	667754.23	667754.23	276	494	1
2025.01.21	09:00:00	673310.16	677993.31	669861.65	677418.56	6006	8750	1
2025.01.21	09:20:00	677461.13	677588.86	673948.77	676524.50	5797	8337	1
2025.01.21	09:40:00	676588.36	677163.12	674417.08	674991.83	3274	4969	1
2025.01.21	10:00:00	675119.56	678738.36	673586.89	677737.87	6369	9339	1
2025.01.21	10:20:00	677823.02	679015.09	675098.27	675375.00	5222	7483	1
2025.01.21	10:40:00	675332.43	678312.62	674970.55	676056.19	3920	5531	1
2025.01.21	11:00:00	676034.90	678376.48	675034.41	678057.17	4172	6184	1
2025.01.21	11:20:00	678142.32	681377.96	668669.57	668818.58	12966	19321	1
2025.01.21	11:40:00	668839.87	673480.45	665795.82	667541.36	11863	17762	1
2025.01.21	12:00:00	667711.65	669095.31	663220.08	667073.04	9375	14334	1
2025.01.21	12:20:00	667073.04	669010.17	665263.64	668456.70	5122	8492	1
2025.01.21	12:40:00	668307.69	671415.61	666987.89	670010.66	5886	9525	1
2025.01.21	13:00:00	669819.08	687338.34	668988.88	684847.75	12534	19813	1
2025.01.21	13:20:00	684932.90	686806.16	675928.47	677908.16	8746	14377	1
2025.01.21	13:40:00	677950.74	681526.97	675055.70	676673.51	6311	10101	1
2025.01.21	14:00:00	676567.08	681888.85	675822.03	680526.47	4581	7215	1
2025.01.21	14:20:00	680334.89	682527.46	679781.43	682016.57	4037	6403	1
2025.01.21	14:40:00	681995.28	686508.14	681314.10	685699.23	6678	10539	1
2025.01.21	15:00:00	685571.51	686167.55	682868.05	684698.74	4399	6994	1
2025.01.21	15:20:00	684592.30	691425.46	684379.43	690914.57	7259	11697	1
2025.01.21	15:40:00	690999.71	691489.32	687657.64	689488.33	5275	8678	1
2025.01.21	16:00:00	689467.04	689594.77	684975.47	686721.01	5821	9599	1
2025.01.21	16:20:00	686699.73	690361.10	685933.39	687998.24	4697	7651	1
2025.01.21	16:40:00	687934.38	691829.91	687146.75	690659.12	4270	6660	1
2025.01.21	17:00:00	690744.27	691617.04	687827.94	688530.41	4511	7336	1
2025.01.21	17:20:00	688466.55	690786.84	683634.39	684358.15	4440	7478	1
2025.01.21	17:40:00	684273.00	685358.64	681973.99	683825.97	3099	5547	1
2025.01.21	18:00:00	683868.54	685018.05	680930.93	682123.00	1537	2785	1
2025.01.21	18:20:00	682165.58	684571.02	681548.25	683996.27	265	429	1
2025.01.22	09:00:00	675928.47	678887.37	674374.51	677588.86	5082	7424	1
2025.01.22	09:20:00	677588.86	678504.20	676418.07	676886.38	3668	5267	1
2025.01.22	09:40:00	676886.38	677354.70	675162.13	675225.99	3244	4573	1
2025.01.22	10:00:00	675119.56	675907.18	672799.27	673906.19	5016	6847	1
2025.01.22	10:20:00	673799.76	674097.78	669308.19	670755.71	5739	8204	1
2025.01.22	10:40:00	670734.42	672181.94	664561.17	665582.95	8068	11425	1
2025.01.22	11:00:00	665689.38	667605.22	662794.34	666966.61	6717	9683	1
2025.01.22	11:20:00	666966.61	670223.53	665497.80	666924.03	7499	10687	1
2025.01.22	11:40:00	666881.46	667222.05	657919.60	662347.31	11007	16416	1
2025.01.22	12:00:00	662411.17	666902.75	659835.44	665327.50	6362	10333	1
2025.01.22	12:20:00	665263.64	665966.11	659367.12	661219.10	7460	12295	1
2025.01.22	12:40:00	661048.80	663837.41	660027.02	660835.93	5209	8773	1
2025.01.22	13:00:00	660878.50	661282.96	657238.41	659729.00	5903	9638	1
2025.01.22	13:20:00	659750.29	659984.45	656642.38	657877.03	3642	5884	1
2025.01.22	13:40:00	657685.44	658068.61	653449.32	655897.33	5859	9323	1
2025.01.22	14:00:00	656025.05	660325.04	655535.45	659878.01	5139	8532	1
2025.01.22	14:20:00	659941.87	661474.54	658366.63	661389.39	3693	6030	1
2025.01.22	14:40:00	661325.53	662602.76	658834.95	660984.94	5093	8211	1
2025.01.22	15:00:00	660942.37	663049.79	659430.98	660623.06	4575	7233	1
2025.01.22	15:20:00	660410.19	662219.59	658813.66	661495.83	3935	6345	1
2025.01.22	15:40:00	661602.26	661602.26	656727.52	657770.59	3981	6549	1
2025.01.22	16:00:00	657791.88	663347.80	657323.56	663347.80	4917	7943	1
2025.01.22	16:20:00	663369.09	664561.17	660942.37	663986.42	4949	8189	1
2025.01.22	16:40:00	664028.99	664774.04	662517.61	664390.87	2856	4854	1
2025.01.22	17:00:00	664390.87	665625.52	661644.84	662985.92	4152	6958	1
2025.01.22	17:20:00	662879.49	663730.97	660325.04	660857.22	3801	7013	1
2025.01.22	17:40:00	660963.65	663198.80	659665.14	661708.70	2424	4432	1
2025.01.22	18:00:00	661687.41	662113.15	658260.19	658728.51	1419	2590	1
2025.01.22	18:20:00	658707.22	659303.26	657451.29	659090.39	247	429	1
2025.01.23	09:00:00	647574.08	648297.84	644232.01	644849.34	4904	7169	1
2025.01.23	09:20:00	644849.34	648148.83	643678.55	646765.17	5745	8250	1
2025.01.23	09:40:00	646701.31	647723.09	644742.90	646041.41	5289	7821	1
2025.01.23	10:00:00	645977.55	646765.17	644146.86	644232.01	4625	7135	1
2025.01.23	10:20:00	644146.86	647914.68	643018.65	646871.61	7061	10814	1
2025.01.23	10:40:00	646786.46	651597.34	646722.60	650064.67	6678	10044	1
2025.01.23	11:00:00	650064.67	650447.84	646914.18	647574.08	4143	6724	1
2025.01.23	11:20:00	647510.22	666477.00	647254.78	664816.61	13596	21272	1
2025.01.23	11:40:00	664731.46	673033.42	661921.57	667796.80	14828	23124	1
2025.01.23	12:00:00	667839.38	670776.99	649638.93	651150.31	16443	29617	1
2025.01.23	12:20:00	651171.60	663879.98	650362.69	661687.41	10098	19348	1
2025.01.23	12:40:00	661687.41	666753.74	660027.02	665668.10	6602	12492	1
2025.01.23	13:00:00	665689.38	675375.00	664220.57	668861.16	10529	20397	1
2025.01.23	13:20:00	668925.02	671564.62	664923.05	668733.43	6137	11058	1
2025.01.23	13:40:00	668861.16	671266.60	663134.93	663730.97	6114	11533	1
2025.01.23	14:00:00	663858.69	663943.84	656727.52	661666.13	6557	12181	1
2025.01.23	14:20:00	661751.27	666157.70	660431.48	663581.96	4024	7424	1
2025.01.23	14:40:00	663688.40	667988.39	662666.62	666136.41	4028	7963	1
2025.01.23	15:00:00	665966.11	668201.26	661431.97	664327.01	4547	8045	1
2025.01.23	15:20:00	664369.58	667583.93	662262.16	666029.98	4014	7226	1
2025.01.23	15:40:00	665944.83	666753.74	662177.02	665540.37	4065	7662	1
2025.01.23	16:00:00	665561.66	666008.69	661410.68	661644.84	4381	7884	1
2025.01.23	16:20:00	661729.99	665327.50	660410.19	664199.29	5075	9809	1
2025.01.23	16:40:00	664050.28	664390.87	654236.94	656663.66	5593	10767	1
2025.01.23	17:00:00	656450.79	670159.67	651384.47	661495.83	12770	27242	1
2025.01.23	17:20:00	661942.86	674374.51	661942.86	665348.79	11981	24847	1
2025.01.23	17:40:00	665199.78	667690.37	648787.45	652981.00	7486	14483	1
2025.01.23	18:00:00	652981.00	654002.78	645998.84	648361.70	2410	4537	1
2025.01.23	18:20:00	648361.70	652959.71	647020.62	649106.75	349	753	1
2025.01.24	09:00:00	665242.35	666838.88	662751.77	665178.49	3747	5762	1
2025.01.24	09:20:00	665242.35	665540.37	663049.79	664092.85	3027	4542	1
2025.01.24	09:40:00	664135.43	665859.68	664114.14	664901.76	2754	4030	1
2025.01.24	10:00:00	664923.05	667392.35	661389.39	661517.12	7703	10892	1
2025.01.24	10:20:00	661517.12	661921.57	658877.52	660559.20	4989	7028	1
2025.01.24	10:40:00	660559.20	660878.50	658728.51	659686.43	4880	7000	1
2025.01.24	11:00:00	659729.00	662326.03	659069.10	662283.45	5164	7759	1
2025.01.24	11:20:00	662262.16	663262.66	657642.87	662538.90	9674	15165	1
2025.01.24	11:40:00	662496.32	668030.96	661602.26	665135.92	11246	18548	1
2025.01.24	12:00:00	665050.77	666349.28	659537.42	664092.85	7375	12489	1
2025.01.24	12:20:00	664114.14	665327.50	662368.60	664497.31	5304	9814	1
2025.01.24	12:40:00	664369.58	666370.57	662049.29	665370.08	4683	8475	1
2025.01.24	13:00:00	665433.94	666753.74	663326.52	665625.52	4142	7616	1
2025.01.24	13:20:00	665625.52	666498.29	663709.69	665008.20	3379	6476	1
2025.01.24	13:40:00	664923.05	667498.78	663134.93	663581.96	4318	7764	1
2025.01.24	14:00:00	663496.81	667349.77	663496.81	666987.89	4515	8057	1
2025.01.24	14:20:00	667009.18	669733.93	666562.15	668009.67	6092	10793	1
2025.01.24	14:40:00	668073.54	671883.92	667839.38	670776.99	6194	10850	1
2025.01.24	15:00:00	670776.99	674374.51	670308.68	673331.44	7607	13434	1
2025.01.24	15:20:00	673480.45	675460.15	672756.69	673650.75	5392	9717	1
2025.01.24	15:40:00	673757.18	673863.62	668499.28	670372.54	6019	10463	1
2025.01.24	16:00:00	670372.54	672628.97	667605.22	669776.50	6209	10887	1
2025.01.24	16:20:00	669819.08	672628.97	669755.21	670947.29	4806	8583	1
2025.01.24	16:40:00	671032.44	671287.88	668094.82	668307.69	3767	6568	1
2025.01.24	17:00:00	668243.83	668371.55	665795.82	666285.42	4197	7556	1
2025.01.24	17:20:00	666306.71	666924.03	662411.17	663220.08	6538	11599	1
2025.01.24	17:40:00	663156.22	665902.25	660474.05	661261.67	4673	8321	1
2025.01.24	18:00:00	661517.12	664795.33	661517.12	664199.29	2230	3884	1
2025.01.24	18:20:00	664199.29	664880.47	663518.10	663518.10	249	429	1
2025.01.27	09:00:00	629650.37	629650.37	623540.98	627415.22	6976	9628	1
2025.01.27	09:20:00	627457.80	628607.30	626074.14	627713.24	5235	7377	1
2025.01.27	09:40:00	627798.39	637675.59	627542.95	635717.18	10613	15189	1
2025.01.27	10:00:00	635695.90	640762.22	633652.34	637015.69	10619	15623	1
2025.01.27	10:20:00	637058.27	639272.12	634397.38	637760.74	7876	11527	1
2025.01.27	10:40:00	637888.46	638101.33	630331.55	633247.88	9432	14053	1
2025.01.27	11:00:00	633077.59	634397.38	630885.02	634354.81	6260	9027	1
2025.01.27	11:20:00	634248.37	640655.78	633503.33	640123.61	12204	18390	1
2025.01.27	11:40:00	639995.88	645764.68	637547.87	643274.09	8895	13731	1
2025.01.27	12:00:00	643231.52	645424.09	637633.02	637803.32	7295	11343	1
2025.01.27	12:20:00	637760.74	644593.89	637249.85	642678.06	9379	14545	1
2025.01.27	12:40:00	642614.19	644104.29	639016.68	639186.98	5546	8775	1
2025.01.27	13:00:00	639357.27	640591.92	636462.23	637164.70	6489	10121	1
2025.01.27	13:20:00	637313.71	637590.45	627564.23	629096.90	9080	14174	1
2025.01.27	13:40:00	629309.77	632034.52	627415.22	628330.57	9288	13833	1
2025.01.27	14:00:00	628266.71	630416.70	625435.53	626095.43	8629	13572	1
2025.01.27	14:20:00	626116.71	629841.95	623179.10	628181.56	7781	12290	1
2025.01.27	14:40:00	628181.56	628841.46	623839.00	623945.43	6764	10216	1
2025.01.27	15:00:00	623860.28	627010.77	623242.96	625605.82	6996	10694	1
2025.01.27	15:20:00	625776.12	626329.58	623498.40	624413.75	5269	7942	1
2025.01.27	15:40:00	624456.32	625414.24	621944.45	624392.46	8216	11994	1
2025.01.27	16:00:00	624413.75	627308.79	624030.58	626159.29	7625	11075	1
2025.01.27	16:20:00	626159.29	629245.91	625776.12	628543.44	6746	10123	1
2025.01.27	16:40:00	628586.01	628628.59	625392.95	627415.22	6593	9745	1
2025.01.27	17:00:00	627393.94	629054.33	625307.80	627372.65	6908	10161	1
2025.01.27	17:20:00	627436.51	634227.09	627351.36	633524.61	7805	11631	1
2025.01.27	17:40:00	633524.61	640230.04	632949.86	637675.59	6315	10503	1
2025.01.27	18:00:00	637633.02	643572.11	637185.99	642571.62	4041	6977	1
2025.01.27	18:20:00	642720.63	642912.21	637952.33	638484.50	559	854	1
2025.01.28	09:00:00	648148.83	649851.80	646445.87	646445.87	4701	6221	1
2025.01.28	09:20:00	646445.87	647701.81	644849.34	645785.97	5032	6825	1
2025.01.28	09:40:00	645785.97	646956.76	644615.18	645700.82	4389	5933	1
2025.01.28	10:00:00	645636.96	648404.28	645040.92	647616.66	5394	7171	1
2025.01.28	10:20:00	647595.37	648957.74	644679.04	645998.84	5974	8170	1
2025.01.28	10:40:00	646020.13	647488.93	645636.96	645977.55	4381	6268	1
2025.01.28	11:00:00	645998.84	646169.14	639783.01	640464.20	7767	10942	1
2025.01.28	11:20:00	640464.20	645360.23	640379.05	642827.07	10522	15204	1
2025.01.28	11:40:00	642678.06	644679.04	638931.53	643678.55	8296	12472	1
2025.01.28	12:00:00	643699.84	647552.80	642103.30	643486.96	8083	12374	1
2025.01.28	12:20:00	643337.96	649575.07	642997.36	646914.18	6972	11162	1
2025.01.28	12:40:00	646956.76	647765.67	640996.38	643359.24	6597	10333	1
2025.01.28	13:00:00	643508.25	644189.44	637633.02	638505.79	5173	8044	1
2025.01.28	13:20:00	638633.51	640655.78	636973.12	640038.46	5068	7723	1
2025.01.28	13:40:00	640123.61	641911.72	637036.98	638292.92	4925	7715	1
2025.01.28	14:00:00	638292.92	644253.30	638101.33	642465.19	5499	8460	1
2025.01.28	14:20:00	642465.19	644083.00	641464.69	642465.19	3654	5656	1
2025.01.28	14:40:00	642380.04	642890.93	639421.13	641464.69	5147	7811	1
2025.01.28	15:00:00	641485.98	645189.93	640123.61	643337.96	5560	8684	1
2025.01.28	15:20:00	643210.23	643444.39	640996.38	641358.26	3740	6148	1
2025.01.28	15:40:00	641379.54	641656.28	637931.04	638356.78	5674	9147	1
2025.01.28	16:00:00	638378.07	638888.96	636228.07	638484.50	5831	8965	1
2025.01.28	16:20:00	638527.08	640144.89	637526.58	639357.27	4485	7120	1
2025.01.28	16:40:00	639399.85	642231.03	639186.98	640442.91	5076	7617	1
2025.01.28	17:00:00	640442.91	641549.84	637036.98	638229.06	5903	8985	1
2025.01.28	17:20:00	638250.34	638292.92	636547.38	637143.42	4844	7068	1
2025.01.28	17:40:00	637185.99	637590.45	631715.21	632417.69	5428	8207	1
2025.01.28	18:00:00	632332.54	633737.48	630523.14	633098.87	2863	5388	1
2025.01.28	18:20:00	632907.29	632907.29	631268.18	631736.50	435	749	1
2025.01.29	09:00:00	640591.92	642145.88	638654.80	640996.38	2643	3561	1
2025.01.29	09:20:00	640868.65	641507.27	637973.61	638463.22	4060	5821	1
2025.01.29	09:40:00	638463.22	639144.40	636015.20	636185.50	4147	5806	1
2025.01.29	10:00:00	636249.36	637122.13	633716.20	634482.53	6107	8813	1
2025.01.29	10:20:00	634482.53	637547.87	633737.48	636121.64	6206	9206	1
2025.01.29	10:40:00	636206.79	638122.62	635951.34	637015.69	5519	8109	1
2025.01.29	11:00:00	636994.41	638974.10	636015.20	637313.71	6108	8757	1
2025.01.29	11:20:00	637313.71	639932.02	635653.32	637292.43	8383	12482	1
2025.01.29	11:40:00	637185.99	638676.09	633503.33	635908.77	9361	14678	1
2025.01.29	12:00:00	636121.64	639761.73	635504.31	637249.85	7285	11957	1
2025.01.29	12:20:00	637228.56	637611.73	633780.06	634205.80	4973	8173	1
2025.01.29	12:40:00	634184.51	638016.19	633716.20	637015.69	5440	8715	1
2025.01.29	13:00:00	637058.27	637654.31	635185.01	636398.37	4566	7263	1
2025.01.29	13:20:00	636398.37	639144.40	635695.90	638186.48	3857	6173	1
2025.01.29	13:40:00	638271.63	639484.99	637569.16	639272.12	3288	5245	1
2025.01.29	14:00:00	639250.84	640677.07	638314.21	639974.60	3884	5894	1
2025.01.29	14:20:00	639932.02	643231.52	638803.81	642486.47	5556	8416	1
2025.01.29	14:40:00	642316.18	642954.79	640591.92	641209.25	3421	5434	1
2025.01.29	15:00:00	641294.40	641826.57	638314.21	640293.90	5926	9182	1
2025.01.29	15:20:00	640336.48	643188.95	638974.10	642614.19	4924	7632	1
2025.01.29	15:40:00	642592.91	644615.18	641826.57	642869.64	4511	6988	1
2025.01.29	16:00:00	643103.80	644104.29	635163.72	636121.64	11970	18349	1
2025.01.29	16:20:00	636036.49	643039.94	634737.98	643039.94	8355	13473	1
2025.01.29	16:40:00	642869.64	649724.08	642678.06	647361.21	12131	19605	1
2025.01.29	17:00:00	647318.64	648702.30	643103.80	648297.84	6435	10816	1
2025.01.29	17:20:00	648106.26	655109.71	646892.90	651086.45	7456	12244	1
2025.01.29	17:40:00	651107.74	653236.44	649766.65	651235.46	4035	7373	1
2025.01.29	18:00:00	650980.01	652214.67	648042.40	651405.76	2852	5337	1
2025.01.29	18:20:00	651363.18	652150.80	648681.01	649149.33	315	529	1
2025.01.30	09:00:00	656748.81	666987.89	656493.37	662240.88	5083	8053	1
2025.01.30	09:20:00	662219.59	662602.76	659878.01	660452.76	3322	4658	1
2025.01.30	09:40:00	660537.91	662368.60	659196.83	661517.12	4017	5422	1
2025.01.30	10:00:00	661623.55	663837.41	660282.47	662283.45	3473	4847	1
2025.01.30	10:20:00	662134.44	663347.80	660686.92	661304.25	3131	4928	1
2025.01.30	10:40:00	661261.67	661687.41	658834.95	659303.26	3056	4731	1
2025.01.30	11:00:00	659239.40	661240.38	658089.90	659771.58	5790	8329	1
2025.01.30	11:20:00	659771.58	662262.16	659260.69	660218.60	5484	8832	1
2025.01.30	11:40:00	660282.47	667732.94	657898.31	665476.51	10684	16390	1
2025.01.30	12:00:00	665433.94	668882.44	664241.86	665817.11	6905	10665	1
2025.01.30	12:20:00	665944.83	666775.02	661133.95	664880.47	6598	10698	1
2025.01.30	12:40:00	665008.20	666221.56	661964.14	662517.61	5156	8234	1
2025.01.30	13:00:00	662538.90	664327.01	661495.83	663390.38	3718	6146	1
2025.01.30	13:20:00	663390.38	665178.49	662602.76	664220.57	4102	6793	1
2025.01.30	13:40:00	664263.15	665412.65	662624.04	664497.31	3464	5750	1
2025.01.30	14:00:00	664582.46	664603.74	661197.81	662368.60	4854	7941	1
2025.01.30	14:20:00	662560.18	663028.50	657174.55	657344.85	5364	8593	1
2025.01.30	14:40:00	657280.99	660303.75	657110.69	659665.14	3844	5964	1
2025.01.30	15:00:00	659707.72	660176.03	657855.74	658771.08	3317	5457	1
2025.01.30	15:20:00	658813.66	660197.32	655684.46	659026.53	5536	9004	1
2025.01.30	15:40:00	659047.82	661048.80	658558.21	660729.49	3837	6515	1
2025.01.30	16:00:00	660686.92	661559.69	659473.56	659899.30	3178	5332	1
2025.01.30	16:20:00	659920.59	660431.48	658622.07	659218.11	3514	6115	1
2025.01.30	16:40:00	659260.69	660857.22	658707.22	660346.33	2338	3841	1
2025.01.30	17:00:00	660261.18	661240.38	659750.29	661155.24	2414	3965	1
2025.01.30	17:20:00	661070.09	661495.83	658132.47	660048.31	3893	6807	1
2025.01.30	17:40:00	660069.60	660644.35	656940.40	658089.90	3200	5803	1
2025.01.30	18:00:00	658026.04	659579.99	656940.40	659218.11	1490	2433	1
2025.01.30	18:20:00	659175.54	659367.12	657664.16	657664.16	316	511	1
2025.01.31	09:00:00	652905.92	653283.22	649761.71	651019.39	1789	2629	1
2025.01.31	09:20:00	650956.51	651836.89	649614.98	651208.05	1942	2864	1
2025.01.31	09:40:00	651187.08	652507.65	650642.09	650956.51	1726	2485	1
2025.01.31	10:00:00	650830.74	651417.66	648357.29	648902.29	4367	6368	1
2025.01.31	10:20:00	648881.33	650579.20	647959.03	648965.17	3159	4839	1
2025.01.31	10:40:00	648965.17	648986.14	645192.12	646114.42	3264	4551	1
2025.01.31	11:00:00	645925.77	647875.18	645296.93	647162.49	3493	5224	1
2025.01.31	11:20:00	647183.46	649656.90	644165.01	644563.28	5519	8395	1
2025.01.31	11:40:00	644668.09	646869.03	642530.02	644689.05	5205	7713	1
2025.01.31	12:00:00	644793.85	650055.17	644793.85	645946.73	5440	8688	1
2025.01.31	12:20:00	645946.73	654645.72	645946.73	654163.60	6822	11321	1
2025.01.31	12:40:00	654142.64	658544.54	652759.19	654247.45	6513	10301	1
2025.01.31	13:00:00	654184.57	655463.21	651375.74	652319.00	4378	7053	1
2025.01.31	13:20:00	652360.92	653073.61	648650.75	648839.41	4703	8115	1
2025.01.31	13:40:00	648902.29	651166.12	648650.75	650914.59	2943	5184	1
2025.01.31	14:00:00	650851.70	650914.59	646827.11	647686.53	4598	8008	1
2025.01.31	14:20:00	647602.68	649866.52	646449.81	648587.87	3688	6083	1
2025.01.31	14:40:00	648608.83	649447.29	647225.38	647351.15	2939	5123	1
2025.01.31	15:00:00	647267.30	649007.10	646407.88	648105.76	3522	5849	1
2025.01.31	15:20:00	648063.83	648063.83	640077.54	642425.22	7954	13452	1
2025.01.31	15:40:00	642467.14	642613.87	634690.46	634816.22	7582	12413	1
2025.01.31	16:00:00	634858.15	637331.59	633684.31	634313.15	5094	8428	1
2025.01.31	16:20:00	634313.15	634795.26	630833.56	633118.35	5214	8833	1
2025.01.31	16:40:00	633097.39	634250.27	630833.56	631965.47	4059	7458	1
2025.01.31	17:00:00	631965.47	632405.66	629827.41	630749.71	3517	6745	1
2025.01.31	17:20:00	630623.94	632594.32	627940.88	629827.41	3821	6920	1
2025.01.31	17:40:00	629848.37	631189.90	628213.38	629051.84	2389	4291	1
2025.01.31	18:00:00	628967.99	629869.33	627836.08	628611.65	1293	2489	1
2025.01.31	18:20:00	628590.69	628590.69	626662.24	626892.81	374	582	1
2025.02.03	09:00:00	593103.02	594213.98	590294.20	593962.44	1306	1955	1
2025.02.03	09:20:00	594004.36	594234.94	589791.12	589916.89	2358	3328	1
2025.02.03	09:40:00	589916.89	591489.00	588344.78	588407.67	3879	5622	1
2025.02.03	10:00:00	588491.51	590671.50	586374.41	589916.89	6274	8723	1
2025.02.03	10:20:00	589979.77	592453.22	588177.09	591803.42	5983	9048	1
2025.02.03	10:40:00	591929.19	595303.97	590105.54	590357.08	6053	9020	1
2025.02.03	11:00:00	590357.08	591572.84	587254.79	589476.70	7396	11069	1
2025.02.03	11:20:00	589518.62	603227.38	587862.67	603227.38	12146	18530	1
2025.02.03	11:40:00	603143.54	604736.61	598091.84	604296.42	8012	12690	1
2025.02.03	12:00:00	604044.88	607629.28	601403.74	606308.71	6374	10598	1
2025.02.03	12:20:00	606392.56	612618.09	605952.37	607021.40	7453	12618	1
2025.02.03	12:40:00	606958.51	615888.07	606706.98	611507.14	6978	11849	1
2025.02.03	13:00:00	611360.41	612680.98	606497.36	609956.00	5261	9086	1
2025.02.03	13:20:00	610060.80	612135.98	608572.54	611025.03	5221	8561	1
2025.02.03	13:40:00	611066.95	612680.98	609411.00	609956.00	4362	7055	1
2025.02.03	14:00:00	609976.96	610102.73	606245.83	608551.58	4520	8212	1
2025.02.03	14:20:00	608719.27	611045.99	605239.68	606245.83	4201	7400	1
2025.02.03	14:40:00	606392.56	614043.47	606120.06	613812.89	7186	13410	1
2025.02.03	15:00:00	613708.09	616160.57	611171.76	613288.86	5986	10992	1
2025.02.03	15:20:00	613309.82	615888.07	612177.90	615510.77	4331	7864	1
2025.02.03	15:40:00	615468.85	617313.45	614211.16	616621.72	5474	9277	1
2025.02.03	16:00:00	616537.88	621547.65	614714.24	619325.74	6699	11845	1
2025.02.03	16:20:00	619304.78	623392.26	619074.21	622973.03	4993	9136	1
2025.02.03	16:40:00	622993.99	629198.57	622407.07	629198.57	7438	13961	1
2025.02.03	17:00:00	629198.57	629366.26	622721.49	625069.17	6514	12384	1
2025.02.03	17:20:00	625048.21	629030.88	624964.36	626767.04	4625	8689	1
2025.02.03	17:40:00	626850.89	627395.89	622574.76	623664.76	3233	5681	1
2025.02.03	18:00:00	623350.33	624985.32	621841.11	623077.84	1769	3435	1
2025.02.03	18:20:00	622721.49	624209.75	622029.77	622931.11	422	847	1
2025.02.04	09:00:00	607859.85	612576.17	607545.43	611989.25	3790	5169	1
2025.02.04	09:20:00	612052.14	613624.24	610417.15	612261.75	4838	7148	1
2025.02.04	09:40:00	612135.98	612177.90	609180.42	610941.18	5046	7380	1
2025.02.04	10:00:00	610983.10	612995.40	609935.03	612324.63	3881	5774	1
2025.02.04	10:20:00	612429.44	613205.01	611129.83	611779.64	3265	5047	1
2025.02.04	10:40:00	611758.68	612597.13	608488.70	608866.00	4378	6278	1
2025.02.04	11:00:00	608866.00	610647.72	605428.33	607880.82	7019	10484	1
2025.02.04	11:20:00	607859.85	617984.21	607063.32	617103.84	12235	18228	1
2025.02.04	11:40:00	616957.11	616999.03	612282.71	613184.05	7708	12203	1
2025.02.04	12:00:00	613184.05	614441.74	600187.98	602116.43	11110	18248	1
2025.02.04	12:20:00	602284.12	607147.17	602095.47	606057.17	6911	11863	1
2025.02.04	12:40:00	605847.56	607776.01	603709.50	606392.56	4467	7681	1
2025.02.04	13:00:00	606350.63	609914.07	604107.76	608027.55	5292	9391	1
2025.02.04	13:20:00	608006.58	609473.88	606581.21	606874.67	3209	5931	1
2025.02.04	13:40:00	606916.59	607000.44	603646.61	604107.76	4295	7336	1
2025.02.04	14:00:00	604170.65	608656.39	603269.31	606350.63	4936	8124	1
2025.02.04	14:20:00	606350.63	606539.29	603248.35	605030.06	4485	7179	1
2025.02.04	14:40:00	604946.22	607419.67	604673.72	606141.02	5059	7542	1
2025.02.04	15:00:00	606120.06	606497.36	603520.84	606015.25	5082	7418	1
2025.02.04	15:20:00	605994.29	607608.32	604044.88	607524.47	4338	7083	1
2025.02.04	15:40:00	607566.40	608467.74	606790.82	607859.85	3665	6190	1
2025.02.04	16:00:00	607859.85	614462.70	607189.09	614315.97	6415	10484	1
2025.02.04	16:20:00	614357.89	615971.92	611884.45	612408.48	9015	13667	1
2025.02.04	16:40:00	612408.48	614378.85	603625.65	604023.92	13431	21674	1
2025.02.04	17:00:00	604002.96	608006.58	598804.53	601340.86	10055	17886	1
2025.02.04	17:20:00	601340.86	603080.65	598007.99	602766.23	5226	10286	1
2025.02.04	17:40:00	602787.19	604359.30	600691.05	601089.32	3035	5612	1
2025.02.04	18:00:00	601277.97	601277.97	594297.82	596435.89	2518	4901	1
2025.02.04	18:20:00	596268.20	596373.00	590273.23	590608.62	412	821	1
2025.02.05	09:00:00	599412.41	602829.12	597840.30	602347.00	3831	5898	1
2025.02.05	09:20:00	602367.97	603353.15	600879.71	601718.16	3596	5463	1
2025.02.05	09:40:00	601634.32	601781.05	599559.14	600187.98	3938	5503	1
2025.02.05	10:00:00	600292.79	602892.00	599307.60	602577.58	5446	7638	1
2025.02.05	10:20:00	602535.66	605407.37	601487.59	604589.88	5821	8791	1
2025.02.05	10:40:00	604715.64	605973.33	604128.72	605051.03	3554	5610	1
2025.02.05	11:00:00	605218.72	607776.01	604883.33	607272.94	4055	6019	1
2025.02.05	11:20:00	607377.74	607650.24	604338.34	607063.32	6982	10276	1
2025.02.05	11:40:00	607000.44	608845.04	601550.47	602766.23	7469	11442	1
2025.02.05	12:00:00	602766.23	605030.06	598448.18	600334.71	7213	11110	1
2025.02.05	12:20:00	600418.56	603353.15	599936.44	601236.05	4466	7352	1
2025.02.05	12:40:00	601215.09	602766.23	600586.25	602011.62	3378	5986	1
2025.02.05	13:00:00	601948.74	602095.47	597169.54	598175.68	4954	8364	1
2025.02.05	13:20:00	598217.61	600460.48	597358.19	598469.14	4903	8350	1
2025.02.05	13:40:00	598406.26	602766.23	598175.68	601026.44	4442	7590	1
2025.02.05	14:00:00	601068.36	602284.12	596855.12	597211.46	5131	8553	1
2025.02.05	14:20:00	597148.58	598091.84	595618.39	597756.46	6618	10911	1
2025.02.05	14:40:00	597840.30	598049.92	595199.16	595345.89	5568	9669	1
2025.02.05	15:00:00	595429.74	596980.88	591258.42	593249.75	7366	12476	1
2025.02.05	15:20:00	593103.02	595052.43	590902.08	594905.71	4564	7704	1
2025.02.05	15:40:00	594863.78	594905.71	590378.04	591992.07	5096	8635	1
2025.02.05	16:00:00	591950.15	593417.45	590315.16	592683.80	4440	8017	1
2025.02.05	16:20:00	592830.53	595618.39	592453.22	595429.74	4492	7832	1
2025.02.05	16:40:00	595345.89	597358.19	594360.71	596331.08	4351	7675	1
2025.02.05	17:00:00	596373.00	598783.57	596373.00	598783.57	3184	5757	1
2025.02.05	17:20:00	598678.76	599726.83	597819.34	598427.22	3556	6465	1
2025.02.05	17:40:00	598552.99	599056.06	594444.55	597379.15	4383	7815	1
2025.02.05	18:00:00	597463.00	598217.61	595094.36	596226.27	1680	3024	1
2025.02.05	18:20:00	596121.47	596456.85	595555.51	596016.66	212	340	1
2025.02.06	09:00:00	607147.17	609767.34	606350.63	606874.67	3803	5663	1
2025.02.06	09:20:00	606748.90	607817.93	604002.96	604401.22	3575	5061	1
2025.02.06	09:40:00	604401.22	606287.75	603374.11	603688.53	3836	5411	1
2025.02.06	10:00:00	603583.73	604673.72	602933.92	604212.57	4197	5975	1
2025.02.06	10:20:00	604296.42	607189.09	603499.88	606727.94	6593	9109	1
2025.02.06	10:40:00	606644.09	606644.09	602808.16	603562.77	8050	10966	1
2025.02.06	11:00:00	603541.80	604862.37	600104.13	600481.44	7351	10673	1
2025.02.06	11:20:00	600376.63	603898.15	598804.53	601760.09	10057	15585	1
2025.02.06	11:40:00	601843.93	601969.70	596645.50	598112.80	7678	12505	1
2025.02.06	12:00:00	598070.88	599978.37	596519.73	599601.06	6252	9940	1
2025.02.06	12:20:00	599601.06	599705.87	593228.79	593396.48	8243	13581	1
2025.02.06	12:40:00	593396.48	594758.98	592159.76	594444.55	5624	10111	1
2025.02.06	13:00:00	594486.48	595911.85	592411.30	592495.14	5403	9302	1
2025.02.06	13:20:00	592411.30	592830.53	590336.12	590923.04	5592	9729	1
2025.02.06	13:40:00	590964.96	591635.73	588365.75	589812.08	5742	10127	1
2025.02.06	14:00:00	589854.01	591006.88	588198.05	588533.44	5540	9618	1
2025.02.06	14:20:00	588596.32	591509.96	587820.75	590902.08	4923	8568	1
2025.02.06	14:40:00	590964.96	591006.88	588219.02	588533.44	4393	7100	1
2025.02.06	15:00:00	588554.40	589476.70	585284.42	585347.30	9280	14739	1
2025.02.06	15:20:00	585284.42	585913.26	582391.74	585473.07	7172	11986	1
2025.02.06	15:40:00	585431.15	586940.37	584529.81	585556.92	4479	7888	1
2025.02.06	16:00:00	585494.03	590985.92	583083.47	589183.24	7043	12489	1
2025.02.06	16:20:00	589078.43	590294.20	584131.54	585535.96	5349	9118	1
2025.02.06	16:40:00	585514.99	586290.57	582915.78	584592.69	4862	8817	1
2025.02.06	17:00:00	584445.96	587338.64	583272.12	586919.41	3768	7195	1
2025.02.06	17:20:00	586835.56	589267.09	586416.34	588973.63	3124	5745	1
2025.02.06	17:40:00	588994.59	591111.69	588386.71	590126.50	3688	6865	1
2025.02.06	18:00:00	589916.89	590252.27	587191.91	587527.29	1570	3065	1
2025.02.06	18:20:00	587820.75	587820.75	586604.99	587317.68	218	363	1
2025.02.07	09:00:00	595555.51	597672.61	594172.06	594297.82	4013	5548	1
2025.02.07	09:20:00	594360.71	597672.61	593857.63	596750.31	4704	6989	1
2025.02.07	09:40:00	596855.12	598532.03	596226.27	597525.88	4490	6409	1
2025.02.07	10:00:00	597588.77	597945.11	594779.94	595052.43	4994	7106	1
2025.02.07	10:20:00	595115.32	598301.45	592788.60	596456.85	9188	13487	1
2025.02.07	10:40:00	596561.66	601047.40	596477.81	600691.05	10042	14023	1
2025.02.07	11:00:00	600649.13	607880.82	599370.48	607189.09	10849	15310	1
2025.02.07	11:20:00	607189.09	609054.66	603856.23	606413.52	10097	14785	1
2025.02.07	11:40:00	606371.59	609746.38	606015.25	606644.09	7944	12246	1
2025.02.07	12:00:00	606476.40	606560.25	594193.02	594717.05	12849	18814	1
2025.02.07	12:20:00	594507.44	600020.29	592495.14	597295.31	8507	12893	1
2025.02.07	12:40:00	597525.88	602577.58	596708.39	598343.38	8114	12856	1
2025.02.07	13:00:00	598385.30	601697.20	595492.62	600628.17	6436	10299	1
2025.02.07	13:20:00	600649.13	601927.78	598007.99	599391.45	4216	7101	1
2025.02.07	13:40:00	599622.02	601340.86	596959.92	598385.30	4571	7749	1
2025.02.07	14:00:00	598301.45	599223.75	594800.90	595660.32	4707	8288	1
2025.02.07	14:20:00	595744.16	597316.27	593878.60	597316.27	4461	7353	1
2025.02.07	14:40:00	597295.31	598028.95	594905.71	595178.20	3230	5460	1
2025.02.07	15:00:00	595073.40	597966.07	593941.48	597756.46	3735	6429	1
2025.02.07	15:20:00	597651.65	600670.09	596477.81	600397.59	3726	6532	1
2025.02.07	15:40:00	600418.56	600418.56	598028.95	599056.06	4607	7896	1
2025.02.07	16:00:00	599139.91	599684.91	594947.63	595387.82	4630	8075	1
2025.02.07	16:20:00	595387.82	596834.15	594193.02	594486.48	3402	6242	1
2025.02.07	16:40:00	594570.32	595199.16	592620.91	592704.76	5016	8173	1
2025.02.07	17:00:00	592599.95	592914.37	588973.63	591300.34	5806	10055	1
2025.02.07	17:20:00	591426.11	591929.19	587191.91	588072.29	4022	6921	1
2025.02.07	17:40:00	588072.29	589392.85	586080.95	587087.10	3285	5688	1
2025.02.07	18:00:00	587191.91	589141.32	586437.30	588219.02	1802	3374	1
2025.02.07	18:20:00	588512.48	588512.48	586101.91	586101.91	353	574	1
2025.02.10	09:00:00	599433.37	600984.51	598049.92	599622.02	2872	4227	1
2025.02.10	09:20:00	599622.02	599622.02	595869.93	596079.54	3684	5313	1
2025.02.10	09:40:00	595995.70	596477.81	594800.90	595366.86	4439	6005	1
2025.02.10	10:00:00	595366.86	595723.20	593627.06	593752.83	4998	6837	1
2025.02.10	10:20:00	593815.71	594947.63	593249.75	594821.86	3886	5325	1
2025.02.10	10:40:00	594779.94	600208.94	594696.09	599663.94	7438	10860	1
2025.02.10	11:00:00	599496.25	600439.52	596792.23	597819.34	5209	7577	1
2025.02.10	11:20:00	597861.26	599244.72	594884.74	596163.39	9429	14061	1
2025.02.10	11:40:00	596205.31	598280.49	594339.75	594779.94	7095	11179	1
2025.02.10	12:00:00	594800.90	596100.51	593606.10	593962.44	3960	6343	1
2025.02.10	12:20:00	593941.48	594738.01	591153.61	591509.96	6071	9352	1
2025.02.10	12:40:00	591489.00	593228.79	590545.73	592914.37	4284	6968	1
2025.02.10	13:00:00	592977.26	594172.06	591803.42	592474.18	3904	6330	1
2025.02.10	13:20:00	592474.18	593165.91	591342.27	592411.30	1884	2963	1
2025.02.10	13:40:00	592348.41	594339.75	591845.34	593522.25	3266	5490	1
2025.02.10	14:00:00	593627.06	593752.83	590147.47	592096.88	5051	7609	1
2025.02.10	14:20:00	592159.76	594255.90	591090.73	593522.25	4362	6418	1
2025.02.10	14:40:00	593480.33	595492.62	593144.95	594884.74	4275	6377	1
2025.02.10	15:00:00	594821.86	595199.16	592977.26	593270.72	4105	6084	1
2025.02.10	15:20:00	593270.72	595471.66	593207.83	593752.83	3331	5022	1
2025.02.10	15:40:00	593752.83	596142.43	593668.98	596079.54	2719	4206	1
2025.02.10	16:00:00	596079.54	596519.73	595283.01	595932.81	3063	4849	1
2025.02.10	16:20:00	595911.85	596855.12	595157.24	595408.78	3089	5056	1
2025.02.10	16:40:00	595366.86	595492.62	593773.79	594738.01	3316	5212	1
2025.02.10	17:00:00	594717.05	595807.05	594046.29	594151.09	3332	5633	1
2025.02.10	17:20:00	594151.09	595220.13	593815.71	595010.51	2016	3568	1
2025.02.10	17:40:00	595010.51	595723.20	594004.36	594549.36	2137	3878	1
2025.02.10	18:00:00	594570.32	594675.13	593061.10	593354.56	1331	2265	1
2025.02.10	18:20:00	593354.56	594234.94	593270.72	594234.94	239	307	1
2025.02.11	09:00:00	600502.40	600816.82	595911.85	597106.65	5028	7132	1
2025.02.11	09:20:00	597169.54	598385.30	596373.00	597022.81	5158	7480	1
2025.02.11	09:40:00	597085.69	597882.22	596519.73	596938.96	2688	3772	1
2025.02.11	10:00:00	596876.08	599056.06	596855.12	597840.30	4625	6626	1
2025.02.11	10:20:00	597840.30	597966.07	594528.40	595702.24	6402	8986	1
2025.02.11	10:40:00	595702.24	595765.12	590273.23	590692.46	8952	13036	1
2025.02.11	11:00:00	590797.27	591426.11	589267.09	590524.77	7347	11024	1
2025.02.11	11:20:00	590503.81	591195.54	588323.82	590189.39	6604	10370	1
2025.02.11	11:40:00	590252.27	592893.41	589874.97	590461.89	5055	7796	1
2025.02.11	12:00:00	590524.77	592411.30	587506.33	591069.77	6727	10889	1
2025.02.11	12:20:00	591027.84	591216.50	588302.86	588428.63	4029	6371	1
2025.02.11	12:40:00	588554.40	590378.04	587967.48	589958.81	2487	4082	1
2025.02.11	13:00:00	590042.66	590126.50	587988.44	589371.89	3351	5858	1
2025.02.11	13:20:00	589392.85	589749.20	585556.92	586416.34	5026	8118	1
2025.02.11	13:40:00	586500.18	587359.60	585074.80	585724.61	3513	5893	1
2025.02.11	14:00:00	585724.61	585934.22	583355.97	585053.84	4773	7697	1
2025.02.11	14:20:00	584886.15	585535.96	583900.97	584445.96	4328	6572	1
2025.02.11	14:40:00	584487.89	584781.35	583188.28	584571.73	4591	7121	1
2025.02.11	15:00:00	584571.73	584676.54	582014.44	582412.71	4992	7961	1
2025.02.11	15:20:00	582475.59	583712.31	580861.56	583188.28	5509	8699	1
2025.02.11	15:40:00	583125.39	583335.01	579729.65	580232.72	6136	10097	1
2025.02.11	16:00:00	580190.80	581385.60	577906.00	578912.15	5514	8859	1
2025.02.11	16:20:00	578954.07	579100.80	576333.90	576690.24	6322	10147	1
2025.02.11	16:40:00	576711.20	578555.81	575726.02	577361.01	4968	8032	1
2025.02.11	17:00:00	577340.05	579016.96	576774.09	577696.39	4478	6953	1
2025.02.11	17:20:00	577759.27	579771.57	577214.28	578660.61	4070	7114	1
2025.02.11	17:40:00	578639.65	578891.19	576522.55	578639.65	3766	6825	1
2025.02.11	18:00:00	578534.85	580463.30	578178.50	580379.45	2186	4064	1
2025.02.11	18:20:00	580232.72	581343.67	580002.14	580714.83	440	703	1
2025.02.12	09:00:00	584487.89	585095.77	582894.82	584886.15	4517	6162	1
2025.02.12	09:20:00	584886.15	585011.92	583314.05	583796.16	4506	6270	1
2025.02.12	09:40:00	583880.00	584571.73	582936.74	583397.89	3822	5356	1
2025.02.12	10:00:00	583439.82	584865.19	582014.44	584487.89	6193	8971	1
2025.02.12	10:20:00	584487.89	586542.10	572477.00	572791.42	12842	19387	1
2025.02.12	10:40:00	572686.61	579247.53	571932.00	576899.86	10688	16023	1
2025.02.12	11:00:00	576920.82	578576.77	574950.45	575243.90	7604	11942	1
2025.02.12	11:20:00	575264.87	580065.03	572875.27	578304.27	9364	14887	1
2025.02.12	11:40:00	578220.42	581532.33	578073.69	581238.87	8166	12839	1
2025.02.12	12:00:00	581259.83	581679.06	576145.25	581175.98	7828	12436	1
2025.02.12	12:20:00	581280.79	584529.81	580211.76	581804.83	7694	12805	1
2025.02.12	12:40:00	581762.90	582538.47	580044.07	582328.86	3366	5685	1
2025.02.12	13:00:00	582370.78	582517.51	578891.19	580547.14	4440	7551	1
2025.02.12	13:20:00	580651.95	581469.44	577633.51	581113.10	4683	7401	1
2025.02.12	13:40:00	581175.98	589707.28	581113.10	589057.47	6566	10677	1
2025.02.12	14:00:00	589078.43	590566.69	587443.44	588177.09	7158	11838	1
2025.02.12	14:20:00	588177.09	593501.29	587967.48	591090.73	6973	10922	1
2025.02.12	14:40:00	591048.81	592683.80	589979.77	590944.00	4141	6703	1
2025.02.12	15:00:00	591048.81	591426.11	587254.79	587359.60	4829	8354	1
2025.02.12	15:20:00	587380.56	588407.67	585410.19	588260.94	5146	8647	1
2025.02.12	15:40:00	588323.82	589937.85	587108.06	588198.05	4672	8035	1
2025.02.12	16:00:00	588135.17	588826.90	584571.73	586122.88	5322	9534	1
2025.02.12	16:20:00	586039.03	588743.05	585808.45	588156.13	3967	6547	1
2025.02.12	16:40:00	588177.09	590923.04	587338.64	590357.08	4422	7208	1
2025.02.12	17:00:00	590357.08	592243.61	588743.05	592222.64	4582	8128	1
2025.02.12	17:20:00	592159.76	592872.45	588952.67	589413.82	3962	6831	1
2025.02.12	17:40:00	589371.89	590000.74	587674.02	589057.47	3601	6997	1
2025.02.12	18:00:00	589183.24	592935.33	588219.02	592641.87	2061	4294	1
2025.02.12	18:20:00	592495.14	593228.79	591992.07	591992.07	258	392	1
2025.02.13	09:00:00	584068.66	584068.66	580379.45	582161.17	3405	5021	1
2025.02.13	09:20:00	582245.01	584445.96	582182.13	584320.19	3420	4515	1
2025.02.13	09:40:00	584320.19	584990.96	581804.83	582203.09	4769	6463	1
2025.02.13	10:00:00	582224.05	584613.65	581574.25	584571.73	4663	6717	1
2025.02.13	10:20:00	584655.58	586919.41	582245.01	584676.54	7585	11421	1
2025.02.13	10:40:00	584613.65	586688.83	583376.93	585787.49	5224	7722	1
2025.02.13	11:00:00	585703.65	586521.14	583649.43	584592.69	5354	7751	1
2025.02.13	11:20:00	584487.89	585871.34	581029.25	582119.25	8642	12899	1
2025.02.13	11:40:00	582098.29	585514.99	581867.71	583754.24	7276	11751	1
2025.02.13	12:00:00	583817.12	585724.61	581071.18	585242.50	7056	11559	1
2025.02.13	12:20:00	585158.65	586563.06	582224.05	584362.12	5654	9656	1
2025.02.13	12:40:00	584362.12	585976.15	580630.99	582182.13	5729	9402	1
2025.02.13	13:00:00	582245.01	582475.59	579540.99	580861.56	5760	9260	1
2025.02.13	13:20:00	580924.45	581238.87	577591.58	578220.42	6140	9685	1
2025.02.13	13:40:00	578157.54	580442.33	577381.97	578451.00	4526	7208	1
2025.02.13	14:00:00	578388.12	581720.98	577989.85	579645.80	5460	9309	1
2025.02.13	14:20:00	579624.84	582433.67	579373.30	581679.06	3890	6287	1
2025.02.13	14:40:00	581574.25	582831.93	580819.64	581385.60	3755	6220	1
2025.02.13	15:00:00	581322.71	582559.44	579520.03	580463.30	5527	9033	1
2025.02.13	15:20:00	580400.41	582936.74	580274.64	582664.24	3133	5446	1
2025.02.13	15:40:00	582831.93	584131.54	581343.67	584005.77	4129	7037	1
2025.02.13	16:00:00	584005.77	585976.15	583628.47	584236.35	5136	8662	1
2025.02.13	16:20:00	584278.27	584404.04	580547.14	580714.83	4748	8113	1
2025.02.13	16:40:00	580777.72	581280.79	579918.30	580547.14	3175	5406	1
2025.02.13	17:00:00	580526.18	584760.38	580211.76	584131.54	3953	7447	1
2025.02.13	17:20:00	584068.66	584592.69	583188.28	583859.04	2522	4302	1
2025.02.13	17:40:00	583942.89	585200.57	583125.39	584907.11	2583	4899	1
2025.02.13	18:00:00	584865.19	586332.49	584592.69	585284.42	1635	3321	1
2025.02.13	18:20:00	585221.53	586018.07	585137.69	585452.11	190	317	1
2025.02.14	09:00:00	586961.33	588680.17	585074.80	585410.19	3093	4576	1
2025.02.14	09:20:00	585305.38	585997.11	583314.05	583460.78	3100	4329	1
2025.02.14	09:40:00	583397.89	584110.58	582894.82	583649.43	3798	5464	1
2025.02.14	10:00:00	583628.47	584215.39	582643.28	583188.28	2760	3988	1
2025.02.14	10:20:00	583083.47	585494.03	581385.60	583418.85	6362	9311	1
2025.02.14	10:40:00	583397.89	584844.23	583146.36	584068.66	2780	4392	1
2025.02.14	11:00:00	584110.58	584529.81	583188.28	583754.24	2709	4244	1
2025.02.14	11:20:00	583733.27	586542.10	581804.83	585724.61	7403	11668	1
2025.02.14	11:40:00	585787.49	588931.70	584907.11	586604.99	6329	9669	1
2025.02.14	12:00:00	586604.99	587401.52	578891.19	579603.88	8885	13972	1
2025.02.14	12:20:00	579540.99	582706.17	579540.99	582685.20	3877	6353	1
2025.02.14	12:40:00	582622.32	585368.26	581448.48	583963.85	4460	7090	1
2025.02.14	13:00:00	584068.66	584907.11	581469.44	581700.02	5300	8603	1
2025.02.14	13:20:00	581679.06	583397.89	581071.18	582475.59	3326	5550	1
2025.02.14	13:40:00	582475.59	587862.67	581846.75	587632.10	4423	6923	1
2025.02.14	14:00:00	587632.10	588093.25	584194.43	585137.69	6386	10279	1
2025.02.14	14:20:00	585137.69	589015.55	585137.69	588617.28	4874	7579	1
2025.02.14	14:40:00	588617.28	596289.16	588617.28	594423.59	8973	13578	1
2025.02.14	15:00:00	594402.63	595828.01	591384.19	591761.49	5908	9541	1
2025.02.14	15:20:00	591719.57	593354.56	591300.34	591551.88	4297	6884	1
2025.02.14	15:40:00	591551.88	593731.87	591384.19	591845.34	3576	5714	1
2025.02.14	16:00:00	591866.30	593165.91	591405.15	592075.92	2625	4286	1
2025.02.14	16:20:00	592054.95	592264.57	587506.33	589036.51	4827	7688	1
2025.02.14	16:40:00	589099.40	590587.66	586521.14	588093.25	4275	6742	1
2025.02.14	17:00:00	588072.29	589833.04	587149.98	589518.62	3759	6469	1
2025.02.14	17:20:00	589560.55	589665.35	587401.52	588659.21	2796	4867	1
2025.02.14	17:40:00	588575.36	588638.24	582328.86	583817.12	3786	6429	1
2025.02.14	18:00:00	583963.85	584634.62	580819.64	582559.44	2527	4859	1
2025.02.14	18:20:00	582517.51	583649.43	581679.06	583125.39	284	453	1
2025.02.17	09:00:00	578241.39	579037.92	577172.35	578765.42	3370	4682	1
2025.02.17	09:20:00	578681.58	578786.38	577214.28	577801.20	2635	3658	1
2025.02.17	09:40:00	577822.16	579561.95	577465.81	579247.53	3008	4286	1
2025.02.17	10:00:00	579268.50	579771.57	577214.28	577843.12	3946	5478	1
2025.02.17	10:20:00	577864.08	578786.38	577298.12	577654.47	3020	4287	1
2025.02.17	10:40:00	577696.39	578723.50	575977.55	578723.50	4508	6024	1
2025.02.17	11:00:00	578639.65	581888.67	578157.54	580924.45	6886	9524	1
2025.02.17	11:20:00	580945.41	581008.29	579016.96	580526.18	6126	8760	1
2025.02.17	11:40:00	580526.18	581113.10	579582.92	581050.21	3534	5349	1
2025.02.17	12:00:00	581092.14	581616.17	579561.95	580442.33	4091	6291	1
2025.02.17	12:20:00	580358.49	580882.52	577256.20	577968.89	5310	8046	1
2025.02.17	12:40:00	577968.89	578367.15	574174.87	574971.41	6946	10896	1
2025.02.17	13:00:00	574971.41	576543.51	573483.15	574153.91	5809	8607	1
2025.02.17	13:20:00	574091.03	575097.17	572560.84	573189.69	5428	8432	1
2025.02.17	13:40:00	573105.84	573902.37	572036.81	572351.23	4024	5841	1
2025.02.17	14:00:00	572414.11	574971.41	572183.54	573881.41	4108	6198	1
2025.02.17	14:20:00	573881.41	574258.72	571890.08	572728.54	5129	7822	1
2025.02.17	14:40:00	572749.50	574573.14	572560.84	572875.27	3303	5190	1
2025.02.17	15:00:00	572896.23	574824.68	572120.66	574656.99	3275	5091	1
2025.02.17	15:20:00	574698.91	574740.83	572414.11	573126.80	2853	4375	1
2025.02.17	15:40:00	573168.73	573189.69	571533.74	572372.19	3323	5328	1
2025.02.17	16:00:00	572393.15	573420.26	571135.47	571764.31	3982	6337	1
2025.02.17	16:20:00	571701.43	573587.95	571491.81	573420.26	2157	3461	1
2025.02.17	16:40:00	573378.34	574153.91	572393.15	573315.46	2063	3325	1
2025.02.17	17:00:00	573399.30	575663.13	573022.00	575055.25	3407	5449	1
2025.02.17	17:20:00	575097.17	576124.28	574698.91	575956.59	2221	3604	1
2025.02.17	17:40:00	575956.59	578534.85	575034.29	575264.87	3427	5845	1
2025.02.17	18:00:00	575181.02	577423.89	575076.21	576082.36	1516	2672	1
2025.02.17	18:20:00	576061.40	576438.71	575348.71	576082.36	210	345	1
2025.02.18	09:00:00	573986.22	576145.25	573336.42	575956.59	2698	3759	1
2025.02.18	09:20:00	575872.75	577612.54	575348.71	577235.24	3705	5137	1
2025.02.18	09:40:00	577004.66	577486.78	575809.86	576795.05	2872	3826	1
2025.02.18	10:00:00	576795.05	578912.15	576333.90	578262.35	4984	6586	1
2025.02.18	10:20:00	578304.27	578681.58	576983.70	577717.35	3328	4379	1
2025.02.18	10:40:00	577717.35	578660.61	576229.09	577696.39	4573	6105	1
2025.02.18	11:00:00	577738.31	579478.11	577004.66	579310.42	4398	6123	1
2025.02.18	11:20:00	579289.46	581511.37	575788.90	576166.21	9286	13705	1
2025.02.18	11:40:00	576019.48	576229.09	570946.82	571135.47	11015	15971	1
2025.02.18	12:00:00	571135.47	572749.50	568326.64	568871.64	8055	12706	1
2025.02.18	12:20:00	568850.68	571491.81	568662.02	570904.89	4321	7046	1
2025.02.18	12:40:00	570946.82	571638.54	567823.57	570024.51	5185	8817	1
2025.02.18	13:00:00	569940.67	571093.55	568745.87	570862.97	3716	6177	1
2025.02.18	13:20:00	570988.74	571093.55	566062.81	566482.04	5790	9387	1
2025.02.18	13:40:00	566586.84	567131.84	565077.62	565496.85	4274	7489	1
2025.02.18	14:00:00	565350.12	566943.19	565287.24	565643.58	2587	4540	1
2025.02.18	14:20:00	565685.50	565978.96	562813.79	564113.40	6080	9380	1
2025.02.18	14:40:00	564050.51	564826.09	562226.87	562939.56	5337	8058	1
2025.02.18	15:00:00	562897.64	564218.20	560570.92	562331.68	6347	9764	1
2025.02.18	15:20:00	562268.79	563316.86	560717.65	561199.76	3240	5641	1
2025.02.18	15:40:00	561136.88	561912.45	559187.47	561032.07	5073	8411	1
2025.02.18	16:00:00	560990.15	560990.15	557699.21	558432.86	5463	8831	1
2025.02.18	16:20:00	558516.70	561430.34	558202.28	561011.11	4196	7110	1
2025.02.18	16:40:00	560948.22	563903.78	560529.00	561828.60	4765	7699	1
2025.02.18	17:00:00	561933.41	563861.86	560570.92	562771.87	4013	6954	1
2025.02.18	17:20:00	562855.71	562981.48	559669.58	559816.31	3419	5785	1
2025.02.18	17:40:00	559753.42	563002.44	559376.12	562038.22	3247	6268	1
2025.02.18	18:00:00	562310.72	568536.25	561409.38	567844.53	3803	7176	1
2025.02.18	18:20:00	567676.84	569018.37	567215.69	568284.72	276	478	1
2025.02.19	09:00:00	576438.71	578492.92	576124.28	576941.78	3200	4799	1
2025.02.19	09:20:00	576941.78	578618.69	576690.24	578325.23	2817	4071	1
2025.02.19	09:40:00	578451.00	579142.73	577717.35	578094.66	3002	4248	1
2025.02.19	10:00:00	578136.58	580085.99	578136.58	579310.42	3847	5642	1
2025.02.19	10:20:00	579289.46	580568.10	578471.96	579666.76	3598	5424	1
2025.02.19	10:40:00	579645.80	579876.38	577277.16	577381.97	4046	5715	1
2025.02.19	11:00:00	577507.74	577822.16	575642.17	576354.86	4282	6341	1
2025.02.19	11:20:00	576291.98	579184.65	576250.05	576920.82	7702	12440	1
2025.02.19	11:40:00	576816.01	577591.58	572246.42	572749.50	8360	14491	1
2025.02.19	12:00:00	572791.42	574782.75	571135.47	574489.29	6440	11314	1
2025.02.19	12:20:00	574573.14	576711.20	572875.27	575390.63	6597	11574	1
2025.02.19	12:40:00	575432.56	576522.55	573462.19	574091.03	3604	6419	1
2025.02.19	13:00:00	574111.99	578115.62	573944.30	577843.12	3864	6772	1
2025.02.19	13:20:00	577717.35	578513.88	575642.17	576103.32	3663	6273	1
2025.02.19	13:40:00	576103.32	578471.96	575285.83	578367.15	4174	7249	1
2025.02.19	14:00:00	578430.04	579268.50	576920.82	578430.04	4027	7056	1
2025.02.19	14:20:00	578492.92	578765.42	576396.78	577570.62	3718	6627	1
2025.02.19	14:40:00	577486.78	579121.77	577151.39	578597.73	2512	4641	1
2025.02.19	15:00:00	578618.69	578744.46	575160.06	576564.47	3899	6765	1
2025.02.19	15:20:00	576606.40	577465.81	575243.90	576417.74	3960	7164	1
2025.02.19	15:40:00	576459.67	576564.47	573965.26	574615.06	3049	5129	1
2025.02.19	16:00:00	574552.18	576836.97	572854.30	575830.82	4401	6939	1
2025.02.19	16:20:00	575809.86	578157.54	575684.09	577822.16	4194	6824	1
2025.02.19	16:40:00	578010.81	579121.77	576857.93	578786.38	2906	4837	1
2025.02.19	17:00:00	578660.61	579897.34	577885.04	579771.57	2673	4385	1
2025.02.19	17:20:00	579666.76	580023.11	577759.27	578262.35	2656	4425	1
2025.02.19	17:40:00	578262.35	579205.61	577486.78	577947.93	1970	3588	1
2025.02.19	18:00:00	577885.04	579876.38	576920.82	579876.38	1182	2440	1
2025.02.19	18:20:00	579708.68	580463.30	579624.84	580232.72	217	370	1
2025.02.20	09:00:00	583020.59	584760.38	583020.59	584487.89	1950	3054	1
2025.02.20	09:20:00	584529.81	584781.35	583460.78	584026.73	1694	2492	1
2025.02.20	09:40:00	584047.70	584634.62	582664.24	583649.43	3517	4705	1
2025.02.20	10:00:00	583691.35	584550.77	583188.28	583355.97	2265	3284	1
2025.02.20	10:20:00	583355.97	585011.92	582999.63	584089.62	3909	5535	1
2025.02.20	10:40:00	584089.62	585997.11	583691.35	585892.30	4135	6190	1
2025.02.20	11:00:00	585829.42	586772.68	585494.03	586542.10	4894	7252	1
2025.02.20	11:20:00	586479.22	588114.21	585892.30	587275.75	8110	11956	1
2025.02.20	11:40:00	587212.87	587736.90	579478.11	580023.11	10044	15574	1
2025.02.20	12:00:00	580085.99	582538.47	579436.19	582245.01	6778	11788	1
2025.02.20	12:20:00	582412.71	582622.32	580945.41	582182.13	3958	7003	1
2025.02.20	12:40:00	582098.29	582349.82	579457.15	580085.99	3249	5702	1
2025.02.20	13:00:00	580148.87	585137.69	580002.14	584194.43	5232	8296	1
2025.02.20	13:20:00	584320.19	586479.22	584299.23	586143.84	4968	8671	1
2025.02.20	13:40:00	586185.76	587087.10	583838.08	584257.31	4991	8623	1
2025.02.20	14:00:00	584257.31	587003.25	584068.66	586793.64	4424	7478	1
2025.02.20	14:20:00	586856.52	587191.91	585535.96	585955.18	3531	5925	1
2025.02.20	14:40:00	585871.34	587024.22	585494.03	586542.10	2151	3876	1
2025.02.20	15:00:00	586521.14	589183.24	586416.34	588743.05	6021	9423	1
2025.02.20	15:20:00	588743.05	590168.43	588156.13	588302.86	4637	7042	1
2025.02.20	15:40:00	588323.82	589812.08	587904.59	589413.82	3041	4739	1
2025.02.20	16:00:00	589518.62	591090.73	589392.85	590944.00	3757	6457	1
2025.02.20	16:20:00	590985.92	591468.03	589581.51	589707.28	3391	5655	1
2025.02.20	16:40:00	589644.39	590839.19	589350.93	590608.62	2621	4252	1
2025.02.20	17:00:00	590524.77	590923.04	589686.31	590524.77	2362	4291	1
2025.02.20	17:20:00	590629.58	592264.57	590126.50	590608.62	4203	7250	1
2025.02.20	17:40:00	590524.77	591635.73	589854.01	590734.38	2454	4682	1
2025.02.20	18:00:00	590797.27	591195.54	589581.51	590147.47	1554	3103	1
2025.02.20	18:20:00	590147.47	590336.12	588743.05	588743.05	277	510	1
2025.02.21	09:00:00	592453.22	593082.06	591027.84	592474.18	2524	3482	1
2025.02.21	09:20:00	592369.37	593920.52	592327.45	593207.83	2946	4264	1
2025.02.21	09:40:00	593103.02	594717.05	593061.10	593627.06	2756	4107	1
2025.02.21	10:00:00	593627.06	597148.58	592914.37	595387.82	7211	10487	1
2025.02.21	10:20:00	595492.62	597819.34	595283.01	597609.73	3359	4909	1
2025.02.21	10:40:00	597714.53	597798.38	595345.89	595723.20	4983	6939	1
2025.02.21	11:00:00	595702.24	596100.51	593962.44	595010.51	5144	7068	1
2025.02.21	11:20:00	595094.36	595262.05	589686.31	590189.39	9208	13341	1
2025.02.21	11:40:00	590252.27	593417.45	589455.74	591656.69	7834	11758	1
2025.02.21	12:00:00	591866.30	595828.01	590566.69	594842.82	6439	10253	1
2025.02.21	12:20:00	594905.71	594947.63	582307.90	583376.93	12077	18912	1
2025.02.21	12:40:00	583376.93	588177.09	581364.64	587275.75	7656	12908	1
2025.02.21	13:00:00	587170.95	591509.96	584928.08	590461.89	6374	10927	1
2025.02.21	13:20:00	590399.00	591971.11	588281.90	590252.27	4606	7779	1
2025.02.21	13:40:00	590231.31	591048.81	587359.60	588219.02	3534	6006	1
2025.02.21	14:00:00	588072.29	590294.20	586353.45	587317.68	4122	6595	1
2025.02.21	14:20:00	587380.56	588554.40	582140.21	582307.90	4728	7444	1
2025.02.21	14:40:00	582307.90	582601.36	578702.54	579750.61	8425	12812	1
2025.02.21	15:00:00	579624.84	582328.86	578702.54	582098.29	4798	7693	1
2025.02.21	15:20:00	582161.17	584445.96	581532.33	582831.93	4994	8067	1
2025.02.21	15:40:00	582894.82	583104.43	579855.41	580127.91	3196	5342	1
2025.02.21	16:00:00	580085.99	581532.33	576774.09	576983.70	5882	9708	1
2025.02.21	16:20:00	576962.74	577738.31	573483.15	573525.07	6009	9525	1
2025.02.21	16:40:00	573546.03	574321.60	571198.35	571617.58	6352	10049	1
2025.02.21	17:00:00	571470.85	573965.26	571114.51	571973.93	3297	5671	1
2025.02.21	17:20:00	571869.12	573483.15	570590.47	571009.70	3402	5502	1
2025.02.21	17:40:00	571009.70	571869.12	568787.79	569835.86	3194	5491	1
2025.02.21	18:00:00	569814.90	572204.50	569479.52	570506.63	2468	4137	1
2025.02.21	18:20:00	570422.78	571345.08	570150.28	570150.28	254	452	1
2025.02.24	09:00:00	575222.94	575327.75	573504.11	573734.68	1656	2187	1
2025.02.24	09:20:00	573818.53	575726.02	573650.84	575474.48	2347	3248	1
2025.02.24	09:40:00	575579.29	575893.71	573818.53	574111.99	3438	4971	1
2025.02.24	10:00:00	574091.03	576333.90	571533.74	575600.25	7895	11571	1
2025.02.24	10:20:00	575495.44	577717.35	575474.48	576690.24	3726	5638	1
2025.02.24	10:40:00	576795.05	576836.97	574070.07	574091.03	5003	6881	1
2025.02.24	11:00:00	574174.87	575788.90	573546.03	574489.29	4823	7063	1
2025.02.24	11:20:00	574489.29	575705.06	572560.84	572749.50	6892	10679	1
2025.02.24	11:40:00	572812.38	573294.49	568221.83	569018.37	7459	11740	1
2025.02.24	12:00:00	568955.48	570925.85	565958.00	567991.26	10570	16690	1
2025.02.24	12:20:00	567886.45	569479.52	564826.09	564951.85	6342	10244	1
2025.02.24	12:40:00	564826.09	566859.34	563463.59	566607.80	5056	8650	1
2025.02.24	13:00:00	566670.69	570401.82	565266.27	567446.26	5638	9358	1
2025.02.24	13:20:00	567446.26	570758.16	566607.80	568012.22	4999	7862	1
2025.02.24	13:40:00	567970.30	569982.59	566104.73	567299.53	5049	8147	1
2025.02.24	14:00:00	567299.53	571827.20	566775.50	571345.08	4710	7446	1
2025.02.24	14:20:00	571345.08	573022.00	570422.78	571785.27	4465	7143	1
2025.02.24	14:40:00	571848.16	572477.00	568703.95	569102.21	4457	7528	1
2025.02.24	15:00:00	569144.14	570380.86	568033.18	570003.55	3882	6409	1
2025.02.24	15:20:00	570003.55	570066.44	567509.15	568221.83	3496	6115	1
2025.02.24	15:40:00	568242.79	568871.64	566796.46	567425.30	2933	5552	1
2025.02.24	16:00:00	567152.80	569521.44	567047.99	568389.52	4700	8391	1
2025.02.24	16:20:00	568305.68	570234.13	567110.88	567110.88	3837	6870	1
2025.02.24	16:40:00	567152.80	567488.18	564490.70	566607.80	5312	9199	1
2025.02.24	17:00:00	566733.57	570548.55	565937.04	569542.40	4643	8857	1
2025.02.24	17:20:00	569563.36	572078.73	569102.21	571470.85	4368	7962	1
2025.02.24	17:40:00	571512.77	572938.15	568808.75	569332.79	3137	6281	1
2025.02.24	18:00:00	569207.02	570443.74	566754.53	569647.21	2146	4252	1
2025.02.24	18:20:00	569731.05	570359.90	569437.59	570359.90	274	534	1
2025.02.25	09:00:00	541831.42	541873.34	537869.72	541139.69	5588	8542	1
2025.02.25	09:20:00	541328.35	543906.60	540615.66	541663.73	5347	7930	1
2025.02.25	09:40:00	541621.81	544262.94	539819.13	543990.45	5988	8435	1
2025.02.25	10:00:00	544095.25	544304.87	540343.16	542439.30	6045	8443	1
2025.02.25	10:20:00	542690.84	543068.14	537681.06	538477.60	5763	8183	1
2025.02.25	10:40:00	538624.33	540909.12	537198.95	537764.91	7047	9761	1
2025.02.25	11:00:00	537764.91	541013.93	537031.26	538288.94	6883	9827	1
2025.02.25	11:20:00	538247.02	539525.67	533866.09	535312.42	12480	19166	1
2025.02.25	11:40:00	535207.62	535291.46	526152.29	527137.47	15466	25509	1
2025.02.25	12:00:00	527053.63	529317.46	521498.86	522756.54	13488	22603	1
2025.02.25	12:20:00	522714.62	526005.56	519046.37	525209.03	10222	17943	1
2025.02.25	12:40:00	525229.99	529694.77	523720.77	525879.79	7486	13412	1
2025.02.25	13:00:00	525942.67	526655.36	522735.58	523511.15	7277	13095	1
2025.02.25	13:20:00	523636.92	524454.41	520115.40	524035.19	5966	9950	1
2025.02.25	13:40:00	524056.15	530302.65	523825.57	528311.31	6026	10026	1
2025.02.25	14:00:00	528206.51	530386.49	526026.52	526152.29	6237	10469	1
2025.02.25	14:20:00	526236.13	530805.72	524328.65	527326.13	7711	12046	1
2025.02.25	14:40:00	527242.28	528038.82	523574.04	525921.71	5562	8896	1
2025.02.25	15:00:00	526110.37	529359.38	524077.11	524559.22	5552	9670	1
2025.02.25	15:20:00	524517.30	526403.83	523259.61	526403.83	4445	7952	1
2025.02.25	15:40:00	526236.13	527430.93	523469.23	523972.30	4681	7918	1
2025.02.25	16:00:00	523951.34	525649.21	520807.13	522505.00	5224	8679	1
2025.02.25	16:20:00	522400.20	525125.18	520911.94	524622.11	4797	8233	1
2025.02.25	16:40:00	524622.11	530323.61	524454.41	529862.46	5107	8462	1
2025.02.25	17:00:00	529715.73	531350.72	528017.85	530679.95	5603	9296	1
2025.02.25	17:20:00	530742.84	536968.37	530030.15	533740.32	6709	11896	1
2025.02.25	17:40:00	533698.40	534012.82	529212.65	531413.60	4265	7833	1
2025.02.25	18:00:00	531329.76	532943.78	527996.89	529778.61	2539	4882	1
2025.02.25	18:20:00	529820.53	531518.41	529527.08	530721.88	277	504	1
2025.02.26	09:00:00	533677.43	533677.43	530826.68	530826.68	3410	5618	1
2025.02.26	09:20:00	530826.68	532440.71	530072.07	532293.98	4019	5871	1
2025.02.26	09:40:00	532335.90	532440.71	526508.63	528416.12	7222	10175	1
2025.02.26	10:00:00	528416.12	529422.27	526760.17	527074.59	4939	7390	1
2025.02.26	10:20:00	527053.63	530407.45	526823.05	529673.81	5615	8397	1
2025.02.26	10:40:00	529694.77	530176.88	525816.91	526550.56	4705	7135	1
2025.02.26	11:00:00	526529.59	526613.44	521142.51	521624.62	9606	14344	1
2025.02.26	11:20:00	521666.55	525292.87	517264.65	523930.38	12089	18872	1
2025.02.26	11:40:00	523930.38	532314.94	523574.04	531728.02	10339	17379	1
2025.02.26	12:00:00	531686.10	536884.53	530407.45	534683.58	8935	14526	1
2025.02.26	12:20:00	534704.54	535249.54	530952.45	533300.13	5345	8769	1
2025.02.26	12:40:00	533363.01	534033.78	528541.89	529778.61	4492	7436	1
2025.02.26	13:00:00	530009.19	531581.29	521792.32	523595.00	6195	9958	1
2025.02.26	13:20:00	523825.57	527263.24	522840.39	526655.36	5851	9747	1
2025.02.26	13:40:00	526529.59	528290.35	525125.18	525250.95	3957	6816	1
2025.02.26	14:00:00	525250.95	528646.70	525020.37	525712.10	4729	8031	1
2025.02.26	14:20:00	525712.10	527263.24	523133.85	523217.69	4634	7658	1
2025.02.26	14:40:00	523322.50	525712.10	518857.72	521037.71	6175	9941	1
2025.02.26	15:00:00	520953.86	523741.73	519612.33	519612.33	6098	9122	1
2025.02.26	15:20:00	519738.10	521226.36	505652.03	506595.30	11219	17583	1
2025.02.26	15:40:00	506490.49	515713.51	505819.72	511311.61	12476	20350	1
2025.02.26	16:00:00	511332.57	516342.35	508733.36	515357.16	7462	12060	1
2025.02.26	16:20:00	515147.55	515524.86	510116.81	510452.19	5010	8102	1
2025.02.26	16:40:00	510347.39	511395.46	507685.29	509341.24	4625	7712	1
2025.02.26	17:00:00	509425.09	512590.26	500809.95	501354.94	7312	12321	1
2025.02.26	17:20:00	501292.06	511248.73	500642.26	510892.38	6138	10445	1
2025.02.26	17:40:00	511018.15	515315.24	509949.12	513491.60	4467	7606	1
2025.02.26	18:00:00	513554.48	515063.70	510368.35	512191.99	2490	4565	1
2025.02.26	18:20:00	512401.61	517788.69	511311.61	513302.95	851	1656	1
2025.02.27	09:00:00	528248.43	529191.69	525146.14	525837.87	3735	5474	1
2025.02.27	09:20:00	525879.79	527556.70	525502.48	526508.63	2324	3128	1
2025.02.27	09:40:00	526550.56	527095.55	523678.84	524831.72	3378	4852	1
2025.02.27	10:00:00	524894.60	526655.36	524244.80	525376.72	5128	7280	1
2025.02.27	10:20:00	525397.68	527409.97	522735.58	526781.13	8677	11682	1
2025.02.27	10:40:00	526697.29	528395.16	522253.47	525292.87	8738	12325	1
2025.02.27	11:00:00	525209.03	527032.67	520618.48	521016.74	7808	10965	1
2025.02.27	11:20:00	521058.67	526152.29	520807.13	523762.69	8787	12734	1
2025.02.27	11:40:00	523657.88	523867.50	517914.46	518606.18	11361	16103	1
2025.02.27	12:00:00	518501.37	523448.27	516551.96	522442.12	9724	14009	1
2025.02.27	12:20:00	522442.12	525691.14	520765.21	524643.07	6666	9962	1
2025.02.27	12:40:00	524831.72	525041.33	521708.47	521813.28	5544	8218	1
2025.02.27	13:00:00	521708.47	523427.31	521415.01	521771.35	3674	5642	1
2025.02.27	13:20:00	521687.51	521980.97	517432.34	518606.18	6954	10592	1
2025.02.27	13:40:00	518606.18	519821.94	515168.51	516027.93	6062	8991	1
2025.02.27	14:00:00	516048.89	517327.54	515210.43	516195.62	4644	6936	1
2025.02.27	14:20:00	516174.66	519318.87	514833.13	517579.07	5638	8766	1
2025.02.27	14:40:00	517579.07	517579.07	514854.09	516551.96	4910	7615	1
2025.02.27	15:00:00	516635.81	519255.99	516468.12	518228.88	4562	7281	1
2025.02.27	15:20:00	518145.03	518501.37	515860.24	517264.65	3680	6002	1
2025.02.27	15:40:00	517369.46	518417.53	515986.01	516384.27	3963	6505	1
2025.02.27	16:00:00	516405.23	516489.08	513512.56	514665.44	5237	8523	1
2025.02.27	16:20:00	514602.55	515147.55	510640.85	512736.99	5996	9321	1
2025.02.27	16:40:00	512716.03	514497.75	511248.73	513470.64	5618	8786	1
2025.02.27	17:00:00	513575.44	513952.75	506008.38	506867.79	6560	10350	1
2025.02.27	17:20:00	506930.68	508481.82	505023.19	508272.21	6043	9495	1
2025.02.27	17:40:00	508377.02	512988.52	507245.10	510410.27	5051	8537	1
2025.02.27	18:00:00	510473.16	515755.43	508356.05	514770.24	2632	4523	1
2025.02.27	18:20:00	514770.24	515692.55	513302.95	515126.59	302	531	1
2025.02.28	09:00:00	495378.85	495961.51	492028.61	495337.24	3455	4746	1
2025.02.28	09:20:00	495420.47	495815.84	492195.08	492486.40	3503	4520	1
2025.02.28	09:40:00	492486.40	496315.26	491945.37	495774.22	4007	5535	1
2025.02.28	10:00:00	495690.99	498354.54	494608.92	495607.75	6157	8321	1
2025.02.28	10:20:00	495545.33	501080.52	494213.55	498521.01	6827	9280	1
2025.02.28	10:40:00	498541.82	501371.84	498396.16	499644.70	5203	7765	1
2025.02.28	11:00:00	499644.70	504784.52	499561.46	502204.20	7405	11134	1
2025.02.28	11:20:00	502287.44	503640.02	498000.79	502412.29	9261	14130	1
2025.02.28	11:40:00	502349.87	506490.86	501725.60	504014.59	8328	13003	1
2025.02.28	12:00:00	503910.54	515209.82	503161.42	513628.34	9684	15512	1
2025.02.28	12:20:00	513524.29	519912.65	513357.82	515792.47	7862	12979	1
2025.02.28	12:40:00	515688.43	520016.70	515459.53	518518.45	5451	9192	1
2025.02.28	13:00:00	518539.26	519267.58	514356.65	516687.26	5727	9617	1
2025.02.28	13:20:00	516832.92	524157.69	515688.43	524116.07	6233	10200	1
2025.02.28	13:40:00	524053.64	525614.32	520453.69	522368.12	7499	12409	1
2025.02.28	14:00:00	522222.45	522513.78	518893.01	521327.67	4794	7654	1
2025.02.28	14:20:00	521182.00	521618.99	517831.76	518123.08	5987	9600	1
2025.02.28	14:40:00	518123.08	519288.38	516208.65	517269.91	4389	7340	1
2025.02.28	15:00:00	517269.91	522055.98	516812.11	517269.91	5484	9411	1
2025.02.28	15:20:00	517498.81	527362.27	516728.88	525052.48	8135	12636	1
2025.02.28	15:40:00	525218.95	529006.18	523616.66	524615.49	7086	11449	1
2025.02.28	16:00:00	524594.68	526384.25	522555.40	525572.70	5105	8422	1
2025.02.28	16:20:00	525572.70	526301.02	523387.76	525988.88	3198	5349	1
2025.02.28	16:40:00	526072.12	527237.42	523783.13	525385.42	4187	6962	1
2025.02.28	17:00:00	525302.18	526842.05	520016.70	520391.26	4486	7541	1
2025.02.28	17:20:00	520308.03	520724.21	517644.47	519933.46	4337	7004	1
2025.02.28	17:40:00	519829.42	522825.91	517873.37	521015.53	3408	5863	1
2025.02.28	18:00:00	521057.15	524303.35	519954.27	522139.22	1857	3440	1
2025.02.28	18:20:00	522160.03	522492.97	520724.21	521306.86	310	514	1
2025.03.05	13:00:00	541824.52	541990.99	532710.18	536226.90	6813	10718	1
2025.03.05	13:20:00	536247.71	538224.57	532793.42	537329.78	7302	10851	1
2025.03.05	13:40:00	537475.44	544092.70	536767.94	541928.57	8080	12724	1
2025.03.05	14:00:00	541928.57	545861.47	541345.92	544633.74	8194	13213	1
2025.03.05	14:20:00	544633.74	551001.29	543426.82	547484.57	10052	15896	1
2025.03.05	14:40:00	547484.57	548025.60	543884.61	545549.33	8768	13339	1
2025.03.05	15:00:00	545507.71	546964.34	540243.04	541616.43	11133	16774	1
2025.03.05	15:20:00	541616.43	543135.49	539930.90	541616.43	5793	9141	1
2025.03.05	15:40:00	541803.71	544238.37	540034.95	543822.19	5344	8368	1
2025.03.05	16:00:00	543822.19	546901.92	542136.66	542698.50	8142	12688	1
2025.03.05	16:20:00	542740.12	544800.21	540742.46	541616.43	6779	10884	1
2025.03.05	16:40:00	541533.20	544321.60	541429.15	542427.98	5098	8230	1
2025.03.05	17:00:00	542344.75	546340.07	542282.32	543530.86	5523	9110	1
2025.03.05	17:20:00	543593.29	546194.41	542532.03	543905.42	4939	8104	1
2025.03.05	17:40:00	543967.85	547817.51	543759.76	547234.86	3881	6956	1
2025.03.05	18:00:00	547089.20	547567.80	543759.76	544446.46	2862	5052	1
2025.03.05	18:20:00	544529.69	544654.55	542781.74	543947.04	346	566	1
2025.03.06	09:00:00	551563.13	552437.11	548337.74	549794.37	5352	7668	1
2025.03.06	09:20:00	549773.56	549877.60	545278.82	545445.29	5801	7966	1
2025.03.06	09:40:00	545424.48	547047.58	542074.23	543114.68	7208	10029	1
2025.03.06	10:00:00	543135.49	545903.09	542740.12	543073.06	5898	8235	1
2025.03.06	10:20:00	542989.83	545424.48	541491.58	543572.48	7050	9678	1
2025.03.06	10:40:00	543572.48	544279.98	538807.22	539431.49	6968	9871	1
2025.03.06	11:00:00	539369.06	541179.44	538349.42	540992.16	6906	10322	1
2025.03.06	11:20:00	541075.40	544155.13	536622.27	540617.60	13022	19431	1
2025.03.06	11:40:00	540409.51	546777.06	537621.11	542469.60	11349	17351	1
2025.03.06	12:00:00	542573.65	551084.52	541366.72	549461.42	11150	17907	1
2025.03.06	12:20:00	549586.28	551750.41	545653.38	551105.33	7428	11878	1
2025.03.06	12:40:00	551105.33	552312.25	547588.61	548420.97	5260	8481	1
2025.03.06	13:00:00	548525.02	550252.16	547484.57	548400.16	4026	6276	1
2025.03.06	13:20:00	548441.78	548733.11	544092.70	546673.02	7011	11033	1
2025.03.06	13:40:00	546714.64	548545.83	540908.93	541637.24	6060	9861	1
2025.03.06	14:00:00	541658.05	541678.86	534437.33	536226.90	10702	16957	1
2025.03.06	14:20:00	536143.67	538474.28	533604.97	533917.11	6908	11195	1
2025.03.06	14:40:00	534000.34	537204.93	532398.05	536351.76	6660	10432	1
2025.03.06	15:00:00	536310.14	537808.39	534749.47	536955.22	4750	7830	1
2025.03.06	15:20:00	536955.22	537766.77	533521.74	533729.83	5566	9109	1
2025.03.06	15:40:00	533667.40	535498.59	531898.63	534166.81	5542	9309	1
2025.03.06	16:00:00	534062.77	534562.18	531690.54	532106.72	4963	8179	1
2025.03.06	16:20:00	532148.34	534229.24	530754.14	533376.07	5487	8725	1
2025.03.06	16:40:00	533313.65	540284.66	532835.04	534895.13	8816	14771	1
2025.03.06	17:00:00	534874.32	539910.10	534478.95	539285.83	4953	8318	1
2025.03.06	17:20:00	539160.97	540076.57	536559.85	538578.32	4087	6858	1
2025.03.06	17:40:00	538474.28	539868.48	536143.67	538058.10	3319	5730	1
2025.03.06	18:00:00	538224.57	543239.53	537683.53	541699.67	2321	4214	1
2025.03.06	18:20:00	541554.01	541886.95	540471.94	540721.65	299	432	1
2025.03.07	09:00:00	536996.84	539493.92	536601.47	537517.06	4389	6199	1
2025.03.07	09:20:00	537308.97	540180.61	536851.17	537974.86	5836	8196	1
2025.03.07	09:40:00	537995.67	539202.59	534582.99	538495.08	7165	10200	1
2025.03.07	10:00:00	538453.47	543073.06	538120.52	540680.03	7586	10655	1
2025.03.07	10:20:00	540784.07	546090.37	537995.67	544716.97	10052	14870	1
2025.03.07	10:40:00	544737.78	545382.86	538640.75	539514.72	7514	11303	1
2025.03.07	11:00:00	539597.96	543905.42	539452.30	543135.49	7515	11492	1
2025.03.07	11:20:00	543052.25	543156.30	536684.70	539785.24	13043	20187	1
2025.03.07	11:40:00	539847.67	552374.68	539660.39	547775.89	15327	24210	1
2025.03.07	12:00:00	547796.70	549794.37	540804.88	542885.78	8012	13081	1
2025.03.07	12:20:00	542969.02	544675.35	532626.95	534125.20	10458	16512	1
2025.03.07	12:40:00	534125.20	539452.30	531898.63	534270.86	9375	14739	1
2025.03.07	13:00:00	534125.20	537662.72	532210.77	534312.48	7103	11360	1
2025.03.07	13:20:00	534333.29	534707.85	528111.40	529651.26	7728	12149	1
2025.03.07	13:40:00	529568.03	530566.86	524969.24	528610.81	8205	12518	1
2025.03.07	14:00:00	528714.86	530670.90	524449.01	525655.94	6467	10199	1
2025.03.07	14:20:00	525697.55	532959.89	525177.33	532023.49	6885	11015	1
2025.03.07	14:40:00	531940.25	537787.58	529776.12	531794.59	8460	13028	1
2025.03.07	15:00:00	532044.30	537059.26	530816.57	535040.79	7435	11775	1
2025.03.07	15:20:00	534999.17	536996.84	531378.41	536559.85	5680	9135	1
2025.03.07	15:40:00	536518.23	540201.42	534853.51	537974.86	5994	9656	1
2025.03.07	16:00:00	537933.24	539826.86	535103.22	536643.08	5710	9130	1
2025.03.07	16:20:00	536726.32	538661.56	533063.94	534749.47	5766	8828	1
2025.03.07	16:40:00	534957.56	535248.88	529713.69	532647.76	5279	8684	1
2025.03.07	17:00:00	532647.76	535748.30	530650.09	532939.08	4159	7267	1
2025.03.07	17:20:00	532980.70	533147.17	527299.85	527965.73	4478	7989	1
2025.03.07	17:40:00	527840.88	536559.85	525531.08	527653.60	6206	10794	1
2025.03.07	18:00:00	527591.17	529755.31	519371.62	524157.69	5167	9168	1
2025.03.07	18:20:00	524386.59	528215.44	523616.66	527216.61	442	752	1
2025.03.10	09:00:00	507864.25	508446.90	503369.51	504992.61	6172	8821	1
2025.03.10	09:20:00	505055.03	506137.10	500934.85	502994.94	7445	10433	1
2025.03.10	09:40:00	502870.09	507697.78	502828.47	505720.92	6224	8538	1
2025.03.10	10:00:00	505720.92	506303.57	501122.14	501600.74	7333	10524	1
2025.03.10	10:20:00	501538.32	503036.56	497896.74	499228.52	11591	17033	1
2025.03.10	10:40:00	499082.85	502225.01	493256.34	494151.12	15089	23197	1
2025.03.10	11:00:00	494026.27	494088.70	480354.76	482831.03	18243	28360	1
2025.03.10	11:20:00	482997.50	487741.95	481353.59	484516.56	14018	22149	1
2025.03.10	11:40:00	484370.90	484932.74	478419.53	482560.51	10861	17307	1
2025.03.10	12:00:00	482602.13	486243.71	480979.03	483705.01	7856	11822	1
2025.03.10	12:20:00	483600.96	491383.53	482935.08	489323.44	7779	11641	1
2025.03.10	12:40:00	489261.01	489698.00	484953.55	485078.40	6268	9528	1
2025.03.10	13:00:00	485078.40	486847.17	482935.08	484391.71	6296	9857	1
2025.03.10	13:20:00	484391.71	485702.67	481291.17	481832.20	6386	9946	1
2025.03.10	13:40:00	481748.96	483600.96	480167.48	480500.42	6528	10062	1
2025.03.10	14:00:00	480604.47	482290.00	476588.33	480396.38	9432	14273	1
2025.03.10	14:20:00	480354.76	482768.60	478128.20	479772.11	7330	11056	1
2025.03.10	14:40:00	479896.96	481395.21	477358.27	479231.08	7143	10577	1
2025.03.10	15:00:00	479231.08	483517.73	477025.32	479709.68	8790	13422	1
2025.03.10	15:20:00	479709.68	482539.71	479043.80	479688.87	6320	9740	1
2025.03.10	15:40:00	479605.64	482206.76	475485.46	476463.48	8018	12903	1
2025.03.10	16:00:00	476567.53	481894.63	475131.70	480250.72	10207	16244	1
2025.03.10	16:20:00	480333.95	487034.45	478981.37	485723.48	9566	14909	1
2025.03.10	16:40:00	485619.44	485889.95	481728.16	483954.72	6928	11550	1
2025.03.10	17:00:00	483829.86	484329.28	480833.37	483496.92	5254	8838	1
2025.03.10	17:20:00	483309.64	484766.27	481561.68	482435.66	3412	5429	1
2025.03.10	17:40:00	482456.47	488199.75	479751.30	485681.86	4289	7001	1
2025.03.10	18:00:00	485702.67	488220.56	483413.68	486410.18	1792	2937	1
2025.03.10	18:20:00	486202.09	487367.39	484849.50	486784.74	230	342	1
2025.03.11	09:00:00	497917.55	500248.16	496606.58	498104.83	5702	8374	1
2025.03.11	09:20:00	498084.02	500518.67	497501.37	498354.54	7016	9917	1
2025.03.11	09:40:00	498333.73	498791.53	495857.46	496731.44	6000	8389	1
2025.03.11	10:00:00	496689.82	497459.75	492465.59	495233.19	8398	11750	1
2025.03.11	10:20:00	495129.15	502578.76	493818.18	497147.62	16465	23989	1
2025.03.11	10:40:00	496877.10	498167.26	492652.88	493235.53	9946	14782	1
2025.03.11	11:00:00	493235.53	496856.29	489011.30	492091.03	16989	24988	1
2025.03.11	11:20:00	492007.80	493193.91	483850.67	484724.65	12043	18331	1
2025.03.11	11:40:00	484766.27	491633.24	482685.37	487513.05	10507	16913	1
2025.03.11	12:00:00	487492.25	497126.81	486659.89	494941.86	10104	15763	1
2025.03.11	12:20:00	494879.44	496190.40	492340.74	495670.18	6389	10152	1
2025.03.11	12:40:00	495774.22	497647.03	493193.91	495129.15	6418	10204	1
2025.03.11	13:00:00	495149.95	497314.09	491570.81	493048.25	6064	9633	1
2025.03.11	13:20:00	493048.25	499124.47	493027.44	497979.98	6567	10092	1
2025.03.11	13:40:00	498021.60	500081.69	495899.08	496523.35	6145	9526	1
2025.03.11	14:00:00	496606.58	498916.38	495337.24	497709.46	5012	7910	1
2025.03.11	14:20:00	497688.65	498250.49	493297.95	495524.52	6194	9747	1
2025.03.11	14:40:00	495545.33	499124.47	495025.10	496336.07	6000	9370	1
2025.03.11	15:00:00	496336.07	502974.14	496148.79	502016.92	8695	13643	1
2025.03.11	15:20:00	501954.49	505055.03	501392.65	503473.55	5644	8816	1
2025.03.11	15:40:00	503515.17	508030.72	503078.18	506386.81	5971	9878	1
2025.03.11	16:00:00	506366.00	508779.84	503931.35	505013.42	6676	11154	1
2025.03.11	16:20:00	505013.42	507593.73	503764.88	506490.86	5596	8969	1
2025.03.11	16:40:00	506428.43	507718.59	504472.38	505762.54	5324	9141	1
2025.03.11	17:00:00	505679.30	506303.57	504014.59	504285.10	2510	4213	1
2025.03.11	17:20:00	504264.29	505554.45	502766.05	503640.02	3436	5152	1
2025.03.11	17:40:00	503744.07	505450.41	503452.74	503848.11	2125	3294	1
2025.03.11	18:00:00	503806.50	506386.81	502620.38	505949.82	1515	2625	1
2025.03.11	18:20:00	505991.44	507177.55	505387.98	506053.87	251	418	1
2025.03.12	09:00:00	505325.55	507572.92	504264.29	505450.41	5075	7440	1
2025.03.12	09:20:00	505346.36	513316.20	503702.45	509071.17	8418	12610	1
2025.03.12	09:40:00	509071.17	514169.37	508134.77	514148.56	7867	11560	1
2025.03.12	10:00:00	514106.95	515043.35	508842.27	509861.91	7571	10915	1
2025.03.12	10:20:00	509820.29	511131.26	507427.26	509071.17	10914	15450	1
2025.03.12	10:40:00	509133.60	510340.52	500872.43	502703.62	13629	20163	1
2025.03.12	11:00:00	502599.57	504597.24	500456.25	503681.64	11192	16777	1
2025.03.12	11:20:00	503598.41	504618.05	497168.43	497230.85	8879	13659	1
2025.03.12	11:40:00	497230.85	498084.02	495836.65	496232.02	6908	10341	1
2025.03.12	12:00:00	496294.45	496752.25	491029.77	492860.97	9722	15023	1
2025.03.12	12:20:00	492860.97	497043.57	491029.77	495919.89	7267	11142	1
2025.03.12	12:40:00	496107.17	499082.85	494837.82	497542.99	7588	11636	1
2025.03.12	13:00:00	497584.61	500768.38	496731.44	498937.19	6732	10301	1
2025.03.12	13:20:00	499020.43	500622.72	497106.00	499311.75	5132	7890	1
2025.03.12	13:40:00	499270.14	499582.27	496793.87	498500.20	6030	8886	1
2025.03.12	14:00:00	498521.01	503868.92	497917.55	503098.99	7950	11920	1
2025.03.12	14:20:00	503161.42	504409.96	501517.51	501788.02	6938	10333	1
2025.03.12	14:40:00	501767.21	502537.15	496523.35	496897.91	7071	10504	1
2025.03.12	15:00:00	496877.10	501080.52	496211.21	500081.69	6961	10763	1
2025.03.12	15:20:00	500081.69	501621.55	499561.46	500373.01	5284	8252	1
2025.03.12	15:40:00	500352.20	501746.41	499644.70	501496.70	3884	6496	1
2025.03.12	16:00:00	501351.03	503848.11	500477.06	503431.93	5209	7970	1
2025.03.12	16:20:00	503535.98	504243.48	501288.61	501538.32	5035	7886	1
2025.03.12	16:40:00	501434.27	505096.65	500456.25	503556.79	6017	9805	1
2025.03.12	17:00:00	503556.79	503868.92	501808.83	502620.38	3271	5407	1
2025.03.12	17:20:00	502703.62	504763.71	502141.78	504493.19	2381	3797	1
2025.03.12	17:40:00	504472.38	504701.28	503119.80	503993.78	2152	3503	1
2025.03.12	18:00:00	503972.97	505970.63	503681.64	505242.32	1341	2117	1
2025.03.12	18:20:00	505429.60	506303.57	504805.33	505263.12	241	405	1
2025.03.13	09:00:00	505096.65	505221.51	503119.80	504950.99	5122	7576	1
2025.03.13	09:20:00	505055.03	509528.97	502911.71	503473.55	9135	13095	1
2025.03.13	09:40:00	503494.36	505034.23	500539.48	501704.79	8026	11947	1
2025.03.13	10:00:00	501621.55	504680.47	501288.61	503265.46	7723	11513	1
2025.03.13	10:20:00	503182.23	506657.33	501871.26	502953.33	12492	17677	1
2025.03.13	10:40:00	502974.14	503993.78	497022.76	497896.74	11565	16821	1
2025.03.13	11:00:00	497813.51	501392.65	496440.11	500997.28	10522	15430	1
2025.03.13	11:20:00	501059.71	501080.52	496585.78	498084.02	8454	11872	1
2025.03.13	11:40:00	498000.79	499499.03	496481.73	497605.42	5278	7505	1
2025.03.13	12:00:00	497709.46	498999.62	493838.99	495316.43	7209	10814	1
2025.03.13	12:20:00	495337.24	496086.36	491882.94	492132.65	6489	10138	1
2025.03.13	12:40:00	492215.89	494733.77	490967.35	491383.53	6257	9687	1
2025.03.13	13:00:00	491445.95	492611.26	490134.99	491362.72	5159	8317	1
2025.03.13	13:20:00	491300.29	492736.11	490571.98	492195.08	4276	7488	1
2025.03.13	13:40:00	492278.31	492423.98	488782.40	490197.41	5570	8704	1
2025.03.13	14:00:00	490093.37	490301.46	486805.55	487700.34	5616	8901	1
2025.03.13	14:20:00	487637.91	488948.88	486139.66	486514.22	6033	9422	1
2025.03.13	14:40:00	486514.22	487200.92	485224.07	486056.43	5213	8601	1
2025.03.13	15:00:00	485952.38	490051.75	485515.39	489281.82	6464	10756	1
2025.03.13	15:20:00	489261.01	491383.53	488844.83	490467.93	5629	9052	1
2025.03.13	15:40:00	490405.50	491071.39	488865.64	490696.83	4758	7367	1
2025.03.13	16:00:00	490634.40	492049.41	488865.64	489635.57	4948	8014	1
2025.03.13	16:20:00	489593.95	489677.19	487138.49	487325.77	5341	8955	1
2025.03.13	16:40:00	487388.20	488074.90	484932.74	485723.48	6765	10791	1
2025.03.13	17:00:00	485765.10	488699.17	485598.63	488470.27	3656	6128	1
2025.03.13	17:20:00	488553.50	489302.63	487741.95	488782.40	2357	3565	1
2025.03.13	17:40:00	488803.21	489115.35	486243.71	486930.40	2860	4469	1
2025.03.13	18:00:00	486951.21	488074.90	486347.75	486930.40	1182	1796	1
2025.03.13	18:20:00	486930.40	487762.76	486472.61	487450.63	309	456	1
2025.03.14	09:00:00	501496.70	504784.52	501184.56	503556.79	5287	7701	1
2025.03.14	09:20:00	503473.55	504430.76	502183.39	502287.44	4338	5994	1
2025.03.14	09:40:00	502183.39	502724.43	500810.00	502495.53	5101	6856	1
2025.03.14	10:00:00	502495.53	503473.55	501038.90	501538.32	6233	8604	1
2025.03.14	10:20:00	501538.32	504056.20	501101.33	501642.36	7791	10997	1
2025.03.14	10:40:00	501746.41	504305.91	498833.15	502162.58	11942	17000	1
2025.03.14	11:00:00	502204.20	502204.20	496294.45	497334.90	10895	16139	1
2025.03.14	11:20:00	497397.33	499748.74	495732.61	499290.94	7581	11589	1
2025.03.14	11:40:00	499249.33	501226.18	497542.99	501142.94	6660	10069	1
2025.03.14	12:00:00	501163.75	509341.69	501163.75	508863.08	11487	17680	1
2025.03.14	12:20:00	508800.65	511172.88	508093.15	510090.81	7260	11373	1
2025.03.14	12:40:00	510132.43	511235.31	507635.35	508301.24	6430	9889	1
2025.03.14	13:00:00	508301.24	509841.10	505845.78	506865.42	5555	8677	1
2025.03.14	13:20:00	507094.32	508072.34	502703.62	504347.53	6776	10568	1
2025.03.14	13:40:00	504368.34	507718.59	504201.87	506907.03	5155	8331	1
2025.03.14	14:00:00	506823.80	507614.54	504347.53	504763.71	5440	8390	1
2025.03.14	14:20:00	504701.28	506199.53	503640.02	505096.65	4903	7874	1
2025.03.14	14:40:00	505013.42	506012.25	503785.69	505512.83	3771	6263	1
2025.03.14	15:00:00	505533.64	507177.55	504992.61	505325.55	4579	7661	1
2025.03.14	15:20:00	505325.55	507947.48	504555.62	507760.20	4635	8247	1
2025.03.14	15:40:00	507697.78	508509.33	506719.75	507302.41	4014	7335	1
2025.03.14	16:00:00	507260.79	509570.59	506657.33	508800.65	4222	7117	1
2025.03.14	16:20:00	508842.27	509258.45	507427.26	507947.48	3095	5359	1
2025.03.14	16:40:00	507885.06	508696.61	506948.65	508259.62	3097	5332	1
2025.03.14	17:00:00	508342.86	508342.86	504930.18	505055.03	3138	4949	1
2025.03.14	17:20:00	505075.84	506574.09	503348.70	505824.97	4334	6505	1
2025.03.14	17:40:00	505741.73	506449.24	505367.17	505845.78	1314	2092	1
2025.03.14	18:00:00	505720.92	506511.66	504701.28	506407.62	1054	1651	1
2025.03.14	18:20:00	506428.43	507739.39	506053.87	507323.21	165	286	1
2025.03.17	09:00:00	502641.19	502932.52	496939.53	497397.33	5475	8788	1
2025.03.17	09:20:00	497376.52	501038.90	495607.75	496773.06	6568	9788	1
2025.03.17	09:40:00	496897.91	497376.52	494775.39	495108.34	5785	8850	1
2025.03.17	10:00:00	495087.53	497251.66	493734.94	496356.88	6188	8934	1
2025.03.17	10:20:00	496273.64	500664.34	494567.30	500268.97	9206	13663	1
2025.03.17	10:40:00	500352.20	500373.01	494775.39	496294.45	9188	13923	1
2025.03.17	11:00:00	496232.02	496232.02	491716.47	493214.72	8656	12795	1
2025.03.17	11:20:00	493277.15	496773.06	492007.80	496148.79	6796	10644	1
2025.03.17	11:40:00	496232.02	497272.47	493547.66	494192.74	5947	9101	1
2025.03.17	12:00:00	494296.79	496752.25	492569.64	496523.35	4912	7397	1
2025.03.17	12:20:00	496502.54	497106.00	494275.98	495482.90	4289	6636	1
2025.03.17	12:40:00	495399.66	497605.42	494962.67	496419.30	3568	5596	1
2025.03.17	13:00:00	496419.30	498833.15	495857.46	497730.27	4624	7208	1
2025.03.17	13:20:00	497688.65	498000.79	494858.63	494941.86	4772	7456	1
2025.03.17	13:40:00	494879.44	495961.51	493568.47	495337.24	4687	7432	1
2025.03.17	14:00:00	495295.62	498250.49	494941.86	497979.98	4437	7131	1
2025.03.17	14:20:00	497896.74	501080.52	497667.84	500581.10	6502	9693	1
2025.03.17	14:40:00	500664.34	501496.70	499998.45	500976.47	4258	6582	1
2025.03.17	15:00:00	500955.66	501746.41	498895.57	500164.92	6431	10391	1
2025.03.17	15:20:00	500164.92	500747.57	498708.29	500289.78	4247	6949	1
2025.03.17	15:40:00	500289.78	501496.70	500060.88	500373.01	4059	6973	1
2025.03.17	16:00:00	500373.01	501288.61	499644.70	500019.26	3276	5579	1
2025.03.17	16:20:00	500040.07	501954.49	499727.93	501434.27	3128	5538	1
2025.03.17	16:40:00	501413.46	502870.09	501018.09	501871.26	5093	8851	1
2025.03.17	17:00:00	501808.83	502245.82	500060.88	500310.58	2789	4635	1
2025.03.17	17:20:00	500310.58	500581.10	498333.73	498375.35	2495	3984	1
2025.03.17	17:40:00	498396.16	500373.01	497751.08	498812.34	2714	4420	1
2025.03.17	18:00:00	498812.34	500726.76	498333.73	500206.54	1019	1792	1
2025.03.17	18:20:00	500081.69	500789.19	498479.39	499124.47	247	394	1
2025.03.18	09:00:00	491425.15	492736.11	490800.88	492361.55	4304	6154	1
2025.03.18	09:20:00	492278.31	492507.21	490134.99	491008.97	5585	8231	1
2025.03.18	09:40:00	491008.97	491425.15	488928.07	489073.73	4694	6703	1
2025.03.18	10:00:00	489073.73	489469.10	487950.04	488886.45	6275	9073	1
2025.03.18	10:20:00	488907.26	489240.20	483809.05	484766.27	11340	16114	1
2025.03.18	10:40:00	484766.27	485577.82	481748.96	482872.65	10841	15912	1
2025.03.18	11:00:00	482851.84	484683.03	481228.74	481977.86	8647	13531	1
2025.03.18	11:20:00	481936.25	485869.14	481748.96	485723.48	6848	10276	1
2025.03.18	11:40:00	485723.48	486535.03	484162.81	485557.01	5870	8712	1
2025.03.18	12:00:00	485619.44	485723.48	483309.64	483975.53	4371	6680	1
2025.03.18	12:20:00	484058.76	487200.92	483455.30	486701.50	4232	7078	1
2025.03.18	12:40:00	486784.74	487159.30	482165.14	482581.32	5218	8295	1
2025.03.18	13:00:00	482706.18	483975.53	481936.25	482081.91	3970	6423	1
2025.03.18	13:20:00	482040.29	485536.20	482019.48	483933.91	4078	6473	1
2025.03.18	13:40:00	483892.29	484495.75	481311.98	483975.53	5756	9195	1
2025.03.18	14:00:00	483871.48	484662.22	481728.16	482456.47	5395	8700	1
2025.03.18	14:20:00	482477.28	483434.49	480666.90	483434.49	5358	8077	1
2025.03.18	14:40:00	483413.68	483684.20	480458.81	481228.74	4316	6387	1
2025.03.18	15:00:00	481374.40	482144.33	480479.62	481957.05	3384	5249	1
2025.03.18	15:20:00	481977.86	482456.47	479876.15	481603.30	4477	7005	1
2025.03.18	15:40:00	481436.83	484495.75	481311.98	484079.57	6117	9497	1
2025.03.18	16:00:00	483975.53	485390.54	483309.64	485036.78	4317	6642	1
2025.03.18	16:20:00	484932.74	485889.95	484329.28	485203.26	3655	5831	1
2025.03.18	16:40:00	485286.49	488220.56	485036.78	486847.17	6050	9779	1
2025.03.18	17:00:00	486826.36	487263.35	485307.30	485723.48	3130	4839	1
2025.03.18	17:20:00	485640.25	486014.81	484100.38	484620.60	3033	4610	1
2025.03.18	17:40:00	484683.03	485307.30	483996.34	485182.45	1988	3274	1
2025.03.18	18:00:00	485203.26	486222.90	484911.93	485619.44	1454	2221	1
2025.03.18	18:20:00	485765.10	485806.72	484495.75	485536.20	320	516	1
2025.03.19	09:00:00	496481.73	497314.09	495254.00	496065.55	3205	4522	1
2025.03.19	09:20:00	496003.12	497272.47	495358.04	495628.56	3726	5423	1
2025.03.19	09:40:00	495545.33	497210.04	495274.81	496627.39	2978	4178	1
2025.03.19	10:00:00	496689.82	500123.30	495774.22	499665.51	7908	11070	1
2025.03.19	10:20:00	499748.74	499936.02	495420.47	496752.25	9154	12917	1
2025.03.19	10:40:00	496773.06	500581.10	496502.54	498666.67	10114	14326	1
2025.03.19	11:00:00	498749.91	500497.87	497938.36	499748.74	7254	10822	1
2025.03.19	11:20:00	499665.51	500248.16	496669.01	498084.02	6295	9674	1
2025.03.19	11:40:00	498042.40	498583.44	497147.62	498250.49	3904	6198	1
2025.03.19	12:00:00	498125.64	499186.90	496585.78	496939.53	5152	8188	1
2025.03.19	12:20:00	496981.15	498833.15	496918.72	498375.35	3294	5396	1
2025.03.19	12:40:00	498458.58	501142.94	498458.58	499811.17	5585	8599	1
2025.03.19	13:00:00	499894.40	500560.29	498167.26	499332.56	4216	6511	1
2025.03.19	13:20:00	499311.75	500206.54	498479.39	498625.06	2684	4160	1
2025.03.19	13:40:00	498604.25	500019.26	498521.01	499665.51	2032	3322	1
2025.03.19	14:00:00	499540.65	500705.96	499166.09	499936.02	2984	4668	1
2025.03.19	14:20:00	499936.02	500518.67	497459.75	497501.37	4870	7773	1
2025.03.19	14:40:00	497584.61	500144.11	495295.62	497813.51	7440	12239	1
2025.03.19	15:00:00	497584.61	502537.15	493776.56	498375.35	11745	18694	1
2025.03.19	15:20:00	498437.78	499478.22	496169.60	497334.90	6901	10462	1
2025.03.19	15:40:00	497522.18	505387.98	496814.67	503931.35	7947	12281	1
2025.03.19	16:00:00	503952.16	506116.29	502183.39	504534.81	7669	11904	1
2025.03.19	16:20:00	504659.66	504659.66	501163.75	503036.56	4913	7900	1
2025.03.19	16:40:00	502994.94	504264.29	501725.60	504181.06	3596	6020	1
2025.03.19	17:00:00	504118.63	506428.43	504035.39	505929.01	3161	5265	1
2025.03.19	17:20:00	505866.59	506116.29	503473.55	503806.50	2099	3285	1
2025.03.19	17:40:00	503681.64	504056.20	502578.76	503640.02	1505	2376	1
2025.03.19	18:00:00	503640.02	506012.25	503078.18	505221.51	1074	1729	1
2025.03.19	18:20:00	505408.79	507156.74	505159.08	506157.91	251	427	1
2025.03.20	09:00:00	504867.75	505200.70	503244.65	504742.90	2503	3436	1
2025.03.20	09:20:00	504805.33	505325.55	503286.27	503473.55	2790	3677	1
2025.03.20	09:40:00	503452.74	504181.06	502537.15	503640.02	3578	4751	1
2025.03.20	10:00:00	503473.55	504326.72	502079.35	503972.97	4415	5632	1
2025.03.20	10:20:00	503931.35	506428.43	502537.15	506303.57	8392	11482	1
2025.03.20	10:40:00	506345.19	508571.75	505013.42	505908.20	9521	13044	1
2025.03.20	11:00:00	505866.59	511110.45	505492.02	510590.23	11536	16159	1
2025.03.20	11:20:00	510548.61	512317.37	509320.88	509986.77	8740	13016	1
2025.03.20	11:40:00	510007.57	510860.74	508009.91	509424.92	5959	9199	1
2025.03.20	12:00:00	509445.73	509549.78	504077.01	506823.80	11068	17161	1
2025.03.20	12:20:00	506823.80	507676.97	501475.89	502537.15	7357	11375	1
2025.03.20	12:40:00	502557.96	505408.79	500622.72	501309.42	7954	11843	1
2025.03.20	13:00:00	501205.37	502870.09	499207.71	500227.35	6922	10484	1
2025.03.20	13:20:00	500185.73	500310.58	496169.60	497626.22	7780	11836	1
2025.03.20	13:40:00	497501.37	497522.18	494109.51	495524.52	6144	9861	1
2025.03.20	14:00:00	495545.33	497626.22	494983.48	496440.11	5821	9406	1
2025.03.20	14:20:00	496440.11	497563.80	494442.45	497418.13	4983	8053	1
2025.03.20	14:40:00	497438.94	498437.78	495503.71	496669.01	5180	8316	1
2025.03.20	15:00:00	496669.01	497542.99	496148.79	497168.43	2850	4683	1
2025.03.20	15:20:00	497064.38	497272.47	495337.24	496731.44	3741	6013	1
2025.03.20	15:40:00	496731.44	497938.36	495940.70	497085.19	3119	4928	1
2025.03.20	16:00:00	497147.62	497709.46	496003.12	497709.46	2989	4692	1
2025.03.20	16:20:00	497709.46	498292.11	496544.16	497501.37	3447	5934	1
2025.03.20	16:40:00	497563.80	499020.43	497563.80	498084.02	4321	7030	1
2025.03.20	17:00:00	498104.83	498895.57	497792.70	498874.76	1501	2448	1
2025.03.20	17:20:00	498749.91	500060.88	498541.82	499831.98	3146	4748	1
2025.03.20	17:40:00	499894.40	500997.28	499748.74	500373.01	2375	3584	1
2025.03.20	18:00:00	500373.01	500643.53	498208.88	498229.69	1253	1992	1
2025.03.20	18:20:00	498208.88	498812.34	497771.89	498208.88	223	377	1
2025.03.21	09:00:00	497584.61	499894.40	497438.94	499623.89	3086	4226	1
2025.03.21	09:20:00	499623.89	501996.11	499228.52	499332.56	5768	7768	1
2025.03.21	09:40:00	499311.75	499394.99	496294.45	497106.00	8381	11694	1
2025.03.21	10:00:00	497189.24	499478.22	496606.58	499457.42	4559	6913	1
2025.03.21	10:20:00	499457.42	500435.44	495399.66	496689.82	11378	16915	1
2025.03.21	10:40:00	496752.25	501892.07	496336.07	500726.76	10034	14813	1
2025.03.21	11:00:00	500747.57	501642.36	498125.64	501413.46	7968	11841	1
2025.03.21	11:20:00	501475.89	503119.80	500685.15	500872.43	7445	11355	1
2025.03.21	11:40:00	500830.81	503452.74	500581.10	503286.27	4935	7536	1
2025.03.21	12:00:00	503390.32	503556.79	499936.02	499936.02	4718	7602	1
2025.03.21	12:20:00	499936.02	501309.42	499374.18	499665.51	3642	5932	1
2025.03.21	12:40:00	499603.08	499852.79	498104.83	498333.73	3752	6389	1
2025.03.21	13:00:00	498271.30	500081.69	496752.25	498874.76	5614	8835	1
2025.03.21	13:20:00	498853.96	501434.27	498833.15	499644.70	4779	7354	1
2025.03.21	13:40:00	499582.27	500581.10	498874.76	500144.11	3154	4842	1
2025.03.21	14:00:00	500248.16	500289.78	498521.01	498645.87	2944	4557	1
2025.03.21	14:20:00	498625.06	499956.83	498104.83	499936.02	3479	5676	1
2025.03.21	14:40:00	499915.21	501351.03	499831.98	500373.01	4472	7175	1
2025.03.21	15:00:00	500310.58	501205.37	499519.84	500518.67	3057	4726	1
2025.03.21	15:20:00	500518.67	502870.09	500289.78	502578.76	4052	6432	1
2025.03.21	15:40:00	502495.53	502537.15	500872.43	501538.32	2960	4514	1
2025.03.21	16:00:00	501475.89	501579.93	500081.69	500726.76	3343	5192	1
2025.03.21	16:20:00	500726.76	501267.80	499103.66	499228.52	3095	5224	1
2025.03.21	16:40:00	499249.33	500227.35	498687.48	499582.27	2840	4711	1
2025.03.21	17:00:00	499603.08	501018.09	499124.47	500768.38	2518	4281	1
2025.03.21	17:20:00	500768.38	502183.39	500643.53	501746.41	1554	2352	1
2025.03.21	17:40:00	501808.83	502620.38	501392.65	502495.53	1387	2176	1
2025.03.21	18:00:00	502537.15	505159.08	501767.21	505034.23	1389	2121	1
2025.03.21	18:20:00	504763.71	505492.02	503931.35	504597.24	224	315	1
2025.03.24	09:00:00	521951.94	522326.50	520079.13	521327.67	4012	5665	1
2025.03.24	09:20:00	521390.09	523387.76	520640.97	523034.00	4101	5929	1
2025.03.24	09:40:00	523034.00	525322.99	522409.73	523887.17	5943	8002	1
2025.03.24	10:00:00	523970.41	524386.59	522805.10	523429.37	4128	5409	1
2025.03.24	10:20:00	523387.76	523762.32	520869.87	522097.60	7902	10912	1
2025.03.24	10:40:00	522014.36	524324.16	520536.92	524157.69	6540	9444	1
2025.03.24	11:00:00	524157.69	529568.03	523907.98	529006.18	9315	14298	1
2025.03.24	11:20:00	529110.23	529963.40	525177.33	526696.39	7793	12020	1
2025.03.24	11:40:00	526675.58	528298.68	525801.60	526384.25	5450	8534	1
2025.03.24	12:00:00	526301.02	527237.42	523949.60	527174.99	6951	11197	1
2025.03.24	12:20:00	527174.99	527903.31	525135.71	526134.54	4741	8019	1
2025.03.24	12:40:00	526030.50	527716.03	525801.60	527445.51	3364	5647	1
2025.03.24	13:00:00	527487.13	528298.68	526529.91	526675.58	3661	6176	1
2025.03.24	13:20:00	526654.77	527070.95	523907.98	526425.87	6407	11312	1
2025.03.24	13:40:00	526405.06	526488.30	524886.00	525905.64	2914	5130	1
2025.03.24	14:00:00	525884.84	527341.46	525177.33	527112.57	3328	5416	1
2025.03.24	14:20:00	527154.18	530088.25	526800.43	529880.16	4625	7343	1
2025.03.24	14:40:00	529859.35	530192.30	528048.97	529963.40	4099	6464	1
2025.03.24	15:00:00	529984.21	531087.08	529276.70	530275.53	4520	7010	1
2025.03.24	15:20:00	530254.72	530442.00	528714.86	529339.13	3534	5650	1
2025.03.24	15:40:00	529339.13	530712.52	529297.51	529900.97	3962	6557	1
2025.03.24	16:00:00	530025.82	530670.90	528798.09	529984.21	3860	7016	1
2025.03.24	16:20:00	530005.02	530400.39	527695.22	528173.82	4043	6837	1
2025.03.24	16:40:00	528153.02	530005.02	527216.61	529006.18	5076	8476	1
2025.03.24	17:00:00	529026.99	531253.56	528590.00	530629.29	3720	5897	1
2025.03.24	17:20:00	530733.33	530774.95	529026.99	529401.55	2341	3286	1
2025.03.24	17:40:00	529380.75	529380.75	527716.03	528028.16	2183	3186	1
2025.03.24	18:00:00	527965.73	529588.84	527528.75	528756.48	1238	1985	1
2025.03.24	18:20:00	528964.57	530733.33	528485.96	530587.67	243	388	1
2025.03.25	09:00:00	523866.36	524344.97	521431.71	522555.40	4899	6863	1
2025.03.25	09:20:00	522576.21	522701.06	520391.26	520578.54	5712	7727	1
2025.03.25	09:40:00	520495.31	521036.34	519142.72	519683.76	5600	7516	1
2025.03.25	10:00:00	519558.90	523304.52	519350.81	523096.43	6594	9129	1
2025.03.25	10:20:00	523117.24	524095.26	519766.99	520557.73	13032	18346	1
2025.03.25	10:40:00	520599.35	521494.14	518060.65	520745.01	10309	14793	1
2025.03.25	11:00:00	520932.30	522430.54	518976.25	520287.22	9778	14515	1
2025.03.25	11:20:00	520308.03	522222.45	519350.81	521410.90	6530	9741	1
2025.03.25	11:40:00	521514.95	522888.34	519933.46	521119.58	5191	8201	1
2025.03.25	12:00:00	521140.39	522576.21	520183.17	520599.35	5687	8501	1
2025.03.25	12:20:00	520703.40	521723.04	519454.86	520516.12	4520	7892	1
2025.03.25	12:40:00	520536.92	521951.94	519496.47	519704.56	4014	6537	1
2025.03.25	13:00:00	519704.56	521161.19	519371.62	520245.60	2688	4256	1
2025.03.25	13:20:00	520328.83	521369.28	519267.58	519288.38	3508	5941	1
2025.03.25	13:40:00	519413.24	521556.57	519309.19	521286.05	4054	6754	1
2025.03.25	14:00:00	521306.86	524365.78	521306.86	523138.05	6321	9228	1
2025.03.25	14:20:00	523117.24	523928.79	521785.46	522097.60	4127	6347	1
2025.03.25	14:40:00	522118.41	522784.30	521452.52	521494.14	3444	6544	1
2025.03.25	15:00:00	521431.71	522201.64	520599.35	521036.34	4948	8353	1
2025.03.25	15:20:00	521036.34	521327.67	519829.42	520037.51	3975	6281	1
2025.03.25	15:40:00	520016.70	521161.19	519392.43	520953.10	4188	6263	1
2025.03.25	16:00:00	520890.68	522659.44	520869.87	522388.92	4352	6824	1
2025.03.25	16:20:00	522305.69	522825.91	521410.90	521660.61	3961	6311	1
2025.03.25	16:40:00	521618.99	524865.19	521369.28	523720.70	5207	7784	1
2025.03.25	17:00:00	523699.89	526425.87	523138.05	524823.58	6127	9475	1
2025.03.25	17:20:00	524761.15	525156.52	523491.80	523637.46	2318	3582	1
2025.03.25	17:40:00	523575.04	523803.94	521618.99	522035.17	2003	3551	1
2025.03.25	18:00:00	521889.51	524157.69	521660.61	523907.98	1385	2309	1
2025.03.25	18:20:00	523824.75	524095.26	522055.98	522076.79	168	285	1
2025.03.26	09:00:00	523637.46	523637.46	521618.99	522284.88	3863	5435	1
2025.03.26	09:20:00	522222.45	523262.90	521535.76	522638.63	3687	5264	1
2025.03.26	09:40:00	522721.87	523616.66	521993.55	523304.52	3113	4286	1
2025.03.26	10:00:00	523387.76	524012.03	521618.99	521931.13	4119	5979	1
2025.03.26	10:20:00	521785.46	523928.79	521036.34	523283.71	8580	12725	1
2025.03.26	10:40:00	523283.71	525010.86	516874.54	517831.76	15562	24537	1
2025.03.26	11:00:00	517706.90	520453.69	516749.69	516874.54	9798	15219	1
2025.03.26	11:20:00	516832.92	517706.90	514689.60	517228.29	9465	14968	1
2025.03.26	11:40:00	517228.29	519017.87	515605.19	517145.06	5594	8624	1
2025.03.26	12:00:00	517165.87	519080.30	516874.54	518476.83	3863	6606	1
2025.03.26	12:20:00	518518.45	518768.16	516624.83	517977.42	4286	7345	1
2025.03.26	12:40:00	517935.80	519350.81	516791.31	517831.76	5006	8032	1
2025.03.26	13:00:00	517790.14	518747.35	516666.45	517249.10	3765	6176	1
2025.03.26	13:20:00	517207.49	519766.99	517082.63	517956.61	4139	6323	1
2025.03.26	13:40:00	517956.61	518164.70	515480.34	515938.14	4538	7544	1
2025.03.26	14:00:00	515854.90	517623.67	515771.67	516395.94	3634	5726	1
2025.03.26	14:20:00	516271.08	517852.56	516229.46	517831.76	2721	4756	1
2025.03.26	14:40:00	517852.56	518518.45	516312.70	517041.01	4268	7225	1
2025.03.26	15:00:00	517124.25	517686.09	516458.36	516770.50	2754	4626	1
2025.03.26	15:20:00	516749.69	517519.62	516042.18	516250.27	2412	4186	1
2025.03.26	15:40:00	516291.89	516333.51	514190.18	514273.42	4540	7910	1
2025.03.26	16:00:00	514315.04	515168.20	511963.62	514023.71	7183	11644	1
2025.03.26	16:20:00	514106.95	515542.77	513482.68	514647.98	5064	8100	1
2025.03.26	16:40:00	514668.79	517207.49	514439.89	516187.85	5256	9357	1
2025.03.26	17:00:00	516229.46	519600.52	515834.09	519350.81	4151	6796	1
2025.03.26	17:20:00	519413.24	521618.99	519225.96	521410.90	3710	5829	1
2025.03.26	17:40:00	521306.86	521785.46	519371.62	521077.96	2854	4646	1
2025.03.26	18:00:00	521161.19	521577.37	519871.04	520349.64	1359	2332	1
2025.03.26	18:20:00	520432.88	521306.86	519891.85	520849.06	176	292	1
2025.03.27	09:00:00	517935.80	520370.45	517124.25	520349.64	3185	4299	1
2025.03.27	09:20:00	520266.41	521057.15	518997.06	520703.40	4804	6430	1
2025.03.27	09:40:00	520745.01	521473.33	520328.83	520640.97	3710	5033	1
2025.03.27	10:00:00	520745.01	521618.99	520328.83	520786.63	4544	6048	1
2025.03.27	10:20:00	520765.82	521286.05	516604.03	516895.35	10892	15624	1
2025.03.27	10:40:00	516812.11	518643.31	516062.99	517977.42	8531	12880	1
2025.03.27	11:00:00	517894.18	519766.99	516770.50	518497.64	7538	11420	1
2025.03.27	11:20:00	518622.50	519766.99	516999.40	519205.15	4937	7743	1
2025.03.27	11:40:00	519163.53	522243.26	518705.73	522097.60	7040	10787	1
2025.03.27	12:00:00	522097.60	523741.51	520890.68	523179.67	6946	10891	1
2025.03.27	12:20:00	523283.71	523824.75	519184.34	519683.76	5465	9018	1
2025.03.27	12:40:00	519704.56	520308.03	518143.89	519350.81	4593	7297	1
2025.03.27	13:00:00	519288.38	521535.76	518934.63	521244.43	3632	5930	1
2025.03.27	13:20:00	521244.43	521618.99	519746.18	520287.22	3160	5249	1
2025.03.27	13:40:00	520328.83	521036.34	518539.26	518893.01	3578	6822	1
2025.03.27	14:00:00	518872.21	519954.27	518664.12	518830.59	2678	4558	1
2025.03.27	14:20:00	518726.54	520308.03	518227.13	518809.78	3298	5443	1
2025.03.27	14:40:00	518893.01	521723.04	518456.03	520183.17	5167	8374	1
2025.03.27	15:00:00	520120.74	521286.05	519496.47	520828.25	3966	6384	1
2025.03.27	15:20:00	520849.06	522721.87	520120.74	522638.63	4591	7937	1
2025.03.27	15:40:00	522659.44	523824.75	522055.98	522201.64	3996	6371	1
2025.03.27	16:00:00	522201.64	523096.43	521723.04	522617.82	3364	5620	1
2025.03.27	16:20:00	522659.44	524116.07	522597.01	523366.95	3935	6568	1
2025.03.27	16:40:00	523366.95	523637.46	521182.00	521806.27	3460	6239	1
2025.03.27	17:00:00	521847.89	521951.94	519954.27	520869.87	3220	5551	1
2025.03.27	17:20:00	520828.25	522097.60	520516.12	521972.74	2483	3696	1
2025.03.27	17:40:00	521951.94	522950.77	521951.94	522368.12	1263	2071	1
2025.03.27	18:00:00	522243.26	522805.10	521431.71	522513.78	777	1166	1
2025.03.27	18:20:00	522534.59	523034.00	522201.64	523034.00	150	215	1
2025.03.28	09:00:00	510059.93	510841.26	508415.04	510676.77	2127	2990	1
2025.03.28	09:20:00	510759.01	512033.80	508127.19	508127.19	3415	4950	1
2025.03.28	09:40:00	508229.99	509340.29	507469.23	508620.65	3531	5105	1
2025.03.28	10:00:00	508764.58	512218.85	508476.73	511869.31	4084	5925	1
2025.03.28	10:20:00	511869.31	512218.85	508949.63	511643.14	6515	9172	1
2025.03.28	10:40:00	511602.02	511684.26	507058.01	507551.47	6972	9897	1
2025.03.28	11:00:00	507448.67	508600.09	503685.98	504878.53	8540	12946	1
2025.03.28	11:20:00	505001.89	506708.47	503521.49	505228.07	5478	8533	1
2025.03.28	11:40:00	505166.38	505310.31	503151.39	503398.13	4014	6468	1
2025.03.28	12:00:00	503418.69	504117.77	501917.73	503233.64	5313	8216	1
2025.03.28	12:20:00	503110.27	504940.21	501691.55	504611.23	3783	5911	1
2025.03.28	12:40:00	504549.55	505351.43	502370.07	502575.68	3607	5820	1
2025.03.28	13:00:00	502575.68	503357.00	500190.59	500971.91	4804	8340	1
2025.03.28	13:20:00	500992.47	502986.90	500745.74	501999.97	3424	5853	1
2025.03.28	13:40:00	501897.16	502760.73	500745.74	501054.16	2793	4630	1
2025.03.28	14:00:00	500889.67	501506.50	499429.83	500910.23	4673	8559	1
2025.03.28	14:20:00	500889.67	501794.36	499943.86	501136.40	3409	5526	1
2025.03.28	14:40:00	501156.96	501876.60	499779.37	501300.89	2539	4256	1
2025.03.28	15:00:00	501259.77	502411.19	500786.86	501321.45	3106	5083	1
2025.03.28	15:20:00	501342.01	501485.94	500355.08	500519.57	3926	7224	1
2025.03.28	15:40:00	500663.50	500971.91	499799.93	500807.42	2349	4048	1
2025.03.28	16:00:00	500869.11	501156.96	499758.81	500252.27	2284	4225	1
2025.03.28	16:20:00	500231.71	500745.74	499614.88	500170.03	2110	3674	1
2025.03.28	16:40:00	500190.59	501609.31	499450.39	500663.50	3206	5514	1
2025.03.28	17:00:00	500745.74	501691.55	500190.59	501568.19	1993	3680	1
2025.03.28	17:20:00	501588.75	502349.51	500910.23	501547.63	1425	2411	1
2025.03.28	17:40:00	501568.19	502308.39	500026.10	500663.50	2082	3539	1
2025.03.28	18:00:00	500725.18	501938.29	499697.12	499697.12	998	1579	1
2025.03.28	18:20:00	499676.56	499758.81	495482.09	498401.77	448	637	1
2025.03.31	09:00:00	492850.27	493076.44	486270.71	489992.27	3982	6005	1
2025.03.31	09:20:00	490012.83	492336.24	489889.46	492192.31	4115	5519	1
2025.03.31	09:40:00	492212.87	497044.74	491904.46	494022.25	8222	11311	1
2025.03.31	10:00:00	493960.57	494680.21	491719.41	491801.65	5531	7806	1
2025.03.31	10:20:00	491781.09	491781.09	485982.85	488840.85	11336	17453	1
2025.03.31	10:40:00	488840.85	492110.07	485921.17	490670.79	10427	15219	1
2025.03.31	11:00:00	490588.54	497969.99	490567.98	495009.19	11679	17377	1
2025.03.31	11:20:00	495070.87	496283.98	492809.15	494659.65	6939	10712	1
2025.03.31	11:40:00	494536.28	497353.15	493672.71	495667.14	6039	9261	1
2025.03.31	12:00:00	495728.83	497969.99	495728.83	496489.59	6335	9920	1
2025.03.31	12:20:00	496530.71	498977.48	496304.54	496798.00	5500	8278	1
2025.03.31	12:40:00	496798.00	497908.31	496201.73	496633.52	3130	5102	1
2025.03.31	13:00:00	496654.08	497928.87	494639.09	495523.21	4061	6454	1
2025.03.31	13:20:00	495605.46	497024.18	494762.45	495194.24	4002	6213	1
2025.03.31	13:40:00	495214.80	495646.58	494042.81	494392.35	3266	5180	1
2025.03.31	14:00:00	494289.55	495913.88	493898.89	494022.25	3946	6108	1
2025.03.31	14:20:00	494083.94	495173.68	493014.76	493693.27	4505	7304	1
2025.03.31	14:40:00	493734.40	493837.20	489724.98	490485.74	7372	12743	1
2025.03.31	15:00:00	490485.74	493467.10	490424.05	493158.68	5613	9527	1
2025.03.31	15:20:00	493323.17	494083.94	492171.75	493857.76	5375	9548	1
2025.03.31	15:40:00	493940.01	494803.57	492829.71	493590.47	5896	10282	1
2025.03.31	16:00:00	493549.35	494371.79	492911.95	493425.98	4344	8751	1
2025.03.31	16:20:00	493446.54	493528.78	489560.49	489868.90	5996	10290	1
2025.03.31	16:40:00	489889.46	490609.10	487216.52	487751.11	5984	9595	1
2025.03.31	17:00:00	487771.67	488655.80	486496.88	488429.62	4411	7265	1
2025.03.31	17:20:00	488409.06	489519.36	488409.06	489025.90	2267	3380	1
2025.03.31	17:40:00	488984.78	489272.63	486928.66	487072.59	1614	2739	1
2025.03.31	18:00:00	487093.15	487709.99	486126.78	486579.12	816	1317	1
2025.03.31	18:20:00	486640.81	487093.15	485962.29	485962.29	197	305	1
2025.04.01	09:00:00	496654.08	498751.31	496407.34	497846.62	4105	5534	1
2025.04.01	09:20:00	497867.18	498237.28	496242.85	496263.41	4152	5755	1
2025.04.01	09:40:00	496345.66	496880.25	495646.58	496283.98	4298	5958	1
2025.04.01	10:00:00	496283.98	497867.18	495955.00	496798.00	5666	7920	1
2025.04.01	10:20:00	496859.69	497373.72	493837.20	495831.63	8628	12393	1
2025.04.01	10:40:00	495831.63	497599.89	494803.57	495646.58	9062	13637	1
2025.04.01	11:00:00	495564.34	496078.36	488923.09	489108.14	12940	20009	1
2025.04.01	11:20:00	489087.58	493138.12	488121.21	492459.61	8228	12141	1
2025.04.01	11:40:00	492336.24	497826.06	492007.26	496900.81	7283	11325	1
2025.04.01	12:00:00	496941.93	502925.22	496571.83	500827.99	8125	12565	1
2025.04.01	12:20:00	500807.42	503048.59	499738.25	502925.22	5882	9817	1
2025.04.01	12:40:00	502925.22	505125.26	502020.53	503357.00	5951	9989	1
2025.04.01	13:00:00	503439.25	504323.38	501527.06	501568.19	4876	7902	1
2025.04.01	13:20:00	501506.50	502143.90	499573.76	501424.26	5517	9081	1
2025.04.01	13:40:00	501383.14	503542.05	500971.91	502164.46	4891	7380	1
2025.04.01	14:00:00	502164.46	502699.05	500827.99	501876.60	3944	6248	1
2025.04.01	14:20:00	501856.04	503192.52	501177.52	502431.75	2875	4831	1
2025.04.01	14:40:00	502411.19	503336.44	501670.99	502082.21	3630	5676	1
2025.04.01	15:00:00	502185.02	502308.39	499512.07	499943.86	4626	7222	1
2025.04.01	15:20:00	499964.42	502328.95	499491.51	501629.87	4327	6968	1
2025.04.01	15:40:00	501691.55	502616.80	500663.50	501897.16	4084	6616	1
2025.04.01	16:00:00	501794.36	502328.95	500971.91	501485.94	2955	5201	1
2025.04.01	16:20:00	501506.50	501897.16	500457.89	501074.72	2924	4832	1
2025.04.01	16:40:00	501074.72	501979.41	500005.54	500971.91	4119	6665	1
2025.04.01	17:00:00	500930.79	501856.04	500128.91	501485.94	2521	3770	1
2025.04.01	17:20:00	501485.94	501814.92	500622.37	501568.19	1543	2222	1
2025.04.01	17:40:00	501506.50	503151.39	501074.72	502493.44	2263	3627	1
2025.04.01	18:00:00	502328.95	503542.05	501732.68	503274.76	1029	1722	1
2025.04.01	18:20:00	503028.03	503747.67	502185.02	502185.02	262	428	1
2025.04.02	09:00:00	497784.94	498998.05	496304.54	498710.19	4813	6751	1
2025.04.02	09:20:00	498689.63	499470.95	497867.18	499162.53	3074	4319	1
2025.04.02	09:40:00	499162.53	501198.09	498977.48	500971.91	6028	7973	1
2025.04.02	10:00:00	500971.91	501074.72	497641.01	498134.48	6575	9603	1
2025.04.02	10:20:00	498196.16	503603.74	496551.27	502575.68	11574	17473	1
2025.04.02	10:40:00	502637.37	508312.24	501609.31	502986.90	14652	22480	1
2025.04.02	11:00:00	503069.15	507366.42	502596.24	506091.63	10346	15949	1
2025.04.02	11:20:00	506112.20	508702.90	505269.19	506667.35	6885	10779	1
2025.04.02	11:40:00	506687.91	508785.14	506215.00	507962.70	5908	9568	1
2025.04.02	12:00:00	507880.45	512013.24	507510.35	511355.28	8410	13620	1
2025.04.02	12:20:00	511355.28	515426.39	510553.40	515138.53	9371	14894	1
2025.04.02	12:40:00	515261.90	516433.88	512486.15	513308.59	7525	12995	1
2025.04.02	13:00:00	513329.15	514521.70	512013.24	514418.89	4216	6979	1
2025.04.02	13:20:00	514398.33	515323.58	513000.17	514480.58	4587	7221	1
2025.04.02	13:40:00	514480.58	515981.54	513637.57	514357.21	4663	7473	1
2025.04.02	14:00:00	514274.96	516063.78	514028.23	515611.44	3911	6254	1
2025.04.02	14:20:00	515508.63	515549.75	510656.21	511149.67	6762	10903	1
2025.04.02	14:40:00	511170.23	512774.00	510347.79	511745.95	7248	11303	1
2025.04.02	15:00:00	511725.38	512321.66	509874.88	510162.74	5708	8815	1
2025.04.02	15:20:00	510203.86	510861.82	508887.95	510101.05	5049	8001	1
2025.04.02	15:40:00	510162.74	511211.36	509319.73	509463.66	3547	5571	1
2025.04.02	16:00:00	509525.34	510512.28	508867.39	509216.93	3306	5485	1
2025.04.02	16:20:00	509216.93	510676.77	508887.95	510080.49	4659	7435	1
2025.04.02	16:40:00	510018.81	514151.60	509504.78	513473.08	4973	8300	1
2025.04.02	17:00:00	513431.96	522047.07	509751.52	517729.23	14129	23615	1
2025.04.02	17:20:00	517729.23	517811.48	499779.37	502164.46	13227	22773	1
2025.04.02	17:40:00	502328.95	504672.92	499820.49	502596.24	3672	6014	1
2025.04.02	18:00:00	502678.49	503233.64	494515.72	496633.52	1980	3322	1
2025.04.02	18:20:00	496592.39	500663.50	495728.83	496612.95	228	320	1
2025.04.03	09:00:00	485078.16	485201.53	481336.04	481993.99	5293	7825	1
2025.04.03	09:20:00	481952.87	482651.95	479814.51	480965.93	6398	8883	1
2025.04.03	09:40:00	480883.69	481562.21	477121.00	478313.55	8696	12144	1
2025.04.03	10:00:00	478210.74	478724.77	475990.14	476894.83	5964	8835	1
2025.04.03	10:20:00	476812.59	481089.30	475291.06	480040.68	11890	17513	1
2025.04.03	10:40:00	480020.12	480020.12	476586.41	478478.04	8640	12464	1
2025.04.03	11:00:00	478457.48	478745.33	473728.42	475373.31	11230	17257	1
2025.04.03	11:20:00	475352.75	478005.13	474180.76	474715.35	6930	10847	1
2025.04.03	11:40:00	474838.72	475332.19	471507.82	472350.82	5831	8782	1
2025.04.03	12:00:00	472186.33	475558.36	470890.98	474838.72	6203	9587	1
2025.04.03	12:20:00	474735.91	475476.11	472967.66	475434.99	4495	7011	1
2025.04.03	12:40:00	475373.31	476648.10	474242.45	475805.09	4461	6893	1
2025.04.03	13:00:00	475825.65	478313.55	475722.85	477264.93	4649	7254	1
2025.04.03	13:20:00	477347.18	477820.08	475434.99	475907.90	5466	8439	1
2025.04.03	13:40:00	475907.90	476709.78	474119.08	474900.40	4805	7557	1
2025.04.03	14:00:00	475023.77	476442.49	474571.42	475106.01	3962	6440	1
2025.04.03	14:20:00	475167.70	476401.36	474036.83	475784.53	3773	5958	1
2025.04.03	14:40:00	475825.65	477326.61	475373.31	475702.29	3967	6073	1
2025.04.03	15:00:00	475763.97	476421.93	473851.78	474221.88	2877	4517	1
2025.04.03	15:20:00	474263.01	476421.93	473851.78	476072.39	3957	6433	1
2025.04.03	15:40:00	476051.82	478950.94	476010.70	477532.23	5956	9064	1
2025.04.03	16:00:00	477552.79	479012.63	476257.44	477244.37	5169	8337	1
2025.04.03	16:20:00	477326.61	478560.28	476730.34	478457.48	3464	5772	1
2025.04.03	16:40:00	478436.92	478848.14	476874.27	477552.79	4207	7329	1
2025.04.03	17:00:00	477696.72	478642.53	476812.59	477121.00	2102	3549	1
2025.04.03	17:20:00	477121.00	477799.52	476339.68	477573.35	1578	2545	1
2025.04.03	17:40:00	477552.79	480266.86	477182.69	479793.95	2217	3418	1
2025.04.03	18:00:00	479835.07	481603.33	479053.75	480863.13	1461	2420	1
2025.04.03	18:20:00	480945.37	481788.38	480554.71	480986.50	195	372	1
2025.04.04	09:00:00	485962.29	491123.13	485962.29	489437.12	8122	12365	1
2025.04.04	09:20:00	489560.49	494186.74	488738.04	490341.81	8412	12870	1
2025.04.04	09:40:00	490239.00	492788.58	489272.63	492110.07	7858	12018	1
2025.04.04	10:00:00	492212.87	494947.50	491986.70	494145.62	7214	10330	1
2025.04.04	10:20:00	494330.67	494618.52	490794.15	492171.75	10813	16304	1
2025.04.04	10:40:00	492151.19	499573.76	490588.54	498689.63	12997	19897	1
2025.04.04	11:00:00	498669.07	499841.05	494680.21	497044.74	9183	13871	1
2025.04.04	11:20:00	496921.37	498401.77	493816.64	495255.92	7884	11735	1
2025.04.04	11:40:00	495420.41	497969.99	492192.31	496427.90	9916	14799	1
2025.04.04	12:00:00	496325.10	501773.80	495893.31	499697.12	8945	14301	1
2025.04.04	12:20:00	499635.44	502349.51	495461.53	496016.68	7526	12470	1
2025.04.04	12:40:00	495769.95	500067.22	494988.62	497641.01	6246	9975	1
2025.04.04	13:00:00	497682.13	502205.58	497620.45	500334.52	5396	8957	1
2025.04.04	13:20:00	500396.20	501856.04	498278.41	501218.65	4154	6743	1
2025.04.04	13:40:00	501342.01	502205.58	499738.25	501198.09	3782	6102	1
2025.04.04	14:00:00	501115.84	502822.42	499265.34	501527.06	4403	7049	1
2025.04.04	14:20:00	501568.19	508188.87	501424.26	507901.01	8181	12828	1
2025.04.04	14:40:00	507880.45	510244.98	507222.50	509299.17	8007	13086	1
2025.04.04	15:00:00	509299.17	510039.37	505557.05	505803.78	6327	10021	1
2025.04.04	15:20:00	505947.71	507510.35	505104.70	506893.52	5565	9030	1
2025.04.04	15:40:00	506770.15	509854.32	506358.93	507736.53	5590	8865	1
2025.04.04	16:00:00	507798.21	510101.05	506687.91	509155.24	4470	7202	1
2025.04.04	16:20:00	509196.37	510861.82	508332.80	508990.75	4761	7639	1
2025.04.04	16:40:00	509011.32	509401.98	506790.71	507942.14	4328	7502	1
2025.04.04	17:00:00	507859.89	508497.29	505721.53	506071.07	3015	5260	1
2025.04.04	17:20:00	506071.07	509258.05	506071.07	508744.02	3640	5465	1
2025.04.04	17:40:00	508764.58	510635.64	508168.31	509710.39	1991	3273	1
2025.04.04	18:00:00	509545.90	511211.36	508435.60	510923.50	1098	1642	1
2025.04.04	18:20:00	510615.08	511355.28	509545.90	511314.16	162	244	1
2025.04.07	09:00:00	467498.40	468259.16	463735.71	466963.81	5901	8450	1
2025.04.07	09:20:00	466943.24	472659.24	466943.24	468259.16	8727	13989	1
2025.04.07	09:40:00	468156.35	470788.18	465627.33	469061.04	8706	12891	1
2025.04.07	10:00:00	468958.24	470418.08	466861.00	469780.68	6717	10511	1
2025.04.07	10:20:00	469739.56	470705.93	465668.45	467046.05	11082	17812	1
2025.04.07	10:40:00	466902.12	477984.57	462399.24	477121.00	20038	32603	1
2025.04.07	11:00:00	477141.56	489663.29	474756.47	484420.20	22361	40217	1
2025.04.07	11:20:00	484399.64	484666.94	472823.73	475517.24	19435	35065	1
2025.04.07	11:40:00	475249.94	483186.54	475147.14	480534.15	10325	20334	1
2025.04.07	12:00:00	480534.15	482240.72	472988.22	477655.59	12982	24847	1
2025.04.07	12:20:00	477244.37	483433.27	476730.34	480986.50	8247	15302	1
2025.04.07	12:40:00	481048.18	483823.93	480493.03	481089.30	6219	11283	1
2025.04.07	13:00:00	481109.86	481500.52	478272.43	479855.63	5228	9196	1
2025.04.07	13:20:00	479711.71	481418.28	476175.19	478950.94	6512	11541	1
2025.04.07	13:40:00	479012.63	479074.31	473605.05	474324.69	6320	10576	1
2025.04.07	14:00:00	474468.62	479403.29	474386.37	478457.48	9414	17070	1
2025.04.07	14:20:00	478498.60	481274.35	477018.20	481212.67	6698	12469	1
2025.04.07	14:40:00	481109.86	482837.00	479177.12	482384.65	7785	14449	1
2025.04.07	15:00:00	482384.65	483885.62	479917.32	483721.13	7398	13285	1
2025.04.07	15:20:00	483680.00	484029.54	479629.46	481644.45	7253	12525	1
2025.04.07	15:40:00	481665.01	483371.59	479135.99	480307.98	5315	9420	1
2025.04.07	16:00:00	480328.54	483001.49	478251.87	480369.66	5246	9170	1
2025.04.07	16:20:00	480369.66	481891.19	478292.99	480410.78	4686	8125	1
2025.04.07	16:40:00	480266.86	480616.40	476216.31	477244.37	5537	9474	1
2025.04.07	17:00:00	477121.00	480390.22	477121.00	480122.93	3088	5514	1
2025.04.07	17:20:00	480122.93	483207.10	479238.80	482425.78	3214	4965	1
2025.04.07	17:40:00	482446.34	484050.10	481829.50	482857.56	2138	3550	1
2025.04.07	18:00:00	483042.61	485797.80	481274.35	485468.82	1156	1820	1
2025.04.07	18:20:00	485427.70	485427.70	483289.34	483289.34	145	217	1
2025.04.08	09:00:00	486866.98	487339.88	484379.08	485407.14	3791	5886	1
2025.04.08	09:20:00	485427.70	486538.00	484646.38	484934.23	4097	5992	1
2025.04.08	09:40:00	485016.48	487093.15	483926.74	486496.88	8238	11584	1
2025.04.08	10:00:00	486517.44	489951.15	486229.58	486969.78	9687	14700	1
2025.04.08	10:20:00	486846.42	488141.77	483104.29	485530.51	10903	17179	1
2025.04.08	10:40:00	485756.68	487504.37	484132.35	486476.32	12100	19413	1
2025.04.08	11:00:00	486352.95	488902.53	485427.70	487997.84	8044	13160	1
2025.04.08	11:20:00	488121.21	488367.94	483721.13	486332.39	8082	12863	1
2025.04.08	11:40:00	486455.76	486599.68	481911.75	481911.75	7287	11744	1
2025.04.08	12:00:00	481973.43	484625.82	481788.38	483412.71	6178	10030	1
2025.04.08	12:20:00	483494.95	485057.60	482590.26	484687.50	4901	7865	1
2025.04.08	12:40:00	484810.87	485756.68	483536.08	485386.58	5552	8559	1
2025.04.08	13:00:00	485283.77	485674.43	482446.34	482610.83	4355	7259	1
2025.04.08	13:20:00	482569.70	483124.85	479362.17	479876.19	7578	11952	1
2025.04.08	13:40:00	479876.19	481850.06	478478.04	478786.46	6961	11526	1
2025.04.08	14:00:00	478950.94	479835.07	476051.82	476689.22	7280	12324	1
2025.04.08	14:20:00	476648.10	477059.32	473091.02	476072.39	9060	14974	1
2025.04.08	14:40:00	476010.70	478498.60	475064.89	477162.13	6886	11370	1
2025.04.08	15:00:00	476997.64	478251.87	475496.67	477840.64	4544	7565	1
2025.04.08	15:20:00	477840.64	481274.35	477511.67	478375.23	7584	12053	1
2025.04.08	15:40:00	478251.87	479526.66	476709.78	477121.00	3483	5621	1
2025.04.08	16:00:00	477223.81	477696.72	473173.27	474263.01	5067	7908	1
2025.04.08	16:20:00	474509.74	476606.98	472556.43	474283.57	5247	8542	1
2025.04.08	16:40:00	474324.69	477449.98	472967.66	475393.87	6246	10623	1
2025.04.08	17:00:00	475393.87	476689.22	474180.76	475969.58	2644	4245	1
2025.04.08	17:20:00	475990.14	478128.50	474777.03	477943.45	3269	4888	1
2025.04.08	17:40:00	477902.33	479115.43	476977.08	478046.25	1781	3073	1
2025.04.08	18:00:00	477820.08	479896.76	476627.54	477573.35	978	1471	1
2025.04.08	18:20:00	477655.59	479156.56	476915.39	477059.32	168	332	1
2025.04.09	09:00:00	472618.12	479341.61	472618.12	478642.53	7748	12640	1
2025.04.09	09:20:00	478642.53	478950.94	476092.95	478149.06	6362	9770	1
2025.04.09	09:40:00	478169.62	484111.79	478005.13	481665.01	11246	16637	1
2025.04.09	10:00:00	481623.89	483659.44	480307.98	481562.21	9551	14610	1
2025.04.09	10:20:00	481644.45	485427.70	479629.46	485119.28	13325	21046	1
2025.04.09	10:40:00	485139.84	485694.99	480472.47	484502.45	12271	20019	1
2025.04.09	11:00:00	484728.62	488265.14	483330.46	485571.63	10189	16236	1
2025.04.09	11:20:00	485653.87	487401.57	484132.35	484440.77	6452	10418	1
2025.04.09	11:40:00	484337.96	485468.82	480472.47	480904.25	7823	12301	1
2025.04.09	12:00:00	480965.93	486085.66	480657.52	485160.41	5945	9631	1
2025.04.09	12:20:00	485242.65	486147.34	481233.23	481500.52	5622	8953	1
2025.04.09	12:40:00	481377.16	483700.57	480965.93	482466.90	4886	7541	1
2025.04.09	13:00:00	482549.14	485736.12	481397.72	484605.25	4530	7354	1
2025.04.09	13:20:00	484420.20	484584.69	482405.21	484255.72	3875	6231	1
2025.04.09	13:40:00	484255.72	486455.76	482775.31	485818.36	4064	6315	1
2025.04.09	14:00:00	486023.97	488326.82	481747.26	486805.30	10556	17600	1
2025.04.09	14:20:00	487360.45	499841.05	483906.18	497147.54	12951	21829	1
2025.04.09	14:40:00	497394.28	500663.50	492439.04	499964.42	5528	8364	1
2025.04.09	15:00:00	499779.37	502801.85	497065.30	500416.76	4600	6393	1
2025.04.09	15:20:00	500416.76	503233.64	497764.38	499697.12	6607	10403	1
2025.04.09	15:40:00	499635.44	500745.74	495358.73	495646.58	5997	9433	1
2025.04.09	16:00:00	495584.90	497414.84	494248.42	497394.28	5516	8992	1
2025.04.09	16:20:00	497332.59	498854.12	496304.54	498216.72	4449	7366	1
2025.04.09	16:40:00	498196.16	498504.58	496057.80	497826.06	3250	5574	1
2025.04.09	17:00:00	497928.87	498813.00	495687.70	495790.51	2164	3599	1
2025.04.09	17:20:00	495790.51	497990.55	494926.94	497805.50	2194	3454	1
2025.04.09	17:40:00	497826.06	501444.82	497455.96	500663.50	1774	2845	1
2025.04.09	18:00:00	500642.94	503727.10	495111.99	502390.63	896	1171	1
2025.04.09	18:20:00	502328.95	503891.59	499697.12	500190.59	165	212	1
2025.04.10	09:00:00	494145.62	495955.00	492603.53	493549.35	2955	4443	1
2025.04.10	09:20:00	493487.66	496345.66	492110.07	495975.56	5487	8924	1
2025.04.10	09:40:00	495893.31	496612.95	493652.15	496098.93	6345	9670	1
2025.04.10	10:00:00	496222.29	498319.53	495728.83	498175.60	5804	8268	1
2025.04.10	10:20:00	498134.48	498710.19	491945.58	493384.86	10892	16232	1
2025.04.10	10:40:00	493384.86	494659.65	490855.84	492521.29	9258	14585	1
2025.04.10	11:00:00	492397.92	495749.39	490506.30	494289.55	8543	13618	1
2025.04.10	11:20:00	494371.79	497805.50	494289.55	497106.42	6508	10127	1
2025.04.10	11:40:00	497106.42	498525.14	496222.29	496859.69	5444	8568	1
2025.04.10	12:00:00	496839.13	497065.30	491760.53	493117.56	6244	9567	1
2025.04.10	12:20:00	493158.68	493158.68	486003.41	486188.46	8214	13048	1
2025.04.10	12:40:00	486270.71	487915.60	482199.60	482795.88	9586	15356	1
2025.04.10	13:00:00	482754.75	485324.89	480595.83	482631.39	7786	12305	1
2025.04.10	13:20:00	482693.07	486949.22	481767.82	485818.36	5842	10179	1
2025.04.10	13:40:00	485838.92	487216.52	484070.67	486414.63	5798	9724	1
2025.04.10	14:00:00	486332.39	487216.52	481192.11	482693.07	7745	12730	1
2025.04.10	14:20:00	482693.07	484728.62	481767.82	483618.32	3986	6596	1
2025.04.10	14:40:00	483844.49	484132.35	481747.26	482980.93	3824	6486	1
2025.04.10	15:00:00	482898.68	485962.29	482487.46	485407.14	4542	7612	1
2025.04.10	15:20:00	485530.51	487483.81	484317.40	484934.23	4461	7186	1
2025.04.10	15:40:00	484913.67	485180.97	482261.29	483433.27	4397	7036	1
2025.04.10	16:00:00	483474.39	485592.19	482837.00	485119.28	3922	6354	1
2025.04.10	16:20:00	485037.04	485859.48	483309.90	484584.69	3185	5275	1
2025.04.10	16:40:00	484625.82	487154.83	483433.27	484523.01	4610	8131	1
2025.04.10	17:00:00	484461.33	486065.09	484091.23	484646.38	2019	3512	1
2025.04.10	17:20:00	484440.77	484872.55	483145.41	484666.94	1825	2811	1
2025.04.10	17:40:00	484749.18	485736.12	484461.33	485386.58	1409	2554	1
2025.04.10	18:00:00	485612.75	486270.71	483803.37	484461.33	711	1218	1
2025.04.10	18:20:00	484152.91	484379.08	483022.05	484029.54	174	321	1
2025.04.11	09:00:00	493405.42	497517.64	492459.61	494268.99	5323	8151	1
2025.04.11	09:20:00	494186.74	497188.67	494186.74	494824.14	3888	5453	1
2025.04.11	09:40:00	494824.14	497373.72	494145.62	496160.61	4300	5878	1
2025.04.11	10:00:00	496181.17	498689.63	496078.36	497949.43	6141	8878	1
2025.04.11	10:20:00	497928.87	507530.91	497764.38	506790.71	12970	18772	1
2025.04.11	10:40:00	506811.27	506872.96	502390.63	503912.16	10587	16275	1
2025.04.11	11:00:00	503706.54	503829.91	499676.56	500005.54	7946	12489	1
2025.04.11	11:20:00	500005.54	500622.37	495626.02	499429.83	7716	12039	1
2025.04.11	11:40:00	499491.51	501609.31	497990.55	498011.11	5387	8564	1
2025.04.11	12:00:00	497969.99	500272.84	497209.23	498936.36	5681	8775	1
2025.04.11	12:20:00	499059.73	502205.58	498771.87	501897.16	5577	9057	1
2025.04.11	12:40:00	501897.16	502287.83	500642.94	501136.40	3059	5063	1
2025.04.11	13:00:00	501218.65	501444.82	497990.55	498669.07	5311	8870	1
2025.04.11	13:20:00	498669.07	502472.88	497435.40	501938.29	5364	8763	1
2025.04.11	13:40:00	501999.97	504528.99	501609.31	503130.83	5653	9136	1
2025.04.11	14:00:00	503130.83	504570.11	502164.46	503315.88	3617	5870	1
2025.04.11	14:20:00	503192.52	507818.77	502842.98	507386.99	5591	8877	1
2025.04.11	14:40:00	507407.55	508805.70	506626.22	508044.94	6420	10730	1
2025.04.11	15:00:00	508003.82	509689.83	507325.30	507407.55	5211	7998	1
2025.04.11	15:20:00	507448.67	509463.66	507037.45	508867.39	3540	5338	1
2025.04.11	15:40:00	508929.07	509422.54	506543.98	507140.25	3818	5847	1
2025.04.11	16:00:00	507140.25	508661.78	506708.47	508312.24	3174	4971	1
2025.04.11	16:20:00	508312.24	508785.14	506770.15	507654.28	2893	4857	1
2025.04.11	16:40:00	507654.28	509052.44	507345.86	508250.55	3350	5552	1
2025.04.11	17:00:00	508147.75	508826.26	506955.20	507674.84	1682	2608	1
2025.04.11	17:20:00	507674.84	509216.93	507530.91	508702.90	2004	2949	1
2025.04.11	17:40:00	508682.34	509278.61	507695.40	507962.70	1664	2636	1
2025.04.11	18:00:00	507921.58	510594.52	507654.28	510450.59	1193	1863	1
2025.04.11	18:20:00	510327.23	512568.39	509443.10	509443.10	259	390	1
2025.04.14	09:00:00	512568.39	513555.32	511067.43	512095.48	2495	4061	1
2025.04.14	09:20:00	512095.48	514192.72	511848.75	514172.16	4009	5765	1
2025.04.14	09:40:00	514172.16	514912.36	513082.42	514562.82	4629	6870	1
2025.04.14	10:00:00	514583.38	515056.29	511355.28	513226.35	7075	10602	1
2025.04.14	10:20:00	513226.35	513390.84	508682.34	509833.76	7290	11438	1
2025.04.14	10:40:00	509957.13	510306.67	506256.12	508291.68	8200	13169	1
2025.04.14	11:00:00	508312.24	509730.95	507345.86	509360.85	4233	7008	1
2025.04.14	11:20:00	509422.54	516289.95	509216.93	516289.95	6696	10847	1
2025.04.14	11:40:00	516310.52	517688.11	515097.41	515220.78	6108	9812	1
2025.04.14	12:00:00	515241.34	515529.19	509443.10	511478.65	7474	12895	1
2025.04.14	12:20:00	511499.21	512732.88	509258.05	509628.15	4604	7749	1
2025.04.14	12:40:00	509587.03	510388.91	507099.13	509175.80	5551	9422	1
2025.04.14	13:00:00	509093.56	510882.38	507942.14	510347.79	4335	7558	1
2025.04.14	13:20:00	510409.47	511437.53	509278.61	510779.57	3524	6289	1
2025.04.14	13:40:00	510676.77	512033.80	509422.54	509648.71	3395	5779	1
2025.04.14	14:00:00	509710.39	511437.53	509422.54	510388.91	3384	5667	1
2025.04.14	14:20:00	510368.35	511910.43	510244.98	511375.84	3152	5271	1
2025.04.14	14:40:00	511252.48	513637.57	510820.69	513617.01	3465	6018	1
2025.04.14	15:00:00	513617.01	514542.26	512774.00	513329.15	3837	6374	1
2025.04.14	15:20:00	513308.59	513802.06	512424.46	513102.98	2784	4819	1
2025.04.14	15:40:00	513144.10	513843.18	511869.31	513658.13	3560	6108	1
2025.04.14	16:00:00	513699.25	515426.39	513431.96	513596.45	4491	7497	1
2025.04.14	16:20:00	513596.45	514336.65	512403.90	514131.04	3061	5170	1
2025.04.14	16:40:00	514007.67	514398.33	512095.48	512979.61	3318	5599	1
2025.04.14	17:00:00	513102.98	513617.01	511684.26	512403.90	2340	4138	1
2025.04.14	17:20:00	512465.58	512774.00	511005.74	511663.70	2030	3265	1
2025.04.14	17:40:00	511622.58	513555.32	511458.09	512609.51	1545	2649	1
2025.04.14	18:00:00	512835.69	513617.01	512054.36	512917.93	691	1151	1
2025.04.14	18:20:00	512917.93	513226.35	512157.17	512342.22	108	170	1
2025.04.15	09:00:00	516269.39	518387.19	515488.07	515673.12	4094	6251	1
2025.04.15	09:20:00	515652.56	516577.81	514645.06	516433.88	3806	5468	1
2025.04.15	09:40:00	516413.32	519065.71	515364.70	519065.71	5107	7180	1
2025.04.15	10:00:00	519065.71	519456.37	517770.36	518490.00	4977	7857	1
2025.04.15	10:20:00	518490.00	522108.75	518222.70	521862.02	8011	11920	1
2025.04.15	10:40:00	521841.46	523753.64	517626.43	518119.90	10535	16534	1
2025.04.15	11:00:00	518058.21	520381.62	514501.14	515529.19	9080	14597	1
2025.04.15	11:20:00	515529.19	517297.45	513822.62	517215.21	6324	10934	1
2025.04.15	11:40:00	517256.33	518983.46	516618.93	516824.54	4864	8534	1
2025.04.15	12:00:00	516865.67	519209.64	516228.27	518921.78	3580	6055	1
2025.04.15	12:20:00	518921.78	519847.03	516084.34	516639.49	4113	7506	1
2025.04.15	12:40:00	516557.25	516783.42	513925.42	515714.24	4339	7091	1
2025.04.15	13:00:00	515611.44	517318.01	515405.83	516845.11	2741	4384	1
2025.04.15	13:20:00	516845.11	518284.38	516104.90	516968.47	2678	4202	1
2025.04.15	13:40:00	516968.47	517667.55	515755.37	516372.20	2168	3364	1
2025.04.15	14:00:00	516392.76	517646.99	515858.17	516742.30	2225	3654	1
2025.04.15	14:20:00	516803.98	517297.45	515344.14	516084.34	2160	3554	1
2025.04.15	14:40:00	516084.34	516413.32	513699.25	513987.11	2760	4412	1
2025.04.15	15:00:00	514007.67	514480.58	511499.21	512198.29	4351	7131	1
2025.04.15	15:20:00	512177.73	513781.50	511869.31	513123.54	2778	4453	1
2025.04.15	15:40:00	513144.10	513945.99	511869.31	512383.34	2825	4562	1
2025.04.15	16:00:00	512321.66	512383.34	510676.77	511560.90	3293	5330	1
2025.04.15	16:20:00	511622.58	511848.75	510738.45	511129.11	1499	2258	1
2025.04.15	16:40:00	511087.99	511622.58	509998.25	510594.52	3245	5203	1
2025.04.15	17:00:00	510594.52	511499.21	509689.83	511293.60	2318	4359	1
2025.04.15	17:20:00	511252.48	511293.60	509751.52	510676.77	1852	3221	1
2025.04.15	17:40:00	510676.77	510676.77	508682.34	510224.42	2006	3401	1
2025.04.15	18:00:00	510203.86	510347.79	506893.52	507386.99	1063	1649	1
2025.04.15	18:20:00	507489.79	507859.89	505351.43	506482.30	271	496	1
2025.04.16	09:00:00	507510.35	509936.57	507510.35	509566.47	2742	4424	1
2025.04.16	09:20:00	509484.22	510882.38	509155.24	510512.28	4127	6096	1
2025.04.16	09:40:00	510512.28	510779.57	509545.90	509854.32	3688	5312	1
2025.04.16	10:00:00	509792.64	511087.99	509114.12	509278.61	4583	6630	1
2025.04.16	10:20:00	509258.05	512074.92	508497.29	511684.26	7049	10693	1
2025.04.16	10:40:00	511602.02	512301.10	507654.28	508127.19	7909	12595	1
2025.04.16	11:00:00	508065.50	510409.47	507901.01	510162.74	5059	9081	1
2025.04.16	11:20:00	510101.05	512959.05	509957.13	511540.33	6264	10523	1
2025.04.16	11:40:00	511602.02	515076.85	511437.53	513493.64	6075	10217	1
2025.04.16	12:00:00	513596.45	514706.75	512136.61	513493.64	4579	7883	1
2025.04.16	12:20:00	513411.40	516084.34	512959.05	514131.04	4814	8766	1
2025.04.16	12:40:00	514028.23	514480.58	512876.81	513288.03	2467	3989	1
2025.04.16	13:00:00	513349.71	515056.29	513349.71	513843.18	3034	4911	1
2025.04.16	13:20:00	513719.81	514110.48	512445.02	512671.20	2791	4694	1
2025.04.16	13:40:00	512691.76	515426.39	512527.27	514254.40	2853	4729	1
2025.04.16	14:00:00	514233.84	516269.39	514110.48	516084.34	2960	4791	1
2025.04.16	14:20:00	516104.90	517132.96	513288.03	513493.64	5287	9086	1
2025.04.16	14:40:00	513473.08	513473.08	504714.04	504755.16	8684	14045	1
2025.04.16	15:00:00	504857.97	510388.91	504652.36	507983.26	8469	14838	1
2025.04.16	15:20:00	508024.38	511478.65	506914.08	507818.77	5212	9297	1
2025.04.16	15:40:00	507942.14	508949.63	505886.02	507921.58	4675	8606	1
2025.04.16	16:00:00	507962.70	509792.64	507243.06	508168.31	4001	6683	1
2025.04.16	16:20:00	508086.06	509011.32	507325.30	508846.83	2833	5144	1
2025.04.16	16:40:00	508908.51	511437.53	508702.90	510368.35	3490	6415	1
2025.04.16	17:00:00	510430.03	511355.28	509895.44	510882.38	1723	3433	1
2025.04.16	17:20:00	510985.18	512547.83	510985.18	511540.33	2071	3532	1
2025.04.16	17:40:00	511540.33	511643.14	510162.74	510759.01	1394	2349	1
2025.04.16	18:00:00	510738.45	512609.51	510183.30	512239.41	878	1324	1
2025.04.16	18:20:00	512239.41	512712.32	511889.87	512650.63	112	151	1
2025.04.17	09:00:00	512342.22	514542.26	511910.43	513966.55	2893	4755	1
2025.04.17	09:20:00	514089.91	514274.96	512691.76	512835.69	3331	4820	1
2025.04.17	09:40:00	512856.25	514501.14	512794.56	513288.03	3516	5228	1
2025.04.17	10:00:00	513246.91	514131.04	511499.21	511910.43	4460	6909	1
2025.04.17	10:20:00	511889.87	512362.78	509710.39	510286.11	6246	9364	1
2025.04.17	10:40:00	510286.11	511663.70	509710.39	510553.40	5147	8061	1
2025.04.17	11:00:00	510471.16	510635.64	507880.45	508312.24	5506	8215	1
2025.04.17	11:20:00	508353.36	508826.26	506975.76	507736.53	4316	6524	1
2025.04.17	11:40:00	507736.53	509833.76	507592.60	508188.87	4207	6448	1
2025.04.17	12:00:00	508188.87	511663.70	507921.58	511129.11	4809	8100	1
2025.04.17	12:20:00	511067.43	511375.84	508970.19	511252.48	3801	6195	1
2025.04.17	12:40:00	511190.79	511375.84	508291.68	508867.39	3668	5981	1
2025.04.17	13:00:00	508805.70	510327.23	506564.54	507695.40	5365	9242	1
2025.04.17	13:20:00	507633.72	510121.62	506893.52	508785.14	3484	5955	1
2025.04.17	13:40:00	508805.70	509093.56	507654.28	508846.83	2757	4700	1
2025.04.17	14:00:00	508805.70	509916.00	507962.70	508887.95	2437	4080	1
2025.04.17	14:20:00	508846.83	511334.72	508106.63	510964.62	3182	5604	1
2025.04.17	14:40:00	510964.62	511170.23	509957.13	509998.25	2259	4201	1
2025.04.17	15:00:00	509957.13	511745.95	509792.64	511499.21	2797	4938	1
2025.04.17	15:20:00	511458.09	512362.78	510800.13	511005.74	3168	6068	1
2025.04.17	15:40:00	511005.74	511458.09	508065.50	508065.50	4317	8394	1
2025.04.17	16:00:00	508106.63	509566.47	507921.58	508394.48	2863	4890	1
2025.04.17	16:20:00	508373.92	508579.53	506934.64	507654.28	2856	4587	1
2025.04.17	16:40:00	507674.84	508887.95	507160.81	508456.16	2358	3607	1
2025.04.17	17:00:00	508415.04	509813.20	508312.24	509052.44	1706	2831	1
2025.04.17	17:20:00	509073.00	509998.25	508497.29	509093.56	1251	2055	1
2025.04.17	17:40:00	509011.32	510244.98	508846.83	510101.05	966	1551	1
2025.04.17	18:00:00	510121.62	510738.45	508785.14	509710.39	769	1140	1
2025.04.17	18:20:00	509792.64	510101.05	509031.88	509114.12	141	248	1
2025.04.22	09:00:00	528976.17	530436.01	528050.92	529798.62	3409	5178	1
2025.04.22	09:20:00	529819.18	531073.41	528976.17	528976.17	3205	4742	1
2025.04.22	09:40:00	528955.61	531402.38	527763.06	529860.30	6358	8996	1
2025.04.22	10:00:00	529921.98	534733.29	529325.71	532574.37	8270	12167	1
2025.04.22	10:20:00	532594.93	534219.26	531649.12	533746.35	7138	10794	1
2025.04.22	10:40:00	533684.67	537344.55	533622.99	536008.08	8365	12601	1
2025.04.22	11:00:00	535987.52	537611.85	534465.99	536213.69	6094	9376	1
2025.04.22	11:20:00	536213.69	539709.08	535658.54	539544.59	5475	8583	1
2025.04.22	11:40:00	539544.59	541107.24	538228.68	539051.12	6238	9682	1
2025.04.22	12:00:00	539071.69	542382.03	538783.83	541312.85	5432	8984	1
2025.04.22	12:20:00	541292.29	541703.51	536871.65	538064.19	5708	9355	1
2025.04.22	12:40:00	538064.19	539112.81	535864.15	539030.56	4751	7539	1
2025.04.22	13:00:00	539112.81	539462.35	536563.23	536830.52	3937	6278	1
2025.04.22	13:20:00	536830.52	537632.41	535843.59	536851.08	2522	4186	1
2025.04.22	13:40:00	536789.40	537611.85	536008.08	536480.98	2472	3974	1
2025.04.22	14:00:00	536460.42	538208.12	536460.42	538064.19	3910	6406	1
2025.04.22	14:20:00	538043.63	541415.65	537138.94	540387.60	5004	8090	1
2025.04.22	14:40:00	540325.91	541909.12	539441.79	541230.60	3373	5194	1
2025.04.22	15:00:00	541312.85	542731.57	539359.54	539359.54	4697	7606	1
2025.04.22	15:20:00	539359.54	539832.45	538763.27	539441.79	2582	4005	1
2025.04.22	15:40:00	539441.79	540922.19	539236.18	540284.79	3199	4856	1
2025.04.22	16:00:00	540305.35	541251.17	539811.89	540325.91	2874	4668	1
2025.04.22	16:20:00	540325.91	541024.99	537550.16	537611.85	3682	5735	1
2025.04.22	16:40:00	537550.16	540469.84	536789.40	539935.25	4406	7358	1
2025.04.22	17:00:00	540017.50	540942.75	539153.93	539853.01	2590	4361	1
2025.04.22	17:20:00	539853.01	540161.43	539010.00	539051.12	1201	1966	1
2025.04.22	17:40:00	539112.81	539791.33	538393.17	539133.37	1356	2135	1
2025.04.22	18:00:00	538927.76	541374.53	538249.24	541312.85	1160	1814	1
2025.04.22	18:20:00	541312.85	542978.30	538742.71	539236.18	330	501	1
2025.04.23	09:00:00	549640.11	551285.00	548550.37	549208.32	5081	6777	1
2025.04.23	09:20:00	549208.32	549866.28	548324.19	548941.03	3426	4629	1
2025.04.23	09:40:00	549002.71	550174.70	548612.05	549187.76	3179	4109	1
2025.04.23	10:00:00	549228.88	551655.10	548509.24	550873.77	5966	8075	1
2025.04.23	10:20:00	550935.46	552415.86	546535.38	546802.67	11975	18088	1
2025.04.23	10:40:00	546761.55	549372.81	543985.80	544540.95	8521	14239	1
2025.04.23	11:00:00	544623.19	547748.48	542896.06	543245.60	7070	11012	1
2025.04.23	11:20:00	543142.79	546576.50	542834.37	545178.34	4590	7140	1
2025.04.23	11:40:00	545034.41	547152.21	544211.97	545260.59	4423	7020	1
2025.04.23	12:00:00	545301.71	545301.71	541456.78	541868.00	5722	8985	1
2025.04.23	12:20:00	541847.44	545301.71	540593.21	544684.87	5581	8447	1
2025.04.23	12:40:00	544705.44	547522.31	543697.94	547111.09	4135	6308	1
2025.04.23	13:00:00	547193.33	548344.76	546041.91	546740.99	3982	6171	1
2025.04.23	13:20:00	546535.38	550565.36	545610.13	550113.01	5245	7937	1
2025.04.23	13:40:00	549989.65	551243.87	548879.34	550462.55	4020	5798	1
2025.04.23	14:00:00	550441.99	552806.52	549249.44	552354.18	4295	6297	1
2025.04.23	14:20:00	552395.30	553320.55	551367.24	552230.81	4023	5774	1
2025.04.23	14:40:00	552251.37	552662.59	551038.26	552066.32	3271	5190	1
2025.04.23	15:00:00	552025.20	553670.09	551655.10	553114.94	3440	5110	1
2025.04.23	15:20:00	553176.62	553814.02	551552.29	552148.56	3139	4959	1
2025.04.23	15:40:00	552128.00	552230.81	550812.09	550832.65	2124	3565	1
2025.04.23	16:00:00	550812.09	550997.14	548550.37	548879.34	4112	6078	1
2025.04.23	16:20:00	548879.34	550277.50	547337.26	550092.45	4503	6716	1
2025.04.23	16:40:00	550154.13	551285.00	549907.40	550400.87	3433	5566	1
2025.04.23	17:00:00	550503.67	552313.05	550380.31	552086.88	2240	3716	1
2025.04.23	17:20:00	552086.88	552251.37	551161.63	551161.63	1720	2817	1
2025.04.23	17:40:00	551161.63	551490.61	550339.18	550832.65	1725	2745	1
2025.04.23	18:00:00	550832.65	552456.98	550236.38	551552.29	782	1192	1
2025.04.23	18:20:00	551552.29	552004.64	550585.92	550873.77	162	224	1
2025.04.24	09:00:00	544561.51	544561.51	541148.36	543245.60	3553	4936	1
2025.04.24	09:20:00	543307.28	543410.08	541909.12	543081.11	3204	4300	1
2025.04.24	09:40:00	543142.79	543389.52	541682.95	542711.01	2536	3504	1
2025.04.24	10:00:00	542793.25	542998.86	541251.17	541868.00	3100	4279	1
2025.04.24	10:20:00	541950.24	543368.96	541024.99	542998.86	5293	7446	1
2025.04.24	10:40:00	542998.86	544191.41	541271.73	542854.93	6702	9588	1
2025.04.24	11:00:00	542854.93	545507.32	542628.76	543595.13	7093	10715	1
2025.04.24	11:20:00	543636.26	545445.64	542484.83	544869.92	4784	7219	1
2025.04.24	11:40:00	544890.49	546720.43	543739.06	544664.31	5390	8380	1
2025.04.24	12:00:00	544623.19	546041.91	543512.89	545096.10	4265	6815	1
2025.04.24	12:20:00	545137.22	546000.79	544109.16	545260.59	2242	3538	1
2025.04.24	12:40:00	545260.59	545507.32	543697.94	544787.68	2716	4217	1
2025.04.24	13:00:00	544808.24	546555.94	544582.07	546350.33	2642	3998	1
2025.04.24	13:20:00	546309.20	547234.45	545610.13	547008.28	2352	3426	1
2025.04.24	13:40:00	547131.65	548098.02	546041.91	546165.28	3019	4366	1
2025.04.24	14:00:00	546185.84	546638.18	543533.45	544026.92	4021	5710	1
2025.04.24	14:20:00	544006.36	544931.61	542854.93	543965.23	2981	4514	1
2025.04.24	14:40:00	543903.55	544828.80	542279.22	544808.24	3964	6262	1
2025.04.24	15:00:00	544746.56	547111.09	544643.75	546597.06	3581	5357	1
2025.04.24	15:20:00	546720.43	546720.43	545425.07	545877.42	2194	3403	1
2025.04.24	15:40:00	545980.23	547398.94	545918.54	546884.92	2666	4120	1
2025.04.24	16:00:00	546864.35	547337.26	545733.49	546288.64	2047	3272	1
2025.04.24	16:20:00	546288.64	547686.80	546226.96	547460.63	2551	3973	1
2025.04.24	16:40:00	547563.43	548447.56	546864.35	547974.65	2822	4510	1
2025.04.24	17:00:00	547995.22	548468.12	546041.91	546268.08	2544	4028	1
2025.04.24	17:20:00	546206.40	547069.97	545774.61	546124.15	1901	2849	1
2025.04.24	17:40:00	546062.47	547707.36	545897.98	546967.16	1462	2331	1
2025.04.24	18:00:00	546782.11	548324.19	546782.11	547830.73	741	1018	1
2025.04.24	18:20:00	548036.34	548098.02	544561.51	545260.59	196	288	1
2025.04.25	09:00:00	555553.12	557806.51	553847.84	556811.77	3438	5466	1
2025.04.25	09:20:00	556811.77	558009.52	555837.33	557664.40	2717	4202	1
2025.04.25	09:40:00	557664.40	558557.64	554822.29	554903.49	4408	6187	1
2025.04.25	10:00:00	554883.19	556020.04	553908.75	555593.72	3322	4960	1
2025.04.25	10:20:00	555573.42	556771.17	552711.00	555492.21	6332	9102	1
2025.04.25	10:40:00	555512.51	556872.67	553746.34	554091.45	4088	6273	1
2025.04.25	11:00:00	554314.76	560303.52	553441.83	559714.79	6677	10662	1
2025.04.25	11:20:00	559856.90	559999.00	555959.13	557887.71	5086	8098	1
2025.04.25	11:40:00	557786.21	562820.82	557481.70	560222.31	5491	8697	1
2025.04.25	12:00:00	560344.12	562353.90	559592.99	560486.22	3634	6477	1
2025.04.25	12:20:00	560486.22	561968.19	557359.89	557441.10	3180	5392	1
2025.04.25	12:40:00	557380.19	559004.26	557177.18	558314.03	2145	3738	1
2025.04.25	13:00:00	558374.93	559674.19	555715.52	556263.65	2630	4112	1
2025.04.25	13:20:00	556202.74	557786.21	555715.52	557745.61	2151	3733	1
2025.04.25	13:40:00	557786.21	558618.54	557400.49	557908.01	1849	2910	1
2025.04.25	14:00:00	557968.92	560222.31	557684.71	560059.91	2514	4239	1
2025.04.25	14:20:00	560059.91	560425.32	556324.55	556405.75	3393	5399	1
2025.04.25	14:40:00	556405.75	557461.40	553989.95	554801.98	3710	6099	1
2025.04.25	15:00:00	554842.59	556608.76	554639.58	556507.26	1910	3217	1
2025.04.25	15:20:00	556486.96	558801.25	556121.54	558659.15	2086	3211	1
2025.04.25	15:40:00	558659.15	559714.79	557745.61	558029.82	2777	4741	1
2025.04.25	16:00:00	558009.52	559836.60	557400.49	557847.11	3118	5395	1
2025.04.25	16:20:00	557826.81	558638.85	557095.98	558456.14	2587	4458	1
2025.04.25	16:40:00	558517.04	560181.71	557603.50	559978.70	2326	4523	1
2025.04.25	17:00:00	560059.91	560303.52	558517.04	559004.26	1341	2486	1
2025.04.25	17:20:00	558983.96	559126.07	557298.99	557542.60	1211	2059	1
2025.04.25	17:40:00	557522.30	557684.71	556527.56	557481.70	1090	1976	1
2025.04.25	18:00:00	557380.19	558780.95	556852.37	557156.88	801	1400	1
2025.04.25	18:20:00	557461.40	557461.40	554862.89	556223.04	136	260	1
2025.04.28	09:00:00	559288.47	560709.53	558131.32	558679.45	3037	4384	1
2025.04.28	09:20:00	558659.15	559369.68	558151.62	559369.68	2596	3635	1
2025.04.28	09:40:00	559329.07	560059.91	557217.79	557562.90	4657	6650	1
2025.04.28	10:00:00	557522.30	558232.83	556344.85	557075.68	4798	7184	1
2025.04.28	10:20:00	557156.88	557684.71	552101.97	552426.78	6572	9747	1
2025.04.28	10:40:00	552447.09	553523.03	547534.28	547818.49	7918	12718	1
2025.04.28	11:00:00	547859.09	552568.89	547067.36	552325.28	5924	9060	1
2025.04.28	11:20:00	552345.58	553908.75	550437.30	552487.69	5525	8865	1
2025.04.28	11:40:00	552487.69	553563.63	551574.15	552771.90	3602	6452	1
2025.04.28	12:00:00	552690.70	553299.72	550356.10	550883.92	3531	5704	1
2025.04.28	12:20:00	550944.82	550965.12	548468.12	549767.37	3822	6286	1
2025.04.28	12:40:00	549787.67	550051.58	548386.92	549341.06	2320	3957	1
2025.04.28	13:00:00	549259.85	549686.17	547920.00	548062.10	2316	3719	1
2025.04.28	13:20:00	548001.20	550477.90	547716.99	550295.20	2914	4669	1
2025.04.28	13:40:00	550356.10	550660.61	548163.61	548752.33	2716	4158	1
2025.04.28	14:00:00	548691.43	549341.06	548305.71	548569.62	2132	3545	1
2025.04.28	14:20:00	548488.42	548589.92	546356.83	548244.81	4246	6668	1
2025.04.28	14:40:00	548102.70	549747.07	547676.39	549483.16	2639	4184	1
2025.04.28	15:00:00	549483.16	549625.27	547250.07	547696.69	3154	4756	1
2025.04.28	15:20:00	547757.59	548386.92	546884.65	548386.92	2754	4311	1
2025.04.28	15:40:00	548346.31	549117.75	547879.39	548711.73	2339	3803	1
2025.04.28	16:00:00	548732.03	551594.45	548366.61	551411.74	4991	7909	1
2025.04.28	16:20:00	551391.44	552528.29	551269.64	552325.28	3387	5803	1
2025.04.28	16:40:00	552264.38	552548.59	551330.54	551695.95	2272	4425	1
2025.04.28	17:00:00	551574.15	551695.95	550335.80	550680.91	2034	3451	1
2025.04.28	17:20:00	550680.91	551777.16	550680.91	551553.85	1762	2828	1
2025.04.28	17:40:00	551635.05	551675.65	549807.97	550356.10	1569	2675	1
2025.04.28	18:00:00	550437.30	550741.81	547453.08	547716.99	1130	1846	1
2025.04.28	18:20:00	547656.08	548508.72	544651.56	545037.27	263	388	1
2025.04.29	09:00:00	553015.51	555837.33	552995.21	553583.93	3069	4653	1
2025.04.29	09:20:00	553685.44	554253.86	552183.17	553076.41	3077	4483	1
2025.04.29	09:40:00	553117.01	553137.31	551472.64	551756.86	2774	4120	1
2025.04.29	10:00:00	551777.16	552832.80	550762.11	551066.63	3560	5293	1
2025.04.29	10:20:00	551147.83	553401.23	551005.73	551127.53	5665	8635	1
2025.04.29	10:40:00	551168.13	553340.32	550985.42	552041.07	3828	6142	1
2025.04.29	11:00:00	552183.17	553766.64	550660.61	551959.87	5637	8393	1
2025.04.29	11:20:00	551939.56	553035.81	550883.92	552832.80	3525	5732	1
2025.04.29	11:40:00	552853.10	554071.15	552325.28	553177.92	3657	5676	1
2025.04.29	12:00:00	553076.41	553259.12	549341.06	549462.86	3649	5814	1
2025.04.29	12:20:00	549442.56	550599.71	548874.14	550559.11	3234	5073	1
2025.04.29	12:40:00	550579.41	551269.64	549929.78	550417.00	2142	3548	1
2025.04.29	13:00:00	550437.30	551249.34	550112.49	550295.20	1695	3188	1
2025.04.29	13:20:00	550234.29	553746.34	550234.29	552853.10	3801	6551	1
2025.04.29	13:40:00	552893.70	554192.96	551208.73	551330.54	3750	6317	1
2025.04.29	14:00:00	551310.24	552487.69	549929.78	551655.35	4143	7456	1
2025.04.29	14:20:00	551635.05	552426.78	550944.82	551736.56	2632	4759	1
2025.04.29	14:40:00	551736.56	553096.71	551432.04	552528.29	2884	5291	1
2025.04.29	15:00:00	552589.19	553604.23	551675.65	553137.31	3000	5602	1
2025.04.29	15:20:00	553157.62	553908.75	552467.39	553523.03	2277	4056	1
2025.04.29	15:40:00	553583.93	553969.65	552751.60	553482.43	2617	4518	1
2025.04.29	16:00:00	553502.73	553888.45	552792.20	553340.32	2443	3838	1
2025.04.29	16:20:00	553360.62	553888.45	552244.08	552731.30	2251	3944	1
2025.04.29	16:40:00	552731.30	553421.53	552365.88	552650.09	2469	3996	1
2025.04.29	17:00:00	552690.70	553177.92	551168.13	551310.24	1588	2571	1
2025.04.29	17:20:00	551289.94	551675.65	550153.09	550559.11	2153	3193	1
2025.04.29	17:40:00	550518.50	550538.81	548732.03	549056.84	2249	3682	1
2025.04.29	18:00:00	549138.05	549198.95	542560.57	542804.18	1719	2488	1
2025.04.29	18:20:00	542865.08	546032.02	541606.43	546032.02	273	360	1
2025.04.30	09:00:00	550965.12	551168.13	549036.54	549259.85	2727	4283	1
2025.04.30	09:20:00	549361.36	550031.28	546803.45	546986.16	4348	6327	1
2025.04.30	09:40:00	547067.36	548447.82	545808.71	548021.50	5320	7847	1
2025.04.30	10:00:00	548082.40	550599.71	547107.96	549726.77	5675	8247	1
2025.04.30	10:20:00	549787.67	552406.48	548630.53	548630.53	6300	9203	1
2025.04.30	10:40:00	548630.53	549077.14	542743.28	542865.08	9182	14600	1
2025.04.30	11:00:00	542763.58	545362.09	541951.55	544448.55	6051	9903	1
2025.04.30	11:20:00	544367.35	549665.87	544042.53	548589.92	8013	13316	1
2025.04.30	11:40:00	548549.32	549544.06	545544.80	545605.70	4563	7570	1
2025.04.30	12:00:00	545544.80	548062.10	545504.19	546153.82	3844	6912	1
2025.04.30	12:20:00	546133.52	547656.08	544550.05	547331.27	4427	6779	1
2025.04.30	12:40:00	547290.67	548224.51	546661.34	547229.77	2768	4615	1
2025.04.30	13:00:00	547229.77	547473.38	545321.49	546072.62	1920	3436	1
2025.04.30	13:20:00	545991.41	548508.72	545422.99	548488.42	2930	5176	1
2025.04.30	13:40:00	548488.42	550051.58	548366.61	548975.64	2889	4477	1
2025.04.30	14:00:00	549016.24	549483.16	547920.00	548589.92	2230	3608	1
2025.04.30	14:20:00	548630.53	550274.89	548305.71	549787.67	2130	3635	1
2025.04.30	14:40:00	549726.77	550356.10	548853.83	549239.55	2000	3375	1
2025.04.30	15:00:00	549381.66	550843.32	548955.34	549807.97	3563	6233	1
2025.04.30	15:20:00	549828.28	550031.28	548366.61	548366.61	1868	3270	1
2025.04.30	15:40:00	548346.31	548691.43	547716.99	548082.40	1842	3159	1
2025.04.30	16:00:00	548102.70	549036.54	547676.39	547757.59	1805	2901	1
2025.04.30	16:20:00	547737.29	548285.41	546377.13	547615.48	3040	5087	1
2025.04.30	16:40:00	547513.98	550051.58	547513.98	549198.95	2544	4279	1
2025.04.30	17:00:00	549219.25	552406.48	548975.64	551330.54	3656	6217	1
2025.04.30	17:20:00	551249.34	552995.21	551188.43	551858.36	2209	3245	1
2025.04.30	17:40:00	551817.76	552528.29	551391.44	551797.46	1653	2384	1
2025.04.30	18:00:00	551797.46	554395.97	551716.25	553766.64	1477	2371	1
2025.04.30	18:20:00	553847.84	558273.43	553380.92	555329.81	262	437	1
2025.05.02	09:00:00	565033.61	566515.58	563957.67	565053.91	2639	4810	1
2025.05.02	09:20:00	564952.41	566190.76	562780.22	563348.64	4171	6391	1
2025.05.02	09:40:00	563571.95	564830.61	562739.62	564708.80	2962	4336	1
2025.05.02	10:00:00	564769.70	564993.01	561765.18	562841.12	4419	6257	1
2025.05.02	10:20:00	562861.42	562881.72	560364.42	560851.64	5788	8380	1
2025.05.02	10:40:00	560851.64	562110.29	560039.60	560628.33	4899	7811	1
2025.05.02	11:00:00	560628.33	564099.77	560506.52	562556.91	6985	10859	1
2025.05.02	11:20:00	562597.51	565419.33	561765.18	565196.02	5009	8296	1
2025.05.02	11:40:00	565155.42	567226.11	563267.44	566373.47	5487	8794	1
2025.05.02	12:00:00	566434.37	567469.72	565399.03	566089.26	4138	6740	1
2025.05.02	12:20:00	566008.05	566008.05	563937.37	565703.54	3893	6368	1
2025.05.02	12:40:00	565602.04	566677.98	565216.32	565317.83	2573	4094	1
2025.05.02	13:00:00	565358.43	567794.53	565277.22	567510.32	3566	5864	1
2025.05.02	13:20:00	567530.62	568565.96	567002.80	567185.50	3188	5352	1
2025.05.02	13:40:00	567063.70	567896.03	565805.05	566028.36	2512	4079	1
2025.05.02	14:00:00	566008.05	566535.88	564241.88	565338.13	3693	6088	1
2025.05.02	14:20:00	565399.03	566109.56	564749.40	565805.05	2351	3882	1
2025.05.02	14:40:00	565744.14	566271.97	564607.30	565987.75	2830	4712	1
2025.05.02	15:00:00	565987.75	566820.09	565541.14	566373.47	2680	4504	1
2025.05.02	15:20:00	566414.07	566880.99	565723.84	566698.28	2142	3767	1
2025.05.02	15:40:00	566698.28	567104.30	564424.59	564830.61	3101	5327	1
2025.05.02	16:00:00	564749.40	564749.40	563409.55	564180.98	3627	6038	1
2025.05.02	16:20:00	564221.58	564871.21	563368.94	563511.05	3140	5171	1
2025.05.02	16:40:00	563470.45	563998.27	562353.90	563450.15	3111	5578	1
2025.05.02	17:00:00	563531.35	564079.47	562719.32	563531.35	1807	3143	1
2025.05.02	17:20:00	563531.35	564749.40	563064.43	564566.69	1582	2598	1
2025.05.02	17:40:00	564566.69	566799.79	563571.95	566474.97	1968	3175	1
2025.05.02	18:00:00	566048.66	566860.69	563511.05	564241.88	1078	1803	1
2025.05.02	18:20:00	563896.77	564505.79	563835.86	564383.99	105	167	1
2025.05.05	09:00:00	546478.64	546478.64	543616.21	544610.96	2997	4492	1
2025.05.05	09:20:00	544610.96	545727.50	544103.44	545301.19	2447	3729	1
2025.05.05	09:40:00	545280.88	545829.01	544509.45	545463.59	2239	3194	1
2025.05.05	10:00:00	545443.29	546214.72	544509.45	545483.89	3124	4546	1
2025.05.05	10:20:00	545463.59	545991.41	543007.19	543250.80	5984	9135	1
2025.05.05	10:40:00	543250.80	545382.39	542073.35	545321.49	6970	10573	1
2025.05.05	11:00:00	545362.09	547899.69	544083.13	544813.97	6566	9941	1
2025.05.05	11:20:00	544834.27	545341.79	543027.49	544651.56	4221	6068	1
2025.05.05	11:40:00	544692.16	546438.03	544326.74	544732.76	4339	7215	1
2025.05.05	12:00:00	544793.66	545240.28	543453.81	545199.68	3627	6269	1
2025.05.05	12:20:00	545138.78	545808.71	544387.65	544712.46	2299	4052	1
2025.05.05	12:40:00	544610.96	545362.09	543961.33	545016.97	1896	3150	1
2025.05.05	13:00:00	545077.88	547777.89	544895.17	547574.88	2910	4445	1
2025.05.05	13:20:00	547513.98	549422.26	547087.66	548326.01	4151	6951	1
2025.05.05	13:40:00	548326.01	549320.75	547940.30	549219.25	3149	5421	1
2025.05.05	14:00:00	549219.25	549544.06	548123.00	548589.92	3495	6471	1
2025.05.05	14:20:00	548610.22	551614.75	548569.62	551188.43	5625	9582	1
2025.05.05	14:40:00	551188.43	551371.14	550112.49	550985.42	2754	4841	1
2025.05.05	15:00:00	551107.23	552264.38	550924.52	551878.66	3015	4900	1
2025.05.05	15:20:00	551939.56	553604.23	551208.73	553015.51	3689	5828	1
2025.05.05	15:40:00	553096.71	553868.15	552609.49	552873.40	2593	4510	1
2025.05.05	16:00:00	552832.80	553726.04	552345.58	552934.31	2465	4156	1
2025.05.05	16:20:00	552954.61	553380.92	551553.85	551594.45	2793	4965	1
2025.05.05	16:40:00	551635.05	552000.47	550092.19	550660.61	3076	5263	1
2025.05.05	17:00:00	550701.21	550823.02	549462.86	549970.38	2396	4527	1
2025.05.05	17:20:00	549950.08	550092.19	547412.47	548671.13	3396	5792	1
2025.05.05	17:40:00	548732.03	549970.38	547980.90	549056.84	1978	3320	1
2025.05.05	18:00:00	549178.65	551635.05	548366.61	551208.73	1433	2337	1
2025.05.05	18:20:00	551208.73	553117.01	551208.73	553015.51	158	273	1
2025.05.06	09:00:00	546986.16	549422.26	546986.16	549341.06	2943	4440	1
2025.05.06	09:20:00	549341.06	549929.78	548001.20	549929.78	3409	4841	1
2025.05.06	09:40:00	549848.58	550376.40	548853.83	549604.97	3439	4668	1
2025.05.06	10:00:00	549625.27	550112.49	548894.44	549604.97	3479	4968	1
2025.05.06	10:20:00	549604.97	551614.75	549178.65	551411.74	6108	8920	1
2025.05.06	10:40:00	551391.44	552589.19	548671.13	549604.97	8539	12826	1
2025.05.06	11:00:00	549604.97	554253.86	549381.66	553705.74	8055	11671	1
2025.05.06	11:20:00	553665.14	555857.63	553117.01	553198.22	6069	9143	1
2025.05.06	11:40:00	553198.22	553279.42	551472.64	551919.26	4320	6350	1
2025.05.06	12:00:00	551878.66	552893.70	550640.31	552873.40	5566	8902	1
2025.05.06	12:20:00	552812.50	554436.57	552507.99	554192.96	3398	5632	1
2025.05.06	12:40:00	554233.56	554781.68	553340.32	554598.98	2943	4484	1
2025.05.06	13:00:00	554659.88	555817.03	554071.15	554903.49	4301	6528	1
2025.05.06	13:20:00	554822.29	555106.50	553705.74	554314.76	3403	5515	1
2025.05.06	13:40:00	554355.37	554578.67	551817.76	551980.17	3579	5724	1
2025.05.06	14:00:00	551959.87	554111.76	551919.26	553989.95	4502	7615	1
2025.05.06	14:20:00	554030.55	554883.19	553096.71	554274.16	3673	5855	1
2025.05.06	14:40:00	554192.96	554416.27	552589.19	552751.60	2883	4597	1
2025.05.06	15:00:00	552792.20	554842.59	552284.68	554598.98	3346	5592	1
2025.05.06	15:20:00	554598.98	555228.30	554314.76	555045.59	2177	3529	1
2025.05.06	15:40:00	555106.50	556933.57	554619.28	556507.26	3185	5125	1
2025.05.06	16:00:00	556507.26	556791.47	555857.63	556080.94	2719	4669	1
2025.05.06	16:20:00	556121.54	557258.39	555959.13	556588.46	2361	4201	1
2025.05.06	16:40:00	556608.76	557238.09	555877.93	556141.84	2437	4269	1
2025.05.06	17:00:00	556080.94	556689.96	555553.12	556202.74	2025	3328	1
2025.05.06	17:20:00	556223.04	556385.45	554944.09	555126.80	1717	2897	1
2025.05.06	17:40:00	555086.20	556223.04	554822.29	555289.20	1687	2805	1
2025.05.06	18:00:00	555289.20	555999.73	554822.29	555553.12	817	1329	1
2025.05.06	18:20:00	555309.51	556141.84	554923.79	555492.21	210	394	1
2025.05.07	09:00:00	567449.42	568890.78	567124.60	568180.25	4297	6037	1
2025.05.07	09:20:00	568180.25	569438.90	567936.64	568971.98	4114	5824	1
2025.05.07	09:40:00	568951.68	570108.83	568342.65	569987.02	3015	4333	1
2025.05.07	10:00:00	569987.02	570250.93	569073.48	569215.59	3335	4813	1
2025.05.07	10:20:00	569215.59	570271.23	568383.25	569946.42	5962	8382	1
2025.05.07	10:40:00	569926.12	572179.51	569641.91	571712.59	8650	12934	1
2025.05.07	11:00:00	571651.69	572484.03	570575.75	571611.09	5609	8739	1
2025.05.07	11:20:00	571692.29	573458.47	571468.98	573153.95	4508	7180	1
2025.05.07	11:40:00	573113.35	573620.87	570291.53	570799.06	5830	9235	1
2025.05.07	12:00:00	570819.36	571834.40	569114.09	571590.79	5797	9059	1
2025.05.07	12:20:00	571550.19	572402.82	570799.06	572220.12	4067	6733	1
2025.05.07	12:40:00	572240.42	572626.13	570372.74	571245.67	3215	4971	1
2025.05.07	13:00:00	571184.77	571326.88	569581.00	570413.34	3561	5572	1
2025.05.07	13:20:00	570474.24	570474.24	568789.27	569723.11	2747	4283	1
2025.05.07	13:40:00	569804.31	570799.06	569418.60	570210.33	2522	4092	1
2025.05.07	14:00:00	570271.23	570596.05	569134.39	569296.79	3598	5573	1
2025.05.07	14:20:00	569235.89	569621.61	568809.57	569256.19	2469	3960	1
2025.05.07	14:40:00	569235.89	569560.70	566150.16	566657.68	5142	8053	1
2025.05.07	15:00:00	566880.99	568829.87	564708.80	567429.11	7995	11961	1
2025.05.07	15:20:00	567408.81	570352.44	567408.81	568829.87	6034	9086	1
2025.05.07	15:40:00	568809.57	569438.90	565967.45	569174.99	5831	9218	1
2025.05.07	16:00:00	569195.29	569682.51	567896.03	569276.49	3605	6042	1
2025.05.07	16:20:00	569215.59	569398.30	565683.24	567023.10	4851	8486	1
2025.05.07	16:40:00	566962.19	569662.21	566332.87	566718.58	5128	8999	1
2025.05.07	17:00:00	566799.79	568261.45	566211.06	567124.60	3090	4977	1
2025.05.07	17:20:00	567124.60	567977.24	566962.19	567611.82	1379	2174	1
2025.05.07	17:40:00	567591.52	569946.42	567307.31	569824.61	1633	2692	1
2025.05.07	18:00:00	569743.41	570778.75	569174.99	570393.04	812	1240	1
2025.05.07	18:20:00	570190.03	571611.09	570169.73	571448.68	184	304	1
2025.05.08	09:00:00	582796.86	586349.51	582654.75	583487.09	4580	7339	1
2025.05.08	09:20:00	583487.09	584684.84	582532.95	582654.75	3572	5143	1
2025.05.08	09:40:00	582532.95	582837.46	580705.87	580908.88	4919	6956	1
2025.05.08	10:00:00	580929.18	581538.21	579934.44	580969.78	3599	5029	1
2025.05.08	10:20:00	580969.78	582512.65	579975.04	580056.24	6721	9496	1
2025.05.08	10:40:00	580035.94	580502.86	577884.05	579020.90	7437	10615	1
2025.05.08	11:00:00	579061.50	580076.55	577762.25	579183.31	5042	7536	1
2025.05.08	11:20:00	579163.01	580868.28	578513.38	579772.03	4577	7043	1
2025.05.08	11:40:00	579812.63	581842.72	578655.49	578838.19	6350	10142	1
2025.05.08	12:00:00	578838.19	581497.60	578290.07	581172.79	5361	8482	1
2025.05.08	12:20:00	581233.69	586836.73	580726.17	586633.72	10084	16906	1
2025.05.08	12:40:00	586714.92	589983.36	585923.19	586978.83	8467	13768	1
2025.05.08	13:00:00	586978.83	589496.14	586045.00	588968.32	4424	7444	1
2025.05.08	13:20:00	588887.11	589272.83	586978.83	588907.42	3508	5671	1
2025.05.08	13:40:00	588927.72	589699.15	588521.70	589617.95	2789	4353	1
2025.05.08	14:00:00	589638.25	590714.19	588907.42	590531.48	4257	6153	1
2025.05.08	14:20:00	590531.48	592074.35	589333.73	589678.85	5308	8447	1
2025.05.08	14:40:00	589658.55	589699.15	587506.66	588602.90	3957	6512	1
2025.05.08	15:00:00	588704.41	590653.29	588257.79	590572.09	3642	5818	1
2025.05.08	15:20:00	590531.48	590856.30	589597.64	590511.18	3504	5411	1
2025.05.08	15:40:00	590450.28	590795.39	589557.04	590125.47	2868	4605	1
2025.05.08	16:00:00	590064.56	590226.97	587790.87	588217.19	3280	5604	1
2025.05.08	16:20:00	588217.19	589414.94	587872.07	588745.01	4114	6979	1
2025.05.08	16:40:00	588684.11	589008.92	586349.51	588115.68	4607	7817	1
2025.05.08	17:00:00	588095.38	591404.42	587932.97	589455.54	4689	7610	1
2025.05.08	17:20:00	589414.94	594002.93	589029.22	593799.92	4336	6852	1
2025.05.08	17:40:00	593759.32	596784.15	593008.19	596134.52	5068	7670	1
2025.05.08	18:00:00	595890.91	602082.67	593637.51	599342.05	2066	3465	1
2025.05.08	18:20:00	599321.75	605452.61	599037.54	600275.89	382	539	1
2025.05.09	09:00:00	598733.03	598733.03	595281.88	597210.46	5602	8220	1
2025.05.09	09:20:00	597169.86	598793.93	596966.85	597169.86	4414	6460	1
2025.05.09	09:40:00	597068.36	597251.07	596053.32	596540.54	4276	5937	1
2025.05.09	10:00:00	596601.44	599118.74	596337.53	597920.99	6331	9083	1
2025.05.09	10:20:00	597961.60	599362.35	596966.85	598753.33	7480	11051	1
2025.05.09	10:40:00	598773.63	601575.15	597575.88	600580.41	8538	12718	1
2025.05.09	11:00:00	600458.60	600884.92	598469.12	598773.63	7440	11045	1
2025.05.09	11:20:00	598834.53	598915.74	593028.49	593698.42	11551	17803	1
2025.05.09	11:40:00	593718.72	597372.87	592825.48	597007.46	7796	12031	1
2025.05.09	12:00:00	596966.85	597839.79	595850.31	596317.23	4441	6956	1
2025.05.09	12:20:00	596357.83	596398.43	593434.51	594611.96	5210	7978	1
2025.05.09	12:40:00	594713.46	595545.79	594104.43	595200.68	3495	5516	1
2025.05.09	13:00:00	595220.98	595464.59	593272.10	594896.17	4428	7053	1
2025.05.09	13:20:00	594916.47	595363.09	594002.93	594591.65	3009	5157	1
2025.05.09	13:40:00	594530.75	595139.78	591932.24	592906.68	3932	6864	1
2025.05.09	14:00:00	592825.48	596093.92	592297.66	595992.41	4268	7276	1
2025.05.09	14:20:00	596053.32	597758.59	595667.60	597291.67	4059	6674	1
2025.05.09	14:40:00	597291.67	598042.80	597129.26	597514.98	2597	4685	1
2025.05.09	15:00:00	597494.68	597799.19	595850.31	596845.05	3673	6622	1
2025.05.09	15:20:00	596926.25	597251.07	595951.81	597027.76	3170	5782	1
2025.05.09	15:40:00	597068.36	598205.21	596946.55	597332.27	3003	5347	1
2025.05.09	16:00:00	597311.97	598306.71	596581.14	596662.34	3155	5427	1
2025.05.09	16:20:00	596702.94	597108.96	595931.51	596682.64	2988	5425	1
2025.05.09	16:40:00	596723.24	597860.09	596418.73	597860.09	2543	5120	1
2025.05.09	17:00:00	597819.49	599199.95	597575.88	598773.63	2740	4532	1
2025.05.09	17:20:00	598854.83	599057.84	597799.19	598083.40	1835	2855	1
2025.05.09	17:40:00	598103.70	598550.32	597657.08	598164.60	1437	2397	1
2025.05.09	18:00:00	598063.10	598205.21	596560.84	596743.54	834	1372	1
2025.05.09	18:20:00	596642.04	596885.65	595261.58	595830.01	180	295	1
2025.05.12	09:00:00	601575.15	604437.57	601575.15	604173.66	7327	10171	1
2025.05.12	09:20:00	604133.05	606183.44	603869.14	605168.40	5839	7997	1
2025.05.12	09:40:00	605168.40	605412.01	603199.22	603361.62	5843	8090	1
2025.05.12	10:00:00	603321.02	605899.23	602448.08	605777.42	8654	12399	1
2025.05.12	10:20:00	605818.03	605919.53	601676.65	602346.58	11851	16332	1
2025.05.12	10:40:00	602265.38	607543.60	600478.90	605939.83	16246	23116	1
2025.05.12	11:00:00	606021.03	606954.87	603442.83	605127.80	11087	16207	1
2025.05.12	11:20:00	605148.10	605878.93	597454.07	602062.37	15171	22557	1
2025.05.12	11:40:00	602001.47	602610.49	597535.28	597819.49	7503	11617	1
2025.05.12	12:00:00	597839.79	599788.67	595464.59	599362.35	9897	15072	1
2025.05.12	12:20:00	599342.05	600661.61	597129.26	597332.27	6385	9597	1
2025.05.12	12:40:00	597332.27	597961.60	595809.71	596215.72	7230	11267	1
2025.05.12	13:00:00	596195.42	598895.43	595890.91	598428.52	6469	10199	1
2025.05.12	13:20:00	598469.12	599687.17	597920.99	597941.29	4575	7602	1
2025.05.12	13:40:00	597941.29	599788.67	597657.08	598875.13	4600	7789	1
2025.05.12	14:00:00	598956.34	600539.80	598489.42	599646.57	4241	7097	1
2025.05.12	14:20:00	599545.06	600742.81	598205.21	599443.56	5789	9583	1
2025.05.12	14:40:00	599443.56	599748.07	597697.68	597961.60	4224	6764	1
2025.05.12	15:00:00	597981.90	598631.52	593637.51	596276.62	9743	15461	1
2025.05.12	15:20:00	596317.23	596439.03	590105.17	590409.68	8770	13942	1
2025.05.12	15:40:00	590409.68	592622.47	586593.12	591688.63	10423	16195	1
2025.05.12	16:00:00	591688.63	594002.93	591424.72	592987.89	6737	10999	1
2025.05.12	16:20:00	592987.89	593251.80	591018.70	591282.62	4888	8029	1
2025.05.12	16:40:00	591242.01	592216.45	590044.26	591851.04	4870	8408	1
2025.05.12	17:00:00	591851.04	593231.50	591505.92	593069.09	3850	6643	1
2025.05.12	17:20:00	593048.79	595586.40	592480.37	595383.39	4295	6555	1
2025.05.12	17:40:00	595403.69	597535.28	594063.83	595951.81	4486	6789	1
2025.05.12	18:00:00	596012.71	597352.57	594693.16	595078.87	1315	1974	1
2025.05.12	18:20:00	595078.87	595484.89	594246.54	595099.18	170	253	1
2025.05.13	09:00:00	600844.32	602772.90	598793.93	599626.27	8875	13316	1
2025.05.13	09:20:00	599626.27	600925.52	598530.02	600357.10	11330	16027	1
2025.05.13	09:40:00	600296.19	600722.51	597717.99	598266.11	8405	12045	1
2025.05.13	10:00:00	598286.41	599037.54	596560.84	598509.72	8132	13647	1
2025.05.13	10:20:00	598509.72	599484.16	596581.14	596966.85	9830	17516	1
2025.05.13	10:40:00	596946.55	598408.21	595180.38	598245.81	10460	19781	1
2025.05.13	11:00:00	598266.11	598631.52	593150.29	594408.95	12490	21701	1
2025.05.13	11:20:00	594469.85	595850.31	593251.80	594266.84	8056	13375	1
2025.05.13	11:40:00	594266.84	594652.56	592602.17	594530.75	5530	8726	1
2025.05.13	12:00:00	594408.95	597210.46	593799.92	595180.38	7147	11199	1
2025.05.13	12:20:00	595200.68	596114.22	593251.80	594632.26	5873	9504	1
2025.05.13	12:40:00	594672.86	595038.27	592845.78	594754.06	4736	7858	1
2025.05.13	13:00:00	594754.06	599342.05	594043.53	598286.41	7259	12574	1
2025.05.13	13:20:00	598306.71	599139.05	596885.65	597758.59	6727	11833	1
2025.05.13	13:40:00	597697.68	597839.79	595464.59	595627.00	4760	8782	1
2025.05.13	14:00:00	595647.30	597433.77	595647.30	597027.76	5168	8796	1
2025.05.13	14:20:00	597007.46	597758.59	594997.67	596296.93	5359	9342	1
2025.05.13	14:40:00	596256.32	598875.13	596256.32	598672.13	5186	8737	1
2025.05.13	15:00:00	598712.73	599707.47	597717.99	597738.29	5363	9123	1
2025.05.13	15:20:00	597778.89	599118.74	597108.96	597190.16	4164	7088	1
2025.05.13	15:40:00	597129.26	597920.99	596479.63	597819.49	3959	7117	1
2025.05.13	16:00:00	597819.49	598428.52	596845.05	597799.19	4234	8515	1
2025.05.13	16:20:00	597839.79	600844.32	597393.17	600255.59	6013	11930	1
2025.05.13	16:40:00	600255.59	602224.77	599220.25	601412.74	7603	14194	1
2025.05.13	17:00:00	601473.64	602549.59	599037.54	599808.97	5902	10342	1
2025.05.13	17:20:00	600011.98	600864.62	599463.86	600357.10	2859	5123	1
2025.05.13	17:40:00	600357.10	601148.83	599504.46	600357.10	2787	4635	1
2025.05.13	18:00:00	600336.80	601433.04	599951.08	600783.41	915	1617	1
2025.05.13	18:20:00	600580.41	600864.62	599484.16	600377.40	164	284	1
2025.05.14	09:00:00	596784.15	597677.38	595525.49	597433.77	5035	7483	1
2025.05.14	09:20:00	597433.77	597819.49	594408.95	595220.98	7579	10196	1
2025.05.14	09:40:00	595160.08	596114.22	594591.65	595281.88	4528	6539	1
2025.05.14	10:00:00	595220.98	597616.48	594246.54	596621.74	7647	11385	1
2025.05.14	10:20:00	596601.44	598753.33	595403.69	596885.65	10032	16045	1
2025.05.14	10:40:00	596946.55	597616.48	592703.68	595748.80	13441	21659	1
2025.05.14	11:00:00	595748.80	595890.91	591708.93	592155.55	10026	16052	1
2025.05.14	11:20:00	592175.85	592947.29	590592.39	592114.95	9271	14795	1
2025.05.14	11:40:00	592135.25	593962.33	591769.84	592683.37	6359	10568	1
2025.05.14	12:00:00	592744.28	593881.12	590856.30	592520.97	7451	12751	1
2025.05.14	12:20:00	592581.87	594449.55	591790.14	594368.34	5809	10325	1
2025.05.14	12:40:00	594327.74	594469.85	592642.77	594165.34	5260	9862	1
2025.05.14	13:00:00	594185.64	594814.96	593170.59	593292.40	5111	9305	1
2025.05.14	13:20:00	593353.30	594977.37	592906.68	594084.13	5310	9395	1
2025.05.14	13:40:00	594124.73	594632.26	591810.44	593272.10	5162	9433	1
2025.05.14	14:00:00	593312.70	593901.43	591079.61	591424.72	5506	9869	1
2025.05.14	14:20:00	591424.72	592054.05	589739.75	591871.34	6834	12557	1
2025.05.14	14:40:00	591851.04	593129.99	591668.33	593089.39	4638	8444	1
2025.05.14	15:00:00	593089.39	594733.76	592378.86	594571.35	6950	12946	1
2025.05.14	15:20:00	594632.26	594855.57	592764.58	593129.99	5263	8970	1
2025.05.14	15:40:00	593170.59	595058.57	592683.37	594875.87	3946	7132	1
2025.05.14	16:00:00	594855.57	596398.43	594632.26	596114.22	4410	8098	1
2025.05.14	16:20:00	596114.22	596459.33	594713.46	594875.87	3883	7316	1
2025.05.14	16:40:00	594794.66	595464.59	594063.83	594693.16	3920	7323	1
2025.05.14	17:00:00	594713.46	595728.50	594571.35	595566.10	2765	5134	1
2025.05.14	17:20:00	595545.79	595972.11	595139.78	595708.20	1807	2839	1
2025.05.14	17:40:00	595728.50	597311.97	595647.30	596662.34	2072	3057	1
2025.05.14	18:00:00	596540.54	597900.69	595748.80	597738.29	1238	2024	1
2025.05.14	18:20:00	597799.19	597941.29	597129.26	597433.77	157	272	1
2025.05.15	09:00:00	590450.28	590450.28	587770.57	588826.21	6584	10603	1
2025.05.15	09:20:00	588826.21	590084.87	588135.98	589211.93	7028	11381	1
2025.05.15	09:40:00	589191.63	590653.29	588257.79	589110.42	7463	11455	1
2025.05.15	10:00:00	589151.03	590612.69	588704.41	589272.83	5946	9588	1
2025.05.15	10:20:00	589272.83	590632.99	586511.92	586654.02	11273	17971	1
2025.05.15	10:40:00	586735.22	588420.20	584278.82	587425.45	13896	23283	1
2025.05.15	11:00:00	587384.85	589069.82	585070.55	587526.96	11621	18605	1
2025.05.15	11:20:00	587445.75	588318.69	584806.64	584806.64	7694	12646	1
2025.05.15	11:40:00	584806.64	588278.09	584502.13	588034.48	8963	15460	1
2025.05.15	12:00:00	588034.48	590450.28	587506.66	589760.05	7128	12305	1
2025.05.15	12:20:00	589841.25	593190.90	589536.74	592967.59	7164	12424	1
2025.05.15	12:40:00	593008.19	595606.70	592135.25	594916.47	7477	12135	1
2025.05.15	13:00:00	594957.07	596073.62	593596.91	594408.95	6591	11390	1
2025.05.15	13:20:00	594388.65	596012.71	593799.92	595505.19	5173	9792	1
2025.05.15	13:40:00	595525.49	598306.71	595383.39	598042.80	6698	12984	1
2025.05.15	14:00:00	598042.80	599037.54	597129.26	599017.24	5510	10876	1
2025.05.15	14:20:00	598996.94	602102.97	598956.34	600844.32	9250	17262	1
2025.05.15	14:40:00	600824.02	604863.89	600824.02	603402.22	8052	14028	1
2025.05.15	15:00:00	603321.02	603747.34	601209.73	601839.06	7728	13976	1
2025.05.15	15:20:00	601839.06	603219.52	599687.17	600093.19	6586	12845	1
2025.05.15	15:40:00	600032.28	600803.71	596256.32	596560.84	7665	14040	1
2025.05.15	16:00:00	596581.14	599484.16	596134.52	599362.35	5997	11449	1
2025.05.15	16:20:00	599362.35	600154.09	596439.03	598184.91	5920	11628	1
2025.05.15	16:40:00	598184.91	599524.76	597778.89	598834.53	4545	9268	1
2025.05.15	17:00:00	598854.83	600519.50	597149.56	599057.84	5123	9830	1
2025.05.15	17:20:00	599118.74	600235.29	598915.74	600093.19	2616	4236	1
2025.05.15	17:40:00	600154.09	601108.23	599748.07	600742.81	2154	3684	1
2025.05.15	18:00:00	600702.21	602793.20	600011.98	601818.76	1492	2629	1
2025.05.15	18:20:00	601778.16	601818.76	599565.36	601636.05	209	335	1
2025.05.16	09:00:00	600884.92	604376.66	600844.32	604315.76	5433	8463	1
2025.05.16	09:20:00	604295.46	604884.19	603036.81	603503.73	6545	9792	1
2025.05.16	09:40:00	603422.52	604153.36	602529.29	602732.30	6803	10085	1
2025.05.16	10:00:00	602752.60	605269.90	602630.79	603503.73	7669	11813	1
2025.05.16	10:20:00	603463.13	605269.90	602712.00	605249.60	8481	12969	1
2025.05.16	10:40:00	605188.70	605899.23	603584.93	604904.49	9199	14383	1
2025.05.16	11:00:00	604823.28	605330.80	601696.95	604193.96	11830	17705	1
2025.05.16	11:20:00	604133.05	605066.89	603199.22	603402.22	7747	13924	1
2025.05.16	11:40:00	603442.83	603950.35	601981.16	603260.12	7574	13724	1
2025.05.16	12:00:00	603260.12	606183.44	603239.82	604782.68	7992	14166	1
2025.05.16	12:20:00	604782.68	605066.89	602915.00	603524.03	6894	12540	1
2025.05.16	12:40:00	603503.73	604721.78	603178.91	604640.58	4009	7755	1
2025.05.16	13:00:00	604681.18	606772.17	604193.96	604498.47	8416	15199	1
2025.05.16	13:20:00	604457.87	604660.88	602224.77	602712.00	5588	9631	1
2025.05.16	13:40:00	602732.30	604620.28	602468.38	604356.36	4238	8311	1
2025.05.16	14:00:00	604336.06	605452.61	603524.03	605269.90	4281	8424	1
2025.05.16	14:20:00	605249.60	605858.63	603097.71	603280.42	4148	7907	1
2025.05.16	14:40:00	603260.12	603787.94	602265.38	602894.70	4017	7641	1
2025.05.16	15:00:00	602833.80	603787.94	602488.69	602833.80	4331	8196	1
2025.05.16	15:20:00	602772.90	602975.91	601656.35	602529.29	4879	9731	1
2025.05.16	15:40:00	602508.99	602549.59	600702.21	600925.52	5150	9586	1
2025.05.16	16:00:00	600905.22	601351.84	600032.28	600214.99	4591	9107	1
2025.05.16	16:20:00	600275.89	601717.25	599727.77	601189.43	3756	7476	1
2025.05.16	16:40:00	601128.53	602955.61	600884.92	602732.30	3945	8201	1
2025.05.16	17:00:00	602712.00	602793.20	601209.73	601575.15	3252	6846	1
2025.05.16	17:20:00	601514.24	601920.26	599504.46	600296.19	2916	4888	1
2025.05.16	17:40:00	600296.19	600681.91	599057.84	600154.09	2527	3808	1
2025.05.16	18:00:00	600133.79	600945.82	597839.79	598651.82	973	1683	1
2025.05.16	18:20:00	598367.61	599910.48	597352.57	599910.48	151	241	1
2025.05.19	09:00:00	595809.71	595809.71	593536.01	593779.62	3529	5579	1
2025.05.19	09:20:00	593739.02	595505.19	593556.31	593617.21	5555	8428	1
2025.05.19	09:40:00	593617.21	594855.57	593170.59	594551.05	4982	7527	1
2025.05.19	10:00:00	594571.35	595322.48	593454.81	594348.04	5783	8884	1
2025.05.19	10:20:00	594388.65	596560.84	593028.49	596012.71	12205	21293	1
2025.05.19	10:40:00	595992.41	598184.91	595505.19	596987.15	12712	22628	1
2025.05.19	11:00:00	597048.06	599808.97	596865.35	599463.86	10152	16867	1
2025.05.19	11:20:00	599484.16	599971.38	597677.38	599342.05	6640	11570	1
2025.05.19	11:40:00	599281.15	602549.59	598692.43	602062.37	7980	13101	1
2025.05.19	12:00:00	602062.37	602935.30	601087.93	601209.73	6052	10784	1
2025.05.19	12:20:00	601230.03	604092.45	601189.43	603463.13	6577	12124	1
2025.05.19	12:40:00	603503.73	604579.67	603219.52	603828.54	5050	9207	1
2025.05.19	13:00:00	603848.84	604376.66	601879.66	603544.33	5813	10124	1
2025.05.19	13:20:00	603544.33	605066.89	603361.62	603909.75	5529	9684	1
2025.05.19	13:40:00	604011.25	607624.80	604011.25	607198.48	6532	11556	1
2025.05.19	14:00:00	607137.58	607868.41	605229.30	605574.42	7265	12975	1
2025.05.19	14:20:00	605594.72	607868.41	605574.42	606995.47	5567	10412	1
2025.05.19	14:40:00	607015.78	607969.92	606690.96	607381.19	5232	9777	1
2025.05.19	15:00:00	607360.89	608660.14	606224.04	606325.55	6027	10879	1
2025.05.19	15:20:00	606325.55	607523.30	604315.76	605655.62	6023	11096	1
2025.05.19	15:40:00	605716.52	605919.53	603645.83	604234.56	4525	8383	1
2025.05.19	16:00:00	604214.26	605472.91	603239.82	605391.71	5590	10543	1
2025.05.19	16:20:00	605371.41	608599.24	604843.58	608355.63	5687	11571	1
2025.05.19	16:40:00	608396.23	609390.98	608010.52	609106.76	4981	10036	1
2025.05.19	17:00:00	609066.16	610507.52	608172.92	609106.76	4853	8934	1
2025.05.19	17:20:00	609066.16	610182.71	608457.14	608964.66	3455	5442	1
2025.05.19	17:40:00	608924.06	609228.57	608071.42	608822.55	3089	4595	1
2025.05.19	18:00:00	608741.35	609736.09	607929.31	609228.57	1466	2500	1
2025.05.19	18:20:00	609208.27	610527.82	607381.19	607381.19	318	492	1
2025.05.20	09:00:00	605249.60	607584.20	604660.88	605513.51	4366	6255	1
2025.05.20	09:20:00	605574.42	605757.12	604112.75	604173.66	4979	7103	1
2025.05.20	09:40:00	604173.66	604823.28	603361.62	604417.27	6263	9106	1
2025.05.20	10:00:00	604437.57	605188.70	602712.00	603544.33	7041	10196	1
2025.05.20	10:20:00	603483.43	604742.08	602265.38	604031.55	9721	15316	1
2025.05.20	10:40:00	604051.85	604336.06	601859.36	603321.02	9852	16422	1
2025.05.20	11:00:00	603321.02	605899.23	602427.78	605594.72	8417	14954	1
2025.05.20	11:20:00	605554.11	606954.87	604011.25	605574.42	8135	14286	1
2025.05.20	11:40:00	605554.11	606589.46	604193.96	604254.86	5965	11473	1
2025.05.20	12:00:00	604234.56	606244.34	603950.35	605939.83	4874	10037	1
2025.05.20	12:20:00	606000.73	608660.14	604823.28	607827.81	6160	11460	1
2025.05.20	12:40:00	607868.41	609330.07	606731.56	608964.66	6002	10905	1
2025.05.20	13:00:00	609025.56	609736.09	607563.90	609127.06	5005	9427	1
2025.05.20	13:20:00	609106.76	610121.81	608375.93	609451.88	4267	7943	1
2025.05.20	13:40:00	609431.58	609776.69	607929.31	608254.13	3358	6135	1
2025.05.20	14:00:00	608233.83	613938.37	608091.72	612659.41	9893	17546	1
2025.05.20	14:20:00	612720.32	614425.59	612700.01	613248.14	6326	11116	1
2025.05.20	14:40:00	613288.74	614953.41	613187.23	613999.27	4997	8686	1
2025.05.20	15:00:00	614019.57	615927.85	613532.35	614831.60	6232	11303	1
2025.05.20	15:20:00	614770.70	614933.11	612294.00	613654.15	7550	13114	1
2025.05.20	15:40:00	613694.76	613694.76	609817.29	610101.51	6725	12440	1
2025.05.20	16:00:00	610020.30	613715.06	609411.28	613532.35	6873	12842	1
2025.05.20	16:20:00	613593.25	616415.07	613451.15	615745.14	5954	10597	1
2025.05.20	16:40:00	615806.04	620272.23	615785.74	618952.68	8498	15961	1
2025.05.20	17:00:00	619054.18	619460.20	615826.35	617409.81	6988	11834	1
2025.05.20	17:20:00	617470.71	618018.84	616272.96	616881.99	3421	5798	1
2025.05.20	17:40:00	616841.39	620921.86	616455.67	619297.79	4389	6750	1
2025.05.20	18:00:00	619216.59	620739.15	617491.02	617592.52	1778	2870	1
2025.05.20	18:20:00	617653.42	618912.07	616333.87	616333.87	190	379	1
2025.05.21	09:00:00	616354.17	617166.20	615115.82	616618.08	4457	6402	1
2025.05.21	09:20:00	616577.48	616597.78	614506.79	615440.63	5657	7821	1
2025.05.21	09:40:00	615400.03	616069.96	614791.00	615075.21	4845	6834	1
2025.05.21	10:00:00	615054.91	616171.46	613674.46	614384.98	6786	9447	1
2025.05.21	10:20:00	614405.29	617267.71	613816.56	617044.40	9111	13225	1
2025.05.21	10:40:00	617064.70	620820.36	616435.37	618627.86	12474	18945	1
2025.05.21	11:00:00	618566.96	621327.88	618018.84	621246.67	10662	17415	1
2025.05.21	11:20:00	621165.47	621936.90	617328.61	619906.82	9841	16149	1
2025.05.21	11:40:00	619845.91	627844.45	619602.30	627742.95	14063	22549	1
2025.05.21	12:00:00	627722.64	631173.79	625164.74	628859.49	17766	28857	1
2025.05.21	12:20:00	628879.79	630747.47	625367.75	626240.68	9236	16267	1
2025.05.21	12:40:00	626200.08	630544.46	626200.08	629204.61	8841	15063	1
2025.05.21	13:00:00	629204.61	630564.76	627560.24	629407.62	6504	11369	1
2025.05.21	13:20:00	629387.31	632899.36	628737.69	631884.32	9436	16307	1
2025.05.21	13:40:00	631945.22	633853.50	629610.62	629671.53	8753	15664	1
2025.05.21	14:00:00	629671.53	630767.77	625956.47	626463.99	10132	17735	1
2025.05.21	14:20:00	626484.29	626849.71	616171.46	620353.44	22847	38738	1
2025.05.21	14:40:00	620394.04	620515.84	612151.89	614994.01	16651	29135	1
2025.05.21	15:00:00	614994.01	617511.32	613694.76	616516.57	8827	16407	1
2025.05.21	15:20:00	616496.27	617145.90	614100.77	616963.19	7463	13879	1
2025.05.21	15:40:00	616983.49	619703.81	616435.37	616861.69	8314	15634	1
2025.05.21	16:00:00	616922.59	619033.88	614770.70	615704.54	8168	15789	1
2025.05.21	16:20:00	615745.14	623885.78	614831.60	623581.27	8952	16313	1
2025.05.21	16:40:00	623520.37	626484.29	621490.28	624718.12	10973	20424	1
2025.05.21	17:00:00	624738.42	626017.37	623215.86	624352.70	5355	9510	1
2025.05.21	17:20:00	624352.70	624718.12	622200.81	622342.92	3640	6429	1
2025.05.21	17:40:00	622282.02	623439.16	620312.83	623073.75	4044	6504	1
2025.05.21	18:00:00	623195.55	624839.92	621876.00	622992.55	1501	2977	1
2025.05.21	18:20:00	622809.84	623560.97	622160.21	622160.21	183	498	1
2025.05.22	09:00:00	638218.19	642826.48	638218.19	642440.76	6868	11825	1
2025.05.22	09:20:00	642420.46	645323.48	641791.14	644552.05	7951	12339	1
2025.05.22	09:40:00	644612.95	645161.08	643151.29	643658.81	5672	9125	1
2025.05.22	10:00:00	643658.81	643861.82	640187.37	640491.88	7132	11394	1
2025.05.22	10:20:00	640491.88	642298.66	638461.80	640471.58	11566	19284	1
2025.05.22	10:40:00	640451.28	641628.73	638197.88	638339.99	9403	17261	1
2025.05.22	11:00:00	638360.29	639720.45	635619.68	638441.49	11063	19155	1
2025.05.22	11:20:00	638339.99	641628.73	637264.05	637791.87	10293	18454	1
2025.05.22	11:40:00	637791.87	638989.62	635152.76	637142.24	6982	12949	1
2025.05.22	12:00:00	637223.44	638461.80	635538.47	637527.96	5621	10729	1
2025.05.22	12:20:00	637568.56	638258.79	636086.60	637832.47	4563	9183	1
2025.05.22	12:40:00	637791.87	638949.02	636837.73	637873.07	4336	8320	1
2025.05.22	13:00:00	637933.97	640613.69	637487.35	639517.44	4942	9176	1
2025.05.22	13:20:00	639497.14	639862.55	636837.73	638766.31	5382	9680	1
2025.05.22	13:40:00	638685.10	639761.05	637649.76	638441.49	3871	6884	1
2025.05.22	14:00:00	638421.19	639842.25	637852.77	638482.10	4148	7954	1
2025.05.22	14:20:00	638421.19	639984.36	637629.46	638664.80	5669	10318	1
2025.05.22	14:40:00	638583.60	638583.60	635964.79	636939.23	5108	9982	1
2025.05.22	15:00:00	636939.23	638766.31	636309.91	638299.39	4090	8349	1
2025.05.22	15:20:00	638258.79	641100.91	637406.15	641080.61	5197	10572	1
2025.05.22	15:40:00	641080.61	643882.12	640532.48	643740.02	6603	13497	1
2025.05.22	16:00:00	643780.62	644024.23	640309.17	642623.47	6772	13211	1
2025.05.22	16:20:00	642684.37	644612.95	641019.70	641628.73	5769	11646	1
2025.05.22	16:40:00	641608.43	643354.30	639578.34	641506.92	6741	14701	1
2025.05.22	17:00:00	641527.22	643029.49	640654.29	642339.26	3358	7541	1
2025.05.22	17:20:00	642400.16	644958.07	641506.92	642359.56	4861	8966	1
2025.05.22	17:40:00	642379.86	646967.85	641689.63	646886.65	4010	7186	1
2025.05.22	18:00:00	646927.25	652936.30	646582.14	651413.74	2237	4236	1
2025.05.22	18:20:00	651413.74	651758.85	649363.35	650906.22	136	286	1
2025.05.23	09:00:00	635599.38	635599.38	625063.23	628514.38	13363	19522	1
2025.05.23	09:20:00	628514.38	630869.28	625185.04	630605.37	8750	12904	1
2025.05.23	09:40:00	630605.37	631924.92	628392.57	629042.20	6688	11553	1
2025.05.23	10:00:00	628961.00	634706.14	627336.93	633995.61	8826	14740	1
2025.05.23	10:20:00	633975.31	637670.06	632757.26	635213.66	11188	19113	1
2025.05.23	10:40:00	635193.36	637629.46	633305.38	637121.94	10435	19715	1
2025.05.23	11:00:00	637162.54	638725.71	635294.86	635436.97	8406	15384	1
2025.05.23	11:20:00	635416.67	636594.12	634340.72	635497.87	7007	13287	1
2025.05.23	11:40:00	635518.17	636675.32	634239.22	634523.43	5394	10306	1
2025.05.23	12:00:00	634584.33	635883.59	630382.06	631539.20	8281	15198	1
2025.05.23	12:20:00	631600.11	634685.84	631417.40	632939.96	5247	9984	1
2025.05.23	12:40:00	632939.96	633345.98	630524.16	630788.07	4479	8884	1
2025.05.23	13:00:00	630828.68	631742.21	623763.98	624616.61	9484	18513	1
2025.05.23	13:20:00	624596.31	629448.22	624474.51	628900.09	6010	12039	1
2025.05.23	13:40:00	628900.09	630727.17	627276.03	630544.46	4832	9905	1
2025.05.23	14:00:00	630605.37	632777.56	630138.45	632310.64	4456	8952	1
2025.05.23	14:20:00	632270.04	634056.51	631762.51	632168.53	3973	7744	1
2025.05.23	14:40:00	632107.63	632818.16	630564.76	631965.52	3731	7550	1
2025.05.23	15:00:00	631904.62	632452.74	628453.48	628656.48	4866	10062	1
2025.05.23	15:20:00	628615.88	629610.62	627397.83	628656.48	4227	8375	1
2025.05.23	15:40:00	628697.09	629042.20	625489.55	625976.77	4396	8971	1
2025.05.23	16:00:00	625936.17	627763.25	625306.84	626504.59	3686	7769	1
2025.05.23	16:20:00	626484.29	627418.13	626057.97	626403.09	3242	7434	1
2025.05.23	16:40:00	626382.79	626524.89	624170.00	624494.81	4335	9121	1
2025.05.23	17:00:00	624474.51	624657.22	622951.94	624027.89	3524	6410	1
2025.05.23	17:20:00	623966.99	624616.61	622261.72	622992.55	2505	4168	1
2025.05.23	17:40:00	623033.15	623723.38	621327.88	621835.40	2194	3701	1
2025.05.23	18:00:00	621652.69	624109.09	619785.01	623094.05	1651	3086	1
2025.05.23	18:20:00	623540.67	624454.21	622505.33	623906.08	188	341	1
2025.05.26	09:00:00	631356.50	632391.84	629833.93	632107.63	4182	6728	1
2025.05.26	09:20:00	632168.53	632412.14	630564.76	630788.07	3041	4302	1
2025.05.26	09:40:00	630767.77	633569.29	630767.77	632655.75	5214	7521	1
2025.05.26	10:00:00	632574.55	633447.49	631823.42	632473.04	5398	8127	1
2025.05.26	10:20:00	632513.65	633264.78	631417.40	631945.22	4827	6760	1
2025.05.26	10:40:00	631924.92	632696.35	630036.94	630991.08	5427	7703	1
2025.05.26	11:00:00	631051.98	632574.55	630544.46	631498.60	5168	7659	1
2025.05.26	11:20:00	631539.20	632310.64	630239.95	631721.91	5061	7520	1
2025.05.26	11:40:00	631742.21	632777.56	631214.39	632087.33	3715	5528	1
2025.05.26	12:00:00	632229.43	632696.35	631295.59	632432.44	2743	4215	1
2025.05.26	12:20:00	632432.44	636431.71	632310.64	636066.29	7134	10210	1
2025.05.26	12:40:00	636127.20	636939.23	634523.43	635233.96	6608	9666	1
2025.05.26	13:00:00	635233.96	637243.74	633305.38	633366.28	5923	8660	1
2025.05.26	13:20:00	633305.38	633711.40	629793.33	632067.03	7282	10708	1
2025.05.26	13:40:00	632006.12	632533.95	630382.06	631011.38	3906	5611	1
2025.05.26	14:00:00	630970.78	632351.24	630057.24	630706.87	2867	3725	1
2025.05.26	14:20:00	630625.67	631397.10	630118.15	630645.97	2405	3153	1
2025.05.26	14:40:00	630564.76	630666.27	628311.37	629712.13	3893	5034	1
2025.05.26	15:00:00	629651.23	631254.99	628839.19	629955.74	3517	4758	1
2025.05.26	15:20:00	629955.74	632249.73	629854.23	631559.51	2770	3849	1
2025.05.26	15:40:00	631498.60	631539.20	629143.70	629549.72	2580	3367	1
2025.05.26	16:00:00	629448.22	630179.05	628676.78	629671.53	3052	3736	1
2025.05.26	16:20:00	629773.03	630564.76	628778.29	629245.21	2415	3206	1
2025.05.26	16:40:00	629184.31	630503.86	628717.39	630300.85	2102	2855	1
2025.05.26	17:00:00	630219.65	631011.38	628798.59	630300.85	2530	3414	1
2025.05.26	17:20:00	630219.65	631376.80	629448.22	630970.78	1872	2506	1
2025.05.26	17:40:00	630991.08	631924.92	630625.67	631681.31	1896	2482	1
2025.05.26	18:00:00	631681.31	631924.92	629427.92	629813.63	1335	2070	1
2025.05.26	18:20:00	629509.12	630625.67	628859.49	630625.67	153	277	1
2025.05.27	09:00:00	631884.32	633325.68	630097.84	632067.03	5686	8879	1
2025.05.27	09:20:00	632067.03	633163.27	630158.75	630402.36	5140	7470	1
2025.05.27	09:40:00	630422.66	631133.19	629752.73	630666.27	4409	6399	1
2025.05.27	10:00:00	630625.67	637852.77	630077.54	637243.74	14391	21417	1
2025.05.27	10:20:00	637223.44	638319.69	634137.71	635132.46	11976	18302	1
2025.05.27	10:40:00	635071.55	636553.52	632107.63	632615.15	9928	15887	1
2025.05.27	11:00:00	632594.85	634421.93	631518.90	632797.86	6821	10359	1
2025.05.27	11:20:00	632757.26	633345.98	626200.08	629285.81	11126	17365	1
2025.05.27	11:40:00	629367.01	631397.10	628473.78	629265.51	6828	10766	1
2025.05.27	12:00:00	629306.11	631782.82	626971.51	631376.80	7645	12399	1
2025.05.27	12:20:00	631336.20	632757.26	630016.64	632493.34	4865	7675	1
2025.05.27	12:40:00	632574.55	633772.30	632026.43	633264.78	5119	8842	1
2025.05.27	13:00:00	633285.08	634584.33	632127.93	633752.00	5591	9142	1
2025.05.27	13:20:00	633670.79	635842.99	632858.76	635558.77	4599	7857	1
2025.05.27	13:40:00	635619.68	636492.61	633833.20	634970.05	5365	8928	1
2025.05.27	14:00:00	634970.05	636147.50	633508.39	633650.49	4354	7738	1
2025.05.27	14:20:00	633630.19	634076.81	632473.04	633345.98	3805	6593	1
2025.05.27	14:40:00	633264.78	634990.35	633264.78	634198.62	3467	6416	1
2025.05.27	15:00:00	634137.71	635091.85	632899.36	633792.60	4068	7189	1
2025.05.27	15:20:00	633853.50	633853.50	632209.13	632209.13	3276	5844	1
2025.05.27	15:40:00	632188.83	632229.43	630361.76	630869.28	3037	4944	1
2025.05.27	16:00:00	630788.07	630808.37	629346.71	629854.23	3860	6849	1
2025.05.27	16:20:00	629854.23	631498.60	629123.40	631437.70	3466	6143	1
2025.05.27	16:40:00	631356.50	632087.33	630361.76	631092.59	3974	7254	1
2025.05.27	17:00:00	631072.29	631315.90	630138.45	630341.45	2174	3639	1
2025.05.27	17:20:00	630361.76	630605.37	629468.52	629854.23	1893	3048	1
2025.05.27	17:40:00	629813.63	629976.04	628697.09	628818.89	2114	3206	1
2025.05.27	18:00:00	628818.89	629143.70	627032.42	627824.15	1509	2062	1
2025.05.27	18:20:00	628067.76	628067.76	624616.61	625124.14	358	515	1
2025.05.28	09:00:00	626443.69	626991.81	624961.73	626037.67	5030	7060	1
2025.05.28	09:20:00	625956.47	626768.50	625550.45	626301.59	3561	5307	1
2025.05.28	09:40:00	626362.49	627539.94	625997.07	627357.23	5684	7842	1
2025.05.28	10:00:00	627377.53	629042.20	626829.41	628656.48	6905	9707	1
2025.05.28	10:20:00	628636.18	629468.52	627093.32	627722.64	11554	16453	1
2025.05.28	10:40:00	627742.95	627986.56	623865.48	624088.79	12768	19021	1
2025.05.28	11:00:00	624007.59	625692.56	622322.62	622809.84	11085	17122	1
2025.05.28	11:20:00	622830.14	624210.60	622241.41	622444.42	7311	11139	1
2025.05.28	11:40:00	622444.42	624027.89	621855.70	622383.52	5941	9633	1
2025.05.28	12:00:00	622383.52	623378.26	620008.32	620901.56	7886	12511	1
2025.05.28	12:20:00	620901.56	622444.42	620495.54	622261.72	4771	8028	1
2025.05.28	12:40:00	622241.41	622606.83	620333.13	621185.77	4674	8241	1
2025.05.28	13:00:00	621206.07	623500.07	621206.07	623094.05	5157	9082	1
2025.05.28	13:20:00	623134.65	623581.27	621429.38	621652.69	4334	7432	1
2025.05.28	13:40:00	621652.69	622525.63	621063.97	622342.92	3462	6149	1
2025.05.28	14:00:00	622302.32	624393.31	622282.02	623479.77	6095	10574	1
2025.05.28	14:20:00	623479.77	623743.68	620515.84	621063.97	4246	7266	1
2025.05.28	14:40:00	621003.06	623053.45	620556.44	622870.74	3172	5831	1
2025.05.28	15:00:00	622809.84	624373.00	622139.91	622850.44	5072	8445	1
2025.05.28	15:20:00	622870.74	623073.75	621266.97	621957.20	3619	6240	1
2025.05.28	15:40:00	621936.90	622769.24	620515.84	621307.58	4770	8205	1
2025.05.28	16:00:00	621185.77	622870.74	620820.36	622444.42	4276	7641	1
2025.05.28	16:20:00	622424.12	622606.83	620231.63	620657.95	3738	6940	1
2025.05.28	16:40:00	620597.05	620759.45	618627.86	618830.87	6304	11670	1
2025.05.28	17:00:00	618810.57	619439.90	617714.32	619338.39	4241	6906	1
2025.05.28	17:20:00	619297.79	620657.95	618242.15	620495.54	4915	7634	1
2025.05.28	17:40:00	620515.84	620982.76	619500.80	619785.01	2290	3131	1
2025.05.28	18:00:00	619866.22	620414.34	618526.36	619460.20	1077	1552	1
2025.05.28	18:20:00	619480.50	619988.02	617978.24	619988.02	307	445	1
2025.05.29	09:00:00	628088.06	629529.42	625895.57	626098.58	6504	8857	1
2025.05.29	09:20:00	626139.18	627783.55	625651.96	627133.92	6038	8001	1
2025.05.29	09:40:00	627113.62	627357.23	624291.80	624332.40	6764	9497	1
2025.05.29	10:00:00	624312.10	625124.14	623033.15	623297.06	6121	8698	1
2025.05.29	10:20:00	623256.46	624555.71	621429.38	621754.19	11439	17335	1
2025.05.29	10:40:00	621713.59	621774.50	618668.46	619764.71	11654	17726	1
2025.05.29	11:00:00	619683.51	620536.14	616394.77	616881.99	11369	17875	1
2025.05.29	11:20:00	616678.98	617145.90	612943.62	615420.33	11889	18570	1
2025.05.29	11:40:00	615460.93	618648.16	614283.48	617409.81	8221	13865	1
2025.05.29	12:00:00	617511.32	618059.44	616577.48	617085.00	4491	7373	1
2025.05.29	12:20:00	617024.10	617957.93	615704.54	615704.54	4756	8968	1
2025.05.29	12:40:00	615684.24	616232.36	614303.78	614872.21	5338	8749	1
2025.05.29	13:00:00	614912.81	616069.96	613248.14	614567.69	6438	9967	1
2025.05.29	13:20:00	614628.60	614791.00	613329.34	614060.17	4499	7394	1
2025.05.29	13:40:00	614039.87	615075.21	612700.01	613532.35	5493	9431	1
2025.05.29	14:00:00	613512.05	614263.18	612781.22	613329.34	4793	8528	1
2025.05.29	14:20:00	613227.84	614791.00	612984.23	613288.74	4853	8077	1
2025.05.29	14:40:00	613288.74	613633.85	610730.83	611867.68	9545	15127	1
2025.05.29	15:00:00	611908.28	612760.92	611096.25	611421.06	3929	6479	1
2025.05.29	15:20:00	611360.16	612963.93	611218.05	611542.87	4935	8756	1
2025.05.29	15:40:00	611522.56	611786.48	607706.00	607868.41	6963	12514	1
2025.05.29	16:00:00	607909.01	609147.37	606548.86	607360.89	7465	12403	1
2025.05.29	16:20:00	607299.99	609614.28	607198.48	609269.17	4454	7472	1
2025.05.29	16:40:00	609248.87	609634.59	607706.00	608335.33	3998	7249	1
2025.05.29	17:00:00	608335.33	611238.35	608274.43	610751.13	3834	6637	1
2025.05.29	17:20:00	610791.73	611116.55	609634.59	609918.80	1962	3153	1
2025.05.29	17:40:00	610000.00	610954.14	608680.45	610609.03	2229	3551	1
2025.05.29	18:00:00	610629.33	612395.50	610162.41	611157.15	1483	2044	1
2025.05.29	18:20:00	611400.76	611989.48	609472.18	610000.00	202	292	1
2025.05.30	09:00:00	608200.00	609020.00	604040.00	607100.00	10879	15207	1
2025.05.30	09:20:00	607060.00	609760.00	605840.00	608780.00	6416	8807	1
2025.05.30	09:40:00	608840.00	609320.00	606440.00	607740.00	6575	9499	1
2025.05.30	10:00:00	607760.00	609920.00	607440.00	607780.00	7351	11167	1
2025.05.30	10:20:00	607780.00	610540.00	606860.00	609820.00	11320	16968	1
2025.05.30	10:40:00	609880.00	612520.00	609440.00	610600.00	9587	15306	1
2025.05.30	11:00:00	610600.00	612460.00	609700.00	609900.00	9623	15184	1
2025.05.30	11:20:00	609960.00	611140.00	608000.00	610820.00	10119	16416	1
2025.05.30	11:40:00	610760.00	612320.00	609580.00	610800.00	8444	13845	1
2025.05.30	12:00:00	610800.00	611560.00	609800.00	610260.00	7146	11759	1
2025.05.30	12:20:00	610220.00	612740.00	609820.00	610580.00	6744	12052	1
2025.05.30	12:40:00	610580.00	612600.00	610300.00	610840.00	6046	11306	1
2025.05.30	13:00:00	610800.00	610940.00	608340.00	608940.00	6392	11694	1
2025.05.30	13:20:00	608940.00	609400.00	601720.00	603020.00	12954	21525	1
2025.05.30	13:40:00	603000.00	603860.00	599220.00	600020.00	11382	19384	1
2025.05.30	14:00:00	599980.00	601720.00	599440.00	601400.00	8124	15639	1
2025.05.30	14:20:00	601400.00	601740.00	600080.00	601400.00	5720	10752	1
2025.05.30	14:40:00	601360.00	602160.00	600640.00	602120.00	5071	10003	1
2025.05.30	15:00:00	602100.00	603640.00	601620.00	603440.00	5995	10782	1
2025.05.30	15:20:00	603380.00	605340.00	603180.00	605140.00	5807	10883	1
2025.05.30	15:40:00	605160.00	605980.00	604600.00	605680.00	5053	10167	1
2025.05.30	16:00:00	605640.00	606840.00	604880.00	606020.00	6859	12419	1
2025.05.30	16:20:00	606060.00	606480.00	604940.00	605380.00	5297	10151	1
2025.05.30	16:40:00	605380.00	605920.00	604160.00	605240.00	7440	14224	1
2025.05.30	17:00:00	605140.00	605360.00	603380.00	604440.00	4019	6879	1
2025.05.30	17:20:00	604400.00	605380.00	604020.00	605120.00	2545	3920	1
2025.05.30	17:40:00	605160.00	606640.00	604880.00	605440.00	2159	3183	1
2025.05.30	18:00:00	605560.00	607980.00	605220.00	607420.00	877	1284	1
2025.05.30	18:20:00	607640.00	608200.00	607020.00	608080.00	134	203	1
2025.06.02	09:00:00	600320.00	600720.00	597480.00	597840.00	7469	10459	1
2025.06.02	09:20:00	597860.00	598760.00	597000.00	598460.00	5399	7974	1
2025.06.02	09:40:00	598440.00	599680.00	597980.00	598100.00	6583	9767	1
2025.06.02	10:00:00	598140.00	599620.00	596720.00	596760.00	9172	13891	1
2025.06.02	10:20:00	596800.00	600480.00	595220.00	600200.00	11401	17309	1
2025.06.02	10:40:00	600180.00	600260.00	595740.00	596680.00	10784	17011	1
2025.06.02	11:00:00	596640.00	599980.00	595440.00	599800.00	12322	19277	1
2025.06.02	11:20:00	599740.00	602100.00	599300.00	600560.00	10139	16966	1
2025.06.02	11:40:00	600580.00	600720.00	597580.00	599040.00	7667	12961	1
2025.06.02	12:00:00	599040.00	600500.00	597820.00	600260.00	8063	14504	1
2025.06.02	12:20:00	600280.00	601480.00	599780.00	600560.00	6708	11337	1
2025.06.02	12:40:00	600520.00	602760.00	600460.00	602680.00	6305	11069	1
2025.06.02	13:00:00	602760.00	602940.00	600940.00	601360.00	5721	10979	1
2025.06.02	13:20:00	601260.00	601520.00	599620.00	600940.00	4674	8486	1
2025.06.02	13:40:00	600900.00	601860.00	599500.00	601300.00	6833	12648	1
2025.06.02	14:00:00	601320.00	601920.00	600000.00	601640.00	6068	11443	1
2025.06.02	14:20:00	601660.00	602760.00	600860.00	600940.00	6569	12609	1
2025.06.02	14:40:00	600900.00	601900.00	600200.00	601580.00	5400	10013	1
2025.06.02	15:00:00	601560.00	602220.00	600700.00	601100.00	6288	12007	1
2025.06.02	15:20:00	601140.00	602480.00	599660.00	599840.00	5753	10900	1
2025.06.02	15:40:00	599860.00	600660.00	599060.00	599780.00	5422	10425	1
2025.06.02	16:00:00	599760.00	600780.00	599120.00	599600.00	5517	10017	1
2025.06.02	16:20:00	599620.00	600420.00	599160.00	599380.00	4701	8842	1
2025.06.02	16:40:00	599360.00	600180.00	598060.00	599340.00	6862	13444	1
2025.06.02	17:00:00	599360.00	602520.00	599340.00	601520.00	5463	9698	1
2025.06.02	17:20:00	601600.00	602140.00	600900.00	601260.00	3469	5025	1
2025.06.02	17:40:00	601300.00	602280.00	600900.00	602000.00	1952	2732	1
2025.06.02	18:00:00	602100.00	603500.00	601500.00	602520.00	1544	2255	1
2025.06.02	18:20:00	602500.00	602580.00	601460.00	602220.00	186	268	1
2025.06.03	09:00:00	604740.00	605660.00	604160.00	604580.00	6397	8990	1
2025.06.03	09:20:00	604560.00	606200.00	604080.00	606040.00	8236	12284	1
2025.06.03	09:40:00	606040.00	607800.00	606000.00	607640.00	8610	12182	1
2025.06.03	10:00:00	607660.00	608140.00	606440.00	606660.00	8499	12616	1
2025.06.03	10:20:00	606640.00	606900.00	604220.00	605020.00	11820	17846	1
2025.06.03	10:40:00	605020.00	607940.00	604820.00	606580.00	13279	21211	1
2025.06.03	11:00:00	606600.00	607600.00	603880.00	604600.00	10721	17962	1
2025.06.03	11:20:00	604620.00	606600.00	603820.00	605860.00	8582	14386	1
2025.06.03	11:40:00	605860.00	609600.00	605540.00	608620.00	10860	18114	1
2025.06.03	12:00:00	608600.00	609420.00	607420.00	609320.00	7402	12213	1
2025.06.03	12:20:00	609340.00	610840.00	608960.00	610120.00	8156	14547	1
2025.06.03	12:40:00	610060.00	610680.00	608940.00	609240.00	6429	12388	1
2025.06.03	13:00:00	609220.00	610020.00	608040.00	608640.00	6301	12160	1
2025.06.03	13:20:00	608600.00	608800.00	607520.00	607840.00	5462	10567	1
2025.06.03	13:40:00	607840.00	608040.00	604360.00	604500.00	7678	13781	1
2025.06.03	14:00:00	604560.00	605220.00	604160.00	604920.00	5794	10914	1
2025.06.03	14:20:00	604940.00	606240.00	604360.00	604760.00	6172	11329	1
2025.06.03	14:40:00	604740.00	604820.00	603700.00	604560.00	5201	9667	1
2025.06.03	15:00:00	604580.00	604600.00	601280.00	602380.00	7981	15138	1
2025.06.03	15:20:00	602320.00	604080.00	602320.00	604040.00	5137	9102	1
2025.06.03	15:40:00	604040.00	605360.00	603600.00	604760.00	7024	13009	1
2025.06.03	16:00:00	604740.00	606320.00	604700.00	606000.00	7398	13773	1
2025.06.03	16:20:00	605980.00	607300.00	605620.00	606720.00	6390	12037	1
2025.06.03	16:40:00	606720.00	606940.00	604840.00	605660.00	5476	10468	1
2025.06.03	17:00:00	605580.00	605740.00	603700.00	603740.00	4642	8066	1
2025.06.03	17:20:00	603720.00	604200.00	601280.00	603160.00	5941	8906	1
2025.06.03	17:40:00	603140.00	604280.00	602580.00	603020.00	3482	5237	1
2025.06.03	18:00:00	602940.00	603980.00	601460.00	601800.00	1667	2555	1
2025.06.03	18:20:00	601740.00	602020.00	600440.00	601560.00	256	406	1
2025.06.04	09:00:00	599000.00	599000.00	595640.00	595720.00	8406	11829	1
2025.06.04	09:20:00	595700.00	596440.00	594760.00	596160.00	7921	11515	1
2025.06.04	09:40:00	596160.00	597080.00	595420.00	596960.00	6374	9594	1
2025.06.04	10:00:00	596980.00	597560.00	596280.00	596960.00	6359	9519	1
2025.06.04	10:20:00	596960.00	599000.00	596960.00	598740.00	8308	12980	1
2025.06.04	10:40:00	598780.00	599120.00	595680.00	596540.00	10406	16903	1
2025.06.04	11:00:00	596480.00	596480.00	592300.00	594120.00	14113	21830	1
2025.06.04	11:20:00	594100.00	595800.00	593800.00	595300.00	7507	13327	1
2025.06.04	11:40:00	595280.00	597560.00	595240.00	597300.00	5942	10271	1
2025.06.04	12:00:00	597260.00	600660.00	596940.00	600560.00	8155	14922	1
2025.06.04	12:20:00	600500.00	601480.00	599860.00	600920.00	6894	12611	1
2025.06.04	12:40:00	600840.00	601340.00	599700.00	600140.00	4475	8252	1
2025.06.04	13:00:00	600160.00	600640.00	599500.00	600060.00	3791	7156	1
2025.06.04	13:20:00	600040.00	600700.00	599140.00	600380.00	4671	8554	1
2025.06.04	13:40:00	600360.00	601340.00	600220.00	600940.00	4314	8235	1
2025.06.04	14:00:00	600940.00	601320.00	599880.00	600780.00	3746	7105	1
2025.06.04	14:20:00	600760.00	600880.00	598820.00	599140.00	5082	9714	1
2025.06.04	14:40:00	599120.00	599820.00	598080.00	598880.00	4822	9179	1
2025.06.04	15:00:00	598900.00	600500.00	598900.00	600000.00	4897	9353	1
2025.06.04	15:20:00	600000.00	600340.00	599360.00	600020.00	3104	6229	1
2025.06.04	15:40:00	600000.00	600180.00	598900.00	598960.00	3473	6551	1
2025.06.04	16:00:00	598940.00	599940.00	598760.00	599620.00	3733	6870	1
2025.06.04	16:20:00	599660.00	599820.00	598400.00	598940.00	3813	7020	1
2025.06.04	16:40:00	598920.00	599380.00	598120.00	598180.00	4379	8531	1
2025.06.04	17:00:00	598180.00	598640.00	595600.00	595680.00	4871	8468	1
2025.06.04	17:20:00	595720.00	596560.00	594980.00	595920.00	4289	6309	1
2025.06.04	17:40:00	595900.00	596360.00	595600.00	595980.00	2048	3162	1
2025.06.04	18:00:00	595920.00	596720.00	595140.00	595400.00	940	1413	1
2025.06.04	18:20:00	595160.00	595520.00	594680.00	595240.00	228	327	1
2025.06.05	09:00:00	596840.00	598960.00	595420.00	598900.00	7286	10520	1
2025.06.05	09:20:00	598880.00	599860.00	598580.00	598900.00	7004	10194	1
2025.06.05	09:40:00	598920.00	600800.00	598040.00	599360.00	12217	19045	1
2025.06.05	10:00:00	599400.00	599900.00	598320.00	598340.00	8934	14564	1
2025.06.05	10:20:00	598380.00	598860.00	596080.00	596140.00	9942	15665	1
2025.06.05	10:40:00	596140.00	596420.00	589700.00	590700.00	14226	23394	1
2025.06.05	11:00:00	590760.00	591080.00	587640.00	588060.00	9685	17725	1
2025.06.05	11:20:00	588100.00	589940.00	587100.00	589440.00	9912	17296	1
2025.06.05	11:40:00	589480.00	592140.00	588660.00	591440.00	8621	14923	1
2025.06.05	12:00:00	591460.00	591780.00	589220.00	589740.00	5486	10560	1
2025.06.05	12:20:00	589700.00	592500.00	589380.00	592120.00	6173	11885	1
2025.06.05	12:40:00	592140.00	592620.00	590120.00	590360.00	5659	11070	1
2025.06.05	13:00:00	590300.00	590660.00	587580.00	587980.00	6352	12414	1
2025.06.05	13:20:00	587960.00	588340.00	585140.00	585960.00	8995	17099	1
2025.06.05	13:40:00	585840.00	586200.00	582080.00	582180.00	10904	19616	1
2025.06.05	14:00:00	582120.00	583480.00	581540.00	583180.00	7059	12734	1
2025.06.05	14:20:00	583140.00	583440.00	582000.00	583020.00	5192	10779	1
2025.06.05	14:40:00	582940.00	583020.00	581160.00	581540.00	5551	10685	1
2025.06.05	15:00:00	581560.00	582060.00	578020.00	580420.00	9132	17841	1
2025.06.05	15:20:00	580520.00	583120.00	580180.00	582060.00	6418	12107	1
2025.06.05	15:40:00	582100.00	582140.00	579880.00	580640.00	5813	11121	1
2025.06.05	16:00:00	580640.00	581200.00	573620.00	574760.00	8539	16425	1
2025.06.05	16:20:00	574740.00	577900.00	573860.00	576620.00	8942	15941	1
2025.06.05	16:40:00	576600.00	577160.00	573860.00	574300.00	8043	14771	1
2025.06.05	17:00:00	574300.00	575540.00	570140.00	570360.00	11072	19089	1
2025.06.05	17:20:00	570300.00	572600.00	568800.00	570900.00	10259	16355	1
2025.06.05	17:40:00	570880.00	571080.00	566140.00	566540.00	8432	12803	1
2025.06.05	18:00:00	566540.00	569340.00	564340.00	567140.00	2381	3526	1
2025.06.05	18:20:00	566900.00	569600.00	566760.00	568500.00	324	515	1
2025.06.06	09:00:00	586500.00	587840.00	585140.00	586120.00	6644	9658	1
2025.06.06	09:20:00	586120.00	588560.00	584640.00	586260.00	12624	17878	1
2025.06.06	09:40:00	586220.00	587020.00	584420.00	584900.00	8407	12423	1
2025.06.06	10:00:00	584900.00	588000.00	584900.00	587980.00	8527	12968	1
2025.06.06	10:20:00	587980.00	589260.00	586240.00	589140.00	9110	14095	1
2025.06.06	10:40:00	589120.00	591560.00	587240.00	587820.00	11253	17921	1
2025.06.06	11:00:00	587900.00	590460.00	587580.00	590120.00	7719	13375	1
2025.06.06	11:20:00	590100.00	590540.00	588820.00	590460.00	7457	13963	1
2025.06.06	11:40:00	590480.00	594040.00	590380.00	593800.00	10568	19027	1
2025.06.06	12:00:00	593780.00	597400.00	593300.00	595440.00	11425	19400	1
2025.06.06	12:20:00	595400.00	595520.00	592300.00	592560.00	7631	13730	1
2025.06.06	12:40:00	592560.00	594880.00	592040.00	594540.00	6899	12703	1
2025.06.06	13:00:00	594520.00	594740.00	593040.00	593320.00	4592	9249	1
2025.06.06	13:20:00	593320.00	594620.00	591820.00	592220.00	6567	12949	1
2025.06.06	13:40:00	592220.00	592280.00	590540.00	590920.00	5027	9751	1
2025.06.06	14:00:00	590920.00	591540.00	588120.00	589300.00	6724	12861	1
2025.06.06	14:20:00	589340.00	590320.00	588420.00	590080.00	5380	9883	1
2025.06.06	14:40:00	590100.00	592040.00	589160.00	591840.00	6225	11589	1
2025.06.06	15:00:00	591900.00	592260.00	588560.00	588940.00	6276	11909	1
2025.06.06	15:20:00	588960.00	589000.00	587360.00	588600.00	5802	10960	1
2025.06.06	15:40:00	588600.00	588820.00	586960.00	587380.00	4619	8772	1
2025.06.06	16:00:00	587380.00	587960.00	586520.00	587100.00	4383	8027	1
2025.06.06	16:20:00	587080.00	587180.00	585360.00	585500.00	4650	9299	1
2025.06.06	16:40:00	585500.00	586540.00	584840.00	586240.00	4874	9683	1
2025.06.06	17:00:00	586160.00	587120.00	585480.00	585940.00	4861	8593	1
2025.06.06	17:20:00	585940.00	586340.00	585640.00	585860.00	2050	3303	1
2025.06.06	17:40:00	585880.00	587520.00	585840.00	586860.00	3076	4883	1
2025.06.06	18:00:00	586980.00	587040.00	585380.00	585720.00	1184	1825	1
2025.06.06	18:20:00	585940.00	586640.00	585840.00	586640.00	159	220	1
2025.06.09	09:00:00	605900.00	606720.00	603240.00	604080.00	6127	8845	1
2025.06.09	09:20:00	604060.00	606180.00	603300.00	605760.00	6470	9894	1
2025.06.09	09:40:00	605760.00	607560.00	605000.00	605740.00	9193	13902	1
2025.06.09	10:00:00	605820.00	606700.00	605020.00	606620.00	6466	9870	1
2025.06.09	10:20:00	606620.00	608200.00	604620.00	604920.00	11711	17848	1
2025.06.09	10:40:00	604960.00	606300.00	601800.00	603260.00	11446	18609	1
2025.06.09	11:00:00	603260.00	606420.00	603160.00	606360.00	10129	17031	1
2025.06.09	11:20:00	606340.00	608500.00	606200.00	607820.00	9394	16752	1
2025.06.09	11:40:00	607760.00	608260.00	605800.00	606600.00	7984	13443	1
2025.06.09	12:00:00	606660.00	608140.00	605900.00	606440.00	8667	15141	1
2025.06.09	12:20:00	606420.00	607700.00	605880.00	606320.00	6084	10990	1
2025.06.09	12:40:00	606360.00	607260.00	605500.00	605720.00	5718	10530	1
2025.06.09	13:00:00	605780.00	607960.00	605720.00	607340.00	6272	11612	1
2025.06.09	13:20:00	607300.00	608300.00	606580.00	608180.00	5789	10816	1
2025.06.09	13:40:00	608180.00	608400.00	606080.00	606240.00	6037	11341	1
2025.06.09	14:00:00	606260.00	609640.00	606020.00	608900.00	7270	13257	1
2025.06.09	14:20:00	608860.00	609580.00	608520.00	609420.00	5611	10757	1
2025.06.09	14:40:00	609420.00	610120.00	608840.00	609580.00	5563	10119	1
2025.06.09	15:00:00	609600.00	610220.00	608840.00	609480.00	6232	12087	1
2025.06.09	15:20:00	609460.00	609780.00	608020.00	608040.00	4936	9665	1
2025.06.09	15:40:00	608080.00	608860.00	607620.00	608580.00	4965	9257	1
2025.06.09	16:00:00	608560.00	609820.00	608280.00	609820.00	4433	8545	1
2025.06.09	16:20:00	609820.00	610780.00	608720.00	608860.00	6660	12784	1
2025.06.09	16:40:00	608860.00	609820.00	607680.00	609500.00	6453	12412	1
2025.06.09	17:00:00	609500.00	610160.00	608500.00	609620.00	4687	7795	1
2025.06.09	17:20:00	609620.00	610360.00	609340.00	610240.00	2717	4303	1
2025.06.09	17:40:00	610240.00	610440.00	609480.00	609940.00	2751	4380	1
2025.06.09	18:00:00	609860.00	615040.00	609020.00	614620.00	3495	5423	1
2025.06.09	18:20:00	614800.00	619560.00	614320.00	619560.00	546	889	1
2025.06.10	09:00:00	613620.00	615200.00	612880.00	613100.00	7406	11433	1
2025.06.10	09:20:00	613080.00	613420.00	612280.00	613280.00	5364	8447	1
2025.06.10	09:40:00	613320.00	614420.00	612500.00	614080.00	7100	10593	1
2025.06.10	10:00:00	614080.00	614460.00	613240.00	614460.00	4393	6982	1
2025.06.10	10:20:00	614440.00	614560.00	611000.00	612340.00	9508	15064	1
2025.06.10	10:40:00	612340.00	612520.00	609760.00	612060.00	10857	17855	1
2025.06.10	11:00:00	612080.00	612180.00	608620.00	608880.00	8552	14842	1
2025.06.10	11:20:00	608900.00	610140.00	607400.00	608180.00	8054	13959	1
2025.06.10	11:40:00	608160.00	609560.00	607440.00	608720.00	7651	13345	1
2025.06.10	12:00:00	608740.00	611220.00	608240.00	610100.00	6573	11201	1
2025.06.10	12:20:00	610080.00	611560.00	607020.00	609020.00	9194	15766	1
2025.06.10	12:40:00	609000.00	611940.00	608140.00	611600.00	6466	10863	1
2025.06.10	13:00:00	611580.00	613120.00	611460.00	612100.00	5258	9123	1
2025.06.10	13:20:00	612120.00	612960.00	610280.00	610840.00	5888	10512	1
2025.06.10	13:40:00	610860.00	611840.00	609080.00	609260.00	5413	10085	1
2025.06.10	14:00:00	609240.00	611540.00	609200.00	611420.00	4819	9427	1
2025.06.10	14:20:00	611440.00	611600.00	609680.00	610100.00	4987	9533	1
2025.06.10	14:40:00	610080.00	610860.00	609140.00	609860.00	4961	9585	1
2025.06.10	15:00:00	609900.00	610860.00	608800.00	610760.00	4862	9057	1
2025.06.10	15:20:00	610800.00	611760.00	610320.00	611200.00	4336	8178	1
2025.06.10	15:40:00	611200.00	615120.00	611200.00	613740.00	7043	12466	1
2025.06.10	16:00:00	613720.00	615880.00	613680.00	615760.00	7350	14021	1
2025.06.10	16:20:00	615720.00	619960.00	615700.00	619340.00	9275	16863	1
2025.06.10	16:40:00	619360.00	619360.00	613540.00	614800.00	10513	17928	1
2025.06.10	17:00:00	614840.00	615240.00	613180.00	613920.00	5653	9898	1
2025.06.10	17:20:00	613940.00	616580.00	613860.00	616380.00	5064	8096	1
2025.06.10	17:40:00	616420.00	618340.00	616000.00	618080.00	3719	5858	1
2025.06.10	18:00:00	618040.00	618860.00	614200.00	615720.00	2781	4380	1
2025.06.10	18:20:00	615580.00	615800.00	613480.00	613480.00	326	537	1
2025.06.11	09:00:00	611240.00	615020.00	611240.00	612540.00	7109	10421	1
2025.06.11	09:20:00	612560.00	614480.00	610460.00	612380.00	11298	16676	1
2025.06.11	09:40:00	612460.00	614140.00	611540.00	613600.00	6864	9947	1
2025.06.11	10:00:00	613600.00	614140.00	612300.00	613500.00	6554	10524	1
2025.06.11	10:20:00	613540.00	615360.00	612000.00	615060.00	11820	19037	1
2025.06.11	10:40:00	614980.00	615220.00	611780.00	612260.00	10965	17630	1
2025.06.11	11:00:00	612260.00	615680.00	610980.00	615660.00	9128	16195	1
2025.06.11	11:20:00	615660.00	616540.00	613660.00	613660.00	8854	15809	1
2025.06.11	11:40:00	613680.00	615020.00	613240.00	613780.00	7431	14026	1
2025.06.11	12:00:00	613780.00	614720.00	611560.00	612040.00	5846	10971	1
2025.06.11	12:20:00	612060.00	612940.00	611260.00	611420.00	5012	9999	1
2025.06.11	12:40:00	611380.00	612620.00	610540.00	611140.00	5855	11331	1
2025.06.11	13:00:00	611100.00	611620.00	608460.00	610340.00	7202	14083	1
2025.06.11	13:20:00	610340.00	610940.00	609580.00	610460.00	4877	10220	1
2025.06.11	13:40:00	610480.00	610600.00	609280.00	609820.00	3462	6687	1
2025.06.11	14:00:00	609820.00	611120.00	609260.00	610700.00	4079	8029	1
2025.06.11	14:20:00	610740.00	611880.00	609820.00	609980.00	4847	9343	1
2025.06.11	14:40:00	610020.00	610340.00	607080.00	607220.00	6722	12472	1
2025.06.11	15:00:00	607200.00	608760.00	605380.00	606280.00	8897	15898	1
2025.06.11	15:20:00	606080.00	607720.00	605300.00	607140.00	7479	12634	1
2025.06.11	15:40:00	607100.00	608220.00	606820.00	607280.00	4736	7927	1
2025.06.11	16:00:00	607300.00	608480.00	606000.00	607420.00	5741	9602	1
2025.06.11	16:20:00	607420.00	608720.00	606360.00	606960.00	4698	7757	1
2025.06.11	16:40:00	606980.00	607200.00	606140.00	606860.00	3898	6668	1
2025.06.11	17:00:00	606820.00	607960.00	605500.00	607720.00	4033	6951	1
2025.06.11	17:20:00	607700.00	608120.00	606640.00	607040.00	2450	3793	1
2025.06.11	17:40:00	607040.00	608340.00	606340.00	607680.00	2575	3681	1
2025.06.11	18:00:00	607560.00	609180.00	607060.00	607540.00	1801	2551	1
2025.06.11	18:20:00	607620.00	608040.00	606440.00	606840.00	319	467	1
2025.06.12	09:00:00	596000.00	596460.00	594540.00	595820.00	5575	8395	1
2025.06.12	09:20:00	595720.00	597840.00	595400.00	597700.00	6427	9601	1
2025.06.12	09:40:00	597720.00	598480.00	594900.00	595360.00	7296	10499	1
2025.06.12	10:00:00	595380.00	596620.00	595340.00	595800.00	5031	7761	1
2025.06.12	10:20:00	595840.00	596340.00	593740.00	596320.00	8884	13823	1
2025.06.12	10:40:00	596280.00	597440.00	595380.00	596120.00	7921	13759	1
2025.06.12	11:00:00	596200.00	598700.00	596160.00	598520.00	6902	11813	1
2025.06.12	11:20:00	598500.00	600580.00	597900.00	600100.00	6647	11806	1
2025.06.12	11:40:00	600100.00	601460.00	598400.00	600520.00	8332	15041	1
2025.06.12	12:00:00	600580.00	601580.00	599660.00	599860.00	5498	10394	1
2025.06.12	12:20:00	599840.00	600420.00	597960.00	599660.00	7794	13680	1
2025.06.12	12:40:00	599640.00	600560.00	596660.00	597220.00	6911	12077	1
2025.06.12	13:00:00	597260.00	599880.00	596880.00	599400.00	5422	9955	1
2025.06.12	13:20:00	599380.00	602000.00	599360.00	600680.00	5988	10352	1
2025.06.12	13:40:00	600660.00	602820.00	600520.00	602100.00	5806	10359	1
2025.06.12	14:00:00	602100.00	603900.00	601840.00	603480.00	5423	9755	1
2025.06.12	14:20:00	603500.00	604780.00	603360.00	604520.00	4990	9114	1
2025.06.12	14:40:00	604500.00	605400.00	603940.00	604400.00	5309	9691	1
2025.06.12	15:00:00	604400.00	604920.00	601880.00	602260.00	5756	10550	1
2025.06.12	15:20:00	602320.00	602500.00	600740.00	601800.00	5706	10402	1
2025.06.12	15:40:00	601780.00	601820.00	598180.00	599960.00	8149	15118	1
2025.06.12	16:00:00	599940.00	601880.00	599060.00	600360.00	6092	11393	1
2025.06.12	16:20:00	600380.00	602100.00	600180.00	600660.00	4570	8286	1
2025.06.12	16:40:00	600520.00	601280.00	595200.00	595940.00	9030	16402	1
2025.06.12	17:00:00	595820.00	596380.00	593100.00	595160.00	7114	12143	1
2025.06.12	17:20:00	595100.00	596260.00	593520.00	593640.00	3688	5443	1
2025.06.12	17:40:00	593560.00	593720.00	589680.00	590860.00	7064	10011	1
2025.06.12	18:00:00	590620.00	592740.00	589880.00	590440.00	1672	2416	1
2025.06.12	18:20:00	590220.00	592500.00	590040.00	592500.00	217	276	1
2025.06.13	09:00:00	588520.00	590220.00	587160.00	588260.00	7881	12053	1
2025.06.13	09:20:00	588300.00	589540.00	587400.00	588560.00	7069	10709	1
2025.06.13	09:40:00	588560.00	589260.00	588200.00	588720.00	4768	7647	1
2025.06.13	10:00:00	588740.00	590140.00	588160.00	588500.00	7125	11353	1
2025.06.13	10:20:00	588460.00	590340.00	587880.00	589820.00	12418	20920	1
2025.06.13	10:40:00	589900.00	590140.00	586040.00	586900.00	10442	18422	1
2025.06.13	11:00:00	586820.00	587940.00	583280.00	583820.00	11194	16902	1
2025.06.13	11:20:00	583820.00	584120.00	581240.00	583740.00	9688	16353	1
2025.06.13	11:40:00	583720.00	586640.00	582640.00	586420.00	6642	11670	1
2025.06.13	12:00:00	586440.00	590000.00	586160.00	588460.00	9726	17868	1
2025.06.13	12:20:00	588480.00	590020.00	588140.00	589220.00	6250	11642	1
2025.06.13	12:40:00	589180.00	589860.00	587700.00	588500.00	4909	9433	1
2025.06.13	13:00:00	588520.00	591880.00	587800.00	591540.00	6140	11142	1
2025.06.13	13:20:00	591460.00	591920.00	588880.00	589060.00	5468	9764	1
2025.06.13	13:40:00	589060.00	590540.00	588500.00	590160.00	4505	7840	1
2025.06.13	14:00:00	590100.00	590120.00	586380.00	586560.00	6284	10843	1
2025.06.13	14:20:00	586520.00	587800.00	585580.00	587560.00	6832	11417	1
2025.06.13	14:40:00	587560.00	588320.00	585000.00	588000.00	7618	12771	1
2025.06.13	15:00:00	587940.00	588720.00	585200.00	585860.00	6202	11157	1
2025.06.13	15:20:00	585940.00	587560.00	583540.00	584020.00	7293	12429	1
2025.06.13	15:40:00	583960.00	587000.00	583700.00	585960.00	6104	10668	1
2025.06.13	16:00:00	585920.00	587320.00	584360.00	586320.00	4759	8179	1
2025.06.13	16:20:00	586540.00	587740.00	584520.00	585740.00	5414	9387	1
2025.06.13	16:40:00	585700.00	587000.00	585100.00	585760.00	3462	6088	1
2025.06.13	17:00:00	585900.00	587480.00	585340.00	586860.00	3493	6489	1
2025.06.13	17:20:00	586840.00	587400.00	586260.00	587260.00	1700	3143	1
2025.06.13	17:40:00	587280.00	588540.00	586100.00	587880.00	2217	3616	1
2025.06.13	18:00:00	587720.00	588000.00	586960.00	587780.00	725	1239	1
2025.06.13	18:20:00	587820.00	588860.00	587320.00	588320.00	367	673	1
2025.06.16	09:00:00	595180.00	596340.00	591980.00	592060.00	7400	16262	1
2025.06.16	09:20:00	591960.00	592760.00	591000.00	592020.00	4252	9172	1
2025.06.16	09:40:00	592060.00	592920.00	591100.00	591780.00	6786	19360	1
2025.06.16	10:00:00	591800.00	593740.00	591760.00	592300.00	4653	14218	1
2025.06.16	10:20:00	592300.00	592600.00	590020.00	591200.00	6252	20939	1
2025.06.16	10:40:00	591220.00	593200.00	589840.00	592740.00	6556	27681	1
2025.06.16	11:00:00	592720.00	593640.00	591120.00	593640.00	5387	25187	1
2025.06.16	11:20:00	593640.00	596000.00	592380.00	595820.00	7326	24475	1
2025.06.16	11:40:00	595900.00	596520.00	594520.00	595180.00	4779	17740	1
2025.06.16	12:00:00	595180.00	597500.00	595060.00	597060.00	3805	14116	1
2025.06.16	12:20:00	596900.00	597260.00	595200.00	595880.00	3412	13327	1
2025.06.16	12:40:00	595920.00	596780.00	594920.00	595980.00	2739	8896	1
2025.06.16	13:00:00	595980.00	596920.00	594900.00	596300.00	3139	9196	1
2025.06.16	13:20:00	596300.00	596660.00	595940.00	596280.00	1430	4528	1
2025.06.16	13:40:00	596360.00	597720.00	595240.00	597180.00	5307	23515	1
2025.06.16	14:00:00	597100.00	597640.00	596500.00	597400.00	2644	15432	1
2025.06.16	14:20:00	597340.00	597760.00	596700.00	596840.00	2844	15743	1
2025.06.16	14:40:00	596820.00	597440.00	595360.00	596080.00	4120	23652	1
2025.06.16	15:00:00	596180.00	596840.00	595560.00	596300.00	3329	18574	1
2025.06.16	15:20:00	596220.00	597540.00	595440.00	597180.00	2926	19374	1
2025.06.16	15:40:00	597280.00	598460.00	596900.00	598400.00	2159	10845	1
2025.06.16	16:00:00	598400.00	601440.00	598260.00	600000.00	6671	28987	1
2025.06.16	16:20:00	599900.00	601620.00	599260.00	599340.00	4307	21865	1
2025.06.16	16:40:00	599340.00	599660.00	598220.00	599520.00	3715	26066	1
2025.06.16	17:00:00	599600.00	600080.00	598640.00	599400.00	3282	22921	1
2025.06.16	17:20:00	599420.00	600640.00	599040.00	600540.00	1621	10656	1
2025.06.16	17:40:00	600540.00	601200.00	599740.00	600860.00	2069	12159	1
2025.06.16	18:00:00	600600.00	600960.00	599680.00	599840.00	1190	7384	1
2025.06.16	18:20:00	599840.00	600580.00	599360.00	599940.00	225	986	1
2025.06.17	09:00:00	584100.00	584980.00	582560.00	584500.00	10505	28957	1
2025.06.17	09:20:00	584540.00	584640.00	582820.00	583980.00	6039	34999	1
2025.06.17	09:40:00	584000.00	584100.00	581760.00	581960.00	7544	47308	1
2025.06.17	10:00:00	581980.00	582060.00	580360.00	580720.00	8198	55184	1
2025.06.17	10:20:00	580740.00	581660.00	580100.00	581400.00	10040	75629	1
2025.06.17	10:40:00	581400.00	581580.00	577660.00	578840.00	16146	112732	1
2025.06.17	11:00:00	578860.00	581140.00	576600.00	579280.00	10545	73466	1
2025.06.17	11:20:00	579220.00	581060.00	578900.00	579400.00	6532	54668	1
2025.06.17	11:40:00	579400.00	579900.00	577240.00	577540.00	6996	59831	1
2025.06.17	12:00:00	577540.00	578240.00	575080.00	575400.00	8924	80513	1
2025.06.17	12:20:00	575420.00	575940.00	573520.00	575580.00	7317	54103	1
2025.06.17	12:40:00	575540.00	575860.00	572920.00	573360.00	5163	41777	1
2025.06.17	13:00:00	573340.00	573980.00	572560.00	573560.00	5312	48450	1
2025.06.17	13:20:00	573480.00	574700.00	572180.00	574340.00	5190	42790	1
2025.06.17	13:40:00	574300.00	574300.00	569600.00	571180.00	8431	56189	1
2025.06.17	14:00:00	571100.00	571960.00	569220.00	571540.00	6495	42787	1
2025.06.17	14:20:00	571460.00	574640.00	571120.00	572840.00	6087	40802	1
2025.06.17	14:40:00	572800.00	574260.00	572500.00	573400.00	5142	43626	1
2025.06.17	15:00:00	573380.00	574260.00	572660.00	573320.00	4767	32402	1
2025.06.17	15:20:00	573340.00	574740.00	572000.00	574580.00	5634	37555	1
2025.06.17	15:40:00	574580.00	577220.00	574480.00	577000.00	6281	37248	1
2025.06.17	16:00:00	577000.00	580560.00	577000.00	580100.00	7797	47028	1
2025.06.17	16:20:00	580140.00	581920.00	579800.00	580180.00	6792	42117	1
2025.06.17	16:40:00	580100.00	581320.00	577700.00	577980.00	6402	44298	1
2025.06.17	17:00:00	577920.00	578920.00	575820.00	576240.00	5655	48055	1
2025.06.17	17:20:00	576320.00	577980.00	576260.00	577180.00	3481	26836	1
2025.06.17	17:40:00	577200.00	577880.00	576040.00	576400.00	2489	20788	1
2025.06.17	18:00:00	576280.00	578620.00	575920.00	576360.00	1407	7743	1
2025.06.17	18:20:00	576360.00	576740.00	575500.00	576280.00	244	1097	1
2025.06.18	09:00:00	578880.00	578880.00	576380.00	577760.00	7714	32211	1
2025.06.18	09:20:00	577860.00	578560.00	576980.00	577500.00	5268	26253	1
2025.06.18	09:40:00	577520.00	578500.00	577280.00	577620.00	5722	36834	1
2025.06.18	10:00:00	577640.00	577820.00	571580.00	572020.00	15414	88960	1
2025.06.18	10:20:00	572040.00	574740.00	571420.00	573200.00	13204	87771	1
2025.06.18	10:40:00	573220.00	575420.00	572140.00	575180.00	12361	77008	1
2025.06.18	11:00:00	575160.00	578740.00	573720.00	577940.00	16679	89674	1
2025.06.18	11:20:00	577860.00	580180.00	577760.00	580060.00	14781	77891	1
2025.06.18	11:40:00	580060.00	580080.00	575280.00	575840.00	13294	71760	1
2025.06.18	12:00:00	575860.00	577400.00	574300.00	575780.00	11968	65410	1
2025.06.18	12:20:00	575780.00	578900.00	575500.00	578820.00	8998	49836	1
2025.06.18	12:40:00	578820.00	579040.00	577560.00	577980.00	6714	35580	1
2025.06.18	13:00:00	578020.00	578180.00	575860.00	576160.00	7385	40882	1
2025.06.18	13:20:00	576120.00	577800.00	575460.00	577120.00	6951	35175	1
2025.06.18	13:40:00	577100.00	578460.00	576780.00	577280.00	6976	38395	1
2025.06.18	14:00:00	577240.00	577280.00	574140.00	575700.00	8102	41629	1
2025.06.18	14:20:00	575740.00	576040.00	572200.00	574800.00	8875	52152	1
2025.06.18	14:40:00	574800.00	577120.00	574200.00	575600.00	8002	43035	1
2025.06.18	15:00:00	575700.00	577200.00	573900.00	575480.00	12451	90955	1
2025.06.18	15:20:00	575520.00	577580.00	574320.00	576000.00	9468	57695	1
2025.06.18	15:40:00	575940.00	577280.00	572280.00	572500.00	11550	75154	1
2025.06.18	16:00:00	572540.00	576400.00	571880.00	574500.00	9848	76328	1
2025.06.18	16:20:00	574480.00	575740.00	573220.00	574680.00	4693	42669	1
2025.06.18	16:40:00	574680.00	575600.00	572960.00	573220.00	4403	40609	1
2025.06.18	17:00:00	573220.00	574240.00	572140.00	574240.00	3897	33488	1
2025.06.18	17:20:00	574240.00	575960.00	574080.00	575940.00	2954	23245	1
2025.06.18	17:40:00	575940.00	578640.00	575880.00	577580.00	3815	27708	1
2025.06.18	18:00:00	577620.00	577760.00	575240.00	576660.00	1221	7290	1
2025.06.18	18:20:00	576220.00	576900.00	575860.00	576200.00	178	920	1
2025.06.20	09:00:00	583460.00	583600.00	581760.00	582700.00	6045	33622	1
2025.06.20	09:20:00	582740.00	584720.00	582520.00	584260.00	4936	22186	1
2025.06.20	09:40:00	584260.00	584860.00	583440.00	584480.00	5545	31115	1
2025.06.20	10:00:00	584520.00	584860.00	582700.00	583220.00	6392	41810	1
2025.06.20	10:20:00	583200.00	583860.00	582020.00	583760.00	10246	80094	1
2025.06.20	10:40:00	583780.00	584600.00	580400.00	581900.00	13852	109516	1
2025.06.20	11:00:00	581860.00	582420.00	580040.00	581520.00	8952	75820	1
2025.06.20	11:20:00	581520.00	582140.00	578900.00	581680.00	11405	89093	1
2025.06.20	11:40:00	581680.00	581760.00	573180.00	573720.00	16374	124522	1
2025.06.20	12:00:00	573740.00	576800.00	573440.00	576000.00	12323	110863	1
2025.06.20	12:20:00	576040.00	577660.00	575080.00	576940.00	9298	72730	1
2025.06.20	12:40:00	576960.00	578120.00	574580.00	575320.00	6685	50973	1
2025.06.20	13:00:00	575360.00	575700.00	573320.00	574540.00	5952	50321	1
2025.06.20	13:20:00	574520.00	575520.00	573400.00	573540.00	5873	42331	1
2025.06.20	13:40:00	573560.00	574380.00	572140.00	573240.00	8803	63794	1
2025.06.20	14:00:00	573180.00	573600.00	569300.00	569560.00	8753	66918	1
2025.06.20	14:20:00	569600.00	569740.00	565500.00	566920.00	15043	95601	1
2025.06.20	14:40:00	566920.00	571340.00	566380.00	570880.00	13004	101766	1
2025.06.20	15:00:00	570860.00	572360.00	569920.00	572300.00	7743	67103	1
2025.06.20	15:20:00	572360.00	572360.00	570000.00	571260.00	6966	56008	1
2025.06.20	15:40:00	571340.00	572300.00	570820.00	571320.00	4898	42255	1
2025.06.20	16:00:00	571320.00	572040.00	570420.00	571120.00	4609	37660	1
2025.06.20	16:20:00	571080.00	572580.00	570840.00	572180.00	4521	38137	1
2025.06.20	16:40:00	572200.00	573480.00	571860.00	572400.00	6291	55798	1
2025.06.20	17:00:00	572400.00	574260.00	571960.00	572440.00	6881	53783	1
2025.06.20	17:20:00	572440.00	573820.00	572000.00	573400.00	3714	30265	1
2025.06.20	17:40:00	573420.00	573600.00	572740.00	573160.00	2252	18176	1
2025.06.20	18:00:00	573080.00	573160.00	571860.00	572000.00	1777	10485	1
2025.06.20	18:20:00	572020.00	572240.00	570780.00	571940.00	326	1635	1
2025.06.23	09:00:00	561520.00	562880.00	560240.00	561280.00	8341	55609	1
2025.06.23	09:20:00	561340.00	562060.00	560900.00	561980.00	5223	47983	1
2025.06.23	09:40:00	562000.00	563700.00	561940.00	563020.00	6734	54123	1
2025.06.23	10:00:00	562980.00	563400.00	559800.00	560380.00	8113	61867	1
2025.06.23	10:20:00	560380.00	563280.00	557800.00	562920.00	15126	109043	1
2025.06.23	10:40:00	562980.00	568300.00	562240.00	567720.00	18498	115080	1
2025.06.23	11:00:00	567800.00	569200.00	564000.00	565580.00	19438	142163	1
2025.06.23	11:20:00	565560.00	565940.00	561840.00	562320.00	10944	69489	1
2025.06.23	11:40:00	562320.00	563880.00	561180.00	562020.00	7033	46083	1
2025.06.23	12:00:00	562060.00	564060.00	562020.00	562500.00	6713	50717	1
2025.06.23	12:20:00	562520.00	562860.00	559620.00	561100.00	7347	54074	1
2025.06.23	12:40:00	561060.00	561440.00	560160.00	561240.00	5280	41880	1
2025.06.23	13:00:00	561180.00	561520.00	556580.00	557860.00	8056	57554	1
2025.06.23	13:20:00	557820.00	558560.00	551960.00	555280.00	16696	112451	1
2025.06.23	13:40:00	555320.00	558240.00	554360.00	557440.00	12970	87330	1
2025.06.23	14:00:00	557400.00	561780.00	556380.00	560560.00	13150	93071	1
2025.06.23	14:20:00	560620.00	567180.00	560280.00	566040.00	15722	104335	1
2025.06.23	14:40:00	566080.00	566980.00	563820.00	566540.00	11362	81213	1
2025.06.23	15:00:00	566580.00	570000.00	566020.00	569980.00	11572	70869	1
2025.06.23	15:20:00	569960.00	570200.00	566220.00	569200.00	11883	78572	1
2025.06.23	15:40:00	569140.00	569480.00	567560.00	568020.00	7434	49686	1
2025.06.23	16:00:00	568020.00	569480.00	567340.00	567740.00	6754	49935	1
2025.06.23	16:20:00	567700.00	569160.00	566800.00	567740.00	5387	39841	1
2025.06.23	16:40:00	567740.00	569940.00	566540.00	569460.00	6380	47286	1
2025.06.23	17:00:00	569500.00	571560.00	567540.00	571320.00	6529	45096	1
2025.06.23	17:20:00	571280.00	572580.00	570920.00	571660.00	5365	28878	1
2025.06.23	17:40:00	571640.00	573040.00	571140.00	571960.00	4018	25198	1
2025.06.23	18:00:00	571960.00	575340.00	571940.00	574240.00	3093	14460	1
2025.06.23	18:20:00	573920.00	575160.00	572100.00	572920.00	316	1695	1
2025.06.24	09:00:00	578380.00	579740.00	577320.00	578820.00	5789	24279	1
2025.06.24	09:20:00	578820.00	579320.00	577240.00	577600.00	5905	25934	1
2025.06.24	09:40:00	577540.00	580420.00	577000.00	579840.00	8597	35873	1
2025.06.24	10:00:00	579820.00	581300.00	578840.00	579780.00	7095	36797	1
2025.06.24	10:20:00	579740.00	580860.00	577440.00	580120.00	10553	51675	1
2025.06.24	10:40:00	580100.00	580380.00	577920.00	579680.00	8184	45250	1
2025.06.24	11:00:00	579640.00	580740.00	577900.00	580660.00	8670	54138	1
2025.06.24	11:20:00	580680.00	581080.00	578880.00	579580.00	7685	46658	1
2025.06.24	11:40:00	579600.00	581900.00	579320.00	581560.00	7270	40898	1
2025.06.24	12:00:00	581580.00	582480.00	581140.00	581620.00	5681	38193	1
2025.06.24	12:20:00	581580.00	583180.00	580900.00	581240.00	4828	30509	1
2025.06.24	12:40:00	581240.00	582020.00	579520.00	580060.00	4832	30226	1
2025.06.24	13:00:00	580080.00	581440.00	580080.00	581020.00	3428	23750	1
2025.06.24	13:20:00	581000.00	582500.00	580800.00	582120.00	3490	23894	1
2025.06.24	13:40:00	582140.00	586640.00	581780.00	586280.00	6901	39711	1
2025.06.24	14:00:00	586280.00	586700.00	584240.00	584420.00	5404	34436	1
2025.06.24	14:20:00	584440.00	584600.00	582420.00	583800.00	5614	33937	1
2025.06.24	14:40:00	583860.00	585520.00	583640.00	585480.00	5025	29340	1
2025.06.24	15:00:00	585460.00	585660.00	583140.00	583460.00	5586	32567	1
2025.06.24	15:20:00	583440.00	585140.00	583360.00	584920.00	4875	33133	1
2025.06.24	15:40:00	584880.00	585560.00	584020.00	584060.00	4060	26904	1
2025.06.24	16:00:00	584060.00	584160.00	582040.00	582640.00	5794	34231	1
2025.06.24	16:20:00	582680.00	584360.00	582520.00	582940.00	4722	28459	1
2025.06.24	16:40:00	582940.00	584620.00	581900.00	584380.00	4994	34114	1
2025.06.24	17:00:00	584300.00	584440.00	583480.00	584400.00	3031	19384	1
2025.06.24	17:20:00	584420.00	585880.00	584220.00	585180.00	3594	17553	1
2025.06.24	17:40:00	585280.00	586580.00	585240.00	586340.00	2748	14418	1
2025.06.24	18:00:00	586260.00	586260.00	584520.00	586120.00	1711	8698	1
2025.06.24	18:20:00	586040.00	586260.00	585540.00	586160.00	218	1480	1
2025.06.25	09:00:00	591040.00	594420.00	591040.00	593440.00	6288	24457	1
2025.06.25	09:20:00	593420.00	595560.00	593200.00	595520.00	4817	18580	1
2025.06.25	09:40:00	595560.00	595620.00	594140.00	594220.00	3131	15567	1
2025.06.25	10:00:00	594220.00	598640.00	593800.00	598200.00	6768	39941	1
2025.06.25	10:20:00	598280.00	599460.00	597040.00	597640.00	9332	59090	1
2025.06.25	10:40:00	597660.00	600400.00	597480.00	599280.00	11790	87954	1
2025.06.25	11:00:00	599240.00	601080.00	597080.00	597140.00	11569	81400	1
2025.06.25	11:20:00	597100.00	599340.00	596120.00	598800.00	10296	72231	1
2025.06.25	11:40:00	598760.00	599340.00	597840.00	598160.00	6831	54752	1
2025.06.25	12:00:00	598100.00	599020.00	596420.00	596640.00	7424	53310	1
2025.06.25	12:20:00	596580.00	598320.00	594800.00	596100.00	7734	49344	1
2025.06.25	12:40:00	596100.00	597120.00	595060.00	596260.00	5009	31868	1
2025.06.25	13:00:00	596200.00	597600.00	596020.00	597420.00	4175	32820	1
2025.06.25	13:20:00	597480.00	597560.00	594260.00	594340.00	4266	32593	1
2025.06.25	13:40:00	594260.00	595060.00	593020.00	594420.00	5105	33769	1
2025.06.25	14:00:00	594380.00	597100.00	594280.00	596660.00	4596	35805	1
2025.06.25	14:20:00	596700.00	597340.00	595080.00	595280.00	4286	31324	1
2025.06.25	14:40:00	595300.00	596920.00	593420.00	596680.00	5130	32498	1
2025.06.25	15:00:00	596680.00	598060.00	595840.00	597960.00	4696	29644	1
2025.06.25	15:20:00	598000.00	598020.00	595220.00	596260.00	5308	35634	1
2025.06.25	15:40:00	596280.00	597540.00	596180.00	597400.00	4459	28568	1
2025.06.25	16:00:00	597380.00	600300.00	597120.00	600160.00	6929	41302	1
2025.06.25	16:20:00	600160.00	600840.00	598520.00	598860.00	5694	30735	1
2025.06.25	16:40:00	598840.00	600140.00	598220.00	599880.00	5841	40449	1
2025.06.25	17:00:00	599960.00	599960.00	598460.00	599220.00	2656	22113	1
2025.06.25	17:20:00	599200.00	600860.00	599020.00	600220.00	3110	15159	1
2025.06.25	17:40:00	600220.00	601720.00	599980.00	601000.00	2523	14249	1
2025.06.25	18:00:00	601060.00	602400.00	599780.00	600140.00	1788	9951	1
2025.06.25	18:20:00	600420.00	600520.00	599260.00	599260.00	189	1183	1
2025.06.26	09:00:00	603386.51	607013.44	603386.51	604217.26	7349	28792	1
2025.06.26	09:20:00	604257.78	604703.55	602474.71	603285.20	8357	27173	1
2025.06.26	09:40:00	603285.20	604541.45	602110.00	602150.52	5844	24653	1
2025.06.26	10:00:00	602170.78	602961.01	599921.68	600205.35	7094	40987	1
2025.06.26	10:20:00	600124.31	601441.35	599638.01	601421.08	7641	41673	1
2025.06.26	10:40:00	601441.35	602150.52	597611.80	598827.53	9542	55961	1
2025.06.26	11:00:00	598807.27	600326.93	598037.30	599111.20	7705	43397	1
2025.06.26	11:20:00	599131.46	603264.94	598989.63	602373.40	8142	44218	1
2025.06.26	11:40:00	602373.40	602758.38	599881.16	600671.38	5957	36202	1
2025.06.26	12:00:00	600651.12	601076.63	599435.39	600448.50	4044	30436	1
2025.06.26	12:20:00	600428.24	600833.48	596193.45	598077.83	7180	42540	1
2025.06.26	12:40:00	598057.57	599860.90	597611.80	599698.80	4885	27620	1
2025.06.26	13:00:00	599698.80	600509.29	598564.12	598564.12	4348	22486	1
2025.06.26	13:20:00	598543.86	599820.37	598179.14	598523.60	4383	26066	1
2025.06.26	13:40:00	598503.33	599455.65	597713.11	598685.69	3409	24795	1
2025.06.26	14:00:00	598685.69	600164.83	598462.81	598989.63	4178	27805	1
2025.06.26	14:20:00	598989.63	599678.54	598239.93	598239.93	2858	19858	1
2025.06.26	14:40:00	598239.93	599171.98	597875.21	598219.66	3260	20076	1
2025.06.26	15:00:00	598219.66	600448.50	597895.47	599881.16	4165	25400	1
2025.06.26	15:20:00	599921.68	600529.55	597794.16	598361.50	4828	26594	1
2025.06.26	15:40:00	598341.24	599313.82	598118.35	598949.10	3016	20488	1
2025.06.26	16:00:00	598989.63	600671.38	598766.74	600671.38	3096	14173	1
2025.06.26	16:20:00	600671.38	601015.84	599820.37	600630.86	4040	20820	1
2025.06.26	16:40:00	600570.07	600833.48	599597.49	599982.47	2664	17030	1
2025.06.26	17:00:00	599941.95	601400.82	599455.65	600752.43	3025	16885	1
2025.06.26	17:20:00	600711.91	601988.42	599840.64	601238.72	2426	12486	1
2025.06.26	17:40:00	601117.15	601988.42	599941.95	600407.98	1750	9516	1
2025.06.26	18:00:00	600509.29	600509.29	586690.50	597409.18	3161	12210	1
2025.06.26	18:20:00	597348.39	597449.70	595727.42	596700.00	189	896	1
2025.06.27	09:00:00	595000.00	604080.00	593860.00	595540.00	4251	13730	1
2025.06.27	09:20:00	595540.00	596780.00	592580.00	592600.00	6984	33190	1
2025.06.27	09:40:00	592620.00	592980.00	591020.00	591560.00	3854	18068	1
2025.06.27	10:00:00	591500.00	593380.00	591200.00	592040.00	4537	25212	1
2025.06.27	10:20:00	592060.00	594960.00	591420.00	594460.00	6867	47157	1
2025.06.27	10:40:00	594380.00	594900.00	591580.00	594820.00	7678	50246	1
2025.06.27	11:00:00	594840.00	596940.00	593700.00	594100.00	8678	60379	1
2025.06.27	11:20:00	594100.00	595240.00	592940.00	593160.00	8093	58407	1
2025.06.27	11:40:00	593140.00	594440.00	592600.00	593280.00	4255	32718	1
2025.06.27	12:00:00	593320.00	593400.00	591400.00	592840.00	4287	30407	1
2025.06.27	12:20:00	592800.00	595000.00	591960.00	594960.00	3420	31673	1
2025.06.27	12:40:00	595000.00	597260.00	594700.00	596780.00	5069	30718	1
2025.06.27	13:00:00	596680.00	596960.00	594300.00	595100.00	4226	25767	1
2025.06.27	13:20:00	595120.00	597440.00	594480.00	596300.00	5722	33453	1
2025.06.27	13:40:00	596300.00	596880.00	595860.00	596300.00	2528	15386	1
2025.06.27	14:00:00	596280.00	596540.00	594440.00	595700.00	3506	21774	1
2025.06.27	14:20:00	595740.00	595940.00	593540.00	594040.00	5441	28162	1
2025.06.27	14:40:00	593980.00	594960.00	592160.00	594500.00	7925	52683	1
2025.06.27	15:00:00	594540.00	595860.00	593960.00	594060.00	4423	33301	1
2025.06.27	15:20:00	594020.00	595280.00	593100.00	593360.00	3600	27257	1
2025.06.27	15:40:00	593320.00	594600.00	593140.00	594560.00	5543	35370	1
2025.06.27	16:00:00	594480.00	595560.00	593820.00	594600.00	2792	18689	1
2025.06.27	16:20:00	594560.00	595060.00	594120.00	594680.00	1759	12908	1
2025.06.27	16:40:00	594640.00	595560.00	593680.00	593880.00	3449	26646	1
2025.06.27	17:00:00	593860.00	596180.00	593720.00	595500.00	2606	20810	1
2025.06.27	17:20:00	595460.00	595860.00	594720.00	595620.00	1242	7900	1
2025.06.27	17:40:00	595660.00	596380.00	595240.00	596000.00	1202	7294	1
2025.06.27	18:00:00	596000.00	596940.00	595460.00	595820.00	629	2730	1
2025.06.27	18:20:00	595480.00	595800.00	595000.00	595460.00	133	652	1
2025.06.30	09:00:00	598560.00	601040.00	598020.00	600300.00	5453	16245	1
2025.06.30	09:20:00	600280.00	600620.00	598960.00	599860.00	5518	15063	1
2025.06.30	09:40:00	599840.00	600100.00	596380.00	596640.00	5871	24345	1
2025.06.30	10:00:00	596620.00	597740.00	596040.00	597000.00	5635	20148	1
2025.06.30	10:20:00	596980.00	598540.00	596520.00	597860.00	6946	29959	1
2025.06.30	10:40:00	597840.00	598220.00	595480.00	595860.00	5433	29371	1
2025.06.30	11:00:00	595860.00	596540.00	593500.00	593980.00	9267	49901	1
2025.06.30	11:20:00	593940.00	594460.00	592840.00	593680.00	6698	43998	1
2025.06.30	11:40:00	593680.00	594060.00	589800.00	589980.00	8054	50740	1
2025.06.30	12:00:00	589960.00	591220.00	588380.00	588500.00	7956	49020	1
2025.06.30	12:20:00	588520.00	592180.00	588320.00	592100.00	5134	29786	1
2025.06.30	12:40:00	592120.00	593780.00	590200.00	591220.00	7517	49844	1
2025.06.30	13:00:00	591260.00	593840.00	591260.00	592700.00	4137	24259	1
2025.06.30	13:20:00	592700.00	592800.00	590760.00	591260.00	3640	21266	1
2025.06.30	13:40:00	591260.00	593300.00	591260.00	592280.00	3547	20712	1
2025.06.30	14:00:00	592320.00	592960.00	591760.00	592620.00	2552	16938	1
2025.06.30	14:20:00	592580.00	593180.00	591640.00	593020.00	2840	17085	1
2025.06.30	14:40:00	592980.00	593520.00	591160.00	591200.00	4073	25124	1
2025.06.30	15:00:00	591240.00	591980.00	589700.00	589700.00	3357	17398	1
2025.06.30	15:20:00	589700.00	590440.00	588580.00	589340.00	3431	17905	1
2025.06.30	15:40:00	589380.00	590000.00	588720.00	588980.00	3253	20207	1
2025.06.30	16:00:00	588940.00	590660.00	588940.00	590280.00	3693	20382	1
2025.06.30	16:20:00	590260.00	591440.00	590180.00	590360.00	3943	20810	1
2025.06.30	16:40:00	590360.00	592820.00	590220.00	592380.00	4301	31826	1
2025.06.30	17:00:00	592460.00	592680.00	591140.00	591400.00	2417	18966	1
2025.06.30	17:20:00	591380.00	592220.00	591080.00	591880.00	1448	9462	1
2025.06.30	17:40:00	591860.00	592000.00	590980.00	591220.00	1269	7365	1
2025.06.30	18:00:00	591140.00	591420.00	589300.00	589340.00	1298	6915	1
2025.06.30	18:20:00	589340.00	590040.00	588740.00	589120.00	272	1957	1
2025.07.01	09:00:00	585000.00	586100.00	583960.00	584120.00	4812	23829	1
2025.07.01	09:20:00	584060.00	584860.00	583540.00	583820.00	4708	22234	1
2025.07.01	09:40:00	583860.00	585040.00	583760.00	584860.00	2849	13378	1
2025.07.01	10:00:00	584900.00	586020.00	584580.00	585620.00	4071	21284	1
2025.07.01	10:20:00	585620.00	588460.00	584840.00	586180.00	6806	38653	1
2025.07.01	10:40:00	586180.00	588440.00	585380.00	588220.00	7452	52142	1
2025.07.01	11:00:00	588120.00	591060.00	587700.00	590240.00	7352	49457	1
2025.07.01	11:20:00	590240.00	590300.00	585980.00	586040.00	8137	51591	1
2025.07.01	11:40:00	586040.00	586060.00	582160.00	583320.00	9464	54710	1
2025.07.01	12:00:00	583180.00	584660.00	582240.00	583180.00	6180	38939	1
2025.07.01	12:20:00	583160.00	586460.00	583000.00	585380.00	6349	31590	1
2025.07.01	12:40:00	585340.00	585420.00	584120.00	584340.00	2619	16608	1
2025.07.01	13:00:00	584380.00	586340.00	583900.00	585300.00	3815	27396	1
2025.07.01	13:20:00	585280.00	585960.00	584520.00	584580.00	2461	19790	1
2025.07.01	13:40:00	584580.00	585120.00	583740.00	584120.00	2674	18869	1
2025.07.01	14:00:00	584180.00	585760.00	583400.00	585460.00	4119	25526	1
2025.07.01	14:20:00	585480.00	586160.00	585080.00	585640.00	2593	18492	1
2025.07.01	14:40:00	585700.00	586740.00	585440.00	586420.00	3767	30656	1
2025.07.01	15:00:00	586420.00	586720.00	585180.00	585460.00	2309	17598	1
2025.07.01	15:20:00	585440.00	585480.00	584060.00	584820.00	3095	19665	1
2025.07.01	15:40:00	584820.00	584960.00	583380.00	583840.00	3008	19003	1
2025.07.01	16:00:00	583760.00	583840.00	581860.00	583120.00	5134	31153	1
2025.07.01	16:20:00	583100.00	583980.00	582320.00	582320.00	2681	18998	1
2025.07.01	16:40:00	582320.00	582340.00	580780.00	581340.00	4431	33438	1
2025.07.01	17:00:00	581480.00	582160.00	580500.00	581940.00	3111	22513	1
2025.07.01	17:20:00	581980.00	582860.00	581540.00	582480.00	1941	10042	1
2025.07.01	17:40:00	582460.00	584200.00	582320.00	583380.00	1961	10808	1
2025.07.01	18:00:00	583500.00	583760.00	582420.00	583440.00	1127	4407	1
2025.07.01	18:20:00	583200.00	584820.00	582840.00	583500.00	253	2733	1
2025.07.02	09:00:00	592780.00	594740.00	592780.00	592960.00	7834	25948	1
2025.07.02	09:20:00	592960.00	594080.00	592260.00	593360.00	5655	20578	1
2025.07.02	09:40:00	593380.00	593380.00	591920.00	592700.00	3933	17919	1
2025.07.02	10:00:00	592740.00	595060.00	592240.00	593740.00	7818	40897	1
2025.07.02	10:20:00	593740.00	594920.00	593440.00	594600.00	4725	34248	1
2025.07.02	10:40:00	594640.00	596640.00	593820.00	595240.00	7891	51445	1
2025.07.02	11:00:00	595300.00	597480.00	595100.00	595540.00	6384	40218	1
2025.07.02	11:20:00	595560.00	597360.00	595240.00	596400.00	4828	30908	1
2025.07.02	11:40:00	596440.00	596960.00	595320.00	596080.00	4032	27452	1
2025.07.02	12:00:00	596100.00	597800.00	595840.00	596720.00	5651	33042	1
2025.07.02	12:20:00	596660.00	597200.00	594480.00	595940.00	5581	35419	1
2025.07.02	12:40:00	595880.00	597460.00	595580.00	597380.00	3102	21994	1
2025.07.02	13:00:00	597360.00	602200.00	597200.00	601980.00	11786	80791	1
2025.07.02	13:20:00	601840.00	602200.00	599760.00	602020.00	5129	36879	1
2025.07.02	13:40:00	602040.00	602740.00	600700.00	601240.00	4841	35980	1
2025.07.02	14:00:00	601320.00	602320.00	600420.00	601820.00	3601	25824	1
2025.07.02	14:20:00	601780.00	603160.00	598920.00	599220.00	6271	38688	1
2025.07.02	14:40:00	599180.00	600600.00	598760.00	600220.00	5127	35692	1
2025.07.02	15:00:00	600280.00	601200.00	599120.00	600140.00	3690	25882	1
2025.07.02	15:20:00	600120.00	601460.00	599940.00	600860.00	2738	19973	1
2025.07.02	15:40:00	600880.00	601720.00	600360.00	601640.00	2513	19952	1
2025.07.02	16:00:00	601660.00	601660.00	599820.00	600660.00	3010	22666	1
2025.07.02	16:20:00	600600.00	601620.00	600460.00	600540.00	2244	19137	1
2025.07.02	16:40:00	600560.00	601600.00	599340.00	601380.00	3740	25447	1
2025.07.02	17:00:00	601420.00	601560.00	599620.00	599940.00	2753	20446	1
2025.07.02	17:20:00	599940.00	600880.00	599440.00	600180.00	2291	16511	1
2025.07.02	17:40:00	600240.00	600700.00	599460.00	599540.00	1362	9934	1
2025.07.02	18:00:00	599480.00	601460.00	599340.00	601060.00	1303	8333	1
2025.07.02	18:20:00	601060.00	601500.00	600580.00	601180.00	201	1622	1
2025.07.03	09:00:00	602060.00	602880.00	601220.00	602120.00	4737	24984	1
2025.07.03	09:20:00	602280.00	604800.00	598580.00	599060.00	8785	36833	1
2025.07.03	09:40:00	599060.00	600660.00	598100.00	600100.00	7021	38916	1
2025.07.03	10:00:00	600000.00	601420.00	599420.00	599920.00	5802	48368	1
2025.07.03	10:20:00	599960.00	602660.00	599220.00	601440.00	8387	76900	1
2025.07.03	10:40:00	601420.00	605220.00	600700.00	604180.00	10583	92065	1
2025.07.03	11:00:00	604180.00	605460.00	602400.00	604060.00	9106	70401	1
2025.07.03	11:20:00	604020.00	604480.00	600000.00	601500.00	7394	51170	1
2025.07.03	11:40:00	601500.00	602520.00	599720.00	600740.00	4949	43032	1
2025.07.03	12:00:00	600700.00	602040.00	599000.00	599940.00	5049	40031	1
2025.07.03	12:20:00	599920.00	600940.00	597860.00	599220.00	4977	27983	1
2025.07.03	12:40:00	599220.00	599860.00	597900.00	598100.00	2839	23365	1
2025.07.03	13:00:00	598060.00	600220.00	597620.00	598900.00	4955	39349	1
2025.07.03	13:20:00	598880.00	600340.00	598840.00	600120.00	2749	22025	1
2025.07.03	13:40:00	600080.00	601600.00	598500.00	598700.00	5252	40671	1
2025.07.03	14:00:00	598740.00	601300.00	598560.00	600860.00	2705	22351	1
2025.07.03	14:20:00	600840.00	601160.00	599500.00	600680.00	1949	16352	1
2025.07.03	14:40:00	600720.00	601100.00	600480.00	600840.00	1042	8809	1
2025.07.03	15:00:00	600840.00	601860.00	599400.00	600280.00	2810	19896	1
2025.07.03	15:20:00	600300.00	601020.00	599720.00	600820.00	1571	12965	1
2025.07.03	15:40:00	600880.00	600940.00	599880.00	600520.00	1237	11243	1
2025.07.03	16:00:00	600460.00	601640.00	600080.00	601120.00	2550	21784	1
2025.07.03	16:20:00	601180.00	601620.00	600260.00	600740.00	1626	12496	1
2025.07.03	16:40:00	600700.00	601120.00	600140.00	600300.00	1373	14499	1
2025.07.03	17:00:00	600260.00	600820.00	600000.00	600340.00	1174	12371	1
2025.07.03	17:20:00	600400.00	601020.00	600020.00	600880.00	962	7776	1
2025.07.03	17:40:00	600940.00	601320.00	600780.00	601200.00	925	7519	1
2025.07.03	18:00:00	601180.00	601900.00	599800.00	600580.00	1140	8566	1
2025.07.03	18:20:00	600240.00	601420.00	599860.00	601260.00	167	1185	1
2025.07.04	09:00:00	596660.00	597220.00	596300.00	596420.00	2956	19632	1
2025.07.04	09:20:00	596440.00	596980.00	596000.00	596700.00	2478	13458	1
2025.07.04	09:40:00	596600.00	596740.00	594780.00	595540.00	4312	21074	1
2025.07.04	10:00:00	595500.00	596160.00	594420.00	594560.00	3822	22886	1
2025.07.04	10:20:00	594560.00	594700.00	592820.00	593280.00	6037	37503	1
2025.07.04	10:40:00	593300.00	593460.00	590040.00	590340.00	7325	47728	1
2025.07.04	11:00:00	590300.00	591160.00	588080.00	588400.00	6925	49572	1
2025.07.04	11:20:00	588360.00	591340.00	587960.00	590740.00	6692	49749	1
2025.07.04	11:40:00	590740.00	591160.00	588960.00	589500.00	3341	21222	1
2025.07.04	12:00:00	589500.00	590140.00	588600.00	588760.00	2946	20800	1
2025.07.04	12:20:00	588700.00	590400.00	588660.00	588960.00	3259	24060	1
2025.07.04	12:40:00	588940.00	589700.00	588260.00	588340.00	2347	16607	1
2025.07.04	13:00:00	588260.00	589300.00	587260.00	587380.00	4050	27495	1
2025.07.04	13:20:00	587420.00	589560.00	587100.00	589060.00	3259	19927	1
2025.07.04	13:40:00	589040.00	589360.00	588320.00	588800.00	1861	11755	1
2025.07.04	14:00:00	588860.00	590120.00	588600.00	590120.00	2127	11826	1
2025.07.04	14:20:00	590120.00	590140.00	588520.00	589580.00	1779	7256	1
2025.07.04	14:40:00	589560.00	589840.00	588500.00	589580.00	1335	5367	1
2025.07.04	15:00:00	589520.00	589760.00	589220.00	589480.00	616	2068	1
2025.07.04	15:20:00	589440.00	589580.00	587300.00	588460.00	2087	9318	1
2025.07.04	15:40:00	588500.00	588880.00	588360.00	588440.00	1101	4337	1
2025.07.04	16:00:00	588440.00	588800.00	587420.00	588680.00	1870	8716	1
2025.07.04	16:20:00	588660.00	588840.00	587460.00	587860.00	1231	5248	1
2025.07.04	16:40:00	587900.00	588480.00	587720.00	588160.00	803	3247	1
2025.07.04	17:00:00	588160.00	588940.00	587860.00	588760.00	901	3439	1
2025.07.04	17:20:00	588800.00	589300.00	588100.00	588580.00	1536	7565	1
2025.07.04	17:40:00	588580.00	589160.00	587480.00	588140.00	1672	8627	1
2025.07.04	18:00:00	588140.00	589200.00	585420.00	588320.00	2180	12718	1
2025.07.04	18:20:00	588320.00	589220.00	588300.00	589220.00	162	1225	1
2025.07.07	09:00:00	593580.00	597800.00	593580.00	596100.00	4597	23808	1
2025.07.07	09:20:00	596100.00	597480.00	595940.00	596980.00	3975	20440	1
2025.07.07	09:40:00	597020.00	597400.00	595500.00	595680.00	3453	14393	1
2025.07.07	10:00:00	595660.00	596140.00	594400.00	594600.00	4376	16228	1
2025.07.07	10:20:00	594700.00	597420.00	594620.00	594840.00	6601	45195	1
2025.07.07	10:40:00	594760.00	596780.00	593400.00	596640.00	6436	39312	1
2025.07.07	11:00:00	596640.00	597940.00	594600.00	595000.00	7068	45730	1
2025.07.07	11:20:00	595060.00	595640.00	593840.00	594340.00	3637	24255	1
2025.07.07	11:40:00	594340.00	597340.00	594060.00	595800.00	5452	33694	1
2025.07.07	12:00:00	595780.00	598520.00	595760.00	597900.00	4648	26137	1
2025.07.07	12:20:00	597940.00	599580.00	597380.00	598540.00	4934	30962	1
2025.07.07	12:40:00	598520.00	598640.00	597240.00	597360.00	2496	12883	1
2025.07.07	13:00:00	597360.00	598380.00	596600.00	596680.00	4815	33551	1
2025.07.07	13:20:00	596680.00	599220.00	595400.00	598660.00	8136	57201	1
2025.07.07	13:40:00	598700.00	599100.00	596620.00	597340.00	4113	29144	1
2025.07.07	14:00:00	597340.00	597900.00	596000.00	597660.00	3543	24038	1
2025.07.07	14:20:00	597680.00	599180.00	596980.00	597220.00	4730	29974	1
2025.07.07	14:40:00	597280.00	597460.00	596020.00	596400.00	2379	14397	1
2025.07.07	15:00:00	596440.00	597140.00	596020.00	596220.00	2125	13695	1
2025.07.07	15:20:00	596220.00	596340.00	594160.00	595240.00	4070	21618	1
2025.07.07	15:40:00	595300.00	597440.00	595220.00	597380.00	3070	15912	1
2025.07.07	16:00:00	597340.00	598860.00	597020.00	598560.00	3474	18770	1
2025.07.07	16:20:00	598600.00	598860.00	597940.00	598300.00	2819	12139	1
2025.07.07	16:40:00	598360.00	598440.00	596900.00	597140.00	3228	17254	1
2025.07.07	17:00:00	597080.00	597300.00	595300.00	596540.00	5625	26259	1
2025.07.07	17:20:00	596540.00	597820.00	596300.00	597480.00	2133	10291	1
2025.07.07	17:40:00	597440.00	597800.00	596480.00	596980.00	1858	10965	1
2025.07.07	18:00:00	596920.00	597860.00	596840.00	597640.00	729	4101	1
2025.07.07	18:20:00	597640.00	597760.00	595380.00	597640.00	238	1220	1
2025.07.08	09:00:00	601380.00	601380.00	598540.00	598820.00	4973	20638	1
2025.07.08	09:20:00	598840.00	599120.00	598000.00	598340.00	2745	14437	1
2025.07.08	09:40:00	598360.00	599800.00	598160.00	599380.00	4170	18349	1
2025.07.08	10:00:00	599420.00	599980.00	598540.00	599300.00	2588	11800	1
2025.07.08	10:20:00	599260.00	600540.00	598640.00	598840.00	4621	20648	1
2025.07.08	10:40:00	598900.00	601500.00	598720.00	600100.00	7873	40287	1
2025.07.08	11:00:00	600020.00	600360.00	597040.00	597660.00	7590	37251	1
2025.07.08	11:20:00	597700.00	598700.00	596440.00	598360.00	5413	26908	1
2025.07.08	11:40:00	598420.00	598700.00	596240.00	596800.00	4704	27238	1
2025.07.08	12:00:00	596720.00	597800.00	596460.00	596760.00	2528	11826	1
2025.07.08	12:20:00	596720.00	596900.00	595780.00	596220.00	2977	13974	1
2025.07.08	12:40:00	596300.00	596820.00	595500.00	596100.00	2511	11447	1
2025.07.08	13:00:00	596100.00	596560.00	594860.00	595300.00	2477	10420	1
2025.07.08	13:20:00	595300.00	598300.00	595180.00	597380.00	5526	28585	1
2025.07.08	13:40:00	597400.00	598220.00	597000.00	597240.00	2503	13258	1
2025.07.08	14:00:00	597300.00	599500.00	597060.00	598220.00	4157	20020	1
2025.07.08	14:20:00	598220.00	599740.00	597740.00	597800.00	3250	15453	1
2025.07.08	14:40:00	597800.00	599240.00	597520.00	598740.00	2518	11885	1
2025.07.08	15:00:00	598660.00	599140.00	598080.00	598560.00	1806	8120	1
2025.07.08	15:20:00	598580.00	598780.00	597400.00	598620.00	2608	14582	1
2025.07.08	15:40:00	598620.00	598980.00	597920.00	598960.00	1548	12028	1
2025.07.08	16:00:00	598900.00	598980.00	598020.00	598580.00	1280	6633	1
2025.07.08	16:20:00	598540.00	598740.00	597420.00	597500.00	1813	10584	1
2025.07.08	16:40:00	597460.00	597980.00	597180.00	597500.00	1759	9729	1
2025.07.08	17:00:00	597500.00	597560.00	596620.00	596940.00	1702	10732	1
2025.07.08	17:20:00	596940.00	598620.00	596900.00	597240.00	2266	15190	1
2025.07.08	17:40:00	597240.00	597480.00	596900.00	597140.00	1133	8538	1
2025.07.08	18:00:00	597220.00	597660.00	596840.00	597180.00	723	4124	1
2025.07.08	18:20:00	597080.00	597420.00	596720.00	597420.00	172	910	1
2025.07.09	09:00:00	600300.00	603320.00	599700.00	602880.00	5405	23086	1
2025.07.09	09:20:00	602720.00	604800.00	602680.00	604160.00	4564	16990	1
2025.07.09	09:40:00	604120.00	604220.00	602160.00	602660.00	3649	14594	1
2025.07.09	10:00:00	602640.00	604900.00	602640.00	603280.00	6141	26885	1
2025.07.09	10:20:00	603340.00	603500.00	601760.00	602320.00	4275	27540	1
2025.07.09	10:40:00	602260.00	603240.00	601060.00	601540.00	5377	25443	1
2025.07.09	11:00:00	601520.00	602600.00	600940.00	602340.00	4154	20414	1
2025.07.09	11:20:00	602380.00	603000.00	597260.00	597940.00	9284	42238	1
2025.07.09	11:40:00	597940.00	601140.00	597600.00	600240.00	5990	29049	1
2025.07.09	12:00:00	600220.00	601320.00	599320.00	600460.00	3927	22004	1
2025.07.09	12:20:00	600480.00	600880.00	599020.00	599140.00	2453	10935	1
2025.07.09	12:40:00	599180.00	600480.00	598880.00	599740.00	2370	12088	1
2025.07.09	13:00:00	599720.00	600820.00	599500.00	600640.00	1955	9601	1
2025.07.09	13:20:00	600620.00	601120.00	599640.00	600760.00	2448	12107	1
2025.07.09	13:40:00	600760.00	601980.00	600640.00	601460.00	2140	8984	1
2025.07.09	14:00:00	601420.00	601620.00	599980.00	600440.00	3114	18320	1
2025.07.09	14:20:00	600440.00	603740.00	599360.00	603400.00	5448	32167	1
2025.07.09	14:40:00	603380.00	603940.00	602320.00	603160.00	4170	24368	1
2025.07.09	15:00:00	603220.00	606320.00	602940.00	605060.00	7133	27213	1
2025.07.09	15:20:00	605000.00	605800.00	604440.00	604740.00	3417	11610	1
2025.07.09	15:40:00	604780.00	605800.00	604140.00	605540.00	2857	9699	1
2025.07.09	16:00:00	605600.00	608860.00	605420.00	608600.00	5479	21065	1
2025.07.09	16:20:00	608560.00	614860.00	608380.00	614280.00	11113	59348	1
2025.07.09	16:40:00	614340.00	621540.00	614240.00	620180.00	15458	80128	1
2025.07.09	17:00:00	620200.00	623800.00	617160.00	621320.00	11654	69239	1
2025.07.09	17:20:00	621360.00	627960.00	620440.00	621220.00	12541	68553	1
2025.07.09	17:40:00	621280.00	624180.00	619980.00	623080.00	5297	27522	1
2025.07.09	18:00:00	623080.00	628300.00	621620.00	625980.00	2150	13489	1
2025.07.09	18:20:00	626100.00	627020.00	624440.00	625740.00	198	2155	1
2025.07.10	09:00:00	628620.00	629880.00	625280.00	627160.00	4063	30273	0
2025.07.10	09:20:00	627080.00	627380.00	622920.00	624920.00	3951	27450	0
2025.07.10	09:40:00	624860.00	626060.00	622840.00	623020.00	3010	19374	0
2025.07.10	10:00:00	623100.00	623100.00	619320.00	620660.00	4855	40050	0
2025.07.10	10:20:00	620600.00	622100.00	617080.00	618280.00	4637	41505	0
2025.07.10	10:40:00	618380.00	619460.00	615780.00	619440.00	4464	34497	0
2025.07.10	11:00:00	619460.00	621720.00	618420.00	621240.00	3674	29470	0
2025.07.10	11:20:00	621300.00	621740.00	618760.00	621260.00	4306	37432	0
2025.07.10	11:40:00	621260.00	622400.00	619600.00	621960.00	2890	30570	0
2025.07.10	12:00:00	621880.00	623620.00	621360.00	623540.00	3134	31254	0
2025.07.10	12:20:00	623520.00	623600.00	621820.00	622080.00	2184	21361	0
2025.07.10	12:40:00	622140.00	622500.00	620680.00	621880.00	2009	16558	0
2025.07.10	13:00:00	621920.00	623820.00	621040.00	623720.00	2462	24093	0
2025.07.10	13:20:00	623760.00	630440.00	623700.00	630060.00	6221	52190	0
2025.07.10	13:40:00	630120.00	631400.00	629040.00	630180.00	3937	34573	0
2025.07.10	14:00:00	630240.00	634120.00	629280.00	633520.00	4572	38989	0
2025.07.10	14:20:00	633500.00	636940.00	633500.00	636940.00	4619	42622	0
2025.07.10	14:40:00	636940.00	638220.00	636040.00	637440.00	3466	31286	0
2025.07.10	15:00:00	637400.00	637580.00	634020.00	635600.00	3428	36357	0
2025.07.10	15:20:00	635600.00	636740.00	633300.00	633920.00	3341	32324	0
2025.07.10	15:40:00	633860.00	635420.00	632620.00	634880.00	2661	27261	0
2025.07.10	16:00:00	634860.00	635800.00	634660.00	635020.00	1824	20180	0
2025.07.10	16:20:00	635020.00	635060.00	631880.00	632360.00	2640	23642	0
2025.07.10	16:40:00	632340.00	634420.00	632020.00	633100.00	2855	23595	0
2025.07.10	17:00:00	633120.00	635780.00	632780.00	633600.00	1851	14323	0
2025.07.10	17:20:00	633560.00	634900.00	632620.00	633220.00	1609	11686	0
2025.07.10	17:40:00	633200.00	633900.00	632400.00	633460.00	937	7006	0
2025.07.10	18:00:00	633360.00	656300.00	633320.00	649060.00	1800	15892	0
2025.07.10	18:20:00	650800.00	651980.00	644140.00	646000.00	467	2322	0
2025.07.11	09:00:00	659120.00	663060.00	659120.00	661680.00	3137	16288	0
2025.07.11	09:20:00	661680.00	662180.00	660120.00	660880.00	2524	12631	0
2025.07.11	09:40:00	660900.00	662080.00	660620.00	661580.00	2009	13024	0
2025.07.11	10:00:00	661600.00	661600.00	659700.00	660280.00	2648	19584	0
2025.07.11	10:20:00	660220.00	661840.00	658280.00	660420.00	4865	35743	0
2025.07.11	10:40:00	660460.00	665200.00	658680.00	663600.00	6657	48200	0
2025.07.11	11:00:00	663660.00	665060.00	659960.00	660180.00	5923	45910	0
2025.07.11	11:20:00	660160.00	663000.00	659040.00	662420.00	3918	25116	0
2025.07.11	11:40:00	662340.00	662920.00	658860.00	661540.00	3883	25074	0
2025.07.11	12:00:00	661500.00	662100.00	659860.00	661220.00	3159	22951	0
2025.07.11	12:20:00	661240.00	662920.00	659640.00	660560.00	2962	19482	0
2025.07.11	12:40:00	660480.00	660780.00	655140.00	656060.00	5094	37900	0
2025.07.11	13:00:00	656160.00	657280.00	654120.00	655000.00	4419	36176	0
2025.07.11	13:20:00	655040.00	658700.00	655000.00	658560.00	3147	30899	0
2025.07.11	13:40:00	658520.00	659060.00	656100.00	658000.00	2262	14383	0
2025.07.11	14:00:00	658000.00	659840.00	657180.00	658980.00	2474	17709	0
2025.07.11	14:20:00	658940.00	659360.00	656420.00	656920.00	2340	17389	0
2025.07.11	14:40:00	656720.00	658440.00	656660.00	657900.00	1449	9782	0
2025.07.11	15:00:00	657860.00	658620.00	656100.00	656180.00	1838	11382	0
2025.07.11	15:20:00	656140.00	656880.00	654860.00	655940.00	2061	13777	0
2025.07.11	15:40:00	655940.00	657740.00	655740.00	657700.00	1860	12519	0
2025.07.11	16:00:00	657680.00	658800.00	655580.00	658660.00	2578	20783	0
2025.07.11	16:20:00	658620.00	660780.00	657680.00	657860.00	2453	20680	0
2025.07.11	16:40:00	657860.00	659920.00	657180.00	659740.00	2047	16210	0
2025.07.11	17:00:00	659720.00	659940.00	658000.00	659400.00	1583	12730	0
2025.07.11	17:20:00	659280.00	660260.00	658480.00	659720.00	1010	6438	0
2025.07.11	17:40:00	659620.00	660280.00	658680.00	658800.00	929	7183	0
2025.07.11	18:00:00	658800.00	661060.00	658700.00	660240.00	882	6146	0
2025.07.11	18:20:00	660260.00	662480.00	658960.00	660060.00	394	4989	0
2025.07.14	09:00:00	680000.00	682300.00	679360.00	681180.00	3210	16632	0
2025.07.14	09:20:00	681140.00	683000.00	679800.00	682400.00	4692	27758	0
2025.07.14	09:40:00	682420.00	683340.00	681040.00	681680.00	2559	14921	0
2025.07.14	10:00:00	681620.00	681660.00	678960.00	679000.00	3052	23962	0
2025.07.14	10:20:00	678960.00	680700.00	676860.00	679120.00	4887	38425	0
2025.07.14	10:40:00	679100.00	682000.00	678100.00	678780.00	5374	39756	0
2025.07.14	11:00:00	678820.00	681840.00	678400.00	680900.00	3808	26026	0
2025.07.14	11:20:00	680980.00	681100.00	676300.00	676640.00	5426	37665	0
2025.07.14	11:40:00	676620.00	678620.00	675440.00	678420.00	3945	30494	0
2025.07.14	12:00:00	678360.00	678460.00	675400.00	675780.00	3185	26395	0
2025.07.14	12:20:00	675820.00	676120.00	672860.00	673140.00	3593	27549	0
2025.07.14	12:40:00	673120.00	674140.00	670260.00	672260.00	4174	34828	0
2025.07.14	13:00:00	672180.00	672180.00	666640.00	668920.00	4118	37682	0
2025.07.14	13:20:00	668800.00	672920.00	668720.00	672020.00	3941	26392	0
2025.07.14	13:40:00	671940.00	674180.00	670800.00	673980.00	2939	17034	0
2025.07.14	14:00:00	673980.00	675500.00	673380.00	674760.00	2689	18566	0
2025.07.14	14:20:00	674740.00	674860.00	671860.00	672100.00	3113	17507	0
2025.07.14	14:40:00	672160.00	673020.00	671480.00	672380.00	2068	13086	0
2025.07.14	15:00:00	672340.00	673500.00	671600.00	672980.00	2162	10520	0
2025.07.14	15:20:00	672980.00	676720.00	672500.00	674040.00	3382	19545	0
2025.07.14	15:40:00	673980.00	674180.00	672120.00	672160.00	1872	11635	0
2025.07.14	16:00:00	672120.00	674440.00	671720.00	672600.00	2597	15495	0
2025.07.14	16:20:00	672580.00	675020.00	672300.00	673700.00	2461	14799	0
2025.07.14	16:40:00	673700.00	675080.00	673000.00	674060.00	2225	12709	0
2025.07.14	17:00:00	674120.00	674120.00	671560.00	673100.00	2204	13373	0
2025.07.14	17:20:00	673080.00	675300.00	672620.00	675100.00	1567	10238	0
2025.07.14	17:40:00	674920.00	677420.00	674860.00	676020.00	2010	14243	0
2025.07.14	18:00:00	676000.00	676000.00	674280.00	675080.00	1170	5815	0
2025.07.14	18:20:00	674820.00	676160.00	674480.00	674480.00	225	1330	0
2025.07.15	09:00:00	657140.00	659800.00	656520.00	657500.00	3014	19100	0
2025.07.15	09:20:00	657480.00	658100.00	654080.00	655000.00	4301	27176	0
2025.07.15	09:40:00	654980.00	655700.00	652840.00	654760.00	3448	23223	0
2025.07.15	10:00:00	654740.00	658780.00	654280.00	657480.00	3300	22936	0
2025.07.15	10:20:00	657520.00	660340.00	655920.00	658460.00	4142	31771	0
2025.07.15	10:40:00	658420.00	662580.00	658280.00	660100.00	5865	48442	0
2025.07.15	11:00:00	660100.00	663100.00	659600.00	660280.00	4624	41715	0
2025.07.15	11:20:00	660240.00	660580.00	654740.00	654960.00	4850	41241	0
2025.07.15	11:40:00	654880.00	655360.00	646720.00	648260.00	7674	64179	0
2025.07.15	12:00:00	648340.00	650880.00	646960.00	650000.00	4598	40558	0
2025.07.15	12:20:00	649960.00	651580.00	647300.00	651260.00	3938	33931	0
2025.07.15	12:40:00	651260.00	653940.00	650480.00	651800.00	3785	34008	0
2025.07.15	13:00:00	651800.00	657740.00	651360.00	655680.00	5010	47144	0
2025.07.15	13:20:00	655680.00	660460.00	655580.00	660020.00	4407	35575	0
2025.07.15	13:40:00	660060.00	662620.00	658680.00	659660.00	4452	36920	0
2025.07.15	14:00:00	659660.00	660320.00	656840.00	658560.00	3398	31342	0
2025.07.15	14:20:00	658560.00	659740.00	657500.00	658300.00	2561	18245	0
2025.07.15	14:40:00	658360.00	659960.00	657800.00	658600.00	1967	15158	0
2025.07.15	15:00:00	658600.00	658680.00	655620.00	655820.00	2388	18056	0
2025.07.15	15:20:00	655740.00	657060.00	649400.00	650740.00	5407	39414	0
2025.07.15	15:40:00	650820.00	654400.00	649220.00	653020.00	4563	37855	0
2025.07.15	16:00:00	652980.00	655800.00	652460.00	654180.00	3171	26530	0
2025.07.15	16:20:00	654200.00	654780.00	651500.00	652220.00	2228	20023	0
2025.07.15	16:40:00	652200.00	653060.00	650180.00	650800.00	2562	25450	0
2025.07.15	17:00:00	650720.00	652660.00	649940.00	650800.00	2145	20097	0
2025.07.15	17:20:00	650800.00	652060.00	650400.00	650580.00	1322	12130	0
2025.07.15	17:40:00	650640.00	652000.00	650540.00	650620.00	842	5876	0
2025.07.15	18:00:00	650600.00	653640.00	649400.00	653280.00	1285	8950	0
2025.07.15	18:20:00	652800.00	654720.00	652380.00	653420.00	176	1971	0
2025.07.16	09:00:00	664420.00	665940.00	664000.00	665060.00	4841	15977	1
2025.07.16	09:20:00	665100.00	666940.00	659740.00	665300.00	6606	20753	1
2025.07.16	09:40:00	665220.00	665800.00	664500.00	664600.00	2351	7597	1
2025.07.16	10:00:00	664620.00	666380.00	662560.00	665620.00	6133	23534	1
2025.07.16	10:20:00	665660.00	667920.00	665120.00	665660.00	6056	26143	1
2025.07.16	10:40:00	665640.00	666640.00	663860.00	665920.00	6780	33109	1
2025.07.16	11:00:00	665920.00	666980.00	662700.00	664000.00	5947	27173	1
2025.07.16	11:20:00	664000.00	664880.00	662440.00	663240.00	4301	19915	1
2025.07.16	11:40:00	663120.00	668320.00	662700.00	667060.00	8465	44857	1
2025.07.16	12:00:00	667140.00	670860.00	663900.00	667400.00	10999	69155	1
2025.07.16	12:20:00	667400.00	669340.00	662780.00	664180.00	9448	62857	1
2025.07.16	12:40:00	664220.00	669480.00	663560.00	666520.00	7818	52875	1
2025.07.16	13:00:00	666600.00	667000.00	662580.00	665420.00	6163	33243	1
2025.07.16	13:20:00	665440.00	667360.00	665300.00	666600.00	4198	22730	1
2025.07.16	13:40:00	666480.00	667540.00	665300.00	667360.00	2687	16156	1
2025.07.16	14:00:00	667280.00	668320.00	665260.00	666220.00	2989	16157	1
2025.07.16	14:20:00	666160.00	667960.00	665820.00	667000.00	3375	19376	1
2025.07.16	14:40:00	666900.00	667400.00	663880.00	664580.00	4210	24078	1
2025.07.16	15:00:00	664600.00	667120.00	663480.00	665780.00	3935	20484	1
2025.07.16	15:20:00	665740.00	669940.00	665520.00	669120.00	4961	28340	1
2025.07.16	15:40:00	669180.00	671660.00	668040.00	668380.00	5063	22324	1
2025.07.16	16:00:00	668360.00	669100.00	666520.00	667080.00	3276	15029	1
2025.07.16	16:20:00	667040.00	667860.00	664660.00	665160.00	3885	21362	1
2025.07.16	16:40:00	665140.00	667400.00	664820.00	667000.00	3625	21589	1
2025.07.16	17:00:00	666940.00	667900.00	665420.00	667600.00	2880	18068	1
2025.07.16	17:20:00	667520.00	670660.00	667480.00	670400.00	3264	12810	1
2025.07.16	17:40:00	670400.00	672180.00	669820.00	671840.00	2681	12052	1
2025.07.16	18:00:00	672140.00	673000.00	670100.00	671480.00	1679	7780	1
2025.07.16	18:20:00	671480.00	672100.00	670920.00	671780.00	185	863	1
2025.07.17	09:00:00	662860.00	664040.00	660240.00	662500.00	5447	23795	1
2025.07.17	09:20:00	662460.00	663620.00	661080.00	661080.00	4431	15988	1
2025.07.17	09:40:00	661160.00	663260.00	660840.00	661420.00	3105	13111	1
2025.07.17	10:00:00	661300.00	662020.00	660020.00	661320.00	3437	14801	1
2025.07.17	10:20:00	661260.00	662400.00	659840.00	661600.00	4799	22832	1
2025.07.17	10:40:00	661520.00	664720.00	658720.00	663460.00	9144	40284	1
2025.07.17	11:00:00	663420.00	665620.00	663160.00	663380.00	6315	29924	1
2025.07.17	11:20:00	663380.00	665960.00	663040.00	664160.00	5261	27972	1
2025.07.17	11:40:00	664120.00	664540.00	662520.00	664080.00	4098	19294	1
2025.07.17	12:00:00	664140.00	664780.00	662120.00	663000.00	4235	20707	1
2025.07.17	12:20:00	662960.00	664480.00	662600.00	664420.00	2574	12903	1
2025.07.17	12:40:00	664440.00	666300.00	664060.00	665020.00	6195	33791	1
2025.07.17	13:00:00	664980.00	665660.00	663240.00	663540.00	4319	24730	1
2025.07.17	13:20:00	663520.00	664520.00	661640.00	662860.00	4312	21579	1
2025.07.17	13:40:00	662800.00	663600.00	661920.00	663160.00	3610	18461	1
2025.07.17	14:00:00	663100.00	665300.00	663000.00	664360.00	3824	16555	1
2025.07.17	14:20:00	664320.00	664500.00	663380.00	663400.00	2720	11664	1
2025.07.17	14:40:00	663380.00	666880.00	663140.00	666100.00	6326	33506	1
2025.07.17	15:00:00	666120.00	667000.00	665040.00	665840.00	3795	19281	1
2025.07.17	15:20:00	665740.00	668460.00	665740.00	668260.00	5039	26347	1
2025.07.17	15:40:00	668300.00	668500.00	666240.00	667060.00	2886	17379	1
2025.07.17	16:00:00	667020.00	668940.00	667020.00	668360.00	2861	15747	1
2025.07.17	16:20:00	668360.00	668700.00	666420.00	666720.00	2421	13383	1
2025.07.17	16:40:00	666640.00	667200.00	662740.00	663600.00	4799	24301	1
2025.07.17	17:00:00	663560.00	663900.00	660160.00	662140.00	4988	32670	1
2025.07.17	17:20:00	662080.00	664900.00	660800.00	664820.00	3952	19170	1
2025.07.17	17:40:00	664900.00	666480.00	663120.00	666400.00	2745	12779	1
2025.07.17	18:00:00	666400.00	671860.00	665380.00	671280.00	2586	14393	1
2025.07.17	18:20:00	671820.00	674420.00	671420.00	673020.00	324	2788	1
2025.07.18	09:00:00	666660.00	667160.00	665240.00	665600.00	3692	18104	1
2025.07.18	09:20:00	665620.00	666360.00	664740.00	665660.00	2530	10756	1
2025.07.18	09:40:00	665720.00	667980.00	665340.00	666860.00	3826	14093	1
2025.07.18	10:00:00	666880.00	667060.00	660200.00	660920.00	8986	44064	1
2025.07.18	10:20:00	660900.00	661720.00	659140.00	660840.00	6617	29046	1
2025.07.18	10:40:00	660840.00	661260.00	658620.00	659580.00	5301	22927	1
2025.07.18	11:00:00	659580.00	662740.00	657240.00	658280.00	8505	39203	1
2025.07.18	11:20:00	658260.00	658400.00	653880.00	654000.00	10435	43564	1
2025.07.18	11:40:00	653960.00	658960.00	652940.00	657740.00	8475	37691	1
2025.07.18	12:00:00	657760.00	658440.00	654800.00	655040.00	5345	23142	1
2025.07.18	12:20:00	655060.00	658040.00	654620.00	657120.00	4529	18534	1
2025.07.18	12:40:00	657160.00	658900.00	655580.00	658080.00	3794	15481	1
2025.07.18	13:00:00	658080.00	659100.00	657520.00	658600.00	3314	14549	1
2025.07.18	13:20:00	658640.00	658980.00	656720.00	658280.00	3404	14814	1
2025.07.18	13:40:00	658400.00	659840.00	657300.00	657620.00	3369	15337	1
2025.07.18	14:00:00	657540.00	658200.00	655920.00	657800.00	3402	13663	1
2025.07.18	14:20:00	657840.00	660000.00	657360.00	659160.00	2949	12102	1
2025.07.18	14:40:00	659200.00	659200.00	657480.00	658160.00	2819	14423	1
2025.07.18	15:00:00	658220.00	658360.00	656640.00	657600.00	2645	11883	1
2025.07.18	15:20:00	657640.00	659920.00	657080.00	659380.00	2915	12556	1
2025.07.18	15:40:00	659400.00	660920.00	658280.00	658880.00	3680	17146	1
2025.07.18	16:00:00	658800.00	659680.00	657520.00	659480.00	3483	18389	1
2025.07.18	16:20:00	659480.00	660820.00	658780.00	659080.00	3079	13908	1
2025.07.18	16:40:00	659020.00	659300.00	657620.00	658180.00	2782	15172	1
2025.07.18	17:00:00	658300.00	658400.00	656520.00	657000.00	2651	15499	1
2025.07.18	17:20:00	656940.00	657520.00	655040.00	655540.00	2986	14409	1
2025.07.18	17:40:00	655520.00	658840.00	655360.00	657480.00	2610	12086	1
2025.07.18	18:00:00	657560.00	658640.00	656980.00	658380.00	1099	6439	1
2025.07.18	18:20:00	658380.00	658640.00	657320.00	657480.00	214	1448	1
2025.07.21	09:00:00	658720.00	668160.00	658720.00	662400.00	6759	32247	1
2025.07.21	09:20:00	662320.00	663360.00	659880.00	660340.00	3072	13128	1
2025.07.21	09:40:00	660340.00	661200.00	658760.00	658860.00	4726	31468	1
2025.07.21	10:00:00	658760.00	659540.00	656900.00	659000.00	4643	17213	1
2025.07.21	10:20:00	658960.00	662200.00	658840.00	661860.00	5233	19519	1
2025.07.21	10:40:00	661820.00	665480.00	661480.00	664460.00	6547	30214	1
2025.07.21	11:00:00	664440.00	665040.00	661040.00	663880.00	5937	27131	1
2025.07.21	11:20:00	663780.00	664960.00	662800.00	663360.00	3817	17758	1
2025.07.21	11:40:00	663320.00	665560.00	662260.00	662780.00	4905	25791	1
2025.07.21	12:00:00	662780.00	663460.00	661440.00	662560.00	3151	15439	1
2025.07.21	12:20:00	662600.00	663520.00	659920.00	660220.00	3269	13938	1
2025.07.21	12:40:00	660240.00	661000.00	658680.00	658840.00	3373	14219	1
2025.07.21	13:00:00	658940.00	659760.00	655560.00	656680.00	5042	27279	1
2025.07.21	13:20:00	656660.00	658500.00	654900.00	656620.00	4831	25915	1
2025.07.21	13:40:00	656680.00	657460.00	655540.00	656220.00	2664	14564	1
2025.07.21	14:00:00	656220.00	658540.00	656060.00	657300.00	3348	20119	1
2025.07.21	14:20:00	657340.00	657640.00	655800.00	656340.00	2764	15668	1
2025.07.21	14:40:00	656400.00	658540.00	655000.00	657780.00	4432	24498	1
2025.07.21	15:00:00	657720.00	659120.00	657720.00	658400.00	2979	16749	1
2025.07.21	15:20:00	658420.00	659800.00	656000.00	656960.00	5785	34231	1
2025.07.21	15:40:00	656860.00	656920.00	653320.00	653720.00	4761	32651	1
2025.07.21	16:00:00	653700.00	656180.00	652960.00	654860.00	4531	30701	1
2025.07.21	16:20:00	654820.00	655820.00	652000.00	652940.00	4451	29074	1
2025.07.21	16:40:00	652980.00	653400.00	651040.00	651860.00	4286	27817	1
2025.07.21	17:00:00	651800.00	653700.00	650960.00	652740.00	3462	20938	1
2025.07.21	17:20:00	652680.00	653840.00	652200.00	652620.00	2483	13828	1
2025.07.21	17:40:00	652620.00	654380.00	652500.00	652840.00	2273	12550	1
2025.07.21	18:00:00	652960.00	654000.00	651100.00	652600.00	1584	8772	1
2025.07.21	18:20:00	652580.00	653520.00	652440.00	653360.00	205	2077	1
2025.07.22	09:00:00	664080.00	666900.00	664080.00	666540.00	5781	22823	1
2025.07.22	09:20:00	666540.00	668780.00	666020.00	668440.00	5315	21056	1
2025.07.22	09:40:00	668460.00	669360.00	667000.00	667620.00	3892	16328	1
2025.07.22	10:00:00	667580.00	668360.00	665980.00	665980.00	4509	22539	1
2025.07.22	10:20:00	665980.00	667320.00	663760.00	667120.00	7327	40323	1
2025.07.22	10:40:00	667000.00	669360.00	660660.00	661240.00	10663	57623	1
2025.07.22	11:00:00	661240.00	664360.00	658920.00	662600.00	8178	47412	1
2025.07.22	11:20:00	662680.00	664360.00	661780.00	663380.00	4879	25494	1
2025.07.22	11:40:00	663340.00	665500.00	662320.00	665060.00	4935	26625	1
2025.07.22	12:00:00	665020.00	666060.00	664500.00	665540.00	3767	25218	1
2025.07.22	12:20:00	665600.00	665640.00	662780.00	664160.00	3853	22227	1
2025.07.22	12:40:00	664100.00	664440.00	662260.00	663060.00	2794	19478	1
2025.07.22	13:00:00	663000.00	665400.00	662100.00	664900.00	3155	19897	1
2025.07.22	13:20:00	664820.00	665060.00	663320.00	663480.00	2029	12251	1
2025.07.22	13:40:00	663500.00	663660.00	661380.00	662400.00	3061	17403	1
2025.07.22	14:00:00	662400.00	663380.00	660920.00	662200.00	3329	17714	1
2025.07.22	14:20:00	662240.00	665780.00	662020.00	665500.00	4302	27455	1
2025.07.22	14:40:00	665460.00	666120.00	664340.00	665900.00	3224	16476	1
2025.07.22	15:00:00	665880.00	667560.00	665260.00	666540.00	4573	24817	1
2025.07.22	15:20:00	666620.00	667820.00	666180.00	666860.00	2305	13681	1
2025.07.22	15:40:00	666840.00	671640.00	665960.00	669320.00	6171	33869	1
2025.07.22	16:00:00	669320.00	670200.00	668200.00	668800.00	3224	17489	1
2025.07.22	16:20:00	668920.00	669040.00	666520.00	667320.00	4169	20669	1
2025.07.22	16:40:00	667240.00	667880.00	665660.00	666460.00	3140	15884	1
2025.07.22	17:00:00	666420.00	668840.00	666080.00	667700.00	3480	21858	1
2025.07.22	17:20:00	667700.00	669660.00	667600.00	668380.00	2259	11818	1
2025.07.22	17:40:00	668260.00	669920.00	668260.00	669040.00	1263	6062	1
2025.07.22	18:00:00	669040.00	669380.00	667640.00	667700.00	1097	6086	1
2025.07.22	18:20:00	667680.00	668320.00	667440.00	667520.00	145	835	1
2025.07.23	09:00:00	661620.00	664160.00	661320.00	663800.00	5257	25672	1
2025.07.23	09:20:00	663880.00	663940.00	662040.00	662380.00	4029	16939	1
2025.07.23	09:40:00	662360.00	662400.00	657600.00	658740.00	9032	40804	1
2025.07.23	10:00:00	658660.00	659660.00	657800.00	658120.00	4783	24630	1
2025.07.23	10:20:00	658160.00	659560.00	655980.00	657540.00	5993	28606	1
2025.07.23	10:40:00	657640.00	658060.00	654480.00	654660.00	6529	34339	1
2025.07.23	11:00:00	654580.00	658880.00	654180.00	658540.00	6878	34437	1
2025.07.23	11:20:00	658560.00	659380.00	657460.00	657980.00	3815	21181	1
2025.07.23	11:40:00	657920.00	659160.00	656680.00	659100.00	4053	18918	1
2025.07.23	12:00:00	659140.00	659820.00	656760.00	657700.00	4348	18967	1
2025.07.23	12:20:00	657740.00	658680.00	656760.00	658500.00	2706	14961	1
2025.07.23	12:40:00	658500.00	660700.00	657760.00	659440.00	4296	22773	1
2025.07.23	13:00:00	659400.00	659400.00	654360.00	654560.00	5793	33800	1
2025.07.23	13:20:00	654620.00	655180.00	652700.00	653440.00	4574	27023	1
2025.07.23	13:40:00	653520.00	655080.00	653160.00	653660.00	2908	15136	1
2025.07.23	14:00:00	653780.00	654600.00	650260.00	650280.00	4183	25410	1
2025.07.23	14:20:00	650260.00	653560.00	650040.00	652620.00	4534	26806	1
2025.07.23	14:40:00	652640.00	654780.00	652160.00	654780.00	3083	16784	1
2025.07.23	15:00:00	654780.00	655500.00	653380.00	653740.00	3537	20601	1
2025.07.23	15:20:00	653740.00	655680.00	653580.00	654900.00	2655	16099	1
2025.07.23	15:40:00	654920.00	655680.00	654440.00	655680.00	1737	10518	1
2025.07.23	16:00:00	655640.00	656100.00	654660.00	655780.00	2184	12499	1
2025.07.23	16:20:00	655740.00	656000.00	654800.00	655620.00	1766	11156	1
2025.07.23	16:40:00	655520.00	656160.00	655020.00	655760.00	2183	16692	1
2025.07.23	17:00:00	655820.00	656500.00	655140.00	655540.00	2391	19211	1
2025.07.23	17:20:00	655500.00	655780.00	651520.00	651600.00	3709	21029	1
2025.07.23	17:40:00	651580.00	653860.00	651200.00	653160.00	2375	11252	1
2025.07.23	18:00:00	653240.00	653540.00	650900.00	650940.00	921	4012	1
2025.07.23	18:20:00	651120.00	651880.00	649520.00	650460.00	264	1784	1
2025.07.24	09:00:00	668313.99	671062.41	668252.91	668537.93	4867	24242	1
2025.07.24	09:20:00	668497.22	670268.42	668130.76	668822.95	3315	14402	1
2025.07.24	09:40:00	668782.24	670248.06	667967.89	669148.69	3524	16722	1
2025.07.24	10:00:00	669128.33	670370.21	668252.91	670125.91	3246	20164	1
2025.07.24	10:20:00	670044.47	671062.41	668415.78	669678.02	5166	33066	1
2025.07.24	10:40:00	669718.74	671286.35	668313.99	668334.35	5481	33489	1
2025.07.24	11:00:00	668375.06	669596.58	665585.93	666868.52	7309	39945	1
2025.07.24	11:20:00	666827.81	670288.78	665647.00	670227.70	6006	34106	1
2025.07.24	11:40:00	670227.70	672731.82	668863.67	672161.78	4944	29585	1
2025.07.24	12:00:00	672243.21	674441.95	672182.13	673159.35	6132	39784	1
2025.07.24	12:20:00	673220.43	673220.43	669393.00	670288.78	4469	28730	1
2025.07.24	12:40:00	670329.50	672019.27	670227.70	671489.94	3673	26207	1
2025.07.24	13:00:00	671530.66	671978.55	669576.23	670227.70	2812	18961	1
2025.07.24	13:20:00	670248.06	671103.13	667479.28	668028.97	4191	26738	1
2025.07.24	13:40:00	667988.25	669800.17	667336.77	669291.20	3240	21916	1
2025.07.24	14:00:00	669250.49	670980.97	668761.88	670614.52	3117	18206	1
2025.07.24	14:20:00	670634.88	672528.23	670309.14	672528.23	3179	17025	1
2025.07.24	14:40:00	672487.51	673403.65	672243.21	672853.97	2848	15256	1
2025.07.24	15:00:00	672853.97	674116.21	671998.91	672568.95	4098	22719	1
2025.07.24	15:20:00	672589.31	673240.79	671143.84	672243.21	3646	19786	1
2025.07.24	15:40:00	672243.21	672833.61	671286.35	671428.86	3065	17361	1
2025.07.24	16:00:00	671469.58	672976.12	671347.43	672711.46	2958	15653	1
2025.07.24	16:20:00	672711.46	672752.18	670207.34	670960.61	3155	17986	1
2025.07.24	16:40:00	670960.61	671734.24	669840.89	670695.95	2649	17655	1
2025.07.24	17:00:00	670736.67	671001.33	669494.79	670125.91	1928	12045	1
2025.07.24	17:20:00	670166.63	670370.21	669413.36	669840.89	1531	7459	1
2025.07.24	17:40:00	669881.61	670675.59	669331.92	669739.09	1172	6425	1
2025.07.24	18:00:00	669454.07	670125.91	668375.06	668721.16	943	4679	1
2025.07.24	18:20:00	668700.80	669596.58	667520.00	667520.00	227	1788	1
2025.07.25	09:00:00	657320.00	658600.00	654220.00	656100.00	5521	19311	1
2025.07.25	09:20:00	656080.00	656560.00	653940.00	653960.00	3604	16110	1
2025.07.25	09:40:00	653960.00	656540.00	653400.00	653900.00	4819	20064	1
2025.07.25	10:00:00	653960.00	655940.00	653440.00	654620.00	2528	11397	1
2025.07.25	10:20:00	654600.00	657440.00	653240.00	653880.00	5533	25470	1
2025.07.25	10:40:00	653960.00	655820.00	651980.00	655620.00	6071	31140	1
2025.07.25	11:00:00	655660.00	655720.00	650260.00	651680.00	6114	35465	1
2025.07.25	11:20:00	651600.00	653180.00	650600.00	650700.00	4606	26485	1
2025.07.25	11:40:00	650680.00	651740.00	648780.00	649340.00	4223	23744	1
2025.07.25	12:00:00	649280.00	652560.00	649000.00	651700.00	3731	20228	1
2025.07.25	12:20:00	651760.00	655160.00	650880.00	653840.00	4600	28363	1
2025.07.25	12:40:00	653740.00	657120.00	653740.00	656480.00	3632	20809	1
2025.07.25	13:00:00	656540.00	657520.00	655760.00	655880.00	2751	14263	1
2025.07.25	13:20:00	655860.00	656520.00	654260.00	655940.00	3601	21670	1
2025.07.25	13:40:00	656060.00	658640.00	655900.00	658420.00	2841	15803	1
2025.07.25	14:00:00	658400.00	660000.00	658140.00	658500.00	2795	13314	1
2025.07.25	14:20:00	658460.00	659580.00	656720.00	657700.00	3054	13194	1
2025.07.25	14:40:00	657700.00	659520.00	657660.00	658320.00	1886	8808	1
2025.07.25	15:00:00	658300.00	660360.00	658300.00	660200.00	1903	9265	1
2025.07.25	15:20:00	660220.00	660740.00	659500.00	660240.00	1697	8473	1
2025.07.25	15:40:00	660300.00	661760.00	660160.00	661240.00	1976	9231	1
2025.07.25	16:00:00	661240.00	662400.00	660600.00	661800.00	2167	10915	1
2025.07.25	16:20:00	661800.00	663100.00	661300.00	662320.00	2117	11741	1
2025.07.25	16:40:00	662260.00	663680.00	660940.00	661340.00	3130	19181	1
2025.07.25	17:00:00	661340.00	662220.00	660500.00	661840.00	1874	12860	1
2025.07.25	17:20:00	661880.00	663660.00	661520.00	663540.00	2027	11835	1
2025.07.25	17:40:00	663500.00	665820.00	663300.00	663820.00	3128	19316	1
2025.07.25	18:00:00	663860.00	668760.00	663780.00	666940.00	1372	8968	1
2025.07.25	18:20:00	667160.00	670540.00	666640.00	666640.00	390	3036	1
2025.07.28	09:00:00	674340.00	676740.00	673080.00	676300.00	6269	21547	1
2025.07.28	09:20:00	676200.00	676480.00	674520.00	674880.00	3263	11686	1
2025.07.28	09:40:00	674920.00	675280.00	673200.00	673780.00	3151	12469	1
2025.07.28	10:00:00	673760.00	674140.00	672300.00	672800.00	3541	15206	1
2025.07.28	10:20:00	672700.00	676440.00	672200.00	676360.00	5310	22899	1
2025.07.28	10:40:00	676280.00	678460.00	673200.00	674020.00	7894	37248	1
2025.07.28	11:00:00	674020.00	675380.00	671900.00	673040.00	5977	29201	1
2025.07.28	11:20:00	673040.00	673080.00	669860.00	671660.00	6095	24853	1
2025.07.28	11:40:00	671700.00	672260.00	669800.00	670200.00	3780	15882	1
2025.07.28	12:00:00	670200.00	671940.00	669700.00	671500.00	2916	12863	1
2025.07.28	12:20:00	671420.00	673860.00	671100.00	672040.00	3614	16790	1
2025.07.28	12:40:00	672080.00	673300.00	671580.00	672380.00	2358	10522	1
2025.07.28	13:00:00	672320.00	672340.00	670820.00	671660.00	2531	13010	1
2025.07.28	13:20:00	671600.00	673260.00	671020.00	672560.00	2634	12377	1
2025.07.28	13:40:00	672600.00	673120.00	670780.00	671020.00	2308	10102	1
2025.07.28	14:00:00	670940.00	671800.00	669400.00	669700.00	3286	15225	1
2025.07.28	14:20:00	669700.00	672160.00	669300.00	671580.00	3627	16134	1
2025.07.28	14:40:00	671560.00	671680.00	669880.00	670260.00	2265	9632	1
2025.07.28	15:00:00	670160.00	670620.00	668540.00	668720.00	3169	12989	1
2025.07.28	15:20:00	668660.00	669240.00	668000.00	669060.00	2510	11960	1
2025.07.28	15:40:00	669020.00	670700.00	668980.00	670280.00	2642	11076	1
2025.07.28	16:00:00	670280.00	672540.00	670240.00	671760.00	3119	16311	1
2025.07.28	16:20:00	671760.00	672220.00	670080.00	670120.00	2579	12550	1
2025.07.28	16:40:00	670160.00	671700.00	668600.00	671260.00	3773	18759	1
2025.07.28	17:00:00	671320.00	671840.00	669560.00	669840.00	2341	12781	1
2025.07.28	17:20:00	669880.00	670840.00	668380.00	670660.00	2570	12959	1
2025.07.28	17:40:00	670660.00	671260.00	669800.00	670900.00	1676	8297	1
2025.07.28	18:00:00	670760.00	670960.00	667600.00	669360.00	1571	7124	1
2025.07.28	18:20:00	668760.00	669340.00	666340.00	667240.00	453	1675	1
2025.07.29	09:00:00	673600.00	676240.00	673420.00	675280.00	4474	16556	1
2025.07.29	09:20:00	675300.00	677340.00	674980.00	676500.00	4711	18189	1
2025.07.29	09:40:00	676500.00	677180.00	675880.00	676380.00	2783	14599	1
2025.07.29	10:00:00	676360.00	676400.00	674420.00	676140.00	4048	17072	1
2025.07.29	10:20:00	676060.00	677720.00	675520.00	676540.00	4168	21926	1
2025.07.29	10:40:00	676440.00	676640.00	673480.00	674040.00	6082	36080	1
2025.07.29	11:00:00	673960.00	674060.00	668800.00	670080.00	8176	45266	1
2025.07.29	11:20:00	670140.00	671360.00	669140.00	669460.00	3656	19589	1
2025.07.29	11:40:00	669440.00	671320.00	668640.00	669620.00	4553	25149	1
2025.07.29	12:00:00	669560.00	669780.00	666920.00	667480.00	4678	26846	1
2025.07.29	12:20:00	667500.00	667780.00	665920.00	666300.00	3582	22249	1
2025.07.29	12:40:00	666300.00	667160.00	664140.00	664180.00	5652	34492	1
2025.07.29	13:00:00	664160.00	664640.00	662700.00	663140.00	4718	25987	1
2025.07.29	13:20:00	663000.00	663900.00	660720.00	661660.00	4188	25103	1
2025.07.29	13:40:00	661640.00	665860.00	661560.00	665780.00	5038	24578	1
2025.07.29	14:00:00	665720.00	666940.00	664900.00	666000.00	3273	20903	1
2025.07.29	14:20:00	666040.00	668000.00	665560.00	666480.00	3564	20051	1
2025.07.29	14:40:00	666520.00	666840.00	665400.00	666380.00	2248	12170	1
2025.07.29	15:00:00	666260.00	666720.00	665100.00	665920.00	1717	11363	1
2025.07.29	15:20:00	665920.00	666740.00	664300.00	666060.00	3101	21411	1
2025.07.29	15:40:00	666120.00	666460.00	664420.00	664900.00	1707	11888	1
2025.07.29	16:00:00	664960.00	667220.00	664660.00	666180.00	2422	17457	1
2025.07.29	16:20:00	666100.00	666820.00	663500.00	663780.00	2777	19090	1
2025.07.29	16:40:00	663740.00	665440.00	663680.00	664140.00	2567	19133	1
2025.07.29	17:00:00	664160.00	666020.00	662440.00	665700.00	4058	25957	1
2025.07.29	17:20:00	665640.00	666740.00	662840.00	663020.00	3101	18097	1
2025.07.29	17:40:00	662940.00	665000.00	662860.00	664820.00	1524	6999	1
2025.07.29	18:00:00	665000.00	665240.00	662600.00	663560.00	1016	8181	1
2025.07.29	18:20:00	663260.00	665100.00	662460.00	663320.00	315	3076	1
2025.07.30	09:00:00	664520.00	667320.00	664520.00	666520.00	3233	14296	1
2025.07.30	09:20:00	666420.00	668900.00	666400.00	668220.00	4193	23427	1
2025.07.30	09:40:00	668280.00	669080.00	666600.00	667460.00	4238	23011	1
2025.07.30	10:00:00	667440.00	669280.00	666140.00	667480.00	7315	52846	1
2025.07.30	10:20:00	667580.00	669480.00	666920.00	668500.00	3576	24249	1
2025.07.30	10:40:00	668460.00	669760.00	667700.00	668440.00	3961	25843	1
2025.07.30	11:00:00	668440.00	670580.00	667940.00	670460.00	4411	27544	1
2025.07.30	11:20:00	670480.00	672360.00	670180.00	672320.00	5555	33432	1
2025.07.30	11:40:00	672360.00	675640.00	671940.00	675380.00	6189	36844	1
2025.07.30	12:00:00	675440.00	676120.00	673360.00	673680.00	4270	27922	1
2025.07.30	12:20:00	673700.00	673940.00	672300.00	672880.00	2743	14982	1
2025.07.30	12:40:00	672800.00	673600.00	671260.00	672800.00	3715	22441	1
2025.07.30	13:00:00	672880.00	673800.00	671240.00	672420.00	3423	23973	1
2025.07.30	13:20:00	672480.00	673000.00	671440.00	671820.00	1654	11537	1
2025.07.30	13:40:00	671880.00	672020.00	668720.00	668840.00	3881	27023	1
2025.07.30	14:00:00	668940.00	669460.00	668100.00	669280.00	2733	18488	1
2025.07.30	14:20:00	669260.00	669980.00	668840.00	669420.00	1681	9868	1
2025.07.30	14:40:00	669460.00	670260.00	668780.00	669400.00	1764	11008	1
2025.07.30	15:00:00	669360.00	671020.00	667480.00	670340.00	6240	43763	1
2025.07.30	15:20:00	670320.00	671640.00	666800.00	666920.00	5843	34689	1
2025.07.30	15:40:00	666880.00	666880.00	657740.00	658660.00	8908	61101	1
2025.07.30	16:00:00	658580.00	658680.00	654580.00	656760.00	6409	42829	1
2025.07.30	16:20:00	656640.00	659200.00	656320.00	659160.00	2890	21643	1
2025.07.30	16:40:00	659160.00	662900.00	658840.00	662300.00	3546	23172	1
2025.07.30	17:00:00	662200.00	663780.00	662020.00	662960.00	2350	17857	1
2025.07.30	17:20:00	662960.00	663780.00	661120.00	661600.00	1955	9349	1
2025.07.30	17:40:00	661620.00	662380.00	660600.00	661820.00	1180	6856	1
2025.07.30	18:00:00	662360.00	663440.00	659480.00	660520.00	1143	5283	1
2025.07.30	18:20:00	661080.00	662900.00	659620.00	660260.00	180	1250	1
2025.07.31	09:00:00	667740.00	671020.00	666640.00	670840.00	4919	23310	1
2025.07.31	09:20:00	670780.00	672480.00	670240.00	672300.00	4416	18987	1
2025.07.31	09:40:00	672280.00	673960.00	670660.00	673440.00	4836	19390	1
2025.07.31	10:00:00	673480.00	674500.00	672640.00	673800.00	4687	23053	1
2025.07.31	10:20:00	673800.00	674480.00	670200.00	674380.00	6979	37354	1
2025.07.31	10:40:00	674420.00	676780.00	673120.00	675320.00	7109	39887	1
2025.07.31	11:00:00	675380.00	676140.00	670940.00	672020.00	6655	35452	1
2025.07.31	11:20:00	672100.00	672200.00	668260.00	668980.00	5750	31641	1
2025.07.31	11:40:00	668960.00	670580.00	667920.00	669060.00	4252	26040	1
2025.07.31	12:00:00	668960.00	670880.00	668000.00	669180.00	3676	26755	1
2025.07.31	12:20:00	669200.00	669940.00	667740.00	669720.00	2551	17591	1
2025.07.31	12:40:00	669800.00	670320.00	668700.00	669880.00	2013	16300	1
2025.07.31	13:00:00	669940.00	670960.00	669180.00	670960.00	2256	16871	1
2025.07.31	13:20:00	670900.00	673440.00	670180.00	672500.00	3949	23673	1
2025.07.31	13:40:00	672540.00	672820.00	671100.00	671880.00	2362	16016	1
2025.07.31	14:00:00	671980.00	672220.00	669760.00	670120.00	3261	20644	1
2025.07.31	14:20:00	670100.00	670660.00	668000.00	669960.00	4406	29235	1
2025.07.31	14:40:00	669960.00	670880.00	668340.00	668620.00	2712	16105	1
2025.07.31	15:00:00	668520.00	669460.00	667200.00	668400.00	3837	24583	1
2025.07.31	15:20:00	668400.00	670820.00	667900.00	669240.00	3197	19569	1
2025.07.31	15:40:00	669200.00	669680.00	667480.00	667480.00	2556	15698	1
2025.07.31	16:00:00	667560.00	668060.00	665100.00	665620.00	3611	22992	1
2025.07.31	16:20:00	665660.00	666740.00	662420.00	663560.00	5266	34136	1
2025.07.31	16:40:00	663660.00	664500.00	662080.00	662640.00	4378	29039	1
2025.07.31	17:00:00	662620.00	663760.00	661000.00	662860.00	4417	34337	1
2025.07.31	17:20:00	662840.00	663240.00	660200.00	661600.00	3218	19131	1
2025.07.31	17:40:00	661600.00	661760.00	660600.00	661120.00	1859	12956	1
2025.07.31	18:00:00	661180.00	662480.00	660360.00	661500.00	1402	9596	1
2025.07.31	18:20:00	661500.00	662280.00	660620.00	662160.00	288	2260	1
2025.08.01	09:00:00	655020.00	656900.00	654460.00	655320.00	5527	29135	1
2025.08.01	09:20:00	655380.00	656040.00	652100.00	653440.00	8023	48132	1
2025.08.01	09:40:00	653380.00	653940.00	649600.00	649940.00	6854	47699	1
2025.08.01	10:00:00	649960.00	650640.00	647900.00	649700.00	5656	48810	1
2025.08.01	10:20:00	649680.00	649760.00	645240.00	645880.00	8636	60799	1
2025.08.01	10:40:00	645840.00	647040.00	640540.00	641020.00	11184	91297	1
2025.08.01	11:00:00	641000.00	646680.00	637900.00	646020.00	11380	91073	1
2025.08.01	11:20:00	646040.00	651300.00	646020.00	650260.00	7440	60632	1
2025.08.01	11:40:00	650380.00	650680.00	648200.00	648760.00	5670	37397	1
2025.08.01	12:00:00	648740.00	648880.00	643180.00	644440.00	6530	42812	1
2025.08.01	12:20:00	644380.00	645080.00	642900.00	644900.00	4317	35738	1
2025.08.01	12:40:00	644920.00	647700.00	644240.00	646740.00	5420	48744	1
2025.08.01	13:00:00	646660.00	649000.00	646300.00	648240.00	3680	30715	1
2025.08.01	13:20:00	648220.00	648420.00	645780.00	645780.00	3600	26003	1
2025.08.01	13:40:00	645820.00	648120.00	644360.00	645400.00	5909	50027	1
2025.08.01	14:00:00	645520.00	645840.00	641300.00	642820.00	5179	42354	1
2025.08.01	14:20:00	642780.00	646020.00	642540.00	643600.00	4907	28391	1
2025.08.01	14:40:00	643660.00	644820.00	641500.00	642000.00	3441	18585	1
2025.08.01	15:00:00	642060.00	642800.00	638400.00	638960.00	5637	29955	1
2025.08.01	15:20:00	638900.00	642380.00	638560.00	640420.00	5556	44650	1
2025.08.01	15:40:00	640480.00	640780.00	638320.00	639340.00	3405	27331	1
2025.08.01	16:00:00	639200.00	639680.00	636940.00	637280.00	3857	30704	1
2025.08.01	16:20:00	637240.00	638000.00	635020.00	636000.00	6762	51373	1
2025.08.01	16:40:00	636040.00	636420.00	634140.00	634520.00	4998	38870	1
2025.08.01	17:00:00	634440.00	637020.00	634180.00	635300.00	4477	39029	1
2025.08.01	17:20:00	635200.00	636660.00	634920.00	635680.00	2884	19770	1
2025.08.01	17:40:00	635700.00	638680.00	634600.00	638160.00	2508	16668	1
2025.08.01	18:00:00	638080.00	638840.00	632500.00	634600.00	2774	20192	1
2025.08.01	18:20:00	634480.00	636680.00	633940.00	636080.00	315	2079	1
2025.08.04	09:00:00	639360.00	641880.00	639360.00	640380.00	3435	12781	1
2025.08.04	09:20:00	640340.00	640400.00	638280.00	638920.00	3344	15101	1
2025.08.04	09:40:00	638880.00	639520.00	637420.00	638280.00	3264	13901	1
2025.08.04	10:00:00	638280.00	638460.00	636000.00	636040.00	3853	22284	1
2025.08.04	10:20:00	636080.00	637180.00	633820.00	636160.00	6766	38711	1
2025.08.04	10:40:00	636220.00	639220.00	635900.00	638840.00	6913	37807	1
2025.08.04	11:00:00	638900.00	642260.00	638660.00	641580.00	6176	32442	1
2025.08.04	11:20:00	641600.00	642540.00	640400.00	640520.00	4707	27605	1
2025.08.04	11:40:00	640560.00	641100.00	638440.00	638860.00	4772	26038	1
2025.08.04	12:00:00	638860.00	640960.00	638420.00	639920.00	3600	21538	1
2025.08.04	12:20:00	639940.00	640520.00	639080.00	639080.00	2659	15165	1
2025.08.04	12:40:00	639080.00	640500.00	638300.00	640340.00	2974	19521	1
2025.08.04	13:00:00	640360.00	643060.00	640320.00	642440.00	4185	26702	1
2025.08.04	13:20:00	642460.00	643580.00	641380.00	641440.00	3849	18837	1
2025.08.04	13:40:00	641440.00	644460.00	641300.00	643860.00	4201	22745	1
2025.08.04	14:00:00	643880.00	646060.00	643380.00	645000.00	4771	24270	1
2025.08.04	14:20:00	644960.00	645420.00	643520.00	643840.00	4162	22640	1
2025.08.04	14:40:00	643840.00	644260.00	642600.00	643040.00	3687	16722	1
2025.08.04	15:00:00	642980.00	643540.00	642080.00	642620.00	3114	12987	1
2025.08.04	15:20:00	642680.00	643280.00	641540.00	641580.00	3074	13955	1
2025.08.04	15:40:00	641580.00	642080.00	640600.00	641020.00	2815	11265	1
2025.08.04	16:00:00	640960.00	642160.00	640360.00	641340.00	3227	13735	1
2025.08.04	16:20:00	641380.00	641480.00	639320.00	639680.00	2912	12887	1
2025.08.04	16:40:00	639660.00	639900.00	638880.00	639400.00	2685	12711	1
2025.08.04	17:00:00	639380.00	639860.00	637580.00	638220.00	3913	23238	1
2025.08.04	17:20:00	638160.00	640240.00	638020.00	639660.00	2503	11526	1
2025.08.04	17:40:00	639700.00	640120.00	638280.00	638680.00	1852	10288	1
2025.08.04	18:00:00	638680.00	640780.00	638260.00	639200.00	1267	3776	1
2025.08.04	18:20:00	639180.00	639860.00	632020.00	639040.00	416	3058	1
2025.08.05	09:00:00	641840.00	642640.00	640200.00	640760.00	4155	19711	1
2025.08.05	09:20:00	640720.00	641100.00	634200.00	635060.00	7744	31214	1
2025.08.05	09:40:00	635080.00	637000.00	634400.00	635820.00	6186	28932	1
2025.08.05	10:00:00	635840.00	637120.00	635280.00	636600.00	3667	18102	1
2025.08.05	10:20:00	636580.00	637020.00	634420.00	636200.00	5051	26737	1
2025.08.05	10:40:00	636180.00	638040.00	635480.00	636100.00	5130	29456	1
2025.08.05	11:00:00	636060.00	636340.00	631860.00	632440.00	9842	57955	1
2025.08.05	11:20:00	632420.00	632420.00	628720.00	629300.00	9236	63321	1
2025.08.05	11:40:00	629260.00	630260.00	626860.00	629580.00	7395	49681	1
2025.08.05	12:00:00	629540.00	630340.00	627780.00	629840.00	4210	27946	1
2025.08.05	12:20:00	629900.00	630300.00	627640.00	628100.00	3712	24475	1
2025.08.05	12:40:00	628220.00	628660.00	627180.00	628360.00	3109	22853	1
2025.08.05	13:00:00	628280.00	629820.00	627780.00	628840.00	2712	17154	1
2025.08.05	13:20:00	628800.00	630980.00	628740.00	629220.00	3785	23321	1
2025.08.05	13:40:00	629240.00	629980.00	627620.00	629740.00	3753	24320	1
2025.08.05	14:00:00	629800.00	631000.00	629540.00	630560.00	2485	12601	1
2025.08.05	14:20:00	630500.00	631740.00	630140.00	630420.00	3991	20049	1
2025.08.05	14:40:00	630440.00	632660.00	629780.00	632520.00	4391	23260	1
2025.08.05	15:00:00	632520.00	633160.00	631000.00	632080.00	4340	22982	1
2025.08.05	15:20:00	631980.00	632280.00	630740.00	631360.00	2850	12134	1
2025.08.05	15:40:00	631360.00	632520.00	630240.00	632520.00	3756	17955	1
2025.08.05	16:00:00	632520.00	633400.00	631840.00	632700.00	4008	20192	1
2025.08.05	16:20:00	632660.00	632940.00	631840.00	632380.00	2288	10031	1
2025.08.05	16:40:00	632360.00	632940.00	631040.00	632300.00	3832	18959	1
2025.08.05	17:00:00	632340.00	633660.00	632340.00	633520.00	2307	11919	1
2025.08.05	17:20:00	633520.00	634400.00	632400.00	632440.00	2615	14485	1
2025.08.05	17:40:00	632400.00	633380.00	631400.00	633280.00	2353	13065	1
2025.08.05	18:00:00	633400.00	634480.00	631500.00	633220.00	1368	9674	1
2025.08.05	18:20:00	633200.00	634460.00	633200.00	633680.00	401	1425	1
2025.08.06	09:00:00	636160.00	636600.00	633060.00	635020.00	5709	20000	1
2025.08.06	09:20:00	634940.00	635340.00	632900.00	634600.00	4835	17284	1
2025.08.06	09:40:00	634620.00	634920.00	631360.00	631720.00	4739	21110	1
2025.08.06	10:00:00	631680.00	632400.00	630080.00	630580.00	3833	18044	1
2025.08.06	10:20:00	630580.00	631680.00	628500.00	631380.00	6287	37412	1
2025.08.06	10:40:00	631520.00	632340.00	629280.00	631400.00	8063	55088	1
2025.08.06	11:00:00	631380.00	633340.00	631280.00	632480.00	4945	31826	1
2025.08.06	11:20:00	632460.00	632700.00	629700.00	631540.00	5000	30083	1
2025.08.06	11:40:00	631500.00	638280.00	631200.00	638140.00	6266	38889	1
2025.08.06	12:00:00	638100.00	638820.00	635740.00	637120.00	5376	38639	1
2025.08.06	12:20:00	637100.00	638920.00	635980.00	638400.00	3119	19553	1
2025.08.06	12:40:00	638380.00	640120.00	637260.00	639180.00	3631	22286	1
2025.08.06	13:00:00	639120.00	639620.00	637560.00	637860.00	3370	22226	1
2025.08.06	13:20:00	637800.00	638260.00	636900.00	637400.00	2365	15124	1
2025.08.06	13:40:00	637460.00	637900.00	636580.00	637520.00	2261	11876	1
2025.08.06	14:00:00	637580.00	637800.00	636200.00	637080.00	2299	12132	1
2025.08.06	14:20:00	637060.00	638100.00	636680.00	637520.00	2426	12814	1
2025.08.06	14:40:00	637500.00	638380.00	637420.00	638080.00	2276	11464	1
2025.08.06	15:00:00	638100.00	639320.00	638080.00	638820.00	3288	17554	1
2025.08.06	15:20:00	638800.00	638860.00	637440.00	637580.00	3367	19075	1
2025.08.06	15:40:00	637620.00	638100.00	636600.00	637680.00	3093	13790	1
2025.08.06	16:00:00	637660.00	638440.00	637260.00	637800.00	2178	10241	1
2025.08.06	16:20:00	637800.00	637980.00	636660.00	637080.00	1845	9244	1
2025.08.06	16:40:00	637080.00	637100.00	635820.00	636700.00	2716	13040	1
2025.08.06	17:00:00	636700.00	636980.00	635880.00	636620.00	1711	9073	1
2025.08.06	17:20:00	636580.00	636580.00	635240.00	635520.00	1639	7675	1
2025.08.06	17:40:00	635420.00	636100.00	635340.00	635620.00	1173	6454	1
2025.08.06	18:00:00	635600.00	637400.00	635300.00	636080.00	1138	6182	1
2025.08.06	18:20:00	636080.00	636400.00	635540.00	635620.00	376	1429	1
2025.08.07	09:00:00	644920.00	644920.00	641980.00	642400.00	4541	17104	1
2025.08.07	09:20:00	642420.00	643460.00	642080.00	642860.00	2862	11190	1
2025.08.07	09:40:00	642880.00	643160.00	640080.00	642440.00	5661	20420	1
2025.08.07	10:00:00	642440.00	643040.00	640860.00	641580.00	4367	20291	1
2025.08.07	10:20:00	641520.00	644240.00	641020.00	644240.00	5213	25853	1
2025.08.07	10:40:00	644240.00	644600.00	642500.00	644360.00	6000	34281	1
2025.08.07	11:00:00	644400.00	644840.00	642460.00	643540.00	5073	26910	1
2025.08.07	11:20:00	643580.00	644880.00	642440.00	644600.00	3804	19855	1
2025.08.07	11:40:00	644640.00	644760.00	642860.00	643580.00	3018	15020	1
2025.08.07	12:00:00	643620.00	644700.00	643180.00	644200.00	2357	12709	1
2025.08.07	12:20:00	644160.00	645540.00	643980.00	644280.00	3520	17593	1
2025.08.07	12:40:00	644260.00	645640.00	643700.00	643780.00	3072	15270	1
2025.08.07	13:00:00	643800.00	644340.00	642800.00	643680.00	3261	15154	1
2025.08.07	13:20:00	643700.00	644720.00	643460.00	643620.00	2480	11608	1
2025.08.07	13:40:00	643640.00	643660.00	638660.00	641360.00	7850	43027	1
2025.08.07	14:00:00	641360.00	642700.00	640320.00	642400.00	3416	17394	1
2025.08.07	14:20:00	642400.00	643540.00	641260.00	641900.00	3546	18964	1
2025.08.07	14:40:00	641940.00	643420.00	641880.00	643240.00	2048	10322	1
2025.08.07	15:00:00	643260.00	643600.00	640500.00	640680.00	3317	18403	1
2025.08.07	15:20:00	640680.00	641880.00	640620.00	640880.00	2149	11407	1
2025.08.07	15:40:00	640880.00	642540.00	640320.00	642260.00	2652	15763	1
2025.08.07	16:00:00	642300.00	642760.00	641180.00	641980.00	2991	15576	1
2025.08.07	16:20:00	641940.00	642960.00	641320.00	642460.00	2648	17136	1
2025.08.07	16:40:00	642460.00	645300.00	642160.00	644640.00	4571	32815	1
2025.08.07	17:00:00	644580.00	644880.00	643620.00	644380.00	1657	11596	1
2025.08.07	17:20:00	644500.00	645260.00	644320.00	644960.00	1275	6450	1
2025.08.07	17:40:00	644960.00	645160.00	643380.00	643780.00	1929	11505	1
2025.08.07	18:00:00	643580.00	644700.00	643000.00	643960.00	690	3383	1
2025.08.07	18:20:00	643740.00	644180.00	643400.00	643620.00	149	1204	1
2025.08.08	09:00:00	642460.00	642460.00	639440.00	639520.00	3733	15123	1
2025.08.08	09:20:00	639500.00	640080.00	638520.00	638560.00	3489	14086	1
2025.08.08	09:40:00	638620.00	640360.00	638580.00	639520.00	3451	12283	1
2025.08.08	10:00:00	639500.00	640420.00	638820.00	639020.00	3484	15487	1
2025.08.08	10:20:00	639040.00	640240.00	637980.00	639460.00	5584	29683	1
2025.08.08	10:40:00	639500.00	641220.00	639440.00	640860.00	5989	30870	1
2025.08.08	11:00:00	640920.00	643400.00	638960.00	639400.00	9320	49836	1
2025.08.08	11:20:00	639420.00	640200.00	638360.00	638420.00	3494	17680	1
2025.08.08	11:40:00	638420.00	639460.00	637820.00	638420.00	3972	22866	1
2025.08.08	12:00:00	638460.00	638460.00	635760.00	636540.00	5039	29169	1
2025.08.08	12:20:00	636540.00	637960.00	635160.00	635480.00	4037	24805	1
2025.08.08	12:40:00	635420.00	636520.00	634180.00	636220.00	4169	25802	1
2025.08.08	13:00:00	636200.00	637300.00	635240.00	635840.00	3242	22012	1
2025.08.08	13:20:00	635800.00	636960.00	635420.00	636140.00	2108	10533	1
2025.08.08	13:40:00	636240.00	637080.00	636040.00	636460.00	1318	5568	1
2025.08.08	14:00:00	636400.00	638080.00	636260.00	637240.00	3047	15091	1
2025.08.08	14:20:00	637220.00	638140.00	636960.00	637800.00	2223	13777	1
2025.08.08	14:40:00	637840.00	639640.00	637820.00	639580.00	3165	18596	1
2025.08.08	15:00:00	639620.00	640680.00	639020.00	639920.00	4121	24349	1
2025.08.08	15:20:00	639920.00	642120.00	638720.00	639000.00	6463	44545	1
2025.08.08	15:40:00	638960.00	640180.00	638700.00	639480.00	2791	14518	1
2025.08.08	16:00:00	639500.00	640740.00	638840.00	640500.00	2479	16098	1
2025.08.08	16:20:00	640500.00	640800.00	639120.00	639260.00	2400	10630	1
2025.08.08	16:40:00	639240.00	640000.00	638580.00	638960.00	3634	24876	1
2025.08.08	17:00:00	638980.00	639800.00	638680.00	639100.00	2305	23936	1
2025.08.08	17:20:00	639140.00	640160.00	639080.00	639840.00	1336	8238	1
2025.08.08	17:40:00	639820.00	641700.00	639640.00	641160.00	1728	9799	1
2025.08.08	18:00:00	641060.00	641820.00	640460.00	640580.00	802	5160	1
2025.08.08	18:20:00	640580.00	641620.00	640220.00	641620.00	222	1267	1
2025.08.11	09:00:00	661840.00	662640.00	660040.00	661800.00	6515	30724	1
2025.08.11	09:20:00	661780.00	661960.00	658500.00	658500.00	5595	25600	1
2025.08.11	09:40:00	658560.00	659380.00	657220.00	657760.00	5232	24335	1
2025.08.11	10:00:00	657820.00	658080.00	655920.00	657220.00	5435	24853	1
2025.08.11	10:20:00	657200.00	659260.00	656320.00	658600.00	3845	16816	1
2025.08.11	10:40:00	658620.00	660780.00	657840.00	658940.00	6334	33766	1
2025.08.11	11:00:00	658940.00	661060.00	658780.00	659840.00	4438	25590	1
2025.08.11	11:20:00	659860.00	663060.00	658280.00	661480.00	6190	34834	1
2025.08.11	11:40:00	661460.00	661580.00	659680.00	661100.00	3976	22545	1
2025.08.11	12:00:00	661120.00	661320.00	659360.00	660880.00	3099	17292	1
2025.08.11	12:20:00	660820.00	662240.00	660120.00	660880.00	3455	20325	1
2025.08.11	12:40:00	660820.00	661300.00	659900.00	660500.00	2016	11973	1
2025.08.11	13:00:00	660480.00	662960.00	659820.00	662200.00	3880	22477	1
2025.08.11	13:20:00	662160.00	662620.00	660480.00	660740.00	3880	24826	1
2025.08.11	13:40:00	660700.00	660720.00	658860.00	659060.00	4202	26855	1
2025.08.11	14:00:00	659060.00	661160.00	657500.00	658300.00	4763	21185	1
2025.08.11	14:20:00	658340.00	658800.00	657280.00	658120.00	3247	15013	1
2025.08.11	14:40:00	658200.00	658680.00	656700.00	656980.00	2924	13128	1
2025.08.11	15:00:00	656960.00	657420.00	655440.00	657100.00	4553	22005	1
2025.08.11	15:20:00	657120.00	658620.00	656420.00	658560.00	3166	14458	1
2025.08.11	15:40:00	658560.00	658660.00	656320.00	657820.00	3523	17717	1
2025.08.11	16:00:00	657800.00	657960.00	656120.00	656480.00	2633	13231	1
2025.08.11	16:20:00	656500.00	657200.00	654440.00	654780.00	3215	18509	1
2025.08.11	16:40:00	654780.00	654860.00	651480.00	653760.00	6560	46564	1
2025.08.11	17:00:00	653740.00	653960.00	650560.00	650940.00	4007	25526	1
2025.08.11	17:20:00	650860.00	652720.00	650740.00	652600.00	2543	11489	1
2025.08.11	17:40:00	652640.00	653640.00	652080.00	652600.00	2356	12027	1
2025.08.11	18:00:00	652320.00	654200.00	652100.00	652780.00	1367	8247	1
2025.08.11	18:20:00	652520.00	653500.00	652000.00	653000.00	219	2097	1
2025.08.12	09:00:00	650000.00	650040.00	647580.00	648660.00	4585	19476	1
2025.08.12	09:20:00	648660.00	651600.00	648400.00	649880.00	6804	39715	1
2025.08.12	09:40:00	649860.00	650760.00	649040.00	650100.00	4650	25755	1
2025.08.12	10:00:00	650160.00	650840.00	647760.00	649320.00	5257	28775	1
2025.08.12	10:20:00	649360.00	653780.00	648920.00	651380.00	8663	45624	1
2025.08.12	10:40:00	651300.00	651560.00	647100.00	648840.00	9421	54555	1
2025.08.12	11:00:00	648860.00	651340.00	647740.00	650080.00	5531	31859	1
2025.08.12	11:20:00	650000.00	651420.00	649880.00	650440.00	3143	20923	1
2025.08.12	11:40:00	650460.00	651540.00	649320.00	651400.00	3484	22538	1
2025.08.12	12:00:00	651380.00	652080.00	649580.00	650660.00	4139	28274	1
2025.08.12	12:20:00	650680.00	652840.00	650560.00	651980.00	4849	25801	1
2025.08.12	12:40:00	651940.00	652700.00	650840.00	652200.00	3014	13667	1
2025.08.12	13:00:00	652260.00	654000.00	651860.00	652480.00	3663	18021	1
2025.08.12	13:20:00	652440.00	653380.00	650460.00	650700.00	3127	17158	1
2025.08.12	13:40:00	650660.00	651600.00	649980.00	651060.00	2954	20407	1
2025.08.12	14:00:00	651040.00	652300.00	650480.00	651640.00	2296	12684	1
2025.08.12	14:20:00	651660.00	652160.00	649300.00	650600.00	3219	19812	1
2025.08.12	14:40:00	650580.00	651040.00	648380.00	649160.00	2697	18016	1
2025.08.12	15:00:00	649160.00	652680.00	649000.00	652320.00	3459	24855	1
2025.08.12	15:20:00	652300.00	652560.00	649860.00	650160.00	2651	18297	1
2025.08.12	15:40:00	650120.00	650520.00	648400.00	649100.00	2456	14845	1
2025.08.12	16:00:00	649100.00	650840.00	648880.00	650660.00	2165	13929	1
2025.08.12	16:20:00	650660.00	652460.00	650300.00	651640.00	2462	15947	1
2025.08.12	16:40:00	651600.00	651620.00	650100.00	650200.00	2254	15945	1
2025.08.12	17:00:00	650220.00	651980.00	649320.00	651180.00	3100	20720	1
2025.08.12	17:20:00	651320.00	653160.00	650720.00	653080.00	2240	10375	1
2025.08.12	17:40:00	653080.00	653700.00	651520.00	653260.00	2565	12497	1
2025.08.12	18:00:00	653140.00	654180.00	651600.00	654160.00	1531	8650	1
2025.08.12	18:20:00	653900.00	654600.00	653760.00	654420.00	203	1578	1
2025.08.13	09:00:00	655560.00	656480.00	654380.00	656040.00	5285	21411	1
2025.08.13	09:20:00	656000.00	656200.00	653580.00	655400.00	5137	17523	1
2025.08.13	09:40:00	655360.00	655960.00	652820.00	653360.00	5210	22042	1
2025.08.13	10:00:00	653500.00	656100.00	652920.00	655840.00	4585	22506	1
2025.08.13	10:20:00	655840.00	657400.00	655500.00	655800.00	7413	41042	1
2025.08.13	10:40:00	655740.00	664400.00	654000.00	662420.00	17114	102064	1
2025.08.13	11:00:00	662380.00	665120.00	661040.00	662940.00	10052	67181	1
2025.08.13	11:20:00	662920.00	664440.00	660700.00	661400.00	6901	45441	1
2025.08.13	11:40:00	661400.00	662260.00	657180.00	657800.00	6997	41609	1
2025.08.13	12:00:00	658000.00	659720.00	655300.00	655540.00	6318	42657	1
2025.08.13	12:20:00	655480.00	658880.00	654240.00	658820.00	5531	37232	1
2025.08.13	12:40:00	658700.00	661640.00	658540.00	659600.00	5307	35648	1
2025.08.13	13:00:00	659660.00	663160.00	659600.00	662720.00	4057	26831	1
2025.08.13	13:20:00	662720.00	663580.00	661740.00	662380.00	3615	21107	1
2025.08.13	13:40:00	662400.00	662400.00	661040.00	661760.00	3363	26978	1
2025.08.13	14:00:00	661740.00	663000.00	661480.00	662440.00	2350	15177	1
2025.08.13	14:20:00	662460.00	663720.00	661980.00	662200.00	3259	18335	1
2025.08.13	14:40:00	662160.00	663760.00	661560.00	663320.00	3093	17778	1
2025.08.13	15:00:00	663240.00	664620.00	662500.00	663440.00	4578	27892	1
2025.08.13	15:20:00	663380.00	663980.00	661800.00	662960.00	4318	26171	1
2025.08.13	15:40:00	662920.00	663740.00	661820.00	663320.00	4011	18484	1
2025.08.13	16:00:00	663320.00	665700.00	662560.00	665420.00	5141	26562	1
2025.08.13	16:20:00	665400.00	668700.00	665400.00	666900.00	8071	44395	1
2025.08.13	16:40:00	666840.00	669900.00	666820.00	669280.00	6182	40448	1
2025.08.13	17:00:00	669340.00	670000.00	667940.00	669280.00	4118	24715	1
2025.08.13	17:20:00	669300.00	669620.00	668440.00	669340.00	1866	10597	1
2025.08.13	17:40:00	669380.00	670800.00	669280.00	670440.00	3470	24224	1
2025.08.13	18:00:00	670420.00	672000.00	669640.00	670620.00	2564	20259	1
2025.08.13	18:20:00	670820.00	671720.00	669580.00	669580.00	441	5084	1
2025.08.14	09:00:00	664820.00	664820.00	656820.00	657640.00	8143	37773	1
2025.08.14	09:20:00	657620.00	660240.00	642400.00	648760.00	21634	122543	1
2025.08.14	09:40:00	648720.00	653180.00	647280.00	647940.00	9671	46004	1
2025.08.14	10:00:00	647920.00	650080.00	644340.00	647020.00	10138	62887	1
2025.08.14	10:20:00	647040.00	648180.00	644480.00	645220.00	8287	55249	1
2025.08.14	10:40:00	645280.00	649840.00	643220.00	647520.00	8216	50215	1
2025.08.14	11:00:00	647720.00	647820.00	643780.00	646560.00	5339	33960	1
2025.08.14	11:20:00	646600.00	650100.00	644960.00	650080.00	5460	34957	1
2025.08.14	11:40:00	650040.00	650600.00	646720.00	647160.00	5746	30113	1
2025.08.14	12:00:00	647100.00	648000.00	645620.00	645780.00	4552	22995	1
2025.08.14	12:20:00	645700.00	646100.00	643120.00	644120.00	5100	31381	1
2025.08.14	12:40:00	644100.00	646040.00	643320.00	645520.00	3768	21027	1
2025.08.14	13:00:00	645560.00	645560.00	641120.00	642420.00	5672	34621	1
2025.08.14	13:20:00	642440.00	643760.00	640780.00	642720.00	4520	34253	1
2025.08.14	13:40:00	642760.00	644800.00	641180.00	644420.00	5121	38092	1
2025.08.14	14:00:00	644400.00	644420.00	641760.00	642680.00	3819	28684	1
2025.08.14	14:20:00	642720.00	645600.00	642660.00	643660.00	3814	25633	1
2025.08.14	14:40:00	643620.00	644460.00	642120.00	644220.00	3300	23180	1
2025.08.14	15:00:00	644180.00	645220.00	642560.00	643080.00	2930	19404	1
2025.08.14	15:20:00	643040.00	644380.00	640060.00	644040.00	5042	33757	1
2025.08.14	15:40:00	644060.00	645340.00	643700.00	644640.00	2526	15978	1
2025.08.14	16:00:00	644640.00	645480.00	644180.00	645280.00	1952	11500	1
2025.08.14	16:20:00	645240.00	646820.00	644700.00	645180.00	3457	20462	1
2025.08.14	16:40:00	645180.00	647580.00	643920.00	644120.00	4428	31581	1
2025.08.14	17:00:00	644020.00	644500.00	642940.00	643620.00	2461	17703	1
2025.08.14	17:20:00	643560.00	645200.00	643520.00	644240.00	2091	11607	1
2025.08.14	17:40:00	644320.00	644340.00	643060.00	643760.00	1846	11053	1
2025.08.14	18:00:00	643760.00	645080.00	643760.00	644080.00	1226	7695	1
2025.08.14	18:20:00	644100.00	644560.00	641500.00	642340.00	374	2597	1
2025.08.15	09:00:00	648960.00	648960.00	646920.00	646960.00	3067	12324	1
2025.08.15	09:20:00	646920.00	647800.00	644800.00	645320.00	7394	36537	1
2025.08.15	09:40:00	645360.00	645840.00	643720.00	644880.00	3883	17388	1
2025.08.15	10:00:00	644740.00	645240.00	642500.00	643780.00	4121	19762	1
2025.08.15	10:20:00	643780.00	644560.00	641640.00	642220.00	5078	27424	1
2025.08.15	10:40:00	642180.00	642540.00	639540.00	640160.00	5928	35482	1
2025.08.15	11:00:00	640080.00	642540.00	639300.00	642080.00	6234	31613	1
2025.08.15	11:20:00	642020.00	642020.00	639620.00	640580.00	4591	23418	1
2025.08.15	11:40:00	640620.00	640660.00	636960.00	637740.00	7033	44215	1
2025.08.15	12:00:00	637740.00	639260.00	635240.00	638760.00	7748	54651	1
2025.08.15	12:20:00	638800.00	639100.00	635860.00	636520.00	5258	38210	1
2025.08.15	12:40:00	636580.00	638100.00	634880.00	637360.00	5290	37150	1
2025.08.15	13:00:00	637380.00	638140.00	634800.00	635780.00	4865	35093	1
2025.08.15	13:20:00	635800.00	636920.00	635040.00	636640.00	2766	19059	1
2025.08.15	13:40:00	636640.00	638880.00	636420.00	638240.00	3379	20060	1
2025.08.15	14:00:00	638240.00	638740.00	636740.00	636740.00	2968	20161	1
2025.08.15	14:20:00	636760.00	639860.00	636020.00	639780.00	5250	37421	1
2025.08.15	14:40:00	639680.00	640960.00	638880.00	639500.00	3784	25407	1
2025.08.15	15:00:00	639520.00	639900.00	637640.00	637740.00	3049	18561	1
2025.08.15	15:20:00	637740.00	638580.00	637300.00	637980.00	2460	17111	1
2025.08.15	15:40:00	638040.00	638420.00	636460.00	637280.00	3074	20809	1
2025.08.15	16:00:00	637220.00	638200.00	636200.00	637420.00	3275	19376	1
2025.08.15	16:20:00	637440.00	637740.00	636000.00	636040.00	2092	13691	1
2025.08.15	16:40:00	636040.00	636380.00	634940.00	635620.00	3307	20414	1
2025.08.15	17:00:00	635640.00	636680.00	635140.00	636520.00	1871	11817	1
2025.08.15	17:20:00	636480.00	637580.00	635780.00	637320.00	2196	10635	1
2025.08.15	17:40:00	637320.00	637980.00	637040.00	637640.00	1741	10734	1
2025.08.15	18:00:00	637700.00	638040.00	635040.00	635580.00	1456	9130	1
2025.08.15	18:20:00	635800.00	636440.00	635360.00	636140.00	215	1347	1
2025.08.18	09:00:00	624000.00	627240.00	624000.00	626620.00	4665	17812	1
2025.08.18	09:20:00	626660.00	628260.00	626040.00	627700.00	4075	16485	1
2025.08.18	09:40:00	627720.00	629220.00	627540.00	628920.00	3705	15032	1
2025.08.18	10:00:00	628860.00	629760.00	627940.00	629100.00	4241	21866	1
2025.08.18	10:20:00	629040.00	630220.00	628080.00	629060.00	4651	23509	1
2025.08.18	10:40:00	629020.00	629380.00	624820.00	625040.00	7704	40421	1
2025.08.18	11:00:00	625060.00	627120.00	624760.00	626600.00	6528	32679	1
2025.08.18	11:20:00	626600.00	628800.00	626400.00	626840.00	5664	28352	1
2025.08.18	11:40:00	626840.00	629800.00	625940.00	629700.00	4720	31616	1
2025.08.18	12:00:00	629660.00	630480.00	628660.00	628780.00	3902	24629	1
2025.08.18	12:20:00	628760.00	631000.00	628740.00	630740.00	3055	16718	1
2025.08.18	12:40:00	630740.00	633380.00	630100.00	633180.00	4922	26780	1
2025.08.18	13:00:00	633180.00	634740.00	632900.00	633700.00	4954	30529	1
2025.08.18	13:20:00	633660.00	633700.00	631900.00	632420.00	3441	18995	1
2025.08.18	13:40:00	632420.00	634420.00	632240.00	633800.00	3478	20342	1
2025.08.18	14:00:00	633860.00	636420.00	633860.00	636280.00	3567	22110	1
2025.08.18	14:20:00	636220.00	638000.00	635680.00	637300.00	5125	32833	1
2025.08.18	14:40:00	637360.00	637400.00	635880.00	636220.00	3147	15401	1
2025.08.18	15:00:00	636220.00	636840.00	635780.00	636080.00	2542	15106	1
2025.08.18	15:20:00	635940.00	637680.00	635420.00	636840.00	3726	20742	1
2025.08.18	15:40:00	636900.00	637480.00	636360.00	636760.00	1860	10428	1
2025.08.18	16:00:00	636820.00	637700.00	634960.00	635640.00	3826	21900	1
2025.08.18	16:20:00	635660.00	636420.00	635020.00	635380.00	2392	12063	1
2025.08.18	16:40:00	635420.00	636260.00	635080.00	635820.00	2036	12554	1
2025.08.18	17:00:00	635860.00	637080.00	635380.00	636080.00	2351	12514	1
2025.08.18	17:20:00	636060.00	637420.00	634920.00	635280.00	2628	11885	1
2025.08.18	17:40:00	635320.00	636900.00	634260.00	636760.00	2925	16328	1
2025.08.18	18:00:00	636680.00	638940.00	636360.00	637940.00	1619	12474	1
2025.08.18	18:20:00	638160.00	639820.00	637880.00	639140.00	305	2305	1
2025.08.19	09:00:00	631500.00	633000.00	630760.00	632520.00	4807	14921	1
2025.08.19	09:20:00	632540.00	633480.00	631460.00	633280.00	3865	13745	1
2025.08.19	09:40:00	633320.00	634660.00	632280.00	634600.00	4623	18290	1
2025.08.19	10:00:00	634660.00	637360.00	634560.00	637260.00	4781	22384	1
2025.08.19	10:20:00	637260.00	638820.00	634940.00	635520.00	6926	41810	1
2025.08.19	10:40:00	635480.00	636200.00	632280.00	633540.00	7121	43628	1
2025.08.19	11:00:00	633580.00	634420.00	630360.00	631020.00	6019	36256	1
2025.08.19	11:20:00	631040.00	631480.00	627580.00	629400.00	7162	42379	1
2025.08.19	11:40:00	629460.00	629660.00	625800.00	626760.00	5956	37647	1
2025.08.19	12:00:00	626820.00	627460.00	624240.00	625380.00	5293	34916	1
2025.08.19	12:20:00	625320.00	628440.00	625320.00	627340.00	4201	23778	1
2025.08.19	12:40:00	627320.00	628440.00	625340.00	626020.00	3304	18786	1
2025.08.19	13:00:00	625980.00	626160.00	624340.00	624640.00	2584	17715	1
2025.08.19	13:20:00	624640.00	625180.00	622740.00	622920.00	4389	23769	1
2025.08.19	13:40:00	623000.00	624280.00	622560.00	623380.00	3349	22199	1
2025.08.19	14:00:00	623400.00	624200.00	622200.00	623140.00	4645	31898	1
2025.08.19	14:20:00	623200.00	625440.00	622860.00	625080.00	3253	17914	1
2025.08.19	14:40:00	625000.00	625300.00	623600.00	624860.00	2616	14548	1
2025.08.19	15:00:00	624900.00	625900.00	624380.00	625800.00	2568	12616	1
2025.08.19	15:20:00	625800.00	625800.00	623380.00	623480.00	2800	14229	1
2025.08.19	15:40:00	623460.00	623940.00	622320.00	623500.00	3640	22805	1
2025.08.19	16:00:00	623420.00	624000.00	622120.00	623980.00	2735	17259	1
2025.08.19	16:20:00	623920.00	627680.00	623740.00	627100.00	4339	29229	1
2025.08.19	16:40:00	627060.00	627300.00	624420.00	624660.00	3819	22242	1
2025.08.19	17:00:00	624700.00	625880.00	623820.00	625040.00	2646	18744	1
2025.08.19	17:20:00	625040.00	627340.00	624960.00	627200.00	2105	10594	1
2025.08.19	17:40:00	627120.00	627960.00	626560.00	627600.00	1451	8649	1
2025.08.19	18:00:00	627580.00	627640.00	626320.00	626840.00	863	4658	1
2025.08.19	18:20:00	626900.00	626900.00	626080.00	626720.00	189	942	1
2025.08.20	09:00:00	626980.00	629700.00	626660.00	627420.00	4676	16385	1
2025.08.20	09:20:00	627460.00	627480.00	625200.00	625900.00	5513	20052	1
2025.08.20	09:40:00	625860.00	626600.00	624660.00	624760.00	3553	14123	1
2025.08.20	10:00:00	624760.00	625080.00	622540.00	623500.00	5253	23241	1
2025.08.20	10:20:00	623480.00	624420.00	621820.00	622500.00	6090	30454	1
2025.08.20	10:40:00	622520.00	623220.00	618360.00	619340.00	9262	50286	1
2025.08.20	11:00:00	619260.00	621260.00	617140.00	618640.00	7726	42854	1
2025.08.20	11:20:00	618580.00	625600.00	618080.00	624700.00	9027	48976	1
2025.08.20	11:40:00	624720.00	625900.00	622920.00	623400.00	6365	41355	1
2025.08.20	12:00:00	623400.00	627900.00	622760.00	627300.00	5896	37790	1
2025.08.20	12:20:00	627280.00	627920.00	626140.00	626200.00	3531	20754	1
2025.08.20	12:40:00	626200.00	627160.00	622260.00	623000.00	4811	28253	1
2025.08.20	13:00:00	623000.00	625800.00	622280.00	625780.00	3967	22772	1
2025.08.20	13:20:00	625760.00	627760.00	625320.00	626080.00	4679	28058	1
2025.08.20	13:40:00	626040.00	626840.00	624420.00	624880.00	3491	20900	1
2025.08.20	14:00:00	624880.00	628800.00	624240.00	626580.00	5158	33819	1
2025.08.20	14:20:00	626620.00	627180.00	625280.00	627040.00	2686	16035	1
2025.08.20	14:40:00	627100.00	628880.00	626520.00	627560.00	3445	22634	1
2025.08.20	15:00:00	627640.00	628080.00	623900.00	624260.00	4671	26225	1
2025.08.20	15:20:00	624380.00	624560.00	622260.00	624300.00	4130	22772	1
2025.08.20	15:40:00	624280.00	624740.00	623340.00	623560.00	2801	16455	1
2025.08.20	16:00:00	623500.00	626840.00	623340.00	626500.00	3907	22425	1
2025.08.20	16:20:00	626440.00	628120.00	626020.00	626020.00	4054	24200	1
2025.08.20	16:40:00	626020.00	628420.00	625740.00	627820.00	3294	21225	1
2025.08.20	17:00:00	627940.00	628180.00	627140.00	627440.00	1859	13136	1
2025.08.20	17:20:00	627540.00	629420.00	627520.00	628420.00	2048	9747	1
2025.08.20	17:40:00	628400.00	629860.00	628380.00	629720.00	1694	8758	1
2025.08.20	18:00:00	629600.00	631160.00	628100.00	628100.00	1360	7829	1
2025.08.20	18:20:00	628180.00	630300.00	627580.00	630300.00	219	1765	1
2025.08.21	09:00:00	623860.00	624600.00	622620.00	623740.00	5031	18296	1
2025.08.21	09:20:00	623700.00	625560.00	623420.00	623660.00	7304	25754	1
2025.08.21	09:40:00	623640.00	624060.00	621960.00	622300.00	7778	26258	1
2025.08.21	10:00:00	622260.00	623620.00	621800.00	622540.00	7977	34749	1
2025.08.21	10:20:00	622540.00	623800.00	621460.00	623340.00	7360	37018	1
2025.08.21	10:40:00	623440.00	626040.00	621580.00	624200.00	11875	62879	1
2025.08.21	11:00:00	624040.00	626980.00	623380.00	626360.00	7111	38415	1
2025.08.21	11:20:00	626380.00	626740.00	623040.00	623200.00	6916	39359	1
2025.08.21	11:40:00	623140.00	624640.00	621520.00	623580.00	7217	43621	1
2025.08.21	12:00:00	623640.00	624380.00	620440.00	622760.00	6213	38150	1
2025.08.21	12:20:00	622720.00	623780.00	621640.00	622700.00	5256	40126	1
2025.08.21	12:40:00	622820.00	623920.00	621220.00	621340.00	3888	23993	1
2025.08.21	13:00:00	621420.00	622580.00	620820.00	622540.00	3234	19461	1
2025.08.21	13:20:00	622560.00	622620.00	620120.00	620780.00	3890	21402	1
2025.08.21	13:40:00	620760.00	621000.00	618060.00	618600.00	4848	26398	1
2025.08.21	14:00:00	618640.00	618740.00	616660.00	617620.00	5803	31609	1
2025.08.21	14:20:00	617600.00	619020.00	616900.00	618540.00	4779	25801	1
2025.08.21	14:40:00	618600.00	618840.00	617220.00	617860.00	3488	18953	1
2025.08.21	15:00:00	617780.00	617900.00	616380.00	617640.00	4092	21725	1
2025.08.21	15:20:00	617660.00	618700.00	617100.00	617960.00	4603	20428	1
2025.08.21	15:40:00	617920.00	619360.00	616800.00	618660.00	4580	23484	1
2025.08.21	16:00:00	618660.00	619920.00	618520.00	619100.00	3798	18245	1
2025.08.21	16:20:00	619140.00	619140.00	615800.00	616880.00	5679	31252	1
2025.08.21	16:40:00	616780.00	617660.00	615840.00	616860.00	3414	16249	1
2025.08.21	17:00:00	616800.00	618240.00	616640.00	617700.00	2569	11805	1
2025.08.21	17:20:00	617640.00	618140.00	615900.00	617120.00	2454	10719	1
2025.08.21	17:40:00	617080.00	619840.00	616980.00	618100.00	3328	17539	1
2025.08.21	18:00:00	618080.00	618820.00	615500.00	616860.00	2287	11766	1
2025.08.21	18:20:00	616820.00	618300.00	616760.00	617360.00	247	1732	1
2025.08.22	09:00:00	617200.00	617200.00	613880.00	614480.00	5164	21544	1
2025.08.22	09:20:00	614460.00	614660.00	612440.00	614000.00	4855	23932	1
2025.08.22	09:40:00	614000.00	618140.00	613980.00	616300.00	6931	31375	1
2025.08.22	10:00:00	616340.00	617360.00	614160.00	615680.00	5611	26173	1
2025.08.22	10:20:00	615660.00	616160.00	614040.00	614740.00	5346	28318	1
2025.08.22	10:40:00	614740.00	618520.00	614060.00	617560.00	9053	48390	1
2025.08.22	11:00:00	617680.00	631420.00	617680.00	626840.00	23906	159778	1
2025.08.22	11:20:00	626860.00	631620.00	625360.00	631540.00	10263	47601	1
2025.08.22	11:40:00	631620.00	634640.00	629080.00	630220.00	7501	37295	1
2025.08.22	12:00:00	630220.00	636460.00	630180.00	636000.00	6992	36690	1
2025.08.22	12:20:00	636060.00	636580.00	633860.00	636060.00	4391	20118	1
2025.08.22	12:40:00	636180.00	639240.00	633440.00	633440.00	5843	27042	1
2025.08.22	13:00:00	633580.00	635520.00	632160.00	632400.00	4037	23194	1
2025.08.22	13:20:00	632320.00	634180.00	631600.00	633520.00	2967	17483	1
2025.08.22	13:40:00	633540.00	634160.00	632320.00	632660.00	2256	12577	1
2025.08.22	14:00:00	632600.00	636220.00	632580.00	635960.00	3530	20461	1
2025.08.22	14:20:00	635860.00	636800.00	634440.00	634740.00	3250	18264	1
2025.08.22	14:40:00	634780.00	636780.00	634000.00	636520.00	2910	15543	1
2025.08.22	15:00:00	636620.00	638540.00	636460.00	637180.00	3684	20411	1
2025.08.22	15:20:00	637240.00	637260.00	635540.00	636140.00	3520	21036	1
2025.08.22	15:40:00	636060.00	636260.00	635060.00	635720.00	2347	11011	1
2025.08.22	16:00:00	635620.00	636840.00	635300.00	636340.00	3435	28173	1
2025.08.22	16:20:00	636340.00	636620.00	634940.00	635540.00	2379	16107	1
2025.08.22	16:40:00	635540.00	636140.00	634400.00	635380.00	2459	16735	1
2025.08.22	17:00:00	635400.00	636920.00	634940.00	636540.00	2120	13657	1
2025.08.22	17:20:00	636560.00	637920.00	636400.00	637140.00	2304	13775	1
2025.08.22	17:40:00	637200.00	637620.00	636320.00	637520.00	1640	9734	1
2025.08.22	18:00:00	637500.00	638380.00	637020.00	637880.00	1145	9693	1
2025.08.22	18:20:00	637880.00	638980.00	637460.00	638120.00	330	2676	1
2025.08.25	09:00:00	607840.00	607900.00	604480.00	606280.00	7462	27931	1
2025.08.25	09:20:00	606260.00	609040.00	606120.00	607140.00	6012	20850	1
2025.08.25	09:40:00	607200.00	607700.00	606280.00	606760.00	3241	13582	1
2025.08.25	10:00:00	606660.00	607500.00	605900.00	606260.00	3637	17824	1
2025.08.25	10:20:00	606240.00	608340.00	604660.00	604720.00	7414	42918	1
2025.08.25	10:40:00	604800.00	606920.00	601360.00	606540.00	12381	70382	1
2025.08.25	11:00:00	606580.00	608720.00	605480.00	608420.00	7052	46709	1
2025.08.25	11:20:00	608320.00	608900.00	606820.00	608280.00	4741	31347	1
2025.08.25	11:40:00	608280.00	609000.00	606980.00	608620.00	3231	17891	1
2025.08.25	12:00:00	608660.00	609880.00	606860.00	608520.00	5502	31543	1
2025.08.25	12:20:00	608700.00	610620.00	608500.00	609560.00	3804	21898	1
2025.08.25	12:40:00	609560.00	610060.00	608100.00	608740.00	3569	29248	1
2025.08.25	13:00:00	608820.00	611900.00	607900.00	611000.00	5151	31305	1
2025.08.25	13:20:00	611060.00	612400.00	610340.00	611660.00	4170	26159	1
2025.08.25	13:40:00	611660.00	612060.00	610080.00	610220.00	3665	21809	1
2025.08.25	14:00:00	610260.00	610840.00	608440.00	609940.00	5494	31658	1
2025.08.25	14:20:00	609960.00	612040.00	609860.00	610920.00	4565	33880	1
2025.08.25	14:40:00	610880.00	610980.00	609180.00	610160.00	3869	28843	1
2025.08.25	15:00:00	610140.00	610700.00	609280.00	609840.00	2688	21685	1
2025.08.25	15:20:00	609800.00	611180.00	609640.00	609780.00	3220	22239	1
2025.08.25	15:40:00	609800.00	610660.00	609160.00	610220.00	2660	17334	1
2025.08.25	16:00:00	610260.00	610460.00	606520.00	607140.00	5639	32899	1
2025.08.25	16:20:00	607140.00	608500.00	603780.00	603860.00	5391	34507	1
2025.08.25	16:40:00	603900.00	604740.00	601140.00	601560.00	5791	38583	1
2025.08.25	17:00:00	601560.00	603240.00	597520.00	599520.00	10687	79647	1
2025.08.25	17:20:00	599400.00	600820.00	594560.00	595160.00	8322	48183	1
2025.08.25	17:40:00	595060.00	597960.00	594360.00	595000.00	5529	35216	1
2025.08.25	18:00:00	595160.00	596440.00	592720.00	593700.00	2814	16469	1
2025.08.25	18:20:00	593920.00	594780.00	589480.00	589700.00	598	3659	1
2025.08.26	09:00:00	595000.00	595720.00	593920.00	594620.00	3543	18687	1
2025.08.26	09:20:00	594640.00	599200.00	593960.00	599080.00	6313	31091	1
2025.08.26	09:40:00	599060.00	600880.00	595820.00	597600.00	9794	50542	1
2025.08.26	10:00:00	597540.00	598020.00	596080.00	596240.00	3837	25796	1
2025.08.26	10:20:00	596320.00	597880.00	594800.00	597380.00	7607	55511	1
2025.08.26	10:40:00	597260.00	598360.00	593900.00	597380.00	8348	54418	1
2025.08.26	11:00:00	597360.00	598740.00	596000.00	597060.00	7408	44704	1
2025.08.26	11:20:00	597140.00	600980.00	597140.00	600440.00	7500	48069	1
2025.08.26	11:40:00	600440.00	601680.00	599360.00	600480.00	4610	30657	1
2025.08.26	12:00:00	600440.00	601760.00	599220.00	600800.00	4862	29305	1
2025.08.26	12:20:00	600880.00	601680.00	597280.00	597700.00	5001	26660	1
2025.08.26	12:40:00	597700.00	598380.00	596800.00	597500.00	3269	23497	1
2025.08.26	13:00:00	597520.00	598560.00	596840.00	597200.00	2723	14100	1
2025.08.26	13:20:00	597180.00	599540.00	596800.00	599180.00	3318	17714	1
2025.08.26	13:40:00	599160.00	601300.00	598780.00	601180.00	2946	14715	1
2025.08.26	14:00:00	601180.00	601520.00	599180.00	599820.00	3314	16203	1
2025.08.26	14:20:00	599800.00	600460.00	598200.00	598740.00	2749	13336	1
2025.08.26	14:40:00	598680.00	599880.00	598200.00	599500.00	2698	14141	1
2025.08.26	15:00:00	599480.00	601160.00	599280.00	600700.00	3531	14160	1
2025.08.26	15:20:00	600680.00	603780.00	600280.00	603280.00	5733	30492	1
2025.08.26	15:40:00	603260.00	605120.00	603140.00	603320.00	5453	34321	1
2025.08.26	16:00:00	603240.00	604600.00	601840.00	604560.00	3935	21478	1
2025.08.26	16:20:00	604600.00	605720.00	604140.00	604440.00	3991	26175	1
2025.08.26	16:40:00	604480.00	605640.00	603760.00	605220.00	3241	22054	1
2025.08.26	17:00:00	605160.00	605960.00	604140.00	605580.00	2528	13719	1
2025.08.26	17:20:00	605620.00	606800.00	605260.00	605880.00	2109	8727	1
2025.08.26	17:40:00	605820.00	606540.00	605200.00	606160.00	1875	7349	1
2025.08.26	18:00:00	606060.00	606340.00	604840.00	605520.00	1245	4847	1
2025.08.26	18:20:00	605300.00	609920.00	604380.00	605440.00	290	2746	1
2025.08.27	09:00:00	608000.00	608240.00	605280.00	605580.00	4287	18539	1
2025.08.27	09:20:00	605700.00	606340.00	604780.00	605580.00	3657	19033	1
2025.08.27	09:40:00	605580.00	607740.00	604900.00	607480.00	5513	20683	1
2025.08.27	10:00:00	607480.00	607620.00	605360.00	607120.00	4951	23912	1
2025.08.27	10:20:00	607160.00	607980.00	605440.00	607080.00	6285	30964	1
2025.08.27	10:40:00	607000.00	611020.00	606880.00	608600.00	9601	51256	1
2025.08.27	11:00:00	608640.00	610840.00	607480.00	610700.00	6434	32562	1
2025.08.27	11:20:00	610740.00	615880.00	609980.00	614500.00	10200	65146	1
2025.08.27	11:40:00	614460.00	614740.00	609900.00	610380.00	7513	47588	1
2025.08.27	12:00:00	610380.00	611720.00	609600.00	611520.00	4078	24828	1
2025.08.27	12:20:00	611420.00	611420.00	608040.00	608380.00	4151	22434	1
2025.08.27	12:40:00	608360.00	610240.00	607420.00	610040.00	3805	24742	1
2025.08.27	13:00:00	610000.00	610480.00	608480.00	610060.00	2964	18039	1
2025.08.27	13:20:00	610040.00	610140.00	607040.00	607920.00	3922	24039	1
2025.08.27	13:40:00	607880.00	610440.00	607700.00	609820.00	2896	16091	1
2025.08.27	14:00:00	609800.00	609940.00	607660.00	608140.00	2736	17419	1
2025.08.27	14:20:00	608000.00	610400.00	607760.00	609900.00	3510	18006	1
2025.08.27	14:40:00	609880.00	610940.00	609780.00	610260.00	2326	12893	1
2025.08.27	15:00:00	610260.00	611860.00	610200.00	610720.00	2829	16025	1
2025.08.27	15:20:00	610780.00	612260.00	610120.00	610580.00	3272	19650	1
2025.08.27	15:40:00	610500.00	610700.00	608060.00	608380.00	2998	17463	1
2025.08.27	16:00:00	608440.00	609320.00	606140.00	607500.00	4428	30262	1
2025.08.27	16:20:00	607480.00	609460.00	607280.00	608980.00	2523	14145	1
2025.08.27	16:40:00	609000.00	609300.00	607660.00	608520.00	2378	12805	1
2025.08.27	17:00:00	608540.00	608940.00	605980.00	608580.00	3364	19547	1
2025.08.27	17:20:00	608620.00	610380.00	602860.00	609120.00	8734	59473	1
2025.08.27	17:40:00	609120.00	610620.00	608920.00	610460.00	2101	10806	1
2025.08.27	18:00:00	610380.00	611600.00	607800.00	607800.00	1807	11680	1
2025.08.27	18:20:00	607860.00	608380.00	606440.00	607780.00	180	1902	1
2025.08.28	09:00:00	622823.52	623656.66	620567.94	621299.48	3999	16055	1
2025.08.28	09:20:00	621258.84	622925.12	620649.23	622031.02	4533	26716	1
2025.08.28	09:40:00	622071.66	624652.37	622071.66	623880.19	4565	18670	1
2025.08.28	10:00:00	623880.19	624306.92	622904.80	624266.28	3792	16092	1
2025.08.28	10:20:00	624245.96	625790.32	623189.29	624408.52	7235	37006	1
2025.08.28	10:40:00	624347.56	624550.76	620547.62	621746.53	7439	41994	1
2025.08.28	11:00:00	621807.50	622904.80	620974.36	621136.92	3892	26433	1
2025.08.28	11:20:00	621258.84	621807.50	619653.52	621807.50	4461	26988	1
2025.08.28	11:40:00	621766.85	624103.71	621482.37	622721.92	5064	35712	1
2025.08.28	12:00:00	622701.60	623616.02	621624.61	621746.53	3433	16489	1
2025.08.28	12:20:00	621726.21	621746.53	619328.39	619856.73	4392	25283	1
2025.08.28	12:40:00	619897.37	620486.66	618739.10	620222.50	3374	20571	1
2025.08.28	13:00:00	620222.50	623189.29	619958.33	622559.35	3326	20806	1
2025.08.28	13:20:00	622742.24	622803.20	620649.23	621136.92	3453	24710	1
2025.08.28	13:40:00	621136.92	621360.44	617966.92	617966.92	3395	19709	1
2025.08.28	14:00:00	617966.92	618413.97	616361.60	617580.83	3769	24568	1
2025.08.28	14:20:00	617519.87	619226.79	617336.98	619125.19	2869	20094	1
2025.08.28	14:40:00	619104.87	619673.84	617824.68	618373.33	2822	14067	1
2025.08.28	15:00:00	618413.97	618535.89	617113.46	618109.16	2751	14049	1
2025.08.28	15:20:00	618129.48	619836.41	617845.00	619247.11	3642	22883	1
2025.08.28	15:40:00	619247.11	619998.97	617560.51	617966.92	4001	27034	1
2025.08.28	16:00:00	617946.60	618861.02	616747.69	617154.10	3922	22391	1
2025.08.28	16:20:00	617154.10	618170.13	616422.56	617011.86	2757	17455	1
2025.08.28	16:40:00	616991.54	617113.46	615264.29	615406.54	3188	17329	1
2025.08.28	17:00:00	615467.50	615995.83	615061.09	615955.19	2189	13191	1
2025.08.28	17:20:00	615995.83	616422.56	615304.93	615528.46	2179	12873	1
2025.08.28	17:40:00	615650.38	616625.77	615304.93	616138.07	1546	10867	1
2025.08.28	18:00:00	616056.79	616788.33	615528.46	616280.32	1074	8830	1
2025.08.28	18:20:00	616300.64	616361.60	615548.78	616260.00	205	1455	1
2025.08.29	09:00:00	606980.00	608260.00	605520.00	606920.00	3347	17114	1
2025.08.29	09:20:00	607040.00	611200.00	606460.00	608020.00	6941	34777	1
2025.08.29	09:40:00	607960.00	610480.00	606700.00	609980.00	3866	17095	1
2025.08.29	10:00:00	609960.00	610640.00	606720.00	606760.00	3618	15557	1
2025.08.29	10:20:00	606720.00	607720.00	602520.00	602780.00	6104	34016	1
2025.08.29	10:40:00	602860.00	603400.00	597340.00	598340.00	8928	48682	1
2025.08.29	11:00:00	598400.00	600340.00	594120.00	596140.00	9463	53735	1
2025.08.29	11:20:00	595980.00	597480.00	594060.00	595980.00	4236	25281	1
2025.08.29	11:40:00	596020.00	597660.00	593620.00	594360.00	4507	24569	1
2025.08.29	12:00:00	594360.00	597340.00	594260.00	596700.00	3456	22515	1
2025.08.29	12:20:00	596600.00	597640.00	595240.00	596240.00	3038	17226	1
2025.08.29	12:40:00	596220.00	596860.00	595380.00	595960.00	2171	10736	1
2025.08.29	13:00:00	595980.00	597440.00	594840.00	596460.00	2320	13647	1
2025.08.29	13:20:00	596420.00	598480.00	596340.00	598220.00	2373	14633	1
2025.08.29	13:40:00	598280.00	598380.00	596740.00	597760.00	1911	11214	1
2025.08.29	14:00:00	597680.00	597880.00	594800.00	595480.00	2788	15604	1
2025.08.29	14:20:00	595540.00	597300.00	595340.00	596020.00	2439	13518	1
2025.08.29	14:40:00	596000.00	597160.00	595540.00	596280.00	1521	8451	1
2025.08.29	15:00:00	596320.00	596380.00	595000.00	595460.00	2107	11076	1
2025.08.29	15:20:00	595400.00	595460.00	594080.00	594180.00	2252	13921	1
2025.08.29	15:40:00	594180.00	594840.00	593960.00	594140.00	1422	6856	1
2025.08.29	16:00:00	594100.00	596460.00	593060.00	596180.00	4247	29509	1
2025.08.29	16:20:00	596180.00	596800.00	594860.00	595520.00	2661	19220	1
2025.08.29	16:40:00	595520.00	596360.00	593740.00	593980.00	2732	17123	1
2025.08.29	17:00:00	594100.00	594460.00	591660.00	592720.00	3522	26955	1
2025.08.29	17:20:00	592680.00	593600.00	591780.00	591880.00	2136	15143	1
2025.08.29	17:40:00	591880.00	593200.00	590840.00	592400.00	2890	19561	1
2025.08.29	18:00:00	592420.00	593460.00	590620.00	591040.00	1499	10010	1
2025.08.29	18:20:00	591180.00	591600.00	590440.00	591300.00	154	1156	1
2025.09.01	09:00:00	597120.00	598620.00	595960.00	598300.00	3754	16191	1
2025.09.01	09:20:00	598300.00	598700.00	597160.00	598500.00	4596	15783	1
2025.09.01	09:40:00	598500.00	599020.00	597540.00	598960.00	3461	15242	1
2025.09.01	10:00:00	598980.00	601260.00	598680.00	601200.00	6236	29200	1
2025.09.01	10:20:00	601240.00	601880.00	599420.00	599660.00	7131	36383	1
2025.09.01	10:40:00	599660.00	599820.00	597780.00	598520.00	6049	30219	1
2025.09.01	11:00:00	598500.00	600780.00	598500.00	599600.00	5838	24247	1
2025.09.01	11:20:00	599540.00	600040.00	598200.00	599540.00	5241	21691	1
2025.09.01	11:40:00	599460.00	601680.00	599080.00	600960.00	5144	22435	1
2025.09.01	12:00:00	600980.00	602900.00	600140.00	600400.00	5482	26064	1
2025.09.01	12:20:00	600440.00	600460.00	598060.00	599160.00	4252	19122	1
2025.09.01	12:40:00	599100.00	599640.00	597840.00	599520.00	3302	16368	1
2025.09.01	13:00:00	599540.00	601140.00	599000.00	601100.00	3389	15253	1
2025.09.01	13:20:00	601120.00	601520.00	600060.00	600120.00	2194	9305	1
2025.09.01	13:40:00	600080.00	601080.00	598880.00	599780.00	3696	17623	1
2025.09.01	14:00:00	599780.00	600540.00	597940.00	599300.00	3557	21104	1
2025.09.01	14:20:00	599260.00	600300.00	598220.00	599360.00	3097	14149	1
2025.09.01	14:40:00	599380.00	600820.00	599380.00	600500.00	2153	10737	1
2025.09.01	15:00:00	600500.00	601720.00	600500.00	601400.00	2391	11169	1
2025.09.01	15:20:00	601420.00	601920.00	600760.00	600940.00	2242	11128	1
2025.09.01	15:40:00	601000.00	602280.00	600900.00	601740.00	2236	12206	1
2025.09.01	16:00:00	601740.00	602460.00	601480.00	601780.00	2016	10574	1
2025.09.01	16:20:00	601780.00	602420.00	601600.00	602180.00	1779	11627	1
2025.09.01	16:40:00	602160.00	602240.00	600980.00	601240.00	1957	10950	1
2025.09.01	17:00:00	601240.00	601560.00	600540.00	600900.00	2031	13018	1
2025.09.01	17:20:00	600880.00	601260.00	598420.00	598780.00	2428	13886	1
2025.09.01	17:40:00	598880.00	599560.00	596920.00	599460.00	3933	25573	1
2025.09.01	18:00:00	599460.00	599920.00	596300.00	597180.00	1625	10049	1
2025.09.01	18:20:00	597100.00	597240.00	594540.00	595520.00	315	2886	1
2025.09.02	09:00:00	606780.00	608960.00	604480.00	605080.00	9493	36175	1
2025.09.02	09:20:00	605120.00	608360.00	605080.00	606880.00	6505	26300	1
2025.09.02	09:40:00	606880.00	607120.00	602600.00	605440.00	9037	44037	1
2025.09.02	10:00:00	605440.00	607260.00	605120.00	606300.00	5953	27150	1
2025.09.02	10:20:00	606300.00	611560.00	605040.00	610360.00	10974	61502	1
2025.09.02	10:40:00	610380.00	616740.00	610000.00	615580.00	9444	60193	1
2025.09.02	11:00:00	615580.00	616700.00	612360.00	614680.00	7225	48647	1
2025.09.02	11:20:00	614720.00	617580.00	613860.00	616400.00	5641	41983	1
2025.09.02	11:40:00	616380.00	616960.00	613980.00	615420.00	4055	27779	1
2025.09.02	12:00:00	615440.00	617220.00	613140.00	614680.00	4516	30189	1
2025.09.02	12:20:00	614640.00	615660.00	613540.00	614020.00	2534	18814	1
2025.09.02	12:40:00	614020.00	614860.00	611720.00	613080.00	4072	21165	1
2025.09.02	13:00:00	613040.00	614500.00	612540.00	613900.00	3930	21166	1
2025.09.02	13:20:00	613820.00	614000.00	610280.00	610560.00	4059	30284	1
2025.09.02	13:40:00	610640.00	611500.00	609560.00	611160.00	2866	22846	1
2025.09.02	14:00:00	611140.00	612280.00	610400.00	611060.00	3595	24971	1
2025.09.02	14:20:00	611140.00	612980.00	610600.00	611580.00	2895	18360	1
2025.09.02	14:40:00	611580.00	613320.00	611380.00	612820.00	3087	16439	1
2025.09.02	15:00:00	612740.00	613180.00	610400.00	610800.00	2922	21160	1
2025.09.02	15:20:00	610740.00	612200.00	610160.00	611640.00	2838	19278	1
2025.09.02	15:40:00	611680.00	613620.00	610320.00	612540.00	3884	26965	1
2025.09.02	16:00:00	612580.00	613560.00	611360.00	612520.00	3696	21830	1
2025.09.02	16:20:00	612440.00	613380.00	611500.00	613000.00	2940	19803	1
2025.09.02	16:40:00	613100.00	614080.00	612060.00	613940.00	2486	19119	1
2025.09.02	17:00:00	613900.00	616400.00	613420.00	616360.00	3801	28351	1
2025.09.02	17:20:00	616400.00	617040.00	615320.00	616520.00	3146	20543	1
2025.09.02	17:40:00	616560.00	616880.00	615540.00	616460.00	2072	17636	1
2025.09.02	18:00:00	616300.00	618720.00	616000.00	617260.00	1465	12205	1
2025.09.02	18:20:00	617040.00	617360.00	616060.00	616220.00	244	1667	1
2025.09.03	09:00:00	617500.00	617500.00	614080.00	614920.00	5572	18232	1
2025.09.03	09:20:00	614900.00	617000.00	614200.00	615740.00	5743	21557	1
2025.09.03	09:40:00	615700.00	615720.00	612080.00	612660.00	7688	29286	1
2025.09.03	10:00:00	612700.00	614980.00	612700.00	614680.00	5099	24945	1
2025.09.03	10:20:00	614680.00	616020.00	612800.00	614720.00	6613	37288	1
2025.09.03	10:40:00	614760.00	617280.00	613440.00	614820.00	8227	57154	1
2025.09.03	11:00:00	614820.00	615560.00	611400.00	613680.00	8118	52290	1
2025.09.03	11:20:00	613680.00	616700.00	611980.00	616460.00	5249	33015	1
2025.09.03	11:40:00	616440.00	619160.00	616200.00	618060.00	7531	59062	1
2025.09.03	12:00:00	618120.00	618880.00	617020.00	617860.00	3397	29157	1
2025.09.03	12:20:00	617800.00	618840.00	616960.00	618440.00	2903	23165	1
2025.09.03	12:40:00	618420.00	619780.00	618180.00	619460.00	3926	25150	1
2025.09.03	13:00:00	619440.00	620540.00	619100.00	619940.00	3559	28178	1
2025.09.03	13:20:00	619860.00	620380.00	618640.00	618840.00	2750	19034	1
2025.09.03	13:40:00	618860.00	618860.00	617160.00	618400.00	3667	23658	1
2025.09.03	14:00:00	618300.00	621620.00	618200.00	621420.00	5269	27452	1
2025.09.03	14:20:00	621440.00	621680.00	620020.00	620080.00	3671	23555	1
2025.09.03	14:40:00	620120.00	621860.00	619660.00	620360.00	4126	26341	1
2025.09.03	15:00:00	620380.00	621300.00	619560.00	619760.00	2847	18293	1
2025.09.03	15:20:00	619720.00	619860.00	617720.00	617860.00	3565	20084	1
2025.09.03	15:40:00	617840.00	618680.00	617200.00	618540.00	3417	19263	1
2025.09.03	16:00:00	618440.00	618440.00	616540.00	617560.00	3447	20798	1
2025.09.03	16:20:00	617540.00	618020.00	616700.00	616760.00	2036	12740	1
2025.09.03	16:40:00	616720.00	619220.00	616560.00	618760.00	2911	21334	1
2025.09.03	17:00:00	618820.00	619260.00	618360.00	618780.00	1659	10676	1
2025.09.03	17:20:00	618640.00	618980.00	618300.00	618680.00	922	6560	1
2025.09.03	17:40:00	618620.00	619200.00	618220.00	618980.00	1279	9697	1
2025.09.03	18:00:00	618960.00	619380.00	617480.00	618060.00	961	4697	1
2025.09.03	18:20:00	618020.00	618260.00	617320.00	617600.00	160	1070	1
2025.09.04	09:00:00	612000.00	613140.00	611620.00	612100.00	4738	20294	1
2025.09.04	09:20:00	612020.00	612500.00	609440.00	610540.00	6195	25974	1
2025.09.04	09:40:00	610560.00	612300.00	609980.00	611940.00	4075	15825	1
2025.09.04	10:00:00	611880.00	612180.00	610860.00	611260.00	3173	15645	1
2025.09.04	10:20:00	611260.00	611620.00	609620.00	609700.00	6497	33836	1
2025.09.04	10:40:00	609660.00	610240.00	607040.00	608460.00	8846	44150	1
2025.09.04	11:00:00	608460.00	609020.00	604500.00	605660.00	10562	58462	1
2025.09.04	11:20:00	605720.00	608260.00	605440.00	607500.00	5596	31874	1
2025.09.04	11:40:00	607500.00	608000.00	605780.00	605900.00	4338	26888	1
2025.09.04	12:00:00	605840.00	606180.00	603340.00	603380.00	5312	32957	1
2025.09.04	12:20:00	603340.00	604640.00	602940.00	603820.00	4277	25425	1
2025.09.04	12:40:00	603820.00	605100.00	603720.00	604120.00	2786	15459	1
2025.09.04	13:00:00	604180.00	605500.00	603680.00	604420.00	3438	22045	1
2025.09.04	13:20:00	604660.00	605460.00	603820.00	604160.00	2957	20707	1
2025.09.04	13:40:00	604200.00	605120.00	603820.00	604400.00	1764	11464	1
2025.09.04	14:00:00	604420.00	606280.00	604400.00	606100.00	3137	17534	1
2025.09.04	14:20:00	606100.00	606720.00	605480.00	605580.00	2394	14946	1
2025.09.04	14:40:00	605580.00	606080.00	604520.00	605060.00	3085	17075	1
2025.09.04	15:00:00	605020.00	607140.00	604560.00	604800.00	3917	24693	1
2025.09.04	15:20:00	604760.00	606040.00	603600.00	605840.00	3678	22892	1
2025.09.04	15:40:00	605820.00	606280.00	604960.00	605220.00	2408	16782	1
2025.09.04	16:00:00	605220.00	606000.00	604680.00	605160.00	1976	14729	1
2025.09.04	16:20:00	605160.00	605560.00	604100.00	604380.00	1955	13847	1
2025.09.04	16:40:00	604300.00	604860.00	603540.00	604040.00	2335	16980	1
2025.09.04	17:00:00	604040.00	606700.00	603660.00	606520.00	3387	26619	1
2025.09.04	17:20:00	606500.00	607460.00	606080.00	606940.00	2375	13167	1
2025.09.04	17:40:00	607000.00	607300.00	606320.00	607240.00	1452	7711	1
2025.09.04	18:00:00	607140.00	608320.00	606420.00	607300.00	1636	11324	1
2025.09.04	18:20:00	607040.00	607560.00	606820.00	607040.00	157	1166	1
2025.09.05	09:00:00	617000.00	617480.00	614480.00	615940.00	5825	18253	1
2025.09.05	09:20:00	615900.00	618180.00	611200.00	614900.00	11808	66962	1
2025.09.05	09:40:00	614840.00	618640.00	613860.00	617000.00	7480	29743	1
2025.09.05	10:00:00	616920.00	617440.00	615080.00	615760.00	5006	28548	1
2025.09.05	10:20:00	615820.00	616740.00	612700.00	613440.00	5586	34185	1
2025.09.05	10:40:00	613520.00	616160.00	613220.00	614460.00	5270	37295	1
2025.09.05	11:00:00	614480.00	614480.00	605260.00	606600.00	8744	55167	1
2025.09.05	11:20:00	606580.00	607480.00	603460.00	604740.00	7743	58150	1
2025.09.05	11:40:00	604860.00	605960.00	602820.00	603120.00	4219	25801	1
2025.09.05	12:00:00	603040.00	604840.00	601360.00	604340.00	5599	34966	1
2025.09.05	12:20:00	604340.00	605320.00	603080.00	604200.00	2873	16691	1
2025.09.05	12:40:00	604280.00	604740.00	602720.00	603060.00	2309	16301	1
2025.09.05	13:00:00	603080.00	603280.00	601880.00	602680.00	2366	13767	1
2025.09.05	13:20:00	602680.00	603760.00	601880.00	603700.00	2080	10854	1
2025.09.05	13:40:00	603620.00	604080.00	602920.00	603660.00	1706	12872	1
2025.09.05	14:00:00	603660.00	603740.00	602140.00	603160.00	2140	11468	1
2025.09.05	14:20:00	603140.00	603480.00	600940.00	601400.00	2942	16676	1
2025.09.05	14:40:00	601380.00	602860.00	600400.00	602740.00	3503	20976	1
2025.09.05	15:00:00	602780.00	604540.00	602720.00	604360.00	3140	19866	1
2025.09.05	15:20:00	604360.00	606820.00	604240.00	606200.00	4047	24428	1
2025.09.05	15:40:00	606220.00	607500.00	605920.00	607060.00	3032	19810	1
2025.09.05	16:00:00	607020.00	608180.00	606600.00	607940.00	2287	16772	1
2025.09.05	16:20:00	608040.00	609060.00	607380.00	608620.00	3229	25742	1
2025.09.05	16:40:00	608680.00	610180.00	608500.00	609920.00	2725	18622	1
2025.09.05	17:00:00	609960.00	610020.00	608080.00	608880.00	3091	27072	1
2025.09.05	17:20:00	608840.00	609780.00	608040.00	609640.00	1986	12914	1
2025.09.05	17:40:00	609620.00	610080.00	608700.00	609960.00	1402	9895	1
2025.09.05	18:00:00	610020.00	610280.00	604500.00	607960.00	1653	12810	1
2025.09.05	18:20:00	608120.00	608180.00	605040.00	607020.00	193	1879	1
2025.09.08	09:00:00	611100.00	611840.00	610700.00	611320.00	1568	5982	1
2025.09.08	09:20:00	611280.00	612600.00	610560.00	612180.00	2473	9955	1
2025.09.08	09:40:00	612100.00	612460.00	611460.00	612000.00	2334	10557	1
2025.09.08	10:00:00	612120.00	614400.00	612020.00	614200.00	4332	20708	1
2025.09.08	10:20:00	614220.00	614820.00	612760.00	613020.00	4833	24708	1
2025.09.08	10:40:00	612960.00	615680.00	612580.00	613460.00	6320	35324	1
2025.09.08	11:00:00	613500.00	615960.00	613240.00	615100.00	3865	25685	1
2025.09.08	11:20:00	615000.00	619140.00	614540.00	618660.00	5750	36296	1
2025.09.08	11:40:00	618700.00	619240.00	617100.00	618400.00	3729	26030	1
2025.09.08	12:00:00	618400.00	618640.00	617080.00	617920.00	2587	19785	1
2025.09.08	12:20:00	618120.00	618700.00	617100.00	617540.00	1967	15080	1
2025.09.08	12:40:00	617520.00	617640.00	616600.00	617020.00	1761	9418	1
2025.09.08	13:00:00	616980.00	617100.00	615180.00	615820.00	2709	19773	1
2025.09.08	13:20:00	615840.00	617700.00	615440.00	616040.00	3926	25443	1
2025.09.08	13:40:00	616080.00	617420.00	615760.00	616340.00	2594	19386	1
2025.09.08	14:00:00	616240.00	616540.00	615440.00	616340.00	1619	10565	1
2025.09.08	14:20:00	616300.00	617200.00	616080.00	616220.00	2118	9912	1
2025.09.08	14:40:00	616220.00	616400.00	614160.00	615120.00	4001	25405	1
2025.09.08	15:00:00	615020.00	615680.00	614520.00	615420.00	2108	15097	1
2025.09.08	15:20:00	615420.00	615800.00	614380.00	614460.00	2160	13222	1
2025.09.08	15:40:00	614460.00	615780.00	614320.00	615360.00	1846	9591	1
2025.09.08	16:00:00	615340.00	615380.00	613480.00	613680.00	2439	14030	1
2025.09.08	16:20:00	613700.00	613860.00	612840.00	612980.00	1966	11633	1
2025.09.08	16:40:00	613000.00	613360.00	612060.00	612820.00	2268	16715	1
2025.09.08	17:00:00	612860.00	613240.00	612460.00	612600.00	1862	15710	1
2025.09.08	17:20:00	612640.00	613360.00	612600.00	612800.00	1487	10773	1
2025.09.08	17:40:00	612840.00	613260.00	612160.00	612780.00	1857	12478	1
2025.09.08	18:00:00	612680.00	613360.00	611900.00	612400.00	1335	9453	1
2025.09.08	18:20:00	612340.00	613380.00	612340.00	613000.00	157	1063	1
2025.09.09	09:00:00	615100.00	617460.00	614720.00	616940.00	5743	16318	1
2025.09.09	09:20:00	617020.00	618260.00	616840.00	617780.00	4940	18953	1
2025.09.09	09:40:00	617740.00	618040.00	616520.00	617740.00	4185	18002	1
2025.09.09	10:00:00	617740.00	618200.00	616560.00	617120.00	3486	19799	1
2025.09.09	10:20:00	617080.00	618520.00	616720.00	616860.00	4588	26372	1
2025.09.09	10:40:00	616880.00	617920.00	615940.00	616720.00	4880	27800	1
2025.09.09	11:00:00	616760.00	617300.00	613000.00	614960.00	10572	62892	1
2025.09.09	11:20:00	614960.00	614960.00	610240.00	611340.00	7575	47453	1
2025.09.09	11:40:00	611260.00	611940.00	609600.00	610920.00	6056	32282	1
2025.09.09	12:00:00	610900.00	611640.00	608680.00	609260.00	5309	33178	1
2025.09.09	12:20:00	609260.00	610120.00	606240.00	606420.00	7265	38919	1
2025.09.09	12:40:00	606480.00	607620.00	605600.00	606360.00	5204	30419	1
2025.09.09	13:00:00	606400.00	608060.00	606120.00	607180.00	4315	19388	1
2025.09.09	13:20:00	607240.00	608120.00	606340.00	607380.00	2754	13377	1
2025.09.09	13:40:00	607380.00	607900.00	607260.00	607580.00	1305	7655	1
2025.09.09	14:00:00	607640.00	609200.00	606960.00	607020.00	4415	24570	1
2025.09.09	14:20:00	607040.00	607840.00	606600.00	607520.00	3034	19941	1
2025.09.09	14:40:00	607560.00	608840.00	607440.00	608240.00	2685	12896	1
2025.09.09	15:00:00	608200.00	609240.00	607320.00	608940.00	3759	18851	1
2025.09.09	15:20:00	608980.00	609660.00	608280.00	608460.00	2914	19019	1
2025.09.09	15:40:00	608380.00	609080.00	608140.00	608580.00	1756	12331	1
2025.09.09	16:00:00	608620.00	609460.00	608480.00	609320.00	1462	8179	1
2025.09.09	16:20:00	609320.00	610100.00	609120.00	609780.00	1887	8893	1
2025.09.09	16:40:00	609740.00	610760.00	609620.00	610160.00	2340	14516	1
2025.09.09	17:00:00	610280.00	610400.00	609280.00	609860.00	1911	11644	1
2025.09.09	17:20:00	609800.00	610200.00	609300.00	609400.00	1435	8381	1
2025.09.09	17:40:00	609320.00	611780.00	608960.00	611600.00	3108	21458	1
2025.09.09	18:00:00	611540.00	612880.00	610620.00	611740.00	1327	8970	1
2025.09.09	18:20:00	611540.00	611820.00	609240.00	609240.00	235	1311	1
2025.09.10	09:00:00	614880.00	617280.00	614600.00	616800.00	4729	16574	1
2025.09.10	09:20:00	616780.00	622000.00	616240.00	619380.00	12071	60326	1
2025.09.10	09:40:00	619380.00	621620.00	618440.00	621460.00	7212	33897	1
2025.09.10	10:00:00	621420.00	623260.00	621120.00	621500.00	6899	34795	1
2025.09.10	10:20:00	621480.00	621920.00	618940.00	620420.00	6484	34062	1
2025.09.10	10:40:00	620420.00	623980.00	620400.00	622380.00	7813	50684	1
2025.09.10	11:00:00	622560.00	623380.00	621600.00	622840.00	3963	27710	1
2025.09.10	11:20:00	622800.00	623940.00	621480.00	621840.00	5193	30474	1
2025.09.10	11:40:00	621800.00	622420.00	620820.00	621240.00	3925	26376	1
2025.09.10	12:00:00	621240.00	622260.00	620800.00	620920.00	2864	17071	1
2025.09.10	12:20:00	620880.00	621520.00	620200.00	621240.00	3450	20741	1
2025.09.10	12:40:00	621160.00	621860.00	620820.00	621260.00	2205	12166	1
2025.09.10	13:00:00	621300.00	621560.00	619800.00	619920.00	2339	13267	1
2025.09.10	13:20:00	619980.00	620260.00	619000.00	619400.00	2751	21078	1
2025.09.10	13:40:00	619400.00	620400.00	619220.00	620240.00	2019	14509	1
2025.09.10	14:00:00	620200.00	621800.00	620100.00	620740.00	3234	16636	1
2025.09.10	14:20:00	620780.00	620840.00	618100.00	618420.00	4622	28226	1
2025.09.10	14:40:00	618420.00	620220.00	618380.00	619740.00	2971	18601	1
2025.09.10	15:00:00	619760.00	620860.00	618940.00	618940.00	3088	16538	1
2025.09.10	15:20:00	618920.00	619340.00	617640.00	618660.00	3472	22569	1
2025.09.10	15:40:00	618620.00	619660.00	617740.00	619100.00	2558	16179	1
2025.09.10	16:00:00	619100.00	619420.00	617320.00	617820.00	2263	14166	1
2025.09.10	16:20:00	617780.00	617980.00	616780.00	617360.00	2106	14036	1
2025.09.10	16:40:00	617400.00	619420.00	617220.00	619120.00	2419	15200	1
2025.09.10	17:00:00	619200.00	621220.00	618960.00	620140.00	3253	21903	1
2025.09.10	17:20:00	620160.00	620780.00	619340.00	620100.00	1800	11539	1
2025.09.10	17:40:00	620100.00	620500.00	619640.00	619800.00	1266	8597	1
2025.09.10	18:00:00	619840.00	621280.00	619300.00	620220.00	1347	9662	1
2025.09.10	18:20:00	620400.00	620840.00	619700.00	620000.00	217	1921	1
2025.09.11	09:00:00	622600.00	625140.00	621820.00	623960.00	6141	22150	1
2025.09.11	09:20:00	623940.00	625400.00	619400.00	620660.00	10686	62742	1
2025.09.11	09:40:00	620760.00	622840.00	620120.00	620780.00	5683	24318	1
2025.09.11	10:00:00	620780.00	620920.00	617040.00	617900.00	7609	45751	1
2025.09.11	10:20:00	617920.00	620480.00	617760.00	620140.00	6547	41515	1
2025.09.11	10:40:00	620080.00	623160.00	618380.00	622980.00	7136	44291	1
2025.09.11	11:00:00	623000.00	623180.00	619000.00	619500.00	5852	35372	1
2025.09.11	11:20:00	619500.00	622180.00	618840.00	621000.00	5497	29520	1
2025.09.11	11:40:00	620960.00	621760.00	620060.00	621200.00	3547	20179	1
2025.09.11	12:00:00	621160.00	622180.00	620860.00	622020.00	2157	13660	1
2025.09.11	12:20:00	622040.00	622240.00	620040.00	620280.00	2377	14556	1
2025.09.11	12:40:00	620280.00	620280.00	618560.00	619780.00	2999	18650	1
2025.09.11	13:00:00	619820.00	621240.00	619580.00	621200.00	2419	15364	1
2025.09.11	13:20:00	621160.00	622040.00	620840.00	621940.00	2129	11580	1
2025.09.11	13:40:00	621980.00	622140.00	621140.00	621440.00	2578	15544	1
2025.09.11	14:00:00	621420.00	621760.00	620280.00	620460.00	2909	14726	1
2025.09.11	14:20:00	620420.00	621880.00	620340.00	621800.00	2131	11590	1
2025.09.11	14:40:00	621820.00	622100.00	621200.00	621840.00	2235	11689	1
2025.09.11	15:00:00	621860.00	622060.00	619880.00	620060.00	3582	23033	1
2025.09.11	15:20:00	620140.00	620700.00	619720.00	620500.00	2193	12612	1
2025.09.11	15:40:00	620520.00	621020.00	620180.00	620760.00	1802	11889	1
2025.09.11	16:00:00	620760.00	621420.00	620160.00	620560.00	1565	9199	1
2025.09.11	16:20:00	620560.00	622120.00	620280.00	622020.00	1938	11572	1
2025.09.11	16:40:00	621960.00	622620.00	621340.00	622080.00	2241	12350	1
2025.09.11	17:00:00	622020.00	622500.00	621140.00	621260.00	1931	10249	1
2025.09.11	17:20:00	621240.00	621760.00	620540.00	620860.00	1724	9361	1
2025.09.11	17:40:00	620900.00	622020.00	620700.00	621800.00	1355	7414	1
2025.09.11	18:00:00	621660.00	622100.00	621140.00	621340.00	876	3950	1
2025.09.11	18:20:00	621320.00	622260.00	620880.00	621820.00	221	1925	1
2025.09.12	09:00:00	625120.00	625780.00	623840.00	624840.00	4599	15762	1
2025.09.12	09:20:00	624840.00	626020.00	624240.00	624720.00	4823	17783	1
2025.09.12	09:40:00	624720.00	626220.00	623940.00	625080.00	5429	20145	1
2025.09.12	10:00:00	625080.00	625140.00	622780.00	623200.00	5422	25954	1
2025.09.12	10:20:00	623200.00	624380.00	622020.00	622360.00	5483	25948	1
2025.09.12	10:40:00	622360.00	624280.00	622280.00	623180.00	4452	28008	1
2025.09.12	11:00:00	623200.00	625000.00	622520.00	623960.00	6027	30505	1
2025.09.12	11:20:00	623940.00	623940.00	621120.00	621340.00	4846	27371	1
2025.09.12	11:40:00	621360.00	623260.00	620900.00	623040.00	3843	20792	1
2025.09.12	12:00:00	623080.00	623360.00	621040.00	621380.00	3290	18849	1
2025.09.12	12:20:00	621400.00	622140.00	620240.00	621740.00	3275	17700	1
2025.09.12	12:40:00	621780.00	621920.00	620860.00	621240.00	1773	9343	1
2025.09.12	13:00:00	621240.00	622800.00	620580.00	622580.00	2251	10306	1
2025.09.12	13:20:00	622500.00	623560.00	621960.00	622920.00	1991	11198	1
2025.09.12	13:40:00	622960.00	623540.00	622000.00	623300.00	2013	11157	1
2025.09.12	14:00:00	623340.00	624600.00	622360.00	623940.00	3021	16736	1
2025.09.12	14:20:00	623960.00	625860.00	623960.00	624360.00	4311	27958	1
2025.09.12	14:40:00	624340.00	625580.00	624200.00	624940.00	1909	12782	1
2025.09.12	15:00:00	624980.00	626620.00	624300.00	626220.00	3390	17648	1
2025.09.12	15:20:00	626260.00	629200.00	626220.00	628680.00	5016	31502	1
2025.09.12	15:40:00	628760.00	629320.00	628280.00	629060.00	2851	20761	1
2025.09.12	16:00:00	629000.00	629000.00	627660.00	628440.00	2815	18161	1
2025.09.12	16:20:00	628440.00	629860.00	628440.00	629620.00	2750	20996	1
2025.09.12	16:40:00	629640.00	630420.00	628920.00	630180.00	2931	24989	1
2025.09.12	17:00:00	630040.00	630080.00	627640.00	627940.00	3032	21185	1
2025.09.12	17:20:00	627960.00	628380.00	627120.00	627860.00	2425	16735	1
2025.09.12	17:40:00	627880.00	628800.00	627680.00	628160.00	1545	10576	1
2025.09.12	18:00:00	628100.00	628200.00	626280.00	627180.00	1148	6691	1
2025.09.12	18:20:00	627180.00	627500.00	626200.00	627380.00	429	1443	1
2025.09.15	09:00:00	620060.00	620060.00	616400.00	616620.00	4401	20174	1
2025.09.15	09:20:00	616620.00	617900.00	616360.00	617480.00	2329	9475	1
2025.09.15	09:40:00	617440.00	617640.00	614820.00	615100.00	4561	19032	1
2025.09.15	10:00:00	615020.00	616300.00	614060.00	616300.00	3799	16675	1
2025.09.15	10:20:00	616300.00	617520.00	614620.00	614880.00	4722	24206	1
2025.09.15	10:40:00	614860.00	615880.00	613140.00	614500.00	6257	34379	1
2025.09.15	11:00:00	614580.00	615540.00	614040.00	615520.00	3256	15757	1
2025.09.15	11:20:00	615520.00	616420.00	614580.00	615340.00	3969	19278	1
2025.09.15	11:40:00	615400.00	616000.00	613680.00	613780.00	2771	13192	1
2025.09.15	12:00:00	613680.00	613880.00	612020.00	613200.00	4067	20901	1
2025.09.15	12:20:00	613220.00	614180.00	612060.00	614040.00	3370	15656	1
2025.09.15	12:40:00	614000.00	614600.00	612820.00	613900.00	3012	17172	1
2025.09.15	13:00:00	613880.00	614800.00	613160.00	613580.00	2470	14878	1
2025.09.15	13:20:00	613580.00	614580.00	613340.00	614520.00	1663	10164	1
2025.09.15	13:40:00	614520.00	615100.00	613460.00	614020.00	2378	12684	1
2025.09.15	14:00:00	613920.00	615340.00	613600.00	614620.00	2459	10857	1
2025.09.15	14:20:00	614620.00	614760.00	613380.00	614400.00	2620	14860	1
2025.09.15	14:40:00	614380.00	616320.00	614040.00	616200.00	2693	12219	1
2025.09.15	15:00:00	616140.00	617060.00	615080.00	615580.00	3174	17115	1
2025.09.15	15:20:00	615560.00	616060.00	614900.00	615360.00	1635	7491	1
2025.09.15	15:40:00	615360.00	617480.00	615160.00	617180.00	2767	13128	1
2025.09.15	16:00:00	617160.00	618540.00	616060.00	616840.00	4087	19583	1
2025.09.15	16:20:00	616820.00	618260.00	615260.00	617920.00	3266	18582	1
2025.09.15	16:40:00	617980.00	618700.00	616780.00	617300.00	2528	14243	1
2025.09.15	17:00:00	617300.00	618360.00	616840.00	617960.00	1638	8795	1
2025.09.15	17:20:00	618000.00	618020.00	616900.00	617080.00	1528	8882	1
2025.09.15	17:40:00	617040.00	617380.00	616700.00	617380.00	1065	5681	1
2025.09.15	18:00:00	617280.00	617740.00	616500.00	617240.00	1226	4634	1
2025.09.15	18:20:00	617420.00	618020.00	617200.00	617200.00	345	1523	1
2025.09.16	09:00:00	614860.00	616660.00	614740.00	616600.00	2512	8372	1
2025.09.16	09:20:00	616580.00	616800.00	615400.00	616480.00	3107	11451	1
2025.09.16	09:40:00	616400.00	617100.00	615060.00	615600.00	4423	18306	1
2025.09.16	10:00:00	615620.00	617560.00	615420.00	616320.00	4964	27849	1
2025.09.16	10:20:00	616340.00	617060.00	614640.00	614860.00	4471	23482	1
2025.09.16	10:40:00	614880.00	615260.00	612720.00	615200.00	6871	40991	1
2025.09.16	11:00:00	615200.00	616360.00	613780.00	614380.00	6248	39728	1
2025.09.16	11:20:00	614340.00	615180.00	613500.00	613940.00	3153	19483	1
2025.09.16	11:40:00	613900.00	616200.00	613820.00	615980.00	2472	14129	1
2025.09.16	12:00:00	615920.00	616000.00	614080.00	614820.00	2810	17284	1
2025.09.16	12:20:00	614840.00	615280.00	614400.00	614920.00	1870	11279	1
2025.09.16	12:40:00	614900.00	618100.00	614760.00	618040.00	4064	21111	1
2025.09.16	13:00:00	618060.00	618760.00	617200.00	617480.00	4206	22628	1
2025.09.16	13:20:00	617420.00	618080.00	616500.00	617660.00	2534	16295	1
2025.09.16	13:40:00	617640.00	618980.00	617120.00	618900.00	2223	13576	1
2025.09.16	14:00:00	618940.00	622060.00	618820.00	621500.00	5676	36139	1
2025.09.16	14:20:00	621500.00	623100.00	620380.00	620660.00	5628	35437	1
2025.09.16	14:40:00	620640.00	622000.00	620160.00	621220.00	3355	19176	1
2025.09.16	15:00:00	621240.00	623160.00	621220.00	622120.00	4269	23668	1
2025.09.16	15:20:00	622180.00	622460.00	620500.00	620660.00	2435	14816	1
2025.09.16	15:40:00	620660.00	621680.00	620060.00	621160.00	2365	14991	1
2025.09.16	16:00:00	621120.00	621660.00	620420.00	620960.00	1886	9502	1
2025.09.16	16:20:00	621000.00	621200.00	620440.00	620820.00	1243	6444	1
2025.09.16	16:40:00	620840.00	622820.00	620840.00	622620.00	2785	21571	1
2025.09.16	17:00:00	622640.00	623120.00	622180.00	622200.00	1807	12805	1
2025.09.16	17:20:00	622200.00	623160.00	622000.00	623080.00	1432	9423	1
2025.09.16	17:40:00	623080.00	623480.00	622840.00	622900.00	1515	10345	1
2025.09.16	18:00:00	622880.00	623380.00	621420.00	622040.00	1410	8919	1
2025.09.16	18:20:00	622260.00	622600.00	621580.00	622120.00	165	1328	1
2025.09.17	09:00:00	620020.00	620380.00	618780.00	619340.00	4314	16160	1
2025.09.17	09:20:00	619340.00	621200.00	619160.00	619940.00	4467	18657	1
2025.09.17	09:40:00	619940.00	619960.00	618560.00	618920.00	4173	16767	1
2025.09.17	10:00:00	618920.00	619300.00	618140.00	619200.00	3354	14261	1
2025.09.17	10:20:00	619160.00	619900.00	617580.00	618320.00	5871	27392	1
2025.09.17	10:40:00	618340.00	619180.00	617140.00	618120.00	5010	28409	1
2025.09.17	11:00:00	618140.00	619360.00	616700.00	616820.00	4340	24373	1
2025.09.17	11:20:00	616780.00	616860.00	614740.00	615960.00	6167	33364	1
2025.09.17	11:40:00	615960.00	616460.00	615300.00	615900.00	2546	14299	1
2025.09.17	12:00:00	615960.00	616940.00	615360.00	616580.00	2356	9520	1
2025.09.17	12:20:00	616560.00	617660.00	616080.00	617460.00	2610	14631	1
2025.09.17	12:40:00	617460.00	618180.00	617300.00	617920.00	1780	10336	1
2025.09.17	13:00:00	617900.00	617920.00	616140.00	616160.00	2855	11758	1
2025.09.17	13:20:00	616180.00	616960.00	616020.00	616340.00	1593	8538	1
2025.09.17	13:40:00	616300.00	617460.00	615560.00	616600.00	3047	16179	1
2025.09.17	14:00:00	616660.00	617480.00	616380.00	616520.00	1671	9166	1
2025.09.17	14:20:00	616560.00	617600.00	616100.00	617600.00	1508	8161	1
2025.09.17	14:40:00	617540.00	620000.00	614640.00	615300.00	4992	24627	1
2025.09.17	15:00:00	615800.00	618980.00	611460.00	613220.00	12063	76360	1
2025.09.17	15:20:00	613300.00	616540.00	612520.00	613060.00	7317	43697	1
2025.09.17	15:40:00	613020.00	614840.00	611120.00	613880.00	6444	40499	1
2025.09.17	16:00:00	613820.00	616760.00	613160.00	615320.00	4608	37415	1
2025.09.17	16:20:00	615300.00	617540.00	615160.00	615600.00	3187	27012	1
2025.09.17	16:40:00	615660.00	616920.00	615560.00	616060.00	2101	18344	1
2025.09.17	17:00:00	616060.00	618380.00	615880.00	617440.00	2492	19310	1
2025.09.17	17:20:00	617420.00	617580.00	616320.00	616440.00	1406	7454	1
2025.09.17	17:40:00	616420.00	617060.00	615660.00	616340.00	1360	8090	1
2025.09.17	18:00:00	616300.00	617460.00	614580.00	617460.00	1058	8342	1
2025.09.17	18:20:00	617260.00	618000.00	617040.00	617480.00	143	1320	1
2025.09.18	09:00:00	622980.00	622980.00	620140.00	622300.00	4266	17279	1
2025.09.18	09:20:00	622320.00	622320.00	620900.00	621780.00	2408	11632	1
2025.09.18	09:40:00	621740.00	622920.00	621340.00	622740.00	2918	10325	1
2025.09.18	10:00:00	622780.00	625240.00	622440.00	624780.00	5873	27864	1
2025.09.18	10:20:00	624780.00	627700.00	624560.00	627020.00	6184	32389	1
2025.09.18	10:40:00	627040.00	627680.00	624320.00	626300.00	7277	45238	1
2025.09.18	11:00:00	626300.00	626960.00	625340.00	626880.00	4628	28432	1
2025.09.18	11:20:00	626880.00	628140.00	626880.00	627640.00	3846	23863	1
2025.09.18	11:40:00	627700.00	628700.00	627000.00	627060.00	3061	18028	1
2025.09.18	12:00:00	627120.00	627460.00	624800.00	625620.00	4436	27336	1
2025.09.18	12:20:00	625680.00	626200.00	624820.00	626060.00	2333	13829	1
2025.09.18	12:40:00	626060.00	627520.00	625920.00	626920.00	3232	18559	1
2025.09.18	13:00:00	627040.00	627880.00	625940.00	627880.00	2564	19207	1
2025.09.18	13:20:00	627840.00	628280.00	626740.00	627620.00	2601	16493	1
2025.09.18	13:40:00	627620.00	628020.00	626180.00	626300.00	2576	18142	1
2025.09.18	14:00:00	626280.00	627260.00	625900.00	626980.00	2056	13554	1
2025.09.18	14:20:00	627000.00	627440.00	625020.00	625140.00	3090	20418	1
2025.09.18	14:40:00	625100.00	626380.00	625060.00	626280.00	1752	11110	1
2025.09.18	15:00:00	626260.00	628480.00	625820.00	627700.00	3277	18758	1
2025.09.18	15:20:00	627700.00	628260.00	627280.00	627320.00	2272	14802	1
2025.09.18	15:40:00	627360.00	628460.00	627120.00	628080.00	2011	11778	1
2025.09.18	16:00:00	628080.00	628500.00	627380.00	627660.00	2104	12093	1
2025.09.18	16:20:00	627660.00	627780.00	626040.00	626820.00	2497	16714	1
2025.09.18	16:40:00	626840.00	628260.00	625900.00	627900.00	2747	19943	1
2025.09.18	17:00:00	627880.00	628100.00	626860.00	627180.00	1973	12856	1
2025.09.18	17:20:00	627180.00	628280.00	626800.00	628240.00	1597	11229	1
2025.09.18	17:40:00	628240.00	628640.00	627800.00	627920.00	1576	9468	1
2025.09.18	18:00:00	627820.00	628040.00	626360.00	626500.00	1072	5808	1
2025.09.18	18:20:00	626760.00	627120.00	626320.00	626640.00	146	768	1
2025.09.19	09:00:00	623100.00	624020.00	621500.00	623480.00	3972	18696	1
2025.09.19	09:20:00	623480.00	623480.00	622060.00	622600.00	3531	17717	1
2025.09.19	09:40:00	622540.00	622600.00	621280.00	621380.00	3091	14966	1
2025.09.19	10:00:00	621380.00	621660.00	620380.00	620420.00	2514	11192	1
2025.09.19	10:20:00	620400.00	622280.00	620280.00	621580.00	4992	25823	1
2025.09.19	10:40:00	621560.00	623280.00	621160.00	622360.00	4933	24175	1
2025.09.19	11:00:00	622340.00	622860.00	621560.00	621740.00	3614	18127	1
2025.09.19	11:20:00	621740.00	622940.00	621000.00	621020.00	3134	16645	1
2025.09.19	11:40:00	620980.00	621260.00	618600.00	619040.00	5991	32466	1
2025.09.19	12:00:00	619040.00	619160.00	617580.00	617880.00	3990	21201	1
2025.09.19	12:20:00	617860.00	619760.00	617640.00	619460.00	4155	24014	1
2025.09.19	12:40:00	619480.00	620180.00	619020.00	619840.00	2360	11651	1
2025.09.19	13:00:00	619820.00	620800.00	619380.00	620340.00	2429	10235	1
2025.09.19	13:20:00	620380.00	620820.00	619520.00	619620.00	1985	9387	1
2025.09.19	13:40:00	619620.00	621100.00	619620.00	620460.00	2030	9242	1
2025.09.19	14:00:00	620460.00	620480.00	618200.00	618540.00	2772	13382	1
2025.09.19	14:20:00	618500.00	618760.00	617880.00	618100.00	1710	8353	1
2025.09.19	14:40:00	618040.00	618640.00	617480.00	617660.00	1926	9920	1
2025.09.19	15:00:00	617680.00	618120.00	616780.00	617000.00	2599	15038	1
2025.09.19	15:20:00	617080.00	617400.00	616740.00	617120.00	1413	7605	1
2025.09.19	15:40:00	617120.00	617920.00	616100.00	616520.00	2991	15640	1
2025.09.19	16:00:00	616580.00	616880.00	615460.00	615660.00	2190	9873	1
2025.09.19	16:20:00	615700.00	616540.00	615480.00	616240.00	1989	10446	1
2025.09.19	16:40:00	616300.00	616340.00	614720.00	614920.00	2345	15118	1
2025.09.19	17:00:00	614920.00	616280.00	614780.00	616080.00	2199	12357	1
2025.09.19	17:20:00	616100.00	616900.00	615860.00	616680.00	1510	8218	1
2025.09.19	17:40:00	616700.00	617080.00	615880.00	616060.00	1424	9366	1
2025.09.19	18:00:00	616060.00	616800.00	616040.00	616380.00	812	5197	1
2025.09.19	18:20:00	616420.00	617260.00	615540.00	617120.00	256	2454	1
2025.09.22	09:00:00	603560.00	604120.00	602520.00	603380.00	3746	16573	1
2025.09.22	09:20:00	603380.00	603940.00	602080.00	602520.00	3062	12984	1
2025.09.22	09:40:00	602520.00	603500.00	602260.00	602900.00	2968	12645	1
2025.09.22	10:00:00	602840.00	605680.00	602780.00	604980.00	4623	22082	1
2025.09.22	10:20:00	604980.00	605560.00	602520.00	602960.00	4665	28104	1
2025.09.22	10:40:00	603060.00	607100.00	602380.00	606680.00	5234	30019	1
2025.09.22	11:00:00	606680.00	609160.00	606440.00	607880.00	4659	26385	1
2025.09.22	11:20:00	607960.00	610560.00	607260.00	607640.00	4283	24982	1
2025.09.22	11:40:00	607540.00	608180.00	605980.00	606720.00	2998	15769	1
2025.09.22	12:00:00	606700.00	607280.00	605200.00	605500.00	2610	14810	1
2025.09.22	12:20:00	605500.00	605700.00	604000.00	604840.00	2552	15733	1
2025.09.22	12:40:00	604820.00	606320.00	604300.00	605660.00	2151	12357	1
2025.09.22	13:00:00	605680.00	605780.00	603540.00	603860.00	2474	15610	1
2025.09.22	13:20:00	603800.00	605300.00	603800.00	604620.00	1997	13047	1
2025.09.22	13:40:00	604660.00	604980.00	604060.00	604440.00	1443	8455	1
2025.09.22	14:00:00	604460.00	604600.00	601940.00	602360.00	3519	20220	1
2025.09.22	14:20:00	602320.00	603260.00	601680.00	602200.00	2788	13949	1
2025.09.22	14:40:00	602220.00	602700.00	601260.00	601700.00	2362	11676	1
2025.09.22	15:00:00	601680.00	603180.00	601160.00	603100.00	2697	15535	1
2025.09.22	15:20:00	603100.00	604140.00	602780.00	604020.00	2715	19000	1
2025.09.22	15:40:00	604000.00	604040.00	601880.00	602240.00	2423	15204	1
2025.09.22	16:00:00	602260.00	603220.00	602180.00	602580.00	1918	12133	1
2025.09.22	16:20:00	602600.00	602920.00	600740.00	601080.00	2349	13533	1
2025.09.22	16:40:00	601120.00	601580.00	599720.00	600380.00	3982	27893	1
2025.09.22	17:00:00	600400.00	600780.00	599820.00	600680.00	1659	10214	1
2025.09.22	17:20:00	600640.00	603080.00	600260.00	602780.00	2469	12473	1
2025.09.22	17:40:00	602700.00	604560.00	602080.00	603560.00	2457	13816	1
2025.09.22	18:00:00	603420.00	603920.00	602480.00	603420.00	1157	6732	1
2025.09.22	18:20:00	603400.00	604040.00	602940.00	603320.00	224	1349	1
2025.09.23	09:00:00	605000.00	606000.00	603680.00	605480.00	3038	11174	1
2025.09.23	09:20:00	605460.00	605460.00	604420.00	605180.00	2231	8616	1
2025.09.23	09:40:00	605180.00	605300.00	604400.00	604440.00	1450	4860	1
2025.09.23	10:00:00	604420.00	604420.00	602660.00	602940.00	4745	17984	1
2025.09.23	10:20:00	602980.00	604040.00	602700.00	603400.00	4106	17946	1
2025.09.23	10:40:00	603460.00	603880.00	601700.00	602700.00	5698	31222	1
2025.09.23	11:00:00	602640.00	603580.00	601360.00	601680.00	4014	24670	1
2025.09.23	11:20:00	601780.00	601940.00	599780.00	600500.00	3902	21094	1
2025.09.23	11:40:00	600500.00	600560.00	597920.00	598840.00	4811	28705	1
2025.09.23	12:00:00	598880.00	600540.00	596080.00	599660.00	5741	41945	1
2025.09.23	12:20:00	599660.00	601060.00	599480.00	600000.00	2315	13904	1
2025.09.23	12:40:00	600000.00	600020.00	598320.00	598700.00	2694	16321	1
2025.09.23	13:00:00	598740.00	599060.00	596960.00	598240.00	2622	14395	1
2025.09.23	13:20:00	598220.00	598960.00	597100.00	597380.00	2742	16962	1
2025.09.23	13:40:00	597360.00	599140.00	597080.00	598160.00	2742	14275	1
2025.09.23	14:00:00	598160.00	598340.00	595840.00	596260.00	3000	15997	1
2025.09.23	14:20:00	596340.00	596660.00	593620.00	593720.00	4222	25772	1
2025.09.23	14:40:00	593720.00	594520.00	592420.00	593100.00	4279	27336	1
2025.09.23	15:00:00	593140.00	594100.00	592680.00	592840.00	3164	18732	1
2025.09.23	15:20:00	592880.00	593660.00	591840.00	592140.00	3403	15742	1
2025.09.23	15:40:00	592140.00	592380.00	591420.00	592180.00	2825	19082	1
2025.09.23	16:00:00	592140.00	593320.00	592120.00	593080.00	2480	14726	1
2025.09.23	16:20:00	593000.00	593000.00	591200.00	591560.00	2139	12839	1
2025.09.23	16:40:00	591600.00	591740.00	590540.00	590920.00	2423	16765	1
2025.09.23	17:00:00	590860.00	592540.00	590780.00	592060.00	2311	12443	1
2025.09.23	17:20:00	592060.00	592100.00	590220.00	592080.00	2815	13460	1
2025.09.23	17:40:00	592040.00	592860.00	591020.00	592600.00	2507	14067	1
2025.09.23	18:00:00	592580.00	592960.00	588180.00	589180.00	1729	10557	1
2025.09.23	18:20:00	589300.00	591960.00	587820.00	591580.00	526	4349	1
2025.09.24	09:00:00	599600.00	600200.00	598520.00	599780.00	3323	15062	1
2025.09.24	09:20:00	599720.00	600400.00	599380.00	599940.00	1743	7682	1
2025.09.24	09:40:00	599920.00	601500.00	599920.00	600760.00	3681	17646	1
2025.09.24	10:00:00	600720.00	601460.00	600480.00	601300.00	1925	11097	1
2025.09.24	10:20:00	601280.00	602000.00	600100.00	601200.00	4226	22022	1
2025.09.24	10:40:00	601160.00	602340.00	600140.00	600260.00	4431	28256	1
2025.09.24	11:00:00	600300.00	602560.00	600240.00	602240.00	3468	21718	1
2025.09.24	11:20:00	602120.00	602700.00	601520.00	602500.00	2641	18991	1
2025.09.24	11:40:00	602540.00	605560.00	602360.00	604840.00	6140	35869	1
2025.09.24	12:00:00	604960.00	605700.00	603600.00	604200.00	3729	23126	1
2025.09.24	12:20:00	604140.00	605500.00	604120.00	605140.00	2057	13728	1
2025.09.24	12:40:00	605180.00	605460.00	603020.00	603940.00	3252	17726	1
2025.09.24	13:00:00	603920.00	604600.00	603140.00	604340.00	2119	14055	1
2025.09.24	13:20:00	604320.00	605660.00	604200.00	605520.00	2440	13895	1
2025.09.24	13:40:00	605500.00	605880.00	605080.00	605740.00	2053	12451	1
2025.09.24	14:00:00	605760.00	606720.00	605200.00	606180.00	2504	15606	1
2025.09.24	14:20:00	606180.00	607900.00	605700.00	607800.00	2616	15114	1
2025.09.24	14:40:00	607800.00	608000.00	606240.00	606680.00	3048	13715	1
2025.09.24	15:00:00	606700.00	607560.00	605840.00	605960.00	3001	15991	1
2025.09.24	15:20:00	605900.00	606900.00	605680.00	606480.00	2091	11883	1
2025.09.24	15:40:00	606560.00	606840.00	605780.00	606640.00	1328	9200	1
2025.09.24	16:00:00	606640.00	606680.00	605800.00	606020.00	1248	7939	1
2025.09.24	16:20:00	606040.00	606060.00	604560.00	604760.00	2263	12425	1
2025.09.24	16:40:00	604780.00	605640.00	604420.00	605120.00	2049	14483	1
2025.09.24	17:00:00	605160.00	605880.00	604960.00	605820.00	1290	6620	1
2025.09.24	17:20:00	605840.00	606380.00	605340.00	605660.00	1617	8010	1
2025.09.24	17:40:00	605660.00	606940.00	605400.00	606420.00	1618	9041	1
2025.09.24	18:00:00	606500.00	606660.00	603360.00	604080.00	1552	8734	1
2025.09.24	18:20:00	604080.00	604380.00	603660.00	603820.00	194	1343	1
2025.09.25	09:00:00	604637.09	606185.24	603863.01	605044.50	4151	15025	1
2025.09.25	09:20:00	605064.87	606409.32	601948.18	605146.35	7127	31186	1
2025.09.25	09:40:00	605105.61	606470.43	603313.00	603455.60	5219	22281	1
2025.09.25	10:00:00	603455.60	605961.17	601968.55	605553.76	5631	31568	1
2025.09.25	10:20:00	605574.13	607407.47	604637.09	604759.31	5228	28210	1
2025.09.25	10:40:00	604698.20	604983.38	602355.59	604066.71	5725	39457	1
2025.09.25	11:00:00	604025.97	608874.15	604025.97	608242.66	5185	32281	1
2025.09.25	11:20:00	608263.03	608894.52	606918.58	607366.73	3858	26849	1
2025.09.25	11:40:00	607325.99	608813.04	607061.18	608364.89	2106	13167	1
2025.09.25	12:00:00	608446.37	608853.78	606613.02	606837.10	2886	17459	1
2025.09.25	12:20:00	606877.84	606959.32	604698.20	606327.84	3431	20857	1
2025.09.25	12:40:00	606348.21	608079.70	606103.76	607977.85	2376	14326	1
2025.09.25	13:00:00	607998.22	608792.67	606938.95	607224.14	2430	16726	1
2025.09.25	13:20:00	607366.73	607509.33	605288.94	605431.54	2346	15133	1
2025.09.25	13:40:00	605431.54	605553.76	604351.90	604575.97	2479	15801	1
2025.09.25	14:00:00	604555.60	604698.20	600746.32	600807.43	5316	36612	1
2025.09.25	14:20:00	600868.54	601011.14	597364.82	598118.53	6615	49162	1
2025.09.25	14:40:00	598118.53	598403.71	592883.31	593922.20	6508	40775	1
2025.09.25	15:00:00	593861.09	597242.60	592801.83	596937.04	5417	40861	1
2025.09.25	15:20:00	596998.15	598607.42	596611.11	597425.93	4659	32627	1
2025.09.25	15:40:00	597487.04	600135.21	597466.67	599809.28	3290	24085	1
2025.09.25	16:00:00	599870.39	600787.06	598953.72	600746.32	2911	18909	1
2025.09.25	16:20:00	600807.43	601642.62	598648.16	598953.72	2949	18467	1
2025.09.25	16:40:00	598912.98	598974.09	597079.63	597772.23	2526	17153	1
2025.09.25	17:00:00	597792.60	598240.75	595938.88	597588.89	2720	18065	1
2025.09.25	17:20:00	597548.15	597955.56	595612.96	596142.59	1832	10432	1
2025.09.25	17:40:00	596061.11	597161.11	595572.21	596794.44	1425	7727	1
2025.09.25	18:00:00	596794.44	599564.83	596550.00	598138.90	1381	6805	1
2025.09.25	18:20:00	598362.97	598912.98	597018.52	597100.00	197	889	1
2025.09.26	09:00:00	594980.00	594980.00	592140.00	593500.00	2417	12761	1
2025.09.26	09:20:00	593500.00	596740.00	592260.00	595480.00	4411	24432	1
2025.09.26	09:40:00	595520.00	596080.00	593020.00	594140.00	3850	23579	1
2025.09.26	10:00:00	594100.00	594820.00	591160.00	592620.00	4001	26935	1
2025.09.26	10:20:00	592660.00	595760.00	592220.00	595380.00	3693	23078	1
2025.09.26	10:40:00	595380.00	596880.00	594180.00	596160.00	3879	28824	1
2025.09.26	11:00:00	596160.00	596640.00	591980.00	593440.00	4773	29778	1
2025.09.26	11:20:00	593360.00	593360.00	590200.00	591560.00	3930	21824	1
2025.09.26	11:40:00	591560.00	591700.00	589500.00	590040.00	3049	18399	1
2025.09.26	12:00:00	590080.00	591960.00	589880.00	591660.00	2677	16121	1
2025.09.26	12:20:00	591560.00	592680.00	591060.00	591900.00	2220	11718	1
2025.09.26	12:40:00	591960.00	592540.00	590640.00	590760.00	1632	9144	1
2025.09.26	13:00:00	590760.00	594120.00	590600.00	593980.00	2177	11506	1
2025.09.26	13:20:00	594020.00	594600.00	592440.00	592660.00	2242	11591	1
2025.09.26	13:40:00	592660.00	593620.00	592200.00	593240.00	1564	7873	1
2025.09.26	14:00:00	593200.00	594320.00	592880.00	593780.00	1658	8274	1
2025.09.26	14:20:00	593760.00	596240.00	593460.00	595780.00	2399	13567	1
2025.09.26	14:40:00	595840.00	596180.00	594980.00	595820.00	1672	8410	1
2025.09.26	15:00:00	595840.00	597340.00	595200.00	597120.00	2589	13644	1
2025.09.26	15:20:00	597060.00	597940.00	596040.00	596100.00	2626	14809	1
2025.09.26	15:40:00	596100.00	596100.00	594160.00	594340.00	2413	11353	1
2025.09.26	16:00:00	594260.00	594340.00	592620.00	593960.00	2308	14283	1
2025.09.26	16:20:00	593820.00	593840.00	590640.00	591060.00	2887	17674	1
2025.09.26	16:40:00	591020.00	591760.00	590480.00	591160.00	2049	11013	1
2025.09.26	17:00:00	591200.00	592360.00	590880.00	591180.00	1605	10508	1
2025.09.26	17:20:00	591240.00	592200.00	590860.00	591900.00	791	4134	1
2025.09.26	17:40:00	591800.00	593100.00	591720.00	592660.00	1070	5372	1
2025.09.26	18:00:00	592600.00	594340.00	591680.00	593300.00	815	3869	1
2025.09.26	18:20:00	593260.00	594040.00	593160.00	594020.00	136	1238	1
2025.09.29	09:00:00	607300.00	608320.00	606680.00	608180.00	3358	13661	1
2025.09.29	09:20:00	608160.00	609700.00	607520.00	607620.00	3804	17356	1
2025.09.29	09:40:00	607640.00	608160.00	604760.00	605400.00	4594	22418	1
2025.09.29	10:00:00	605360.00	606840.00	605260.00	606840.00	2880	16080	1
2025.09.29	10:20:00	606800.00	607520.00	604040.00	606320.00	5866	34053	1
2025.09.29	10:40:00	606260.00	612540.00	605840.00	611900.00	8463	51028	1
2025.09.29	11:00:00	611940.00	615580.00	611560.00	614360.00	6010	35874	1
2025.09.29	11:20:00	614260.00	616180.00	614200.00	616020.00	4694	32326	1
2025.09.29	11:40:00	616060.00	618660.00	616000.00	617420.00	5590	33903	1
2025.09.29	12:00:00	617500.00	617960.00	616780.00	617280.00	2858	18434	1
2025.09.29	12:20:00	617280.00	617380.00	615740.00	616300.00	3206	18305	1
2025.09.29	12:40:00	616320.00	616700.00	615120.00	616100.00	2582	14328	1
2025.09.29	13:00:00	616180.00	617320.00	615660.00	616460.00	2687	14632	1
2025.09.29	13:20:00	616480.00	616840.00	615900.00	616060.00	1391	8869	1
2025.09.29	13:40:00	616140.00	616140.00	613800.00	613800.00	3144	16632	1
2025.09.29	14:00:00	613800.00	615180.00	612800.00	614400.00	3987	23553	1
2025.09.29	14:20:00	614420.00	615680.00	613900.00	615660.00	2316	12369	1
2025.09.29	14:40:00	615680.00	616920.00	615480.00	616420.00	2956	15883	1
2025.09.29	15:00:00	616460.00	617000.00	615760.00	615960.00	2783	15967	1
2025.09.29	15:20:00	615960.00	616080.00	615220.00	615820.00	2607	15106	1
2025.09.29	15:40:00	615760.00	616280.00	615500.00	615760.00	1474	8884	1
2025.09.29	16:00:00	615680.00	616240.00	614900.00	615820.00	2642	17735	1
2025.09.29	16:20:00	615800.00	616060.00	615180.00	615900.00	1907	11705	1
2025.09.29	16:40:00	615900.00	618740.00	615840.00	618140.00	4951	34076	1
2025.09.29	17:00:00	618160.00	619120.00	617360.00	618180.00	3607	24859	1
2025.09.29	17:20:00	618180.00	619020.00	617660.00	618280.00	2520	16044	1
2025.09.29	17:40:00	618340.00	619000.00	617780.00	618260.00	2005	12278	1
2025.09.29	18:00:00	618200.00	618980.00	617540.00	618660.00	1058	7860	1
2025.09.29	18:20:00	618720.00	618860.00	617620.00	618300.00	275	2408	1
2025.09.30	09:00:00	612040.00	612040.00	609060.00	609940.00	3368	12942	1
2025.09.30	09:20:00	610080.00	610740.00	609160.00	610580.00	2471	9190	1
2025.09.30	09:40:00	610660.00	612400.00	610000.00	610620.00	4312	16862	1
2025.09.30	10:00:00	610560.00	610560.00	608520.00	610520.00	4891	23269	1
2025.09.30	10:20:00	610420.00	612180.00	610000.00	611840.00	4284	20942	1
2025.09.30	10:40:00	612040.00	613160.00	610160.00	611880.00	4827	29074	1
2025.09.30	11:00:00	611740.00	612800.00	609160.00	611020.00	4592	25562	1
2025.09.30	11:20:00	610960.00	612020.00	610040.00	610760.00	2667	16761	1
2025.09.30	11:40:00	610660.00	614540.00	610460.00	614520.00	3975	24312	1
2025.09.30	12:00:00	614560.00	614620.00	611560.00	612140.00	3167	17800	1
2025.09.30	12:20:00	612240.00	612580.00	610820.00	611320.00	2875	18686	1
2025.09.30	12:40:00	611300.00	612780.00	610860.00	611920.00	2001	11318	1
2025.09.30	13:00:00	611840.00	612200.00	610940.00	611720.00	1804	12513	1
2025.09.30	13:20:00	611720.00	612960.00	610020.00	610300.00	2771	15722	1
2025.09.30	13:40:00	610320.00	610400.00	608580.00	608980.00	2912	14302	1
2025.09.30	14:00:00	609000.00	611700.00	608600.00	611220.00	2875	15741	1
2025.09.30	14:20:00	611180.00	612660.00	610440.00	612360.00	2937	18863	1
2025.09.30	14:40:00	612380.00	613200.00	611440.00	611980.00	2991	16925	1
2025.09.30	15:00:00	612060.00	614120.00	611500.00	613380.00	3280	20020	1
2025.09.30	15:20:00	613460.00	613820.00	612760.00	613600.00	2272	13448	1
2025.09.30	15:40:00	613600.00	614620.00	613060.00	614280.00	2234	13891	1
2025.09.30	16:00:00	614300.00	615660.00	614160.00	615100.00	3248	19703	1
2025.09.30	16:20:00	615140.00	617740.00	615080.00	616760.00	4164	25442	1
2025.09.30	16:40:00	616740.00	619040.00	616180.00	617960.00	4110	27079	1
2025.09.30	17:00:00	617960.00	618740.00	616720.00	617400.00	2866	15854	1
2025.09.30	17:20:00	617400.00	618620.00	617400.00	617880.00	2303	11154	1
2025.09.30	17:40:00	617820.00	619940.00	617460.00	619620.00	2776	13821	1
2025.09.30	18:00:00	619580.00	622760.00	619320.00	622000.00	1823	10299	1
2025.09.30	18:20:00	622080.00	624500.00	621600.00	624500.00	417	3469	1
2025.10.01	09:00:00	629940.00	630500.00	627620.00	628780.00	5049	21917	1
2025.10.01	09:20:00	628700.00	629500.00	627280.00	627720.00	3198	15243	1
2025.10.01	09:40:00	627800.00	628500.00	626840.00	628240.00	3108	14893	1
2025.10.01	10:00:00	628200.00	629600.00	628200.00	628840.00	3302	17220	1
2025.10.01	10:20:00	628860.00	630260.00	628140.00	629220.00	4579	30240	1
2025.10.01	10:40:00	629240.00	630380.00	627640.00	629820.00	5400	40152	1
2025.10.01	11:00:00	629740.00	633940.00	629340.00	633600.00	7793	50350	1
2025.10.01	11:20:00	633680.00	633820.00	631340.00	633820.00	4059	25776	1
2025.10.01	11:40:00	633840.00	634280.00	632100.00	633840.00	3979	28321	1
2025.10.01	12:00:00	633780.00	634680.00	633100.00	634540.00	2601	18524	1
2025.10.01	12:20:00	634540.00	636580.00	634100.00	635720.00	4399	28854	1
2025.10.01	12:40:00	635700.00	636660.00	635380.00	636200.00	2216	17280	1
2025.10.01	13:00:00	636260.00	637620.00	635540.00	637180.00	2968	18563	1
2025.10.01	13:20:00	637080.00	639900.00	636960.00	638640.00	4778	34985	1
2025.10.01	13:40:00	638640.00	639320.00	636800.00	636800.00	3751	27193	1
2025.10.01	14:00:00	636860.00	637600.00	634800.00	635260.00	4138	25358	1
2025.10.01	14:20:00	635220.00	636260.00	634860.00	635140.00	2212	15023	1
2025.10.01	14:40:00	635040.00	635080.00	631840.00	632240.00	4962	32021	1
2025.10.01	15:00:00	632300.00	633620.00	632260.00	632460.00	3012	23660	1
2025.10.01	15:20:00	632460.00	633540.00	631780.00	632760.00	3582	24815	1
2025.10.01	15:40:00	632760.00	634400.00	632460.00	633800.00	2437	15134	1
2025.10.01	16:00:00	633820.00	635060.00	633300.00	634940.00	1924	11849	1
2025.10.01	16:20:00	635000.00	635040.00	633900.00	634920.00	1838	12536	1
2025.10.01	16:40:00	634960.00	635920.00	633960.00	635280.00	3004	20059	1
2025.10.01	17:00:00	635200.00	635760.00	634200.00	634820.00	2390	16002	1
2025.10.01	17:20:00	634820.00	635740.00	634500.00	635420.00	1259	7388	1
2025.10.01	17:40:00	635420.00	636280.00	634500.00	635940.00	2927	16369	1
2025.10.01	18:00:00	635940.00	636280.00	635200.00	635560.00	1010	5627	1
2025.10.01	18:20:00	635580.00	635780.00	634960.00	635620.00	178	1286	1
2025.10.02	09:00:00	638560.00	642520.00	638320.00	641000.00	2753	12275	1
2025.10.02	09:20:00	640940.00	644880.00	640940.00	644780.00	6116	24618	1
2025.10.02	09:40:00	644780.00	646500.00	644580.00	646340.00	5198	24568	1
2025.10.02	10:00:00	646380.00	646840.00	643700.00	644280.00	5184	27096	1
2025.10.02	10:20:00	644380.00	646480.00	643780.00	645940.00	6247	32930	1
2025.10.02	10:40:00	645880.00	648940.00	645520.00	648080.00	8137	43770	1
2025.10.02	11:00:00	647940.00	649060.00	646880.00	648440.00	4380	23007	1
2025.10.02	11:20:00	648480.00	649960.00	647680.00	648820.00	4869	26552	1
2025.10.02	11:40:00	648740.00	648780.00	644280.00	645600.00	6064	33657	1
2025.10.02	12:00:00	645540.00	648200.00	644200.00	647700.00	4768	30135	1
2025.10.02	12:20:00	647660.00	651800.00	647280.00	650500.00	5550	34268	1
2025.10.02	12:40:00	650580.00	654060.00	650540.00	653620.00	4823	26887	1
2025.10.02	13:00:00	653640.00	655340.00	652600.00	653420.00	4856	30421	1
2025.10.02	13:20:00	653420.00	653520.00	651100.00	651320.00	3392	18414	1
2025.10.02	13:40:00	651260.00	651780.00	649640.00	650400.00	3266	17195	1
2025.10.02	14:00:00	650340.00	650700.00	648520.00	649380.00	3479	17616	1
2025.10.02	14:20:00	649300.00	649740.00	648100.00	648660.00	3250	19682	1
2025.10.02	14:40:00	648660.00	651940.00	648560.00	651460.00	3583	20430	1
2025.10.02	15:00:00	651480.00	653760.00	651440.00	651660.00	4500	24236	1
2025.10.02	15:20:00	651660.00	653000.00	651440.00	652140.00	2499	15380	1
2025.10.02	15:40:00	652200.00	654840.00	651480.00	653880.00	3556	21563	1
2025.10.02	16:00:00	653840.00	656280.00	653160.00	655840.00	4875	32846	1
2025.10.02	16:20:00	655880.00	656040.00	654400.00	655720.00	3005	19484	1
2025.10.02	16:40:00	655820.00	655940.00	653820.00	655620.00	3436	25192	1
2025.10.02	17:00:00	655500.00	656240.00	654520.00	655420.00	2916	21725	1
2025.10.02	17:20:00	655420.00	655620.00	653040.00	654120.00	3414	21907	1
2025.10.02	17:40:00	654040.00	655000.00	653820.00	654600.00	2257	14923	1
2025.10.02	18:00:00	654480.00	655680.00	653600.00	654400.00	1595	11463	1
2025.10.02	18:20:00	654400.00	654700.00	653000.00	653220.00	179	1804	1
2025.10.03	09:00:00	651560.00	654440.00	651560.00	651800.00	4190	15500	1
2025.10.03	09:20:00	651760.00	652580.00	650920.00	652300.00	4670	18910	1
2025.10.03	09:40:00	652340.00	652720.00	651200.00	652440.00	3021	10960	1
2025.10.03	10:00:00	652440.00	655000.00	651660.00	653560.00	6254	30257	1
2025.10.03	10:20:00	653560.00	656440.00	653340.00	654660.00	7898	42191	1
2025.10.03	10:40:00	654620.00	655900.00	652820.00	654600.00	5454	30991	1
2025.10.03	11:00:00	654560.00	654900.00	652040.00	652400.00	5978	30934	1
2025.10.03	11:20:00	652320.00	656840.00	651580.00	656800.00	6740	43478	1
2025.10.03	11:40:00	656780.00	658820.00	656460.00	657920.00	5420	34334	1
2025.10.03	12:00:00	657900.00	660480.00	656680.00	659880.00	6929	39386	1
2025.10.03	12:20:00	659900.00	661840.00	659060.00	661500.00	6309	37589	1
2025.10.03	12:40:00	661380.00	664780.00	660620.00	664300.00	7558	51589	1
2025.10.03	13:00:00	664380.00	670160.00	664360.00	668180.00	12120	97571	1
2025.10.03	13:20:00	668140.00	672380.00	667560.00	670920.00	9826	78002	1
2025.10.03	13:40:00	670840.00	671640.00	664480.00	664680.00	8539	65128	1
2025.10.03	14:00:00	664580.00	667480.00	660300.00	663540.00	15747	129679	1
2025.10.03	14:20:00	663620.00	666240.00	663020.00	666080.00	6718	57690	1
2025.10.03	14:40:00	666140.00	666560.00	659740.00	662280.00	7768	57193	1
2025.10.03	15:00:00	662360.00	663200.00	659000.00	662960.00	6317	47270	1
2025.10.03	15:20:00	663080.00	665680.00	662440.00	665460.00	6942	57097	1
2025.10.03	15:40:00	665460.00	665600.00	663080.00	664080.00	3962	29828	1
2025.10.03	16:00:00	664100.00	664660.00	662240.00	663780.00	4706	39574	1
2025.10.03	16:20:00	663780.00	665580.00	662920.00	664040.00	3141	19954	1
2025.10.03	16:40:00	664040.00	664960.00	663420.00	664460.00	2688	18268	1
2025.10.03	17:00:00	664500.00	664760.00	661240.00	662200.00	3497	24487	1
2025.10.03	17:20:00	662040.00	664280.00	661720.00	664040.00	2063	10908	1
2025.10.03	17:40:00	664040.00	665960.00	663600.00	663700.00	2638	15685	1
2025.10.03	18:00:00	663780.00	664080.00	662580.00	662960.00	892	4521	1
2025.10.03	18:20:00	662720.00	663120.00	662540.00	662660.00	205	1185	1
2025.10.06	09:00:00	673580.00	674940.00	672380.00	674040.00	4825	20637	1
2025.10.06	09:20:00	674040.00	674180.00	672240.00	672340.00	2954	13153	1
2025.10.06	09:40:00	672280.00	672960.00	670920.00	672840.00	6098	29433	1
2025.10.06	10:00:00	672840.00	674540.00	672300.00	673200.00	4838	23976	1
2025.10.06	10:20:00	673180.00	674660.00	672160.00	673740.00	6090	37087	1
2025.10.06	10:40:00	673760.00	675320.00	670680.00	674880.00	10280	61286	1
2025.10.06	11:00:00	674980.00	676980.00	673780.00	675280.00	10249	65409	1
2025.10.06	11:20:00	675200.00	676020.00	672420.00	674840.00	6397	37222	1
2025.10.06	11:40:00	674720.00	674740.00	671480.00	672400.00	5014	25726	1
2025.10.06	12:00:00	672260.00	675120.00	672180.00	675060.00	3855	22327	1
2025.10.06	12:20:00	675080.00	677320.00	674100.00	675020.00	6095	36554	1
2025.10.06	12:40:00	675000.00	675560.00	673900.00	674020.00	2850	18912	1
2025.10.06	13:00:00	674000.00	675120.00	672780.00	673900.00	3637	24410	1
2025.10.06	13:20:00	673760.00	675800.00	673300.00	675060.00	2963	19336	1
2025.10.06	13:40:00	675140.00	676520.00	674320.00	676100.00	2339	14529	1
2025.10.06	14:00:00	676100.00	677300.00	675740.00	676640.00	3311	22065	1
2025.10.06	14:20:00	676640.00	678480.00	674580.00	675240.00	5729	35184	1
2025.10.06	14:40:00	675220.00	676900.00	674640.00	675520.00	3336	22366	1
2025.10.06	15:00:00	675560.00	676360.00	674140.00	676060.00	3191	19143	1
2025.10.06	15:20:00	676080.00	676260.00	674560.00	675540.00	2613	15398	1
2025.10.06	15:40:00	675720.00	680400.00	675200.00	679200.00	6292	39143	1
2025.10.06	16:00:00	679240.00	679700.00	675560.00	676460.00	5942	35779	1
2025.10.06	16:20:00	676360.00	678040.00	675540.00	675720.00	3872	22846	1
2025.10.06	16:40:00	675700.00	675980.00	674500.00	675400.00	3524	21530	1
2025.10.06	17:00:00	675460.00	676220.00	673800.00	674440.00	2673	14046	1
2025.10.06	17:20:00	674460.00	675240.00	673340.00	674720.00	2256	10999	1
2025.10.06	17:40:00	674660.00	675600.00	674100.00	674980.00	1655	8462	1
2025.10.06	18:00:00	674840.00	675380.00	671920.00	672540.00	1191	6196	1
2025.10.06	18:20:00	672240.00	673620.00	670320.00	671500.00	379	1929	1
2025.10.07	09:00:00	672260.00	674320.00	671600.00	674300.00	3767	17795	1
2025.10.07	09:20:00	674300.00	674960.00	673540.00	674300.00	4375	20439	1
2025.10.07	09:40:00	674400.00	677720.00	674000.00	676120.00	6884	33289	1
2025.10.07	10:00:00	676120.00	676720.00	673760.00	673960.00	6152	34551	1
2025.10.07	10:20:00	674040.00	674920.00	671520.00	672260.00	6316	35561	1
2025.10.07	10:40:00	672260.00	672320.00	666460.00	669760.00	10750	66829	1
2025.10.07	11:00:00	669760.00	670640.00	663880.00	665360.00	9238	59803	1
2025.10.07	11:20:00	665380.00	667380.00	664000.00	664760.00	6325	39017	1
2025.10.07	11:40:00	664640.00	665900.00	663700.00	664380.00	3917	24649	1
2025.10.07	12:00:00	664440.00	665100.00	658400.00	660400.00	9737	65099	1
2025.10.07	12:20:00	660360.00	661680.00	657100.00	657780.00	5400	34338	1
2025.10.07	12:40:00	657740.00	659880.00	655700.00	659560.00	6368	45459	1
2025.10.07	13:00:00	659660.00	659780.00	657200.00	658340.00	3079	20740	1
2025.10.07	13:20:00	658380.00	659520.00	654400.00	659300.00	5889	41920	1
2025.10.07	13:40:00	659380.00	661260.00	658700.00	659220.00	4614	30686	1
2025.10.07	14:00:00	659200.00	660120.00	657400.00	657440.00	3864	25412	1
2025.10.07	14:20:00	657460.00	658280.00	656360.00	657240.00	3216	21109	1
2025.10.07	14:40:00	657400.00	659220.00	656180.00	656700.00	4051	26216	1
2025.10.07	15:00:00	656760.00	657780.00	655100.00	656040.00	5079	34167	1
2025.10.07	15:20:00	655920.00	655920.00	653560.00	654320.00	5390	40641	1
2025.10.07	15:40:00	654280.00	656400.00	653800.00	655420.00	3551	26845	1
2025.10.07	16:00:00	655400.00	659060.00	655240.00	657980.00	4871	35590	1
2025.10.07	16:20:00	657900.00	658580.00	656820.00	657880.00	2808	17800	1
2025.10.07	16:40:00	657880.00	660960.00	657340.00	658800.00	3889	25726	1
2025.10.07	17:00:00	658940.00	662040.00	658900.00	661360.00	3601	22418	1
2025.10.07	17:20:00	661300.00	662460.00	661080.00	661220.00	2016	8822	1
2025.10.07	17:40:00	661240.00	662180.00	660440.00	660900.00	2567	12571	1
2025.10.07	18:00:00	660860.00	662900.00	659560.00	662280.00	1681	7553	1
2025.10.07	18:20:00	662460.00	663200.00	661760.00	662460.00	242	1352	1
2025.10.08	09:00:00	666000.00	667200.00	664540.00	664760.00	5448	21678	1
2025.10.08	09:20:00	664800.00	664840.00	662540.00	662920.00	4470	17471	1
2025.10.08	09:40:00	662900.00	663580.00	661620.00	662660.00	4004	16022	1
2025.10.08	10:00:00	662640.00	663240.00	660880.00	662240.00	5137	26191	1
2025.10.08	10:20:00	662220.00	662640.00	659740.00	660500.00	5846	32602	1
2025.10.08	10:40:00	660380.00	662980.00	656360.00	662480.00	10798	58294	1
2025.10.08	11:00:00	662580.00	667260.00	662580.00	665680.00	11055	66449	1
2025.10.08	11:20:00	665700.00	665740.00	661120.00	662740.00	7490	45799	1
2025.10.08	11:40:00	662760.00	663240.00	660660.00	662000.00	4834	31858	1
2025.10.08	12:00:00	662000.00	663800.00	661440.00	662400.00	4109	26009	1
2025.10.08	12:20:00	662300.00	663000.00	661080.00	662100.00	3723	25986	1
2025.10.08	12:40:00	662100.00	662660.00	659960.00	661100.00	3257	20648	1
2025.10.08	13:00:00	661120.00	665300.00	660500.00	663860.00	4412	24844	1
2025.10.08	13:20:00	663860.00	664560.00	663360.00	664000.00	2713	15402	1
2025.10.08	13:40:00	664020.00	666320.00	663180.00	665800.00	3667	20809	1
2025.10.08	14:00:00	665740.00	670420.00	665160.00	669860.00	7903	49676	1
2025.10.08	14:20:00	669800.00	671700.00	669140.00	670340.00	6565	40648	1
2025.10.08	14:40:00	670300.00	672260.00	669580.00	671600.00	4615	26771	1
2025.10.08	15:00:00	671660.00	672780.00	670260.00	670800.00	6571	35730	1
2025.10.08	15:20:00	670840.00	671000.00	668220.00	669880.00	5618	31418	1
2025.10.08	15:40:00	669920.00	670540.00	668280.00	668420.00	4929	30755	1
2025.10.08	16:00:00	668380.00	668620.00	666200.00	666900.00	4855	27916	1
2025.10.08	16:20:00	666900.00	669000.00	666660.00	668040.00	4269	27285	1
2025.10.08	16:40:00	668060.00	668100.00	666680.00	666800.00	3696	25171	1
2025.10.08	17:00:00	666880.00	668300.00	666100.00	667960.00	2806	15014	1
2025.10.08	17:20:00	667860.00	668860.00	666640.00	667200.00	2351	9993	1
2025.10.08	17:40:00	667100.00	667220.00	663900.00	664280.00	2478	12836	1
2025.10.08	18:00:00	664140.00	665420.00	663600.00	665100.00	1351	7426	1
2025.10.08	18:20:00	665100.00	666020.00	664560.00	665500.00	347	1822	1
2025.10.09	09:00:00	661820.00	663740.00	661340.00	663460.00	4330	17105	1
2025.10.09	09:20:00	663420.00	665400.00	662180.00	665060.00	4264	20299	1
2025.10.09	09:40:00	665080.00	667740.00	664560.00	666780.00	8063	34546	1
2025.10.09	10:00:00	666800.00	667720.00	665580.00	667020.00	5112	25956	1
2025.10.09	10:20:00	667020.00	667980.00	664340.00	666000.00	8357	46753	1
2025.10.09	10:40:00	666080.00	666180.00	662260.00	662740.00	8782	53738	1
2025.10.09	11:00:00	662780.00	664120.00	659340.00	661660.00	10061	61528	1
2025.10.09	11:20:00	661500.00	662420.00	657580.00	658820.00	8516	54668	1
2025.10.09	11:40:00	658820.00	660600.00	655140.00	658180.00	8109	54991	1
2025.10.09	12:00:00	658200.00	660180.00	657480.00	658040.00	3955	23620	1
2025.10.09	12:20:00	658040.00	659020.00	655760.00	655920.00	3573	20462	1
2025.10.09	12:40:00	655880.00	658280.00	654820.00	657340.00	3903	22340	1
2025.10.09	13:00:00	657260.00	659580.00	657060.00	658700.00	3134	17111	1
2025.10.09	13:20:00	658680.00	659100.00	655520.00	657980.00	3155	17652	1
2025.10.09	13:40:00	658120.00	658240.00	650440.00	651140.00	8441	52698	1
2025.10.09	14:00:00	651060.00	654160.00	650140.00	653420.00	5965	40674	1
2025.10.09	14:20:00	653260.00	654700.00	652480.00	654060.00	3759	25458	1
2025.10.09	14:40:00	654100.00	657280.00	653600.00	656660.00	4339	27996	1
2025.10.09	15:00:00	656620.00	657460.00	655380.00	656240.00	4087	29018	1
2025.10.09	15:20:00	656240.00	656240.00	654180.00	654840.00	4223	29694	1
2025.10.09	15:40:00	654880.00	656520.00	654620.00	655960.00	2658	16009	1
2025.10.09	16:00:00	656020.00	658040.00	655960.00	657680.00	3453	22422	1
2025.10.09	16:20:00	657620.00	658740.00	656620.00	657060.00	2859	17824	1
2025.10.09	16:40:00	657060.00	658080.00	656520.00	657620.00	2904	19910	1
2025.10.09	17:00:00	657700.00	658680.00	657100.00	657540.00	2039	14000	1
2025.10.09	17:20:00	657440.00	657780.00	656860.00	657320.00	1139	5288	1
2025.10.09	17:40:00	657260.00	658160.00	656840.00	657660.00	2070	9758	1
2025.10.09	18:00:00	657820.00	660220.00	657400.00	659880.00	1432	7402	1
2025.10.09	18:20:00	659880.00	660420.00	658980.00	659940.00	191	1631	1
2025.10.10	09:00:00	660520.00	660520.00	658320.00	658980.00	2961	11102	1
2025.10.10	09:20:00	659000.00	661240.00	658860.00	660800.00	4214	17592	1
2025.10.10	09:40:00	660800.00	662580.00	660780.00	662580.00	3633	14720	1
2025.10.10	10:00:00	662520.00	664620.00	662380.00	664220.00	5252	25548	1
2025.10.10	10:20:00	664260.00	670440.00	664260.00	669940.00	8024	44492	1
2025.10.10	10:40:00	669960.00	675800.00	664820.00	672000.00	11721	77908	1
2025.10.10	11:00:00	671960.00	673300.00	664200.00	666140.00	8026	41484	1
2025.10.10	11:20:00	666140.00	670600.00	665760.00	667840.00	5681	36642	1
2025.10.10	11:40:00	667840.00	668700.00	663740.00	664220.00	5087	38429	1
2025.10.10	12:00:00	664180.00	666320.00	662720.00	662880.00	7933	69960	1
2025.10.10	12:20:00	662800.00	663000.00	656500.00	660000.00	10922	68535	1
2025.10.10	12:40:00	659940.00	662220.00	657480.00	659360.00	5695	35645	1
2025.10.10	13:00:00	659340.00	659860.00	656300.00	657800.00	4521	29492	1
2025.10.10	13:20:00	657800.00	661080.00	657100.00	660540.00	3267	21678	1
2025.10.10	13:40:00	660460.00	660620.00	654940.00	655000.00	4896	33045	1
2025.10.10	14:00:00	655000.00	657100.00	653640.00	655760.00	5118	39091	1
2025.10.10	14:20:00	655860.00	656820.00	653100.00	653780.00	4345	29853	1
2025.10.10	14:40:00	653780.00	654340.00	651600.00	651680.00	4233	31738	1
2025.10.10	15:00:00	651680.00	652700.00	650660.00	650960.00	3338	24334	1
2025.10.10	15:20:00	651000.00	653420.00	651000.00	651420.00	3287	23332	1
2025.10.10	15:40:00	651400.00	652600.00	650460.00	650720.00	2477	17686	1
2025.10.10	16:00:00	650700.00	651180.00	646520.00	646740.00	5374	35336	1
2025.10.10	16:20:00	646600.00	648460.00	643320.00	646260.00	7872	50470	1
2025.10.10	16:40:00	646340.00	649720.00	646140.00	647480.00	5646	40697	1
2025.10.10	17:00:00	647540.00	649320.00	647320.00	648720.00	2440	18310	1
2025.10.10	17:20:00	648660.00	650540.00	648060.00	648760.00	2455	12672	1
2025.10.10	17:40:00	648760.00	650320.00	628380.00	636020.00	8595	51582	1
2025.10.10	18:00:00	636080.00	640760.00	573480.00	582820.00	4824	33237	1
2025.10.10	18:20:00	579380.00	611000.00	568800.00	611000.00	644	2751	1
2025.10.13	09:00:00	635400.00	635460.00	629500.00	631740.00	5028	21211	1
2025.10.13	09:20:00	631780.00	634380.00	631720.00	632080.00	3708	20483	1
2025.10.13	09:40:00	632000.00	632740.00	629760.00	630380.00	4105	15929	1
2025.10.13	10:00:00	630440.00	632980.00	630100.00	631080.00	4515	22654	1
2025.10.13	10:20:00	631080.00	638000.00	630100.00	634500.00	9565	54800	1
2025.10.13	10:40:00	634640.00	637820.00	632240.00	637220.00	7951	46873	1
2025.10.13	11:00:00	637160.00	638480.00	634360.00	634700.00	6253	36752	1
2025.10.13	11:20:00	634780.00	635000.00	629080.00	632000.00	7780	45606	1
2025.10.13	11:40:00	632020.00	632580.00	626420.00	627540.00	7089	43257	1
2025.10.13	12:00:00	627520.00	630500.00	626760.00	629040.00	5125	28773	1
2025.10.13	12:20:00	629100.00	630480.00	628060.00	628640.00	3079	18716	1
2025.10.13	12:40:00	628640.00	631460.00	628020.00	629120.00	3684	22187	1
2025.10.13	13:00:00	629140.00	633800.00	628920.00	631540.00	4982	31032	1
2025.10.13	13:20:00	631520.00	631540.00	628940.00	630260.00	4878	28588	1
2025.10.13	13:40:00	630220.00	632100.00	629220.00	631180.00	3027	18369	1
2025.10.13	14:00:00	631180.00	632760.00	629220.00	629500.00	3949	25319	1
2025.10.13	14:20:00	629420.00	630700.00	628500.00	629600.00	2986	17236	1
2025.10.13	14:40:00	629600.00	632340.00	627560.00	632160.00	4250	25011	1
2025.10.13	15:00:00	632120.00	632500.00	630220.00	631200.00	3750	25493	1
2025.10.13	15:20:00	631120.00	634740.00	631060.00	632760.00	6065	42881	1
2025.10.13	15:40:00	632740.00	634460.00	632300.00	633060.00	5399	38517	1
2025.10.13	16:00:00	633040.00	635960.00	632540.00	635340.00	4531	31198	1
2025.10.13	16:20:00	635340.00	637280.00	635080.00	636720.00	4587	32278	1
2025.10.13	16:40:00	636680.00	639420.00	636600.00	638680.00	6315	39970	1
2025.10.13	17:00:00	638680.00	639420.00	637360.00	638100.00	3621	21306	1
2025.10.13	17:20:00	638120.00	638400.00	636280.00	638120.00	2945	16601	1
2025.10.13	17:40:00	638080.00	639500.00	637580.00	639460.00	2457	14145	1
2025.10.13	18:00:00	639300.00	639900.00	636760.00	638660.00	1756	12088	1
2025.10.13	18:20:00	638900.00	639220.00	636020.00	638280.00	290	2042	1
2025.10.14	09:00:00	617220.00	619080.00	615500.00	617600.00	9925	66525	1
2025.10.14	09:20:00	617740.00	617740.00	613960.00	614480.00	6125	22918	1
2025.10.14	09:40:00	614540.00	616940.00	613860.00	614980.00	5910	22750	1
2025.10.14	10:00:00	614980.00	616180.00	612280.00	613400.00	6292	23406	1
2025.10.14	10:20:00	613380.00	615680.00	609880.00	612300.00	10446	45133	1
2025.10.14	10:40:00	612320.00	618620.00	612040.00	616940.00	9611	59010	1
2025.10.14	11:00:00	616920.00	623140.00	616180.00	621460.00	7436	42703	1
2025.10.14	11:20:00	621560.00	622200.00	617380.00	618340.00	6081	35341	1
2025.10.14	11:40:00	618440.00	621680.00	617880.00	618180.00	5077	28716	1
2025.10.14	12:00:00	618240.00	620120.00	616040.00	617360.00	4680	26512	1
2025.10.14	12:20:00	617360.00	620800.00	616660.00	619900.00	5219	34102	1
2025.10.14	12:40:00	619680.00	624120.00	619580.00	624020.00	5098	34404	1
2025.10.14	13:00:00	624100.00	624180.00	620840.00	622540.00	4044	27627	1
2025.10.14	13:20:00	622540.00	625000.00	620380.00	620560.00	5547	37170	1
2025.10.14	13:40:00	620580.00	622740.00	618840.00	619640.00	4420	28237	1
2025.10.14	14:00:00	619560.00	623360.00	616540.00	622000.00	5813	39102	1
2025.10.14	14:20:00	622200.00	623140.00	620020.00	620820.00	3616	25279	1
2025.10.14	14:40:00	620980.00	623100.00	620740.00	621500.00	2876	18465	1
2025.10.14	15:00:00	621600.00	624740.00	621060.00	624060.00	3311	21452	1
2025.10.14	15:20:00	623940.00	625420.00	623040.00	623260.00	3788	24091	1
2025.10.14	15:40:00	623240.00	623840.00	621000.00	622200.00	3801	23882	1
2025.10.14	16:00:00	622200.00	625680.00	622200.00	624320.00	3544	21218	1
2025.10.14	16:20:00	624480.00	626320.00	621540.00	622360.00	6323	42197	1
2025.10.14	16:40:00	622300.00	622620.00	618460.00	621380.00	7121	42029	1
2025.10.14	17:00:00	621400.00	623060.00	620040.00	622840.00	2823	17859	1
2025.10.14	17:20:00	622780.00	624040.00	622780.00	623640.00	1583	7963	1
2025.10.14	17:40:00	623660.00	625500.00	623480.00	625320.00	1929	9512	1
2025.10.14	18:00:00	625320.00	625460.00	623660.00	624520.00	1218	6071	1
2025.10.14	18:20:00	624580.00	626180.00	623940.00	625920.00	200	854	1
2025.10.15	09:00:00	616960.00	617920.00	614580.00	616920.00	4457	16272	1
2025.10.15	09:20:00	616800.00	617140.00	613680.00	614500.00	6044	24116	1
2025.10.15	09:40:00	614520.00	616700.00	614360.00	614700.00	4516	18479	1
2025.10.15	10:00:00	614600.00	615020.00	612360.00	613780.00	5275	24169	1
2025.10.15	10:20:00	613840.00	615080.00	610780.00	612640.00	7601	42476	1
2025.10.15	10:40:00	612540.00	613520.00	608280.00	611320.00	11408	71546	1
2025.10.15	11:00:00	611300.00	616240.00	611300.00	614680.00	7332	48424	1
2025.10.15	11:20:00	614700.00	615880.00	612080.00	613480.00	5239	30015	1
2025.10.15	11:40:00	613540.00	613560.00	607720.00	608440.00	7649	48433	1
2025.10.15	12:00:00	608460.00	610600.00	606720.00	607840.00	6064	34275	1
2025.10.15	12:20:00	607740.00	611920.00	607040.00	608820.00	6076	42356	1
2025.10.15	12:40:00	608880.00	608960.00	605660.00	607840.00	5237	36515	1
2025.10.15	13:00:00	607860.00	609840.00	607060.00	608420.00	4285	26379	1
2025.10.15	13:20:00	608440.00	609500.00	607660.00	608200.00	2444	16145	1
2025.10.15	13:40:00	608060.00	608440.00	606680.00	607640.00	2905	21862	1
2025.10.15	14:00:00	607720.00	608040.00	605860.00	607480.00	4519	30795	1
2025.10.15	14:20:00	607380.00	608840.00	606080.00	608380.00	3341	20936	1
2025.10.15	14:40:00	608360.00	611220.00	607680.00	611180.00	3556	22842	1
2025.10.15	15:00:00	611140.00	611240.00	609040.00	610100.00	3499	22924	1
2025.10.15	15:20:00	610200.00	611920.00	609820.00	611100.00	4074	26273	1
2025.10.15	15:40:00	611100.00	612960.00	610100.00	612580.00	3425	19500	1
2025.10.15	16:00:00	612540.00	612740.00	610680.00	612040.00	3055	19206	1
2025.10.15	16:20:00	612000.00	613320.00	611240.00	611780.00	2908	17928	1
2025.10.15	16:40:00	611860.00	612580.00	611100.00	612100.00	2532	16982	1
2025.10.15	17:00:00	612200.00	613580.00	612140.00	613240.00	2179	10345	1
2025.10.15	17:20:00	613200.00	613540.00	608040.00	611220.00	5202	30970	1
2025.10.15	17:40:00	611100.00	612460.00	610040.00	610600.00	2953	17737	1
2025.10.15	18:00:00	610520.00	611040.00	605900.00	607340.00	1591	11025	1
2025.10.15	18:20:00	607380.00	610720.00	607380.00	610300.00	320	2517	1
2025.10.16	09:00:00	610780.00	614300.00	610300.00	611540.00	4954	21307	1
2025.10.16	09:20:00	611600.00	612100.00	609660.00	612100.00	5772	23369	1
2025.10.16	09:40:00	612100.00	612720.00	610540.00	611480.00	4400	19388	1
2025.10.16	10:00:00	611480.00	611480.00	608480.00	608800.00	6153	25602	1
2025.10.16	10:20:00	608820.00	611640.00	607600.00	610700.00	7022	35960	1
2025.10.16	10:40:00	610680.00	611200.00	605720.00	607020.00	8319	46361	1
2025.10.16	11:00:00	607000.00	607560.00	601100.00	602340.00	9030	56255	1
2025.10.16	11:20:00	602300.00	604560.00	599960.00	604540.00	7067	49218	1
2025.10.16	11:40:00	604540.00	608800.00	603360.00	603740.00	8323	51205	1
2025.10.16	12:00:00	603800.00	604780.00	601740.00	603440.00	5020	30263	1
2025.10.16	12:20:00	603460.00	603720.00	600600.00	601400.00	4935	33780	1
2025.10.16	12:40:00	601440.00	601500.00	592700.00	594140.00	11136	78371	1
2025.10.16	13:00:00	593960.00	595480.00	590880.00	591480.00	7477	46063	1
2025.10.16	13:20:00	591500.00	593120.00	590300.00	592680.00	6422	43254	1
2025.10.16	13:40:00	592600.00	598560.00	592320.00	598300.00	6338	45469	1
2025.10.16	14:00:00	598360.00	598520.00	593700.00	596900.00	7067	49891	1
2025.10.16	14:20:00	596860.00	597060.00	594340.00	595740.00	4543	27672	1
2025.10.16	14:40:00	595780.00	595780.00	593460.00	593760.00	3488	24725	1
2025.10.16	15:00:00	593720.00	593800.00	590880.00	591800.00	5993	40320	1
2025.10.16	15:20:00	591900.00	594620.00	591340.00	594000.00	3475	25777	1
2025.10.16	15:40:00	594000.00	595920.00	593440.00	595760.00	3457	24517	1
2025.10.16	16:00:00	595800.00	596520.00	591740.00	591960.00	4691	30899	1
2025.10.16	16:20:00	591960.00	593560.00	590740.00	591640.00	5121	30959	1
2025.10.16	16:40:00	591680.00	595280.00	591400.00	593160.00	5276	28986	1
2025.10.16	17:00:00	593140.00	594380.00	592040.00	592920.00	2555	17931	1
2025.10.16	17:20:00	592820.00	593260.00	588880.00	590580.00	3665	17585	1
2025.10.16	17:40:00	590420.00	592220.00	589560.00	591500.00	2366	12210	1
2025.10.16	18:00:00	591360.00	594080.00	590000.00	591380.00	1733	12383	1
2025.10.16	18:20:00	591620.00	592820.00	590460.00	592820.00	222	1854	1
2025.10.17	09:00:00	579500.00	580380.00	577620.00	578860.00	5139	21517	1
2025.10.17	09:20:00	578880.00	580160.00	576400.00	578520.00	6386	29494	1
2025.10.17	09:40:00	578520.00	579160.00	576900.00	577540.00	3205	15566	1
2025.10.17	10:00:00	577600.00	579080.00	575700.00	578460.00	5558	33572	1
2025.10.17	10:20:00	578580.00	581980.00	577720.00	580520.00	9509	56234	1
2025.10.17	10:40:00	580440.00	581700.00	575940.00	579860.00	10207	61980	1
2025.10.17	11:00:00	579840.00	581480.00	575900.00	576360.00	7071	45745	1
2025.10.17	11:20:00	576400.00	576900.00	572220.00	572560.00	8693	52104	1
2025.10.17	11:40:00	572500.00	577100.00	572220.00	574260.00	7442	46995	1
2025.10.17	12:00:00	574400.00	578820.00	573840.00	577760.00	5611	39837	1
2025.10.17	12:20:00	577700.00	579720.00	576460.00	577960.00	3990	26581	1
2025.10.17	12:40:00	578060.00	582200.00	578060.00	581720.00	4304	28958	1
2025.10.17	13:00:00	581760.00	585900.00	581520.00	582260.00	7291	55331	1
2025.10.17	13:20:00	582220.00	583780.00	579040.00	580400.00	4798	29970	1
2025.10.17	13:40:00	580460.00	581900.00	578360.00	579360.00	3830	22460	1
2025.10.17	14:00:00	579360.00	581300.00	578620.00	578800.00	3938	26507	1
2025.10.17	14:20:00	578840.00	580460.00	577920.00	579500.00	4168	25144	1
2025.10.17	14:40:00	579480.00	580360.00	577640.00	579720.00	3640	25277	1
2025.10.17	15:00:00	579820.00	581880.00	579800.00	580700.00	4175	27852	1
2025.10.17	15:20:00	580660.00	582480.00	580380.00	581080.00	3401	24066	1
2025.10.17	15:40:00	581080.00	581500.00	579020.00	579920.00	2632	17792	1
2025.10.17	16:00:00	580040.00	581480.00	579800.00	580520.00	2393	16313	1
2025.10.17	16:20:00	580540.00	581060.00	577900.00	578660.00	3366	25119	1
2025.10.17	16:40:00	578660.00	580220.00	578380.00	579220.00	3006	17654	1
2025.10.17	17:00:00	579240.00	581060.00	578480.00	580840.00	1803	11292	1
2025.10.17	17:20:00	580880.00	583340.00	580880.00	582840.00	2671	15602	1
2025.10.17	17:40:00	582840.00	583600.00	581720.00	582500.00	1789	9148	1
2025.10.17	18:00:00	582460.00	584660.00	582060.00	584220.00	1506	6665	1
2025.10.17	18:20:00	584260.00	584900.00	582400.00	583820.00	387	2919	1
2025.10.20	09:00:00	603000.00	604500.00	601200.00	602540.00	3279	14096	1
2025.10.20	09:20:00	602580.00	603420.00	602000.00	602000.00	1894	7591	1
2025.10.20	09:40:00	602080.00	602280.00	599880.00	599960.00	3643	12903	1
2025.10.20	10:00:00	600080.00	600260.00	597660.00	597860.00	3419	15381	1
2025.10.20	10:20:00	597860.00	599300.00	597300.00	598380.00	4695	24990	1
2025.10.20	10:40:00	598420.00	602000.00	598360.00	601680.00	5676	28756	1
2025.10.20	11:00:00	601680.00	602260.00	597800.00	598760.00	5391	26626	1
2025.10.20	11:20:00	598680.00	601880.00	598600.00	600820.00	4957	25493	1
2025.10.20	11:40:00	600840.00	602860.00	600280.00	601500.00	3442	16788	1
2025.10.20	12:00:00	601500.00	603980.00	600360.00	601320.00	5094	28327	1
2025.10.20	12:20:00	601320.00	601900.00	600620.00	601680.00	2190	12536	1
2025.10.20	12:40:00	601580.00	603820.00	600420.00	600600.00	5224	31823	1
2025.10.20	13:00:00	600600.00	601840.00	597780.00	601020.00	6441	40271	1
2025.10.20	13:20:00	601000.00	601700.00	597200.00	597760.00	4465	28578	1
2025.10.20	13:40:00	597880.00	599500.00	595020.00	598020.00	5765	38425	1
2025.10.20	14:00:00	598000.00	600660.00	597460.00	598220.00	5830	35517	1
2025.10.20	14:20:00	598160.00	598300.00	594140.00	594660.00	3749	21900	1
2025.10.20	14:40:00	594660.00	597380.00	593940.00	596360.00	4374	26266	1
2025.10.20	15:00:00	596380.00	597840.00	595400.00	595780.00	2918	17864	1
2025.10.20	15:20:00	595820.00	598900.00	595660.00	598340.00	3344	20702	1
2025.10.20	15:40:00	598300.00	599460.00	597980.00	599180.00	2579	16214	1
2025.10.20	16:00:00	599280.00	600260.00	597820.00	597980.00	3296	18254	1
2025.10.20	16:20:00	598000.00	599420.00	597360.00	599300.00	2964	17137	1
2025.10.20	16:40:00	599320.00	599620.00	597520.00	598620.00	4182	23881	1
2025.10.20	17:00:00	598680.00	601340.00	597760.00	600260.00	3378	20146	1
2025.10.20	17:20:00	600260.00	600760.00	599760.00	600580.00	1583	8327	1
2025.10.20	17:40:00	600580.00	601200.00	600040.00	601040.00	1530	7605	1
2025.10.20	18:00:00	600980.00	601720.00	599460.00	600720.00	1172	5575	1
2025.10.20	18:20:00	600680.00	600840.00	598780.00	600840.00	242	1483	1
2025.10.21	09:00:00	588460.00	589360.00	587060.00	589120.00	2702	12300	1
2025.10.21	09:20:00	589220.00	592460.00	588940.00	589800.00	5519	27538	1
2025.10.21	09:40:00	589800.00	592260.00	588860.00	589120.00	4737	22968	1
2025.10.21	10:00:00	589120.00	589960.00	585460.00	589000.00	6088	33582	1
2025.10.21	10:20:00	589020.00	591720.00	587980.00	591280.00	5040	23933	1
2025.10.21	10:40:00	591220.00	591640.00	587340.00	588720.00	6232	36158	1
2025.10.21	11:00:00	588840.00	598200.00	588700.00	597680.00	9850	61366	1
2025.10.21	11:20:00	597660.00	599560.00	594720.00	596400.00	7312	50733	1
2025.10.21	11:40:00	596480.00	608500.00	595360.00	607640.00	10988	73984	1
2025.10.21	12:00:00	607720.00	611460.00	605280.00	608660.00	10172	70531	1
2025.10.21	12:20:00	608700.00	613140.00	608700.00	610700.00	8726	55991	1
2025.10.21	12:40:00	610760.00	613720.00	610680.00	613040.00	5095	36765	1
2025.10.21	13:00:00	612860.00	615680.00	611640.00	615460.00	5796	43391	1
2025.10.21	13:20:00	615440.00	616720.00	614320.00	614880.00	5064	34375	1
2025.10.21	13:40:00	614760.00	614860.00	609200.00	609760.00	6301	40130	1
2025.10.21	14:00:00	609840.00	612700.00	606040.00	606820.00	9492	69964	1
2025.10.21	14:20:00	606820.00	610040.00	606240.00	608940.00	6235	48787	1
2025.10.21	14:40:00	608860.00	610120.00	606460.00	606820.00	4710	36172	1
2025.10.21	15:00:00	606800.00	608120.00	605300.00	605900.00	5167	32578	1
2025.10.21	15:20:00	605940.00	607600.00	603240.00	604720.00	5810	37489	1
2025.10.21	15:40:00	604760.00	607240.00	604120.00	606520.00	4182	23054	1
2025.10.21	16:00:00	606560.00	608180.00	606300.00	607260.00	2927	19222	1
2025.10.21	16:20:00	607240.00	607260.00	604660.00	605660.00	4227	31488	1
2025.10.21	16:40:00	605660.00	607000.00	604960.00	605840.00	5039	22478	1
2025.10.21	17:00:00	605900.00	606040.00	599660.00	600540.00	5118	35610	1
2025.10.21	17:20:00	600560.00	602980.00	599440.00	601140.00	3708	27434	1
2025.10.21	17:40:00	601020.00	602220.00	600400.00	600760.00	1789	9460	1
2025.10.21	18:00:00	600520.00	601980.00	599680.00	600540.00	919	4184	1
2025.10.21	18:20:00	600760.00	600880.00	595720.00	598980.00	404	2945	1
2025.10.22	09:00:00	583580.00	584580.00	581680.00	584280.00	4051	15395	1
2025.10.22	09:20:00	584300.00	585780.00	583080.00	585600.00	3723	17432	1
2025.10.22	09:40:00	585640.00	586640.00	584400.00	584940.00	3069	13256	1
2025.10.22	10:00:00	585080.00	587640.00	584200.00	587320.00	4442	19738	1
2025.10.22	10:20:00	587340.00	587800.00	583320.00	587480.00	7651	41935	1
2025.10.22	10:40:00	587420.00	590560.00	583760.00	589200.00	9447	63614	1
2025.10.22	11:00:00	589140.00	589160.00	584560.00	585160.00	8214	57170	1
2025.10.22	11:20:00	585300.00	585800.00	581680.00	584380.00	9807	72080	1
2025.10.22	11:40:00	584460.00	590620.00	583680.00	590420.00	6871	47764	1
2025.10.22	12:00:00	590460.00	591380.00	584800.00	586080.00	7781	51217	1
2025.10.22	12:20:00	586060.00	587980.00	583500.00	587340.00	6015	40985	1
2025.10.22	12:40:00	587360.00	588100.00	585840.00	587180.00	3481	21583	1
2025.10.22	13:00:00	587100.00	588760.00	586580.00	587440.00	2713	16946	1
2025.10.22	13:20:00	587400.00	589420.00	585100.00	588940.00	6715	49582	1
2025.10.22	13:40:00	588940.00	590360.00	586820.00	587160.00	4121	25979	1
2025.10.22	14:00:00	587220.00	588300.00	586320.00	586420.00	2865	19925	1
2025.10.22	14:20:00	586480.00	587960.00	585320.00	585900.00	4038	21986	1
2025.10.22	14:40:00	585920.00	586500.00	584040.00	585220.00	3775	23251	1
2025.10.22	15:00:00	585140.00	586220.00	583740.00	584640.00	3115	20667	1
2025.10.22	15:20:00	584640.00	587500.00	584620.00	587080.00	3428	20996	1
2025.10.22	15:40:00	587120.00	587180.00	585340.00	586340.00	2682	18524	1
2025.10.22	16:00:00	586380.00	587980.00	585700.00	587400.00	2923	20788	1
2025.10.22	16:20:00	587480.00	588380.00	585720.00	587200.00	3733	22762	1
2025.10.22	16:40:00	587180.00	587300.00	583920.00	584700.00	3525	22222	1
2025.10.22	17:00:00	584640.00	585840.00	583700.00	584040.00	1929	13160	1
2025.10.22	17:20:00	584040.00	585200.00	583140.00	585020.00	2041	12745	1
2025.10.22	17:40:00	584980.00	585220.00	582880.00	583860.00	1789	11211	1
2025.10.22	18:00:00	583740.00	584080.00	578300.00	581240.00	2231	12446	1
2025.10.22	18:20:00	581020.00	581780.00	578800.00	580500.00	222	1631	1
2025.10.23	09:00:00	592460.00	592980.00	588400.00	590360.00	4731	16449	1
2025.10.23	09:20:00	590380.00	591400.00	588860.00	589680.00	3431	12710	1
2025.10.23	09:40:00	589560.00	591560.00	589400.00	590800.00	2998	11199	1
2025.10.23	10:00:00	590700.00	591000.00	587760.00	588940.00	5974	23065	1
2025.10.23	10:20:00	588940.00	592380.00	588600.00	592040.00	5326	29844	1
2025.10.23	10:40:00	592160.00	592640.00	589940.00	591920.00	6068	34186	1
2025.10.23	11:00:00	591920.00	592300.00	587760.00	588320.00	6105	35312	1
2025.10.23	11:20:00	588300.00	594360.00	588040.00	593600.00	7788	41686	1
2025.10.23	11:40:00	593560.00	593740.00	591560.00	592980.00	4964	31343	1
2025.10.23	12:00:00	593000.00	596160.00	592180.00	594400.00	5443	33634	1
2025.10.23	12:20:00	594280.00	596140.00	593300.00	594720.00	3638	24430	1
2025.10.23	12:40:00	594660.00	595580.00	593420.00	594560.00	2598	18867	1
2025.10.23	13:00:00	594540.00	595780.00	593780.00	594680.00	2552	16549	1
2025.10.23	13:20:00	594700.00	595220.00	593060.00	593260.00	2443	17389	1
2025.10.23	13:40:00	593260.00	598360.00	593260.00	596840.00	4905	30075	1
2025.10.23	14:00:00	596880.00	596920.00	593460.00	595740.00	4624	34407	1
2025.10.23	14:20:00	595740.00	599820.00	595140.00	599600.00	5176	33310	1
2025.10.23	14:40:00	599600.00	602040.00	598660.00	601500.00	5761	38180	1
2025.10.23	15:00:00	601640.00	601900.00	598420.00	599300.00	4671	29175	1
2025.10.23	15:20:00	599320.00	599560.00	596960.00	597140.00	3191	22574	1
2025.10.23	15:40:00	597160.00	598240.00	596120.00	597840.00	2907	16866	1
2025.10.23	16:00:00	597920.00	598220.00	595380.00	596300.00	2841	15774	1
2025.10.23	16:20:00	596260.00	598360.00	596260.00	597760.00	2111	12279	1
2025.10.23	16:40:00	597780.00	598440.00	596200.00	596280.00	2136	13129	1
2025.10.23	17:00:00	596340.00	596380.00	593920.00	594720.00	3132	21075	1
2025.10.23	17:20:00	594760.00	595220.00	594040.00	594080.00	1288	7180	1
2025.10.23	17:40:00	594040.00	594340.00	591680.00	592480.00	2255	11969	1
2025.10.23	18:00:00	592340.00	593360.00	591580.00	592600.00	980	4901	1
2025.10.23	18:20:00	592400.00	593000.00	592000.00	592560.00	202	1009	1
2025.10.24	09:00:00	600620.00	602540.00	599940.00	600180.00	3824	13355	1
2025.10.24	09:20:00	600280.00	605560.00	599100.00	600740.00	8330	39411	1
2025.10.24	09:40:00	600860.00	601460.00	599420.00	600020.00	3004	10837	1
2025.10.24	10:00:00	600060.00	600760.00	599100.00	600260.00	2509	10946	1
2025.10.24	10:20:00	600240.00	601120.00	597660.00	597760.00	4045	18038	1
2025.10.24	10:40:00	597820.00	599000.00	595740.00	598680.00	6040	28822	1
2025.10.24	11:00:00	598660.00	598760.00	594080.00	594960.00	5517	30232	1
2025.10.24	11:20:00	594920.00	595680.00	592760.00	594720.00	5994	38027	1
2025.10.24	11:40:00	594620.00	596060.00	593720.00	596060.00	3180	23124	1
2025.10.24	12:00:00	596080.00	597420.00	594380.00	597100.00	3704	21119	1
2025.10.24	12:20:00	597060.00	598240.00	596600.00	596800.00	2944	17559	1
2025.10.24	12:40:00	596740.00	596740.00	594260.00	594620.00	3375	20670	1
2025.10.24	13:00:00	594500.00	596240.00	593440.00	595920.00	2614	14109	1
2025.10.24	13:20:00	595860.00	597000.00	594520.00	594940.00	2686	15349	1
2025.10.24	13:40:00	595060.00	596780.00	594180.00	596440.00	1873	10210	1
2025.10.24	14:00:00	596440.00	597380.00	595760.00	597000.00	3034	15875	1
2025.10.24	14:20:00	597040.00	598220.00	596480.00	596780.00	2875	15408	1
2025.10.24	14:40:00	596780.00	597620.00	596420.00	596560.00	2160	11429	1
2025.10.24	15:00:00	596480.00	598720.00	596000.00	598340.00	3656	18784	1
2025.10.24	15:20:00	598340.00	599100.00	597600.00	598120.00	2437	14043	1
2025.10.24	15:40:00	598100.00	598860.00	597840.00	598400.00	1371	8854	1
2025.10.24	16:00:00	598460.00	600020.00	598340.00	599940.00	2956	16611	1
2025.10.24	16:20:00	599920.00	600380.00	598500.00	598800.00	2688	14992	1
2025.10.24	16:40:00	598780.00	599460.00	597840.00	598500.00	3388	16296	1
2025.10.24	17:00:00	598520.00	599100.00	597640.00	599080.00	1581	8189	1
2025.10.24	17:20:00	599000.00	599280.00	598420.00	598920.00	923	5262	1
2025.10.24	17:40:00	598960.00	600520.00	598820.00	599840.00	1314	5702	1
2025.10.24	18:00:00	599920.00	600600.00	598420.00	600440.00	940	4851	1
2025.10.24	18:20:00	600520.00	600600.00	599040.00	599060.00	158	928	1
2025.10.27	09:00:00	620760.00	621660.00	619640.00	620440.00	3185	9900	1
2025.10.27	09:20:00	620420.00	621200.00	619920.00	620200.00	2066	7404	1
2025.10.27	09:40:00	620260.00	620540.00	618580.00	618720.00	2862	9895	1
2025.10.27	10:00:00	618640.00	620520.00	618560.00	620000.00	3494	11952	1
2025.10.27	10:20:00	620080.00	620900.00	617800.00	618020.00	4483	21730	1
2025.10.27	10:40:00	618060.00	622420.00	617520.00	621420.00	5656	26763	1
2025.10.27	11:00:00	621460.00	622120.00	618120.00	618420.00	4369	21719	1
2025.10.27	11:20:00	618360.00	620840.00	618080.00	620220.00	3422	17085	1
2025.10.27	11:40:00	620160.00	620660.00	618620.00	619000.00	2199	11423	1
2025.10.27	12:00:00	618960.00	620240.00	618540.00	620140.00	2482	12630	1
2025.10.27	12:20:00	620160.00	621520.00	619400.00	620540.00	2875	14631	1
2025.10.27	12:40:00	620480.00	620940.00	619640.00	620040.00	1840	9446	1
2025.10.27	13:00:00	620100.00	622280.00	619640.00	621560.00	2523	11084	1
2025.10.27	13:20:00	621560.00	622780.00	620840.00	622700.00	2796	13378	1
2025.10.27	13:40:00	622720.00	623660.00	621720.00	622780.00	3148	17207	1
2025.10.27	14:00:00	622740.00	623540.00	622440.00	622880.00	2051	11005	1
2025.10.27	14:20:00	622840.00	623580.00	621160.00	622840.00	3721	17123	1
2025.10.27	14:40:00	622880.00	623500.00	622000.00	623280.00	2373	11498	1
2025.10.27	15:00:00	623260.00	623840.00	622600.00	623000.00	2541	12978	1
2025.10.27	15:20:00	623000.00	623080.00	621320.00	622220.00	2856	14286	1
2025.10.27	15:40:00	622260.00	622520.00	621160.00	621420.00	2109	10490	1
2025.10.27	16:00:00	621340.00	621560.00	619320.00	620180.00	4437	23528	1
2025.10.27	16:20:00	620240.00	620380.00	618540.00	619580.00	2524	14382	1
2025.10.27	16:40:00	619560.00	620060.00	618680.00	619280.00	1911	10936	1
2025.10.27	17:00:00	619260.00	619280.00	618220.00	619020.00	1777	9703	1
2025.10.27	17:20:00	619040.00	619240.00	617720.00	617860.00	1384	6981	1
2025.10.27	17:40:00	617840.00	618580.00	616820.00	617180.00	1977	9518	1
2025.10.27	18:00:00	617200.00	617500.00	615080.00	615980.00	1376	7106	1
2025.10.27	18:20:00	615760.00	616100.00	614480.00	615920.00	301	2400	1
2025.10.28	09:00:00	616460.00	617400.00	616140.00	616420.00	3132	10313	1
2025.10.28	09:20:00	616380.00	616880.00	615680.00	616760.00	3562	12288	1
2025.10.28	09:40:00	616760.00	617940.00	616560.00	617060.00	4288	14041	1
2025.10.28	10:00:00	617100.00	620080.00	616880.00	619700.00	5972	24697	1
2025.10.28	10:20:00	619720.00	621020.00	618260.00	619360.00	6486	31324	1
2025.10.28	10:40:00	619300.00	622260.00	618840.00	622140.00	5308	28862	1
2025.10.28	11:00:00	622200.00	625020.00	620960.00	624780.00	6963	34539	1
2025.10.28	11:20:00	624880.00	625480.00	621460.00	621600.00	6723	36296	1
2025.10.28	11:40:00	621600.00	621600.00	615200.00	619120.00	11215	63821	1
2025.10.28	12:00:00	619380.00	620860.00	619100.00	619580.00	3374	17070	1
2025.10.28	12:20:00	619580.00	620180.00	617380.00	618260.00	3588	17884	1
2025.10.28	12:40:00	618300.00	618300.00	615920.00	616440.00	3807	18633	1
2025.10.28	13:00:00	616440.00	617640.00	615720.00	617200.00	3177	16931	1
2025.10.28	13:20:00	617200.00	619780.00	616560.00	618700.00	4440	25800	1
2025.10.28	13:40:00	618680.00	620880.00	617620.00	619940.00	3587	17929	1
2025.10.28	14:00:00	620020.00	621640.00	619740.00	621120.00	2582	11725	1
2025.10.28	14:20:00	621000.00	621720.00	619200.00	620500.00	2906	13047	1
2025.10.28	14:40:00	620500.00	621200.00	619400.00	619540.00	2753	10891	1
2025.10.28	15:00:00	619520.00	619660.00	618300.00	618460.00	3122	15930	1
2025.10.28	15:20:00	618440.00	618860.00	615760.00	616220.00	3224	18173	1
2025.10.28	15:40:00	616180.00	617720.00	615580.00	617580.00	2469	12362	1
2025.10.28	16:00:00	617620.00	617880.00	612560.00	612820.00	4136	23441	1
2025.10.28	16:20:00	612840.00	613120.00	609920.00	612440.00	6638	42444	1
2025.10.28	16:40:00	612460.00	612660.00	610020.00	610660.00	3700	19804	1
2025.10.28	17:00:00	610600.00	610820.00	604000.00	604900.00	10467	63861	1
2025.10.28	17:20:00	605060.00	607180.00	603480.00	607000.00	7059	36938	1
2025.10.28	17:40:00	607100.00	607120.00	605200.00	605940.00	2996	16505	1
2025.10.28	18:00:00	605740.00	605820.00	558000.00	584300.00	2076	14269	1
2025.10.28	18:20:00	592220.00	605000.00	591900.00	604700.00	373	4474	1
2025.10.29	09:00:00	607720.00	608880.00	606920.00	608380.00	2682	9880	1
2025.10.29	09:20:00	608500.00	608500.00	607120.00	607700.00	1455	5145	1
2025.10.29	09:40:00	607720.00	608240.00	606020.00	606260.00	2418	8524	1
2025.10.29	10:00:00	606340.00	607800.00	605880.00	607100.00	2661	10565	1
2025.10.29	10:20:00	607060.00	608060.00	604360.00	604640.00	4745	23492	1
2025.10.29	10:40:00	604660.00	605420.00	603040.00	603700.00	4997	26678	1
2025.10.29	11:00:00	603680.00	604040.00	601080.00	601540.00	4918	27075	1
2025.10.29	11:20:00	601480.00	603380.00	600500.00	602740.00	4579	27532	1
2025.10.29	11:40:00	602640.00	603520.00	600900.00	601700.00	3289	18815	1
2025.10.29	12:00:00	601700.00	602020.00	599440.00	601340.00	4331	35114	1
2025.10.29	12:20:00	601420.00	601520.00	597780.00	599060.00	4719	33865	1
2025.10.29	12:40:00	599060.00	599300.00	596300.00	597060.00	4433	29255	1
2025.10.29	13:00:00	596980.00	596980.00	594120.00	595180.00	4504	32311	1
2025.10.29	13:20:00	595180.00	596160.00	594220.00	595280.00	2842	18075	1
2025.10.29	13:40:00	595320.00	596180.00	594280.00	594300.00	2477	16458	1
2025.10.29	14:00:00	594340.00	595680.00	594020.00	594200.00	2442	13686	1
2025.10.29	14:20:00	594160.00	598440.00	593840.00	598000.00	4164	23426	1
2025.10.29	14:40:00	597980.00	598900.00	597080.00	597720.00	3233	17679	1
2025.10.29	15:00:00	598080.00	599080.00	594820.00	596780.00	5828	30184	1
2025.10.29	15:20:00	596700.00	598320.00	587420.00	587940.00	10887	64120	1
2025.10.29	15:40:00	588040.00	596860.00	586860.00	594300.00	15236	92114	1
2025.10.29	16:00:00	594440.00	598760.00	594220.00	596200.00	6598	45091	1
2025.10.29	16:20:00	596200.00	597080.00	592040.00	592840.00	4924	34336	1
2025.10.29	16:40:00	592880.00	594880.00	591280.00	593440.00	3945	25078	1
2025.10.29	17:00:00	593460.00	594780.00	592220.00	594700.00	4311	34307	1
2025.10.29	17:20:00	594700.00	597560.00	594520.00	597120.00	3037	16643	1
2025.10.29	17:40:00	597100.00	598660.00	596480.00	598000.00	1629	9887	1
2025.10.29	18:00:00	597880.00	598680.00	596500.00	598140.00	1006	5861	1
2025.10.29	18:20:00	598100.00	598520.00	597680.00	598360.00	149	786	1
2025.10.30	09:00:00	601696.94	601982.49	598963.81	600473.15	4581	18625	1
2025.10.30	09:20:00	600554.73	600697.51	596414.24	597168.91	5493	25199	1
2025.10.30	09:40:00	596964.95	597128.12	594476.58	595679.97	5602	28978	1
2025.10.30	10:00:00	595843.14	598147.95	594782.52	595577.99	6188	27280	1
2025.10.30	10:20:00	595537.19	596720.19	592192.17	593273.18	7139	37909	1
2025.10.30	10:40:00	593069.22	593273.18	590478.86	590947.98	7463	43038	1
2025.10.30	11:00:00	590988.77	594272.61	590744.01	592355.34	5515	32475	1
2025.10.30	11:20:00	592294.15	594109.44	591478.29	593436.35	4333	28692	1
2025.10.30	11:40:00	593395.56	595129.26	592477.72	594517.37	4608	24800	1
2025.10.30	12:00:00	594517.37	595088.47	592049.39	592375.74	3864	24009	1
2025.10.30	12:20:00	592396.13	593150.80	590846.00	591784.24	2876	18358	1
2025.10.30	12:40:00	591784.24	592375.74	589764.98	591621.06	3308	18254	1
2025.10.30	13:00:00	591559.88	594089.04	590499.26	593415.96	3427	18883	1
2025.10.30	13:20:00	593415.96	594721.33	593008.03	593987.06	2372	15428	1
2025.10.30	13:40:00	593966.66	594496.97	592946.84	594496.97	1994	16890	1
2025.10.30	14:00:00	594496.97	594496.97	589785.38	590213.71	4445	26886	1
2025.10.30	14:20:00	590152.52	590213.71	587439.78	588194.45	6713	41060	1
2025.10.30	14:40:00	588174.06	590703.22	587439.78	589499.83	4301	24580	1
2025.10.30	15:00:00	589438.64	590091.33	588378.02	588541.19	3256	20454	1
2025.10.30	15:20:00	588602.38	590070.93	587235.82	587378.59	4012	24036	1
2025.10.30	15:40:00	587398.99	588398.42	585889.65	586195.59	3818	22684	1
2025.10.30	16:00:00	586154.80	587949.69	585746.87	586542.33	4388	27372	1
2025.10.30	16:20:00	586399.56	587827.31	584278.32	584563.87	4098	24365	1
2025.10.30	16:40:00	584625.06	586623.92	582626.21	585134.98	6616	39729	1
2025.10.30	17:00:00	585114.58	587031.85	583625.63	586603.52	4349	23834	1
2025.10.30	17:20:00	586664.71	588337.23	585094.18	587827.31	2956	14914	1
2025.10.30	17:40:00	587745.73	591478.29	587358.19	590642.03	1655	9047	1
2025.10.30	18:00:00	590784.81	592722.48	587766.12	589887.36	1740	8623	1
2025.10.30	18:20:00	589928.15	590988.77	588480.00	588480.00	156	772	1
2025.10.31	09:00:00	599200.00	604460.00	599200.00	600920.00	3721	13843	1
2025.10.31	09:20:00	601040.00	602100.00	598740.00	599120.00	2349	9907	1
2025.10.31	09:40:00	599140.00	599280.00	596200.00	596320.00	2888	11944	1
2025.10.31	10:00:00	596300.00	598800.00	596100.00	598540.00	2743	13813	1
2025.10.31	10:20:00	598500.00	599800.00	594540.00	596560.00	5383	30719	1
2025.10.31	10:40:00	596580.00	600120.00	595160.00	599620.00	5052	30668	1
2025.10.31	11:00:00	599680.00	602300.00	597660.00	598520.00	5744	32861	1
2025.10.31	11:20:00	598580.00	599300.00	596480.00	599020.00	3937	26286	1
2025.10.31	11:40:00	599080.00	605080.00	598600.00	603840.00	5634	36738	1
2025.10.31	12:00:00	603780.00	606440.00	602160.00	604200.00	5154	32865	1
2025.10.31	12:20:00	604220.00	604540.00	600700.00	600840.00	2483	13902	1
2025.10.31	12:40:00	600820.00	602660.00	599580.00	600460.00	3227	20991	1
2025.10.31	13:00:00	600380.00	600940.00	598340.00	598380.00	2579	16885	1
2025.10.31	13:20:00	598340.00	599860.00	597460.00	598640.00	2445	15951	1
2025.10.31	13:40:00	598620.00	598620.00	591260.00	592340.00	5205	33688	1
2025.10.31	14:00:00	592320.00	594140.00	591120.00	591840.00	4595	27995	1
2025.10.31	14:20:00	591740.00	594940.00	591580.00	594040.00	3647	22817	1
2025.10.31	14:40:00	594080.00	595480.00	593800.00	595260.00	2124	12235	1
2025.10.31	15:00:00	595180.00	596600.00	594520.00	594980.00	3505	19204	1
2025.10.31	15:20:00	594920.00	596860.00	593220.00	596440.00	3839	24706	1
2025.10.31	15:40:00	596580.00	597660.00	594720.00	595460.00	3295	19626	1
2025.10.31	16:00:00	595420.00	596100.00	593700.00	596080.00	2424	14634	1
2025.10.31	16:20:00	596060.00	599840.00	595940.00	598100.00	3259	21016	1
2025.10.31	16:40:00	598160.00	600180.00	597380.00	597580.00	3916	25910	1
2025.10.31	17:00:00	597580.00	597660.00	595840.00	596900.00	2500	16293	1
2025.10.31	17:20:00	596900.00	597560.00	595620.00	595980.00	1517	6542	1
2025.10.31	17:40:00	596020.00	597160.00	595000.00	595000.00	2263	9900	1
2025.10.31	18:00:00	595000.00	596560.00	593640.00	595980.00	665	4374	1
2025.10.31	18:20:00	595800.00	596980.00	595720.00	596200.00	104	797	1
2025.11.03	09:00:00	586620.00	589360.00	586360.00	587760.00	3504	13346	1
2025.11.03	09:20:00	587820.00	587820.00	585260.00	585880.00	4230	16142	1
2025.11.03	09:40:00	585820.00	585820.00	583580.00	583820.00	2787	11344	1
2025.11.03	10:00:00	583740.00	584160.00	583120.00	583460.00	2325	7518	1
2025.11.03	10:20:00	583500.00	585140.00	582940.00	584600.00	3700	14288	1
2025.11.03	10:40:00	584640.00	585320.00	583360.00	583980.00	3102	11056	1
2025.11.03	11:00:00	584060.00	586340.00	583560.00	583880.00	4461	20195	1
2025.11.03	11:20:00	583880.00	584100.00	581480.00	583580.00	6117	28801	1
2025.11.03	11:40:00	583620.00	585480.00	582020.00	585120.00	4027	18697	1
2025.11.03	12:00:00	585100.00	585220.00	581400.00	581920.00	4408	23092	1
2025.11.03	12:20:00	581960.00	582200.00	572660.00	577400.00	14537	89438	1
2025.11.03	12:40:00	577380.00	577560.00	572620.00	573160.00	5703	32165	1
2025.11.03	13:00:00	573120.00	575800.00	570320.00	575580.00	7180	41363	1
2025.11.03	13:20:00	575640.00	577180.00	574460.00	575900.00	3715	18898	1
2025.11.03	13:40:00	575880.00	578960.00	575520.00	578280.00	3611	17186	1
2025.11.03	14:00:00	578220.00	580420.00	577520.00	580260.00	3073	15661	1
2025.11.03	14:20:00	580300.00	583660.00	579800.00	582440.00	6600	36747	1
2025.11.03	14:40:00	582500.00	583720.00	581440.00	582100.00	3228	18443	1
2025.11.03	15:00:00	582160.00	583120.00	580320.00	581760.00	4184	22740	1
2025.11.03	15:20:00	581820.00	582960.00	580960.00	581120.00	2465	14694	1
2025.11.03	15:40:00	581040.00	581100.00	578520.00	579280.00	3668	19822	1
2025.11.03	16:00:00	579280.00	579900.00	576500.00	578800.00	4837	28092	1
2025.11.03	16:20:00	578840.00	581860.00	578520.00	581540.00	4312	29395	1
2025.11.03	16:40:00	581580.00	581980.00	579580.00	579980.00	2547	14874	1
2025.11.03	17:00:00	580060.00	580500.00	577440.00	577800.00	2618	14371	1
2025.11.03	17:20:00	577800.00	579980.00	577040.00	578980.00	2900	16916	1
2025.11.03	17:40:00	579000.00	579020.00	576060.00	577680.00	2767	17994	1
2025.11.03	18:00:00	577680.00	580080.00	575000.00	576900.00	2701	14800	1
2025.11.03	18:20:00	577000.00	579020.00	576340.00	579020.00	409	1921	1
2025.11.04	09:00:00	568980.00	570560.00	566960.00	567280.00	4382	15780	1
2025.11.04	09:20:00	567300.00	568120.00	565580.00	566140.00	6116	22918	1
2025.11.04	09:40:00	566280.00	567260.00	565600.00	565840.00	2922	12073	1
2025.11.04	10:00:00	565740.00	566400.00	564060.00	565980.00	5607	20119	1
2025.11.04	10:20:00	565880.00	567860.00	564180.00	567420.00	6746	26158	1
2025.11.04	10:40:00	567380.00	568040.00	565280.00	565460.00	5129	19122	1
2025.11.04	11:00:00	565440.00	566500.00	564280.00	565380.00	4451	20093	1
2025.11.04	11:20:00	565360.00	565720.00	560420.00	561400.00	9751	54035	1
2025.11.04	11:40:00	561520.00	569340.00	560900.00	568180.00	10733	58661	1
2025.11.04	12:00:00	568180.00	570200.00	565840.00	568960.00	7541	43899	1
2025.11.04	12:20:00	568900.00	570160.00	566160.00	566760.00	4881	29295	1
2025.11.04	12:40:00	566780.00	567100.00	560760.00	560860.00	6403	36175	1
2025.11.04	13:00:00	560820.00	562580.00	558740.00	559260.00	7355	45377	1
2025.11.04	13:20:00	559300.00	560160.00	557320.00	558780.00	7162	42363	1
2025.11.04	13:40:00	558720.00	559500.00	555600.00	556080.00	6551	39329	1
2025.11.04	14:00:00	556040.00	556060.00	548800.00	549680.00	13058	77531	1
2025.11.04	14:20:00	549680.00	554920.00	549560.00	553240.00	8149	43716	1
2025.11.04	14:40:00	553140.00	553240.00	550400.00	550520.00	4676	26834	1
2025.11.04	15:00:00	550520.00	550980.00	546580.00	546760.00	9165	51882	1
2025.11.04	15:20:00	546680.00	549200.00	544580.00	547200.00	9607	61430	1
2025.11.04	15:40:00	547260.00	553360.00	546700.00	552660.00	9667	53320	1
2025.11.04	16:00:00	552580.00	553800.00	550020.00	552200.00	5675	31039	1
2025.11.04	16:20:00	552160.00	554500.00	549500.00	549860.00	5466	35166	1
2025.11.04	16:40:00	549800.00	550800.00	546980.00	547920.00	5223	28955	1
2025.11.04	17:00:00	547900.00	549200.00	542960.00	545900.00	8395	52768	1
2025.11.04	17:20:00	545940.00	549060.00	543760.00	547820.00	7379	47313	1
2025.11.04	17:40:00	547760.00	551000.00	547520.00	549420.00	4942	32093	1
2025.11.04	18:00:00	549360.00	550000.00	546360.00	547080.00	4480	27008	1
2025.11.04	18:20:00	547100.00	547340.00	544120.00	545600.00	773	3333	1
2025.11.05	09:00:00	556160.00	557200.00	553560.00	557140.00	4342	15951	1
2025.11.05	09:20:00	557180.00	560200.00	557100.00	558820.00	6900	28888	1
2025.11.05	09:40:00	558880.00	560180.00	558680.00	559720.00	3702	15062	1
2025.11.05	10:00:00	559720.00	560700.00	557680.00	557840.00	6348	21552	1
2025.11.05	10:20:00	557940.00	559220.00	557360.00	558540.00	4626	16982	1
2025.11.05	10:40:00	558520.00	561380.00	558260.00	559600.00	7285	26180	1
2025.11.05	11:00:00	559560.00	559780.00	556900.00	557560.00	5217	22789	1
2025.11.05	11:20:00	557600.00	558080.00	553640.00	556500.00	8419	43009	1
2025.11.05	11:40:00	556440.00	561140.00	556380.00	559380.00	8712	45712	1
2025.11.05	12:00:00	559420.00	561060.00	557720.00	560200.00	5806	34990	1
2025.11.05	12:20:00	560160.00	561300.00	558800.00	560860.00	3365	20322	1
2025.11.05	12:40:00	560800.00	562500.00	560440.00	561620.00	4239	24283	1
2025.11.05	13:00:00	561660.00	562400.00	558560.00	559680.00	3894	21963	1
2025.11.05	13:20:00	559680.00	562420.00	558060.00	561840.00	3636	19184	1
2025.11.05	13:40:00	561920.00	563600.00	560700.00	562420.00	4057	21550	1
2025.11.05	14:00:00	562480.00	562480.00	559060.00	561040.00	4766	25592	1
2025.11.05	14:20:00	560940.00	562560.00	560640.00	561860.00	3372	18204	1
2025.11.05	14:40:00	561920.00	562940.00	560200.00	562540.00	3543	18263	1
2025.11.05	15:00:00	562400.00	563820.00	561700.00	563340.00	2646	15016	1
2025.11.05	15:20:00	563320.00	564780.00	562740.00	564700.00	2901	18094	1
2025.11.05	15:40:00	564700.00	565620.00	563880.00	564880.00	3224	19236	1
2025.11.05	16:00:00	564880.00	566340.00	563340.00	564940.00	3931	22556	1
2025.11.05	16:20:00	564860.00	565660.00	563960.00	565300.00	2033	10866	1
2025.11.05	16:40:00	565240.00	565540.00	562760.00	562820.00	2579	14586	1
2025.11.05	17:00:00	562780.00	566060.00	562440.00	564560.00	3242	17152	1
2025.11.05	17:20:00	564600.00	565440.00	561640.00	562400.00	2657	15762	1
2025.11.05	17:40:00	562380.00	563300.00	560920.00	561840.00	2513	17025	1
2025.11.05	18:00:00	561840.00	561900.00	560220.00	560920.00	1697	9513	1
2025.11.05	18:20:00	560880.00	562280.00	560240.00	560980.00	510	2447	1
2025.11.06	09:00:00	558460.00	558920.00	555040.00	555600.00	4475	15773	1
2025.11.06	09:20:00	555560.00	556440.00	554880.00	555100.00	3065	11094	1
2025.11.06	09:40:00	555060.00	555160.00	552320.00	553200.00	6301	22711	1
2025.11.06	10:00:00	553220.00	556380.00	553000.00	556200.00	4744	17586	1
2025.11.06	10:20:00	556260.00	558720.00	555540.00	556620.00	7339	27516	1
2025.11.06	10:40:00	556600.00	557820.00	556160.00	556860.00	4715	18654	1
2025.11.06	11:00:00	556860.00	558200.00	553720.00	555640.00	7594	35103	1
2025.11.06	11:20:00	555720.00	555920.00	551780.00	552480.00	7337	38306	1
2025.11.06	11:40:00	552340.00	555340.00	550680.00	551460.00	7873	41742	1
2025.11.06	12:00:00	551460.00	553840.00	550180.00	553240.00	6384	39564	1
2025.11.06	12:20:00	553380.00	555780.00	550460.00	550560.00	6101	38084	1
2025.11.06	12:40:00	550520.00	552380.00	549680.00	551320.00	5863	40377	1
2025.11.06	13:00:00	551240.00	553480.00	548820.00	548920.00	4318	27453	1
2025.11.06	13:20:00	548940.00	550700.00	545760.00	545900.00	6414	41558	1
2025.11.06	13:40:00	545860.00	546560.00	542540.00	545240.00	11214	68449	1
2025.11.06	14:00:00	545180.00	548020.00	544460.00	546240.00	5813	39220	1
2025.11.06	14:20:00	546280.00	549280.00	545200.00	547880.00	5679	30037	1
2025.11.06	14:40:00	547880.00	550920.00	547160.00	549940.00	4734	24519	1
2025.11.06	15:00:00	549780.00	550020.00	545780.00	546180.00	4493	22953	1
2025.11.06	15:20:00	546220.00	549460.00	546140.00	549200.00	4118	24169	1
2025.11.06	15:40:00	549260.00	552600.00	548540.00	549460.00	5085	29256	1
2025.11.06	16:00:00	549420.00	550980.00	548880.00	550220.00	3825	23525	1
2025.11.06	16:20:00	550140.00	550420.00	548340.00	548400.00	3255	19754	1
2025.11.06	16:40:00	548380.00	548560.00	546380.00	547340.00	3891	23491	1
2025.11.06	17:00:00	547380.00	548860.00	546000.00	546280.00	2832	16824	1
2025.11.06	17:20:00	546220.00	547960.00	544600.00	544860.00	3382	18741	1
2025.11.06	17:40:00	544880.00	546080.00	543440.00	544980.00	3684	24052	1
2025.11.06	18:00:00	544860.00	545620.00	542760.00	543320.00	2864	15031	1
2025.11.06	18:20:00	543380.00	544920.00	542760.00	544920.00	377	2297	1
2025.11.07	09:00:00	542200.00	542860.00	539660.00	539860.00	5554	19888	1
2025.11.07	09:20:00	539880.00	540140.00	537960.00	539160.00	5902	21304	1
2025.11.07	09:40:00	539160.00	539220.00	536220.00	538580.00	6373	23960	1
2025.11.07	10:00:00	538560.00	541740.00	537620.00	541040.00	7718	30029	1
2025.11.07	10:20:00	541080.00	542780.00	540080.00	541800.00	6536	23027	1
2025.11.07	10:40:00	541800.00	543300.00	540620.00	542020.00	6103	23136	1
2025.11.07	11:00:00	541960.00	543040.00	540380.00	541460.00	5264	25539	1
2025.11.07	11:20:00	541440.00	542140.00	537700.00	538200.00	6587	34310	1
2025.11.07	11:40:00	538220.00	544360.00	537940.00	543940.00	10973	61186	1
2025.11.07	12:00:00	543800.00	545900.00	541220.00	543480.00	8363	43670	1
2025.11.07	12:20:00	543500.00	545100.00	540700.00	541160.00	6052	36898	1
2025.11.07	12:40:00	541080.00	544720.00	541040.00	542940.00	4096	24134	1
2025.11.07	13:00:00	543000.00	543980.00	541540.00	543280.00	3916	22338	1
2025.11.07	13:20:00	543240.00	547360.00	543180.00	544660.00	6241	33945	1
2025.11.07	13:40:00	544560.00	545800.00	543340.00	544580.00	4125	22558	1
2025.11.07	14:00:00	544520.00	548460.00	543620.00	547380.00	4285	21615	1
2025.11.07	14:20:00	547440.00	552860.00	547000.00	550440.00	8079	39335	1
2025.11.07	14:40:00	550380.00	551360.00	548420.00	551220.00	5023	23857	1
2025.11.07	15:00:00	551280.00	553420.00	550780.00	553320.00	5761	29241	1
2025.11.07	15:20:00	553340.00	553620.00	551440.00	552480.00	4944	21492	1
2025.11.07	15:40:00	552460.00	553000.00	550320.00	552080.00	3723	19383	1
2025.11.07	16:00:00	552100.00	554160.00	551200.00	552960.00	3667	20437	1
2025.11.07	16:20:00	552940.00	555320.00	552860.00	555140.00	3406	21568	1
2025.11.07	16:40:00	555160.00	556360.00	554500.00	556180.00	3519	21790	1
2025.11.07	17:00:00	556140.00	556600.00	553900.00	555520.00	4057	24795	1
2025.11.07	17:20:00	555520.00	557200.00	554100.00	557200.00	2847	16784	1
2025.11.07	17:40:00	557200.00	559220.00	557160.00	558160.00	3537	23519	1
2025.11.07	18:00:00	558080.00	558140.00	555360.00	556200.00	2025	10900	1
2025.11.07	18:20:00	556260.00	556380.00	555360.00	555640.00	234	1165	1
2025.11.10	09:00:00	569500.00	569740.00	566900.00	567480.00	3906	14325	1
2025.11.10	09:20:00	567400.00	567800.00	566620.00	567020.00	2491	8174	1
2025.11.10	09:40:00	567100.00	568140.00	567060.00	567780.00	2006	7223	1
2025.11.10	10:00:00	567760.00	570900.00	567620.00	568700.00	6579	23081	1
2025.11.10	10:20:00	568680.00	571580.00	568000.00	571320.00	5430	19587	1
2025.11.10	10:40:00	571320.00	571760.00	570380.00	571340.00	3545	12675	1
2025.11.10	11:00:00	571300.00	571320.00	569080.00	569780.00	4291	19685	1
2025.11.10	11:20:00	569720.00	570200.00	565640.00	565880.00	6150	29827	1
2025.11.10	11:40:00	565940.00	566800.00	560900.00	561880.00	8690	47164	1
2025.11.10	12:00:00	561820.00	564840.00	561480.00	563080.00	6436	35385	1
2025.11.10	12:20:00	562920.00	566000.00	562880.00	564540.00	5433	29803	1
2025.11.10	12:40:00	564560.00	565040.00	561200.00	563080.00	4505	24433	1
2025.11.10	13:00:00	563060.00	564840.00	561820.00	564320.00	3542	19759	1
2025.11.10	13:20:00	564260.00	565160.00	563020.00	563700.00	4318	25512	1
2025.11.10	13:40:00	563740.00	564420.00	561760.00	564140.00	3965	19898	1
2025.11.10	14:00:00	564180.00	565400.00	563620.00	564580.00	3524	19848	1
2025.11.10	14:20:00	564660.00	565860.00	564120.00	565740.00	2483	13512	1
2025.11.10	14:40:00	565680.00	567000.00	565400.00	566760.00	3920	20817	1
2025.11.10	15:00:00	566860.00	567560.00	565240.00	566200.00	4309	23696	1
2025.11.10	15:20:00	566180.00	567320.00	565840.00	566500.00	2775	15647	1
2025.11.10	15:40:00	566520.00	567100.00	563880.00	563960.00	3463	19609	1
2025.11.10	16:00:00	564020.00	565720.00	563500.00	565100.00	3840	26938	1
2025.11.10	16:20:00	565180.00	566260.00	564120.00	566240.00	3932	26317	1
2025.11.10	16:40:00	566240.00	567440.00	565640.00	566160.00	3941	23561	1
2025.11.10	17:00:00	566140.00	568300.00	566000.00	567940.00	3222	17437	1
2025.11.10	17:20:00	568000.00	568360.00	566560.00	567880.00	2702	15033	1
2025.11.10	17:40:00	567860.00	568280.00	565520.00	566460.00	2773	17455	1
2025.11.10	18:00:00	566460.00	566520.00	562600.00	563460.00	3221	20150	1
2025.11.10	18:20:00	563560.00	563900.00	562440.00	562600.00	591	4342	1
2025.11.11	09:00:00	561740.00	562760.00	560280.00	560560.00	3919	15236	1
2025.11.11	09:20:00	560580.00	561140.00	559540.00	559620.00	5443	19972	1
2025.11.11	09:40:00	559560.00	559780.00	557260.00	557680.00	7593	30765	1
2025.11.11	10:00:00	557660.00	558800.00	556600.00	556620.00	5478	22611	1
2025.11.11	10:20:00	556660.00	557040.00	555040.00	555680.00	5809	26357	1
2025.11.11	10:40:00	555660.00	556540.00	554120.00	555100.00	5586	24024	1
2025.11.11	11:00:00	555120.00	555580.00	553880.00	555460.00	3477	15647	1
2025.11.11	11:20:00	555500.00	555900.00	553560.00	554280.00	4337	20984	1
2025.11.11	11:40:00	554100.00	555580.00	551260.00	555000.00	7334	35640	1
2025.11.11	12:00:00	554840.00	554860.00	552020.00	553220.00	4835	28039	1
2025.11.11	12:20:00	553120.00	553760.00	549480.00	550780.00	4693	25282	1
2025.11.11	12:40:00	550720.00	551240.00	548900.00	550060.00	3298	18682	1
2025.11.11	13:00:00	550140.00	550940.00	548440.00	550880.00	3199	16355	1
2025.11.11	13:20:00	550920.00	550960.00	548880.00	549580.00	2883	17338	1
2025.11.11	13:40:00	549600.00	550580.00	548800.00	549980.00	2769	14268	1
2025.11.11	14:00:00	549980.00	550600.00	548780.00	549640.00	2997	16434	1
2025.11.11	14:20:00	549680.00	550200.00	547840.00	548260.00	4609	23479	1
2025.11.11	14:40:00	548320.00	549580.00	546820.00	549180.00	4828	27878	1
2025.11.11	15:00:00	549200.00	550340.00	548080.00	548920.00	3742	20580	1
2025.11.11	15:20:00	548980.00	549620.00	547700.00	548780.00	2775	14493	1
2025.11.11	15:40:00	548780.00	550100.00	548120.00	549400.00	2608	12332	1
2025.11.11	16:00:00	549400.00	549400.00	546820.00	548340.00	4290	22964	1
2025.11.11	16:20:00	548500.00	549680.00	548020.00	548360.00	2504	13296	1
2025.11.11	16:40:00	548340.00	549520.00	547640.00	547980.00	2661	15385	1
2025.11.11	17:00:00	547960.00	548020.00	545940.00	547940.00	3818	23113	1
2025.11.11	17:20:00	547920.00	548360.00	545700.00	546260.00	3193	21263	1
2025.11.11	17:40:00	546320.00	546720.00	545180.00	545880.00	2295	13714	1
2025.11.11	18:00:00	545860.00	547180.00	544960.00	546280.00	2801	16971	1
2025.11.11	18:20:00	546240.00	546620.00	545480.00	545600.00	429	3180	1
2025.11.12	09:00:00	556640.00	558840.00	556260.00	558520.00	5775	25108	1
2025.11.12	09:20:00	558440.00	559360.00	556720.00	556820.00	5143	19006	1
2025.11.12	09:40:00	556820.00	558220.00	556260.00	557120.00	5976	21665	1
2025.11.12	10:00:00	557120.00	557700.00	555920.00	556360.00	5319	20079	1
2025.11.12	10:20:00	556380.00	558820.00	555920.00	558260.00	5461	20926	1
2025.11.12	10:40:00	558260.00	559860.00	558260.00	559700.00	4384	18248	1
2025.11.12	11:00:00	559640.00	559640.00	558100.00	559120.00	4034	18063	1
2025.11.12	11:20:00	559120.00	559680.00	557540.00	557800.00	3479	17166	1
2025.11.12	11:40:00	557800.00	559760.00	553120.00	554760.00	10114	57847	1
2025.11.12	12:00:00	554700.00	556300.00	551260.00	551260.00	6242	35298	1
2025.11.12	12:20:00	551300.00	552920.00	548340.00	548880.00	7328	43757	1
2025.11.12	12:40:00	548760.00	549180.00	544140.00	545120.00	8480	59284	1
2025.11.12	13:00:00	545120.00	545780.00	540900.00	542760.00	10088	59810	1
2025.11.12	13:20:00	542680.00	544260.00	541440.00	542660.00	5483	36874	1
2025.11.12	13:40:00	542700.00	543120.00	540400.00	540800.00	5615	35760	1
2025.11.12	14:00:00	540800.00	542640.00	540440.00	540940.00	3756	26117	1
2025.11.12	14:20:00	540980.00	544460.00	540780.00	544440.00	3650	21975	1
2025.11.12	14:40:00	544360.00	544600.00	541440.00	542420.00	4282	26839	1
2025.11.12	15:00:00	542480.00	543380.00	541240.00	541520.00	3014	19382	1
2025.11.12	15:20:00	541500.00	542740.00	540800.00	542700.00	2724	15201	1
2025.11.12	15:40:00	542680.00	542820.00	540020.00	541080.00	3205	17792	1
2025.11.12	16:00:00	541120.00	541340.00	538700.00	538840.00	4769	30930	1
2025.11.12	16:20:00	538820.00	539400.00	537260.00	539000.00	4847	32745	1
2025.11.12	16:40:00	539100.00	540720.00	538660.00	539600.00	3521	22346	1
2025.11.12	17:00:00	539600.00	541440.00	538680.00	541260.00	3037	16315	1
2025.11.12	17:20:00	541320.00	542740.00	540840.00	541780.00	2835	17067	1
2025.11.12	17:40:00	541780.00	542120.00	540600.00	540660.00	1916	11385	1
2025.11.12	18:00:00	540800.00	542980.00	540720.00	542560.00	1551	10426	1
2025.11.12	18:20:00	542560.00	542580.00	541580.00	541700.00	448	3331	1
2025.11.13	09:00:00	548580.00	548580.00	546500.00	547680.00	3983	16514	1
2025.11.13	09:20:00	547680.00	550480.00	546540.00	548200.00	4597	20034	1
2025.11.13	09:40:00	548220.00	548700.00	547300.00	547660.00	2515	11885	1
2025.11.13	10:00:00	547600.00	548240.00	546860.00	547400.00	2396	10173	1
2025.11.13	10:20:00	547400.00	547740.00	543280.00	544780.00	7670	29021	1
2025.11.13	10:40:00	544820.00	545900.00	543040.00	543360.00	5040	19526	1
2025.11.13	11:00:00	543360.00	544760.00	542720.00	543900.00	4364	18534	1
2025.11.13	11:20:00	543900.00	545420.00	540780.00	543900.00	7735	39169	1
2025.11.13	11:40:00	543900.00	549840.00	541240.00	547320.00	10333	53169	1
2025.11.13	12:00:00	547320.00	547900.00	543040.00	545060.00	6965	36852	1
2025.11.13	12:20:00	545060.00	545340.00	540580.00	542060.00	5118	29700	1
2025.11.13	12:40:00	542080.00	542080.00	537680.00	538860.00	6348	36758	1
2025.11.13	13:00:00	538720.00	539720.00	535820.00	536000.00	6117	33871	1
2025.11.13	13:20:00	535980.00	538780.00	535200.00	536760.00	7554	41274	1
2025.11.13	13:40:00	536880.00	537420.00	534520.00	535000.00	4707	27507	1
2025.11.13	14:00:00	534980.00	535720.00	533800.00	534260.00	5043	30608	1
2025.11.13	14:20:00	534260.00	534640.00	531720.00	532660.00	6447	38538	1
2025.11.13	14:40:00	532600.00	532760.00	529720.00	529900.00	6228	38349	1
2025.11.13	15:00:00	529920.00	531300.00	526620.00	528020.00	8680	53396	1
2025.11.13	15:20:00	528020.00	528320.00	522920.00	524480.00	10098	64499	1
2025.11.13	15:40:00	524540.00	525900.00	522340.00	524820.00	7630	52818	1
2025.11.13	16:00:00	524900.00	526600.00	523560.00	524480.00	5294	38958	1
2025.11.13	16:20:00	524480.00	528520.00	523800.00	525400.00	6365	46184	1
2025.11.13	16:40:00	525400.00	526780.00	523660.00	525200.00	4727	34528	1
2025.11.13	17:00:00	525180.00	525180.00	522280.00	522720.00	4884	36152	1
2025.11.13	17:20:00	522660.00	526780.00	522120.00	525780.00	5962	41502	1
2025.11.13	17:40:00	525800.00	526840.00	521760.00	522180.00	4968	42167	1
2025.11.13	18:00:00	522260.00	524400.00	520940.00	523240.00	3921	32098	1
2025.11.13	18:20:00	523400.00	523760.00	521800.00	523500.00	390	3467	1
2025.11.14	09:00:00	512580.00	514400.00	509880.00	511320.00	6182	28262	1
2025.11.14	09:20:00	511300.00	512200.00	506180.00	506540.00	7727	37537	1
2025.11.14	09:40:00	506580.00	508520.00	503480.00	507600.00	11546	56734	1
2025.11.14	10:00:00	507640.00	509900.00	505900.00	506180.00	7148	31751	1
2025.11.14	10:20:00	506300.00	507700.00	505060.00	505300.00	6045	23924	1
2025.11.14	10:40:00	505240.00	510200.00	504540.00	507640.00	8426	37361	1
2025.11.14	11:00:00	507560.00	511060.00	506660.00	509080.00	7396	32293	1
2025.11.14	11:20:00	509100.00	512980.00	505300.00	512220.00	10522	45898	1
2025.11.14	11:40:00	512160.00	514360.00	510380.00	513200.00	8591	45887	1
2025.11.14	12:00:00	513160.00	513340.00	509020.00	509840.00	6465	34652	1
2025.11.14	12:20:00	509880.00	514140.00	509340.00	513040.00	5070	28672	1
2025.11.14	12:40:00	513120.00	515840.00	512200.00	513100.00	4607	23086	1
2025.11.14	13:00:00	513100.00	513280.00	510520.00	511340.00	4404	22980	1
2025.11.14	13:20:00	511260.00	517500.00	510960.00	516240.00	5921	33561	1
2025.11.14	13:40:00	516280.00	517180.00	514740.00	515520.00	4684	32459	1
2025.11.14	14:00:00	515480.00	515960.00	514600.00	514700.00	2481	15942	1
2025.11.14	14:20:00	514720.00	515280.00	511800.00	512280.00	4873	27649	1
2025.11.14	14:40:00	512220.00	512240.00	507540.00	509080.00	7498	47089	1
2025.11.14	15:00:00	508960.00	512620.00	507720.00	511020.00	6118	36853	1
2025.11.14	15:20:00	511060.00	511980.00	508460.00	508700.00	4771	29482	1
2025.11.14	15:40:00	508740.00	508740.00	505500.00	506000.00	5868	42306	1
2025.11.14	16:00:00	505960.00	509140.00	504560.00	508660.00	6289	40370	1
2025.11.14	16:20:00	508720.00	510500.00	507600.00	508300.00	4393	29883	1
2025.11.14	16:40:00	508380.00	509900.00	506820.00	509640.00	3709	26321	1
2025.11.14	17:00:00	509680.00	510480.00	507360.00	507900.00	3049	22195	1
2025.11.14	17:20:00	507900.00	507980.00	503540.00	503780.00	4920	34555	1
2025.11.14	17:40:00	503740.00	503780.00	501080.00	502040.00	4653	35430	1
2025.11.14	18:00:00	502040.00	505360.00	501120.00	505220.00	2783	20740	1
2025.11.14	18:20:00	505340.00	505920.00	503360.00	503800.00	424	3512	1
2025.11.17	09:00:00	509020.00	509160.00	507320.00	508460.00	2720	11369	1
2025.11.17	09:20:00	508460.00	508660.00	507240.00	508500.00	2120	7218	1
2025.11.17	09:40:00	508480.00	509300.00	507420.00	507640.00	2851	11520	1
2025.11.17	10:00:00	507680.00	508140.00	504900.00	505580.00	6550	29462	1
2025.11.17	10:20:00	505560.00	505800.00	501460.00	501780.00	8628	38730	1
2025.11.17	10:40:00	501740.00	501820.00	498820.00	500640.00	8969	42665	1
2025.11.17	11:00:00	500420.00	503240.00	499680.00	502600.00	7423	35513	1
2025.11.17	11:20:00	502580.00	512060.00	501100.00	509720.00	13225	69216	1
2025.11.17	11:40:00	509820.00	509980.00	504120.00	505500.00	11253	69807	1
2025.11.17	12:00:00	505520.00	506920.00	500400.00	500860.00	8724	52996	1
2025.11.17	12:20:00	500820.00	504840.00	500580.00	501780.00	6796	39019	1
2025.11.17	12:40:00	501700.00	503220.00	500480.00	500860.00	4247	26505	1
2025.11.17	13:00:00	500900.00	501200.00	496300.00	496380.00	7205	36286	1
2025.11.17	13:20:00	496380.00	500540.00	496020.00	500460.00	6670	35728	1
2025.11.17	13:40:00	500500.00	503360.00	499280.00	502600.00	5909	30560	1
2025.11.17	14:00:00	502680.00	503260.00	499640.00	500600.00	5517	29742	1
2025.11.17	14:20:00	500640.00	500800.00	496940.00	497080.00	5466	28817	1
2025.11.17	14:40:00	497120.00	497180.00	494080.00	494560.00	7463	41047	1
2025.11.17	15:00:00	494540.00	496980.00	493840.00	495140.00	6363	35436	1
2025.11.17	15:20:00	495180.00	495880.00	492900.00	494240.00	5559	30971	1
2025.11.17	15:40:00	494240.00	496700.00	493560.00	493880.00	5897	32465	1
2025.11.17	16:00:00	493860.00	495000.00	492580.00	492860.00	4472	22548	1
2025.11.17	16:20:00	492820.00	494120.00	491400.00	491400.00	6203	35204	1
2025.11.17	16:40:00	491400.00	492320.00	489940.00	490520.00	5801	31777	1
2025.11.17	17:00:00	490480.00	491500.00	488460.00	490200.00	7118	38458	1
2025.11.17	17:20:00	490160.00	492780.00	489720.00	489940.00	5790	31410	1
2025.11.17	17:40:00	489860.00	493020.00	489580.00	491060.00	4853	27457	1
2025.11.17	18:00:00	491040.00	492640.00	489780.00	489940.00	2684	16356	1
2025.11.17	18:20:00	490060.00	490320.00	488960.00	490020.00	767	4669	1
2025.11.18	09:00:00	490300.00	490580.00	487840.00	490200.00	6649	23802	1
2025.11.18	09:20:00	490140.00	490800.00	488980.00	490680.00	5070	17930	1
2025.11.18	09:40:00	490660.00	492480.00	489760.00	490760.00	8130	31528	1
2025.11.18	10:00:00	490680.00	491580.00	489200.00	489360.00	6196	23635	1
2025.11.18	10:20:00	489360.00	489520.00	486000.00	486920.00	7741	32738	1
2025.11.18	10:40:00	486900.00	488920.00	486780.00	488700.00	7125	28846	1
2025.11.18	11:00:00	488700.00	489020.00	487320.00	488180.00	3775	17047	1
2025.11.18	11:20:00	488020.00	493600.00	487800.00	491820.00	12639	64259	1
2025.11.18	11:40:00	491860.00	492780.00	488660.00	489220.00	8675	43353	1
2025.11.18	12:00:00	489200.00	495200.00	487940.00	495080.00	10180	52513	1
2025.11.18	12:20:00	495040.00	498220.00	494860.00	497480.00	9253	51006	1
2025.11.18	12:40:00	497520.00	498500.00	495400.00	497700.00	6915	37402	1
2025.11.18	13:00:00	497620.00	500920.00	496260.00	500320.00	7349	41078	1
2025.11.18	13:20:00	500340.00	501580.00	499300.00	499580.00	4451	24964	1
2025.11.18	13:40:00	499480.00	500260.00	498220.00	499640.00	4338	22733	1
2025.11.18	14:00:00	499560.00	500780.00	498540.00	499260.00	3410	18124	1
2025.11.18	14:20:00	499260.00	499840.00	496360.00	499120.00	6143	31371	1
2025.11.18	14:40:00	499140.00	499780.00	497640.00	498360.00	3112	16342	1
2025.11.18	15:00:00	498380.00	501060.00	498380.00	499600.00	4697	22794	1
2025.11.18	15:20:00	499600.00	499640.00	497500.00	498180.00	3528	18678	1
2025.11.18	15:40:00	498240.00	499960.00	498100.00	498400.00	3386	17376	1
2025.11.18	16:00:00	498500.00	499400.00	497780.00	498800.00	2562	12748	1
2025.11.18	16:20:00	498840.00	499700.00	497700.00	499500.00	2298	12278	1
2025.11.18	16:40:00	499540.00	499580.00	496320.00	497400.00	3942	23419	1
2025.11.18	17:00:00	497440.00	498100.00	496220.00	497540.00	2900	15618	1
2025.11.18	17:20:00	497600.00	498180.00	495900.00	496700.00	2568	14402	1
2025.11.18	17:40:00	496700.00	497300.00	495160.00	495920.00	2654	15299	1
2025.11.18	18:00:00	495920.00	497380.00	495200.00	496960.00	1622	10430	1
2025.11.18	18:20:00	497040.00	497420.00	496420.00	496560.00	383	2461	1
2025.11.19	09:00:00	489000.00	489620.00	487860.00	488140.00	4223	15453	1
2025.11.19	09:20:00	488140.00	489400.00	487680.00	488920.00	3337	14310	1
2025.11.19	09:40:00	488940.00	491880.00	488820.00	491540.00	4368	17140	1
2025.11.19	10:00:00	491580.00	491740.00	489880.00	491160.00	4080	16679	1
2025.11.19	10:20:00	491080.00	491860.00	489080.00	489360.00	5996	25393	1
2025.11.19	10:40:00	489260.00	490140.00	488560.00	489400.00	4437	20639	1
2025.11.19	11:00:00	489360.00	490360.00	488020.00	489200.00	5481	27673	1
2025.11.19	11:20:00	489260.00	491180.00	487860.00	490040.00	7204	37142	1
2025.11.19	11:40:00	490020.00	492120.00	489260.00	490540.00	6203	32829	1
2025.11.19	12:00:00	490580.00	493980.00	490380.00	492120.00	7565	44361	1
2025.11.19	12:20:00	492140.00	492200.00	484700.00	484880.00	11476	70742	1
2025.11.19	12:40:00	484880.00	486140.00	481020.00	481440.00	9176	56376	1
2025.11.19	13:00:00	481380.00	483000.00	480140.00	480300.00	7195	38020	1
2025.11.19	13:20:00	480240.00	482100.00	478940.00	479660.00	6151	40167	1
2025.11.19	13:40:00	479600.00	481460.00	478820.00	481200.00	5360	36361	1
2025.11.19	14:00:00	481200.00	482420.00	478620.00	478820.00	5606	36127	1
2025.11.19	14:20:00	478760.00	480400.00	476780.00	477700.00	6299	40546	1
2025.11.19	14:40:00	477600.00	480200.00	477200.00	479580.00	5985	39426	1
2025.11.19	15:00:00	479520.00	480660.00	477820.00	478000.00	5405	35988	1
2025.11.19	15:20:00	478000.00	479040.00	476140.00	476840.00	6628	44526	1
2025.11.19	15:40:00	476880.00	477620.00	474860.00	477260.00	6719	39135	1
2025.11.19	16:00:00	477340.00	478420.00	476140.00	477140.00	4162	20118	1
2025.11.19	16:20:00	477160.00	477180.00	475100.00	475260.00	3170	18761	1
2025.11.19	16:40:00	475260.00	477020.00	474680.00	475840.00	4609	29920	1
2025.11.19	17:00:00	475800.00	476400.00	474200.00	476160.00	4299	30230	1
2025.11.19	17:20:00	476080.00	478940.00	476060.00	478000.00	4608	31202	1
2025.11.19	17:40:00	478020.00	479800.00	476600.00	478740.00	3502	25129	1
2025.11.19	18:00:00	478800.00	481200.00	478220.00	480720.00	2602	19639	1
2025.11.19	18:20:00	480920.00	485300.00	480660.00	480760.00	918	6800	1
2025.11.21	09:00:00	444000.00	444180.00	440900.00	441760.00	8362	35779	1
2025.11.21	09:20:00	441780.00	446480.00	435420.00	446360.00	17003	83231	1
2025.11.21	09:40:00	446360.00	449220.00	443560.00	447500.00	9978	44384	1
2025.11.21	10:00:00	447520.00	454440.00	446760.00	453760.00	9480	41463	1
2025.11.21	10:20:00	453820.00	453920.00	449240.00	452160.00	6915	31497	1
2025.11.21	10:40:00	452160.00	455600.00	452040.00	453580.00	6068	26479	1
2025.11.21	11:00:00	453620.00	454980.00	452220.00	452460.00	5589	30850	1
2025.11.21	11:20:00	452480.00	460660.00	451960.00	459420.00	9972	56011	1
2025.11.21	11:40:00	459420.00	462840.00	456120.00	459280.00	9677	47673	1
2025.11.21	12:00:00	459380.00	460620.00	454800.00	456700.00	7082	30560	1
2025.11.21	12:20:00	456700.00	457720.00	451360.00	451400.00	7550	45366	1
2025.11.21	12:40:00	451380.00	453200.00	449580.00	450360.00	6003	36219	1
2025.11.21	13:00:00	450340.00	452160.00	447620.00	450260.00	6945	41542	1
2025.11.21	13:20:00	450240.00	454400.00	450060.00	453040.00	5749	36227	1
2025.11.21	13:40:00	453020.00	459020.00	450760.00	459020.00	6804	42794	1
2025.11.21	14:00:00	459000.00	462400.00	457400.00	460980.00	7226	47708	1
2025.11.21	14:20:00	460960.00	463260.00	460000.00	460820.00	5967	45000	1
2025.11.21	14:40:00	460840.00	462000.00	459000.00	459900.00	4189	29074	1
2025.11.21	15:00:00	459900.00	460340.00	452860.00	453180.00	7095	46180	1
2025.11.21	15:20:00	453140.00	458760.00	452160.00	458400.00	5883	39891	1
2025.11.21	15:40:00	458380.00	460900.00	456580.00	458380.00	5189	34362	1
2025.11.21	16:00:00	458300.00	459880.00	457560.00	459060.00	3565	24042	1
2025.11.21	16:20:00	458940.00	460460.00	458380.00	458940.00	3270	22639	1
2025.11.21	16:40:00	458940.00	459200.00	455540.00	456160.00	4026	26794	1
2025.11.21	17:00:00	456120.00	457140.00	454060.00	454300.00	3899	24688	1
2025.11.21	17:20:00	454200.00	456440.00	452400.00	455240.00	4633	28160	1
2025.11.21	17:40:00	455240.00	459040.00	454920.00	458300.00	5078	41480	1
2025.11.21	18:00:00	458260.00	459520.00	457360.00	458040.00	2184	16259	1
2025.11.21	18:20:00	458020.00	462300.00	457920.00	460300.00	713	6211	1
2025.11.24	09:00:00	466780.00	466780.00	463960.00	464220.00	3728	12584	1
2025.11.24	09:20:00	464200.00	466300.00	463800.00	464120.00	4893	18069	1
2025.11.24	09:40:00	464120.00	464460.00	463120.00	464000.00	3542	14348	1
2025.11.24	10:00:00	463980.00	467720.00	463800.00	466660.00	6679	28908	1
2025.11.24	10:20:00	466740.00	468220.00	466400.00	467800.00	4407	18329	1
2025.11.24	10:40:00	467840.00	468320.00	465860.00	466420.00	3789	13590	1
2025.11.24	11:00:00	466400.00	466420.00	464880.00	465580.00	4134	18984	1
2025.11.24	11:20:00	465580.00	467860.00	464100.00	464820.00	8315	39565	1
2025.11.24	11:40:00	464880.00	465620.00	460820.00	465620.00	10817	54894	1
2025.11.24	12:00:00	465620.00	468560.00	465220.00	465520.00	7999	44158	1
2025.11.24	12:20:00	465600.00	467720.00	464520.00	467060.00	4957	24900	1
2025.11.24	12:40:00	467060.00	468460.00	466640.00	467880.00	3452	21813	1
2025.11.24	13:00:00	467840.00	471220.00	467840.00	470900.00	6955	38988	1
2025.11.24	13:20:00	470940.00	472160.00	470520.00	471820.00	4118	24306	1
2025.11.24	13:40:00	471840.00	474000.00	471200.00	471260.00	5647	33097	1
2025.11.24	14:00:00	471260.00	472400.00	469900.00	471100.00	6747	32558	1
2025.11.24	14:20:00	471160.00	475160.00	470500.00	475120.00	6200	33885	1
2025.11.24	14:40:00	475140.00	477920.00	474840.00	477600.00	6171	39295	1
2025.11.24	15:00:00	477600.00	478860.00	476840.00	478160.00	5538	35937	1
2025.11.24	15:20:00	478140.00	478780.00	476900.00	477800.00	5453	36421	1
2025.11.24	15:40:00	477780.00	479640.00	477420.00	479220.00	4358	26268	1
2025.11.24	16:00:00	479140.00	480180.00	478700.00	479640.00	4934	28670	1
2025.11.24	16:20:00	479680.00	480000.00	478460.00	479640.00	4092	25147	1
2025.11.24	16:40:00	479640.00	479740.00	476640.00	477500.00	6350	37470	1
2025.11.24	17:00:00	477520.00	480120.00	477440.00	479860.00	5507	34050	1
2025.11.24	17:20:00	479880.00	480760.00	478880.00	480540.00	4742	32015	1
2025.11.24	17:40:00	480500.00	481980.00	479960.00	481280.00	4665	31768	1
2025.11.24	18:00:00	481240.00	481600.00	480340.00	480360.00	3700	22448	1
2025.11.24	18:20:00	480360.00	481140.00	480260.00	480500.00	679	5689	1
2025.11.25	09:00:00	472200.00	473740.00	471360.00	472060.00	5827	24771	1
2025.11.25	09:20:00	472100.00	472700.00	470700.00	471260.00	4561	22033	1
2025.11.25	09:40:00	471320.00	472440.00	470820.00	470900.00	4469	21096	1
2025.11.25	10:00:00	470840.00	471500.00	469700.00	470840.00	7622	35106	1
2025.11.25	10:20:00	470940.00	471340.00	468280.00	468380.00	5899	24475	1
2025.11.25	10:40:00	468320.00	468680.00	466740.00	468280.00	7301	33807	1
2025.11.25	11:00:00	468340.00	469900.00	467380.00	468860.00	5723	31702	1
2025.11.25	11:20:00	468820.00	470860.00	468480.00	469420.00	6325	34228	1
2025.11.25	11:40:00	469400.00	469400.00	466660.00	468980.00	8164	43477	1
2025.11.25	12:00:00	468980.00	469200.00	465860.00	467420.00	7078	37947	1
2025.11.25	12:20:00	467460.00	469900.00	466360.00	469160.00	5024	25526	1
2025.11.25	12:40:00	469180.00	470900.00	468880.00	470100.00	3883	21960	1
2025.11.25	13:00:00	470060.00	470700.00	468260.00	469560.00	4378	25229	1
2025.11.25	13:20:00	469520.00	471360.00	469460.00	469620.00	4490	26797	1
2025.11.25	13:40:00	469640.00	470740.00	469240.00	470280.00	2725	18415	1
2025.11.25	14:00:00	470360.00	472380.00	469740.00	471280.00	4444	27240	1
2025.11.25	14:20:00	471260.00	475160.00	471240.00	474700.00	5481	31309	1
2025.11.25	14:40:00	474680.00	475320.00	472220.00	472400.00	5585	31910	1
2025.11.25	15:00:00	472440.00	472940.00	471800.00	472660.00	3423	20730	1
2025.11.25	15:20:00	472660.00	473220.00	470900.00	471300.00	4080	24889	1
2025.11.25	15:40:00	471260.00	472060.00	469620.00	469740.00	4053	25664	1
2025.11.25	16:00:00	469720.00	470220.00	465300.00	465300.00	6992	43480	1
2025.11.25	16:20:00	465360.00	465620.00	463880.00	464620.00	6830	44065	1
2025.11.25	16:40:00	464580.00	467920.00	464480.00	467680.00	5412	36419	1
2025.11.25	17:00:00	467740.00	469480.00	466600.00	469180.00	5910	44853	1
2025.11.25	17:20:00	469200.00	470680.00	468120.00	470040.00	5553	47476	1
2025.11.25	17:40:00	470080.00	471800.00	469460.00	471420.00	3345	28434	1
2025.11.25	18:00:00	471280.00	471560.00	469280.00	470200.00	2608	23200	1
2025.11.25	18:20:00	470200.00	471000.00	469920.00	470700.00	273	1739	1
2025.11.26	09:00:00	468760.00	469500.00	465140.00	465420.00	5622	24247	1
2025.11.26	09:20:00	465460.00	466920.00	464760.00	466720.00	4153	18662	1
2025.11.26	09:40:00	466740.00	467640.00	466600.00	466920.00	3118	12599	1
2025.11.26	10:00:00	466900.00	466920.00	465720.00	466560.00	3873	15829	1
2025.11.26	10:20:00	466620.00	468480.00	465880.00	468240.00	6413	27553	1
2025.11.26	10:40:00	468200.00	469560.00	467820.00	469400.00	5522	26296	1
2025.11.26	11:00:00	469360.00	470880.00	468320.00	469800.00	6188	28630	1
2025.11.26	11:20:00	469780.00	471180.00	468280.00	470040.00	6699	37045	1
2025.11.26	11:40:00	470100.00	471920.00	466940.00	467480.00	9406	50660	1
2025.11.26	12:00:00	467540.00	469040.00	466880.00	467700.00	5062	30972	1
2025.11.26	12:20:00	467720.00	469260.00	466780.00	467640.00	4972	32258	1
2025.11.26	12:40:00	467640.00	467860.00	465260.00	466300.00	4872	31313	1
2025.11.26	13:00:00	466260.00	470300.00	466200.00	469480.00	4349	24584	1
2025.11.26	13:20:00	469480.00	471120.00	468960.00	470300.00	3224	18585	1
2025.11.26	13:40:00	470360.00	470860.00	468600.00	470600.00	3964	23680	1
2025.11.26	14:00:00	470600.00	471120.00	469480.00	469520.00	3353	18916	1
2025.11.26	14:20:00	469520.00	476820.00	469360.00	476100.00	9321	56225	1
2025.11.26	14:40:00	476100.00	481420.00	476100.00	480740.00	9437	55558	1
2025.11.26	15:00:00	480740.00	483240.00	479760.00	482700.00	6344	38202	1
2025.11.26	15:20:00	482740.00	483480.00	480040.00	480320.00	4830	26388	1
2025.11.26	15:40:00	480360.00	481880.00	479660.00	481780.00	4948	28702	1
2025.11.26	16:00:00	481760.00	482080.00	479440.00	480780.00	5145	28991	1
2025.11.26	16:20:00	480760.00	481000.00	479420.00	480120.00	3189	21443	1
2025.11.26	16:40:00	480040.00	481000.00	479580.00	480540.00	2307	14470	1
2025.11.26	17:00:00	480380.00	481020.00	477880.00	480020.00	4791	30381	1
2025.11.26	17:20:00	480000.00	481420.00	479840.00	480300.00	2555	16525	1
2025.11.26	17:40:00	480240.00	480520.00	478920.00	479940.00	2359	15907	1
2025.11.26	18:00:00	479940.00	480540.00	479500.00	479880.00	1375	12320	1
2025.11.26	18:20:00	479920.00	482360.00	479700.00	481820.00	685	5561	1
2025.11.27	09:00:00	494135.14	495733.50	493204.45	494297.00	3914	17256	1
2025.11.27	09:20:00	494297.00	494721.88	493406.77	493629.33	2012	8102	1
2025.11.27	09:40:00	493629.33	494499.32	492435.62	492820.03	3617	15187	1
2025.11.27	10:00:00	492820.03	493325.84	490574.24	490877.73	5200	22826	1
2025.11.27	10:20:00	490918.19	492516.55	489967.27	491565.63	6769	28900	1
2025.11.27	10:40:00	491565.63	493730.49	490978.89	492213.06	6197	27795	1
2025.11.27	11:00:00	492233.30	492658.18	490250.52	490594.47	4693	22357	1
2025.11.27	11:20:00	490554.01	493629.33	490392.15	491080.05	6382	30875	1
2025.11.27	11:40:00	491019.35	492435.62	490108.90	491990.51	4136	22524	1
2025.11.27	12:00:00	491970.27	493123.52	490918.19	491767.95	4684	25138	1
2025.11.27	12:20:00	491707.25	492637.94	491464.47	491869.11	2871	17253	1
2025.11.27	12:40:00	491929.81	492900.96	491343.07	492273.76	3154	19045	1
2025.11.27	13:00:00	492233.30	494297.00	491646.56	493507.93	5906	32965	1
2025.11.27	13:20:00	493467.47	495146.76	492496.32	494964.67	4023	22779	1
2025.11.27	13:40:00	495025.36	495106.29	493467.47	495045.59	3493	20399	1
2025.11.27	14:00:00	495045.59	496198.84	494013.74	495470.47	3945	21166	1
2025.11.27	14:20:00	495430.01	496563.02	494418.39	494863.50	4736	25069	1
2025.11.27	14:40:00	494802.81	495773.96	494721.88	495571.64	1889	10089	1
2025.11.27	15:00:00	495409.78	495693.03	494802.81	495349.08	2229	12387	1
2025.11.27	15:20:00	495288.38	497594.87	494175.60	497109.30	4065	20181	1
2025.11.27	15:40:00	497109.30	499031.37	497068.83	497716.27	4528	21304	1
2025.11.27	16:00:00	497716.27	497736.50	489360.30	496745.11	6276	26334	1
2025.11.27	16:20:00	496724.88	499031.37	494802.81	496542.79	2959	13426	1
2025.11.27	16:40:00	496360.70	497250.92	495814.42	496016.75	1148	5161	1
2025.11.27	17:00:00	496016.75	496563.02	495510.94	496016.75	908	3694	1
2025.11.27	17:20:00	495976.28	497250.92	492759.34	495713.26	1634	10304	1
2025.11.27	17:40:00	495571.64	497210.46	494479.09	495328.85	886	6378	1
2025.11.27	18:00:00	495328.85	496421.40	494357.69	495773.96	686	7029	1
2025.11.27	18:20:00	495369.31	496320.23	493305.61	496300.00	207	1801	1
2025.11.28	09:00:00	498300.00	500000.00	492960.00	498300.00	3435	16118	1
2025.11.28	09:20:00	498300.00	499260.00	494500.00	496240.00	4738	20764	1
2025.11.28	09:40:00	496300.00	496380.00	493400.00	494800.00	4706	20182	1
2025.11.28	10:00:00	494800.00	496260.00	492960.00	495680.00	5131	22067	1
2025.11.28	10:20:00	495760.00	498860.00	494040.00	497060.00	11918	45007	1
2025.11.28	10:40:00	497060.00	500000.00	496020.00	498960.00	9718	37631	1
2025.11.28	11:00:00	499100.00	500260.00	497220.00	499040.00	4455	20843	1
2025.11.28	11:20:00	499040.00	502640.00	498140.00	498480.00	7859	37470	1
2025.11.28	11:40:00	498400.00	498560.00	495800.00	497940.00	7054	37301	1
2025.11.28	12:00:00	497940.00	500720.00	496520.00	500720.00	4734	23559	1
2025.11.28	12:20:00	500720.00	502200.00	500000.00	500600.00	4041	22458	1
2025.11.28	12:40:00	500520.00	500900.00	499400.00	500000.00	2626	14291	1
2025.11.28	13:00:00	500120.00	500220.00	496940.00	497520.00	3149	15617	1
2025.11.28	13:20:00	497620.00	497680.00	492860.00	494960.00	6279	32996	1
2025.11.28	13:40:00	495000.00	496000.00	491480.00	491900.00	4097	24665	1
2025.11.28	14:00:00	491880.00	493120.00	489040.00	490900.00	4570	25222	1
2025.11.28	14:20:00	490880.00	491080.00	487400.00	488180.00	4686	27786	1
2025.11.28	14:40:00	488100.00	491600.00	487320.00	490360.00	4555	28448	1
2025.11.28	15:00:00	490340.00	492160.00	489080.00	490580.00	5852	47347	1
2025.11.28	15:20:00	490520.00	491080.00	489560.00	490820.00	2630	20507	1
2025.11.28	15:40:00	490920.00	491520.00	489720.00	490860.00	2782	18465	1
2025.11.28	16:00:00	490920.00	491900.00	490400.00	490960.00	1888	12321	1
2025.11.28	16:20:00	490980.00	492960.00	490880.00	492920.00	2791	21854	1
2025.11.28	16:40:00	492900.00	492980.00	491720.00	492360.00	1279	11171	1
2025.11.28	17:00:00	492340.00	492340.00	490240.00	492220.00	2254	17968	1
2025.11.28	17:20:00	492220.00	492960.00	491900.00	492480.00	1073	8541	1
2025.11.28	17:40:00	492440.00	492860.00	491920.00	492520.00	930	7718	1
2025.11.28	18:00:00	492560.00	493540.00	491320.00	491720.00	1644	14037	1
2025.11.28	18:20:00	491720.00	492060.00	491320.00	491680.00	374	2853	1
2025.12.01	09:00:00	465000.00	466360.00	462740.00	463240.00	4802	19205	1
2025.12.01	09:20:00	463300.00	464240.00	462160.00	462500.00	4053	17852	1
2025.12.01	09:40:00	462500.00	462500.00	457760.00	461120.00	11429	50908	1
2025.12.01	10:00:00	461020.00	465780.00	460680.00	464580.00	8724	37839	1
2025.12.01	10:20:00	464580.00	465320.00	463580.00	463620.00	3558	15427	1
2025.12.01	10:40:00	463680.00	465740.00	463300.00	464680.00	4120	17547	1
2025.12.01	11:00:00	464720.00	466460.00	464140.00	465220.00	5032	23983	1
2025.12.01	11:20:00	465240.00	468240.00	464140.00	466780.00	5794	31776	1
2025.12.01	11:40:00	466720.00	466960.00	463900.00	464800.00	6006	32695	1
2025.12.01	12:00:00	464680.00	465100.00	461300.00	461740.00	6478	39566	1
2025.12.01	12:20:00	461700.00	461920.00	455500.00	456260.00	9398	55480	1
2025.12.01	12:40:00	456300.00	458560.00	453260.00	457800.00	10583	63813	1
2025.12.01	13:00:00	457820.00	458820.00	454200.00	454460.00	5590	33753	1
2025.12.01	13:20:00	454500.00	461380.00	454200.00	461380.00	6941	40175	1
2025.12.01	13:40:00	461380.00	461760.00	456800.00	457480.00	6168	36323	1
2025.12.01	14:00:00	457500.00	459660.00	456420.00	457880.00	5906	31252	1
2025.12.01	14:20:00	457880.00	459880.00	457680.00	459840.00	3846	18422	1
2025.12.01	14:40:00	459860.00	460940.00	459120.00	459580.00	4059	21583	1
2025.12.01	15:00:00	459540.00	462720.00	459460.00	462520.00	4599	24570	1
2025.12.01	15:20:00	462560.00	462900.00	459700.00	459840.00	4298	23394	1
2025.12.01	15:40:00	459800.00	461600.00	458620.00	461160.00	5789	33141	1
2025.12.01	16:00:00	461080.00	461800.00	458960.00	459780.00	4049	21177	1
2025.12.01	16:20:00	459820.00	460780.00	458260.00	459660.00	4690	26010	1
2025.12.01	16:40:00	459700.00	460960.00	458700.00	460500.00	2943	15068	1
2025.12.01	17:00:00	460420.00	465340.00	460300.00	463360.00	7902	50830	1
2025.12.01	17:20:00	463300.00	463420.00	461040.00	462020.00	3407	21669	1
2025.12.01	17:40:00	462060.00	463180.00	461520.00	462900.00	2891	18719	1
2025.12.01	18:00:00	462920.00	465160.00	462800.00	464460.00	3045	19353	1
2025.12.01	18:20:00	464680.00	467160.00	464600.00	466100.00	451	3185	1
2025.12.02	09:00:00	473060.00	473420.00	471360.00	473080.00	2554	9819	1
2025.12.02	09:20:00	473160.00	473580.00	471660.00	473160.00	3572	13341	1
2025.12.02	09:40:00	473120.00	473260.00	471780.00	472240.00	2006	9460	1
2025.12.02	10:00:00	472240.00	473400.00	471360.00	473020.00	3566	15762	1
2025.12.02	10:20:00	473060.00	474040.00	472600.00	473820.00	3431	15914	1
2025.12.02	10:40:00	473760.00	474940.00	473160.00	473920.00	4223	17554	1
2025.12.02	11:00:00	473960.00	477920.00	473300.00	477260.00	6853	34101	1
2025.12.02	11:20:00	477300.00	479980.00	476400.00	478500.00	6449	37636	1
2025.12.02	11:40:00	478460.00	482040.00	477400.00	481760.00	8061	46552	1
2025.12.02	12:00:00	481740.00	489960.00	481700.00	488660.00	12769	80233	1
2025.12.02	12:20:00	488700.00	488920.00	485240.00	487280.00	6220	40164	1
2025.12.02	12:40:00	487280.00	492060.00	487220.00	490220.00	6919	44805	1
2025.12.02	13:00:00	490300.00	492540.00	488620.00	489180.00	6472	41927	1
2025.12.02	13:20:00	489200.00	490560.00	487320.00	489940.00	6124	35967	1
2025.12.02	13:40:00	489940.00	491960.00	488880.00	489920.00	5078	29453	1
2025.12.02	14:00:00	489920.00	492980.00	489700.00	492280.00	4697	31081	1
2025.12.02	14:20:00	492240.00	495640.00	492220.00	494080.00	6931	44441	1
2025.12.02	14:40:00	494200.00	495040.00	492760.00	493220.00	4175	25414	1
2025.12.02	15:00:00	493220.00	495660.00	492980.00	495460.00	4938	26979	1
2025.12.02	15:20:00	495460.00	497360.00	494780.00	495560.00	6046	37429	1
2025.12.02	15:40:00	495500.00	496400.00	494800.00	495840.00	3248	18609	1
2025.12.02	16:00:00	495780.00	497340.00	495660.00	496020.00	3536	21331	1
2025.12.02	16:20:00	496040.00	497300.00	495240.00	497180.00	2973	18961	1
2025.12.02	16:40:00	497160.00	497440.00	495060.00	495260.00	3148	21533	1
2025.12.02	17:00:00	495220.00	495460.00	491540.00	491740.00	6467	46109	1
2025.12.02	17:20:00	491760.00	492700.00	488760.00	489140.00	5956	49272	1
2025.12.02	17:40:00	489220.00	491200.00	488980.00	490120.00	3794	26247	1
2025.12.02	18:00:00	490160.00	491600.00	489760.00	491460.00	1750	11765	1
2025.12.02	18:20:00	491560.00	492600.00	490660.00	492100.00	523	4727	1
2025.12.03	09:00:00	499860.00	500380.00	498320.00	498520.00	3604	15727	1
2025.12.03	09:20:00	498560.00	499260.00	497820.00	498820.00	3679	15692	1
2025.12.03	09:40:00	498800.00	499880.00	498140.00	499480.00	3009	12595	1
2025.12.03	10:00:00	499460.00	500480.00	498520.00	500000.00	4518	17787	1
2025.12.03	10:20:00	500040.00	500240.00	498220.00	498300.00	4469	17189	1
2025.12.03	10:40:00	498260.00	500240.00	498240.00	499940.00	3143	13801	1
2025.12.03	11:00:00	500000.00	500140.00	492320.00	495980.00	15797	80336	1
2025.12.03	11:20:00	495960.00	497440.00	493960.00	496420.00	7222	39553	1
2025.12.03	11:40:00	496320.00	501880.00	495080.00	495080.00	12275	64489	1
2025.12.03	12:00:00	495160.00	498740.00	493960.00	494100.00	8452	46390	1
2025.12.03	12:20:00	494020.00	497260.00	492540.00	494740.00	8094	46885	1
2025.12.03	12:40:00	494780.00	496720.00	494360.00	494660.00	4148	25430	1
2025.12.03	13:00:00	494740.00	495260.00	491360.00	493600.00	6171	37067	1
2025.12.03	13:20:00	493440.00	496700.00	492480.00	495940.00	5746	34853	1
2025.12.03	13:40:00	495940.00	497000.00	494460.00	494700.00	4699	27083	1
2025.12.03	14:00:00	494700.00	496860.00	494000.00	494380.00	4069	25654	1
2025.12.03	14:20:00	494340.00	497680.00	494320.00	497400.00	4179	26202	1
2025.12.03	14:40:00	497420.00	498960.00	496500.00	498400.00	5144	28950	1
2025.12.03	15:00:00	498420.00	501500.00	498340.00	498460.00	6654	34513	1
2025.12.03	15:20:00	498440.00	499620.00	498140.00	498900.00	3329	19707	1
2025.12.03	15:40:00	498980.00	499540.00	495080.00	496520.00	6190	35534	1
2025.12.03	16:00:00	496460.00	497840.00	495860.00	497460.00	4548	29351	1
2025.12.03	16:20:00	497360.00	497920.00	496680.00	497020.00	2428	16097	1
2025.12.03	16:40:00	497040.00	499520.00	497040.00	499080.00	3257	20749	1
2025.12.03	17:00:00	499080.00	499780.00	497740.00	499100.00	2893	16999	1
2025.12.03	17:20:00	499180.00	499440.00	498360.00	498960.00	1081	7666	1
2025.12.03	17:40:00	499000.00	500720.00	497820.00	498420.00	2787	19510	1
2025.12.03	18:00:00	498220.00	499760.00	497700.00	499660.00	1730	10893	1
2025.12.03	18:20:00	499700.00	500660.00	499360.00	500440.00	509	4372	1
2025.12.04	09:00:00	497980.00	498620.00	496840.00	496880.00	2599	10249	1
2025.12.04	09:20:00	496880.00	498440.00	496460.00	497940.00	3963	15187	1
2025.12.04	09:40:00	497980.00	499420.00	497880.00	497900.00	4228	14845	1
2025.12.04	10:00:00	497880.00	498300.00	494880.00	495600.00	6917	28292	1
2025.12.04	10:20:00	495660.00	496660.00	494620.00	496040.00	5083	20038	1
2025.12.04	10:40:00	496020.00	496400.00	493760.00	494080.00	4879	19847	1
2025.12.04	11:00:00	494100.00	495200.00	493840.00	494600.00	2919	14622	1
2025.12.04	11:20:00	494520.00	496020.00	493380.00	494420.00	7536	40146	1
2025.12.04	11:40:00	494800.00	495720.00	490180.00	491060.00	7499	47251	1
2025.12.04	12:00:00	490920.00	496320.00	490840.00	496220.00	7264	44144	1
2025.12.04	12:20:00	496220.00	498260.00	493400.00	498120.00	6505	36883	1
2025.12.04	12:40:00	498120.00	498140.00	495220.00	496800.00	4253	22709	1
2025.12.04	13:00:00	496780.00	497720.00	493840.00	497700.00	4749	30120	1
2025.12.04	13:20:00	497680.00	498100.00	494860.00	495280.00	4799	27539	1
2025.12.04	13:40:00	495280.00	496160.00	493340.00	494680.00	4560	27402	1
2025.12.04	14:00:00	494660.00	495340.00	492580.00	492900.00	4783	26851	1
2025.12.04	14:20:00	493060.00	494640.00	492320.00	492540.00	3784	22711	1
2025.12.04	14:40:00	492540.00	495660.00	491780.00	495240.00	4317	27227	1
2025.12.04	15:00:00	495240.00	495580.00	493900.00	494360.00	3243	19246	1
2025.12.04	15:20:00	494440.00	496560.00	494400.00	495400.00	3104	16236	1
2025.12.04	15:40:00	495400.00	495400.00	492840.00	493980.00	4428	25441	1
2025.12.04	16:00:00	494000.00	494340.00	488900.00	488940.00	6147	39938	1
2025.12.04	16:20:00	488940.00	492480.00	487200.00	492080.00	6587	39498	1
2025.12.04	16:40:00	492000.00	493640.00	491820.00	493060.00	3557	22451	1
2025.12.04	17:00:00	493000.00	494480.00	491540.00	494060.00	4209	27731	1
2025.12.04	17:20:00	494040.00	494760.00	493000.00	494420.00	2410	16563	1
2025.12.04	17:40:00	494460.00	496320.00	493900.00	496020.00	2639	21163	1
2025.12.04	18:00:00	495960.00	497060.00	495120.00	495480.00	1922	15450	1
2025.12.04	18:20:00	495460.00	495460.00	494440.00	494440.00	257	1690	1
2025.12.05	09:00:00	489420.00	489680.00	488140.00	489060.00	2745	12335	1
2025.12.05	09:20:00	489060.00	489480.00	487760.00	489100.00	2485	9043	1
2025.12.05	09:40:00	489100.00	489280.00	488260.00	488980.00	1519	7092	1
2025.12.05	10:00:00	488940.00	490140.00	487500.00	488300.00	6443	26532	1
2025.12.05	10:20:00	488400.00	488460.00	485440.00	485560.00	7491	32187	1
2025.12.05	10:40:00	485620.00	486820.00	484020.00	485640.00	9118	38545	1
2025.12.05	11:00:00	485660.00	487460.00	485000.00	485620.00	4953	24273	1
2025.12.05	11:20:00	485620.00	488540.00	485080.00	485500.00	7850	40187	1
2025.12.05	11:40:00	485480.00	487580.00	484400.00	486800.00	7003	37699	1
2025.12.05	12:00:00	486980.00	493300.00	486980.00	489640.00	12081	60217	1
2025.12.05	12:20:00	489700.00	492480.00	489580.00	490540.00	4972	28823	1
2025.12.05	12:40:00	490580.00	491100.00	488760.00	490780.00	5814	38614	1
2025.12.05	13:00:00	490600.00	490720.00	484380.00	484940.00	9080	63040	1
2025.12.05	13:20:00	484800.00	487500.00	482500.00	483200.00	7039	46495	1
2025.12.05	13:40:00	483200.00	485760.00	480840.00	484360.00	7166	47576	1
2025.12.05	14:00:00	484220.00	484860.00	482040.00	483560.00	4541	32274	1
2025.12.05	14:20:00	483560.00	484580.00	481860.00	483860.00	5049	34101	1
2025.12.05	14:40:00	483900.00	489120.00	483500.00	488280.00	5022	31315	1
2025.12.05	15:00:00	488220.00	491640.00	487880.00	489800.00	3865	25111	1
2025.12.05	15:20:00	489740.00	491820.00	487300.00	490860.00	4920	32012	1
2025.12.05	15:40:00	490860.00	492460.00	488840.00	491760.00	4183	29030	1
2025.12.05	16:00:00	491700.00	492940.00	489900.00	492160.00	3799	26248	1
2025.12.05	16:20:00	492040.00	492960.00	490880.00	492320.00	3345	27625	1
2025.12.05	16:40:00	492320.00	492800.00	490060.00	491620.00	2983	22029	1
2025.12.05	17:00:00	491620.00	492920.00	489920.00	492320.00	2698	21783	1
2025.12.05	17:20:00	492220.00	493180.00	490640.00	490900.00	2010	16403	1
2025.12.05	17:40:00	490820.00	491700.00	490500.00	491400.00	1832	17312	1
2025.12.05	18:00:00	491320.00	492020.00	489980.00	490980.00	2114	23313	1
2025.12.05	18:20:00	490920.00	491680.00	490280.00	490460.00	275	2186	1
2025.12.08	09:00:00	503000.00	504580.00	501360.00	503320.00	2731	14109	1
2025.12.08	09:20:00	503200.00	503360.00	499920.00	499980.00	3288	14086	1
2025.12.08	09:40:00	499900.00	501660.00	499400.00	501240.00	3060	11546	1
2025.12.08	10:00:00	501220.00	503240.00	497600.00	499160.00	6243	24674	1
2025.12.08	10:20:00	499060.00	500620.00	498520.00	498900.00	3052	12428	1
2025.12.08	10:40:00	498760.00	499220.00	496900.00	497280.00	4752	19677	1
2025.12.08	11:00:00	497200.00	498540.00	496940.00	497800.00	3239	11064	1
2025.12.08	11:20:00	497740.00	498920.00	494480.00	495880.00	9106	35259	1
2025.12.08	11:40:00	495920.00	500440.00	495120.00	496600.00	8030	40900	1
2025.12.08	12:00:00	496620.00	498520.00	493760.00	496140.00	6939	40589	1
2025.12.08	12:20:00	496100.00	496580.00	492220.00	493740.00	6034	36171	1
2025.12.08	12:40:00	493620.00	495280.00	492380.00	493660.00	4216	24622	1
2025.12.08	13:00:00	493740.00	494260.00	492060.00	493760.00	3487	18296	1
2025.12.08	13:20:00	493740.00	495720.00	493440.00	495240.00	3492	19190	1
2025.12.08	13:40:00	495280.00	495480.00	492260.00	493520.00	3291	19008	1
2025.12.08	14:00:00	493280.00	495160.00	492180.00	494020.00	3163	17829	1
2025.12.08	14:20:00	494020.00	494520.00	491140.00	491740.00	4616	27854	1
2025.12.08	14:40:00	491660.00	494240.00	490820.00	493780.00	4765	28726	1
2025.12.08	15:00:00	493620.00	494840.00	493100.00	494740.00	2757	15694	1
2025.12.08	15:20:00	494760.00	495220.00	492020.00	493220.00	3587	21151	1
2025.12.08	15:40:00	493280.00	494540.00	489980.00	491120.00	3495	21010	1
2025.12.08	16:00:00	491060.00	493080.00	490680.00	492520.00	2675	14676	1
2025.12.08	16:20:00	492600.00	494040.00	491500.00	492540.00	2486	17786	1
2025.12.08	16:40:00	492520.00	493900.00	491740.00	492220.00	2287	13596	1
2025.12.08	17:00:00	492280.00	494900.00	492220.00	494660.00	2471	15704	1
2025.12.08	17:20:00	494680.00	495420.00	493440.00	495100.00	2261	15085	1
2025.12.08	17:40:00	495080.00	497760.00	494900.00	496760.00	2824	18140	1
2025.12.08	18:00:00	496740.00	498120.00	496100.00	497580.00	1216	7758	1
2025.12.08	18:20:00	497420.00	498560.00	497060.00	498360.00	372	2514	1
2025.12.09	09:00:00	496140.00	497020.00	493960.00	496880.00	3430	17681	1
2025.12.09	09:20:00	496940.00	497960.00	495960.00	497660.00	3591	12693	1
2025.12.09	09:40:00	497760.00	499220.00	497440.00	498940.00	3495	14039	1
2025.12.09	10:00:00	498960.00	499540.00	498000.00	498780.00	4399	15324	1
2025.12.09	10:20:00	498780.00	501820.00	498480.00	500300.00	6122	22496	1
2025.12.09	10:40:00	500340.00	500340.00	497000.00	498340.00	5444	20270	1
2025.12.09	11:00:00	498360.00	499420.00	497720.00	497800.00	3134	11003	1
2025.12.09	11:20:00	497760.00	498900.00	495640.00	497600.00	6216	29718	1
2025.12.09	11:40:00	497640.00	497880.00	495760.00	497600.00	3791	19752	1
2025.12.09	12:00:00	497660.00	503000.00	497420.00	499740.00	9267	49252	1
2025.12.09	12:20:00	499740.00	501800.00	498420.00	501640.00	4734	28016	1
2025.12.09	12:40:00	501720.00	508500.00	500940.00	507620.00	8565	48502	1
2025.12.09	13:00:00	507540.00	512720.00	507540.00	511040.00	8672	50585	1
2025.12.09	13:20:00	511040.00	514900.00	510820.00	513760.00	6961	39009	1
2025.12.09	13:40:00	513780.00	517640.00	513740.00	516300.00	6997	45090	1
2025.12.09	14:00:00	516320.00	518320.00	514200.00	514460.00	5424	34269	1
2025.12.09	14:20:00	514420.00	515480.00	512720.00	513640.00	4794	29513	1
2025.12.09	14:40:00	513580.00	516080.00	513400.00	515560.00	4206	23580	1
2025.12.09	15:00:00	515580.00	516460.00	513860.00	516340.00	5176	25235	1
2025.12.09	15:20:00	516340.00	516540.00	514700.00	515040.00	3442	17415	1
2025.12.09	15:40:00	515080.00	515360.00	513380.00	514660.00	2654	15325	1
2025.12.09	16:00:00	514640.00	515780.00	513380.00	515200.00	2950	15179	1
2025.12.09	16:20:00	515100.00	516040.00	514540.00	514640.00	2453	11457	1
2025.12.09	16:40:00	514640.00	514940.00	513260.00	513920.00	2519	12011	1
2025.12.09	17:00:00	513880.00	514000.00	510600.00	511180.00	4220	21325	1
2025.12.09	17:20:00	511180.00	511580.00	508060.00	509980.00	5124	31041	1
2025.12.09	17:40:00	509980.00	510900.00	509200.00	510180.00	2200	14186	1
2025.12.09	18:00:00	510180.00	510840.00	509200.00	509280.00	1356	9032	1
2025.12.09	18:20:00	509240.00	510180.00	508900.00	510160.00	373	2865	1
2025.12.10	09:00:00	504600.00	504600.00	502340.00	503160.00	2705	13168	1
2025.12.10	09:20:00	503180.00	504340.00	502040.00	502260.00	2963	11725	1
2025.12.10	09:40:00	502260.00	504680.00	502220.00	504360.00	2920	11778	1
2025.12.10	10:00:00	504380.00	506860.00	504100.00	506860.00	4229	17781	1
2025.12.10	10:20:00	506760.00	507720.00	505580.00	506600.00	4916	19609	1
2025.12.10	10:40:00	506540.00	506740.00	505440.00	506540.00	2654	9379	1
2025.12.10	11:00:00	506560.00	506840.00	505360.00	506280.00	2350	10837	1
2025.12.10	11:20:00	506220.00	506660.00	504600.00	504980.00	3716	18347	1
2025.12.10	11:40:00	505080.00	506220.00	503540.00	505260.00	4984	29060	1
2025.12.10	12:00:00	505220.00	506640.00	504440.00	506220.00	3527	18129	1
2025.12.10	12:20:00	506260.00	507480.00	505260.00	507460.00	3733	20118	1
2025.12.10	12:40:00	507460.00	508240.00	506540.00	508040.00	2990	14954	1
2025.12.10	13:00:00	508040.00	510300.00	506920.00	510260.00	3903	21360	1
2025.12.10	13:20:00	510280.00	510960.00	508600.00	509360.00	4292	21877	1
2025.12.10	13:40:00	509200.00	509400.00	507280.00	507840.00	2681	13452	1
2025.12.10	14:00:00	507840.00	510220.00	507440.00	509920.00	2327	11578	1
2025.12.10	14:20:00	509840.00	510600.00	508480.00	509640.00	2922	16980	1
2025.12.10	14:40:00	509600.00	510420.00	509260.00	509940.00	1783	9688	1
2025.12.10	15:00:00	509880.00	510060.00	508560.00	508700.00	1923	10637	1
2025.12.10	15:20:00	508640.00	513460.00	507280.00	513300.00	5505	31687	1
2025.12.10	15:40:00	513260.00	513460.00	508280.00	510480.00	6985	39079	1
2025.12.10	16:00:00	510400.00	514280.00	506720.00	510920.00	10427	50879	1
2025.12.10	16:20:00	510820.00	513520.00	509200.00	513180.00	7777	38769	1
2025.12.10	16:40:00	513120.00	513420.00	509940.00	512120.00	6311	32257	1
2025.12.10	17:00:00	512140.00	519640.00	510200.00	515640.00	7528	50752	1
2025.12.10	17:20:00	515620.00	517060.00	513080.00	515520.00	4446	32798	1
2025.12.10	17:40:00	515440.00	517020.00	508700.00	509660.00	4518	33764	1
2025.12.10	18:00:00	509680.00	510560.00	506160.00	508800.00	3391	23768	1
2025.12.10	18:20:00	509080.00	509960.00	508680.00	508680.00	225	1529	1
2025.12.11	09:00:00	497160.00	497160.00	494620.00	495800.00	2112	9150	1
2025.12.11	09:20:00	495800.00	496880.00	495500.00	495780.00	1618	6515	1
2025.12.11	09:40:00	495780.00	496120.00	492920.00	493180.00	2876	9849	1
2025.12.11	10:00:00	493180.00	494060.00	491520.00	492160.00	3785	16453	1
2025.12.11	10:20:00	492120.00	492900.00	490800.00	491760.00	4041	17953	1
2025.12.11	10:40:00	491760.00	492860.00	491300.00	492200.00	2521	10164	1
2025.12.11	11:00:00	492200.00	492700.00	490980.00	492380.00	2602	14372	1
2025.12.11	11:20:00	492420.00	494000.00	490280.00	493520.00	6081	31841	1
2025.12.11	11:40:00	493520.00	494280.00	487340.00	488280.00	9046	55679	1
2025.12.11	12:00:00	488300.00	492160.00	487420.00	492060.00	5626	34530	1
2025.12.11	12:20:00	492120.00	493360.00	488540.00	488660.00	4896	27671	1
2025.12.11	12:40:00	488600.00	489780.00	487340.00	488680.00	3791	23425	1
2025.12.11	13:00:00	488620.00	489500.00	485740.00	486880.00	4102	26420	1
2025.12.11	13:20:00	486920.00	488900.00	486200.00	488680.00	3115	19286	1
2025.12.11	13:40:00	488660.00	490140.00	487160.00	487760.00	3165	18083	1
2025.12.11	14:00:00	487880.00	489180.00	487320.00	489100.00	1927	11898	1
2025.12.11	14:20:00	489100.00	491280.00	489100.00	490760.00	3432	18659	1
2025.12.11	14:40:00	490880.00	491140.00	489660.00	490000.00	1612	10162	1
2025.12.11	15:00:00	489980.00	492200.00	489180.00	492100.00	2803	16892	1
2025.12.11	15:20:00	492040.00	493020.00	491380.00	492820.00	2376	14156	1
2025.12.11	15:40:00	492880.00	496040.00	491800.00	492880.00	6349	40225	1
2025.12.11	16:00:00	492860.00	494580.00	492460.00	494300.00	2509	14939	1
2025.12.11	16:20:00	494320.00	497780.00	493560.00	497120.00	3812	20101	1
2025.12.11	16:40:00	497140.00	497600.00	493640.00	494200.00	3420	21429	1
2025.12.11	17:00:00	494220.00	497720.00	494000.00	496160.00	2926	16265	1
2025.12.11	17:20:00	496200.00	497800.00	494800.00	497660.00	3441	20931	1
2025.12.11	17:40:00	497680.00	499720.00	497520.00	499320.00	3297	21944	1
2025.12.11	18:00:00	499300.00	507680.00	498940.00	505720.00	4148	31366	1
2025.12.11	18:20:00	505780.00	508540.00	504980.00	508540.00	646	2664	1
2025.12.12	09:00:00	506120.00	506120.00	501600.00	502940.00	1751	9666	1
2025.12.12	09:20:00	502920.00	502960.00	501560.00	502040.00	1689	6072	1
2025.12.12	09:40:00	502040.00	503160.00	501240.00	502440.00	3078	11188	1
2025.12.12	10:00:00	502480.00	502680.00	500100.00	501400.00	3006	11238	1
2025.12.12	10:20:00	501300.00	501520.00	500100.00	500940.00	2210	8410	1
2025.12.12	10:40:00	500880.00	501320.00	499800.00	500520.00	2078	8355	1
2025.12.12	11:00:00	500520.00	501120.00	499680.00	500320.00	2213	11217	1
2025.12.12	11:20:00	500320.00	502160.00	498180.00	500920.00	5675	32041	1
2025.12.12	11:40:00	500900.00	502360.00	499500.00	500680.00	4859	29397	1
2025.12.12	12:00:00	500620.00	501000.00	497920.00	498460.00	4417	27070	1
2025.12.12	12:20:00	498520.00	499580.00	492300.00	493560.00	7971	55224	1
2025.12.12	12:40:00	493600.00	493680.00	488780.00	489620.00	6779	45221	1
2025.12.12	13:00:00	489660.00	490540.00	488400.00	489980.00	4083	27218	1
2025.12.12	13:20:00	490060.00	492620.00	487720.00	488140.00	6822	44931	1
2025.12.12	13:40:00	488180.00	490360.00	487180.00	489520.00	4636	29149	1
2025.12.12	14:00:00	489460.00	492760.00	489100.00	491820.00	3403	22046	1
2025.12.12	14:20:00	491780.00	492140.00	488360.00	489600.00	4076	25645	1
2025.12.12	14:40:00	489440.00	490240.00	488120.00	489400.00	1852	11177	1
2025.12.12	15:00:00	489420.00	491840.00	489080.00	491340.00	2592	16059	1
2025.12.12	15:20:00	491280.00	492320.00	490180.00	492140.00	2042	11794	1
2025.12.12	15:40:00	492220.00	492640.00	490720.00	491320.00	2449	11993	1
2025.12.12	16:00:00	491400.00	491660.00	489720.00	490300.00	2764	16564	1
2025.12.12	16:20:00	490300.00	491840.00	490240.00	490600.00	2008	12140	1
2025.12.12	16:40:00	490720.00	491380.00	490120.00	491080.00	1234	8098	1
2025.12.12	17:00:00	490920.00	491500.00	489800.00	490780.00	1661	9784	1
2025.12.12	17:20:00	490740.00	491140.00	489540.00	490040.00	1499	11862	1
2025.12.12	17:40:00	490020.00	492480.00	489960.00	491520.00	2555	19249	1
2025.12.12	18:00:00	491540.00	492860.00	491200.00	491300.00	1383	11066	1
2025.12.12	18:20:00	491360.00	491620.00	490500.00	491620.00	310	2374	1
2025.12.15	09:00:00	486480.00	487940.00	485440.00	486540.00	2823	13024	1
2025.12.15	09:20:00	486560.00	487840.00	486520.00	486680.00	2108	7788	1
2025.12.15	09:40:00	486720.00	487040.00	485860.00	486020.00	2215	8086	1
2025.12.15	10:00:00	486020.00	486020.00	484520.00	484880.00	4782	18089	1
2025.12.15	10:20:00	484860.00	485260.00	483660.00	484040.00	2916	10694	1
2025.12.15	10:40:00	484100.00	485180.00	484100.00	484560.00	2014	7852	1
2025.12.15	11:00:00	484580.00	486660.00	484480.00	486180.00	4344	20988	1
2025.12.15	11:20:00	486180.00	487480.00	483380.00	485460.00	7603	41092	1
2025.12.15	11:40:00	485580.00	486280.00	477580.00	478300.00	9384	53540	1
2025.12.15	12:00:00	478220.00	478700.00	472560.00	473000.00	10575	64268	1
2025.12.15	12:20:00	473000.00	474460.00	470760.00	470920.00	7536	43963	1
2025.12.15	12:40:00	470900.00	474460.00	470540.00	472340.00	5492	28988	1
2025.12.15	13:00:00	472400.00	473100.00	470820.00	472040.00	3234	17539	1
2025.12.15	13:20:00	472060.00	472580.00	468580.00	468680.00	4188	23576	1
2025.12.15	13:40:00	468700.00	469840.00	467300.00	469200.00	5336	29840	1
2025.12.15	14:00:00	469160.00	469860.00	467760.00	467920.00	2470	14835	1
2025.12.15	14:20:00	467920.00	469260.00	465860.00	465860.00	4664	26520	1
2025.12.15	14:40:00	465920.00	467560.00	465600.00	466660.00	3614	19509	1
2025.12.15	15:00:00	466640.00	467940.00	465760.00	467080.00	3669	21573	1
2025.12.15	15:20:00	467020.00	467240.00	463940.00	465440.00	4720	25665	1
2025.12.15	15:40:00	465300.00	469720.00	465260.00	469440.00	4920	27491	1
2025.12.15	16:00:00	469320.00	471540.00	467680.00	469300.00	6193	36256	1
2025.12.15	16:20:00	469400.00	470560.00	468760.00	469620.00	3347	19495	1
2025.12.15	16:40:00	469760.00	469860.00	468020.00	469000.00	2980	16701	1
2025.12.15	17:00:00	468980.00	469280.00	466380.00	466880.00	4033	23947	1
2025.12.15	17:20:00	466820.00	468400.00	465820.00	467940.00	3061	19237	1
2025.12.15	17:40:00	467900.00	468040.00	466640.00	467180.00	2085	14196	1
2025.12.15	18:00:00	467020.00	467220.00	465320.00	466500.00	2580	22388	1
2025.12.15	18:20:00	466480.00	468020.00	466400.00	467560.00	517	4056	1
2025.12.16	09:00:00	474020.00	478200.00	474020.00	475380.00	4318	20544	1
2025.12.16	09:20:00	475440.00	476380.00	473820.00	475200.00	3955	14771	1
2025.12.16	09:40:00	475220.00	477580.00	475100.00	475960.00	2368	8122	1
2025.12.16	10:00:00	476040.00	477140.00	474880.00	476100.00	2325	8613	1
2025.12.16	10:20:00	476160.00	478380.00	472740.00	475240.00	7024	26985	1
2025.12.16	10:40:00	475180.00	476820.00	471880.00	472380.00	5374	21702	1
2025.12.16	11:00:00	472400.00	476580.00	470540.00	475920.00	7924	32166	1
2025.12.16	11:20:00	475900.00	478460.00	474600.00	477760.00	6108	28586	1
2025.12.16	11:40:00	477760.00	480380.00	475220.00	477780.00	6821	38117	1
2025.12.16	12:00:00	477860.00	478940.00	476060.00	477820.00	4376	25335	1
2025.12.16	12:20:00	477820.00	479900.00	476940.00	478900.00	3129	16973	1
2025.12.16	12:40:00	478820.00	483900.00	478440.00	483040.00	5550	33149	1
2025.12.16	13:00:00	482980.00	483100.00	480500.00	481780.00	3851	23612	1
2025.12.16	13:20:00	481840.00	483300.00	480260.00	480480.00	3936	22912	1
2025.12.16	13:40:00	480420.00	481840.00	479820.00	480140.00	3048	16408	1
2025.12.16	14:00:00	480180.00	481200.00	479300.00	480380.00	2986	16552	1
2025.12.16	14:20:00	480340.00	480440.00	478100.00	478400.00	2944	16088	1
2025.12.16	14:40:00	478360.00	478560.00	477360.00	477560.00	2406	13528	1
2025.12.16	15:00:00	477620.00	480240.00	477300.00	478780.00	4070	25626	1
2025.12.16	15:20:00	478840.00	481320.00	478540.00	481180.00	2896	16806	1
2025.12.16	15:40:00	481240.00	482840.00	481180.00	481760.00	2926	15797	1
2025.12.16	16:00:00	481660.00	481800.00	478880.00	478900.00	2390	12083	1
2025.12.16	16:20:00	478920.00	480680.00	478820.00	479580.00	2241	14995	1
2025.12.16	16:40:00	479440.00	481620.00	479200.00	480320.00	1675	8454	1
2025.12.16	17:00:00	480300.00	481260.00	479740.00	480200.00	1323	9544	1
2025.12.16	17:20:00	480160.00	482020.00	480100.00	481700.00	1539	11898	1
2025.12.16	17:40:00	481800.00	482340.00	480780.00	480780.00	1641	12912	1
2025.12.16	18:00:00	480780.00	485480.00	480600.00	484900.00	2031	18256	1
2025.12.16	18:20:00	484980.00	486820.00	484260.00	484820.00	827	7187	1
2025.12.17	09:00:00	481940.00	482240.00	479620.00	480220.00	3068	14666	1
2025.12.17	09:20:00	480280.00	480360.00	478840.00	479560.00	2767	10922	1
2025.12.17	09:40:00	479600.00	480960.00	478820.00	479680.00	3034	12118	1
2025.12.17	10:00:00	479640.00	482700.00	478860.00	479600.00	4756	18936	1
2025.12.17	10:20:00	479620.00	483440.00	479540.00	482300.00	4163	15564	1
2025.12.17	10:40:00	482360.00	485480.00	481740.00	483520.00	4616	17317	1
2025.12.17	11:00:00	483780.00	485100.00	482560.00	484640.00	3036	13187	1
2025.12.17	11:20:00	484660.00	485780.00	482340.00	482460.00	4317	20063	1
2025.12.17	11:40:00	482440.00	494520.00	481220.00	494320.00	10566	58447	1
2025.12.17	12:00:00	494220.00	499080.00	493560.00	497280.00	12298	70056	1
2025.12.17	12:20:00	497240.00	498760.00	494840.00	495780.00	6602	39029	1
2025.12.17	12:40:00	495580.00	496060.00	483060.00	483360.00	14232	79109	1
2025.12.17	13:00:00	483280.00	486560.00	479460.00	479720.00	8527	52660	1
2025.12.17	13:20:00	479720.00	480420.00	477280.00	478600.00	7245	47980	1
2025.12.17	13:40:00	478700.00	482260.00	477800.00	482020.00	4603	31628	1
2025.12.17	14:00:00	481980.00	482040.00	478360.00	480880.00	4378	30658	1
2025.12.17	14:20:00	480760.00	481720.00	478600.00	478600.00	2874	17168	1
2025.12.17	14:40:00	478580.00	478880.00	476820.00	477960.00	3633	21764	1
2025.12.17	15:00:00	477980.00	480780.00	477980.00	478880.00	3973	25934	1
2025.12.17	15:20:00	478860.00	479940.00	477900.00	477980.00	2218	15625	1
2025.12.17	15:40:00	477980.00	478120.00	474320.00	475120.00	4931	32859	1
2025.12.17	16:00:00	475180.00	475320.00	472040.00	474680.00	5426	39827	1
2025.12.17	16:20:00	474720.00	475900.00	473460.00	475460.00	3579	25773	1
2025.12.17	16:40:00	475460.00	477240.00	474180.00	476400.00	3367	20064	1
2025.12.17	17:00:00	476440.00	476780.00	474100.00	476780.00	3284	19153	1
2025.12.17	17:20:00	476720.00	477360.00	474580.00	474640.00	2482	17463	1
2025.12.17	17:40:00	474740.00	476540.00	474520.00	475060.00	2163	15057	1
2025.12.17	18:00:00	475100.00	476020.00	474800.00	475020.00	1163	9377	1
2025.12.17	18:20:00	474920.00	475680.00	474680.00	474740.00	373	3342	1
2025.12.18	09:00:00	482200.00	483640.00	481900.00	482360.00	1684	8198	1
2025.12.18	09:20:00	482520.00	484140.00	481740.00	484040.00	3697	14875	1
2025.12.18	09:40:00	483960.00	486140.00	483500.00	485920.00	3991	17038	1
2025.12.18	10:00:00	485940.00	489260.00	485740.00	486660.00	5886	21452	1
2025.12.18	10:20:00	486640.00	491320.00	485980.00	489040.00	5438	20377	1
2025.12.18	10:40:00	489040.00	493740.00	488840.00	493220.00	6463	27836	1
2025.12.18	11:00:00	493320.00	495980.00	489060.00	492160.00	8657	41354	1
2025.12.18	11:20:00	492180.00	494320.00	487880.00	489220.00	7159	36717	1
2025.12.18	11:40:00	489240.00	490940.00	487300.00	490040.00	4384	23098	1
2025.12.18	12:00:00	490020.00	491300.00	486960.00	487980.00	3756	21152	1
2025.12.18	12:20:00	487880.00	493700.00	487440.00	493380.00	4580	29220	1
2025.12.18	12:40:00	493360.00	493660.00	488620.00	489080.00	4150	24768	1
2025.12.18	13:00:00	488980.00	489500.00	486660.00	487020.00	3787	23903	1
2025.12.18	13:20:00	487080.00	488060.00	485720.00	487780.00	3519	21569	1
2025.12.18	13:40:00	487820.00	488560.00	485960.00	486500.00	3217	19244	1
2025.12.18	14:00:00	486580.00	486700.00	475000.00	476860.00	9191	57328	1
2025.12.18	14:20:00	476820.00	477300.00	473320.00	476680.00	8578	52384	1
2025.12.18	14:40:00	476760.00	478980.00	476320.00	478000.00	4162	23312	1
2025.12.18	15:00:00	478000.00	479680.00	476820.00	477760.00	3686	23542	1
2025.12.18	15:20:00	477900.00	478520.00	476480.00	478460.00	3142	19064	1
2025.12.18	15:40:00	478500.00	478640.00	474060.00	475560.00	3708	23430	1
2025.12.18	16:00:00	475580.00	475840.00	471140.00	473260.00	5112	34163	1
2025.12.18	16:20:00	473120.00	474760.00	471160.00	471960.00	4346	26729	1
2025.12.18	16:40:00	471880.00	472260.00	467420.00	467680.00	6391	40175	1
2025.12.18	17:00:00	467600.00	471700.00	467300.00	470660.00	3548	24880	1
2025.12.18	17:20:00	470420.00	471380.00	469040.00	470480.00	2194	15801	1
2025.12.18	17:40:00	470620.00	471100.00	468360.00	468400.00	2034	15723	1
2025.12.18	18:00:00	468360.00	471880.00	468220.00	471640.00	2738	17670	1
2025.12.18	18:20:00	471600.00	472560.00	471140.00	472360.00	424	3100	1
2025.12.19	09:00:00	488000.00	489360.00	486160.00	488480.00	3818	15982	1
2025.12.19	09:20:00	488460.00	489280.00	488020.00	488060.00	1466	5366	1
2025.12.19	09:40:00	488100.00	489640.00	486900.00	487460.00	2702	10759	1
2025.12.19	10:00:00	487360.00	488320.00	486640.00	487400.00	2291	9330	1
2025.12.19	10:20:00	487320.00	488400.00	485700.00	487640.00	3252	12707	1
2025.12.19	10:40:00	487560.00	488120.00	485400.00	485820.00	2478	9970	1
2025.12.19	11:00:00	485900.00	488020.00	484700.00	486320.00	3390	14310	1
2025.12.19	11:20:00	486420.00	486560.00	482520.00	483480.00	4414	21060	1
2025.12.19	11:40:00	483480.00	488040.00	482260.00	486200.00	6453	39665	1
2025.12.19	12:00:00	486200.00	493120.00	485080.00	489460.00	6620	30353	1
2025.12.19	12:20:00	489400.00	490180.00	484920.00	486460.00	6769	30343	1
2025.12.19	12:40:00	486420.00	486620.00	483460.00	485420.00	3310	13380	1
2025.12.19	13:00:00	485440.00	488340.00	484800.00	486720.00	3572	14180	1
2025.12.19	13:20:00	486820.00	490320.00	486640.00	488280.00	3722	15872	1
2025.12.19	13:40:00	488280.00	488860.00	485000.00	485860.00	3544	15189	1
2025.12.19	14:00:00	485740.00	488020.00	485040.00	486880.00	3473	14885	1
2025.12.19	14:20:00	486920.00	487620.00	480620.00	482800.00	5756	28888	1
2025.12.19	14:40:00	482820.00	484180.00	480820.00	481620.00	4390	19063	1
2025.12.19	15:00:00	481720.00	483660.00	481160.00	483320.00	2554	10934	1
2025.12.19	15:20:00	483340.00	484300.00	481680.00	481740.00	2467	11133	1
2025.12.19	15:40:00	481740.00	483220.00	481160.00	482620.00	2028	8786	1
2025.12.19	16:00:00	482540.00	484880.00	482480.00	484600.00	2567	13495	1
2025.12.19	16:20:00	484580.00	487320.00	484460.00	486620.00	3771	20293	1
2025.12.19	16:40:00	486700.00	487580.00	485840.00	486100.00	2439	13254	1
2025.12.19	17:00:00	486160.00	487760.00	484740.00	487600.00	2843	14968	1
2025.12.19	17:20:00	487560.00	489280.00	486760.00	487540.00	3282	18467	1
2025.12.19	17:40:00	487620.00	489880.00	487420.00	488200.00	2496	13821	1
2025.12.19	18:00:00	488260.00	489080.00	487280.00	488620.00	1347	8106	1
2025.12.19	18:20:00	488620.00	489700.00	486740.00	486740.00	249	1209	1
2025.12.22	09:00:00	499060.00	500420.00	498040.00	500100.00	3020	11415	1
2025.12.22	09:20:00	500080.00	501160.00	498180.00	498540.00	3654	15511	1
2025.12.22	09:40:00	498480.00	499940.00	497700.00	499140.00	2697	10404	1
2025.12.22	10:00:00	499140.00	499740.00	497720.00	498700.00	3517	17625	1
2025.12.22	10:20:00	498720.00	499720.00	497840.00	498140.00	3014	14389	1
2025.12.22	10:40:00	498240.00	498880.00	497040.00	498280.00	4277	20105	1
2025.12.22	11:00:00	498360.00	500880.00	497940.00	500600.00	3727	22014	1
2025.12.22	11:20:00	500620.00	501840.00	497260.00	498300.00	5779	30360	1
2025.12.22	11:40:00	498340.00	501720.00	496700.00	500560.00	5205	28178	1
2025.12.22	12:00:00	500520.00	502240.00	497380.00	497800.00	5101	30991	1
2025.12.22	12:20:00	497780.00	498680.00	495280.00	496760.00	4761	28274	1
2025.12.22	12:40:00	496720.00	500380.00	496440.00	499600.00	3626	22427	1
2025.12.22	13:00:00	499680.00	501880.00	499080.00	501640.00	3291	20202	1
2025.12.22	13:20:00	501640.00	503540.00	499880.00	500240.00	4592	27177	1
2025.12.22	13:40:00	500200.00	501640.00	500020.00	500300.00	1925	12046	1
2025.12.22	14:00:00	500240.00	500420.00	497760.00	499280.00	3684	22679	1
2025.12.22	14:20:00	499320.00	500960.00	498680.00	500820.00	2540	16704	1
2025.12.22	14:40:00	500780.00	501080.00	498840.00	499720.00	2817	17540	1
2025.12.22	15:00:00	499800.00	501880.00	499700.00	501360.00	3130	20586	1
2025.12.22	15:20:00	501360.00	501660.00	500220.00	500580.00	1818	11220	1
2025.12.22	15:40:00	500480.00	500840.00	497980.00	498040.00	2407	16389	1
2025.12.22	16:00:00	498040.00	498160.00	495160.00	496160.00	4323	25907	1
2025.12.22	16:20:00	496100.00	496460.00	493280.00	494380.00	4277	25242	1
2025.12.22	16:40:00	494400.00	494480.00	491680.00	492160.00	3272	19265	1
2025.12.22	17:00:00	492200.00	493480.00	491280.00	492720.00	3885	25666	1
2025.12.22	17:20:00	492740.00	494220.00	491580.00	493140.00	3100	19780	1
2025.12.22	17:40:00	493080.00	495380.00	492980.00	494560.00	3128	18606	1
2025.12.22	18:00:00	494440.00	495420.00	494160.00	494380.00	1543	9774	1
2025.12.22	18:20:00	494440.00	495780.00	494320.00	494740.00	334	1637	1
2025.12.23	09:00:00	496670.55	499002.24	495920.35	496569.17	2788	12194	1
2025.12.23	09:20:00	496569.17	498069.56	496042.01	497562.67	2234	7683	1
2025.12.23	09:40:00	497542.40	498495.35	497116.61	497542.40	1810	7964	1
2025.12.23	10:00:00	497501.85	497562.67	496346.14	496853.03	1748	6769	1
2025.12.23	10:20:00	496934.13	498373.70	494987.68	496447.52	4253	16466	1
2025.12.23	10:40:00	496346.14	497359.92	494602.44	495839.25	3590	13261	1
2025.12.23	11:00:00	495798.70	496812.48	494926.85	495697.32	3232	12967	1
2025.12.23	11:20:00	495737.87	496792.20	493385.91	493771.14	3587	18095	1
2025.12.23	11:40:00	493669.76	495393.19	488337.29	489168.59	7303	37952	1
2025.12.23	12:00:00	489168.59	490993.39	488114.26	490892.01	4834	21438	1
2025.12.23	12:20:00	490851.46	491824.69	489736.30	491338.07	3028	18301	1
2025.12.23	12:40:00	491297.52	492128.82	490101.26	491662.48	1855	11594	1
2025.12.23	13:00:00	491723.31	495859.53	491013.66	494278.03	4478	25210	1
2025.12.23	13:20:00	494156.38	494683.54	492534.33	492797.91	1759	9641	1
2025.12.23	13:40:00	492797.91	495048.50	492757.36	494257.76	1811	9905	1
2025.12.23	14:00:00	494136.10	495778.42	493304.80	494541.61	2360	12899	1
2025.12.23	14:20:00	494541.61	495007.95	491926.06	492453.23	2513	13316	1
2025.12.23	14:40:00	492372.13	493507.56	489898.51	490060.71	3216	17247	1
2025.12.23	15:00:00	490040.44	493588.66	489999.88	492797.91	3152	14619	1
2025.12.23	15:20:00	492797.91	494642.99	492007.17	494115.83	2635	14238	1
2025.12.23	15:40:00	494257.76	494866.02	493608.94	494278.03	1663	9313	1
2025.12.23	16:00:00	494278.03	494602.44	492392.40	493953.62	2418	10454	1
2025.12.23	16:20:00	493913.07	494338.86	492351.85	493264.25	1900	7530	1
2025.12.23	16:40:00	493365.63	493426.46	491763.86	492047.72	1174	4581	1
2025.12.23	17:00:00	492149.10	494582.16	491115.04	493243.98	1510	5501	1
2025.12.23	17:20:00	493223.70	493548.11	491682.76	493081.77	853	3280	1
2025.12.23	17:40:00	492818.19	495149.88	491784.13	492372.13	2025	6897	1
2025.12.23	18:00:00	492392.40	494318.58	490810.91	491480.00	444	1546	1
2025.12.26	09:00:00	496620.00	499360.00	496360.00	499080.00	1788	10045	1
2025.12.26	09:20:00	499080.00	500400.00	499080.00	499900.00	1338	5935	1
2025.12.26	09:40:00	500000.00	500380.00	499000.00	499300.00	1157	5207	1
2025.12.26	10:00:00	499280.00	501120.00	498380.00	501060.00	2033	8393	1
2025.12.26	10:20:00	501020.00	501080.00	499800.00	500960.00	1570	6767	1
2025.12.26	10:40:00	500900.00	501700.00	500600.00	501040.00	1780	7148	1
2025.12.26	11:00:00	501140.00	501160.00	499780.00	500000.00	1626	7078	1
2025.12.26	11:20:00	500020.00	500560.00	497440.00	497520.00	3399	15491	1
2025.12.26	11:40:00	497480.00	497900.00	490020.00	490100.00	6480	38570	1
2025.12.26	12:00:00	490080.00	490080.00	484240.00	485980.00	6847	42451	1
2025.12.26	12:20:00	486000.00	488040.00	484920.00	486860.00	3222	18829	1
2025.12.26	12:40:00	486920.00	488360.00	486080.00	488180.00	2092	12863	1
2025.12.26	13:00:00	488360.00	489300.00	487660.00	488940.00	2133	12512	1
2025.12.26	13:20:00	488920.00	490180.00	488640.00	489720.00	1774	8863	1
2025.12.26	13:40:00	489860.00	490380.00	486940.00	487060.00	1922	9498	1
2025.12.26	14:00:00	487080.00	488080.00	486680.00	487380.00	1761	9479	1
2025.12.26	14:20:00	487320.00	489380.00	486820.00	488960.00	1831	8993	1
2025.12.26	14:40:00	488880.00	490420.00	488860.00	489920.00	1702	10826	1
2025.12.26	15:00:00	489920.00	490620.00	489580.00	490420.00	1106	5866	1
2025.12.26	15:20:00	490480.00	490740.00	489720.00	490260.00	885	4801	1
2025.12.26	15:40:00	490200.00	490820.00	489400.00	490020.00	1449	8240	1
2025.12.26	16:00:00	489980.00	490700.00	489820.00	490540.00	1064	6871	1
2025.12.26	16:20:00	490560.00	491560.00	490400.00	491340.00	1282	7160	1
2025.12.26	16:40:00	491320.00	491940.00	490960.00	491220.00	1301	7062	1
2025.12.26	17:00:00	491220.00	491940.00	490760.00	491700.00	1001	5384	1
2025.12.26	17:20:00	491720.00	492420.00	491580.00	492060.00	1197	7187	1
2025.12.26	17:40:00	492000.00	493000.00	491540.00	491740.00	1425	9405	1
2025.12.26	18:00:00	491660.00	492540.00	491140.00	491920.00	1137	7785	1
2025.12.26	18:20:00	491860.00	492200.00	491360.00	491360.00	233	1282	1
2025.12.29	09:00:00	491000.00	492380.00	488300.00	489080.00	3637	16662	1
2025.12.29	09:20:00	489100.00	491920.00	488320.00	491460.00	3540	15040	1
2025.12.29	09:40:00	491400.00	491980.00	490980.00	491940.00	1693	6797	1
2025.12.29	10:00:00	491940.00	493520.00	491700.00	493420.00	4165	17913	1
2025.12.29	10:20:00	493420.00	493640.00	491940.00	492320.00	2205	8585	1
2025.12.29	10:40:00	492260.00	493000.00	491460.00	492980.00	2366	8950	1
2025.12.29	11:00:00	492920.00	493800.00	491920.00	493180.00	2893	13822	1
2025.12.29	11:20:00	493220.00	497440.00	492500.00	496360.00	5537	28798	1
2025.12.29	11:40:00	496360.00	496680.00	492000.00	492840.00	3848	20920	1
2025.12.29	12:00:00	492860.00	495420.00	491540.00	494240.00	3909	20007	1
2025.12.29	12:20:00	494300.00	495540.00	493260.00	494420.00	2478	13159	1
2025.12.29	12:40:00	494460.00	494940.00	492820.00	493820.00	2001	10117	1
2025.12.29	13:00:00	493780.00	494960.00	493100.00	494660.00	1394	8045	1
2025.12.29	13:20:00	494440.00	495480.00	493280.00	494820.00	1534	8627	1
2025.12.29	13:40:00	494800.00	495840.00	494080.00	494860.00	1856	9882	1
2025.12.29	14:00:00	494880.00	495440.00	494120.00	494620.00	1257	6567	1
2025.12.29	14:20:00	494740.00	494900.00	493040.00	493900.00	1792	8167	1
2025.12.29	14:40:00	493960.00	496160.00	493860.00	496100.00	1924	10035	1
2025.12.29	15:00:00	495980.00	496880.00	495140.00	495820.00	2498	11726	1
2025.12.29	15:20:00	495800.00	496260.00	494680.00	494980.00	1547	7519	1
2025.12.29	15:40:00	494980.00	495360.00	493260.00	493680.00	2148	12482	1
2025.12.29	16:00:00	493620.00	495000.00	492680.00	494320.00	2359	13918	1
2025.12.29	16:20:00	494320.00	494800.00	493340.00	493760.00	1264	6248	1
2025.12.29	16:40:00	493780.00	493880.00	491920.00	492300.00	1748	10822	1
2025.12.29	17:00:00	492320.00	493540.00	491580.00	492700.00	2443	15609	1
2025.12.29	17:20:00	492660.00	492920.00	491540.00	491880.00	1170	7353	1
2025.12.29	17:40:00	491880.00	492080.00	490720.00	491580.00	1825	13059	1
2025.12.29	18:00:00	491540.00	492800.00	491380.00	492160.00	1216	9835	1
2025.12.29	18:20:00	492220.00	492320.00	491480.00	492220.00	282	1620	1
2025.12.30	09:00:00	494200.00	496980.00	492860.00	493200.00	2632	11217	1
2025.12.30	09:20:00	493160.00	493860.00	492400.00	492940.00	2356	9422	1
2025.12.30	09:40:00	492880.00	492980.00	491720.00	492060.00	2303	9876	1
2025.12.30	10:00:00	492020.00	492480.00	491300.00	491380.00	2011	7746	1
2025.12.30	10:20:00	491340.00	491860.00	490200.00	490800.00	3692	16725	1
2025.12.30	10:40:00	490840.00	491040.00	489900.00	490760.00	1967	8786	1
2025.12.30	11:00:00	490800.00	491700.00	488960.00	491560.00	3982	20250	1
2025.12.30	11:20:00	491520.00	492820.00	488960.00	488980.00	4239	23803	1
2025.12.30	11:40:00	488980.00	495560.00	488800.00	494700.00	5924	33910	1
2025.12.30	12:00:00	494600.00	495940.00	490940.00	491400.00	4977	25861	1
2025.12.30	12:20:00	491380.00	493420.00	490400.00	493220.00	2988	16060	1
2025.12.30	12:40:00	493360.00	496960.00	492740.00	495880.00	3670	20662	1
2025.12.30	13:00:00	495920.00	497140.00	494320.00	497100.00	3722	19803	1
2025.12.30	13:20:00	497120.00	497620.00	494680.00	494960.00	2969	15728	1
2025.12.30	13:40:00	495020.00	495060.00	493540.00	494500.00	2159	11803	1
2025.12.30	14:00:00	494420.00	495300.00	492920.00	493080.00	2275	12716	1
2025.12.30	14:20:00	493080.00	493720.00	492560.00	493320.00	1600	8391	1
2025.12.30	14:40:00	493320.00	493320.00	489920.00	490960.00	3186	17875	1
2025.12.30	15:00:00	490920.00	491460.00	490400.00	491340.00	1547	7584	1
2025.12.30	15:20:00	491420.00	492360.00	491140.00	491760.00	1331	6226	1
2025.12.30	15:40:00	491720.00	492020.00	490000.00	490900.00	1938	10716	1
2025.12.30	16:00:00	490980.00	490980.00	488580.00	489560.00	2591	12839	1
2025.12.30	16:20:00	489620.00	491320.00	489620.00	490440.00	1657	8520	1
2025.12.30	16:40:00	490440.00	490840.00	489640.00	490040.00	1008	6240	1
2025.12.30	17:00:00	490060.00	490300.00	489260.00	489780.00	1129	6151	1
2025.12.30	17:20:00	489740.00	489840.00	488240.00	488360.00	1649	9568	1
2025.12.30	17:40:00	488400.00	488660.00	486780.00	487320.00	1802	11947	1
2025.12.30	18:00:00	487360.00	488800.00	486980.00	488580.00	1192	9172	1
2025.12.30	18:20:00	488620.00	489060.00	487700.00	488280.00	300	1578	1
2026.01.02	09:00:00	496920.00	496920.00	494000.00	494840.00	2366	11914	1
2026.01.02	09:20:00	494840.00	495240.00	493560.00	493940.00	2536	12406	1
2026.01.02	09:40:00	493860.00	494040.00	491940.00	492160.00	1884	7978	1
2026.01.02	10:00:00	492100.00	493960.00	491920.00	493700.00	2247	9931	1
2026.01.02	10:20:00	493780.00	494080.00	492020.00	492240.00	1908	8151	1
2026.01.02	10:40:00	492160.00	492640.00	490760.00	491340.00	2841	12414	1
2026.01.02	11:00:00	491280.00	491780.00	487400.00	487960.00	3446	16966	1
2026.01.02	11:20:00	487920.00	490600.00	485820.00	490300.00	5671	30523	1
2026.01.02	11:40:00	490360.00	495920.00	490040.00	493060.00	6280	36098	1
2026.01.02	12:00:00	493140.00	494880.00	490620.00	491520.00	3976	22847	1
2026.01.02	12:20:00	491680.00	494400.00	489480.00	494400.00	3826	22228	1
2026.01.02	12:40:00	494340.00	495660.00	491400.00	492180.00	3711	22527	1
2026.01.02	13:00:00	492060.00	495900.00	491080.00	493900.00	4324	33327	1
2026.01.02	13:20:00	493820.00	499500.00	493600.00	497820.00	5127	34786	1
2026.01.02	13:40:00	497820.00	498480.00	494400.00	496480.00	4118	27185	1
2026.01.02	14:00:00	496540.00	499420.00	496480.00	498840.00	3341	19891	1
2026.01.02	14:20:00	498880.00	499380.00	496000.00	497200.00	3445	21499	1
2026.01.02	14:40:00	497240.00	497680.00	495360.00	496420.00	1915	10745	1
2026.01.02	15:00:00	496260.00	497640.00	495200.00	496540.00	2335	12226	1
2026.01.02	15:20:00	496580.00	497160.00	493940.00	494620.00	2382	15145	1
2026.01.02	15:40:00	494640.00	494900.00	491440.00	492940.00	3041	18808	1
2026.01.02	16:00:00	493020.00	494820.00	492300.00	493940.00	2157	13760	1
2026.01.02	16:20:00	493980.00	494480.00	492940.00	494240.00	1975	15131	1
2026.01.02	16:40:00	494160.00	494500.00	492940.00	493520.00	1091	6623	1
2026.01.02	17:00:00	493480.00	494600.00	492800.00	494140.00	1643	10125	1
2026.01.02	17:20:00	494140.00	494700.00	493280.00	493820.00	1182	8712	1
2026.01.02	17:40:00	493780.00	494240.00	492040.00	492760.00	1755	10591	1
2026.01.02	18:00:00	492700.00	493580.00	492600.00	493380.00	924	7800	1
2026.01.02	18:20:00	493460.00	493580.00	492340.00	493020.00	461	4186	1
2026.01.05	09:00:00	510260.00	512500.00	509240.00	511580.00	2990	12317	1
2026.01.05	09:20:00	511580.00	511580.00	509760.00	510120.00	2290	9362	1
2026.01.05	09:40:00	510100.00	511360.00	510060.00	510980.00	1600	7656	1
2026.01.05	10:00:00	511020.00	513160.00	510860.00	511840.00	2818	11456	1
2026.01.05	10:20:00	511820.00	512100.00	510720.00	511240.00	2279	8163	1
2026.01.05	10:40:00	511280.00	511380.00	509940.00	510720.00	2355	9840	1
2026.01.05	11:00:00	510660.00	511540.00	509420.00	509980.00	2890	11731	1
2026.01.05	11:20:00	509820.00	510880.00	507320.00	510040.00	5409	26892	1
2026.01.05	11:40:00	510040.00	515200.00	509700.00	513940.00	8482	45000	1
2026.01.05	12:00:00	513920.00	515460.00	511960.00	514200.00	4690	24209	1
2026.01.05	12:20:00	514280.00	514520.00	511120.00	513600.00	4456	26604	1
2026.01.05	12:40:00	513560.00	515780.00	513460.00	514840.00	2829	17038	1
2026.01.05	13:00:00	514920.00	516140.00	513900.00	514740.00	2721	16886	1
2026.01.05	13:20:00	514700.00	515400.00	513300.00	513680.00	2506	14245	1
2026.01.05	13:40:00	513700.00	514440.00	512620.00	513060.00	2268	13795	1
2026.01.05	14:00:00	513240.00	513680.00	511880.00	512040.00	2656	17157	1
2026.01.05	14:20:00	511980.00	512780.00	510120.00	512000.00	3795	20678	1
2026.01.05	14:40:00	512020.00	515940.00	512020.00	515540.00	3833	22734	1
2026.01.05	15:00:00	515400.00	515900.00	513360.00	513420.00	2867	15132	1
2026.01.05	15:20:00	513480.00	514460.00	512780.00	512780.00	2046	10935	1
2026.01.05	15:40:00	512780.00	516560.00	512780.00	516180.00	3190	19378	1
2026.01.05	16:00:00	516200.00	516200.00	514940.00	515660.00	2223	13005	1
2026.01.05	16:20:00	515600.00	516800.00	514960.00	514960.00	2503	16969	1
2026.01.05	16:40:00	514940.00	515920.00	514480.00	515580.00	2028	10710	1
2026.01.05	17:00:00	515620.00	517200.00	515000.00	516260.00	2703	16314	1
2026.01.05	17:20:00	516300.00	518560.00	515220.00	516040.00	3286	24865	1
2026.01.05	17:40:00	516100.00	516120.00	514300.00	515340.00	1951	12161	1
2026.01.05	18:00:00	515300.00	515680.00	514060.00	514860.00	1433	10755	1
2026.01.05	18:20:00	514860.00	515300.00	513620.00	513680.00	384	1964	1
2026.01.06	09:00:00	513680.00	514540.00	512660.00	514220.00	3065	12930	1
2026.01.06	09:20:00	514240.00	514240.00	512840.00	512880.00	3063	12071	1
2026.01.06	09:40:00	512900.00	513380.00	511940.00	512580.00	3504	14469	1
2026.01.06	10:00:00	512560.00	512820.00	510320.00	510940.00	3774	15361	1
2026.01.06	10:20:00	510920.00	511600.00	510380.00	510480.00	2254	9614	1
2026.01.06	10:40:00	510400.00	511040.00	509980.00	510940.00	2280	9968	1
2026.01.06	11:00:00	510940.00	512320.00	510140.00	511860.00	4268	22980	1
2026.01.06	11:20:00	511880.00	513540.00	510920.00	512000.00	5356	30117	1
2026.01.06	11:40:00	512040.00	512700.00	507300.00	509080.00	7893	45510	1
2026.01.06	12:00:00	509080.00	510760.00	508240.00	510680.00	3062	18885	1
2026.01.06	12:20:00	510620.00	512660.00	508680.00	508720.00	5414	36100	1
2026.01.06	12:40:00	508840.00	509200.00	506820.00	508340.00	4371	23724	1
2026.01.06	13:00:00	508360.00	509020.00	506580.00	506600.00	3614	21255	1
2026.01.06	13:20:00	506660.00	506820.00	502640.00	503040.00	7614	44506	1
2026.01.06	13:40:00	503080.00	503080.00	499920.00	502620.00	5863	40759	1
2026.01.06	14:00:00	502520.00	503280.00	501160.00	501360.00	3008	17983	1
2026.01.06	14:20:00	501340.00	502980.00	501160.00	502040.00	2831	17998	1
2026.01.06	14:40:00	501980.00	501980.00	496120.00	496560.00	7242	48142	1
2026.01.06	15:00:00	496540.00	498660.00	494700.00	497980.00	4856	31166	1
2026.01.06	15:20:00	498060.00	500320.00	498040.00	498360.00	3684	24419	1
2026.01.06	15:40:00	498360.00	500080.00	498320.00	499140.00	2673	17255	1
2026.01.06	16:00:00	499120.00	500840.00	498340.00	500160.00	2977	18287	1
2026.01.06	16:20:00	500160.00	501180.00	499600.00	500300.00	2141	13472	1
2026.01.06	16:40:00	500300.00	500700.00	499760.00	500220.00	1099	7231	1
2026.01.06	17:00:00	500180.00	502400.00	500180.00	502100.00	2627	16735	1
2026.01.06	17:20:00	502180.00	502800.00	501660.00	502580.00	1347	7558	1
2026.01.06	17:40:00	502580.00	503020.00	501920.00	502120.00	1445	9244	1
2026.01.06	18:00:00	502120.00	509540.00	501120.00	509500.00	3114	23495	1
2026.01.06	18:20:00	509520.00	509700.00	507260.00	507260.00	522	3006	1
2026.01.07	09:00:00	498000.00	500400.00	497040.00	499200.00	2735	12308	1
2026.01.07	09:20:00	499300.00	500140.00	498820.00	500040.00	1560	6329	1
2026.01.07	09:40:00	499960.00	500100.00	499240.00	499400.00	915	3773	1
2026.01.07	10:00:00	499320.00	500360.00	498760.00	499480.00	2062	9119	1
2026.01.07	10:20:00	499500.00	501180.00	499480.00	500040.00	3570	16043	1
2026.01.07	10:40:00	500100.00	500220.00	499340.00	499560.00	1572	5669	1
2026.01.07	11:00:00	499500.00	499560.00	497120.00	497280.00	4464	22245	1
2026.01.07	11:20:00	497240.00	499920.00	496740.00	499400.00	5940	32327	1
2026.01.07	11:40:00	499360.00	501200.00	498700.00	499840.00	4661	22670	1
2026.01.07	12:00:00	499900.00	500280.00	495360.00	496000.00	6282	34629	1
2026.01.07	12:20:00	496060.00	497760.00	495160.00	496720.00	4110	21296	1
2026.01.07	12:40:00	496760.00	498300.00	496440.00	496700.00	2572	13275	1
2026.01.07	13:00:00	496720.00	498780.00	496340.00	498240.00	3743	18821	1
2026.01.07	13:20:00	498280.00	499380.00	495740.00	496520.00	3718	20329	1
2026.01.07	13:40:00	496540.00	497900.00	495860.00	496180.00	2094	10136	1
2026.01.07	14:00:00	496180.00	497820.00	494760.00	497780.00	3207	19261	1
2026.01.07	14:20:00	497680.00	498800.00	497520.00	498380.00	2544	14494	1
2026.01.07	14:40:00	498420.00	498640.00	496140.00	496420.00	2930	17528	1
2026.01.07	15:00:00	496460.00	496660.00	495560.00	495980.00	2475	14627	1
2026.01.07	15:20:00	496000.00	497280.00	495100.00	496320.00	3023	18523	1
2026.01.07	15:40:00	496360.00	496400.00	492620.00	493920.00	5630	32980	1
2026.01.07	16:00:00	493860.00	495060.00	492920.00	494000.00	2738	18773	1
2026.01.07	16:20:00	493920.00	495500.00	493020.00	495300.00	2637	15378	1
2026.01.07	16:40:00	495320.00	496180.00	494740.00	495340.00	2214	14947	1
2026.01.07	17:00:00	495360.00	496100.00	494180.00	494860.00	2533	16108	1
2026.01.07	17:20:00	494800.00	495500.00	493380.00	495040.00	2979	19082	1
2026.01.07	17:40:00	495060.00	495460.00	494340.00	494720.00	1869	15590	1
2026.01.07	18:00:00	494780.00	496060.00	494600.00	495500.00	1515	12959	1
2026.01.07	18:20:00	495420.00	495620.00	494900.00	495440.00	313	1643	1
2026.01.08	09:00:00	490000.00	491240.00	487800.00	488520.00	2950	13365	1
2026.01.08	09:20:00	488500.00	489680.00	486940.00	487360.00	3918	16398	1
2026.01.08	09:40:00	487380.00	488740.00	487100.00	488100.00	2582	10573	1
2026.01.08	10:00:00	488120.00	488400.00	487500.00	487960.00	1395	6395	1
2026.01.08	10:20:00	488080.00	489100.00	487600.00	488420.00	2800	12565	1
2026.01.08	10:40:00	488420.00	489280.00	488040.00	488460.00	2135	11377	1
2026.01.08	11:00:00	488480.00	488800.00	487080.00	488140.00	2839	16608	1
2026.01.08	11:20:00	488240.00	488420.00	485760.00	486300.00	5433	32374	1
2026.01.08	11:40:00	486320.00	489540.00	484960.00	488700.00	7447	42047	1
2026.01.08	12:00:00	488580.00	491720.00	487480.00	490900.00	5126	27693	1
2026.01.08	12:20:00	490900.00	493120.00	490460.00	491860.00	4809	26914	1
2026.01.08	12:40:00	492080.00	493820.00	490720.00	493420.00	4869	27129	1
2026.01.08	13:00:00	493480.00	494280.00	492060.00	492260.00	3379	20295	1
2026.01.08	13:20:00	492280.00	492980.00	490540.00	491340.00	2917	14737	1
2026.01.08	13:40:00	491320.00	494200.00	490960.00	494080.00	3187	18247	1
2026.01.08	14:00:00	494100.00	495860.00	493740.00	494900.00	4200	27265	1
2026.01.08	14:20:00	494880.00	495680.00	493760.00	495540.00	3145	17442	1
2026.01.08	14:40:00	495540.00	496720.00	495340.00	496420.00	3543	20719	1
2026.01.08	15:00:00	496440.00	497100.00	495180.00	496300.00	3748	22118	1
2026.01.08	15:20:00	496300.00	496560.00	495680.00	495680.00	1325	8314	1
2026.01.08	15:40:00	495720.00	496040.00	494760.00	495760.00	2419	14588	1
2026.01.08	16:00:00	495760.00	496960.00	494640.00	495200.00	2679	17091	1
2026.01.08	16:20:00	495120.00	496640.00	495020.00	496260.00	1593	9481	1
2026.01.08	16:40:00	496240.00	496240.00	493700.00	494360.00	2188	14548	1
2026.01.08	17:00:00	494400.00	494400.00	492280.00	492840.00	3715	26599	1
2026.01.08	17:20:00	492960.00	493620.00	492140.00	493400.00	1828	11936	1
2026.01.08	17:40:00	493440.00	494480.00	493180.00	493960.00	1768	15093	1
2026.01.08	18:00:00	493920.00	495700.00	493780.00	494840.00	1235	9523	1
2026.01.08	18:20:00	494740.00	495280.00	494480.00	494800.00	293	1570	1
2026.01.09	09:00:00	491720.00	492020.00	490120.00	490440.00	3103	13717	1
2026.01.09	09:20:00	490480.00	491220.00	489680.00	490920.00	3058	12379	1
2026.01.09	09:40:00	490900.00	491280.00	490360.00	490740.00	1336	5060	1
2026.01.09	10:00:00	490640.00	492120.00	490560.00	491040.00	2397	10385	1
2026.01.09	10:20:00	491080.00	493500.00	489120.00	490200.00	5430	29960	1
2026.01.09	10:40:00	490260.00	490540.00	488600.00	489940.00	3176	12729	1
2026.01.09	11:00:00	490040.00	490100.00	488320.00	489280.00	2663	10561	1
2026.01.09	11:20:00	489140.00	490480.00	486840.00	488360.00	5755	29864	1
2026.01.09	11:40:00	488420.00	488420.00	485860.00	487200.00	4082	22718	1
2026.01.09	12:00:00	487240.00	488580.00	485600.00	488180.00	4589	22871	1
2026.01.09	12:20:00	488080.00	497240.00	487920.00	494700.00	10263	65114	1
2026.01.09	12:40:00	494660.00	495520.00	490280.00	492060.00	6100	37721	1
2026.01.09	13:00:00	492080.00	495420.00	491840.00	494580.00	4061	23554	1
2026.01.09	13:20:00	494600.00	494640.00	492820.00	493320.00	2001	11756	1
2026.01.09	13:40:00	493280.00	495060.00	492640.00	494620.00	2083	11681	1
2026.01.09	14:00:00	494680.00	494980.00	491300.00	491460.00	3423	20819	1
2026.01.09	14:20:00	491540.00	493020.00	491200.00	492500.00	2246	11790	1
2026.01.09	14:40:00	492520.00	494760.00	492160.00	494100.00	2082	11210	1
2026.01.09	15:00:00	494060.00	494840.00	491600.00	491760.00	2818	17821	1
2026.01.09	15:20:00	491760.00	491980.00	488000.00	489860.00	4441	28904	1
2026.01.09	15:40:00	489860.00	491480.00	489740.00	490660.00	2082	12368	1
2026.01.09	16:00:00	490660.00	490860.00	488320.00	488960.00	2671	16037	1
2026.01.09	16:20:00	488900.00	488980.00	487160.00	488460.00	3511	25037	1
2026.01.09	16:40:00	488420.00	489600.00	488020.00	488060.00	2317	15784	1
2026.01.09	17:00:00	488040.00	488760.00	487360.00	488340.00	2050	14247	1
2026.01.09	17:20:00	488400.00	489340.00	488240.00	488760.00	1654	10097	1
2026.01.09	17:40:00	488740.00	488760.00	487380.00	487920.00	1721	10435	1
2026.01.09	18:00:00	487840.00	488980.00	486880.00	488880.00	1402	9890	1
2026.01.09	18:20:00	488880.00	490040.00	488780.00	489460.00	284	1677	1
