<DATE>	<TIME>	<OPEN>	<HIGH>	<LOW>	<CLOSE>	<TICKVOL>	<VOL>	<SPREAD>
2021.06.22	10:00:00	123.76	124.61	122.90	123.14	12526	1628635	1
2021.06.22	12:00:00	123.14	123.62	123.12	123.35	45710	934437	1
2021.06.22	14:00:00	123.38	123.49	123.04	123.29	32577	835162	1
2021.06.22	16:00:00	123.28	124.08	123.27	123.82	15849	1169337	1
2021.06.23	10:00:00	123.82	124.95	123.82	124.64	6636	1040259	1
2021.06.23	12:00:00	124.64	124.79	123.55	123.56	32290	1379992	1
2021.06.23	14:00:00	123.57	123.86	123.25	123.69	44937	1077557	1
2021.06.23	16:00:00	123.69	123.80	123.26	123.54	11239	1434173	1
2021.06.24	10:00:00	124.74	124.74	123.92	124.22	17325	1486718	1
2021.06.24	12:00:00	124.21	124.51	123.91	124.39	10713	730270	1
2021.06.24	14:00:00	124.38	124.62	124.02	124.14	11151	898158	1
2021.06.24	16:00:00	124.13	124.53	124.13	124.53	5217	587663	1
2021.06.25	10:00:00	124.93	124.93	123.97	124.00	10572	1187904	1
2021.06.25	12:00:00	123.98	124.04	123.55	123.66	14155	667769	1
2021.06.25	14:00:00	123.66	123.66	122.00	122.08	25713	1575861	1
2021.06.25	16:00:00	122.07	122.64	121.76	122.50	21346	1821724	1
2021.06.28	10:00:00	122.57	123.22	121.81	122.03	11880	2282646	1
2021.06.28	12:00:00	122.03	122.44	121.80	122.40	6833	818607	1
2021.06.28	14:00:00	122.41	122.58	122.05	122.48	15516	911733	1
2021.06.28	16:00:00	122.48	122.70	122.16	122.45	9506	1923679	1
2021.06.29	10:00:00	122.55	122.59	121.33	121.84	10463	1565825	1
2021.06.29	12:00:00	121.84	122.27	121.60	121.76	10979	1286796	1
2021.06.29	14:00:00	121.77	122.20	121.71	122.15	17660	1288514	1
2021.06.29	16:00:00	122.15	122.50	122.08	122.31	11499	1134484	1
2021.06.30	10:00:00	121.87	122.31	121.49	121.67	20522	1157248	1
2021.06.30	12:00:00	121.66	122.34	121.34	122.04	25983	1018271	1
2021.06.30	14:00:00	122.03	122.21	121.50	121.96	29304	1129487	1
2021.06.30	16:00:00	121.93	122.19	121.78	121.81	15540	1114205	1
2021.07.01	10:00:00	122.12	122.29	120.70	121.08	18933	1807653	1
2021.07.01	12:00:00	121.08	121.18	120.40	120.68	20149	1542953	1
2021.07.01	14:00:00	120.69	120.85	120.20	120.25	25979	1523078	1
2021.07.01	16:00:00	120.25	120.85	120.25	120.73	25316	1566768	1
2021.07.02	10:00:00	121.71	122.18	121.22	122.04	16081	2442700	1
2021.07.02	12:00:00	122.04	122.34	122.00	122.18	9090	1483473	1
2021.07.02	14:00:00	122.19	122.86	122.13	122.67	17842	1526291	1
2021.07.02	16:00:00	122.67	122.82	122.54	122.78	9322	1343428	1
2021.07.05	10:00:00	122.58	122.58	121.66	122.04	5644	1009311	1
2021.07.05	12:00:00	122.04	122.43	122.01	122.35	7119	954808	1
2021.07.05	14:00:00	122.37	122.47	121.78	122.28	18900	1278402	1
2021.07.05	16:00:00	122.28	122.35	121.97	121.97	18876	1194535	1
2021.07.06	10:00:00	121.50	121.56	120.47	120.51	12238	1346693	1
2021.07.06	12:00:00	120.50	120.97	120.29	120.42	14932	1334941	1
2021.07.06	14:00:00	120.44	120.70	120.05	120.33	22047	1817625	1
2021.07.06	16:00:00	120.33	120.44	120.16	120.30	13164	1237003	1
2021.07.07	10:00:00	121.50	121.60	120.43	120.90	10837	1093602	1
2021.07.07	12:00:00	120.94	121.91	120.90	121.84	12282	949518	1
2021.07.07	14:00:00	121.85	122.37	121.70	122.19	14181	1161166	1
2021.07.07	16:00:00	122.21	122.30	122.06	122.28	10318	1229694	1
2021.07.08	10:00:00	120.03	120.60	119.55	120.09	8563	2018445	1
2021.07.08	12:00:00	120.08	121.04	120.08	120.94	5140	1217516	1
2021.07.08	14:00:00	120.93	121.13	120.07	120.47	6923	873115	1
2021.07.08	16:00:00	120.47	120.66	120.12	120.66	5057	1384629	1
2021.07.12	10:00:00	121.44	121.92	121.34	121.88	9413	928512	1
2021.07.12	12:00:00	121.86	122.60	121.75	122.56	7005	716289	1
2021.07.12	14:00:00	122.56	122.95	122.50	122.82	12260	951051	1
2021.07.12	16:00:00	122.82	122.90	122.74	122.78	7819	1250407	1
2021.07.13	10:00:00	122.20	122.60	121.67	121.75	19711	1059219	1
2021.07.13	12:00:00	121.75	122.83	121.61	122.62	9883	1394463	1
2021.07.13	14:00:00	122.62	123.50	122.59	123.38	13641	1976116	1
2021.07.13	16:00:00	123.40	123.50	122.63	123.32	7350	1111257	1
2021.07.14	10:00:00	124.30	124.71	123.75	123.76	16793	2146715	1
2021.07.14	12:00:00	123.74	123.90	123.22	123.58	13477	943641	1
2021.07.14	14:00:00	123.58	123.76	123.20	123.74	16284	1577648	1
2021.07.14	16:00:00	123.76	123.79	123.31	123.47	9894	1702869	1
2021.07.15	10:00:00	123.23	124.07	123.23	123.50	7681	1097228	1
2021.07.15	12:00:00	123.49	123.50	122.55	122.84	10754	1099341	1
2021.07.15	14:00:00	122.85	122.85	122.08	122.53	10136	973982	1
2021.07.15	16:00:00	122.54	123.50	122.43	122.80	7141	785847	1
2021.07.16	10:00:00	123.01	123.14	122.40	122.84	7580	1243496	1
2021.07.16	12:00:00	122.85	122.85	122.16	122.35	9034	795422	1
2021.07.16	14:00:00	122.36	122.43	121.70	121.76	19882	1321519	1
2021.07.16	16:00:00	121.74	121.77	121.04	121.15	18073	2277736	1
2021.07.19	10:00:00	119.50	119.91	118.89	119.00	23170	3011171	1
2021.07.19	12:00:00	118.97	119.59	118.75	118.89	13173	1169746	1
2021.07.19	14:00:00	118.88	119.21	118.64	119.02	13127	1575518	1
2021.07.19	16:00:00	119.01	119.74	118.93	119.74	26316	730248	1
2021.07.20	10:00:00	119.38	120.33	118.88	120.07	13009	1749787	1
2021.07.20	12:00:00	120.06	120.25	119.61	120.21	16504	1400422	1
2021.07.20	14:00:00	120.22	120.77	119.66	120.72	20213	2157710	1
2021.07.20	16:00:00	120.73	120.84	120.41	120.60	11680	1654624	1
2021.07.21	10:00:00	120.65	121.28	120.46	120.70	10733	1758941	1
2021.07.21	12:00:00	120.72	121.10	120.59	120.94	8814	763828	1
2021.07.21	14:00:00	120.95	121.15	120.60	121.00	9457	864228	1
2021.07.21	16:00:00	121.00	121.28	120.93	121.12	6741	788627	1
2021.07.22	10:00:00	121.08	121.30	120.60	120.67	11652	725506	1
2021.07.22	12:00:00	120.68	121.09	120.64	121.00	20193	422339	1
2021.07.22	14:00:00	121.00	121.60	120.84	121.44	8133	584211	1
2021.07.22	16:00:00	121.45	121.48	121.19	121.43	6044	464135	1
2021.07.23	10:00:00	121.33	121.36	120.63	120.86	14352	762539	1
2021.07.23	12:00:00	120.86	120.89	119.95	119.99	6327	576523	1
2021.07.23	14:00:00	119.98	120.34	119.62	119.98	10389	1336813	1
2021.07.23	16:00:00	119.97	120.24	119.90	120.20	8708	1389807	1
2021.07.26	10:00:00	120.32	121.30	120.32	121.29	10236	1509350	1
2021.07.26	12:00:00	121.29	121.42	121.12	121.22	6249	548210	1
2021.07.26	14:00:00	121.22	121.30	120.97	121.02	12594	435112	1
2021.07.26	16:00:00	121.00	121.38	120.82	121.20	7809	1137678	1
2021.07.27	10:00:00	120.74	120.74	119.80	120.11	6220	1162797	1
2021.07.27	12:00:00	120.12	120.27	119.19	119.23	16543	1152512	1
2021.07.27	14:00:00	119.25	119.54	118.90	119.46	25485	1265408	1
2021.07.27	16:00:00	119.47	120.00	119.46	119.76	6858	1085577	1
2021.07.28	10:00:00	120.90	121.17	120.20	120.41	9838	3426235	1
2021.07.28	12:00:00	120.40	121.17	120.33	120.84	18274	1346598	1
2021.07.28	14:00:00	120.82	121.90	120.36	121.74	27674	1885641	1
2021.07.28	16:00:00	121.73	121.78	121.27	121.45	10904	1492196	1
2021.07.29	10:00:00	121.42	121.69	120.13	120.38	7599	1128348	1
2021.07.29	12:00:00	120.38	120.92	120.23	120.72	6381	851800	1
2021.07.29	14:00:00	120.74	121.12	120.51	120.90	10155	773159	1
2021.07.29	16:00:00	120.91	121.14	120.73	120.73	7314	769557	1
2021.07.30	10:00:00	119.65	120.24	118.93	118.96	13287	1741008	1
2021.07.30	12:00:00	118.96	119.12	118.40	118.48	12963	1227201	1
2021.07.30	14:00:00	118.48	118.48	117.29	117.68	22173	2494732	1
2021.07.30	16:00:00	117.65	117.78	117.10	117.11	12983	2862969	1
2021.08.02	10:00:00	118.88	119.80	118.61	119.37	40225	3238293	1
2021.08.02	12:00:00	119.37	119.68	118.72	119.35	43070	1846913	1
2021.08.02	14:00:00	119.34	119.60	118.66	118.66	47266	1158318	1
2021.08.02	16:00:00	118.66	118.94	117.60	117.60	22943	1875134	1
2021.08.03	10:00:00	117.79	118.23	116.13	116.81	32124	2966662	1
2021.08.03	12:00:00	116.79	118.31	116.78	118.25	38485	1366393	1
2021.08.03	14:00:00	118.24	118.67	117.88	118.44	35892	1501804	1
2021.08.03	16:00:00	118.44	119.05	118.43	118.73	19444	960298	1
2021.08.04	10:00:00	118.21	118.51	116.85	117.31	13186	2420848	1
2021.08.04	12:00:00	117.30	117.32	116.38	116.85	10908	1139619	1
2021.08.04	14:00:00	116.85	117.79	116.83	117.36	11587	1533274	1
2021.08.04	16:00:00	117.38	117.63	116.96	116.96	9387	1381346	1
2021.08.05	10:00:00	118.24	118.89	118.09	118.44	16533	3584330	1
2021.08.05	12:00:00	118.41	118.53	117.36	117.40	12946	1679873	1
2021.08.05	14:00:00	117.40	117.47	116.46	116.73	21559	2322573	1
2021.08.05	16:00:00	116.73	117.20	116.67	116.93	14144	1672022	1
2021.08.06	10:00:00	117.40	117.83	116.91	117.51	8813	1867996	1
2021.08.06	12:00:00	117.52	118.45	117.34	118.25	9412	1545808	1
2021.08.06	14:00:00	118.26	118.59	118.02	118.09	11248	922590	1
2021.08.06	16:00:00	118.10	118.24	117.97	118.24	5898	790408	1
2021.08.09	10:00:00	117.79	118.69	117.60	117.60	50954	1909627	1
2021.08.09	12:00:00	117.60	118.40	117.58	118.25	7390	1094412	1
2021.08.09	14:00:00	118.25	118.92	118.17	118.45	14327	1867993	1
2021.08.09	16:00:00	118.44	118.58	118.14	118.14	4908	1225435	1
2021.08.10	10:00:00	118.50	118.82	118.06	118.62	53894	1676926	1
2021.08.10	12:00:00	118.62	118.80	117.95	118.35	114968	1944658	1
2021.08.10	14:00:00	118.33	118.40	117.53	117.82	18282	1283611	1
2021.08.10	16:00:00	117.82	117.88	117.39	117.57	14650	867504	1
2021.08.11	10:00:00	117.49	117.49	116.18	116.62	52606	2051694	1
2021.08.11	12:00:00	116.62	117.84	116.44	117.84	23853	1171672	1
2021.08.11	14:00:00	117.83	118.08	117.72	117.85	15760	971399	1
2021.08.11	16:00:00	117.86	117.92	117.26	117.26	20121	1706606	1
2021.08.12	10:00:00	117.29	117.29	115.88	116.34	17738	1936840	1
2021.08.12	12:00:00	116.33	117.18	116.30	116.92	11967	1245398	1
2021.08.12	14:00:00	116.94	117.01	116.10	116.40	28793	2779149	1
2021.08.12	16:00:00	116.40	116.57	115.87	115.87	10735	1677501	1
2021.08.13	10:00:00	116.45	116.60	115.35	115.78	38559	2178596	1
2021.08.13	12:00:00	115.82	116.48	115.76	116.36	11016	1095759	1
2021.08.13	14:00:00	116.36	116.57	115.83	116.32	16961	1390217	1
2021.08.13	16:00:00	116.31	116.68	116.29	116.56	12220	852794	1
2021.08.16	10:00:00	116.18	116.18	114.79	114.96	16575	1941493	1
2021.08.16	12:00:00	114.95	115.08	114.21	114.67	29879	2252990	1
2021.08.16	14:00:00	114.67	115.07	114.41	114.70	35303	2934489	1
2021.08.16	16:00:00	114.69	114.83	114.49	114.63	30422	2662670	1
2021.08.17	10:00:00	114.30	114.60	113.61	113.69	28928	2979013	1
2021.08.17	12:00:00	113.68	114.00	112.33	112.36	36953	2672825	1
2021.08.17	14:00:00	112.37	112.80	111.89	112.72	44794	3967764	1
2021.08.17	16:00:00	112.72	113.36	112.65	113.35	24699	3672469	1
2021.08.18	10:00:00	113.06	113.17	112.08	112.58	21762	2201508	1
2021.08.18	12:00:00	112.56	113.30	112.26	113.30	24916	2689691	1
2021.08.18	14:00:00	113.30	114.36	113.09	113.15	55465	6131905	1
2021.08.18	16:00:00	113.15	113.46	112.06	112.06	24116	3213384	1
2021.08.19	10:00:00	110.82	111.57	110.00	111.16	31494	3320417	1
2021.08.19	12:00:00	111.16	112.50	110.87	112.38	44797	3572729	1
2021.08.19	14:00:00	112.38	113.17	111.95	112.80	30609	3040485	1
2021.08.19	16:00:00	112.80	113.05	112.69	112.85	23281	2394753	1
2021.08.20	10:00:00	111.49	112.61	111.37	112.55	21597	2565915	1
2021.08.20	12:00:00	112.55	113.55	112.50	113.45	21593	1919468	1
2021.08.20	14:00:00	113.44	113.87	113.10	113.59	17367	1832444	1
2021.08.20	16:00:00	113.58	113.77	113.28	113.65	25508	1265384	1
2021.08.23	10:00:00	113.65	113.94	112.80	113.48	11987	1120082	1
2021.08.23	12:00:00	113.48	113.62	112.59	113.04	13851	1064700	1
2021.08.23	14:00:00	113.03	113.41	112.88	113.16	17352	1432990	1
2021.08.23	16:00:00	113.16	113.38	113.05	113.05	11467	1144410	1
2021.08.24	10:00:00	114.55	115.73	114.24	115.56	17991	2312686	1
2021.08.24	12:00:00	115.57	115.80	115.28	115.50	12418	1387185	1
2021.08.24	14:00:00	115.50	115.89	115.41	115.79	28378	1878073	1
2021.08.24	16:00:00	115.78	115.81	115.50	115.63	10471	1341164	1
2021.08.25	10:00:00	115.11	115.38	114.66	115.07	12563	1572001	1
2021.08.25	12:00:00	115.06	115.37	114.88	115.05	14521	708905	1
2021.08.25	14:00:00	115.04	115.97	114.94	115.88	15143	1076053	1
2021.08.25	16:00:00	115.88	116.14	115.71	116.14	10002	1461343	1
2021.08.26	10:00:00	115.66	116.25	115.38	115.47	14452	1780940	1
2021.08.26	12:00:00	115.45	115.45	114.82	115.15	13806	1374194	1
2021.08.26	14:00:00	115.15	115.29	114.51	114.60	13188	997491	1
2021.08.26	16:00:00	114.59	114.85	114.07	114.07	10415	2433328	1
2021.08.27	10:00:00	114.65	115.61	114.51	115.44	21347	1523953	1
2021.08.27	12:00:00	115.45	115.84	115.16	115.79	34327	1346275	1
2021.08.27	14:00:00	115.80	115.90	115.41	115.66	47104	1028786	1
2021.08.27	16:00:00	115.67	116.18	115.62	116.18	21795	914835	1
2021.08.30	10:00:00	115.75	115.82	114.79	115.47	15714	1304766	1
2021.08.30	12:00:00	115.46	115.78	115.34	115.64	15457	1347653	1
2021.08.30	14:00:00	115.63	115.68	114.97	115.30	20641	1818935	1
2021.08.30	16:00:00	115.30	115.35	115.02	115.08	12586	1520125	1
2021.08.31	10:00:00	114.98	115.57	114.72	114.96	14124	987895	1
2021.08.31	12:00:00	114.96	115.19	113.76	113.80	19977	1519312	1
2021.08.31	14:00:00	113.78	113.95	113.35	113.71	31930	1301174	1
2021.08.31	16:00:00	113.71	114.09	113.46	114.08	15834	2063502	1
2021.09.01	10:00:00	114.15	114.84	113.55	114.80	18877	1747445	1
2021.09.01	12:00:00	114.79	114.93	114.14	114.63	16684	1293929	1
2021.09.01	14:00:00	114.65	115.45	114.59	115.01	20795	1499413	1
2021.09.01	16:00:00	115.01	115.11	114.80	114.80	9003	657240	1
2021.09.02	10:00:00	114.14	114.14	113.08	113.77	20330	2272771	1
2021.09.02	12:00:00	113.77	114.07	113.04	113.26	16992	1137278	1
2021.09.02	14:00:00	113.25	113.49	112.40	112.60	22269	1323864	1
2021.09.02	16:00:00	112.59	112.63	112.11	112.15	11384	1089289	1
2021.09.03	10:00:00	113.01	113.21	111.72	111.73	23175	2240033	1
2021.09.03	12:00:00	111.74	111.98	111.25	111.34	23624	1790694	1
2021.09.03	14:00:00	111.34	112.26	111.23	112.24	21010	1948582	1
2021.09.03	16:00:00	112.24	112.30	111.98	112.09	11831	2617347	1
2021.09.06	10:00:00	112.00	113.05	111.73	112.96	9907	1478814	1
2021.09.06	12:00:00	112.94	113.37	112.66	113.17	10161	1252498	1
2021.09.06	14:00:00	113.17	113.61	113.12	113.34	12315	1080475	1
2021.09.06	16:00:00	113.33	113.55	112.76	113.48	5175	2124853	1
2021.09.08	10:00:00	113.19	113.27	110.22	110.44	46363	2676996	1
2021.09.08	12:00:00	110.42	110.75	109.93	110.35	18726	2615933	1
2021.09.08	14:00:00	110.34	110.52	109.76	109.85	17717	3373364	1
2021.09.08	16:00:00	109.86	109.89	108.82	109.08	18724	7396521	1
2021.09.09	10:00:00	109.55	109.94	108.93	109.20	19054	3722747	1
2021.09.09	12:00:00	109.20	109.63	108.38	109.36	26847	2762538	1
2021.09.09	14:00:00	109.39	109.45	108.10	108.50	31778	2644936	1
2021.09.09	16:00:00	108.51	112.22	108.28	111.51	26408	4641182	1
2021.09.10	10:00:00	112.30	112.45	110.90	111.05	21663	3333045	1
2021.09.10	12:00:00	111.06	111.67	110.93	111.45	50932	2814943	1
2021.09.10	14:00:00	111.45	111.56	109.93	110.99	45711	4661198	1
2021.09.10	16:00:00	110.98	111.07	109.88	109.88	21583	3064358	1
2021.09.13	10:00:00	111.68	112.23	111.05	112.09	51718	2428476	1
2021.09.13	12:00:00	112.06	112.65	111.79	112.22	32393	1088578	1
2021.09.13	14:00:00	112.21	112.44	111.70	112.34	13487	1555198	1
2021.09.13	16:00:00	112.34	112.35	111.85	112.12	5426	2959504	1
2021.09.14	10:00:00	112.02	112.83	111.65	111.81	14478	1846541	1
2021.09.14	12:00:00	111.81	112.78	111.79	112.39	13441	1712736	1
2021.09.14	14:00:00	112.39	112.55	111.95	112.03	11497	1695790	1
2021.09.14	16:00:00	112.03	112.06	111.41	111.70	8283	2558645	1
2021.09.15	10:00:00	111.74	111.74	110.51	110.64	14560	1672071	1
2021.09.15	12:00:00	110.64	110.92	110.32	110.82	22036	1961876	1
2021.09.15	14:00:00	110.82	110.86	110.38	110.70	23682	1505876	1
2021.09.15	16:00:00	110.69	110.79	110.48	110.68	16091	2062932	1
2021.09.16	10:00:00	109.77	110.12	109.04	109.64	23482	3148238	1
2021.09.16	12:00:00	109.64	109.95	109.20	109.50	14262	1034656	1
2021.09.16	14:00:00	109.50	109.94	109.30	109.50	22297	1499603	1
2021.09.16	16:00:00	109.49	109.63	109.16	109.44	9407	2206537	1
2021.09.17	10:00:00	109.18	109.18	107.10	107.20	16022	1886858	1
2021.09.17	12:00:00	107.17	107.49	106.92	107.12	20636	1191236	1
2021.09.17	14:00:00	107.12	107.64	107.01	107.51	20253	1441971	1
2021.09.17	16:00:00	107.51	107.63	107.06	107.14	13584	4690279	1
2021.09.20	10:00:00	105.25	105.66	104.22	104.30	18657	3864731	1
2021.09.20	12:00:00	104.29	104.49	103.44	103.58	33287	3714339	1
2021.09.20	14:00:00	103.57	104.23	103.46	103.68	40997	3805651	1
2021.09.20	16:00:00	103.68	104.77	103.61	104.77	29037	4471262	1
2021.09.21	10:00:00	105.30	105.90	104.77	105.23	18169	2570169	1
2021.09.21	12:00:00	105.22	106.65	105.06	106.31	24811	3036834	1
2021.09.21	14:00:00	106.32	106.71	105.93	106.30	31862	2611898	1
2021.09.21	16:00:00	106.29	106.47	105.77	105.77	19026	4269588	1
2021.09.22	10:00:00	107.60	108.20	107.47	107.62	23469	3299698	1
2021.09.22	12:00:00	107.63	108.53	107.56	108.34	23764	2113601	1
2021.09.22	14:00:00	108.36	109.00	107.59	108.10	32698	4764445	1
2021.09.22	16:00:00	108.09	108.63	107.94	107.99	23678	4801206	1
2021.09.23	10:00:00	108.27	109.42	108.12	109.28	21114	2168523	1
2021.09.23	12:00:00	109.29	109.95	109.01	109.64	32185	3013887	1
2021.09.23	14:00:00	109.64	109.99	109.32	109.50	31994	3172397	1
2021.09.23	16:00:00	109.49	109.60	109.30	109.60	13036	4154375	1
2021.09.24	10:00:00	108.61	109.10	108.15	108.24	21356	2550754	1
2021.09.24	12:00:00	108.27	109.19	108.13	108.59	18749	2153411	1
2021.09.24	14:00:00	108.58	109.17	108.57	109.12	21473	1903652	1
2021.09.24	16:00:00	109.12	109.13	108.72	109.03	19261	1287288	1
2021.09.27	10:00:00	108.93	109.40	108.33	109.17	19659	1926298	1
2021.09.27	12:00:00	109.17	109.50	108.81	109.25	20146	1016978	1
2021.09.27	14:00:00	109.25	109.32	107.85	108.29	22159	1939059	1
2021.09.27	16:00:00	108.29	110.40	108.26	108.89	21496	4134527	1
2021.09.28	10:00:00	108.57	108.82	106.90	107.06	34240	3409842	1
2021.09.28	12:00:00	107.07	107.19	106.46	106.57	32538	1749893	1
2021.09.28	14:00:00	106.57	106.70	105.71	106.15	26880	2423480	1
2021.09.28	16:00:00	106.15	106.34	105.82	105.83	12760	3258891	1
2021.09.29	10:00:00	106.88	107.50	106.13	107.39	10992	2541905	1
2021.09.29	12:00:00	107.41	107.74	107.02	107.37	14430	2012308	1
2021.09.29	14:00:00	107.38	107.42	106.46	106.63	17256	1647104	1
2021.09.29	16:00:00	106.60	107.13	106.52	106.83	9945	1131622	1
2021.09.30	10:00:00	107.35	108.04	107.16	107.44	19707	1709421	1
2021.09.30	12:00:00	107.46	108.05	106.64	107.15	30442	2886019	1
2021.09.30	14:00:00	107.16	107.48	106.82	107.01	36943	2823235	1
2021.09.30	16:00:00	107.02	107.26	106.43	106.49	20823	1634048	1
2021.10.01	10:00:00	107.01	107.73	106.95	107.39	34485	1344645	1
2021.10.01	12:00:00	107.38	107.98	107.27	107.90	16777	1301034	1
2021.10.01	14:00:00	107.91	108.70	107.83	108.43	17300	1407872	1
2021.10.01	16:00:00	108.43	108.58	107.94	108.49	11471	3967940	1
2021.10.04	10:00:00	107.51	107.52	106.25	106.41	16437	2219830	1
2021.10.04	12:00:00	106.41	106.54	105.74	106.01	19967	1506371	1
2021.10.04	14:00:00	106.00	106.30	105.85	106.15	18757	1291269	1
2021.10.04	16:00:00	106.14	106.37	105.86	106.18	17235	1638574	1
2021.10.05	10:00:00	106.23	106.72	105.81	106.55	19402	1867522	1
2021.10.05	12:00:00	106.54	107.48	106.49	107.22	22229	2701870	1
2021.10.05	14:00:00	107.21	107.30	106.36	106.61	29209	3787209	1
2021.10.05	16:00:00	106.61	106.85	106.11	106.12	21231	2918216	1
2021.10.06	10:00:00	104.71	105.47	103.97	105.02	18052	3184161	1
2021.10.06	12:00:00	105.01	105.18	104.32	104.80	17445	1311758	1
2021.10.06	14:00:00	104.82	106.21	104.56	106.01	33483	2071622	1
2021.10.06	16:00:00	106.01	106.43	105.97	106.37	19363	6544436	1
2021.10.07	10:00:00	106.73	106.96	106.27	106.74	20152	2537518	1
2021.10.07	12:00:00	106.75	107.20	106.37	106.88	19623	1218037	1
2021.10.07	14:00:00	106.88	107.15	106.48	106.69	20426	1744041	1
2021.10.07	16:00:00	106.70	106.97	106.42	106.42	15812	3120050	1
2021.10.08	10:00:00	107.82	109.07	107.62	108.93	16183	2003032	1
2021.10.08	12:00:00	108.96	110.05	108.92	109.32	25046	1749742	1
2021.10.08	14:00:00	109.32	109.49	108.85	108.88	26960	1320504	1
2021.10.08	16:00:00	108.88	109.00	108.39	108.39	13314	1506500	1
2021.10.11	10:00:00	108.66	109.60	108.34	108.90	14740	1830628	1
2021.10.11	12:00:00	108.90	109.44	108.75	108.93	19729	1166384	1
2021.10.11	14:00:00	108.92	108.93	108.05	108.21	22615	1018601	1
2021.10.11	16:00:00	108.20	108.20	107.75	107.75	12921	1294026	1
2021.10.13	10:00:00	108.03	108.69	107.68	108.53	30468	2746482	1
2021.10.13	12:00:00	108.52	109.74	108.49	109.69	27760	1647813	1
2021.10.13	14:00:00	109.68	109.86	109.17	109.35	30299	2201838	1
2021.10.13	16:00:00	109.35	109.45	108.93	109.24	14694	2835769	1
2021.10.14	10:00:00	109.45	109.45	108.78	109.25	19571	2481319	1
2021.10.14	12:00:00	109.26	109.29	108.46	108.76	21237	1208893	1
2021.10.14	14:00:00	108.75	108.93	108.59	108.64	26492	1210763	1
2021.10.14	16:00:00	108.64	109.07	108.32	108.97	13104	1661080	1
2021.10.15	10:00:00	109.05	110.16	108.67	109.92	24675	2956841	1
2021.10.15	12:00:00	109.92	110.25	109.89	110.17	24137	1204185	1
2021.10.15	14:00:00	110.17	110.37	110.00	110.21	27256	4295450	1
2021.10.15	16:00:00	110.22	110.35	110.04	110.22	14376	2267019	1
2021.10.18	10:00:00	108.80	109.26	108.42	108.90	23927	2599450	1
2021.10.18	12:00:00	108.90	110.37	108.80	110.26	28017	1810973	1
2021.10.18	14:00:00	110.26	110.53	110.12	110.39	29143	1180341	1
2021.10.18	16:00:00	110.41	110.46	109.95	109.95	38547	2050102	1
2021.10.19	10:00:00	108.33	108.87	107.56	107.80	161083	2646219	1
2021.10.19	12:00:00	107.80	107.83	107.11	107.44	34700	1592622	1
2021.10.19	14:00:00	107.43	107.88	106.12	106.20	26641	7197202	1
2021.10.19	16:00:00	106.19	107.59	105.72	106.80	26489	7318402	1
2021.10.20	10:00:00	107.19	107.49	106.23	106.89	27799	3274232	1
2021.10.20	12:00:00	106.88	107.44	106.68	106.96	77785	1785730	1
2021.10.20	14:00:00	106.96	107.78	105.90	107.07	85150	3232022	1
2021.10.20	16:00:00	107.06	107.15	106.40	106.40	11160	1699751	1
2021.10.21	10:00:00	104.49	105.31	104.24	104.62	58729	2735649	1
2021.10.21	12:00:00	104.59	104.64	103.61	104.18	79052	2510239	1
2021.10.21	14:00:00	104.16	104.22	101.62	103.03	39577	5491822	1
2021.10.21	16:00:00	103.03	103.80	102.96	103.65	145678	4345033	1
2021.10.22	10:00:00	102.46	102.93	99.15	99.46	25001	4040948	1
2021.10.22	12:00:00	99.48	101.62	98.88	100.51	65512	4594081	1
2021.10.22	14:00:00	100.51	103.77	100.33	102.81	46926	10419475	1
2021.10.22	16:00:00	102.82	103.35	101.87	102.33	21579	8039685	1
2021.10.25	10:00:00	103.74	104.54	102.96	104.30	109175	5543996	1
2021.10.25	12:00:00	104.30	104.48	103.70	104.24	109896	5287416	1
2021.10.25	14:00:00	104.25	105.21	103.95	105.06	35722	8374001	1
2021.10.25	16:00:00	105.06	105.24	104.55	104.55	14830	4047723	1
2021.10.26	10:00:00	103.37	103.64	102.60	102.70	64914	3664678	1
2021.10.26	12:00:00	102.70	103.18	102.20	102.63	78520	2338747	1
2021.10.26	14:00:00	102.64	103.15	102.51	102.85	28933	2150889	1
2021.10.26	16:00:00	102.85	103.15	102.25	102.25	12100	2923836	1
2021.10.27	10:00:00	103.15	104.10	103.15	103.67	50252	1860868	1
2021.10.27	12:00:00	103.67	104.13	103.31	103.40	145310	2126743	1
2021.10.27	14:00:00	103.40	103.69	102.92	102.96	28661	3039672	1
2021.10.27	16:00:00	102.96	103.09	101.96	102.40	14235	2431364	1
2021.10.28	10:00:00	101.84	103.00	101.81	101.94	14728	1359182	1
2021.10.28	12:00:00	101.94	102.29	101.23	101.73	91443	1695147	1
2021.10.28	14:00:00	101.73	103.20	101.54	101.70	47436	1850299	1
2021.10.28	16:00:00	101.69	102.08	100.61	100.61	11382	2663958	1
2021.10.29	10:00:00	101.99	102.04	100.21	101.51	61266	2352525	1
2021.10.29	12:00:00	101.50	101.60	100.51	100.98	73027	2705519	1
2021.10.29	14:00:00	100.97	101.41	99.73	100.46	50897	3310743	1
2021.10.29	16:00:00	100.47	100.68	99.47	99.68	20548	2256875	1
2021.11.01	10:00:00	100.76	101.44	100.41	100.95	95036	2077791	1
2021.11.01	12:00:00	100.95	101.95	100.71	101.95	167964	1518812	1
2021.11.01	14:00:00	101.95	102.07	101.38	101.63	112268	4389226	1
2021.11.01	16:00:00	101.62	101.98	101.52	101.52	19575	3168972	1
2021.11.03	10:00:00	100.80	101.75	100.14	101.38	48504	2433685	1
2021.11.03	12:00:00	101.38	102.82	101.12	101.56	51722	3709783	1
2021.11.03	14:00:00	101.55	102.73	100.87	102.20	62655	4604148	1
2021.11.03	16:00:00	102.23	102.43	101.80	102.00	33338	4832875	1
2021.11.04	10:00:00	101.52	101.52	100.51	100.56	44616	2075109	1
2021.11.04	12:00:00	100.56	100.69	99.65	99.73	44613	2001574	1
2021.11.04	14:00:00	99.73	100.05	98.87	99.41	50681	2454456	1
2021.11.04	16:00:00	99.40	99.89	99.25	99.65	31505	8202025	1
2021.11.05	10:00:00	100.50	101.57	100.40	100.87	46936	2544668	1
2021.11.05	12:00:00	100.84	101.30	100.64	101.13	49538	1019947	1
2021.11.05	14:00:00	101.12	101.35	100.38	100.80	50426	1224412	1
2021.11.05	16:00:00	100.80	101.04	100.63	100.81	24119	2322630	1
2021.11.08	10:00:00	100.12	101.75	100.10	101.51	37864	1766087	1
2021.11.08	12:00:00	101.51	101.51	100.66	101.17	35382	943550	1
2021.11.08	14:00:00	101.17	101.45	100.52	100.64	41872	1389521	1
2021.11.08	16:00:00	100.63	101.11	100.59	100.83	51115	3057340	1
2021.11.09	10:00:00	100.98	102.63	100.95	101.91	42015	1850074	1
2021.11.09	12:00:00	101.88	102.28	101.56	101.97	37379	1105963	1
2021.11.09	14:00:00	101.97	102.41	101.68	101.92	38092	1628320	1
2021.11.09	16:00:00	101.89	101.98	101.09	101.39	44629	4734744	1
2021.11.10	10:00:00	101.26	102.82	101.06	102.77	39241	1999830	1
2021.11.10	12:00:00	102.75	103.29	102.51	103.15	40475	1057052	1
2021.11.10	14:00:00	103.14	103.20	102.11	102.21	45275	1697556	1
2021.11.10	16:00:00	102.19	102.40	101.54	102.02	46310	4592261	1
2021.11.11	10:00:00	103.54	104.24	103.23	103.99	30278	2244524	1
2021.11.11	12:00:00	103.99	104.50	103.95	104.23	34852	1521911	1
2021.11.11	14:00:00	104.23	104.45	103.61	103.96	35513	1561769	1
2021.11.11	16:00:00	103.96	103.96	103.33	103.55	45381	7543242	1
2021.11.12	10:00:00	103.30	103.87	101.93	102.27	15623	2373165	1
2021.11.12	12:00:00	102.25	102.47	101.81	102.47	18691	1142028	1
2021.11.12	14:00:00	102.45	102.57	101.73	102.44	19131	1959679	1
2021.11.12	16:00:00	102.44	102.56	102.07	102.13	17409	2092752	1
2021.11.16	10:00:00	102.73	102.85	100.63	100.68	19547	1918480	1
2021.11.16	12:00:00	100.68	100.71	100.12	100.59	29600	1626895	1
2021.11.16	14:00:00	100.58	101.25	100.44	100.79	24831	1830484	1
2021.11.16	16:00:00	100.79	100.96	100.36	100.36	23128	4100737	1
2021.11.17	10:00:00	101.50	101.54	99.77	99.80	18385	1873547	1
2021.11.17	12:00:00	99.80	100.26	99.50	99.79	18817	1692873	1
2021.11.17	14:00:00	99.79	99.97	98.50	98.80	22057	1905109	1
2021.11.17	16:00:00	98.82	99.46	98.78	99.25	23926	3168461	1
2021.11.18	10:00:00	99.37	99.87	98.70	98.90	27784	2554794	1
2021.11.18	12:00:00	98.89	98.92	98.14	98.44	30618	1628317	1
2021.11.18	14:00:00	98.42	98.85	98.25	98.47	31580	1665911	1
2021.11.18	16:00:00	98.46	98.78	98.30	98.65	37594	4668595	1
2021.11.19	10:00:00	98.79	100.02	98.34	99.84	22154	1665586	1
2021.11.19	12:00:00	99.84	99.97	99.31	99.69	23847	1668442	1
2021.11.19	14:00:00	99.70	99.90	99.04	99.06	19681	1205241	1
2021.11.19	16:00:00	99.06	99.44	99.03	99.27	26501	3848916	1
2021.11.22	10:00:00	99.53	100.45	99.06	99.92	15238	2090509	1
2021.11.22	12:00:00	99.92	100.65	99.74	99.97	20614	1413750	1
2021.11.22	14:00:00	99.97	100.13	98.23	98.39	35693	2141416	1
2021.11.22	16:00:00	98.38	98.90	98.24	98.24	37140	3070707	1
2021.11.23	10:00:00	99.17	99.73	98.51	99.55	28765	3374238	1
2021.11.23	12:00:00	99.54	99.58	97.88	98.53	19056	2417772	1
2021.11.23	14:00:00	98.53	99.80	98.30	99.56	45190	3456621	1
2021.11.23	16:00:00	99.56	100.00	98.90	100.00	50220	3211040	1
2021.11.24	10:00:00	99.14	99.95	98.51	99.92	16366	3073147	1
2021.11.24	12:00:00	99.92	101.17	99.85	100.61	28595	4508966	1
2021.11.24	14:00:00	100.61	100.80	100.18	100.27	26216	3436115	1
2021.11.24	16:00:00	100.28	100.84	99.98	100.66	22791	4873823	1
2021.11.25	10:00:00	101.01	101.95	100.77	101.88	14622	2154629	1
2021.11.25	12:00:00	101.88	102.46	101.78	102.12	14192	1166963	1
2021.11.25	14:00:00	102.12	102.33	101.81	101.82	12177	693958	1
2021.11.25	16:00:00	101.83	102.00	101.68	101.99	27061	4589680	1
2021.11.26	10:00:00	99.39	99.39	98.00	98.18	33184	3639743	1
2021.11.26	12:00:00	98.19	98.24	97.60	97.89	30483	1295941	1
2021.11.26	14:00:00	97.90	98.70	97.90	98.28	29778	1538628	1
2021.11.26	16:00:00	98.28	98.60	98.03	98.39	28221	3928174	1
2021.11.29	10:00:00	99.64	100.20	99.00	99.03	17771	2176613	1
2021.11.29	12:00:00	99.04	99.30	98.74	98.94	14210	1030125	1
2021.11.29	14:00:00	98.93	99.88	98.86	99.86	17545	1389044	1
2021.11.29	16:00:00	99.87	99.89	98.86	99.01	29879	2503762	1
2021.11.30	10:00:00	98.59	99.19	98.15	98.42	12684	1665321	1
2021.11.30	12:00:00	98.40	98.85	96.55	96.86	24289	2636069	1
2021.11.30	14:00:00	96.85	97.00	96.32	96.96	37467	2283619	1
2021.11.30	16:00:00	96.96	98.35	96.80	98.35	36162	4728107	1
2021.12.01	10:00:00	99.26	99.97	99.16	99.91	54046	3017059	1
2021.12.01	12:00:00	99.91	100.18	98.65	98.88	62040	2493630	1
2021.12.01	14:00:00	98.88	99.24	97.14	97.38	84804	3136203	1
2021.12.01	16:00:00	97.38	97.86	96.91	97.09	85085	5530183	1
2021.12.02	10:00:00	98.45	99.82	98.30	99.78	15272	3030117	1
2021.12.02	12:00:00	99.80	100.10	99.40	100.01	18918	2366119	1
2021.12.02	14:00:00	100.03	100.35	99.28	99.61	27828	1816483	1
2021.12.02	16:00:00	99.62	100.43	99.44	100.43	32428	4535210	1
2021.12.03	10:00:00	100.86	102.84	100.28	102.02	16446	3187268	1
2021.12.03	12:00:00	102.03	102.14	100.85	100.94	17383	2260144	1
2021.12.03	14:00:00	100.92	101.62	100.75	101.36	17154	1942901	1
2021.12.03	16:00:00	101.36	101.42	100.15	101.32	28151	4071375	1
2021.12.06	10:00:00	101.98	103.11	101.68	103.01	15482	2495035	1
2021.12.06	12:00:00	103.04	103.43	102.76	103.24	15687	1249583	1
2021.12.06	14:00:00	103.24	103.57	102.92	103.06	26183	2153814	1
2021.12.06	16:00:00	103.06	103.17	102.72	103.00	26478	3358142	1
2021.12.07	10:00:00	104.50	104.50	103.53	103.81	17921	2405129	1
2021.12.07	12:00:00	103.81	104.34	103.67	103.83	11766	1681443	1
2021.12.07	14:00:00	103.82	104.12	103.33	103.63	13472	1228991	1
2021.12.07	16:00:00	103.63	103.90	103.12	103.63	14745	1847241	1
2021.12.08	10:00:00	103.85	104.54	103.31	104.35	13117	1724796	1
2021.12.08	12:00:00	104.35	104.35	103.45	103.82	11374	772159	1
2021.12.08	14:00:00	103.80	104.13	103.60	104.04	18876	1146922	1
2021.12.08	16:00:00	104.05	104.20	103.80	104.20	28752	2450036	1
2021.12.09	10:00:00	103.37	103.48	102.20	102.34	13367	1658247	1
2021.12.09	12:00:00	102.34	102.71	102.15	102.52	12658	808064	1
2021.12.09	14:00:00	102.53	102.72	102.17	102.51	18788	1750010	1
2021.12.09	16:00:00	102.51	102.61	101.90	102.14	32398	2910006	1
2021.12.10	10:00:00	103.60	104.24	103.41	103.44	10704	2588632	1
2021.12.10	12:00:00	103.43	103.80	103.30	103.68	9703	541221	1
2021.12.10	14:00:00	103.69	103.73	103.25	103.55	10049	550803	1
2021.12.10	16:00:00	103.54	103.74	103.42	103.73	11200	2091885	1
2021.12.13	10:00:00	103.90	105.41	103.85	104.95	12164	2828032	1
2021.12.13	12:00:00	104.94	104.99	103.46	103.67	12868	1591412	1
2021.12.13	14:00:00	103.65	104.06	103.47	103.89	18954	1639069	1
2021.12.13	16:00:00	103.89	104.25	103.50	103.50	18791	2489906	1
2021.12.14	10:00:00	104.59	105.10	103.52	104.17	10313	1438799	1
2021.12.14	12:00:00	104.19	104.28	102.87	102.92	7967	871736	1
2021.12.14	14:00:00	102.91	103.18	102.55	102.70	14798	992789	1
2021.12.14	16:00:00	102.71	103.10	102.44	102.70	15321	2443522	1
2021.12.15	10:00:00	102.70	104.10	101.78	101.83	10240	1778836	1
2021.12.15	12:00:00	101.85	102.77	101.67	102.40	7516	857594	1
2021.12.15	14:00:00	102.39	102.95	102.22	102.83	10045	887054	1
2021.12.15	16:00:00	102.82	103.53	102.24	103.20	16523	3169973	1
2021.12.16	10:00:00	104.50	104.88	103.80	103.98	13200	1758952	1
2021.12.16	12:00:00	103.98	104.59	103.64	104.15	18066	1248590	1
2021.12.16	14:00:00	104.15	104.37	103.88	104.30	20081	1066023	1
2021.12.16	16:00:00	104.30	104.45	103.62	104.41	22045	4930589	1
2021.12.17	10:00:00	103.38	103.52	102.66	102.82	18330	2327314	1
2021.12.17	12:00:00	102.85	103.60	102.50	103.36	19414	2056890	1
2021.12.17	14:00:00	103.36	103.80	103.06	103.70	23936	1907862	1
2021.12.17	16:00:00	103.69	103.71	103.02	103.10	24935	2991595	1
2021.12.20	10:00:00	101.98	101.98	100.80	101.14	9791	2272420	1
2021.12.20	12:00:00	101.15	101.43	100.40	100.90	10790	1047364	1
2021.12.20	14:00:00	100.91	101.14	100.62	100.94	14570	1697369	1
2021.12.20	16:00:00	100.91	101.13	100.78	101.00	26201	4639297	1
2021.12.21	10:00:00	101.89	101.94	101.10	101.23	6553	1006690	1
2021.12.21	12:00:00	101.24	101.63	101.20	101.54	8017	1148911	1
2021.12.21	14:00:00	101.52	101.82	101.26	101.56	11052	1087907	1
2021.12.21	16:00:00	101.56	101.69	101.35	101.42	19220	3024658	1
2021.12.22	10:00:00	101.70	101.79	100.44	100.53	11506	1710393	1
2021.12.22	12:00:00	100.54	101.27	100.50	101.15	11054	1174413	1
2021.12.22	14:00:00	101.15	101.39	101.07	101.30	13799	1040450	1
2021.12.22	16:00:00	101.30	101.45	101.16	101.43	15222	3338690	1
2021.12.23	10:00:00	101.60	101.60	100.81	101.00	7350	1268762	1
2021.12.23	12:00:00	101.00	101.18	100.71	100.93	6538	945531	1
2021.12.23	14:00:00	100.93	101.12	100.81	101.02	7545	1360695	1
2021.12.23	16:00:00	101.02	101.15	100.85	100.85	9922	1472649	1
2021.12.27	10:00:00	101.40	101.66	100.95	101.23	7652	1722225	1
2021.12.27	12:00:00	101.22	101.76	101.09	101.53	9122	956775	1
2021.12.27	14:00:00	101.53	101.75	101.50	101.67	14747	746060	1
2021.12.27	16:00:00	101.67	101.80	101.50	101.60	11115	1849292	1
2021.12.28	10:00:00	101.83	101.83	100.60	100.95	11085	1704890	1
2021.12.28	12:00:00	100.95	101.05	100.59	100.82	17215	1141848	1
2021.12.28	14:00:00	100.83	100.95	100.64	100.80	11796	1014404	1
2021.12.28	16:00:00	100.80	101.06	100.74	101.06	8460	3306592	1
2021.12.29	10:00:00	101.24	101.35	100.44	100.77	21398	1791333	1
2021.12.29	12:00:00	100.77	100.77	100.05	100.37	36865	1624664	1
2021.12.29	14:00:00	100.37	100.38	99.94	100.30	20839	1132974	1
2021.12.29	16:00:00	100.30	100.44	100.21	100.25	17654	2794867	1
2021.12.30	10:00:00	100.81	101.23	100.29	101.03	20292	1501060	1
2021.12.30	12:00:00	101.01	101.23	100.76	101.22	27654	614180	1
2021.12.30	14:00:00	101.22	101.45	101.17	101.32	18335	411737	1
2021.12.30	16:00:00	101.32	101.32	100.80	100.80	22521	877645	1
2022.01.03	10:00:00	101.49	102.24	99.55	99.91	12366	2144015	1
2022.01.03	12:00:00	99.92	100.60	99.84	100.48	14308	1176665	1
2022.01.03	14:00:00	100.47	100.55	100.29	100.46	14480	1063206	1
2022.01.03	16:00:00	100.47	100.59	99.93	99.93	17542	5244074	1
2022.01.04	10:00:00	100.46	100.48	99.26	99.64	6022	1445249	1
2022.01.04	12:00:00	99.66	100.44	99.59	100.10	9440	1368189	1
2022.01.04	14:00:00	100.09	100.16	99.52	99.70	10232	1031128	1
2022.01.04	16:00:00	99.70	99.91	99.42	99.57	13265	4020466	1
2022.01.05	10:00:00	99.29	99.53	98.65	99.50	11710	2461108	1
2022.01.05	12:00:00	99.51	99.70	98.82	99.00	13214	1835846	1
2022.01.05	14:00:00	99.02	99.09	98.06	98.14	24911	1781512	1
2022.01.05	16:00:00	98.14	98.30	97.10	97.10	38510	8246808	1
2022.01.06	10:00:00	97.64	98.33	97.41	97.88	28291	2251793	1
2022.01.06	12:00:00	97.90	98.49	97.60	98.11	26488	1494217	1
2022.01.06	14:00:00	98.11	98.35	97.71	97.99	19574	842720	1
2022.01.06	16:00:00	97.99	98.06	97.48	97.85	23907	2817404	1
2022.01.07	10:00:00	97.79	98.57	97.28	98.54	10904	1592882	1
2022.01.07	12:00:00	98.54	98.54	97.65	98.23	13777	1762521	1
2022.01.07	14:00:00	98.23	98.68	98.13	98.49	9731	1073406	1
2022.01.07	16:00:00	98.49	98.70	98.39	98.70	13523	4796608	1
2022.01.10	10:00:00	97.96	98.74	97.67	97.69	10496	2475051	1
2022.01.10	12:00:00	97.67	97.93	97.28	97.87	15669	1613617	1
2022.01.10	14:00:00	97.87	97.98	97.53	97.90	15324	603434	1
2022.01.10	16:00:00	97.90	98.43	97.63	98.43	19797	1413245	1
2022.01.11	10:00:00	98.13	98.85	98.01	98.82	9707	1277834	1
2022.01.11	12:00:00	98.82	99.70	98.82	99.60	21447	1506851	1
2022.01.11	14:00:00	99.60	99.83	99.46	99.70	16531	1133762	1
2022.01.11	16:00:00	99.71	100.10	99.57	100.10	19924	5009557	1
2022.01.12	10:00:00	100.30	101.59	100.15	101.57	16419	1673136	1
2022.01.12	12:00:00	101.58	101.62	101.03	101.42	21384	1142254	1
2022.01.12	14:00:00	101.42	101.63	101.22	101.46	18563	1045042	1
2022.01.12	16:00:00	101.45	101.92	101.38	101.91	19339	1278794	1
2022.01.13	10:00:00	101.20	102.32	101.03	102.20	16224	2092038	1
2022.01.13	12:00:00	102.23	102.23	101.31	101.82	19919	1385232	1
2022.01.13	14:00:00	101.82	102.16	101.43	102.11	14309	1444203	1
2022.01.13	16:00:00	102.11	102.27	101.50	101.55	21330	2206232	1
2022.01.14	10:00:00	101.60	102.17	101.09	102.07	13383	1634924	1
2022.01.14	12:00:00	102.07	102.63	101.91	102.37	19750	1305577	1
2022.01.14	14:00:00	102.36	102.60	102.08	102.56	14412	876109	1
2022.01.14	16:00:00	102.55	103.07	102.42	103.07	22094	2223173	1
2022.01.17	10:00:00	102.54	102.80	102.09	102.48	10449	1011002	1
2022.01.17	12:00:00	102.48	102.78	102.36	102.46	9272	698245	1
2022.01.17	14:00:00	102.45	102.91	102.41	102.64	11603	802889	1
2022.01.17	16:00:00	102.64	102.76	102.42	102.58	17894	1222633	1
2022.01.18	10:00:00	102.27	102.60	102.03	102.41	20010	1667947	1
2022.01.18	12:00:00	102.41	103.08	102.32	102.99	24584	1050486	1
2022.01.18	14:00:00	102.98	103.00	101.81	102.63	25740	2081162	1
2022.01.18	16:00:00	102.63	103.03	102.46	102.85	21827	1380178	1
2022.01.19	10:00:00	103.85	104.58	103.64	104.44	12346	1903003	1
2022.01.19	12:00:00	104.44	104.65	104.13	104.46	14810	861165	1
2022.01.19	14:00:00	104.48	104.55	104.22	104.39	15563	838479	1
2022.01.19	16:00:00	104.38	104.42	104.05	104.05	19664	1197596	1
2022.01.20	10:00:00	104.57	105.40	104.34	105.37	12280	3345860	1
2022.01.20	12:00:00	105.37	105.50	105.12	105.37	15223	859990	1
2022.01.20	14:00:00	105.37	105.73	105.35	105.67	21164	2270450	1
2022.01.20	16:00:00	105.66	105.79	104.90	104.90	94284	2703098	1
2022.01.21	10:00:00	104.46	105.73	104.28	105.29	20531	1913364	1
2022.01.21	12:00:00	105.31	105.47	104.81	105.20	27356	1264492	1
2022.01.21	14:00:00	105.20	105.29	104.60	104.88	31420	1696933	1
2022.01.21	16:00:00	104.89	105.22	104.52	104.70	35567	2995525	1
2022.01.24	10:00:00	104.49	104.66	103.13	103.24	11096	2550816	1
2022.01.24	12:00:00	103.23	103.68	102.80	103.14	15655	1735340	1
2022.01.24	14:00:00	103.16	103.46	102.65	103.21	18874	1958767	1
2022.01.24	16:00:00	103.21	104.08	102.92	104.08	21145	3723021	1
2022.01.25	10:00:00	103.42	104.79	103.15	104.20	9380	1272106	1
2022.01.25	12:00:00	104.20	104.85	103.69	104.42	15438	1233564	1
2022.01.25	14:00:00	104.41	105.75	104.36	105.73	24900	2088442	1
2022.01.25	16:00:00	105.73	106.64	105.60	106.33	38714	5758991	1
2022.01.26	10:00:00	107.43	108.18	107.42	108.04	17949	1776486	1
2022.01.26	12:00:00	108.03	108.23	107.61	108.01	20516	1316453	1
2022.01.26	14:00:00	108.01	108.20	107.78	108.07	19133	1171217	1
2022.01.26	16:00:00	108.07	108.54	106.83	107.39	40812	4932636	1
2022.01.27	10:00:00	108.26	108.72	108.04	108.32	23247	2044394	1
2022.01.27	12:00:00	108.32	108.85	108.03	108.60	37359	2684658	1
2022.01.27	14:00:00	108.60	108.62	107.50	107.96	35773	2941802	1
2022.01.27	16:00:00	107.94	108.48	107.60	108.20	29145	3627659	1
2022.01.28	10:00:00	107.74	108.80	107.74	107.87	20959	2190653	1
2022.01.28	12:00:00	107.91	108.32	107.65	107.92	22761	1521438	1
2022.01.28	14:00:00	107.92	108.06	107.32	107.75	19502	1146005	1
2022.01.28	16:00:00	107.75	107.90	107.00	107.58	16055	2839832	1
2022.01.31	10:00:00	107.29	108.05	107.04	107.84	14994	947668	1
2022.01.31	12:00:00	107.82	108.03	107.26	107.83	16061	1104676	1
2022.01.31	14:00:00	107.83	107.98	107.48	107.96	25216	1920345	1
2022.01.31	16:00:00	107.97	108.46	107.86	107.98	36477	7601895	1
2022.02.01	10:00:00	108.24	108.72	107.95	108.61	17061	2058997	1
2022.02.01	12:00:00	108.61	109.06	108.36	108.69	20423	1725741	1
2022.02.01	14:00:00	108.70	108.90	108.48	108.65	19860	985751	1
2022.02.01	16:00:00	108.66	109.15	108.61	109.15	35915	2678564	1
2022.02.02	10:00:00	109.09	109.20	108.36	108.38	18266	2634864	1
2022.02.02	12:00:00	108.38	108.42	107.52	107.73	22410	1140906	1
2022.02.02	14:00:00	107.72	107.99	107.63	107.86	19435	1205395	1
2022.02.02	16:00:00	107.86	108.20	107.69	107.69	27374	2875028	1
2022.02.03	10:00:00	108.04	108.30	107.15	107.56	12212	1266965	1
2022.02.03	12:00:00	107.55	107.90	107.31	107.36	11110	1366664	1
2022.02.03	14:00:00	107.35	107.77	107.11	107.66	12711	1478615	1
2022.02.03	16:00:00	107.66	107.83	107.43	107.77	12665	996339	1
2022.02.04	10:00:00	107.43	107.45	106.22	107.16	11206	1844237	1
2022.02.04	12:00:00	107.15	108.00	106.87	107.93	16787	1199772	1
2022.02.04	14:00:00	107.92	108.06	107.69	107.76	14708	759286	1
2022.02.04	16:00:00	107.76	108.22	107.60	108.02	15083	1643956	1
2022.02.07	10:00:00	107.77	108.08	107.32	107.95	23933	2540832	1
2022.02.07	12:00:00	107.92	108.24	107.78	107.98	22467	1904193	1
2022.02.07	14:00:00	107.99	108.10	107.71	108.07	12589	931167	1
2022.02.07	16:00:00	108.08	108.21	107.72	107.72	15650	2278240	1
2022.02.08	10:00:00	107.04	107.61	106.82	107.34	8528	1201764	1
2022.02.08	12:00:00	107.30	107.58	107.00	107.56	13242	1276784	1
2022.02.08	14:00:00	107.56	107.95	107.51	107.83	13866	846162	1
2022.02.08	16:00:00	107.82	108.23	107.66	108.23	17735	2513291	1
2022.02.09	10:00:00	107.85	108.38	107.61	108.23	8412	1854399	1
2022.02.09	12:00:00	108.22	108.98	108.12	108.39	7010	1403093	1
2022.02.09	14:00:00	108.40	108.88	108.28	108.29	6639	1243741	1
2022.02.09	16:00:00	108.31	108.50	107.97	108.23	9188	1907941	1
2022.02.10	10:00:00	108.79	109.13	108.01	109.09	11950	2422142	1
2022.02.10	12:00:00	109.10	109.46	109.04	109.32	18291	1362833	1
2022.02.10	14:00:00	109.33	109.62	109.14	109.47	14080	1074544	1
2022.02.10	16:00:00	109.47	109.52	108.93	109.10	22249	1262901	1
2022.02.11	10:00:00	109.90	110.23	109.44	110.10	11962	2173140	1
2022.02.11	12:00:00	110.10	110.55	110.10	110.45	11817	1746410	1
2022.02.11	14:00:00	110.45	110.60	109.44	109.68	21897	2133905	1
2022.02.11	16:00:00	109.67	109.88	108.84	109.31	20980	4075648	1
2022.02.14	10:00:00	109.66	109.99	109.32	109.72	13732	2279435	1
2022.02.14	12:00:00	109.68	109.70	109.17	109.59	15767	1810126	1
2022.02.14	14:00:00	109.59	109.84	109.21	109.31	15107	2513375	1
2022.02.14	16:00:00	109.30	109.67	109.11	109.52	18033	2723314	1
2022.02.15	10:00:00	109.94	110.32	109.86	109.90	14938	1437662	1
2022.02.15	12:00:00	109.88	110.49	109.72	110.39	12845	1734207	1
2022.02.15	14:00:00	110.37	110.53	110.24	110.49	66749	1267105	1
2022.02.15	16:00:00	110.49	110.60	110.33	110.60	16324	1574826	1
2022.02.16	10:00:00	111.06	111.34	110.86	111.01	20970	2315877	1
2022.02.16	12:00:00	111.01	111.08	110.59	110.68	18726	1397361	1
2022.02.16	14:00:00	110.68	111.04	110.58	110.90	15681	741384	1
2022.02.16	16:00:00	110.92	111.30	110.69	110.77	22645	1998576	1
2022.02.17	10:00:00	110.58	110.77	109.84	109.89	12099	1564327	1
2022.02.17	12:00:00	109.90	109.92	109.50	109.83	13701	1138996	1
2022.02.17	14:00:00	109.82	109.95	109.66	109.82	12214	1718339	1
2022.02.17	16:00:00	109.82	110.87	109.10	109.10	18424	3218593	1
2022.02.18	10:00:00	109.86	109.96	109.19	109.54	8849	1789183	1
2022.02.18	12:00:00	109.54	109.55	108.67	108.88	9406	1239954	1
2022.02.18	14:00:00	108.88	109.07	108.70	108.99	13395	1377976	1
2022.02.18	16:00:00	108.99	109.21	108.44	108.51	21175	3227485	1
2022.02.21	10:00:00	108.95	109.15	108.24	109.09	12342	1670483	1
2022.02.21	12:00:00	109.08	109.18	108.89	108.89	7693	666064	1
2022.02.21	14:00:00	108.90	108.99	108.32	108.46	9242	798111	1
2022.02.21	16:00:00	108.47	108.47	107.45	107.45	17625	3979599	1
2022.02.22	10:00:00	108.91	109.19	108.63	109.04	22938	1560813	1
2022.02.22	12:00:00	109.05	109.10	108.58	108.61	13312	819575	1
2022.02.22	14:00:00	108.62	108.73	108.16	108.28	11780	890704	1
2022.02.22	16:00:00	108.28	109.00	108.11	109.00	29258	2885261	1
2022.02.23	10:00:00	109.03	109.60	108.65	108.74	18898	2098516	1
2022.02.23	12:00:00	108.72	108.84	108.18	108.42	15373	1103587	1
2022.02.23	14:00:00	108.42	108.60	108.22	108.39	16175	949115	1
2022.02.23	16:00:00	108.40	108.45	107.58	107.58	32104	3053457	1
2022.02.24	10:00:00	105.24	106.09	105.13	105.76	20659	3647523	1
2022.02.24	12:00:00	105.77	106.34	105.50	105.94	10329	1562670	1
2022.02.24	14:00:00	105.93	106.07	105.10	105.75	15970	1847484	1
2022.02.24	16:00:00	105.76	107.50	105.62	107.48	41406	5693604	1
2022.02.25	10:00:00	107.05	107.57	106.55	107.19	22972	1915794	1
2022.02.25	12:00:00	107.20	107.79	106.84	107.77	20568	1608098	1
2022.02.25	14:00:00	107.78	107.81	107.45	107.63	13599	644535	1
2022.02.25	16:00:00	107.64	108.90	107.55	108.90	18336	2600203	1
2022.03.02	12:00:00	110.20	110.78	109.32	110.44	7156	1175390	1
2022.03.02	14:00:00	110.43	111.16	110.37	111.01	14177	1518600	1
2022.03.02	16:00:00	111.01	111.10	110.76	111.10	9171	1969486	1
2022.03.03	10:00:00	111.09	111.59	110.99	111.31	12126	2263184	1
2022.03.03	12:00:00	111.32	111.66	111.01	111.27	10095	1329085	1
2022.03.03	14:00:00	111.28	111.50	111.06	111.16	10560	676446	1
2022.03.03	16:00:00	111.15	111.44	110.80	111.02	16421	1770783	1
2022.03.04	10:00:00	110.66	110.79	109.65	109.86	11554	1161065	1
2022.03.04	12:00:00	109.87	109.91	109.26	109.50	15843	1202162	1
2022.03.04	14:00:00	109.50	110.00	109.41	109.70	18886	1057862	1
2022.03.04	16:00:00	109.71	110.40	109.52	110.40	23486	4335469	1
2022.03.07	10:00:00	110.00	110.32	109.61	109.68	18310	1829565	1
2022.03.07	12:00:00	109.69	109.92	108.81	108.85	20962	805586	1
2022.03.07	14:00:00	108.86	108.86	108.25	108.26	17897	814612	1
2022.03.07	16:00:00	108.27	108.30	106.95	107.11	26146	7278113	1
2022.03.08	10:00:00	107.88	108.26	107.14	107.65	20425	3574553	1
2022.03.08	12:00:00	107.67	107.81	106.92	107.17	23580	3011800	1
2022.03.08	14:00:00	107.19	108.29	107.15	107.38	30188	3094511	1
2022.03.08	16:00:00	107.39	107.87	107.09	107.29	30384	3233050	1
2022.03.09	10:00:00	108.02	109.02	107.59	108.82	12064	1628959	1
2022.03.09	12:00:00	108.83	109.27	108.82	109.10	10819	762676	1
2022.03.09	14:00:00	109.08	109.56	108.92	109.18	13616	1008232	1
2022.03.09	16:00:00	109.16	109.86	108.71	109.78	27258	5096209	1
2022.03.10	10:00:00	109.07	109.44	107.71	108.44	12004	1596992	1
2022.03.10	12:00:00	108.43	108.78	108.12	108.76	10819	1400224	1
2022.03.10	14:00:00	108.74	109.20	108.26	109.14	17377	1912628	1
2022.03.10	16:00:00	109.15	109.40	108.99	109.40	16641	2188064	1
2022.03.11	10:00:00	110.13	110.30	109.25	109.30	11302	1069513	1
2022.03.11	12:00:00	109.30	109.38	108.91	108.99	15592	1786565	1
2022.03.11	14:00:00	108.99	109.31	108.72	108.76	14435	1332300	1
2022.03.11	16:00:00	108.77	109.06	107.16	107.70	22971	2608771	1
2022.03.14	10:00:00	108.19	108.37	106.56	106.94	16363	1339522	1
2022.03.14	12:00:00	106.94	107.15	106.00	106.09	12910	904981	1
2022.03.14	14:00:00	106.05	106.24	105.64	105.83	24008	1299864	1
2022.03.14	16:00:00	105.84	106.22	105.65	106.04	15052	1381116	1
2022.03.15	10:00:00	105.01	105.09	103.84	104.88	16259	1898868	1
2022.03.15	12:00:00	104.85	105.57	104.60	105.14	20776	2026069	1
2022.03.15	14:00:00	105.14	105.20	104.36	104.89	21852	3653503	1
2022.03.15	16:00:00	104.89	105.19	104.73	104.90	14655	2080904	1
2022.03.16	10:00:00	106.00	107.08	106.00	106.53	12877	2721790	1
2022.03.16	12:00:00	106.51	106.61	105.89	106.14	15699	2726433	1
2022.03.16	14:00:00	106.14	106.44	105.07	106.20	29039	3983751	1
2022.03.16	16:00:00	106.21	107.14	106.12	107.14	8434	2818742	1
2022.03.17	10:00:00	107.46	107.98	106.90	107.59	18663	3573319	1
2022.03.17	12:00:00	107.60	108.20	107.43	108.17	14571	2240250	1
2022.03.17	14:00:00	108.14	108.77	108.07	108.63	14339	1624022	1
2022.03.17	16:00:00	108.63	108.87	108.49	108.70	13006	1373774	1
2022.03.18	10:00:00	108.54	109.88	108.27	109.80	35403	3639082	1
2022.03.18	12:00:00	109.80	109.98	109.60	109.97	10033	1250885	1
2022.03.18	14:00:00	109.98	110.64	109.98	110.53	15098	1742247	1
2022.03.18	16:00:00	110.54	111.02	110.48	110.73	9574	2795213	1
2022.03.21	10:00:00	111.19	112.00	110.94	111.54	21872	2982725	1
2022.03.21	12:00:00	111.51	111.76	111.15	111.42	14595	3417733	1
2022.03.21	14:00:00	111.41	112.00	111.06	111.77	41083	2850788	1
2022.03.21	16:00:00	111.76	111.99	111.63	111.94	14204	2128510	1
2022.03.22	10:00:00	112.67	113.26	112.67	113.07	36263	1754482	1
2022.03.22	12:00:00	113.06	113.07	112.66	112.91	21437	1130626	1
2022.03.22	14:00:00	112.91	113.02	112.66	112.85	42054	1407692	1
2022.03.22	16:00:00	112.84	113.10	112.54	113.10	18268	1677814	1
2022.03.23	10:00:00	113.13	113.71	112.70	113.56	27500	2912299	1
2022.03.23	12:00:00	113.56	113.85	113.32	113.37	17590	1764854	1
2022.03.23	14:00:00	113.37	113.38	112.95	113.08	22183	1854496	1
2022.03.23	16:00:00	113.06	113.47	112.90	112.90	14290	2154367	1
2022.03.24	10:00:00	113.35	113.85	112.80	113.83	10103	1625935	1
2022.03.24	12:00:00	113.83	114.86	113.82	114.56	10626	1099888	1
2022.03.24	14:00:00	114.56	114.66	114.13	114.17	19447	2351159	1
2022.03.24	16:00:00	114.16	114.74	114.11	114.74	14672	2434807	1
2022.03.25	10:00:00	115.00	115.24	114.60	114.87	20679	2140005	1
2022.03.25	12:00:00	114.88	114.92	114.14	114.62	22286	2372554	1
2022.03.25	14:00:00	114.64	114.87	114.38	114.67	25273	2055987	1
2022.03.25	16:00:00	114.68	114.75	114.43	114.75	12173	926202	1
2022.03.28	10:00:00	114.89	114.98	113.66	113.99	28278	1655179	1
2022.03.28	12:00:00	113.98	114.21	113.79	114.15	16009	1567740	1
2022.03.28	14:00:00	114.16	114.70	113.85	114.70	12138	1012958	1
2022.03.28	16:00:00	114.70	114.70	114.04	114.51	8310	856630	1
2022.03.29	10:00:00	115.82	116.42	115.16	115.50	23565	3681510	1
2022.03.29	12:00:00	115.51	115.59	115.10	115.33	16211	1512591	1
2022.03.29	14:00:00	115.33	115.74	115.15	115.52	31461	1667783	1
2022.03.29	16:00:00	115.53	115.98	115.51	115.75	17009	1939478	1
2022.03.30	10:00:00	115.80	115.95	115.33	115.58	10663	1019498	1
2022.03.30	12:00:00	115.58	115.88	115.52	115.67	8532	767738	1
2022.03.30	14:00:00	115.67	116.10	115.41	115.74	16187	1144410	1
2022.03.30	16:00:00	115.75	115.90	115.39	115.90	7847	1093774	1
2022.03.31	10:00:00	115.91	116.45	115.80	115.95	11865	1003176	1
2022.03.31	12:00:00	115.95	115.98	115.58	115.70	10810	488976	1
2022.03.31	14:00:00	115.70	116.10	115.66	116.01	15289	1093909	1
2022.03.31	16:00:00	116.01	116.10	115.57	115.60	13349	2238589	1
2022.04.01	10:00:00	116.58	117.10	116.58	116.98	36019	1053055	1
2022.04.01	12:00:00	116.98	117.10	116.67	116.77	23859	646938	1
2022.04.01	14:00:00	116.78	116.95	116.56	116.89	46531	1626428	1
2022.04.01	16:00:00	116.88	117.22	116.66	117.20	17087	2568453	1
2022.04.04	10:00:00	116.85	117.06	116.40	116.61	11976	736365	1
2022.04.04	12:00:00	116.63	116.69	116.28	116.61	8617	284694	1
2022.04.04	14:00:00	116.61	116.98	116.49	116.94	12633	592136	1
2022.04.04	16:00:00	116.94	116.94	116.78	116.80	5801	601338	1
2022.04.05	10:00:00	116.71	117.10	115.65	115.82	25650	2446943	1
2022.04.05	12:00:00	115.83	115.93	115.15	115.43	16757	799547	1
2022.04.05	14:00:00	115.43	115.60	114.92	115.03	19817	1065711	1
2022.04.05	16:00:00	115.04	115.07	114.38	114.51	18019	3106165	1
2022.04.06	10:00:00	114.12	114.31	113.17	113.63	20745	2895854	1
2022.04.06	12:00:00	113.63	114.19	113.41	113.88	18131	1059930	1
2022.04.06	14:00:00	113.87	114.00	112.48	113.81	33107	2803640	1
2022.04.06	16:00:00	113.82	114.08	113.26	113.87	12888	1876391	1
2022.04.07	10:00:00	113.27	114.12	113.01	113.60	18271	1672940	1
2022.04.07	12:00:00	113.60	113.98	113.33	113.78	15647	745453	1
2022.04.07	14:00:00	113.79	114.50	113.77	114.50	15365	1004625	1
2022.04.07	16:00:00	114.49	114.90	114.25	114.65	7286	1022838	1
2022.04.08	10:00:00	113.95	114.33	113.12	114.32	23671	1719942	1
2022.04.08	12:00:00	114.30	114.49	114.07	114.33	13401	687040	1
2022.04.08	14:00:00	114.30	114.44	113.85	114.11	16902	635872	1
2022.04.08	16:00:00	114.11	114.11	113.80	113.98	7623	795979	1
2022.04.11	10:00:00	112.85	113.37	112.50	113.03	24213	1135527	1
2022.04.11	12:00:00	113.02	113.19	112.73	112.90	25996	621229	1
2022.04.11	14:00:00	112.89	113.28	112.86	112.96	28353	598019	1
2022.04.11	16:00:00	112.95	113.10	112.57	112.57	18136	1137136	1
2022.04.12	10:00:00	113.97	114.18	113.32	113.38	11779	1059802	1
2022.04.12	12:00:00	113.39	113.52	112.92	113.14	13511	662996	1
2022.04.12	14:00:00	113.14	113.27	111.95	112.17	15014	997778	1
2022.04.12	16:00:00	112.16	112.30	111.77	111.77	7645	1050644	1
2022.04.13	10:00:00	112.60	112.69	112.00	112.15	8859	1091362	1
2022.04.13	12:00:00	112.15	112.65	111.97	112.65	11386	1391935	1
2022.04.13	14:00:00	112.64	113.02	112.17	112.56	13785	1174974	1
2022.04.13	16:00:00	112.56	112.65	112.29	112.52	10073	912020	1
2022.04.14	10:00:00	112.00	112.46	111.72	111.83	11029	949345	1
2022.04.14	12:00:00	111.82	112.09	111.36	111.44	8621	506625	1
2022.04.14	14:00:00	111.44	111.75	111.30	111.52	12084	816200	1
2022.04.14	16:00:00	111.53	111.66	111.44	111.65	7599	799755	1
2022.04.18	10:00:00	111.62	111.85	110.92	111.48	10674	1477337	1
2022.04.18	12:00:00	111.47	111.70	111.28	111.67	9273	470668	1
2022.04.18	14:00:00	111.66	111.98	111.28	111.29	14664	1009517	1
2022.04.18	16:00:00	111.29	111.46	111.20	111.46	9786	858647	1
2022.04.19	10:00:00	110.76	111.13	110.50	110.76	9056	1080251	1
2022.04.19	12:00:00	110.79	110.83	110.23	110.27	10968	971033	1
2022.04.19	14:00:00	110.27	110.43	110.06	110.39	10334	978151	1
2022.04.19	16:00:00	110.38	111.17	110.30	110.92	8126	1149426	1
2022.04.20	10:00:00	110.52	110.75	109.96	110.22	15875	1353079	1
2022.04.20	12:00:00	110.22	110.23	109.73	110.05	11973	620266	1
2022.04.20	14:00:00	110.06	110.15	109.82	109.82	16400	683346	1
2022.04.20	16:00:00	109.83	110.18	109.82	110.05	11377	993334	1
2022.04.22	10:00:00	109.37	109.37	107.67	107.75	11987	1811771	1
2022.04.22	12:00:00	107.74	107.98	107.50	107.68	13696	1569586	1
2022.04.22	14:00:00	107.68	107.72	106.71	106.85	17722	1948625	1
2022.04.22	16:00:00	106.85	106.95	106.50	106.75	16859	2332662	1
2022.04.25	10:00:00	105.78	106.15	105.31	105.34	19938	1882567	1
2022.04.25	12:00:00	105.33	106.23	105.24	105.99	17359	1229264	1
2022.04.25	14:00:00	106.00	107.11	105.80	106.81	25860	1237801	1
2022.04.25	16:00:00	106.81	107.09	106.62	106.76	16614	1419360	1
2022.04.26	10:00:00	105.90	106.17	104.79	104.93	14233	2087251	1
2022.04.26	12:00:00	104.93	105.11	104.68	105.04	16117	993758	1
2022.04.26	14:00:00	105.04	105.06	104.38	104.59	18887	1381981	1
2022.04.26	16:00:00	104.60	104.69	104.05	104.28	14601	2213684	1
2022.04.27	10:00:00	105.93	106.11	105.16	105.51	21933	3074930	1
2022.04.27	12:00:00	105.51	105.99	105.38	105.44	10518	1094918	1
2022.04.27	14:00:00	105.45	105.65	105.00	105.35	27886	1346352	1
2022.04.27	16:00:00	105.35	105.52	105.05	105.52	21183	3252250	1
2022.04.28	10:00:00	106.06	106.14	104.82	105.09	10587	1451412	1
2022.04.28	12:00:00	105.08	105.87	104.99	105.65	17562	1317383	1
2022.04.28	14:00:00	105.66	106.56	105.55	106.43	24193	1464466	1
2022.04.28	16:00:00	106.42	106.66	105.73	105.86	16591	1530923	1
2022.04.29	10:00:00	107.29	107.73	106.75	107.07	12140	1410485	1
2022.04.29	12:00:00	107.07	107.37	106.51	106.65	15550	1279550	1
2022.04.29	14:00:00	106.65	106.90	104.44	105.30	32524	1936420	1
2022.04.29	16:00:00	105.31	105.44	103.40	103.40	22549	2317648	1
2022.05.02	10:00:00	103.67	103.96	102.07	102.26	29624	1920949	1
2022.05.02	12:00:00	102.27	102.30	101.46	101.74	31041	2409577	1
2022.05.02	14:00:00	101.74	102.09	101.30	101.45	48771	2320509	1
2022.05.02	16:00:00	101.45	102.72	101.42	102.72	15238	3092302	1
2022.05.03	10:00:00	102.85	103.25	102.69	102.94	32888	2408249	1
2022.05.03	12:00:00	102.94	103.17	102.42	102.71	23290	1738624	1
2022.05.03	14:00:00	102.71	102.99	102.09	102.61	49505	2223985	1
2022.05.03	16:00:00	102.61	102.80	102.17	102.72	13602	2036979	1
2022.05.04	10:00:00	101.97	102.09	101.10	101.37	14009	1494281	1
2022.05.04	12:00:00	101.38	101.84	101.23	101.83	17121	1250781	1
2022.05.04	14:00:00	101.84	103.65	101.20	103.12	27099	2743714	1
2022.05.04	16:00:00	103.11	104.57	102.95	104.38	12350	3227422	1
2022.05.05	10:00:00	103.19	103.20	100.15	101.12	28663	3170189	1
2022.05.05	12:00:00	101.10	101.18	100.12	101.15	37299	2306358	1
2022.05.05	14:00:00	101.14	101.50	100.37	100.96	24926	1906835	1
2022.05.05	16:00:00	100.97	101.62	100.64	101.50	18425	4963608	1
2022.05.06	10:00:00	101.52	101.99	100.10	101.83	25927	2606989	1
2022.05.06	12:00:00	101.82	102.43	101.29	101.77	41560	4278981	1
2022.05.06	14:00:00	101.77	101.89	100.80	101.05	36154	3030034	1
2022.05.06	16:00:00	101.04	101.62	100.87	101.23	15413	2619850	1
2022.05.09	10:00:00	99.80	100.22	99.11	99.15	29740	2594854	1
2022.05.09	12:00:00	99.15	100.68	99.02	100.03	31514	2131271	1
2022.05.09	14:00:00	100.02	100.10	99.45	99.78	32154	1906043	1
2022.05.09	16:00:00	99.78	100.06	99.31	99.68	10995	1478514	1
2022.05.10	10:00:00	100.16	100.39	99.16	99.38	23306	1849809	1
2022.05.10	12:00:00	99.36	99.40	98.63	98.77	24955	1122155	1
2022.05.10	14:00:00	98.77	99.70	98.74	99.47	34264	1438690	1
2022.05.10	16:00:00	99.47	99.79	99.12	99.24	14902	1431237	1
2022.05.11	10:00:00	99.61	101.37	99.61	101.12	18929	2758524	1
2022.05.11	12:00:00	101.10	101.48	100.77	100.82	11970	1237088	1
2022.05.11	14:00:00	100.82	100.99	100.17	100.80	17840	1504052	1
2022.05.11	16:00:00	100.79	100.84	100.23	100.64	12785	3609518	1
2022.05.12	10:00:00	100.00	101.34	99.74	101.29	21529	2572585	1
2022.05.12	12:00:00	101.28	101.72	100.89	101.20	17036	1843955	1
2022.05.12	14:00:00	101.20	101.26	100.77	100.77	22952	1356444	1
2022.05.12	16:00:00	100.77	102.04	100.72	102.04	16679	2587027	1
2022.05.13	10:00:00	102.34	103.87	102.26	103.63	15793	2396679	1
2022.05.13	12:00:00	103.62	103.87	103.37	103.64	14799	828853	1
2022.05.13	14:00:00	103.64	103.68	103.07	103.43	22505	996059	1
2022.05.13	16:00:00	103.44	103.53	103.10	103.29	17092	4103823	1
2022.05.16	10:00:00	103.36	104.01	102.97	103.84	24978	2392507	1
2022.05.16	12:00:00	103.84	104.54	103.77	104.28	28242	2519601	1
2022.05.16	14:00:00	104.28	104.82	104.27	104.57	30507	2152740	1
2022.05.16	16:00:00	104.56	104.64	104.20	104.40	15895	1687222	1
2022.05.17	10:00:00	105.55	105.70	104.69	104.76	15885	999473	1
2022.05.17	12:00:00	104.76	105.07	104.59	104.98	12727	742784	1
2022.05.17	14:00:00	104.97	105.10	104.37	104.76	17360	1487264	1
2022.05.17	16:00:00	104.76	104.96	104.71	104.90	14546	1027496	1
2022.05.18	10:00:00	104.78	104.78	103.63	103.79	17197	2795856	1
2022.05.18	12:00:00	103.80	103.81	103.02	103.31	12734	1217088	1
2022.05.18	14:00:00	103.32	103.32	102.15	102.18	23608	1772623	1
2022.05.18	16:00:00	102.19	102.55	102.16	102.21	18122	3189305	1
2022.05.19	10:00:00	102.41	103.20	102.39	102.74	23123	1456203	1
2022.05.19	12:00:00	102.73	103.33	102.61	102.98	21602	2170775	1
2022.05.19	14:00:00	102.98	103.40	102.76	103.23	29581	3942177	1
2022.05.19	16:00:00	103.23	103.50	103.04	103.08	10923	2245900	1
2022.05.20	10:00:00	104.50	104.88	104.12	104.16	18612	2017838	1
2022.05.20	12:00:00	104.15	104.22	103.57	103.73	18245	1293601	1
2022.05.20	14:00:00	103.73	104.29	103.47	104.19	23253	1521311	1
2022.05.20	16:00:00	104.16	104.80	103.93	104.66	15397	3224347	1
2022.05.23	10:00:00	105.47	106.15	105.12	106.14	19974	1925021	1
2022.05.23	12:00:00	106.14	106.47	106.07	106.31	20523	1145365	1
2022.05.23	14:00:00	106.30	106.69	106.16	106.52	23392	1705704	1
2022.05.23	16:00:00	106.52	106.76	106.43	106.76	16447	2088392	1
2022.05.24	10:00:00	105.24	105.84	104.50	104.77	24296	2730178	1
2022.05.24	12:00:00	104.78	105.81	104.63	105.29	23176	1635964	1
2022.05.24	14:00:00	105.30	105.96	105.14	105.39	32516	1302694	1
2022.05.24	16:00:00	105.39	106.71	105.35	106.64	15563	2243252	1
2022.05.25	10:00:00	106.19	106.55	105.68	106.44	7643	953178	1
2022.05.25	12:00:00	106.46	106.56	106.11	106.26	7704	997728	1
2022.05.25	14:00:00	106.24	106.76	105.90	106.67	18699	2058876	1
2022.05.25	16:00:00	106.67	107.04	106.55	106.66	12402	1681868	1
2022.05.26	10:00:00	106.67	107.78	106.35	107.71	12548	1249194	1
2022.05.26	12:00:00	107.72	107.94	107.63	107.88	8411	502988	1
2022.05.26	14:00:00	107.88	108.05	107.63	108.00	16332	1156998	1
2022.05.26	16:00:00	108.00	108.09	107.82	108.02	23139	1457461	1
2022.05.27	10:00:00	107.73	108.23	107.55	108.10	14515	1025653	1
2022.05.27	12:00:00	108.11	108.12	107.80	107.92	10189	1007928	1
2022.05.27	14:00:00	107.92	108.43	107.80	108.23	14204	2023718	1
2022.05.27	16:00:00	108.23	108.35	107.75	107.90	13094	1034178	1
2022.05.30	10:00:00	108.70	108.73	106.82	106.99	10695	811173	1
2022.05.30	12:00:00	106.98	107.12	106.64	107.06	9940	479104	1
2022.05.30	14:00:00	107.06	107.21	106.90	107.00	15799	784670	1
2022.05.30	16:00:00	107.01	107.16	106.89	106.92	9689	939928	1
2022.05.31	10:00:00	107.74	107.93	107.28	107.72	15921	1218179	1
2022.05.31	12:00:00	107.70	107.79	107.13	107.51	15165	726474	1
2022.05.31	14:00:00	107.50	107.64	106.90	107.00	15897	413887	1
2022.05.31	16:00:00	106.99	107.18	106.67	107.18	9043	642995	1
2022.06.01	10:00:00	107.33	107.88	106.77	107.83	13381	1681240	1
2022.06.01	12:00:00	107.80	107.93	107.12	107.47	14501	845913	1
2022.06.01	14:00:00	107.47	107.99	107.46	107.72	14651	1035918	1
2022.06.01	16:00:00	107.70	107.80	107.47	107.47	8380	984413	1
2022.06.02	10:00:00	108.35	108.52	107.20	107.53	10458	1446125	1
2022.06.02	12:00:00	107.53	108.68	107.49	108.65	12050	730163	1
2022.06.02	14:00:00	108.65	108.75	108.42	108.43	16850	1044967	1
2022.06.02	16:00:00	108.44	108.49	108.20	108.43	12664	1437363	1
2022.06.03	10:00:00	107.90	107.90	107.24	107.41	40628	2581776	1
2022.06.03	12:00:00	107.41	107.62	106.97	107.57	31936	1872051	1
2022.06.03	14:00:00	107.58	107.73	107.09	107.24	24632	2199561	1
2022.06.03	16:00:00	107.24	107.48	107.13	107.48	9500	2321371	1
2022.06.06	10:00:00	107.61	108.02	106.57	106.81	9091	2045999	1
2022.06.06	12:00:00	106.82	106.87	106.06	106.35	9012	781496	1
2022.06.06	14:00:00	106.35	106.66	106.09	106.32	9202	392767	1
2022.06.06	16:00:00	106.32	106.42	106.15	106.42	13611	1328658	1
2022.06.07	10:00:00	105.88	106.54	105.47	106.35	25972	2015803	1
2022.06.07	12:00:00	106.34	106.45	106.01	106.37	28462	782200	1
2022.06.07	14:00:00	106.37	106.46	105.89	106.29	31310	1169812	1
2022.06.07	16:00:00	106.29	106.38	106.05	106.15	20845	1220066	1
2022.06.08	10:00:00	105.23	106.25	105.13	105.53	51058	1030284	1
2022.06.08	12:00:00	105.52	105.99	104.97	105.26	28265	1121353	1
2022.06.08	14:00:00	105.25	105.41	104.29	104.48	29556	1293716	1
2022.06.08	16:00:00	104.50	104.86	104.19	104.60	18040	4532348	1
2022.06.09	10:00:00	104.19	104.74	103.41	104.07	18789	2247662	1
2022.06.09	12:00:00	104.06	104.33	103.75	104.28	19610	1643540	1
2022.06.09	14:00:00	104.29	104.42	104.00	104.05	17574	1099214	1
2022.06.09	16:00:00	104.05	104.06	103.23	103.68	15726	3349510	1
2022.06.10	10:00:00	102.40	102.55	100.87	101.55	40466	3549570	1
2022.06.10	12:00:00	101.54	102.25	101.44	101.99	31937	1982614	1
2022.06.10	14:00:00	101.99	102.34	101.74	102.04	27593	2104190	1
2022.06.10	16:00:00	102.05	102.11	101.50	101.82	21223	3053012	1
2022.06.13	10:00:00	100.10	100.23	98.07	98.82	46511	2897289	1
2022.06.13	12:00:00	98.82	99.73	98.70	99.22	36590	2963618	1
2022.06.13	14:00:00	99.22	99.53	98.88	99.12	33461	3077610	1
2022.06.13	16:00:00	99.12	99.28	98.31	99.12	29768	6117538	1
2022.06.14	10:00:00	99.22	99.58	98.07	98.34	32470	2434269	1
2022.06.14	12:00:00	98.32	98.95	98.20	98.45	29909	2923680	1
2022.06.14	14:00:00	98.45	98.90	97.88	97.93	26869	1834045	1
2022.06.14	16:00:00	97.94	98.55	97.63	98.36	13533	2691512	1
2022.06.15	10:00:00	99.61	100.17	99.12	99.67	19821	2747911	1
2022.06.15	12:00:00	99.67	99.68	98.73	98.78	23619	1048498	1
2022.06.15	14:00:00	98.78	100.32	98.30	99.54	40096	3215457	1
2022.06.15	16:00:00	99.54	100.05	99.10	99.38	11410	3150577	1
2022.06.17	10:00:00	97.59	97.59	94.91	95.43	38738	6568275	1
2022.06.17	12:00:00	95.42	95.67	95.15	95.50	79144	4075614	1
2022.06.17	14:00:00	95.50	96.12	95.03	95.87	35023	6617592	1
2022.06.17	16:00:00	95.88	96.52	95.66	96.21	16599	3920179	1
2022.06.20	10:00:00	96.20	96.46	94.83	96.45	28248	2600690	1
2022.06.20	12:00:00	96.45	96.87	96.36	96.58	20032	2151467	1
2022.06.20	14:00:00	96.58	96.75	96.37	96.41	23990	1312641	1
2022.06.20	16:00:00	96.43	96.50	96.16	96.29	14507	1116884	1
2022.06.21	10:00:00	97.07	97.49	96.50	96.59	16863	1815035	1
2022.06.21	12:00:00	96.56	96.99	96.28	96.71	16767	1173856	1
2022.06.21	14:00:00	96.71	96.88	95.60	96.17	24386	1669275	1
2022.06.21	16:00:00	96.18	96.40	96.04	96.40	13333	2311218	1
2022.06.22	10:00:00	95.24	96.25	94.65	96.07	28663	2400249	1
2022.06.22	12:00:00	96.07	96.78	95.78	96.53	24700	1443350	1
2022.06.22	14:00:00	96.53	96.89	96.30	96.47	29975	1787821	1
2022.06.22	16:00:00	96.47	96.51	95.86	96.03	21084	2408261	1
2022.06.23	10:00:00	96.46	96.79	95.52	96.27	14429	1536336	1
2022.06.23	12:00:00	96.30	96.30	94.86	94.92	13671	1111005	1
2022.06.23	14:00:00	94.92	95.10	94.44	94.63	18412	1546562	1
2022.06.23	16:00:00	94.63	94.96	94.38	94.66	11507	2356661	1
2022.06.24	10:00:00	95.55	95.89	94.51	95.41	14200	2031078	1
2022.06.24	12:00:00	95.39	95.53	94.72	95.22	41649	4114522	1
2022.06.24	14:00:00	95.22	95.37	94.85	94.99	41808	4964753	1
2022.06.24	16:00:00	94.98	95.47	94.91	95.47	7967	3281216	1
2022.06.27	10:00:00	96.06	97.63	95.80	97.58	23032	3368390	1
2022.06.27	12:00:00	97.59	97.66	97.06	97.33	12893	793490	1
2022.06.27	14:00:00	97.33	97.36	97.04	97.13	27085	1875689	1
2022.06.27	16:00:00	97.12	97.45	97.02	97.35	12385	2032048	1
2022.06.28	10:00:00	98.07	98.63	97.44	97.80	21767	2315711	1
2022.06.28	12:00:00	97.81	97.96	96.95	97.06	22150	1944368	1
2022.06.28	14:00:00	97.07	97.09	96.37	96.80	21579	1832662	1
2022.06.28	16:00:00	96.79	97.05	96.59	97.05	13046	1558006	1
2022.06.29	10:00:00	97.37	97.66	96.33	96.37	17810	1588974	1
2022.06.29	12:00:00	96.36	96.43	95.71	95.93	16708	951554	1
2022.06.29	14:00:00	95.93	96.47	95.65	96.13	21266	1369791	1
2022.06.29	16:00:00	96.13	96.34	95.84	96.00	11559	927900	1
2022.06.30	10:00:00	94.50	94.97	94.26	94.90	21755	2373445	1
2022.06.30	12:00:00	94.89	95.79	94.75	95.71	14305	1138891	1
2022.06.30	14:00:00	95.70	95.79	94.92	95.07	19263	2382559	1
2022.06.30	16:00:00	95.09	95.43	94.90	95.00	15384	2424029	1
2022.07.01	10:00:00	94.36	94.98	93.81	94.47	24381	2214976	1
2022.07.01	12:00:00	94.48	94.91	94.38	94.70	27453	1466513	1
2022.07.01	14:00:00	94.69	95.67	94.66	95.55	19288	1577725	1
2022.07.01	16:00:00	95.54	95.85	95.38	95.63	11232	1991835	1
2022.07.04	10:00:00	94.99	95.78	94.75	95.62	13549	1996594	1
2022.07.04	12:00:00	95.63	95.87	95.35	95.54	9265	1256278	1
2022.07.04	14:00:00	95.52	95.67	95.36	95.38	12978	1523166	1
2022.07.04	16:00:00	95.39	95.40	94.90	95.20	12315	1260794	1
2022.07.05	10:00:00	94.42	94.42	93.33	93.56	27896	2023328	1
2022.07.05	12:00:00	93.57	93.75	93.06	93.32	25017	1673505	1
2022.07.05	14:00:00	93.31	94.48	93.30	94.44	28956	2183403	1
2022.07.05	16:00:00	94.45	94.92	94.26	94.80	7944	1369873	1
2022.07.06	10:00:00	94.58	95.66	94.45	94.68	22814	2329120	1
2022.07.06	12:00:00	94.67	94.72	93.97	94.46	13329	1169409	1
2022.07.06	14:00:00	94.45	95.19	94.20	95.02	15831	908475	1
2022.07.06	16:00:00	95.02	95.66	94.87	95.42	10320	1936173	1
2022.07.07	10:00:00	96.62	97.38	96.58	97.00	13393	1727445	1
2022.07.07	12:00:00	97.00	97.27	96.93	97.16	8536	1792707	1
2022.07.07	14:00:00	97.17	97.91	97.06	97.53	12180	1782902	1
2022.07.07	16:00:00	97.54	97.60	97.19	97.38	19173	3038782	1
2022.07.08	10:00:00	97.52	98.00	96.71	97.31	16530	1828008	1
2022.07.08	12:00:00	97.32	97.40	96.40	96.50	14741	1236246	1
2022.07.08	14:00:00	96.50	96.96	96.39	96.76	23669	1691902	1
2022.07.08	16:00:00	96.75	96.90	96.60	96.88	18442	1576283	1
2022.07.11	10:00:00	95.36	95.76	94.84	94.95	20543	2375786	1
2022.07.11	12:00:00	94.95	95.52	94.90	95.11	17445	1242643	1
2022.07.11	14:00:00	95.10	95.20	94.35	94.36	17401	1104445	1
2022.07.11	16:00:00	94.36	94.80	94.35	94.80	8794	2572633	1
2022.07.12	10:00:00	94.27	94.70	93.83	94.63	18377	1924775	1
2022.07.12	12:00:00	94.62	95.29	94.44	95.10	20703	1400362	1
2022.07.12	14:00:00	95.09	95.28	94.86	94.90	28196	2814202	1
2022.07.12	16:00:00	94.91	94.91	94.42	94.90	21646	2053804	1
2022.07.13	10:00:00	94.20	95.41	93.95	95.29	13006	1704580	1
2022.07.13	12:00:00	95.29	95.45	94.78	95.05	13755	954550	1
2022.07.13	14:00:00	95.06	95.24	94.57	94.85	15951	1050793	1
2022.07.13	16:00:00	94.85	94.86	94.35	94.51	14495	2051655	1
2022.07.14	10:00:00	93.03	93.11	92.09	92.51	25510	3084358	1
2022.07.14	12:00:00	92.50	92.95	92.41	92.54	20068	2386611	1
2022.07.14	14:00:00	92.54	92.88	92.45	92.72	22731	1806643	1
2022.07.14	16:00:00	92.72	92.95	92.55	92.55	10687	2308834	1
2022.07.15	10:00:00	92.88	93.05	91.90	92.92	23321	2364937	1
2022.07.15	12:00:00	92.95	93.28	92.86	93.13	13879	944432	1
2022.07.15	14:00:00	93.14	93.58	93.07	93.30	19347	1970588	1
2022.07.15	16:00:00	93.29	93.33	93.13	93.27	9203	2479858	1
2022.07.18	10:00:00	94.00	94.82	93.87	94.79	32227	2607813	1
2022.07.18	12:00:00	94.77	94.79	94.31	94.44	22494	1637101	1
2022.07.18	14:00:00	94.44	94.64	93.20	93.29	26309	1691424	1
2022.07.18	16:00:00	93.29	93.65	93.25	93.37	13385	2306886	1
2022.07.19	10:00:00	93.72	94.38	93.57	93.88	20586	2539459	1
2022.07.19	12:00:00	93.89	94.40	93.82	94.38	19625	3704002	1
2022.07.19	14:00:00	94.37	94.82	94.25	94.68	18359	2836370	1
2022.07.19	16:00:00	94.67	94.84	94.52	94.70	11603	3334195	1
2022.07.20	10:00:00	94.20	94.70	93.84	94.51	13015	1796847	1
2022.07.20	12:00:00	94.51	94.92	94.28	94.85	15578	1380838	1
2022.07.20	14:00:00	94.84	94.84	94.21	94.54	16074	1329608	1
2022.07.20	16:00:00	94.55	94.95	94.53	94.95	10318	3040484	1
2022.07.21	10:00:00	93.99	94.36	93.62	94.27	18548	2187268	1
2022.07.21	12:00:00	94.28	95.21	94.22	95.08	22468	2433764	1
2022.07.21	14:00:00	95.08	95.19	94.74	95.02	23543	1664091	1
2022.07.21	16:00:00	95.02	95.53	95.00	95.35	16719	1445151	1
2022.07.22	10:00:00	95.79	96.16	95.35	96.09	15808	2064680	1
2022.07.22	12:00:00	96.08	96.11	95.58	95.83	9627	767411	1
2022.07.22	14:00:00	95.82	95.83	94.82	95.09	8823	1191290	1
2022.07.22	16:00:00	95.08	95.60	95.05	95.42	5018	997950	1
2022.07.25	10:00:00	96.31	96.78	96.03	96.47	16942	1304507	1
2022.07.25	12:00:00	96.49	96.73	96.40	96.57	17279	877228	1
2022.07.25	14:00:00	96.57	96.93	96.46	96.71	15991	965077	1
2022.07.25	16:00:00	96.70	96.78	96.49	96.75	8276	1030054	1
2022.07.26	10:00:00	96.88	97.16	96.40	96.65	12694	1452332	1
2022.07.26	12:00:00	96.65	96.66	95.87	96.06	14105	667917	1
2022.07.26	14:00:00	96.09	96.25	95.85	96.01	16695	1554685	1
2022.07.26	16:00:00	96.00	96.20	95.96	96.15	9722	1076825	1
2022.07.27	10:00:00	96.77	97.00	96.46	96.85	13035	1164525	1
2022.07.27	12:00:00	96.84	97.12	96.84	97.00	6143	995567	1
2022.07.27	14:00:00	97.00	97.72	96.58	97.61	13663	1016047	1
2022.07.27	16:00:00	97.60	97.94	97.49	97.83	8773	1105375	1
2022.07.28	10:00:00	98.01	98.57	97.42	97.76	21516	2057669	1
2022.07.28	12:00:00	97.76	98.34	97.76	98.32	9320	789077	1
2022.07.28	14:00:00	98.32	98.94	98.11	98.93	16093	1400528	1
2022.07.28	16:00:00	98.93	99.10	98.88	99.10	12059	2072228	1
2022.07.29	10:00:00	99.29	99.48	98.95	99.40	15762	1235922	1
2022.07.29	12:00:00	99.40	99.83	99.26	99.73	18890	987906	1
2022.07.29	14:00:00	99.73	100.38	99.63	100.30	20570	1209484	1
2022.07.29	16:00:00	100.31	100.35	99.30	99.30	13439	2513256	1
2022.08.01	10:00:00	99.27	99.68	98.50	99.52	20519	2174104	1
2022.08.01	12:00:00	99.52	99.59	98.83	98.85	16799	1024184	1
2022.08.01	14:00:00	98.83	98.86	98.14	98.73	24726	1897036	1
2022.08.01	16:00:00	98.74	98.80	98.47	98.56	11727	1525020	1
2022.08.02	10:00:00	98.30	99.59	98.11	99.50	14924	1951316	1
2022.08.02	12:00:00	99.48	99.90	99.18	99.81	11487	669140	1
2022.08.02	14:00:00	99.81	100.02	99.20	99.84	20224	1456952	1
2022.08.02	16:00:00	99.84	99.86	99.53	99.53	9178	1060441	1
2022.08.03	10:00:00	99.77	99.92	99.15	99.36	50532	1826409	1
2022.08.03	12:00:00	99.32	100.20	99.19	100.00	17937	1474902	1
2022.08.03	14:00:00	100.00	100.10	99.73	100.00	18658	887451	1
2022.08.03	16:00:00	100.01	100.20	99.98	100.20	8798	1147049	1
2022.08.04	10:00:00	100.96	101.58	100.93	101.45	40547	2969501	1
2022.08.04	12:00:00	101.45	102.00	101.31	101.93	16439	1199135	1
2022.08.04	14:00:00	101.93	102.45	101.87	102.12	23122	2067431	1
2022.08.04	16:00:00	102.12	102.48	102.10	102.48	30996	2424205	1
2022.08.05	10:00:00	102.35	103.41	101.76	103.31	24749	2267649	1
2022.08.05	12:00:00	103.30	103.30	102.34	102.85	28702	2256944	1
2022.08.05	14:00:00	102.82	103.33	102.27	102.47	41212	3234119	1
2022.08.05	16:00:00	102.47	102.74	102.34	102.74	20563	2201376	1
2022.08.08	10:00:00	103.35	104.32	103.29	104.15	40127	3214160	1
2022.08.08	12:00:00	104.16	104.48	103.93	104.32	16170	1277955	1
2022.08.08	14:00:00	104.31	104.67	104.28	104.41	34423	2496287	1
2022.08.08	16:00:00	104.42	104.80	104.25	104.80	18728	2842626	1
2022.08.09	10:00:00	105.44	105.44	104.04	104.28	31422	1591142	1
2022.08.09	12:00:00	104.30	104.47	104.04	104.36	16100	873359	1
2022.08.09	14:00:00	104.34	104.60	104.26	104.50	16612	1306144	1
2022.08.09	16:00:00	104.50	105.05	104.45	105.05	14211	1584721	1
2022.08.10	10:00:00	106.21	106.42	105.59	106.27	27177	2078890	1
2022.08.10	12:00:00	106.27	106.40	106.00	106.35	21538	902938	1
2022.08.10	14:00:00	106.35	106.54	105.82	106.09	39467	3754691	1
2022.08.10	16:00:00	106.09	106.56	106.01	106.56	21012	2306058	1
2022.08.11	10:00:00	107.31	107.55	106.56	106.61	20619	1190190	1
2022.08.11	12:00:00	106.61	106.77	106.19	106.75	23789	1119846	1
2022.08.11	14:00:00	106.74	107.19	105.76	106.11	28076	1933306	1
2022.08.11	16:00:00	106.12	107.46	105.80	105.88	23554	6277531	1
2022.08.12	10:00:00	106.77	107.45	106.31	106.95	20434	2605025	1
2022.08.12	12:00:00	106.95	107.83	106.90	107.72	24653	2014601	1
2022.08.12	14:00:00	107.72	108.23	107.70	108.20	27598	1577722	1
2022.08.12	16:00:00	108.19	108.64	108.15	108.64	16639	2433017	1
2022.08.15	10:00:00	107.55	108.50	107.10	108.32	17919	2637209	1
2022.08.15	12:00:00	108.31	109.00	108.25	108.82	13706	1236413	1
2022.08.15	14:00:00	108.81	109.24	108.58	108.97	24755	2228910	1
2022.08.15	16:00:00	108.98	109.18	108.87	108.97	11681	1669014	1
2022.08.16	10:00:00	109.00	109.69	108.75	108.89	13617	1500001	1
2022.08.16	12:00:00	108.90	109.29	108.75	109.02	14191	862584	1
2022.08.16	14:00:00	109.03	109.59	108.95	109.18	16489	1152942	1
2022.08.16	16:00:00	109.17	109.76	108.95	109.76	8620	2176625	1
2022.08.17	10:00:00	108.70	109.80	108.62	109.47	24673	2441779	1
2022.08.17	12:00:00	109.47	109.99	109.42	109.57	20050	1511753	1
2022.08.17	14:00:00	109.56	110.22	109.29	109.88	33137	2734626	1
2022.08.17	16:00:00	109.89	110.00	109.56	109.99	14566	2672777	1
2022.08.18	10:00:00	110.16	110.31	109.62	109.94	14588	1765217	1
2022.08.18	12:00:00	109.94	109.98	109.35	109.38	12322	677438	1
2022.08.18	14:00:00	109.38	109.85	109.36	109.79	18281	1155577	1
2022.08.18	16:00:00	109.80	110.17	109.75	109.94	11471	1675097	1
2022.08.19	10:00:00	108.82	109.00	107.65	107.84	17211	2496259	1
2022.08.19	12:00:00	107.84	107.95	107.63	107.85	25341	1549857	1
2022.08.19	14:00:00	107.84	107.86	107.35	107.39	22894	1790941	1
2022.08.19	16:00:00	107.42	107.59	107.35	107.53	14841	5484407	1
2022.08.22	10:00:00	106.76	106.76	106.09	106.55	14824	1221231	1
2022.08.22	12:00:00	106.55	107.15	106.50	106.98	22534	1979029	1
2022.08.22	14:00:00	106.99	107.01	106.47	106.95	33763	2593821	1
2022.08.22	16:00:00	106.95	107.04	106.50	106.73	31285	2442151	1
2022.08.23	10:00:00	107.04	108.56	107.04	108.38	17139	2330972	1
2022.08.23	12:00:00	108.34	108.76	108.14	108.39	18403	1131421	1
2022.08.23	14:00:00	108.39	108.78	108.21	108.76	21218	1996248	1
2022.08.23	16:00:00	108.75	109.10	108.68	109.10	19181	3265970	1
2022.08.24	10:00:00	108.93	109.90	108.70	109.68	15185	1151293	1
2022.08.24	12:00:00	109.67	109.84	108.66	108.74	19669	1558081	1
2022.08.24	14:00:00	108.74	109.12	108.67	108.95	19719	953174	1
2022.08.24	16:00:00	108.94	109.29	108.88	109.18	10698	1092602	1
2022.08.25	10:00:00	109.83	110.09	109.11	109.32	10512	943270	1
2022.08.25	12:00:00	109.33	109.36	108.83	109.36	7715	674167	1
2022.08.25	14:00:00	109.34	109.58	109.16	109.36	12343	641492	1
2022.08.25	16:00:00	109.36	109.60	109.34	109.60	7523	979506	1
2022.08.26	10:00:00	110.08	110.19	108.61	108.94	30574	2489103	1
2022.08.26	12:00:00	108.94	108.99	108.00	108.37	27285	1731511	1
2022.08.26	14:00:00	108.38	108.58	108.12	108.39	26911	1398424	1
2022.08.26	16:00:00	108.39	108.50	108.23	108.36	11493	1216665	1
2022.08.29	10:00:00	107.91	108.93	107.86	108.69	13928	850438	1
2022.08.29	12:00:00	108.68	109.06	108.59	108.98	12018	772734	1
2022.08.29	14:00:00	108.96	109.29	108.83	108.96	15987	1244855	1
2022.08.29	16:00:00	108.96	109.05	108.28	108.40	27807	4420110	1
2022.08.30	10:00:00	108.70	108.90	107.25	107.64	14902	992205	1
2022.08.30	12:00:00	107.66	107.72	106.60	106.67	14901	841541	1
2022.08.30	14:00:00	106.67	106.69	106.25	106.49	20461	1443174	1
2022.08.30	16:00:00	106.49	106.83	106.39	106.40	14156	1680795	1
2022.08.31	10:00:00	106.83	107.52	106.09	107.00	16238	1125008	1
2022.08.31	12:00:00	107.00	107.31	106.74	106.86	54783	606800	1
2022.08.31	14:00:00	106.86	107.06	106.02	106.43	61498	1966286	1
2022.08.31	16:00:00	106.43	106.50	105.70	105.83	28150	1418123	1
2022.09.01	10:00:00	106.07	106.07	104.59	104.64	11537	1175289	1
2022.09.01	12:00:00	104.64	105.11	104.43	104.92	15873	522743	1
2022.09.01	14:00:00	104.92	106.26	104.84	106.18	29606	874832	1
2022.09.01	16:00:00	106.16	106.59	106.11	106.59	16369	1988417	1
2022.09.02	10:00:00	107.36	108.42	106.84	108.27	12539	1596949	1
2022.09.02	12:00:00	108.26	108.35	107.38	107.46	11291	967292	1
2022.09.02	14:00:00	107.47	107.64	106.88	107.33	21811	1626377	1
2022.09.02	16:00:00	107.33	107.58	106.71	107.09	13804	2190918	1
2022.09.05	10:00:00	108.27	108.69	108.12	108.38	9324	1006244	1
2022.09.05	12:00:00	108.36	108.39	107.78	108.04	7709	1229616	1
2022.09.05	14:00:00	108.06	108.36	108.05	108.22	7537	739497	1
2022.09.05	16:00:00	108.22	108.49	108.19	108.45	7095	1119197	1
2022.09.06	10:00:00	106.93	107.08	105.58	106.15	15124	1716077	1
2022.09.06	12:00:00	106.15	106.27	105.61	106.00	14456	549050	1
2022.09.06	14:00:00	106.00	106.10	105.51	105.70	16159	711292	1
2022.09.06	16:00:00	105.70	106.06	105.65	105.95	10506	1484631	1
2022.09.08	10:00:00	106.11	106.91	105.90	106.16	13649	1986297	1
2022.09.08	12:00:00	106.14	106.29	104.76	105.45	14334	1493030	1
2022.09.08	14:00:00	105.45	106.39	105.36	105.86	14240	1886226	1
2022.09.08	16:00:00	105.86	106.18	105.68	106.18	7354	934144	1
2022.09.09	10:00:00	107.54	108.33	107.28	108.22	11259	2063652	1
2022.09.09	12:00:00	108.23	108.58	108.14	108.45	11889	1082433	1
2022.09.09	14:00:00	108.47	108.56	108.13	108.37	14772	2869849	1
2022.09.09	16:00:00	108.37	108.40	108.18	108.40	9940	2386298	1
2022.09.12	10:00:00	109.60	110.19	109.45	109.59	14874	1972205	1
2022.09.12	12:00:00	109.59	109.83	109.30	109.50	10541	581445	1
2022.09.12	14:00:00	109.48	109.73	109.31	109.69	11791	802303	1
2022.09.12	16:00:00	109.70	109.70	109.43	109.55	5868	1109329	1
2022.09.13	10:00:00	107.94	108.85	107.61	108.00	16519	1240663	1
2022.09.13	12:00:00	108.00	108.16	107.25	107.65	18554	1588745	1
2022.09.13	14:00:00	107.64	107.78	106.95	107.11	18436	1286353	1
2022.09.13	16:00:00	107.10	107.19	106.61	106.98	11295	948955	1
2022.09.14	10:00:00	106.69	107.59	106.22	107.21	9210	1080636	1
2022.09.14	12:00:00	107.21	107.22	106.82	106.99	8757	556002	1
2022.09.14	14:00:00	107.00	107.07	106.42	106.63	14688	852610	1
2022.09.14	16:00:00	106.63	106.78	106.32	106.75	10114	1160866	1
2022.09.15	10:00:00	106.76	107.26	105.62	105.66	7881	1300734	1
2022.09.15	12:00:00	105.66	106.22	105.64	105.95	6836	569266	1
2022.09.15	14:00:00	105.95	106.41	105.94	106.10	9786	1520366	1
2022.09.15	16:00:00	106.12	106.21	105.80	106.11	11879	1400129	1
2022.09.16	10:00:00	105.19	105.65	104.72	105.13	18837	1847087	1
2022.09.16	12:00:00	105.13	105.42	104.76	105.12	22225	1235887	1
2022.09.16	14:00:00	105.12	105.50	104.85	105.37	33674	3151439	1
2022.09.16	16:00:00	105.37	105.76	105.07	105.60	18386	2681386	1
2022.09.19	10:00:00	104.83	106.46	104.66	106.39	16808	1298084	1
2022.09.19	12:00:00	106.39	107.54	106.37	107.51	20684	1439231	1
2022.09.19	14:00:00	107.51	107.68	107.35	107.51	23353	1355556	1
2022.09.19	16:00:00	107.51	108.22	107.50	108.22	14659	2527278	1
2022.09.20	10:00:00	108.50	108.64	107.45	108.09	21161	2333081	1
2022.09.20	12:00:00	108.09	108.61	107.91	108.08	20289	1868201	1
2022.09.20	14:00:00	108.08	108.30	107.70	108.11	22360	1736108	1
2022.09.20	16:00:00	108.07	108.85	108.01	108.85	13646	1526793	1
2022.09.21	10:00:00	108.90	109.13	107.77	107.85	13331	2239174	1
2022.09.21	12:00:00	107.85	108.52	107.71	108.41	10753	1139149	1
2022.09.21	14:00:00	108.39	109.42	107.41	109.00	26006	2604475	1
2022.09.21	16:00:00	109.00	109.05	107.85	108.16	18251	3395280	1
2022.09.22	10:00:00	109.58	109.62	108.12	108.29	61998	1053480	1
2022.09.22	12:00:00	108.26	108.55	107.88	108.44	29404	2360973	1
2022.09.22	14:00:00	108.43	109.57	108.30	109.53	43950	2190227	1
2022.09.22	16:00:00	109.52	110.47	109.52	110.13	24284	1480914	1
2022.09.23	10:00:00	108.21	108.54	107.01	107.16	14402	1568703	1
2022.09.23	12:00:00	107.16	107.71	106.90	107.71	8443	1196203	1
2022.09.23	14:00:00	107.70	107.79	106.84	106.87	18768	2634146	1
2022.09.23	16:00:00	106.89	107.92	106.89	107.84	26381	1007675	1
2022.09.26	10:00:00	107.00	107.33	106.25	106.48	19089	1134578	1
2022.09.26	12:00:00	106.46	106.54	105.53	105.89	22060	3003612	1
2022.09.26	14:00:00	105.89	105.90	105.40	105.71	26175	1200486	1
2022.09.26	16:00:00	105.69	105.85	105.13	105.13	21831	2733384	1
2022.09.27	10:00:00	106.45	106.45	105.24	105.87	8150	999714	1
2022.09.27	12:00:00	105.87	105.91	104.34	104.88	11800	2019470	1
2022.09.27	14:00:00	104.85	105.24	104.36	105.20	25382	1916889	1
2022.09.27	16:00:00	105.19	105.19	104.39	104.68	24799	3276107	1
2022.09.28	10:00:00	104.62	105.06	104.07	104.79	16947	2915895	1
2022.09.28	12:00:00	104.77	105.14	104.24	104.80	13006	1174536	1
2022.09.28	14:00:00	104.81	105.03	104.50	104.75	15090	1077487	1
2022.09.28	16:00:00	104.75	105.21	104.74	104.82	9082	1141589	1
2022.09.29	10:00:00	103.71	104.03	102.43	103.48	13912	2768310	1
2022.09.29	12:00:00	103.46	103.98	103.18	103.43	11168	754261	1
2022.09.29	14:00:00	103.45	103.67	102.72	103.28	17436	1406095	1
2022.09.29	16:00:00	103.29	104.36	103.29	103.80	14273	2298553	1
2022.09.30	10:00:00	103.64	105.45	103.51	105.32	19587	2670820	1
2022.09.30	12:00:00	105.33	106.06	105.25	105.76	23497	1537265	1
2022.09.30	14:00:00	105.75	106.70	105.68	106.09	38133	2589994	1
2022.09.30	16:00:00	106.10	106.69	106.05	106.46	11412	2432099	1
2022.10.03	10:00:00	110.00	111.42	109.33	111.34	24838	3445161	1
2022.10.03	12:00:00	111.31	111.42	110.81	110.92	19716	1858311	1
2022.10.03	14:00:00	110.92	112.14	110.92	112.01	20900	1481571	1
2022.10.03	16:00:00	112.01	112.40	111.83	112.40	18455	4389645	1
2022.10.04	10:00:00	114.02	114.14	112.62	112.92	24540	3233045	1
2022.10.04	12:00:00	112.94	113.00	112.10	112.30	20650	2056218	1
2022.10.04	14:00:00	112.29	112.46	111.80	112.30	31904	2322516	1
2022.10.04	16:00:00	112.30	112.35	111.76	112.35	26415	1467836	1
2022.10.05	10:00:00	112.62	113.08	111.82	112.45	19281	1395700	1
2022.10.05	12:00:00	112.47	113.22	112.36	113.01	18974	2052470	1
2022.10.05	14:00:00	113.01	113.48	112.87	113.31	18813	830631	1
2022.10.05	16:00:00	113.32	113.37	112.99	113.32	13646	1965522	1
2022.10.06	10:00:00	113.59	114.47	113.31	113.77	18189	4533694	1
2022.10.06	12:00:00	113.76	113.98	113.34	113.78	10067	817468	1
2022.10.06	14:00:00	113.78	113.82	113.18	113.28	14245	1433114	1
2022.10.06	16:00:00	113.27	113.61	113.01	113.47	19203	1713413	1
2022.10.07	10:00:00	112.97	113.89	112.88	113.44	15376	1860731	1
2022.10.07	12:00:00	113.42	113.62	113.23	113.42	17344	2055345	1
2022.10.07	14:00:00	113.42	113.42	112.25	112.60	16703	2918568	1
2022.10.07	16:00:00	112.61	112.80	111.96	112.78	10800	2284987	1
2022.10.10	10:00:00	112.89	113.05	111.68	111.88	8442	966803	1
2022.10.10	12:00:00	111.86	111.95	111.44	111.67	8571	1179815	1
2022.10.10	14:00:00	111.66	112.07	111.28	111.43	10059	920571	1
2022.10.10	16:00:00	111.43	112.13	111.43	112.08	6418	2684607	1
2022.10.11	10:00:00	111.49	111.75	110.78	111.13	17131	2494724	1
2022.10.11	12:00:00	111.12	111.80	111.11	111.54	10447	537252	1
2022.10.11	14:00:00	111.55	111.87	110.78	110.83	10913	835107	1
2022.10.11	16:00:00	110.82	110.97	110.29	110.89	12657	1462846	1
2022.10.13	10:00:00	109.27	109.60	108.75	109.46	11961	2821679	1
2022.10.13	12:00:00	109.45	111.04	109.37	110.92	15714	2947522	1
2022.10.13	14:00:00	110.92	111.45	110.63	110.95	14141	1104798	1
2022.10.13	16:00:00	110.94	110.99	110.26	110.26	12220	856688	1
2022.10.14	10:00:00	110.36	110.72	109.24	109.69	10227	2113869	1
2022.10.14	12:00:00	109.70	109.87	108.94	109.67	9049	1078370	1
2022.10.14	14:00:00	109.63	109.99	108.63	108.67	15203	817997	1
2022.10.14	16:00:00	108.71	108.91	107.67	108.22	14500	1639695	1
2022.10.17	10:00:00	108.77	109.71	108.41	109.65	8675	800664	1
2022.10.17	12:00:00	109.66	110.39	109.65	110.16	9662	748705	1
2022.10.17	14:00:00	110.15	110.22	109.88	110.17	12649	1002442	1
2022.10.17	16:00:00	110.17	110.32	109.75	109.90	15295	1222331	1
2022.10.18	10:00:00	111.25	111.60	110.62	110.89	24017	2005682	1
2022.10.18	12:00:00	110.89	110.92	110.18	110.68	18057	1019791	1
2022.10.18	14:00:00	110.69	111.17	110.56	111.05	18011	1255454	1
2022.10.18	16:00:00	111.05	111.94	110.84	111.94	14504	2211608	1
2022.10.19	10:00:00	111.73	112.29	111.27	111.83	13324	1437472	1
2022.10.19	12:00:00	111.79	112.08	111.59	111.78	12664	741673	1
2022.10.19	14:00:00	111.78	112.03	111.60	111.80	14995	734749	1
2022.10.19	16:00:00	111.80	112.44	111.70	112.35	10475	878050	1
2022.10.20	10:00:00	113.19	113.33	112.70	113.29	18857	2994382	1
2022.10.20	12:00:00	113.26	113.28	112.48	112.68	22284	2388133	1
2022.10.20	14:00:00	112.67	113.17	112.40	112.98	27994	2623095	1
2022.10.20	16:00:00	112.96	113.20	112.79	112.90	13711	3371621	1
2022.10.21	10:00:00	113.00	114.35	112.63	114.05	16706	1243780	1
2022.10.21	12:00:00	114.04	114.69	113.81	114.46	36698	2369730	1
2022.10.21	14:00:00	114.46	115.65	114.46	115.50	46582	3206616	1
2022.10.21	16:00:00	115.50	116.61	115.45	116.43	32872	5102124	1
2022.10.24	10:00:00	114.57	114.57	112.92	113.40	22425	4159319	1
2022.10.24	12:00:00	113.40	113.47	112.38	112.46	25987	1563117	1
2022.10.24	14:00:00	112.47	112.49	111.80	111.86	31375	1752948	1
2022.10.24	16:00:00	111.86	112.35	111.84	112.14	18821	2379840	1
2022.10.25	10:00:00	111.70	112.13	110.71	111.70	28734	2648445	1
2022.10.25	12:00:00	111.70	112.24	111.37	111.50	23709	1112067	1
2022.10.25	14:00:00	111.50	111.66	111.00	111.00	25335	1244022	1
2022.10.25	16:00:00	111.00	111.18	110.48	110.48	15655	1902811	1
2022.10.26	10:00:00	109.55	109.95	109.05	109.42	15336	1473146	1
2022.10.26	12:00:00	109.42	110.43	109.41	109.51	15065	1279741	1
2022.10.26	14:00:00	109.48	109.97	108.96	109.04	24667	2032046	1
2022.10.26	16:00:00	109.04	109.14	108.70	108.78	18273	2922942	1
2022.10.27	10:00:00	109.80	110.44	109.10	109.67	20535	2199033	1
2022.10.27	12:00:00	109.65	110.50	109.65	110.29	17557	1359328	1
2022.10.27	14:00:00	110.29	110.79	110.23	110.36	24481	3008156	1
2022.10.27	16:00:00	110.39	112.53	110.00	110.00	17909	2510743	1
2022.10.28	10:00:00	109.84	110.66	109.34	109.89	34326	2767874	1
2022.10.28	12:00:00	109.91	110.86	109.77	110.64	37933	1721826	1
2022.10.28	14:00:00	110.63	110.66	110.04	110.42	54392	1954258	1
2022.10.28	16:00:00	110.43	113.00	110.14	113.00	24665	4675959	1
2022.10.31	10:00:00	108.47	112.78	108.25	111.65	45423	5231206	1
2022.10.31	12:00:00	111.64	111.69	109.59	109.82	24195	2087758	1
2022.10.31	14:00:00	109.82	111.59	109.78	111.18	33098	2922249	1
2022.10.31	16:00:00	111.18	112.41	111.04	112.15	33263	3685844	1
2022.11.01	10:00:00	113.16	113.41	111.44	112.44	40165	2514228	1
2022.11.01	12:00:00	112.44	113.28	112.21	112.75	38686	1927847	1
2022.11.01	14:00:00	112.75	113.90	112.51	113.61	50106	2047897	1
2022.11.01	16:00:00	113.61	114.19	112.44	112.81	19358	3515327	1
2022.11.03	10:00:00	111.36	112.43	110.40	112.36	25843	3333935	1
2022.11.03	12:00:00	112.36	113.06	112.17	113.01	20464	1316527	1
2022.11.03	14:00:00	113.00	113.35	112.71	113.15	33204	1382672	1
2022.11.03	16:00:00	113.16	113.33	112.87	113.10	11239	1872405	1
2022.11.04	10:00:00	115.34	115.91	113.95	115.53	40239	3855292	1
2022.11.04	12:00:00	115.55	115.89	114.51	114.62	41985	2446334	1
2022.11.04	14:00:00	114.61	114.83	114.23	114.58	26032	1356063	1
2022.11.04	16:00:00	114.58	114.58	114.00	114.00	12544	1896869	1
2022.11.07	10:00:00	113.39	114.14	111.75	112.01	21355	1956220	1
2022.11.07	12:00:00	112.01	112.48	111.47	111.93	26811	2053903	1
2022.11.07	14:00:00	111.92	112.29	111.51	111.83	34391	1866786	1
2022.11.07	16:00:00	111.83	112.01	111.16	111.22	31746	2613849	1
2022.11.08	10:00:00	110.72	112.07	110.61	111.43	24677	1366994	1
2022.11.08	12:00:00	111.43	113.17	111.30	112.97	27234	1428110	1
2022.11.08	14:00:00	112.96	113.04	111.80	112.33	23478	1342881	1
2022.11.08	16:00:00	112.31	112.56	111.34	112.30	32810	3906012	1
2022.11.09	10:00:00	111.21	112.50	111.00	111.62	15898	1661813	1
2022.11.09	12:00:00	111.60	112.10	111.20	111.53	14305	2741361	1
2022.11.09	14:00:00	111.53	111.65	109.93	110.03	22396	2162313	1
2022.11.09	16:00:00	110.05	110.22	109.14	109.75	30574	5781955	1
2022.11.10	10:00:00	107.00	108.68	105.75	106.52	49705	5818880	1
2022.11.10	12:00:00	106.54	107.22	105.96	107.00	28263	2104986	1
2022.11.10	14:00:00	107.01	107.05	104.95	105.17	43914	4694282	1
2022.11.10	16:00:00	105.19	107.45	104.65	106.10	62708	11483493	1
2022.11.11	10:00:00	106.10	107.67	105.75	106.96	36390	3909921	1
2022.11.11	12:00:00	106.92	108.83	106.73	108.20	33680	3409074	1
2022.11.11	14:00:00	108.22	109.24	107.59	108.84	34562	1816401	1
2022.11.11	16:00:00	108.86	109.04	107.91	108.55	41848	4402870	1
2022.11.14	10:00:00	109.58	109.58	108.08	108.25	17478	1544901	1
2022.11.14	12:00:00	108.29	109.51	108.21	108.87	17921	1777634	1
2022.11.14	14:00:00	108.87	109.50	108.84	109.27	15353	1079972	1
2022.11.14	16:00:00	109.26	110.43	109.17	109.24	30508	4335191	1
2022.11.16	10:00:00	109.24	109.44	107.40	107.64	16526	1971438	1
2022.11.16	12:00:00	107.64	107.72	106.65	106.83	19000	2298144	1
2022.11.16	14:00:00	106.86	107.03	105.62	105.69	30262	3103200	1
2022.11.16	16:00:00	105.70	106.49	105.70	106.04	38613	6880112	1
2022.11.17	10:00:00	104.90	104.90	103.53	104.38	27786	2978323	1
2022.11.17	12:00:00	104.37	105.16	103.62	104.00	35033	1884154	1
2022.11.17	14:00:00	103.99	104.60	103.75	104.06	47317	5204574	1
2022.11.17	16:00:00	104.06	105.93	103.96	105.69	47347	6911097	1
2022.11.18	10:00:00	107.09	107.78	105.51	105.94	34990	4882677	1
2022.11.18	12:00:00	105.94	106.31	105.18	105.25	29792	1358839	1
2022.11.18	14:00:00	105.25	105.68	104.65	104.92	32540	1968573	1
2022.11.18	16:00:00	104.92	105.46	104.85	104.85	31902	3816993	1
2022.11.21	10:00:00	106.00	106.45	105.01	105.09	36787	2488511	1
2022.11.21	12:00:00	105.09	105.44	104.20	105.30	37356	1777000	1
2022.11.21	14:00:00	105.31	106.34	105.31	105.74	41853	2113244	1
2022.11.21	16:00:00	105.76	106.20	105.31	106.08	61607	6186957	1
2022.11.22	10:00:00	106.35	106.60	105.20	105.73	17521	2169585	1
2022.11.22	12:00:00	105.73	106.06	104.65	104.93	11593	923426	1
2022.11.22	14:00:00	104.94	105.80	104.89	105.34	14059	1301925	1
2022.11.22	16:00:00	105.32	105.37	104.11	105.07	21598	2418063	1
2022.11.23	10:00:00	104.65	105.12	104.26	104.84	17316	2058895	1
2022.11.23	12:00:00	104.86	105.60	104.18	104.36	20756	1939289	1
2022.11.23	14:00:00	104.38	104.92	104.21	104.40	15936	1481703	1
2022.11.23	16:00:00	104.42	105.28	104.25	105.24	21164	2617964	1
2022.11.24	10:00:00	105.90	108.20	105.79	108.08	24804	2369913	1
2022.11.24	12:00:00	108.06	108.86	107.46	107.65	31137	2216136	1
2022.11.24	14:00:00	107.64	108.41	107.61	108.20	18090	1930613	1
2022.11.24	16:00:00	108.20	108.33	108.02	108.20	9965	749477	1
2022.11.25	10:00:00	107.80	107.96	106.55	106.74	15991	1244208	1
2022.11.25	12:00:00	106.74	107.21	106.11	106.14	22730	855667	1
2022.11.25	14:00:00	106.13	106.14	104.82	104.99	27993	1690411	1
2022.11.25	16:00:00	105.00	105.54	104.86	105.07	24898	1447082	1
2022.11.28	10:00:00	105.14	105.71	104.64	105.45	12603	1078861	1
2022.11.28	12:00:00	105.45	105.76	105.28	105.43	9096	652529	1
2022.11.28	14:00:00	105.43	105.62	105.07	105.17	13503	1011991	1
2022.11.28	16:00:00	105.14	105.40	104.96	105.15	17106	1241233	1
2022.11.29	10:00:00	105.87	107.50	105.51	107.36	18449	1944234	1
2022.11.29	12:00:00	107.36	108.44	107.18	108.16	34816	2557750	1
2022.11.29	14:00:00	108.16	108.24	107.82	108.03	18619	1447193	1
2022.11.29	16:00:00	108.02	108.02	107.00	107.29	36779	3557611	1
2022.11.30	10:00:00	107.10	108.29	107.02	108.14	15457	1218501	1
2022.11.30	12:00:00	108.17	108.36	107.60	107.68	16425	1158139	1
2022.11.30	14:00:00	107.67	107.77	106.39	107.55	24561	2855370	1
2022.11.30	16:00:00	107.55	108.58	107.29	108.58	33797	3689203	1
2022.12.01	10:00:00	107.77	108.20	107.37	108.08	13760	1340800	1
2022.12.01	12:00:00	108.09	108.14	106.83	107.01	23902	1410118	1
2022.12.01	14:00:00	107.00	107.37	106.71	107.32	22234	1008151	1
2022.12.01	16:00:00	107.32	107.48	107.06	107.06	55842	3309542	1
2022.12.02	10:00:00	107.57	109.90	106.14	109.80	22070	2905493	1
2022.12.02	12:00:00	109.80	109.80	108.30	108.97	23455	1892856	1
2022.12.02	14:00:00	108.94	109.40	108.23	108.23	16576	2333886	1
2022.12.02	16:00:00	108.27	108.50	107.95	107.95	9950	752320	1
2022.12.05	10:00:00	107.70	108.15	106.50	106.51	13283	2210221	1
2022.12.05	12:00:00	106.54	106.98	106.21	106.29	19706	1740931	1
2022.12.05	14:00:00	106.30	106.49	106.08	106.18	17266	853352	1
2022.12.05	16:00:00	106.18	106.23	105.50	105.63	14150	1012972	1
2022.12.06	10:00:00	106.50	106.88	105.63	106.64	16171	1261478	1
2022.12.06	12:00:00	106.63	106.83	105.93	105.94	16272	989031	1
2022.12.06	14:00:00	105.93	106.27	105.42	105.85	19146	1116584	1
2022.12.06	16:00:00	105.85	106.74	105.54	106.74	22865	2887361	1
2022.12.07	10:00:00	105.99	106.48	105.47	106.14	11938	1675448	1
2022.12.07	12:00:00	106.13	106.37	104.84	105.54	19169	1249336	1
2022.12.07	14:00:00	105.52	106.01	105.26	105.40	15544	927368	1
2022.12.07	16:00:00	105.39	105.70	105.20	105.59	21951	1596962	1
2022.12.08	10:00:00	105.06	105.55	104.65	105.36	8001	1745776	1
2022.12.08	12:00:00	105.40	105.42	103.50	104.25	16317	1662318	1
2022.12.08	14:00:00	104.27	104.27	103.80	103.93	16893	1245106	1
2022.12.08	16:00:00	103.93	104.17	103.19	103.57	33811	2859014	1
2022.12.09	10:00:00	104.23	104.66	103.39	104.37	18161	1515308	1
2022.12.09	12:00:00	104.38	104.92	104.08	104.83	13882	728900	1
2022.12.09	14:00:00	104.82	104.90	104.16	104.48	17772	1266774	1
2022.12.09	16:00:00	104.48	104.48	103.90	103.90	17683	1737967	1
2022.12.12	10:00:00	103.75	103.97	100.30	100.80	33989	2928123	1
2022.12.12	12:00:00	100.78	101.55	100.50	101.15	41176	2695689	1
2022.12.12	14:00:00	101.15	101.60	101.05	101.21	34799	1311359	1
2022.12.12	16:00:00	101.21	102.44	101.05	101.80	41641	5481876	1
2022.12.13	10:00:00	102.26	103.77	101.83	102.37	29419	3613607	1
2022.12.13	12:00:00	102.41	102.90	101.76	102.06	33327	2782670	1
2022.12.13	14:00:00	102.09	102.19	101.36	101.60	28373	3609689	1
2022.12.13	16:00:00	101.64	101.91	100.01	100.30	47144	6348252	1
2022.12.14	10:00:00	99.30	99.83	98.59	98.66	33167	2716863	1
2022.12.14	12:00:00	98.65	98.98	98.30	98.82	58934	4170549	1
2022.12.14	14:00:00	98.81	100.43	98.81	100.14	30559	3920681	1
2022.12.14	16:00:00	100.16	101.16	99.53	100.70	48486	4284127	1
2022.12.15	10:00:00	99.94	102.20	99.55	101.61	40027	3090345	1
2022.12.15	12:00:00	101.60	101.61	100.11	100.49	32895	2044328	1
2022.12.15	14:00:00	100.49	101.80	100.37	100.85	32969	2355358	1
2022.12.15	16:00:00	100.84	101.13	100.05	100.50	60413	5280324	1
2022.12.16	10:00:00	100.45	100.64	99.22	99.88	26933	2779961	1
2022.12.16	12:00:00	99.88	99.88	98.87	99.10	37299	2752820	1
2022.12.16	14:00:00	99.10	99.25	98.81	99.12	42838	3263903	1
2022.12.16	16:00:00	99.12	99.74	99.00	99.40	39777	3522211	1
2022.12.19	10:00:00	99.90	100.59	99.45	99.97	17200	2108579	1
2022.12.19	12:00:00	99.99	101.21	99.99	101.08	29285	1594600	1
2022.12.19	14:00:00	101.07	101.64	100.83	101.35	26961	1575370	1
2022.12.19	16:00:00	101.34	101.37	100.58	101.37	44738	2456734	1
2022.12.20	10:00:00	100.78	104.00	100.78	103.76	33662	3214011	1
2022.12.20	12:00:00	103.77	104.50	103.33	103.43	33640	3048238	1
2022.12.20	14:00:00	103.43	103.91	103.05	103.70	25973	1977556	1
2022.12.20	16:00:00	103.70	103.79	103.09	103.55	22635	4632136	1
2022.12.21	10:00:00	104.16	104.94	102.40	103.31	28105	3186858	1
2022.12.21	12:00:00	103.30	104.13	103.08	103.24	39588	2443004	1
2022.12.21	14:00:00	103.24	103.88	103.20	103.81	34812	2264317	1
2022.12.21	16:00:00	103.81	104.01	103.53	103.87	28900	2282816	1
2022.12.22	10:00:00	104.00	104.77	103.41	103.67	19943	1503713	1
2022.12.22	12:00:00	103.66	104.22	103.41	104.00	21432	1428446	1
2022.12.22	14:00:00	103.96	104.04	102.89	102.96	24226	1773086	1
2022.12.22	16:00:00	102.97	104.06	102.97	103.93	17763	1586894	1
2022.12.23	10:00:00	104.60	105.89	104.31	105.55	26549	3852094	1
2022.12.23	12:00:00	105.57	106.26	105.35	105.90	18818	2064173	1
2022.12.23	14:00:00	105.91	106.02	105.61	105.73	12071	1715331	1
2022.12.23	16:00:00	105.72	106.06	105.45	106.00	9120	2976864	1
2022.12.26	10:00:00	105.66	105.74	104.57	105.04	14692	1605185	1
2022.12.26	12:00:00	105.05	105.45	104.80	105.02	13776	710422	1
2022.12.26	14:00:00	105.02	105.56	104.70	105.04	11597	748548	1
2022.12.26	16:00:00	105.05	105.29	104.89	105.15	9894	1318697	1
2022.12.27	10:00:00	105.77	105.77	103.71	104.23	12739	1601510	1
2022.12.27	12:00:00	104.25	105.35	104.25	104.78	18156	1389603	1
2022.12.27	14:00:00	104.80	104.84	104.10	104.56	12089	1224134	1
2022.12.27	16:00:00	104.56	105.10	104.32	104.90	33863	3163303	1
2022.12.28	10:00:00	105.37	106.65	105.11	106.18	11326	1520863	1
2022.12.28	12:00:00	106.18	106.33	105.65	106.20	6282	665370	1
2022.12.28	14:00:00	106.18	106.79	105.97	106.48	11937	799381	1
2022.12.28	16:00:00	106.48	107.00	106.44	106.80	16683	1213130	1
2022.12.29	10:00:00	107.17	107.50	106.43	106.63	11117	1546157	1
2022.12.29	12:00:00	106.63	106.92	106.22	106.50	7101	1635620	1
2022.12.29	14:00:00	106.48	106.62	105.76	106.14	7648	536225	1
2022.12.29	16:00:00	106.14	106.39	105.95	105.95	15289	2475412	1
2023.01.02	10:00:00	104.36	104.45	102.29	102.79	15969	2049462	1
2023.01.02	12:00:00	102.78	103.18	102.47	102.75	7999	786605	1
2023.01.02	14:00:00	102.74	102.98	102.39	102.58	9552	737157	1
2023.01.02	16:00:00	102.60	102.91	102.46	102.63	23535	3986029	1
2023.01.03	10:00:00	103.00	103.00	101.61	102.36	21471	2658547	1
2023.01.03	12:00:00	102.38	102.57	101.51	101.69	18770	1918810	1
2023.01.03	14:00:00	101.69	102.23	101.42	101.71	17275	1874025	1
2023.01.03	16:00:00	101.72	101.74	100.35	100.48	35997	5742418	1
2023.01.04	10:00:00	101.21	101.50	100.49	100.92	14372	1501007	1
2023.01.04	12:00:00	100.93	102.18	100.40	101.60	20451	2250233	1
2023.01.04	14:00:00	101.61	102.17	101.61	101.97	25616	1053428	1
2023.01.04	16:00:00	101.98	102.09	101.30	101.92	38014	1878082	1
2023.01.05	10:00:00	102.54	102.95	101.83	102.74	15436	1646570	1
2023.01.05	12:00:00	102.71	103.73	102.39	103.38	17532	1260489	1
2023.01.05	14:00:00	103.38	104.19	103.27	103.85	10912	1515317	1
2023.01.05	16:00:00	103.86	104.27	103.82	104.27	14411	2882099	1
2023.01.06	10:00:00	104.48	105.80	104.20	104.45	14236	2336952	1
2023.01.06	12:00:00	104.47	105.30	104.24	105.16	10595	1016902	1
2023.01.06	14:00:00	105.15	105.38	104.84	104.98	9633	939733	1
2023.01.06	16:00:00	104.98	105.50	104.75	105.50	17260	4343136	1
2023.01.06	18:00:00	105.50	105.50	105.50	105.50	1	130000	1
2023.01.09	10:00:00	104.94	105.60	104.68	104.96	14807	1443305	1
2023.01.09	12:00:00	104.98	106.28	104.71	106.01	13304	1085566	1
2023.01.09	14:00:00	106.01	106.32	105.76	105.96	13297	1526523	1
2023.01.09	16:00:00	105.96	106.10	104.99	105.35	18750	2316425	1
2023.01.10	10:00:00	104.85	106.05	104.72	105.73	11457	1246476	1
2023.01.10	12:00:00	105.73	106.22	105.34	106.09	9383	841811	1
2023.01.10	14:00:00	106.08	107.23	106.00	107.16	13644	1522160	1
2023.01.10	16:00:00	107.17	107.54	107.08	107.18	24183	1238169	1
2023.01.11	10:00:00	107.40	108.17	107.11	107.70	13547	1757181	1
2023.01.11	12:00:00	107.71	107.76	107.20	107.54	35261	1424469	1
2023.01.11	14:00:00	107.54	108.00	107.42	107.70	119758	741292	1
2023.01.11	16:00:00	107.70	109.10	107.60	109.10	128910	2241748	1
2023.01.12	10:00:00	108.50	108.50	107.17	107.32	13574	1724461	1
2023.01.12	12:00:00	107.33	109.09	106.94	108.99	12544	1323802	1
2023.01.12	14:00:00	108.97	109.19	108.48	108.81	11449	1031185	1
2023.01.12	16:00:00	108.80	108.88	107.83	108.26	21832	1801175	1
2023.01.13	10:00:00	106.94	107.64	106.69	107.38	16466	1945041	1
2023.01.13	12:00:00	107.36	107.50	107.00	107.47	14662	872137	1
2023.01.13	14:00:00	107.47	107.58	107.18	107.29	15604	704068	1
2023.01.13	16:00:00	107.30	107.47	106.95	107.35	16064	1220803	1
2023.01.16	10:00:00	106.95	106.95	105.40	105.83	13572	1446219	1
2023.01.16	12:00:00	105.84	105.85	105.27	105.77	8206	615303	1
2023.01.16	14:00:00	105.77	105.94	105.13	105.30	12174	1154823	1
2023.01.16	16:00:00	105.30	105.59	105.22	105.47	18373	3688669	1
2023.01.17	10:00:00	106.24	107.15	106.22	107.03	11793	1692843	1
2023.01.17	12:00:00	107.04	107.68	106.89	107.55	7837	1403646	1
2023.01.17	14:00:00	107.56	107.58	107.12	107.18	7224	870684	1
2023.01.17	16:00:00	107.19	107.98	107.07	107.80	12103	2680454	1
2023.01.18	10:00:00	108.83	109.42	108.61	109.01	25057	2738917	1
2023.01.18	12:00:00	108.99	109.60	108.81	109.16	22757	2975366	1
2023.01.18	14:00:00	109.14	109.22	108.46	108.98	17715	1713161	1
2023.01.18	16:00:00	108.97	109.17	108.33	108.33	22721	1978011	1
2023.01.19	10:00:00	107.70	108.88	107.61	108.31	9543	1348687	1
2023.01.19	12:00:00	108.32	108.58	107.81	108.11	13730	606757	1
2023.01.19	14:00:00	108.11	109.08	108.10	109.02	18350	1016982	1
2023.01.19	16:00:00	109.03	109.54	108.79	109.11	21787	1406360	1
2023.01.20	10:00:00	109.11	109.15	108.01	108.39	10767	1803857	1
2023.01.20	12:00:00	108.39	108.77	108.18	108.26	8764	663708	1
2023.01.20	14:00:00	108.28	108.54	108.12	108.41	9759	1369421	1
2023.01.20	16:00:00	108.42	108.63	108.36	108.45	24017	2432762	1
2023.01.23	10:00:00	108.89	109.33	108.15	108.77	11004	1138810	1
2023.01.23	12:00:00	108.80	109.20	108.57	108.70	11670	796689	1
2023.01.23	14:00:00	108.72	108.92	108.40	108.63	12245	734622	1
2023.01.23	16:00:00	108.62	108.69	107.88	107.90	19832	1731304	1
2023.01.24	10:00:00	108.71	109.09	107.97	108.28	16006	1486379	1
2023.01.24	12:00:00	108.27	108.89	108.17	108.70	17649	1105516	1
2023.01.24	14:00:00	108.71	108.76	108.48	108.56	12498	628212	1
2023.01.24	16:00:00	108.55	109.43	108.42	109.43	18378	2504034	1
2023.01.25	10:00:00	109.00	109.26	108.29	108.51	8236	969690	1
2023.01.25	12:00:00	108.52	110.39	108.21	109.84	15916	1203949	1
2023.01.25	14:00:00	109.85	110.30	109.82	110.16	12036	825647	1
2023.01.25	16:00:00	110.13	110.68	110.07	110.65	22809	3428260	1
2023.01.26	10:00:00	110.70	111.10	110.00	110.23	11169	1338663	1
2023.01.26	12:00:00	110.24	110.53	109.95	110.10	8893	844746	1
2023.01.26	14:00:00	110.10	110.62	109.86	110.30	13555	706267	1
2023.01.26	16:00:00	110.30	110.62	110.24	110.42	19566	1492530	1
2023.01.27	10:00:00	110.28	110.29	108.76	109.02	11235	1298508	1
2023.01.27	12:00:00	109.04	109.23	108.34	108.68	14189	1477745	1
2023.01.27	14:00:00	108.69	109.09	108.63	108.85	13564	1034219	1
2023.01.27	16:00:00	108.88	109.00	108.40	108.40	10157	1484179	1
2023.01.30	10:00:00	109.01	109.32	108.35	108.47	8651	803121	1
2023.01.30	12:00:00	108.44	108.95	108.38	108.55	8417	506040	1
2023.01.30	14:00:00	108.55	108.90	108.41	108.59	11985	471689	1
2023.01.30	16:00:00	108.59	108.70	108.13	108.70	12040	1124768	1
2023.01.31	10:00:00	108.71	109.83	108.71	109.61	13997	1423831	1
2023.01.31	12:00:00	109.62	109.80	109.29	109.49	10772	677471	1
2023.01.31	14:00:00	109.49	109.73	109.44	109.60	7961	486537	1
2023.01.31	16:00:00	109.61	109.96	109.57	109.84	23904	3145723	1
2023.02.01	10:00:00	109.49	109.86	108.31	108.38	10332	1123470	1
2023.02.01	12:00:00	108.40	108.41	107.91	107.94	9029	2859937	1
2023.02.01	14:00:00	107.96	108.06	107.06	107.62	15365	1682361	1
2023.02.01	16:00:00	107.62	108.85	107.30	108.40	29118	4714389	1
2023.02.02	10:00:00	107.49	109.27	107.49	107.69	12501	1667308	1
2023.02.02	12:00:00	107.68	107.79	106.79	107.58	24710	1814579	1
2023.02.02	14:00:00	107.58	107.75	107.08	107.18	12550	1053687	1
2023.02.02	16:00:00	107.17	107.43	106.06	106.30	34180	5020042	1
2023.02.03	10:00:00	106.15	106.91	105.45	106.50	18173	1558245	1
2023.02.03	12:00:00	106.50	106.74	105.90	105.91	13099	936679	1
2023.02.03	14:00:00	105.91	106.17	105.25	105.48	13365	1173643	1
2023.02.03	16:00:00	105.49	105.52	104.54	104.87	25028	4205087	1
2023.02.06	10:00:00	104.88	104.95	104.00	104.30	15148	1570095	1
2023.02.06	12:00:00	104.30	104.74	103.90	104.47	22175	1942059	1
2023.02.06	14:00:00	104.45	104.90	104.28	104.82	14675	689860	1
2023.02.06	16:00:00	104.83	105.25	104.70	105.25	24265	1919179	1
2023.02.07	10:00:00	105.39	105.39	104.45	104.79	14497	1172396	1
2023.02.07	12:00:00	104.78	104.80	104.10	104.23	12112	743546	1
2023.02.07	14:00:00	104.23	104.94	103.70	104.08	22812	2343635	1
2023.02.07	16:00:00	104.05	104.64	104.04	104.10	29924	1870342	1
2023.02.08	10:00:00	105.03	105.73	104.80	105.46	13880	1338668	1
2023.02.08	12:00:00	105.46	105.67	104.90	105.37	15413	1245858	1
2023.02.08	14:00:00	105.35	106.20	105.11	106.02	15478	1190969	1
2023.02.08	16:00:00	105.98	106.62	105.92	106.34	29967	2377650	1
2023.02.09	10:00:00	106.33	106.45	105.03	105.05	19501	1606990	1
2023.02.09	12:00:00	105.06	105.47	104.83	105.15	19228	1191651	1
2023.02.09	14:00:00	105.15	105.70	104.67	104.84	23508	1328144	1
2023.02.09	16:00:00	104.84	104.95	104.26	104.44	41564	3291981	1
2023.02.10	10:00:00	104.16	105.13	104.15	104.48	12259	948422	1
2023.02.10	12:00:00	104.48	104.62	104.10	104.26	8834	700824	1
2023.02.10	14:00:00	104.24	104.61	104.13	104.33	10566	733029	1
2023.02.10	16:00:00	104.34	104.83	104.30	104.75	15763	2390471	1
2023.02.13	10:00:00	104.36	105.57	103.92	105.50	12669	1398890	1
2023.02.13	12:00:00	105.50	105.59	105.09	105.40	10837	1359758	1
2023.02.13	14:00:00	105.40	105.63	105.13	105.28	11243	1296832	1
2023.02.13	16:00:00	105.30	105.47	105.07	105.47	26964	2730353	1
2023.02.14	10:00:00	105.85	106.06	104.91	105.66	13580	1364859	1
2023.02.14	12:00:00	105.67	105.72	104.37	104.63	15142	1463521	1
2023.02.14	14:00:00	104.62	104.71	104.23	104.35	16532	1144033	1
2023.02.14	16:00:00	104.35	104.59	104.05	104.43	18382	2347698	1
2023.02.15	10:00:00	104.19	105.44	103.62	105.10	14628	2104035	1
2023.02.15	12:00:00	105.10	105.55	105.02	105.36	9321	694799	1
2023.02.15	14:00:00	105.35	108.00	105.19	106.39	45419	4029902	1
2023.02.15	16:00:00	106.38	107.00	105.65	106.05	51702	3770255	1
2023.02.16	10:00:00	105.48	105.82	104.75	104.97	17425	1808668	1
2023.02.16	12:00:00	104.97	105.45	104.77	105.22	23378	1501931	1
2023.02.16	14:00:00	105.21	106.16	105.11	106.01	17566	1284503	1
2023.02.16	16:00:00	106.01	106.82	105.82	106.50	28750	2695480	1
2023.02.17	10:00:00	105.75	106.12	105.36	105.68	10925	1029764	1
2023.02.17	12:00:00	105.69	106.27	105.65	105.93	12548	1056028	1
2023.02.17	14:00:00	105.89	106.16	105.70	105.80	15169	795180	1
2023.02.17	16:00:00	105.80	106.00	105.56	105.56	24092	2584772	1
2023.02.22	12:00:00	104.09	104.09	103.18	103.59	5950	996354	1
2023.02.22	14:00:00	103.59	103.97	103.42	103.62	21679	1458934	1
2023.02.22	16:00:00	103.62	103.80	103.20	103.60	24525	2918202	1
2023.02.23	10:00:00	103.71	105.18	103.60	105.01	23318	2481687	1
2023.02.23	12:00:00	105.02	105.05	103.29	103.40	17059	1491539	1
2023.02.23	14:00:00	103.40	103.64	103.15	103.62	13877	2363799	1
2023.02.23	16:00:00	103.61	104.42	103.58	104.15	13219	2615296	1
2023.02.24	10:00:00	104.00	104.06	102.77	102.91	11924	1277215	1
2023.02.24	12:00:00	102.90	103.02	102.30	102.65	13821	1267691	1
2023.02.24	14:00:00	102.65	102.67	101.87	102.08	15528	1641834	1
2023.02.24	16:00:00	102.08	102.47	102.00	102.38	21562	3361631	1
2023.02.27	10:00:00	102.71	102.88	102.00	102.40	16658	1307694	1
2023.02.27	12:00:00	102.42	102.87	101.80	102.50	10391	1279016	1
2023.02.27	14:00:00	102.50	103.02	102.33	102.70	14251	609317	1
2023.02.27	16:00:00	102.70	102.76	102.19	102.29	18155	1436515	1
2023.02.28	10:00:00	102.34	103.34	102.07	102.28	20742	1757993	1
2023.02.28	12:00:00	102.28	102.49	101.60	102.04	21128	1329829	1
2023.02.28	14:00:00	102.05	102.62	102.05	102.28	26359	1409526	1
2023.02.28	16:00:00	102.28	102.64	101.15	101.15	20949	2714413	1
2023.03.01	10:00:00	101.91	101.94	100.32	100.43	13059	1427460	1
2023.03.01	12:00:00	100.44	100.56	99.71	100.01	12607	870938	1
2023.03.01	14:00:00	100.03	100.42	99.82	100.15	25126	2071512	1
2023.03.01	16:00:00	100.16	101.20	100.08	101.20	49699	8083221	1
2023.03.02	10:00:00	100.88	101.56	100.37	100.82	14135	1478898	1
2023.03.02	12:00:00	100.80	101.08	100.43	100.76	13763	1116991	1
2023.03.02	14:00:00	100.74	101.10	100.57	100.81	19469	1206014	1
2023.03.02	16:00:00	100.82	100.93	99.94	99.94	31327	2058599	1
2023.03.03	10:00:00	100.30	101.03	100.22	100.96	9677	953082	1
2023.03.03	12:00:00	100.94	101.15	100.59	100.78	10316	509371	1
2023.03.03	14:00:00	100.78	100.88	100.28	100.33	19195	1105009	1
2023.03.03	16:00:00	100.33	100.69	100.25	100.42	22273	1699416	1
2023.03.06	10:00:00	100.83	100.83	99.77	100.24	9968	1380007	1
2023.03.06	12:00:00	100.25	101.81	100.10	101.53	21168	1021809	1
2023.03.06	14:00:00	101.54	101.62	101.17	101.32	27143	890736	1
2023.03.06	16:00:00	101.32	101.67	101.27	101.47	40585	3711310	1
2023.03.07	10:00:00	101.48	101.78	100.85	101.09	7894	573417	1
2023.03.07	12:00:00	101.08	101.10	100.24	100.45	14953	928387	1
2023.03.07	14:00:00	100.45	100.77	100.12	100.32	14939	803684	1
2023.03.07	16:00:00	100.31	100.99	100.29	100.90	22325	2518762	1
2023.03.08	10:00:00	101.20	102.75	101.12	102.64	11167	1789649	1
2023.03.08	12:00:00	102.64	103.30	102.44	102.84	15322	1200380	1
2023.03.08	14:00:00	102.85	102.90	102.44	102.55	18646	2363908	1
2023.03.08	16:00:00	102.55	103.22	102.54	103.22	22023	3512778	1
2023.03.09	10:00:00	103.00	103.24	102.50	102.67	26565	2363116	1
2023.03.09	12:00:00	102.68	102.98	102.22	102.64	28554	1321294	1
2023.03.09	14:00:00	102.63	102.81	102.28	102.80	27662	1406966	1
2023.03.09	16:00:00	102.80	103.24	101.56	101.56	39341	3406601	1
2023.03.10	10:00:00	100.95	101.57	100.25	100.94	19247	1948157	1
2023.03.10	12:00:00	100.95	101.60	100.56	100.63	19187	1358802	1
2023.03.10	14:00:00	100.63	100.88	99.82	100.03	22740	1613361	1
2023.03.10	16:00:00	100.04	100.46	99.99	100.21	35236	6700374	1
2023.03.13	10:00:00	99.21	100.52	98.91	100.49	17556	1502775	1
2023.03.13	12:00:00	100.50	100.52	99.83	100.05	18217	902522	1
2023.03.13	14:00:00	100.05	100.59	99.80	99.99	19637	1091799	1
2023.03.13	16:00:00	100.01	100.08	99.51	99.78	15440	2506013	1
2023.03.14	10:00:00	99.85	100.83	99.80	100.05	18462	1934154	1
2023.03.14	12:00:00	100.05	100.44	99.88	100.10	19223	1220117	1
2023.03.14	14:00:00	100.10	100.22	99.46	99.61	27379	1833754	1
2023.03.14	16:00:00	99.61	99.68	99.14	99.58	14379	1865609	1
2023.03.15	10:00:00	97.99	98.44	97.42	97.75	15811	2607916	1
2023.03.15	12:00:00	97.77	98.38	97.68	98.29	17800	2521036	1
2023.03.15	14:00:00	98.29	99.73	98.28	99.45	23661	2481130	1
2023.03.15	16:00:00	99.46	99.60	99.07	99.39	26218	3398004	1
2023.03.16	10:00:00	99.35	100.13	99.10	99.81	14868	1811290	1
2023.03.16	12:00:00	99.79	100.07	99.43	99.92	30399	5756343	1
2023.03.16	14:00:00	99.92	100.54	99.91	100.25	45886	2444681	1
2023.03.16	16:00:00	100.25	100.33	100.00	100.00	29589	2073499	1
2023.03.17	10:00:00	99.37	99.37	98.27	98.56	10571	1778163	1
2023.03.17	12:00:00	98.57	99.15	98.41	98.86	15052	1564322	1
2023.03.17	14:00:00	98.86	99.09	98.64	99.00	16352	1839298	1
2023.03.17	16:00:00	98.97	99.04	98.80	98.85	25187	2288021	1
2023.03.20	10:00:00	98.77	99.00	97.75	98.40	12175	2063928	1
2023.03.20	12:00:00	98.37	98.44	97.40	97.73	44054	1659114	1
2023.03.20	14:00:00	97.73	97.90	97.37	97.84	127734	2023071	1
2023.03.20	16:00:00	97.83	98.03	97.64	97.70	27046	1943118	1
2023.03.21	10:00:00	97.98	98.37	97.62	98.05	15101	1268184	1
2023.03.21	12:00:00	98.04	98.18	97.76	97.98	16269	527258	1
2023.03.21	14:00:00	97.96	98.07	97.71	97.92	9859	979787	1
2023.03.21	16:00:00	97.92	98.03	97.68	97.93	10621	2403429	1
2023.03.22	10:00:00	97.59	97.65	97.04	97.60	23349	1709159	1
2023.03.22	12:00:00	97.59	97.90	97.50	97.50	28289	1064481	1
2023.03.22	14:00:00	97.50	98.70	97.26	98.01	32107	2250488	1
2023.03.22	16:00:00	98.00	98.04	96.82	97.03	19566	2338830	1
2023.03.23	10:00:00	97.50	97.91	96.30	96.60	28494	2150603	1
2023.03.23	12:00:00	96.60	96.70	95.99	96.01	11516	1406850	1
2023.03.23	14:00:00	96.01	96.03	93.81	94.23	29773	3708324	1
2023.03.23	16:00:00	94.23	94.78	93.95	94.58	15511	4949372	1
2023.03.24	10:00:00	95.01	95.35	94.60	95.08	11744	2144836	1
2023.03.24	12:00:00	95.09	96.00	94.76	95.63	11859	2245978	1
2023.03.24	14:00:00	95.62	96.16	95.52	95.55	14364	1498675	1
2023.03.24	16:00:00	95.55	95.89	95.52	95.86	11920	1613310	1
2023.03.27	10:00:00	96.65	96.79	95.84	96.28	8580	1296753	1
2023.03.27	12:00:00	96.29	96.60	96.04	96.42	10842	1330667	1
2023.03.27	14:00:00	96.42	96.80	96.27	96.62	12156	849323	1
2023.03.27	16:00:00	96.61	96.65	96.43	96.54	7270	2984865	1
2023.03.28	10:00:00	96.30	98.03	96.14	97.73	10474	1544311	1
2023.03.28	12:00:00	97.75	98.34	97.75	98.33	9208	832945	1
2023.03.28	14:00:00	98.33	98.33	97.81	97.95	37592	2813374	1
2023.03.28	16:00:00	97.96	98.03	97.77	98.03	44524	4157395	1
2023.03.29	10:00:00	98.43	98.43	97.58	98.11	14093	2059512	1
2023.03.29	12:00:00	98.10	98.43	97.64	97.70	9877	704040	1
2023.03.29	14:00:00	97.71	97.84	96.96	97.58	11937	1364311	1
2023.03.29	16:00:00	97.56	98.95	97.44	98.55	10399	2741168	1
2023.03.30	10:00:00	99.94	100.76	99.33	99.86	16963	3396333	1
2023.03.30	12:00:00	99.86	100.24	99.84	99.94	13469	1009423	1
2023.03.30	14:00:00	99.94	100.14	99.60	99.96	16908	1940324	1
2023.03.30	16:00:00	99.96	100.47	99.93	100.47	10322	2490449	1
2023.03.31	10:00:00	100.38	100.76	99.74	99.78	14173	1327153	1
2023.03.31	12:00:00	99.78	99.82	98.97	99.08	18547	1493593	1
2023.03.31	14:00:00	99.11	99.11	98.22	98.69	22088	1506330	1
2023.03.31	16:00:00	98.66	99.12	98.49	98.49	10168	3396737	1
2023.04.03	10:00:00	98.75	98.75	97.36	97.72	16840	1601686	1
2023.04.03	12:00:00	97.74	97.97	97.62	97.88	16432	1506366	1
2023.04.03	14:00:00	97.88	98.10	97.65	97.87	22547	1435764	1
2023.04.03	16:00:00	97.87	98.31	97.84	98.30	12289	2024229	1
2023.04.04	10:00:00	98.80	99.75	98.43	98.89	10974	1245766	1
2023.04.04	12:00:00	98.87	99.02	98.43	98.92	13049	759545	1
2023.04.04	14:00:00	98.92	99.04	98.55	98.74	24560	1152087	1
2023.04.04	16:00:00	98.74	99.01	98.51	98.51	6506	1116222	1
2023.04.05	10:00:00	98.56	98.76	96.71	96.97	9311	1488714	1
2023.04.05	12:00:00	96.97	97.64	96.85	97.38	15450	1056020	1
2023.04.05	14:00:00	97.38	97.97	97.32	97.51	17535	1325733	1
2023.04.05	16:00:00	97.52	97.92	97.41	97.63	16723	2491344	1
2023.04.06	10:00:00	97.67	98.34	97.31	97.54	15029	1185866	1
2023.04.06	12:00:00	97.54	97.77	97.17	97.55	18016	977242	1
2023.04.06	14:00:00	97.55	97.82	97.38	97.75	19196	795547	1
2023.04.06	16:00:00	97.77	97.77	97.50	97.59	9521	1112269	1
2023.04.10	10:00:00	98.11	98.94	98.08	98.43	7867	1130032	1
2023.04.10	12:00:00	98.44	98.85	98.43	98.47	8432	448991	1
2023.04.10	14:00:00	98.47	98.65	98.39	98.49	10419	892883	1
2023.04.10	16:00:00	98.49	98.66	98.34	98.66	9480	2003673	1
2023.04.11	10:00:00	100.14	102.18	100.14	101.77	28392	4257587	1
2023.04.11	12:00:00	101.76	102.10	101.66	102.02	18646	1492033	1
2023.04.11	14:00:00	102.02	103.05	101.98	102.66	34109	2681321	1
2023.04.11	16:00:00	102.65	103.06	102.59	102.91	15361	3675650	1
2023.04.12	10:00:00	103.30	104.23	102.94	103.13	21037	4099025	1
2023.04.12	12:00:00	103.11	104.15	102.86	104.15	20554	1321152	1
2023.04.12	14:00:00	104.11	104.89	104.11	104.37	32284	3089803	1
2023.04.12	16:00:00	104.37	104.44	103.35	103.35	19812	3109926	1
2023.04.13	10:00:00	103.57	103.70	102.84	103.09	8165	1478982	1
2023.04.13	12:00:00	103.09	103.29	102.78	103.03	8805	1071907	1
2023.04.13	14:00:00	103.03	103.48	102.98	103.18	14358	1821679	1
2023.04.13	16:00:00	103.17	103.20	102.92	102.93	11677	1681683	1
2023.04.14	10:00:00	102.00	102.99	101.49	102.54	12117	1800665	1
2023.04.14	12:00:00	102.55	103.10	102.38	103.07	15598	1521906	1
2023.04.14	14:00:00	103.07	103.34	102.75	102.80	14097	768659	1
2023.04.14	16:00:00	102.80	103.04	102.43	103.04	13097	2350729	1
2023.04.17	10:00:00	102.87	103.45	102.49	102.69	15572	2199785	1
2023.04.17	12:00:00	102.69	102.74	102.32	102.37	11219	1506432	1
2023.04.17	14:00:00	102.37	102.58	102.25	102.38	14930	1063884	1
2023.04.17	16:00:00	102.38	102.71	102.35	102.71	13356	1784008	1
2023.04.18	10:00:00	102.99	103.05	101.74	102.91	14655	2383689	1
2023.04.18	12:00:00	102.92	102.95	102.52	102.54	12823	1530816	1
2023.04.18	14:00:00	102.54	102.81	102.24	102.62	16603	989487	1
2023.04.18	16:00:00	102.61	103.04	102.55	102.70	15181	2428875	1
2023.04.19	10:00:00	102.00	102.00	100.67	101.28	21734	3185719	1
2023.04.19	12:00:00	101.27	101.31	100.83	101.06	14646	1368512	1
2023.04.19	14:00:00	101.07	101.15	100.25	100.50	21168	1717668	1
2023.04.19	16:00:00	100.51	100.79	100.45	100.48	15071	2285735	1
2023.04.20	10:00:00	100.33	101.21	99.74	100.86	13065	1952882	1
2023.04.20	12:00:00	100.86	101.08	100.62	101.03	15184	913304	1
2023.04.20	14:00:00	101.04	101.30	100.71	100.96	20234	3185967	1
2023.04.20	16:00:00	100.97	101.09	100.80	101.00	14803	1468189	1
2023.04.24	10:00:00	100.53	101.50	99.89	100.76	28435	4227189	1
2023.04.24	12:00:00	100.77	101.00	100.56	100.65	10104	691697	1
2023.04.24	14:00:00	100.66	100.82	100.53	100.57	10357	613813	1
2023.04.24	16:00:00	100.58	100.70	100.50	100.62	7150	935632	1
2023.04.25	10:00:00	100.07	100.18	99.34	99.47	50942	1080485	1
2023.04.25	12:00:00	99.47	99.92	99.39	99.78	49909	1152768	1
2023.04.25	14:00:00	99.78	99.98	99.34	99.67	28396	2205642	1
2023.04.25	16:00:00	99.68	99.96	99.63	99.92	8469	1229468	1
2023.04.26	10:00:00	100.27	100.35	99.22	99.61	18543	1534059	1
2023.04.26	12:00:00	99.61	99.75	99.44	99.67	20551	1114159	1
2023.04.26	14:00:00	99.68	99.74	98.94	99.28	23703	2020473	1
2023.04.26	16:00:00	99.28	99.41	99.01	99.01	18878	2016304	1
2023.04.27	10:00:00	99.01	99.87	98.71	99.37	15138	1247572	1
2023.04.27	12:00:00	99.39	99.58	98.86	99.27	15719	1852963	1
2023.04.27	14:00:00	99.27	99.63	99.07	99.24	17197	1397285	1
2023.04.27	16:00:00	99.24	99.67	99.22	99.53	9590	1508469	1
2023.04.28	10:00:00	99.64	100.85	99.14	100.07	9822	1228157	1
2023.04.28	12:00:00	100.07	101.07	99.82	101.00	17700	2228990	1
2023.04.28	14:00:00	101.00	101.02	100.51	100.65	17464	1629366	1
2023.04.28	16:00:00	100.64	100.90	100.57	100.90	11098	3150578	1
2023.05.02	10:00:00	100.60	100.77	98.53	98.70	18763	2140079	1
2023.05.02	12:00:00	98.70	98.80	98.25	98.63	14358	1760260	1
2023.05.02	14:00:00	98.63	98.73	98.42	98.61	15500	1115726	1
2023.05.02	16:00:00	98.61	98.73	98.49	98.49	27382	1736155	1
2023.05.03	10:00:00	98.78	99.13	98.15	98.59	14733	1757214	1
2023.05.03	12:00:00	98.60	98.72	98.32	98.52	25538	1235281	1
2023.05.03	14:00:00	98.52	99.07	98.43	98.90	17951	2666370	1
2023.05.03	16:00:00	98.90	99.04	98.41	98.60	11688	1159519	1
2023.05.04	10:00:00	99.80	100.15	98.20	98.30	17794	2185857	1
2023.05.04	12:00:00	98.31	98.51	97.76	98.49	16450	1524243	1
2023.05.04	14:00:00	98.49	99.81	98.32	99.15	23886	3359831	1
2023.05.04	16:00:00	99.14	99.33	98.73	98.95	25022	3957683	1
2023.05.05	10:00:00	99.51	100.16	99.40	99.89	52276	1759768	1
2023.05.05	12:00:00	99.89	101.24	99.78	101.11	51276	1782176	1
2023.05.05	14:00:00	101.11	101.90	100.96	101.71	41172	2350287	1
2023.05.05	16:00:00	101.71	101.91	101.56	101.91	23928	3494900	1
2023.05.08	10:00:00	103.00	103.13	102.37	103.08	9298	2054490	1
2023.05.08	12:00:00	103.08	103.30	102.41	102.95	11617	1202088	1
2023.05.08	14:00:00	102.95	103.07	102.29	102.72	19780	2100764	1
2023.05.08	16:00:00	102.72	102.85	102.49	102.49	11121	1681242	1
2023.05.09	10:00:00	102.18	103.63	102.13	103.42	21761	1763141	1
2023.05.09	12:00:00	103.42	104.31	103.42	103.94	16973	1631147	1
2023.05.09	14:00:00	103.95	103.96	103.48	103.54	22659	2446583	1
2023.05.09	16:00:00	103.55	103.80	103.50	103.80	10631	3829575	1
2023.05.10	10:00:00	103.61	104.05	103.00	103.50	15797	1501906	1
2023.05.10	12:00:00	103.51	103.87	103.46	103.78	12170	562515	1
2023.05.10	14:00:00	103.77	104.12	103.45	103.98	17420	841214	1
2023.05.10	16:00:00	103.99	104.31	103.94	103.97	9998	2166443	1
2023.05.11	10:00:00	102.98	104.04	102.98	103.69	14047	1472615	1
2023.05.11	12:00:00	103.71	104.09	103.58	103.81	11332	1948660	1
2023.05.11	14:00:00	103.81	105.22	103.80	104.61	24297	2499962	1
2023.05.11	16:00:00	104.61	104.82	104.49	104.82	12973	1854184	1
2023.05.12	10:00:00	104.05	105.28	104.00	105.05	14422	4010980	1
2023.05.12	12:00:00	105.04	105.29	104.67	104.85	8581	1464499	1
2023.05.12	14:00:00	104.84	105.09	104.57	104.92	14890	3591770	1
2023.05.12	16:00:00	104.92	105.05	104.76	105.05	21435	2722365	1
2023.05.15	10:00:00	105.33	105.60	104.81	105.14	14778	2226538	1
2023.05.15	12:00:00	105.11	105.50	105.00	105.25	10088	2535890	1
2023.05.15	14:00:00	105.27	105.77	105.10	105.51	15654	1409531	1
2023.05.15	16:00:00	105.52	105.64	105.31	105.47	9698	2483191	1
2023.05.16	10:00:00	105.63	106.67	105.48	105.58	21422	2440983	1
2023.05.16	12:00:00	105.60	105.87	105.44	105.77	15298	1811876	1
2023.05.16	14:00:00	105.77	105.79	105.34	105.36	18293	5268298	1
2023.05.16	16:00:00	105.37	105.48	104.57	104.63	34374	2964036	1
2023.05.17	10:00:00	105.85	106.31	105.56	105.67	15548	1965179	1
2023.05.17	12:00:00	105.63	106.15	105.50	105.99	17328	1466527	1
2023.05.17	14:00:00	105.99	106.02	105.73	105.85	16147	1853842	1
2023.05.17	16:00:00	105.87	106.05	105.77	106.01	11143	2395494	1
2023.05.18	10:00:00	105.98	106.07	105.32	105.61	10379	3372135	1
2023.05.18	12:00:00	105.61	105.97	105.60	105.81	15380	1024185	1
2023.05.18	14:00:00	105.81	106.54	105.79	106.40	16128	7015940	1
2023.05.18	16:00:00	106.41	106.80	106.31	106.75	21421	6158522	1
2023.05.19	10:00:00	107.00	107.20	106.24	107.15	23383	3189341	1
2023.05.19	12:00:00	107.14	107.50	107.00	107.32	35829	1431298	1
2023.05.19	14:00:00	107.32	107.68	106.90	107.13	31359	2541235	1
2023.05.19	16:00:00	107.12	107.28	106.96	107.16	9080	2891647	1
2023.05.22	10:00:00	107.50	108.10	106.70	107.02	15242	1874621	1
2023.05.22	12:00:00	107.01	107.27	106.87	106.97	12246	877890	1
2023.05.22	14:00:00	106.99	107.37	106.94	107.06	17886	1248936	1
2023.05.22	16:00:00	107.07	107.07	106.55	106.55	8706	2202631	1
2023.05.23	10:00:00	106.60	107.49	106.40	107.40	12993	1978103	1
2023.05.23	12:00:00	107.41	107.77	107.08	107.36	12644	1069499	1
2023.05.23	14:00:00	107.35	107.69	106.18	106.43	21137	2265816	1
2023.05.23	16:00:00	106.44	106.67	106.35	106.44	9089	1693781	1
2023.05.24	10:00:00	105.43	106.05	105.33	105.81	12436	1808720	1
2023.05.24	12:00:00	105.81	106.20	105.04	105.31	11987	2928945	1
2023.05.24	14:00:00	105.33	105.67	105.25	105.34	18290	1133220	1
2023.05.24	16:00:00	105.35	105.63	105.24	105.27	16788	2511408	1
2023.05.25	10:00:00	107.00	107.65	106.29	107.00	11864	1841632	1
2023.05.25	12:00:00	107.02	107.21	106.11	106.73	15887	2365380	1
2023.05.25	14:00:00	106.73	107.02	106.31	106.55	21585	1596520	1
2023.05.25	16:00:00	106.55	106.75	106.30	106.55	14913	3004400	1
2023.05.26	10:00:00	108.00	108.17	107.42	107.48	22286	3094340	1
2023.05.26	12:00:00	107.46	107.70	106.30	107.66	14117	1605288	1
2023.05.26	14:00:00	107.66	107.99	107.28	107.35	13324	934435	1
2023.05.26	16:00:00	107.35	107.67	107.17	107.51	9918	1968255	1
2023.05.29	10:00:00	107.25	107.59	106.65	107.10	12349	1106248	1
2023.05.29	12:00:00	107.10	107.28	106.72	106.99	17600	1618267	1
2023.05.29	14:00:00	106.99	107.27	106.62	107.01	21418	1836562	1
2023.05.29	16:00:00	107.02	107.27	106.77	106.77	14899	2039294	1
2023.05.30	10:00:00	107.54	107.78	105.45	105.55	15436	2169541	1
2023.05.30	12:00:00	105.56	105.71	105.12	105.29	8869	1137185	1
2023.05.30	14:00:00	105.29	105.78	105.23	105.60	20531	643062	1
2023.05.30	16:00:00	105.60	105.84	105.38	105.38	15149	1985607	1
2023.05.31	10:00:00	104.97	105.53	104.85	105.07	12432	1840987	1
2023.05.31	12:00:00	105.07	105.26	104.78	105.03	7324	1018599	1
2023.05.31	14:00:00	105.03	105.71	104.94	105.34	9873	1143296	1
2023.05.31	16:00:00	105.35	105.43	104.84	104.84	5793	1847930	1
2023.06.01	10:00:00	105.51	105.89	104.86	105.87	13365	1917616	1
2023.06.01	12:00:00	105.84	106.89	105.61	106.74	14629	1588162	1
2023.06.01	14:00:00	106.74	107.11	106.69	106.96	12839	1019831	1
2023.06.01	16:00:00	106.93	107.24	106.85	107.20	9472	2466032	1
2023.06.02	10:00:00	108.25	109.44	108.25	109.00	19559	2560836	1
2023.06.02	12:00:00	109.02	109.35	108.82	108.97	30060	1879739	1
2023.06.02	14:00:00	108.96	109.18	108.55	109.02	80893	2501647	1
2023.06.02	16:00:00	109.03	109.15	108.82	109.02	49312	2658830	1
2023.06.05	10:00:00	109.32	109.46	108.11	108.75	14121	1809477	1
2023.06.05	12:00:00	108.75	108.94	108.65	108.82	11075	479366	1
2023.06.05	14:00:00	108.82	109.13	108.70	108.97	14210	904409	1
2023.06.05	16:00:00	108.96	109.35	108.92	109.14	11210	1798942	1
2023.06.06	10:00:00	109.50	110.42	109.35	110.36	13334	1437158	1
2023.06.06	12:00:00	110.36	111.00	110.23	110.90	21037	1247561	1
2023.06.06	14:00:00	110.90	111.19	110.66	110.77	36825	1985370	1
2023.06.06	16:00:00	110.77	111.13	110.69	111.07	24938	2395801	1
2023.06.07	10:00:00	111.66	112.26	111.45	111.61	22635	2396598	1
2023.06.07	12:00:00	111.61	112.04	111.40	111.49	18488	1494503	1
2023.06.07	14:00:00	111.47	111.85	110.96	111.69	25189	1462022	1
2023.06.07	16:00:00	111.69	111.87	111.55	111.78	12377	2220639	1
2023.06.09	10:00:00	112.50	113.82	112.44	113.56	17979	3409986	1
2023.06.09	12:00:00	113.56	113.85	113.46	113.56	11038	1840346	1
2023.06.09	14:00:00	113.55	113.66	113.00	113.18	16597	940825	1
2023.06.09	16:00:00	113.18	113.34	113.03	113.21	11176	1367258	1
2023.06.12	10:00:00	113.59	113.70	112.93	113.64	12196	1205768	1
2023.06.12	12:00:00	113.64	114.00	113.43	113.53	14990	965035	1
2023.06.12	14:00:00	113.51	113.70	113.37	113.56	16564	3933764	1
2023.06.12	16:00:00	113.56	113.83	113.54	113.64	9835	1184719	1
2023.06.13	10:00:00	113.90	114.14	113.25	113.78	15458	1969481	1
2023.06.13	12:00:00	113.78	113.83	113.07	113.26	14446	986572	1
2023.06.13	14:00:00	113.24	113.47	112.66	112.94	27536	2115461	1
2023.06.13	16:00:00	112.92	113.07	112.82	112.94	16901	1595255	1
2023.06.14	10:00:00	113.69	114.71	113.50	114.66	23059	2823842	1
2023.06.14	12:00:00	114.63	115.15	114.55	114.96	23435	2226843	1
2023.06.14	14:00:00	114.95	115.35	113.69	114.43	30175	4704392	1
2023.06.14	16:00:00	114.43	115.41	114.10	115.11	12710	2658537	1
2023.06.15	10:00:00	115.09	115.91	114.90	115.63	44353	5093929	1
2023.06.15	12:00:00	115.63	115.77	115.13	115.25	26488	3218368	1
2023.06.15	14:00:00	115.26	115.85	114.94	115.66	17816	1719310	1
2023.06.15	16:00:00	115.66	115.72	115.40	115.40	10141	2779758	1
2023.06.16	10:00:00	114.79	115.80	114.56	115.46	11202	1623094	1
2023.06.16	12:00:00	115.48	115.57	115.08	115.53	9309	1052250	1
2023.06.16	14:00:00	115.53	115.55	115.06	115.34	12492	2873577	1
2023.06.16	16:00:00	115.35	115.35	114.90	114.90	7756	2011181	1
2023.06.19	10:00:00	114.70	115.90	114.70	115.86	10977	1170667	1
2023.06.19	12:00:00	115.86	116.09	115.75	115.95	21156	1084931	1
2023.06.19	14:00:00	115.94	116.25	115.84	116.01	29391	1138366	1
2023.06.19	16:00:00	116.00	116.22	115.94	116.13	15954	2029016	1
2023.06.20	10:00:00	115.51	115.74	114.68	114.85	12123	1158086	1
2023.06.20	12:00:00	114.86	115.67	114.85	115.58	12433	710048	1
2023.06.20	14:00:00	115.57	115.80	115.45	115.67	17413	1051987	1
2023.06.20	16:00:00	115.66	115.94	115.57	115.82	15976	2937343	1
2023.06.21	10:00:00	115.78	116.22	115.56	116.00	13718	1131614	1
2023.06.21	12:00:00	115.99	116.64	115.82	116.53	13338	575092	1
2023.06.21	14:00:00	116.53	116.78	116.39	116.61	18721	855981	1
2023.06.21	16:00:00	116.60	116.76	116.27	116.27	17307	1829053	1
2023.06.22	10:00:00	115.82	116.30	114.77	114.83	11896	1901454	1
2023.06.22	12:00:00	114.83	114.88	114.29	114.52	14117	1248957	1
2023.06.22	14:00:00	114.53	115.17	114.27	115.05	11698	944208	1
2023.06.22	16:00:00	115.06	115.36	114.90	115.26	8197	1403029	1
2023.06.23	10:00:00	115.20	115.22	114.49	115.03	11108	989549	1
2023.06.23	12:00:00	115.02	115.68	114.98	115.35	10426	378428	1
2023.06.23	14:00:00	115.36	115.50	114.88	115.11	20168	1250465	1
2023.06.23	16:00:00	115.11	115.31	114.98	115.31	10033	1286500	1
2023.06.26	10:00:00	115.29	115.29	114.16	114.29	8961	776677	1
2023.06.26	12:00:00	114.29	114.35	113.77	114.13	7913	538582	1
2023.06.26	14:00:00	114.11	114.79	114.10	114.64	7234	484107	1
2023.06.26	16:00:00	114.64	114.82	114.42	114.42	13878	3590813	1
2023.06.27	10:00:00	115.31	115.45	113.27	113.35	17597	2135800	1
2023.06.27	12:00:00	113.36	113.45	112.88	113.34	19142	1553000	1
2023.06.27	14:00:00	113.34	113.72	113.24	113.42	23918	2039798	1
2023.06.27	16:00:00	113.43	114.00	113.43	113.77	14865	1837820	1
2023.06.28	10:00:00	113.60	114.38	113.36	113.78	9813	916004	1
2023.06.28	12:00:00	113.79	114.28	113.67	113.79	8762	693352	1
2023.06.28	14:00:00	113.79	113.89	113.10	113.38	13760	819344	1
2023.06.28	16:00:00	113.39	113.55	112.89	113.03	15752	1327949	1
2023.06.29	10:00:00	113.30	114.19	113.23	113.90	9794	1077154	1
2023.06.29	12:00:00	113.90	114.66	113.90	114.44	10882	1067484	1
2023.06.29	14:00:00	114.43	114.67	114.26	114.37	11419	886727	1
2023.06.29	16:00:00	114.37	114.96	114.37	114.91	16832	2094187	1
2023.06.30	10:00:00	115.70	115.77	115.06	115.39	14092	2078524	1
2023.06.30	12:00:00	115.37	115.53	114.97	115.37	16740	4566998	1
2023.06.30	14:00:00	115.38	115.38	114.50	115.17	19771	1508446	1
2023.06.30	16:00:00	115.17	115.17	114.17	114.17	14164	2923624	1
2023.07.03	10:00:00	114.90	115.95	114.75	115.82	13878	2084753	1
2023.07.03	12:00:00	115.83	116.05	115.67	115.95	9303	638076	1
2023.07.03	14:00:00	115.94	116.10	115.73	115.90	9274	990150	1
2023.07.03	16:00:00	115.89	116.03	115.80	115.94	9201	1164052	1
2023.07.04	10:00:00	115.62	115.92	115.23	115.45	21054	1352718	1
2023.07.04	12:00:00	115.45	115.86	115.45	115.72	12798	532540	1
2023.07.04	14:00:00	115.72	115.80	115.03	115.45	16360	747604	1
2023.07.04	16:00:00	115.45	115.68	115.24	115.24	12114	1007235	1
2023.07.05	10:00:00	114.85	116.07	114.85	115.63	16431	2419402	1
2023.07.05	12:00:00	115.62	116.10	115.39	115.98	13453	1358935	1
2023.07.05	14:00:00	115.99	116.48	115.91	116.01	17726	1367434	1
2023.07.05	16:00:00	116.02	118.06	115.77	115.84	23257	2543718	1
2023.07.06	10:00:00	114.85	115.13	113.55	113.57	10947	1790172	1
2023.07.06	12:00:00	113.58	114.00	113.43	113.82	10783	1224544	1
2023.07.06	14:00:00	113.81	114.17	113.81	113.98	10607	873785	1
2023.07.06	16:00:00	113.99	114.01	113.64	113.64	9866	2081483	1
2023.07.07	10:00:00	114.00	115.62	114.00	115.03	15876	1958541	1
2023.07.07	12:00:00	115.02	115.65	114.97	115.53	13397	911073	1
2023.07.07	14:00:00	115.52	115.87	115.47	115.68	16362	835028	1
2023.07.07	16:00:00	115.68	115.73	115.19	115.19	16600	1489931	1
2023.07.10	10:00:00	114.66	115.00	114.34	114.80	12821	1186322	1
2023.07.10	12:00:00	114.79	115.04	114.35	114.54	13601	777456	1
2023.07.10	14:00:00	114.54	114.58	114.20	114.47	22814	2634070	1
2023.07.10	16:00:00	114.45	114.54	114.10	114.10	18634	2548210	1
2023.07.11	10:00:00	113.97	113.97	112.04	112.75	17867	2475547	1
2023.07.11	12:00:00	112.74	113.85	112.47	113.80	13611	1009395	1
2023.07.11	14:00:00	113.79	113.95	113.61	113.82	19499	1068216	1
2023.07.11	16:00:00	113.81	114.07	113.80	113.80	14777	863717	1
2023.07.12	10:00:00	114.79	115.33	114.62	115.17	15981	2758944	1
2023.07.12	12:00:00	115.16	115.25	114.41	114.57	15357	989768	1
2023.07.12	14:00:00	114.57	114.62	114.07	114.33	14957	1150169	1
2023.07.12	16:00:00	114.34	114.43	113.83	113.83	9050	1397981	1
2023.07.13	10:00:00	114.50	115.94	114.34	115.78	18536	2550147	1
2023.07.13	12:00:00	115.80	116.02	115.46	115.91	11580	1106894	1
2023.07.13	14:00:00	115.91	115.97	115.48	115.60	20954	3197678	1
2023.07.13	16:00:00	115.61	115.73	115.56	115.58	12349	1915344	1
2023.07.14	10:00:00	115.26	115.62	114.34	114.69	19283	6275238	1
2023.07.14	12:00:00	114.68	114.90	114.20	114.39	20799	3898977	1
2023.07.14	14:00:00	114.38	114.51	113.86	113.92	27448	3092692	1
2023.07.14	16:00:00	113.93	114.11	113.84	113.96	18723	1557258	1
2023.07.17	10:00:00	113.39	114.05	112.94	113.67	13170	1694622	1
2023.07.17	12:00:00	113.67	114.17	113.59	114.06	14138	1079645	1
2023.07.17	14:00:00	114.06	114.60	113.96	114.19	12293	975220	1
2023.07.17	16:00:00	114.19	114.71	114.12	114.71	10455	1480587	1
2023.07.18	10:00:00	114.34	115.03	113.92	114.66	19270	1436392	1
2023.07.18	12:00:00	114.66	114.75	113.80	113.84	25549	803859	1
2023.07.18	14:00:00	113.82	114.34	113.55	114.08	33355	2036047	1
2023.07.18	16:00:00	114.08	114.31	113.90	113.95	16370	1474611	1
2023.07.19	10:00:00	113.46	114.22	113.28	113.50	6833	1096708	1
2023.07.19	12:00:00	113.50	113.50	112.93	113.30	11439	1154527	1
2023.07.19	14:00:00	113.31	114.33	113.19	114.04	14063	1235507	1
2023.07.19	16:00:00	114.04	114.15	113.75	113.75	7205	2149935	1
2023.07.20	10:00:00	114.35	114.49	113.67	114.24	33306	1939135	1
2023.07.20	12:00:00	114.25	114.58	114.00	114.09	11570	2769029	1
2023.07.20	14:00:00	114.11	114.30	114.00	114.17	13066	2000137	1
2023.07.20	16:00:00	114.18	114.50	114.06	114.34	12793	1210990	1
2023.07.21	10:00:00	114.45	116.62	114.40	116.23	11856	2094975	1
2023.07.21	12:00:00	116.23	116.65	116.23	116.45	16562	2180780	1
2023.07.21	14:00:00	116.45	116.60	115.94	116.36	14645	1874519	1
2023.07.21	16:00:00	116.36	116.61	116.20	116.40	8823	2501711	1
2023.07.24	10:00:00	116.47	117.81	116.27	117.52	13204	2499397	1
2023.07.24	12:00:00	117.53	117.96	117.44	117.68	9723	730985	1
2023.07.24	14:00:00	117.69	117.74	117.14	117.35	15024	1339565	1
2023.07.24	16:00:00	117.35	117.57	117.24	117.57	13482	2224250	1
2023.07.25	10:00:00	118.97	119.17	118.08	118.10	16582	1523624	1
2023.07.25	12:00:00	118.11	118.43	118.03	118.17	10697	679978	1
2023.07.25	14:00:00	118.13	118.70	118.06	118.48	13114	1831254	1
2023.07.25	16:00:00	118.47	118.56	117.98	117.98	8641	1646535	1
2023.07.26	10:00:00	117.85	118.42	117.55	117.99	10703	1185939	1
2023.07.26	12:00:00	117.96	118.20	117.61	118.00	8867	865309	1
2023.07.26	14:00:00	117.99	118.89	117.67	118.38	14302	1389135	1
2023.07.26	16:00:00	118.37	118.88	118.13	118.74	16648	3829784	1
2023.07.27	10:00:00	118.66	118.80	116.97	117.36	10257	1322497	1
2023.07.27	12:00:00	117.36	117.58	117.32	117.37	9746	688135	1
2023.07.27	14:00:00	117.35	117.37	116.62	116.68	19799	1708354	1
2023.07.27	16:00:00	116.68	116.70	116.00	116.04	22435	2766825	1
2023.07.28	10:00:00	116.51	116.93	115.95	116.20	5929	809692	1
2023.07.28	12:00:00	116.18	116.57	116.16	116.35	7491	399745	1
2023.07.28	14:00:00	116.34	116.37	116.05	116.23	29873	723663	1
2023.07.28	16:00:00	116.23	116.53	116.21	116.52	26713	1010266	1
2023.07.31	10:00:00	117.23	118.28	117.15	118.01	9148	834949	1
2023.07.31	12:00:00	118.01	118.34	117.99	118.03	11838	591228	1
2023.07.31	14:00:00	118.04	118.27	117.68	118.07	16919	775961	1
2023.07.31	16:00:00	118.06	118.20	117.81	117.95	15686	1687475	1
2023.08.01	10:00:00	117.20	117.79	116.62	116.93	11580	1333929	1
2023.08.01	12:00:00	116.93	117.17	116.35	116.84	10368	1005514	1
2023.08.01	14:00:00	116.83	117.35	116.79	117.25	12410	560342	1
2023.08.01	16:00:00	117.23	117.71	117.12	117.52	13212	544781	1
2023.08.02	10:00:00	116.92	117.15	115.97	116.10	9926	1018174	1
2023.08.02	12:00:00	116.11	116.73	116.11	116.44	12817	947761	1
2023.08.02	14:00:00	116.43	116.99	116.43	116.83	14923	1611240	1
2023.08.02	16:00:00	116.83	117.47	116.81	117.01	8713	2960411	1
2023.08.03	10:00:00	117.83	118.80	116.85	117.32	20603	3204836	1
2023.08.03	12:00:00	117.32	117.83	117.11	117.15	17592	1550863	1
2023.08.03	14:00:00	117.15	117.70	116.92	117.19	19000	1345206	1
2023.08.03	16:00:00	117.18	117.25	116.55	116.71	16727	1426930	1
2023.08.04	10:00:00	115.79	117.24	115.79	117.22	18635	2569137	1
2023.08.04	12:00:00	117.23	117.65	117.04	117.33	16676	476813	1
2023.08.04	14:00:00	117.33	117.33	115.82	115.97	26948	1340793	1
2023.08.04	16:00:00	115.98	116.00	115.46	115.66	16959	1653674	1
2023.08.07	10:00:00	115.84	116.35	115.19	115.31	13062	1903095	1
2023.08.07	12:00:00	115.31	115.67	115.14	115.62	21779	831203	1
2023.08.07	14:00:00	115.62	115.95	115.43	115.74	15051	1284227	1
2023.08.07	16:00:00	115.74	115.77	115.55	115.61	17855	2509278	1
2023.08.08	10:00:00	114.10	115.09	113.95	114.76	39615	1974323	1
2023.08.08	12:00:00	114.77	115.44	114.75	115.28	8797	605825	1
2023.08.08	14:00:00	115.28	115.85	115.28	115.51	14005	1370210	1
2023.08.08	16:00:00	115.50	115.57	115.26	115.27	9277	934264	1
2023.08.09	10:00:00	115.03	115.08	114.37	114.53	8831	1514454	1
2023.08.09	12:00:00	114.54	114.65	114.19	114.42	12994	954250	1
2023.08.09	14:00:00	114.42	114.71	114.40	114.46	15933	1857744	1
2023.08.09	16:00:00	114.46	114.70	114.42	114.70	13118	1655096	1
2023.08.10	10:00:00	115.27	115.70	114.91	115.22	16137	2078055	1
2023.08.10	12:00:00	115.23	115.25	114.70	114.99	10846	1003235	1
2023.08.10	14:00:00	114.99	115.05	114.71	114.96	15365	804047	1
2023.08.10	16:00:00	114.97	114.98	114.37	114.51	10386	1390625	1
2023.08.11	10:00:00	114.73	115.36	114.57	114.94	9997	1445960	1
2023.08.11	12:00:00	114.95	115.15	114.45	114.47	11617	949688	1
2023.08.11	14:00:00	114.47	114.62	113.75	114.05	17774	1616134	1
2023.08.11	16:00:00	114.05	114.40	113.97	114.25	14474	4684011	1
2023.08.14	10:00:00	113.98	114.12	113.01	113.28	15558	1285806	1
2023.08.14	12:00:00	113.28	113.68	113.11	113.48	23924	1014872	1
2023.08.14	14:00:00	113.47	113.77	113.06	113.13	19923	1246284	1
2023.08.14	16:00:00	113.13	113.32	112.94	113.31	30023	1181087	1
2023.08.15	10:00:00	113.84	114.05	112.69	112.72	12050	1973712	1
2023.08.15	12:00:00	112.74	113.43	112.71	112.96	12846	756895	1
2023.08.15	14:00:00	112.95	113.21	112.88	112.98	18113	1004880	1
2023.08.15	16:00:00	112.98	113.05	112.37	112.37	10117	1994995	1
2023.08.16	10:00:00	112.93	113.73	112.43	113.56	11172	2580540	1
2023.08.16	12:00:00	113.54	113.56	112.79	112.94	9544	1442948	1
2023.08.16	14:00:00	112.94	113.11	112.58	112.70	35492	1968813	1
2023.08.16	16:00:00	112.71	112.80	111.87	111.87	12174	2036061	1
2023.08.17	10:00:00	112.91	113.04	111.89	111.90	13467	2916630	1
2023.08.17	12:00:00	111.90	112.13	111.58	112.07	13512	1149793	1
2023.08.17	14:00:00	112.07	112.10	111.42	111.58	17581	2363376	1
2023.08.17	16:00:00	111.57	111.63	111.34	111.36	16531	2901634	1
2023.08.18	10:00:00	111.12	111.94	110.99	111.80	20037	3158110	1
2023.08.18	12:00:00	111.79	112.17	111.76	111.96	9722	928775	1
2023.08.18	14:00:00	111.95	112.01	111.49	111.79	11294	1951872	1
2023.08.18	16:00:00	111.77	112.02	111.62	111.70	15818	2905439	1
2023.08.21	10:00:00	111.74	111.90	110.76	111.08	16490	1677819	1
2023.08.21	12:00:00	111.08	111.24	110.67	110.91	24615	1382859	1
2023.08.21	14:00:00	110.90	110.99	110.58	110.90	23828	950407	1
2023.08.21	16:00:00	110.90	111.06	110.79	110.79	13323	1986692	1
2023.08.22	10:00:00	111.74	112.20	111.59	112.01	12279	1751052	1
2023.08.22	12:00:00	112.02	112.08	111.74	111.92	9857	520493	1
2023.08.22	14:00:00	111.91	112.42	111.64	112.35	20837	2929810	1
2023.08.22	16:00:00	112.34	112.71	112.33	112.41	10836	4332151	1
2023.08.23	10:00:00	112.70	113.87	112.70	113.83	8997	1345875	1
2023.08.23	12:00:00	113.84	114.30	113.76	114.23	15347	877882	1
2023.08.23	14:00:00	114.23	114.31	113.97	114.17	15812	817595	1
2023.08.23	16:00:00	114.16	114.36	114.15	114.30	8888	1325112	1
2023.08.24	10:00:00	114.14	114.49	113.62	113.71	9165	1532595	1
2023.08.24	12:00:00	113.71	113.77	113.18	113.60	7555	634124	1
2023.08.24	14:00:00	113.59	113.72	113.37	113.56	8512	421869	1
2023.08.24	16:00:00	113.57	113.79	113.25	113.30	8354	2866215	1
2023.08.25	10:00:00	113.24	113.40	112.01	112.07	12845	1690718	1
2023.08.25	12:00:00	112.06	112.40	111.84	112.27	10581	592362	1
2023.08.25	14:00:00	112.28	112.54	111.83	112.48	16980	1597685	1
2023.08.25	16:00:00	112.49	116.10	112.15	112.15	14096	2078661	1
2023.08.28	10:00:00	112.53	112.84	112.21	112.52	6549	938626	1
2023.08.28	12:00:00	112.51	112.99	112.51	112.80	11833	881603	1
2023.08.28	14:00:00	112.79	113.04	112.48	113.00	19898	541169	1
2023.08.28	16:00:00	113.00	113.66	112.95	113.50	17721	2033373	1
2023.08.29	10:00:00	114.22	114.85	113.75	114.60	14490	1871027	1
2023.08.29	12:00:00	114.60	114.67	114.00	114.22	20357	887080	1
2023.08.29	14:00:00	114.24	114.68	114.22	114.66	22318	1070465	1
2023.08.29	16:00:00	114.66	114.81	114.50	114.62	10768	1445139	1
2023.08.30	10:00:00	114.83	115.13	114.26	114.39	11210	1522962	1
2023.08.30	12:00:00	114.42	114.68	114.37	114.51	7326	902812	1
2023.08.30	14:00:00	114.51	114.59	113.81	114.07	11497	1721493	1
2023.08.30	16:00:00	114.06	114.13	113.85	113.90	5925	1433421	1
2023.08.31	10:00:00	113.68	113.68	112.52	112.88	17655	1221093	1
2023.08.31	12:00:00	112.89	113.50	112.77	113.19	24397	871880	1
2023.08.31	14:00:00	113.19	113.21	112.44	112.55	18432	826015	1
2023.08.31	16:00:00	112.55	112.65	112.28	112.31	9095	1149976	1
2023.09.01	10:00:00	112.82	114.22	112.81	113.94	10810	1748404	1
2023.09.01	12:00:00	113.94	114.03	113.59	113.70	13019	666564	1
2023.09.01	14:00:00	113.70	114.24	113.70	114.10	17898	657622	1
2023.09.01	16:00:00	114.09	114.30	114.04	114.05	16781	2422233	1
2023.09.04	10:00:00	114.07	114.85	113.82	114.57	7723	1209207	1
2023.09.04	12:00:00	114.57	114.64	114.29	114.39	6178	531429	1
2023.09.04	14:00:00	114.39	114.56	113.92	114.00	7963	516132	1
2023.09.04	16:00:00	114.01	114.24	113.95	114.14	6668	869573	1
2023.09.05	10:00:00	113.49	114.08	112.97	113.98	9829	1217086	1
2023.09.05	12:00:00	113.96	114.30	113.90	114.11	18262	963263	1
2023.09.05	14:00:00	114.10	114.11	113.72	113.88	23720	1042579	1
2023.09.05	16:00:00	113.88	113.94	113.60	113.62	11708	578995	1
2023.09.06	10:00:00	113.75	114.31	112.95	113.07	8654	1458007	1
2023.09.06	12:00:00	113.04	113.13	112.59	112.68	8029	881530	1
2023.09.06	14:00:00	112.67	112.95	112.53	112.55	7089	753693	1
2023.09.06	16:00:00	112.55	112.69	112.25	112.25	5668	1313125	1
2023.09.08	10:00:00	111.64	111.97	111.27	111.67	11480	1198574	1
2023.09.08	12:00:00	111.68	111.87	111.57	111.77	10676	634406	1
2023.09.08	14:00:00	111.76	112.02	111.59	111.76	12714	827182	1
2023.09.08	16:00:00	111.74	111.81	111.53	111.66	5673	848260	1
2023.09.11	10:00:00	112.64	112.76	112.21	112.46	8524	877259	1
2023.09.11	12:00:00	112.49	112.62	112.10	112.60	8044	782093	1
2023.09.11	14:00:00	112.59	113.47	112.56	113.44	10540	1537239	1
2023.09.11	16:00:00	113.45	113.57	113.32	113.48	6906	1406581	1
2023.09.12	10:00:00	113.50	114.41	113.39	114.27	8354	1092030	1
2023.09.12	12:00:00	114.28	114.48	114.10	114.19	11082	408306	1
2023.09.12	14:00:00	114.19	114.50	114.16	114.19	16380	587882	1
2023.09.12	16:00:00	114.18	114.27	114.14	114.22	13574	1617558	1
2023.09.13	10:00:00	114.21	115.65	113.99	115.57	17677	2034172	1
2023.09.13	12:00:00	115.55	115.68	115.10	115.24	27471	1706291	1
2023.09.13	14:00:00	115.24	115.44	114.63	114.78	19871	1513493	1
2023.09.13	16:00:00	114.79	114.82	114.46	114.46	14614	994399	1
2023.09.14	10:00:00	115.20	115.74	115.05	115.61	16671	2122948	1
2023.09.14	12:00:00	115.61	115.62	115.34	115.53	6438	860392	1
2023.09.14	14:00:00	115.54	116.00	115.52	115.81	8412	1308372	1
2023.09.14	16:00:00	115.81	116.04	115.59	115.59	13000	1018950	1
2023.09.15	10:00:00	115.88	116.03	115.29	115.60	8735	1074171	1
2023.09.15	12:00:00	115.57	115.64	115.23	115.35	13844	1472046	1
2023.09.15	14:00:00	115.35	115.45	115.02	115.33	34305	1521828	1
2023.09.15	16:00:00	115.32	115.32	114.92	114.92	16453	3135007	1
2023.09.18	10:00:00	115.27	115.77	114.66	115.51	12167	1684647	1
2023.09.18	12:00:00	115.51	115.65	115.02	115.16	16477	2600100	1
2023.09.18	14:00:00	115.15	115.31	114.78	114.81	17992	4676260	1
2023.09.18	16:00:00	114.82	114.83	114.44	114.65	9134	1089382	1
2023.09.19	10:00:00	114.67	114.80	114.28	114.52	7782	1466766	1
2023.09.19	12:00:00	114.53	114.59	114.31	114.55	10250	953719	1
2023.09.19	14:00:00	114.55	114.90	114.36	114.38	16895	1935258	1
2023.09.19	16:00:00	114.38	114.41	114.04	114.10	8906	1977164	1
2023.09.20	10:00:00	114.60	115.60	114.58	115.54	26980	1089563	1
2023.09.20	12:00:00	115.55	115.77	115.47	115.73	28071	1125572	1
2023.09.20	14:00:00	115.73	116.00	115.35	115.58	34900	1658798	1
2023.09.20	16:00:00	115.58	115.67	115.03	115.03	22156	1214824	1
2023.09.21	10:00:00	113.45	113.45	112.63	113.05	15446	1718806	1
2023.09.21	12:00:00	113.05	113.39	113.01	113.13	14984	1419362	1
2023.09.21	14:00:00	113.13	113.44	112.86	113.01	18432	1390902	1
2023.09.21	16:00:00	113.01	113.05	112.48	112.60	10838	1405401	1
2023.09.22	10:00:00	113.33	113.42	112.78	113.11	8322	1176278	1
2023.09.22	12:00:00	113.08	113.12	112.85	113.01	8222	467851	1
2023.09.22	14:00:00	113.01	113.06	112.30	112.46	11024	685243	1
2023.09.22	16:00:00	112.44	112.84	112.43	112.61	7390	1665142	1
2023.09.25	10:00:00	112.11	112.46	111.93	112.14	11497	1022925	1
2023.09.25	12:00:00	112.13	112.44	112.05	112.09	12902	713651	1
2023.09.25	14:00:00	112.09	112.42	112.07	112.21	12500	438519	1
2023.09.25	16:00:00	112.21	112.57	112.13	112.57	5792	566237	1
2023.09.26	10:00:00	111.90	111.90	111.32	111.80	14797	1766164	1
2023.09.26	12:00:00	111.79	111.84	111.30	111.34	12806	874735	1
2023.09.26	14:00:00	111.34	111.35	110.83	110.97	22331	1211426	1
2023.09.26	16:00:00	110.96	111.02	110.65	110.65	11765	1715230	1
2023.09.27	10:00:00	111.50	111.82	110.90	111.04	11379	1511261	1
2023.09.27	12:00:00	111.03	111.18	110.66	110.69	10642	582539	1
2023.09.27	14:00:00	110.69	110.78	109.89	110.43	21942	1493503	1
2023.09.27	16:00:00	110.44	110.81	110.31	110.70	11489	1263140	1
2023.09.28	10:00:00	110.57	111.73	110.57	111.73	11506	1483671	1
2023.09.28	12:00:00	111.74	112.10	111.50	111.88	12323	572213	1
2023.09.28	14:00:00	111.89	111.96	111.65	111.87	12984	569313	1
2023.09.28	16:00:00	111.87	112.41	111.85	112.18	8765	1323122	1
2023.09.29	10:00:00	113.37	113.39	112.82	112.96	12115	1381234	1
2023.09.29	12:00:00	112.98	113.08	112.50	112.59	22882	1379299	1
2023.09.29	14:00:00	112.58	112.71	112.30	112.68	23999	823909	1
2023.09.29	16:00:00	112.68	113.15	112.61	113.15	11232	1153394	1
2023.10.02	10:00:00	112.64	113.14	111.57	111.72	8178	1088344	1
2023.10.02	12:00:00	111.69	111.85	111.51	111.72	10060	605736	1
2023.10.02	14:00:00	111.72	111.80	111.23	111.35	12646	1177599	1
2023.10.02	16:00:00	111.35	111.63	111.34	111.49	10655	1179034	1
2023.10.03	10:00:00	111.18	111.53	110.71	110.77	11011	1868508	1
2023.10.03	12:00:00	110.76	110.95	110.50	110.65	12416	1408384	1
2023.10.03	14:00:00	110.65	110.73	109.72	109.85	15708	2174916	1
2023.10.03	16:00:00	109.82	109.93	109.66	109.82	10956	2356196	1
2023.10.04	10:00:00	110.16	110.36	109.58	110.04	14951	940292	1
2023.10.04	12:00:00	110.03	110.68	109.89	110.46	11766	826544	1
2023.10.04	14:00:00	110.46	110.47	109.95	110.09	15450	622740	1
2023.10.04	16:00:00	110.09	110.39	110.05	110.18	9619	716714	1
2023.10.05	10:00:00	110.06	110.86	109.53	109.57	19472	1146622	1
2023.10.05	12:00:00	109.57	109.66	109.31	109.45	14845	808827	1
2023.10.05	14:00:00	109.45	109.90	109.27	109.90	18837	1004097	1
2023.10.05	16:00:00	109.89	109.97	109.72	109.75	9815	1209688	1
2023.10.06	10:00:00	108.90	109.26	108.19	108.99	12814	1380462	1
2023.10.06	12:00:00	108.99	110.40	108.97	110.24	13059	857437	1
2023.10.06	14:00:00	110.24	110.99	110.23	110.87	15100	855791	1
2023.10.06	16:00:00	110.88	110.96	110.66	110.66	4979	725005	1
2023.10.09	10:00:00	110.18	110.45	109.95	110.30	10358	1009436	1
2023.10.09	12:00:00	110.28	110.48	110.16	110.37	9601	333342	1
2023.10.09	14:00:00	110.37	111.70	110.33	111.53	16005	912702	1
2023.10.09	16:00:00	111.52	111.74	111.28	111.74	7088	902584	1
2023.10.10	10:00:00	112.00	113.22	111.99	112.96	10202	1068603	1
2023.10.10	12:00:00	112.96	113.15	112.83	113.00	6476	332071	1
2023.10.10	14:00:00	113.00	113.25	112.78	113.11	13350	1433730	1
2023.10.10	16:00:00	113.12	113.36	113.05	113.13	7185	1077241	1
2023.10.11	10:00:00	113.31	113.42	112.91	113.05	11401	959603	1
2023.10.11	12:00:00	113.06	113.08	112.66	112.84	13325	521738	1
2023.10.11	14:00:00	112.85	113.29	112.70	113.11	14808	795976	1
2023.10.11	16:00:00	113.11	113.55	113.08	113.50	8532	716323	1
2023.10.13	10:00:00	113.15	113.44	112.72	113.02	14857	1329498	1
2023.10.13	12:00:00	113.02	113.11	112.55	112.93	6395	484971	1
2023.10.13	14:00:00	112.94	113.03	112.06	112.30	11823	756795	1
2023.10.13	16:00:00	112.29	112.62	112.06	112.06	9216	856014	1
2023.10.16	10:00:00	113.00	113.35	112.48	113.06	6073	705730	1
2023.10.16	12:00:00	113.05	113.14	112.79	113.10	6075	389971	1
2023.10.16	14:00:00	113.10	113.23	112.64	113.00	13411	689063	1
2023.10.16	16:00:00	113.01	113.32	112.94	112.94	5607	414212	1
2023.10.17	10:00:00	112.18	113.17	112.01	113.09	9781	956016	1
2023.10.17	12:00:00	113.10	113.35	113.01	113.07	14613	1066130	1
2023.10.17	14:00:00	113.08	113.12	112.07	112.14	21385	1493188	1
2023.10.17	16:00:00	112.14	112.49	112.12	112.34	12178	802644	1
2023.10.18	10:00:00	111.66	111.80	110.90	110.94	12096	1177130	1
2023.10.18	12:00:00	110.95	111.41	110.94	111.10	19094	841624	1
2023.10.18	14:00:00	111.09	111.73	110.57	110.69	21051	1506008	1
2023.10.18	16:00:00	110.69	110.76	110.37	110.37	15704	2202618	1
2023.10.19	10:00:00	110.46	111.03	110.46	110.69	11099	1084714	1
2023.10.19	12:00:00	110.69	111.63	110.63	111.35	17610	2446178	1
2023.10.19	14:00:00	111.33	111.59	110.64	110.93	18069	1901211	1
2023.10.19	16:00:00	110.94	111.05	110.58	110.60	10163	1005715	1
2023.10.20	10:00:00	110.30	110.63	109.08	109.30	15459	1815869	1
2023.10.20	12:00:00	109.30	109.63	109.19	109.57	16817	909238	1
2023.10.20	14:00:00	109.56	110.18	109.49	109.75	20112	1446578	1
2023.10.20	16:00:00	109.75	109.83	109.50	109.50	14360	3128827	1
2023.10.23	10:00:00	109.10	109.78	108.77	109.67	14109	1323658	1
2023.10.23	12:00:00	109.67	110.23	109.67	110.20	10519	896518	1
2023.10.23	14:00:00	110.21	110.25	109.55	109.70	13519	925323	1
2023.10.23	16:00:00	109.70	109.78	109.22	109.35	14026	1083734	1
2023.10.24	10:00:00	110.30	110.75	109.97	110.34	12181	1783453	1
2023.10.24	12:00:00	110.33	110.41	109.33	109.49	10756	700272	1
2023.10.24	14:00:00	109.49	110.10	109.37	109.96	10337	517083	1
2023.10.24	16:00:00	109.96	110.72	109.92	110.24	5374	827262	1
2023.10.25	10:00:00	110.52	110.63	109.55	109.96	6535	620201	1
2023.10.25	12:00:00	109.96	110.23	109.55	109.56	8477	748406	1
2023.10.25	14:00:00	109.55	109.64	109.19	109.40	8802	1200174	1
2023.10.25	16:00:00	109.40	109.59	109.27	109.35	7510	995003	1
2023.10.26	10:00:00	109.63	110.55	109.57	110.49	15846	1581289	1
2023.10.26	12:00:00	110.49	110.50	109.90	110.12	12371	439522	1
2023.10.26	14:00:00	110.12	111.04	109.95	111.04	11282	876429	1
2023.10.26	16:00:00	111.03	111.68	111.01	111.40	9052	1238091	1
2023.10.27	10:00:00	111.54	111.82	111.05	111.20	11422	996421	1
2023.10.27	12:00:00	111.19	111.59	110.45	110.50	13434	902615	1
2023.10.27	14:00:00	110.50	110.64	109.42	109.61	25644	1418257	1
2023.10.27	16:00:00	109.61	109.96	109.55	109.85	10132	1052253	1
2023.10.30	10:00:00	110.30	110.73	109.63	110.10	8910	1313086	1
2023.10.30	12:00:00	110.15	110.35	108.85	109.10	11475	861832	1
2023.10.30	14:00:00	109.11	109.38	108.97	109.12	11544	770631	1
2023.10.30	16:00:00	109.12	109.32	108.81	108.96	6074	1562708	1
2023.10.31	10:00:00	109.19	110.13	108.68	109.79	11246	1289304	1
2023.10.31	12:00:00	109.79	110.15	109.77	109.81	16760	741656	1
2023.10.31	14:00:00	109.81	109.94	109.33	109.65	24586	767727	1
2023.10.31	16:00:00	109.66	109.76	109.46	109.62	15000	1091412	1
2023.11.01	10:00:00	110.14	111.50	110.14	111.30	23290	1709770	1
2023.11.01	12:00:00	111.30	111.40	110.84	111.16	6541	307150	1
2023.11.01	14:00:00	111.15	111.77	111.00	111.57	12917	775121	1
2023.11.01	16:00:00	111.52	111.96	111.47	111.56	3140	2807409	1
2023.11.03	10:00:00	113.70	114.58	113.45	114.06	19062	2687093	1
2023.11.03	12:00:00	114.08	114.70	113.97	114.53	22385	1810322	1
2023.11.03	14:00:00	114.53	114.90	114.34	114.78	24886	2091645	1
2023.11.03	16:00:00	114.80	114.87	114.57	114.75	7967	1314163	1
2023.11.06	10:00:00	115.00	115.00	114.58	114.72	6527	1564244	1
2023.11.06	12:00:00	114.72	115.11	114.42	114.81	14609	885391	1
2023.11.06	14:00:00	114.81	114.95	114.48	114.68	17986	1268759	1
2023.11.06	16:00:00	114.69	114.96	114.55	114.81	10388	1628131	1
2023.11.07	10:00:00	114.41	115.59	114.38	115.43	9660	1061204	1
2023.11.07	12:00:00	115.44	115.57	115.22	115.46	14486	579179	1
2023.11.07	14:00:00	115.45	115.94	115.30	115.86	16933	820190	1
2023.11.07	16:00:00	115.87	115.97	115.53	115.67	19522	1642448	1
2023.11.08	10:00:00	115.76	116.34	115.49	115.78	10907	1233559	1
2023.11.08	12:00:00	115.78	115.83	115.19	115.26	13724	662907	1
2023.11.08	14:00:00	115.26	115.58	114.84	115.40	20989	764340	1
2023.11.08	16:00:00	115.36	115.61	115.29	115.52	17161	1575790	1
2023.11.09	10:00:00	115.99	116.64	115.65	116.60	16860	994461	1
2023.11.09	12:00:00	116.60	116.60	116.16	116.30	17502	535029	1
2023.11.09	14:00:00	116.32	116.35	115.16	115.82	26186	3092562	1
2023.11.09	16:00:00	115.81	115.82	114.79	115.18	31463	4552407	1
2023.11.10	10:00:00	115.91	116.67	115.91	116.50	12745	1365466	1
2023.11.10	12:00:00	116.50	117.04	116.30	116.81	11825	747706	1
2023.11.10	14:00:00	116.82	117.19	116.71	116.91	22069	1193529	1
2023.11.10	16:00:00	116.92	117.07	116.67	117.01	21386	1931675	1
2023.11.13	10:00:00	116.50	116.79	116.21	116.25	10143	762782	1
2023.11.13	12:00:00	116.25	116.86	116.19	116.67	13744	803103	1
2023.11.13	14:00:00	116.68	116.87	116.40	116.62	13835	692469	1
2023.11.13	16:00:00	116.62	116.88	116.56	116.82	11519	945242	1
2023.11.14	10:00:00	117.18	120.00	117.18	119.46	27802	3055147	1
2023.11.14	12:00:00	119.44	119.58	119.11	119.29	26552	1323771	1
2023.11.14	14:00:00	119.30	119.58	119.12	119.49	21157	1296783	1
2023.11.14	16:00:00	119.49	119.68	119.32	119.61	15368	2874311	1
2023.11.16	10:00:00	119.61	120.43	119.49	119.97	30603	2591400	1
2023.11.16	12:00:00	119.97	120.30	119.75	119.96	28821	1231949	1
2023.11.16	14:00:00	119.96	120.74	119.95	120.63	20476	1312921	1
2023.11.16	16:00:00	120.63	120.96	120.61	120.96	20326	2854649	1
2023.11.17	10:00:00	121.20	121.30	120.72	121.07	14897	2184202	1
2023.11.17	12:00:00	121.08	121.44	120.98	121.18	12155	788319	1
2023.11.17	14:00:00	121.18	121.60	121.18	121.33	17432	1772165	1
2023.11.17	16:00:00	121.34	121.45	120.96	121.10	16721	2762487	1
2023.11.20	10:00:00	121.44	121.83	121.15	121.78	44530	2932645	1
2023.11.20	12:00:00	121.77	121.97	121.63	121.72	26145	1099087	1
2023.11.20	14:00:00	121.73	122.38	121.69	122.30	25863	1046665	1
2023.11.20	16:00:00	122.32	122.33	121.92	122.25	27991	1976269	1
2023.11.21	10:00:00	121.67	122.11	121.47	121.82	11029	1278457	1
2023.11.21	12:00:00	121.79	121.87	121.29	121.62	13212	796377	1
2023.11.21	14:00:00	121.61	121.98	121.18	121.37	25386	1927262	1
2023.11.21	16:00:00	121.37	121.95	121.26	121.76	25803	2523413	1
2023.11.22	10:00:00	122.28	123.05	122.16	122.75	17422	1450877	1
2023.11.22	12:00:00	122.73	122.77	122.32	122.77	15341	688590	1
2023.11.22	14:00:00	122.76	122.82	121.85	122.35	34617	1133285	1
2023.11.22	16:00:00	122.36	122.38	121.70	122.15	78159	2021316	1
2023.11.23	10:00:00	122.12	122.90	121.95	122.86	8921	851259	1
2023.11.23	12:00:00	122.88	122.96	122.66	122.72	27295	545452	1
2023.11.23	14:00:00	122.72	122.84	122.58	122.71	43421	1034191	1
2023.11.23	16:00:00	122.71	122.95	122.62	122.83	37056	2351319	1
2023.11.24	10:00:00	122.14	122.33	121.84	122.26	14385	1072508	1
2023.11.24	12:00:00	122.26	122.48	121.83	121.86	25560	989425	1
2023.11.24	14:00:00	121.87	122.04	121.68	121.73	28177	1119148	1
2023.11.24	16:00:00	121.72	121.95	121.62	121.66	18342	1991968	1
2023.11.27	10:00:00	122.03	122.13	121.51	121.77	11009	643720	1
2023.11.27	12:00:00	121.78	121.85	121.12	121.38	46144	754227	1
2023.11.27	14:00:00	121.38	122.05	121.29	121.90	23779	900008	1
2023.11.27	16:00:00	121.90	122.05	121.74	121.94	30174	1750046	1
2023.11.28	10:00:00	121.89	122.54	121.59	122.49	7543	899261	1
2023.11.28	12:00:00	122.48	123.09	122.44	123.03	9946	562248	1
2023.11.28	14:00:00	123.03	123.10	122.65	122.68	13368	754305	1
2023.11.28	16:00:00	122.69	122.90	122.50	122.72	15131	1540219	1
2023.11.29	10:00:00	123.20	123.48	122.51	122.77	7690	723302	1
2023.11.29	12:00:00	122.77	123.00	122.34	122.76	9287	627645	1
2023.11.29	14:00:00	122.75	122.97	122.64	122.87	14333	751024	1
2023.11.29	16:00:00	122.87	122.97	122.17	122.27	21485	2158474	1
2023.11.30	10:00:00	122.83	123.40	122.48	122.73	6972	998344	1
2023.11.30	12:00:00	122.72	122.95	122.37	122.82	10627	943200	1
2023.11.30	14:00:00	122.82	123.38	122.76	123.30	15280	884396	1
2023.11.30	16:00:00	123.30	123.60	123.24	123.57	20564	1958819	1
2023.12.01	10:00:00	123.42	123.70	122.85	123.16	7529	903481	1
2023.12.01	12:00:00	123.16	124.03	123.07	123.99	11120	1076905	1
2023.12.01	14:00:00	123.98	124.29	123.96	124.06	19752	1197550	1
2023.12.01	16:00:00	124.04	124.37	124.02	124.24	21197	1438510	1
2023.12.01	18:00:00	124.24	124.24	124.24	124.24	1	1700	1
2023.12.04	10:00:00	123.50	123.96	123.44	123.58	10394	548430	1
2023.12.04	12:00:00	123.59	123.68	123.07	123.35	16035	1466327	1
2023.12.04	14:00:00	123.36	123.37	122.93	122.95	19633	622513	1
2023.12.04	16:00:00	122.96	123.17	122.83	122.96	23730	1130574	1
2023.12.05	10:00:00	122.93	123.68	122.72	123.11	12210	733489	1
2023.12.05	12:00:00	123.10	123.61	122.66	122.95	16692	578685	1
2023.12.05	14:00:00	122.96	123.54	122.80	123.31	10684	407759	1
2023.12.05	16:00:00	123.30	123.61	123.01	123.01	16877	1158742	1
2023.12.06	10:00:00	123.58	123.77	122.81	122.87	8138	830342	1
2023.12.06	12:00:00	122.86	122.96	122.23	122.30	9724	481714	1
2023.12.06	14:00:00	122.30	122.34	122.02	122.28	6871	435986	1
2023.12.06	16:00:00	122.27	122.36	121.72	121.72	15325	1090722	1
2023.12.07	10:00:00	122.19	122.80	122.18	122.35	8326	577486	1
2023.12.07	12:00:00	122.34	122.55	121.79	122.29	10346	516524	1
2023.12.07	14:00:00	122.29	122.46	122.06	122.11	19211	518978	1
2023.12.07	16:00:00	122.11	122.38	122.00	122.29	29579	1238304	1
2023.12.08	10:00:00	122.54	123.04	121.80	122.86	7603	645891	1
2023.12.08	12:00:00	122.87	123.41	122.62	122.75	11812	809012	1
2023.12.08	14:00:00	122.76	122.89	122.08	122.68	15836	2033588	1
2023.12.08	16:00:00	122.70	123.50	122.67	123.31	16700	1257524	1
2023.12.11	10:00:00	122.90	123.35	122.66	123.12	8372	756986	1
2023.12.11	12:00:00	123.12	123.34	122.86	123.08	11773	616766	1
2023.12.11	14:00:00	123.09	123.19	122.80	123.05	20145	660905	1
2023.12.11	16:00:00	123.05	123.24	122.91	123.11	24798	1134737	1
2023.12.12	10:00:00	123.21	123.58	122.40	122.47	5800	870555	1
2023.12.12	12:00:00	122.48	122.82	122.37	122.55	7517	421445	1
2023.12.12	14:00:00	122.57	122.58	122.22	122.56	10051	907292	1
2023.12.12	16:00:00	122.56	122.80	122.48	122.60	12029	1285090	1
2023.12.12	18:00:00	122.60	122.60	122.60	122.60	1	146100	1
2023.12.13	10:00:00	122.68	123.41	122.50	123.04	6948	852221	1
2023.12.13	12:00:00	123.04	123.11	122.67	122.86	8783	451141	1
2023.12.13	14:00:00	122.86	123.28	122.77	123.18	32804	915168	1
2023.12.13	16:00:00	123.20	126.12	123.20	126.12	74191	4185891	1
2023.12.14	10:00:00	127.00	127.30	126.68	126.95	14260	2381607	1
2023.12.14	12:00:00	126.95	127.09	126.68	126.98	19535	1459836	1
2023.12.14	14:00:00	126.98	127.07	126.52	126.63	21090	1801948	1
2023.12.14	16:00:00	126.63	127.07	126.58	126.88	27577	2564467	1
2023.12.15	10:00:00	127.20	127.78	126.33	126.41	7685	845989	1
2023.12.15	12:00:00	126.40	126.67	126.22	126.48	10545	653754	1
2023.12.15	14:00:00	126.47	126.72	126.11	126.21	9935	1088011	1
2023.12.15	16:00:00	126.20	126.59	126.00	126.28	15113	2997875	1
2023.12.18	10:00:00	126.85	127.13	126.62	126.87	10185	972932	1
2023.12.18	12:00:00	126.87	127.21	126.80	127.14	7934	248280	1
2023.12.18	14:00:00	127.13	127.54	127.13	127.46	10654	551853	1
2023.12.18	16:00:00	127.46	127.53	127.20	127.27	11870	1504591	1
2023.12.19	10:00:00	127.56	128.10	127.56	128.01	8614	650790	1
2023.12.19	12:00:00	128.01	128.02	127.43	127.50	15039	389853	1
2023.12.19	14:00:00	127.50	128.08	127.30	127.80	17932	794532	1
2023.12.19	16:00:00	127.80	128.08	127.75	128.05	20599	1337066	1
2023.12.20	10:00:00	127.92	128.45	127.60	127.74	11720	1200175	1
2023.12.20	12:00:00	127.73	128.02	127.55	127.89	7876	329105	1
2023.12.20	14:00:00	127.89	128.14	127.72	127.85	10348	870952	1
2023.12.20	16:00:00	127.84	127.94	126.78	126.82	18800	1481879	1
2023.12.21	10:00:00	127.69	128.40	127.69	127.90	11583	1457017	1
2023.12.21	12:00:00	127.90	128.34	127.69	128.01	14737	596443	1
2023.12.21	14:00:00	128.01	128.15	127.58	127.88	20670	876853	1
2023.12.21	16:00:00	127.89	128.35	127.75	128.35	12822	1818858	1
2023.12.22	10:00:00	128.51	128.72	128.23	128.27	6806	706650	1
2023.12.22	12:00:00	128.28	129.00	128.21	128.91	8328	392844	1
2023.12.22	14:00:00	128.92	129.17	128.78	128.83	12439	621136	1
2023.12.22	16:00:00	128.83	128.94	128.55	128.94	15476	1119602	1
2023.12.26	10:00:00	129.02	129.60	129.02	129.50	15418	1255244	1
2023.12.26	12:00:00	129.50	129.71	129.47	129.60	10834	933530	1
2023.12.26	14:00:00	129.60	129.74	129.45	129.52	17866	1892736	1
2023.12.26	16:00:00	129.52	129.74	129.42	129.65	12335	1942349	1
2023.12.27	10:00:00	129.55	129.90	129.42	129.82	9730	1166525	1
2023.12.27	12:00:00	129.81	130.32	129.79	130.22	13026	1052072	1
2023.12.27	14:00:00	130.19	130.29	130.03	130.05	17861	1029843	1
2023.12.27	16:00:00	130.03	130.46	129.96	130.46	13781	1787845	1
2023.12.28	10:00:00	129.86	130.34	129.86	130.15	6410	538510	1
2023.12.28	12:00:00	130.15	130.52	130.05	130.26	10702	671767	1
2023.12.28	14:00:00	130.24	130.44	130.10	130.37	11463	775224	1
2023.12.28	16:00:00	130.32	130.40	130.09	130.39	9657	1465303	1
2024.01.02	10:00:00	129.80	129.89	129.14	129.80	6915	735131	1
2024.01.02	12:00:00	129.80	129.82	128.97	129.26	7580	689943	1
2024.01.02	14:00:00	129.27	129.55	128.47	128.47	11980	725351	1
2024.01.02	16:00:00	128.48	128.81	128.21	128.76	19071	2241393	1
2024.01.03	10:00:00	128.74	129.18	128.36	128.75	13128	1464400	1
2024.01.03	12:00:00	128.75	129.33	128.68	129.15	8456	455684	1
2024.01.03	14:00:00	129.12	129.70	128.95	129.36	12268	2007406	1
2024.01.03	16:00:00	129.35	129.64	128.98	128.99	19900	2368963	1
2024.01.04	10:00:00	128.86	128.86	127.43	127.92	12225	1458390	1
2024.01.04	12:00:00	127.94	128.23	127.69	127.80	14160	938761	1
2024.01.04	14:00:00	127.80	127.81	127.24	127.50	25261	1481879	1
2024.01.04	16:00:00	127.50	127.58	127.17	127.35	28593	2203479	1
2024.01.05	10:00:00	127.08	128.04	126.71	127.95	14422	927339	1
2024.01.05	12:00:00	127.95	128.75	127.95	128.08	11053	524574	1
2024.01.05	14:00:00	128.08	128.18	127.62	128.07	14343	665430	1
2024.01.05	16:00:00	128.06	128.25	127.69	128.25	17852	900075	1
2024.01.08	10:00:00	127.48	127.85	127.15	127.77	6810	528358	1
2024.01.08	12:00:00	127.76	128.38	127.60	128.07	9585	687491	1
2024.01.08	14:00:00	128.07	128.30	128.00	128.14	8421	236184	1
2024.01.08	16:00:00	128.14	128.62	128.13	128.57	23461	2592899	1
2024.01.09	10:00:00	127.82	127.99	127.33	127.50	11081	2047446	1
2024.01.09	12:00:00	127.50	127.79	127.34	127.64	6346	290630	1
2024.01.09	14:00:00	127.64	127.89	127.49	127.70	18806	1143342	1
2024.01.09	16:00:00	127.69	127.85	127.51	127.59	10776	919046	1
2024.01.10	10:00:00	127.48	127.78	126.90	127.01	9446	1287238	1
2024.01.10	12:00:00	127.02	127.04	126.64	126.79	18177	1803507	1
2024.01.10	14:00:00	126.83	127.06	126.70	126.88	13156	1069821	1
2024.01.10	16:00:00	126.89	127.21	126.83	126.94	17040	1796634	1
2024.01.11	10:00:00	127.02	127.44	126.43	126.82	13995	1503651	1
2024.01.11	12:00:00	126.84	126.87	126.07	126.47	10607	1374781	1
2024.01.11	14:00:00	126.46	126.96	126.35	126.93	11345	784286	1
2024.01.11	16:00:00	126.94	127.08	126.81	126.81	13375	2627150	1
2024.01.12	10:00:00	126.80	128.07	126.60	127.57	8469	1662986	1
2024.01.12	12:00:00	127.56	127.72	126.89	127.18	7509	568278	1
2024.01.12	14:00:00	127.18	127.51	127.12	127.33	6970	1209169	1
2024.01.12	16:00:00	127.33	127.43	127.04	127.23	15468	1101377	1
2024.01.15	10:00:00	126.61	127.03	126.43	126.88	29551	821816	1
2024.01.15	12:00:00	126.88	127.32	126.63	127.27	43435	355677	1
2024.01.15	14:00:00	127.27	127.55	127.20	127.36	12416	457814	1
2024.01.15	16:00:00	127.36	127.82	127.30	127.82	23069	1787412	1
2024.01.16	10:00:00	126.90	127.04	125.97	126.03	28162	1382321	1
2024.01.16	12:00:00	126.03	126.23	125.60	125.83	29084	1350630	1
2024.01.16	14:00:00	125.84	125.85	125.36	125.53	19284	3675863	1
2024.01.16	16:00:00	125.54	125.85	125.36	125.49	13943	1602563	1
2024.01.17	10:00:00	125.15	125.49	124.85	125.11	11514	1640838	1
2024.01.17	12:00:00	125.12	125.34	124.69	124.80	14368	1763934	1
2024.01.17	14:00:00	124.82	124.92	124.50	124.72	31741	2743681	1
2024.01.17	16:00:00	124.72	125.03	124.53	124.53	22057	1806131	1
2024.01.18	10:00:00	125.05	125.15	124.01	124.25	14005	1534326	1
2024.01.18	12:00:00	124.28	124.28	123.71	123.82	30141	2036984	1
2024.01.18	14:00:00	123.83	123.93	123.62	123.78	25140	1407815	1
2024.01.18	16:00:00	123.78	124.00	123.56	123.56	13343	1177986	1
2024.01.19	10:00:00	123.89	123.99	122.91	123.17	15825	1627299	1
2024.01.19	12:00:00	123.18	123.26	122.80	123.03	17693	935423	1
2024.01.19	14:00:00	123.04	123.77	122.93	123.57	19306	5166352	1
2024.01.19	16:00:00	123.57	124.09	123.51	123.84	38525	3274664	1
2024.01.22	10:00:00	123.80	124.10	123.22	123.97	16941	1174646	1
2024.01.22	12:00:00	123.97	124.12	122.89	123.17	20669	1248192	1
2024.01.22	14:00:00	123.14	123.32	122.44	122.68	20087	1442646	1
2024.01.22	16:00:00	122.68	122.99	122.17	122.70	41403	1746342	1
2024.01.23	10:00:00	123.41	123.92	123.25	123.64	15708	1543678	1
2024.01.23	12:00:00	123.63	124.10	123.35	124.02	15395	843225	1
2024.01.23	14:00:00	124.02	124.47	124.01	124.38	13980	1807363	1
2024.01.23	16:00:00	124.37	124.55	124.08	124.55	32805	2963808	1
2024.01.24	10:00:00	125.20	125.66	124.83	124.84	9794	1647562	1
2024.01.24	12:00:00	124.82	124.90	124.46	124.75	11375	422990	1
2024.01.24	14:00:00	124.76	125.07	124.19	124.30	12198	1006794	1
2024.01.24	16:00:00	124.30	124.30	123.91	123.97	15097	1146339	1
2024.01.25	10:00:00	124.10	124.90	124.10	124.90	7272	972290	1
2024.01.25	12:00:00	124.89	124.95	124.19	124.55	7401	773891	1
2024.01.25	14:00:00	124.52	124.83	124.31	124.55	10909	571501	1
2024.01.25	16:00:00	124.54	124.83	124.07	124.46	14135	937012	1
2024.01.26	10:00:00	124.51	125.16	124.05	124.78	6461	935601	1
2024.01.26	12:00:00	124.78	125.30	124.45	125.27	6918	515040	1
2024.01.26	14:00:00	125.27	125.39	124.97	125.29	12285	781740	1
2024.01.26	16:00:00	125.28	125.44	125.05	125.08	9137	960320	1
2024.01.29	10:00:00	124.82	125.29	124.33	124.56	6305	890402	1
2024.01.29	12:00:00	124.59	124.73	124.26	124.45	7965	368615	1
2024.01.29	14:00:00	124.44	124.49	124.08	124.34	8736	436768	1
2024.01.29	16:00:00	124.34	124.84	124.29	124.75	11737	1573228	1
2024.01.30	10:00:00	124.35	124.51	123.68	123.96	21218	630136	1
2024.01.30	12:00:00	123.98	124.02	123.34	123.89	18070	5214892	1
2024.01.30	14:00:00	123.90	123.98	123.58	123.70	14678	867046	1
2024.01.30	16:00:00	123.71	123.93	123.57	123.57	8189	886058	1
2024.01.31	10:00:00	123.67	125.16	123.67	124.86	11597	1167019	1
2024.01.31	12:00:00	124.85	125.12	124.70	124.88	12555	623943	1
2024.01.31	14:00:00	124.85	125.26	124.77	125.23	17871	1454893	1
2024.01.31	16:00:00	125.18	125.81	123.95	123.95	49326	5456315	1
2024.02.01	10:00:00	124.14	124.61	124.01	124.28	14316	713507	1
2024.02.01	12:00:00	124.25	124.34	123.50	124.13	12352	1213566	1
2024.02.01	14:00:00	124.15	124.59	123.84	124.39	12662	1370941	1
2024.02.01	16:00:00	124.38	124.76	124.10	124.76	7801	2456758	1
2024.02.02	10:00:00	124.79	125.15	123.20	123.35	23479	2700505	1
2024.02.02	12:00:00	123.34	123.41	122.95	123.07	20931	1322644	1
2024.02.02	14:00:00	123.07	123.48	122.90	123.47	13945	2417488	1
2024.02.02	16:00:00	123.45	123.78	123.32	123.32	15626	2573771	1
2024.02.05	10:00:00	123.57	124.06	123.36	123.54	17413	1746719	1
2024.02.05	12:00:00	123.53	123.53	122.68	123.02	9450	484780	1
2024.02.05	14:00:00	123.01	123.69	123.01	123.66	8290	651212	1
2024.02.05	16:00:00	123.66	124.05	123.59	123.86	11988	837777	1
2024.02.06	10:00:00	124.31	125.91	124.31	125.84	12813	1359657	1
2024.02.06	12:00:00	125.87	126.32	125.69	126.04	15261	1115410	1
2024.02.06	14:00:00	126.06	126.43	126.00	126.35	17095	715401	1
2024.02.06	16:00:00	126.35	126.88	126.15	126.88	18705	1722836	1
2024.02.07	10:00:00	126.35	126.45	125.70	126.08	8497	2452660	1
2024.02.07	12:00:00	126.06	126.21	125.73	125.80	6376	1296647	1
2024.02.07	14:00:00	125.81	126.04	125.61	125.89	6572	488883	1
2024.02.07	16:00:00	125.89	126.30	125.82	126.05	18503	1070748	1
2024.02.08	10:00:00	126.04	126.27	124.95	125.00	8143	768560	1
2024.02.08	12:00:00	124.99	125.02	124.33	124.41	8969	532614	1
2024.02.08	14:00:00	124.40	124.65	124.16	124.63	27217	1107805	1
2024.02.08	16:00:00	124.63	124.73	124.30	124.51	30044	2473606	1
2024.02.09	10:00:00	124.57	125.20	124.05	124.60	17471	1120247	1
2024.02.09	12:00:00	124.60	124.60	123.82	124.05	28771	1678312	1
2024.02.09	14:00:00	124.05	124.60	124.01	124.52	14133	2861326	1
2024.02.09	16:00:00	124.51	124.67	124.13	124.13	12476	1965823	1
2024.02.14	12:00:00	123.90	123.90	123.42	123.52	4085	929559	1
2024.02.14	14:00:00	123.51	123.52	122.93	123.10	23635	2015767	1
2024.02.14	16:00:00	123.07	123.31	122.98	123.23	11858	3838578	1
2024.02.15	10:00:00	123.58	123.77	123.16	123.49	13311	950019	1
2024.02.15	12:00:00	123.49	123.76	123.34	123.52	14347	583458	1
2024.02.15	14:00:00	123.51	124.00	123.49	123.89	19288	418230	1
2024.02.15	16:00:00	123.88	124.06	123.77	124.06	18082	1359732	1
2024.02.16	10:00:00	124.57	124.95	123.85	124.27	15436	4608461	1
2024.02.16	12:00:00	124.26	124.95	124.22	124.55	15890	876253	1
2024.02.16	14:00:00	124.55	125.17	124.45	125.09	20243	1261820	1
2024.02.16	16:00:00	125.08	125.28	124.88	124.88	32521	2897280	1
2024.02.19	10:00:00	124.50	124.74	124.29	124.66	15703	830279	1
2024.02.19	12:00:00	124.65	124.91	124.55	124.90	10352	646972	1
2024.02.19	14:00:00	124.89	124.99	124.74	124.87	15745	1405760	1
2024.02.19	16:00:00	124.87	125.22	124.85	125.14	41986	1224348	1
2024.02.20	10:00:00	124.59	125.90	124.58	125.82	17839	2423852	1
2024.02.20	12:00:00	125.82	126.02	125.67	125.69	15178	834248	1
2024.02.20	14:00:00	125.69	125.98	125.61	125.81	21644	1390502	1
2024.02.20	16:00:00	125.81	126.19	125.67	126.19	13021	2190461	1
2024.02.21	10:00:00	126.15	126.20	125.73	125.94	13619	1107406	1
2024.02.21	12:00:00	125.95	126.08	125.70	126.01	11552	596636	1
2024.02.21	14:00:00	126.01	126.10	125.50	125.86	14668	906860	1
2024.02.21	16:00:00	125.89	126.18	125.72	126.18	19277	2053067	1
2024.02.22	10:00:00	126.66	126.97	126.34	126.46	14097	1003386	1
2024.02.22	12:00:00	126.46	126.48	126.15	126.39	17719	523705	1
2024.02.22	14:00:00	126.39	126.61	126.11	126.60	22928	3145882	1
2024.02.22	16:00:00	126.59	126.85	126.20	126.30	20503	1361281	1
2024.02.23	10:00:00	126.60	126.79	125.83	125.94	11621	804238	1
2024.02.23	12:00:00	125.94	126.03	125.29	125.62	17551	1187061	1
2024.02.23	14:00:00	125.63	125.92	125.56	125.58	15406	694854	1
2024.02.23	16:00:00	125.59	125.67	125.39	125.61	22972	1360281	1
2024.02.26	10:00:00	125.30	126.19	125.29	125.95	11884	917896	1
2024.02.26	12:00:00	125.95	126.10	125.35	125.49	12036	508088	1
2024.02.26	14:00:00	125.50	126.02	125.46	125.95	14329	530575	1
2024.02.26	16:00:00	125.95	126.01	125.74	125.77	15450	1190125	1
2024.02.27	10:00:00	126.64	127.39	126.64	127.34	11785	883616	1
2024.02.27	12:00:00	127.34	127.63	127.34	127.52	14541	722375	1
2024.02.27	14:00:00	127.53	127.83	127.41	127.77	15316	734010	1
2024.02.27	16:00:00	127.75	127.84	127.63	127.84	16942	2043516	1
2024.02.28	10:00:00	127.18	127.50	126.86	126.99	24230	939791	1
2024.02.28	12:00:00	126.98	127.24	126.74	126.88	28036	883986	1
2024.02.28	14:00:00	126.88	126.92	126.12	126.15	26613	1007371	1
2024.02.28	16:00:00	126.15	126.46	125.92	126.26	28052	1977518	1
2024.02.29	10:00:00	125.71	126.13	125.20	125.48	20667	1370001	1
2024.02.29	12:00:00	125.47	125.66	125.09	125.33	18206	976449	1
2024.02.29	14:00:00	125.34	125.39	125.14	125.22	18859	1105731	1
2024.02.29	16:00:00	125.23	125.37	124.91	125.25	13911	5139441	1
2024.03.01	10:00:00	125.25	125.66	124.94	124.98	9470	1126955	1
2024.03.01	12:00:00	124.99	125.92	124.99	125.69	10513	895585	1
2024.03.01	14:00:00	125.70	125.78	125.30	125.31	12821	597430	1
2024.03.01	16:00:00	125.31	125.55	125.22	125.24	15356	864887	1
2024.03.04	10:00:00	125.27	125.50	124.61	124.74	15807	1876787	1
2024.03.04	12:00:00	124.75	125.02	124.48	124.91	17740	1142438	1
2024.03.04	14:00:00	124.91	124.96	124.60	124.73	22134	893529	1
2024.03.04	16:00:00	124.73	124.79	124.50	124.50	16302	1688756	1
2024.03.05	10:00:00	124.72	124.89	124.44	124.61	18469	1542554	1
2024.03.05	12:00:00	124.61	125.23	124.35	124.62	21179	1002770	1
2024.03.05	14:00:00	124.62	124.80	124.42	124.49	11940	314239	1
2024.03.05	16:00:00	124.49	124.54	124.07	124.40	16363	680179	1
2024.03.06	10:00:00	124.90	125.40	124.69	125.12	18185	1062724	1
2024.03.06	12:00:00	125.11	125.49	124.77	125.45	20018	766585	1
2024.03.06	14:00:00	125.43	125.54	125.16	125.20	19364	840842	1
2024.03.06	16:00:00	125.20	125.26	124.93	125.15	21427	908733	1
2024.03.07	10:00:00	125.30	125.38	124.36	124.46	10900	561782	1
2024.03.07	12:00:00	124.45	124.68	124.31	124.53	12395	562648	1
2024.03.07	14:00:00	124.51	124.69	124.30	124.60	16725	1445099	1
2024.03.07	16:00:00	124.61	124.67	124.45	124.67	8671	903146	1
2024.03.08	10:00:00	122.51	123.12	122.15	122.94	60293	3149860	1
2024.03.08	12:00:00	122.94	123.74	122.94	123.35	33301	1538810	1
2024.03.08	14:00:00	123.35	123.84	123.33	123.46	26085	1394865	1
2024.03.08	16:00:00	123.46	123.76	123.07	123.26	15726	2204016	1
2024.03.11	10:00:00	122.50	123.32	122.36	123.15	28415	1275153	1
2024.03.11	12:00:00	123.15	123.17	122.67	122.74	22299	585755	1
2024.03.11	14:00:00	122.74	123.02	122.59	122.80	23304	864021	1
2024.03.11	16:00:00	122.80	123.08	122.32	122.32	15115	1576164	1
2024.03.12	10:00:00	123.26	123.84	122.90	123.34	28635	1307610	1
2024.03.12	12:00:00	123.34	123.97	123.27	123.89	14238	309158	1
2024.03.12	14:00:00	123.89	124.30	123.68	124.16	20094	886140	1
2024.03.12	16:00:00	124.19	124.27	123.81	123.81	8063	640636	1
2024.03.13	10:00:00	123.80	124.53	123.64	124.14	19380	1517715	1
2024.03.13	12:00:00	124.13	124.46	124.09	124.27	20757	2156842	1
2024.03.13	14:00:00	124.24	124.79	124.18	124.40	23815	1035208	1
2024.03.13	16:00:00	124.40	124.42	124.13	124.37	27407	959611	1
2024.03.14	10:00:00	124.42	124.54	123.76	124.13	37098	1275366	1
2024.03.14	12:00:00	124.13	124.23	123.78	123.85	31559	1206450	1
2024.03.14	14:00:00	123.85	124.07	123.43	123.98	30833	1017115	1
2024.03.14	16:00:00	123.98	123.99	123.58	123.82	19459	734857	1
2024.03.15	10:00:00	123.94	124.23	123.11	123.17	16485	765153	1
2024.03.15	12:00:00	123.19	123.28	122.77	122.82	16497	2242460	1
2024.03.15	14:00:00	122.81	122.99	122.78	122.94	17903	1104942	1
2024.03.15	16:00:00	122.92	123.02	122.82	122.87	11600	2577856	1
2024.03.18	10:00:00	123.38	123.83	122.60	122.62	20373	1553841	1
2024.03.18	12:00:00	122.63	122.91	122.60	122.87	10747	362344	1
2024.03.18	14:00:00	122.87	123.19	122.70	123.07	15269	302293	1
2024.03.18	16:00:00	123.07	123.12	122.91	123.05	7432	535149	1
2024.03.19	10:00:00	123.55	124.00	123.40	123.93	13236	945952	1
2024.03.19	12:00:00	123.94	123.96	123.69	123.93	12519	711363	1
2024.03.19	14:00:00	123.94	124.23	123.84	123.95	19259	1175578	1
2024.03.19	16:00:00	123.95	124.01	123.61	123.73	13417	4771812	1
2024.03.20	10:00:00	123.83	124.24	123.59	123.79	19568	2104522	1
2024.03.20	12:00:00	123.80	124.31	123.72	124.27	17830	747356	1
2024.03.20	14:00:00	124.27	125.30	124.26	125.19	24544	1700619	1
2024.03.20	16:00:00	125.20	125.45	125.11	125.45	14876	2311050	1
2024.03.21	10:00:00	125.54	125.64	124.59	124.70	15561	1234890	1
2024.03.21	12:00:00	124.69	124.73	124.41	124.60	17683	753554	1
2024.03.21	14:00:00	124.60	124.70	124.38	124.63	21844	992102	1
2024.03.21	16:00:00	124.64	124.66	124.37	124.37	13631	970044	1
2024.03.22	10:00:00	124.10	124.23	123.55	123.76	13315	950072	1
2024.03.22	12:00:00	123.76	123.93	123.42	123.56	12086	770543	1
2024.03.22	14:00:00	123.57	123.61	123.20	123.43	13063	1004201	1
2024.03.22	16:00:00	123.43	123.45	123.18	123.21	7400	655011	1
2024.03.25	10:00:00	123.29	123.50	123.06	123.24	15902	1011215	1
2024.03.25	12:00:00	123.24	123.45	123.17	123.30	14095	672816	1
2024.03.25	14:00:00	123.30	123.38	123.03	123.28	23008	748203	1
2024.03.25	16:00:00	123.28	123.31	123.15	123.19	5782	867264	1
2024.03.26	10:00:00	123.00	123.45	122.90	123.20	17859	1134046	1
2024.03.26	12:00:00	123.20	123.42	123.14	123.29	22674	600593	1
2024.03.26	14:00:00	123.29	123.51	123.26	123.36	28283	1084609	1
2024.03.26	16:00:00	123.35	123.38	123.14	123.24	12301	1022027	1
2024.03.27	10:00:00	123.00	123.13	122.52	123.07	22084	1188467	1
2024.03.27	12:00:00	123.07	123.40	123.04	123.38	12797	338070	1
2024.03.27	14:00:00	123.37	123.84	123.23	123.69	21839	705761	1
2024.03.27	16:00:00	123.70	124.07	123.70	124.05	11475	1064139	1
2024.03.28	10:00:00	123.82	124.44	123.57	124.42	12827	1255515	1
2024.03.28	12:00:00	124.41	124.66	124.32	124.40	9671	826013	1
2024.03.28	14:00:00	124.40	124.47	124.14	124.29	14630	630427	1
2024.03.28	16:00:00	124.30	124.60	124.25	124.33	5829	1021355	1
2024.04.01	10:00:00	124.68	124.93	123.70	123.79	13680	899654	1
2024.04.01	12:00:00	123.79	123.79	123.40	123.46	11447	464277	1
2024.04.01	14:00:00	123.46	123.46	123.12	123.14	15464	613727	1
2024.04.01	16:00:00	123.15	123.35	123.09	123.29	17178	1151884	1
2024.04.02	10:00:00	123.27	123.62	123.00	123.21	22354	1313184	1
2024.04.02	12:00:00	123.21	123.35	122.96	123.22	33664	833841	1
2024.04.02	14:00:00	123.21	123.70	123.00	123.63	24690	913654	1
2024.04.02	16:00:00	123.64	123.92	123.63	123.74	12506	1083493	1
2024.04.03	10:00:00	123.64	123.69	122.50	122.81	31890	1586782	1
2024.04.03	12:00:00	122.82	123.26	122.68	123.22	14681	572998	1
2024.04.03	14:00:00	123.23	123.99	123.19	123.56	14302	1273142	1
2024.04.03	16:00:00	123.60	123.65	123.36	123.54	9451	721209	1
2024.04.04	10:00:00	124.40	125.55	124.24	124.64	17447	2083659	1
2024.04.04	12:00:00	124.63	125.86	124.58	125.42	12433	1233971	1
2024.04.04	14:00:00	125.44	125.58	124.08	124.15	10766	1509686	1
2024.04.04	16:00:00	124.16	124.16	123.43	123.68	3195	2519051	1
2024.04.05	10:00:00	123.70	123.74	122.73	123.10	20393	1282490	1
2024.04.05	12:00:00	123.11	123.55	122.69	123.50	22009	1060635	1
2024.04.05	14:00:00	123.50	123.51	122.73	123.10	13811	1337776	1
2024.04.05	16:00:00	123.09	123.30	122.90	122.90	7812	1052744	1
2024.04.08	10:00:00	123.60	124.64	123.40	124.57	8707	809348	1
2024.04.08	12:00:00	124.58	124.93	124.56	124.75	16185	1192595	1
2024.04.08	14:00:00	124.76	125.04	124.69	124.89	14996	681059	1
2024.04.08	16:00:00	124.88	125.43	124.83	125.13	9029	1202694	1
2024.04.09	10:00:00	125.71	126.20	125.43	125.77	18123	1685347	1
2024.04.09	12:00:00	125.77	125.91	125.58	125.59	22365	1299847	1
2024.04.09	14:00:00	125.59	125.99	125.43	125.80	31143	1550239	1
2024.04.09	16:00:00	125.79	126.21	125.60	126.21	17075	2810084	1
2024.04.10	10:00:00	125.60	125.60	124.95	125.14	18167	1659707	1
2024.04.10	12:00:00	125.14	125.19	124.41	124.61	29500	1295375	1
2024.04.10	14:00:00	124.61	124.84	124.12	124.13	21260	1600810	1
2024.04.10	16:00:00	124.13	124.39	124.00	124.15	11848	2781424	1
2024.04.11	10:00:00	124.10	124.24	123.37	123.64	67438	2151036	1
2024.04.11	12:00:00	123.64	123.90	123.40	123.51	34212	1242224	1
2024.04.11	14:00:00	123.49	124.16	123.33	123.61	37055	1155934	1
2024.04.11	16:00:00	123.62	123.88	123.52	123.72	17444	1016328	1
2024.04.12	10:00:00	123.61	123.95	123.10	123.11	30104	2633735	1
2024.04.12	12:00:00	123.10	123.50	122.77	122.82	22894	1062162	1
2024.04.12	14:00:00	122.83	122.98	122.07	122.09	36927	2448960	1
2024.04.12	16:00:00	122.09	122.40	121.95	122.12	23690	1682929	1
2024.04.15	10:00:00	122.27	122.59	121.93	122.26	34360	1491616	1
2024.04.15	12:00:00	122.26	122.54	121.98	122.14	48534	985861	1
2024.04.15	14:00:00	122.13	122.20	121.35	121.66	37550	1666119	1
2024.04.15	16:00:00	121.66	121.84	121.47	121.55	12651	1487299	1
2024.04.16	10:00:00	120.80	121.14	120.15	120.85	64759	1441749	1
2024.04.16	12:00:00	120.86	121.54	120.85	121.18	140155	743451	1
2024.04.16	14:00:00	121.19	121.50	120.65	121.24	118523	1429096	1
2024.04.16	16:00:00	121.24	121.30	120.81	120.85	53954	1210906	1
2024.04.17	10:00:00	121.50	121.68	120.50	120.62	26050	1647548	1
2024.04.17	12:00:00	120.62	121.02	120.02	120.41	31057	1966755	1
2024.04.17	14:00:00	120.39	120.89	120.29	120.43	40307	3389268	1
2024.04.17	16:00:00	120.43	120.65	120.27	120.54	17343	1559403	1
2024.04.18	10:00:00	120.88	121.50	120.76	120.98	13473	5051811	1
2024.04.18	12:00:00	120.98	121.11	120.00	120.11	12263	1092272	1
2024.04.18	14:00:00	120.10	120.37	119.81	120.15	17535	1383463	1
2024.04.18	16:00:00	120.15	120.60	120.15	120.48	10047	948748	1
2024.04.19	10:00:00	120.51	121.86	120.51	121.72	9020	1392742	1
2024.04.19	12:00:00	121.73	121.83	121.29	121.54	21499	2049245	1
2024.04.19	14:00:00	121.56	121.60	121.10	121.35	19679	1591711	1
2024.04.19	16:00:00	121.34	121.58	121.26	121.52	11558	1918501	1
2024.04.22	10:00:00	121.72	121.72	120.96	121.46	8376	1025363	1
2024.04.22	12:00:00	121.46	122.33	121.38	122.30	8286	1392659	1
2024.04.22	14:00:00	122.33	122.36	121.87	122.09	12505	2019187	1
2024.04.22	16:00:00	122.08	122.14	121.76	121.80	9568	1525789	1
2024.04.23	10:00:00	121.14	121.30	120.65	121.00	9152	1286153	1
2024.04.23	12:00:00	120.98	122.00	120.94	121.88	10032	392170	1
2024.04.23	14:00:00	121.89	122.19	121.70	121.99	12571	594834	1
2024.04.23	16:00:00	122.00	122.00	121.41	121.41	7408	1652436	1
2024.04.24	10:00:00	121.80	121.80	121.16	121.33	12808	1221496	1
2024.04.24	12:00:00	121.33	121.38	120.90	121.29	9042	441644	1
2024.04.24	14:00:00	121.29	121.44	121.12	121.23	10580	705638	1
2024.04.24	16:00:00	121.23	121.40	120.97	120.97	7259	654575	1
2024.04.25	10:00:00	120.60	120.81	120.05	120.70	8477	1023268	1
2024.04.25	12:00:00	120.70	121.13	120.69	120.83	10480	441552	1
2024.04.25	14:00:00	120.82	120.99	120.62	120.87	11986	495958	1
2024.04.25	16:00:00	120.85	121.09	120.75	120.91	8657	719393	1
2024.04.26	10:00:00	121.70	122.80	121.70	122.61	11544	1434822	1
2024.04.26	12:00:00	122.62	122.99	122.54	122.85	14343	605992	1
2024.04.26	14:00:00	122.86	123.13	122.72	123.07	20867	2026526	1
2024.04.26	16:00:00	123.07	123.13	122.78	122.83	11815	1835265	1
2024.04.29	10:00:00	122.94	123.33	122.83	123.23	8547	640264	1
2024.04.29	12:00:00	123.24	123.40	123.00	123.39	13738	1402720	1
2024.04.29	14:00:00	123.39	123.61	123.32	123.41	15667	874672	1
2024.04.29	16:00:00	123.40	123.77	123.15	123.77	7625	1018344	1
2024.04.30	10:00:00	123.21	123.28	122.49	122.52	10097	2006235	1
2024.04.30	12:00:00	122.52	122.59	122.16	122.20	12777	834511	1
2024.04.30	14:00:00	122.20	122.53	122.20	122.33	17500	1121108	1
2024.04.30	16:00:00	122.33	122.55	122.22	122.38	11663	929455	1
2024.05.02	10:00:00	123.87	123.87	122.89	123.34	14182	1370878	1
2024.05.02	12:00:00	123.35	123.52	123.05	123.32	11703	1090074	1
2024.05.02	14:00:00	123.33	123.87	123.33	123.86	12739	1217139	1
2024.05.02	16:00:00	123.87	124.00	123.35	123.35	6027	523824	1
2024.05.03	10:00:00	124.73	125.12	124.55	124.79	25329	2531563	1
2024.05.03	12:00:00	124.79	124.98	124.61	124.63	16986	1403548	1
2024.05.03	14:00:00	124.63	124.99	124.56	124.90	21224	2564301	1
2024.05.03	16:00:00	124.90	124.99	124.80	124.95	8262	1566688	1
2024.05.06	10:00:00	124.72	125.44	124.52	125.29	7764	645118	1
2024.05.06	12:00:00	125.27	125.36	125.04	125.07	5187	304476	1
2024.05.06	14:00:00	125.06	125.15	124.76	124.89	8877	707798	1
2024.05.06	16:00:00	124.88	124.91	124.70	124.71	9747	837284	1
2024.05.07	10:00:00	125.47	125.93	125.30	125.86	10506	1631318	1
2024.05.07	12:00:00	125.86	125.97	125.61	125.81	7950	1028363	1
2024.05.07	14:00:00	125.82	125.83	125.32	125.40	10573	778040	1
2024.05.07	16:00:00	125.40	125.50	125.32	125.40	8917	1021230	1
2024.05.08	10:00:00	124.59	125.50	124.31	125.26	4682	611811	1
2024.05.08	12:00:00	125.24	125.65	125.20	125.52	5470	255137	1
2024.05.08	14:00:00	125.53	125.65	125.29	125.54	11840	512283	1
2024.05.08	16:00:00	125.54	125.80	125.52	125.75	8396	1184235	1
2024.05.09	10:00:00	124.22	124.29	123.65	124.03	18684	1741417	1
2024.05.09	12:00:00	124.02	124.24	123.88	124.01	30301	1484176	1
2024.05.09	14:00:00	124.00	124.71	123.88	124.68	39571	1146236	1
2024.05.09	16:00:00	124.68	124.74	124.43	124.52	12340	863597	1
2024.05.10	10:00:00	124.63	125.26	124.15	124.24	13190	1003928	1
2024.05.10	12:00:00	124.23	124.30	123.79	124.17	17952	867692	1
2024.05.10	14:00:00	124.17	124.31	123.98	124.13	22475	2086233	1
2024.05.10	16:00:00	124.09	124.18	123.93	124.01	9163	1524053	1
2024.05.13	10:00:00	124.26	124.98	124.26	124.55	15861	2292804	1
2024.05.13	12:00:00	124.55	124.60	124.21	124.30	15737	1132093	1
2024.05.13	14:00:00	124.30	124.60	124.10	124.48	14761	854678	1
2024.05.13	16:00:00	124.48	124.61	124.40	124.56	6150	740123	1
2024.05.14	10:00:00	124.22	125.25	124.20	125.16	18965	1453993	1
2024.05.14	12:00:00	125.16	125.19	124.64	124.93	18910	1376544	1
2024.05.14	14:00:00	124.92	124.97	124.57	124.75	19711	1215439	1
2024.05.14	16:00:00	124.75	124.87	124.72	124.81	17427	884965	1
2024.05.15	10:00:00	123.66	124.05	123.34	124.01	19000	1616369	1
2024.05.15	12:00:00	124.01	124.52	123.86	124.50	13551	954523	1
2024.05.15	14:00:00	124.49	124.57	124.02	124.50	22481	1874592	1
2024.05.15	16:00:00	124.50	124.62	124.23	124.23	10139	3876635	1
2024.05.16	10:00:00	125.36	125.39	124.17	124.63	12289	1182062	1
2024.05.16	12:00:00	124.62	124.67	124.28	124.46	11869	1699190	1
2024.05.16	14:00:00	124.46	124.84	124.32	124.69	19484	1475072	1
2024.05.16	16:00:00	124.71	124.76	124.47	124.55	10712	1181992	1
2024.05.17	10:00:00	124.28	124.76	123.99	124.36	14454	1338700	1
2024.05.17	12:00:00	124.35	124.40	124.10	124.36	16191	902042	1
2024.05.17	14:00:00	124.35	124.60	124.28	124.50	18506	1612929	1
2024.05.17	16:00:00	124.50	124.63	124.37	124.37	12035	1183980	1
2024.05.20	10:00:00	124.20	124.79	123.74	124.58	66439	1391982	1
2024.05.20	12:00:00	124.58	124.99	124.39	124.58	64218	828037	1
2024.05.20	14:00:00	124.58	124.61	123.96	124.07	16500	702586	1
2024.05.20	16:00:00	124.07	124.15	124.00	124.12	9165	515531	1
2024.05.21	10:00:00	124.38	124.44	123.70	123.91	17385	753244	1
2024.05.21	12:00:00	123.91	124.08	123.51	123.63	10387	978631	1
2024.05.21	14:00:00	123.63	124.00	123.59	123.84	18381	486990	1
2024.05.21	16:00:00	123.84	123.97	123.70	123.70	8392	526842	1
2024.05.22	10:00:00	123.14	123.16	122.50	122.61	14643	863155	1
2024.05.22	12:00:00	122.62	122.87	122.45	122.46	9220	382015	1
2024.05.22	14:00:00	122.47	122.61	122.08	122.24	158809	1291782	1
2024.05.22	16:00:00	122.23	122.27	121.91	122.07	75502	1051154	1
2024.05.23	10:00:00	122.00	122.05	120.97	121.05	47668	2586038	1
2024.05.23	12:00:00	121.05	121.29	121.00	121.14	11693	400689	1
2024.05.23	14:00:00	121.14	121.29	120.80	120.98	22251	1165626	1
2024.05.23	16:00:00	120.97	121.10	120.94	121.10	11720	1355215	1
2024.05.24	10:00:00	121.27	121.64	121.16	121.41	17039	900971	1
2024.05.24	12:00:00	121.41	121.43	121.09	121.13	22437	929400	1
2024.05.24	14:00:00	121.12	121.22	120.63	120.74	27313	1000303	1
2024.05.24	16:00:00	120.74	120.94	120.64	120.64	16010	958696	1
2024.05.27	10:00:00	120.87	120.94	120.45	120.61	11737	739132	1
2024.05.27	12:00:00	120.61	120.83	120.56	120.78	15202	399204	1
2024.05.27	14:00:00	120.78	120.91	120.63	120.70	17878	461645	1
2024.05.27	16:00:00	120.71	120.90	120.70	120.87	9096	596423	1
2024.05.28	10:00:00	121.82	121.82	120.88	120.96	20272	1219667	1
2024.05.28	12:00:00	120.96	121.25	120.50	120.51	16389	2024126	1
2024.05.28	14:00:00	120.50	120.71	119.97	120.16	20200	1478275	1
2024.05.28	16:00:00	120.16	120.22	119.94	120.18	6841	781665	1
2024.05.29	10:00:00	119.42	119.54	118.91	119.47	17665	932460	1
2024.05.29	12:00:00	119.47	119.56	119.23	119.47	37257	2631207	1
2024.05.29	14:00:00	119.45	119.47	119.00	119.26	23273	1737617	1
2024.05.29	16:00:00	119.26	119.50	119.12	119.12	23768	842868	1
2024.05.31	10:00:00	119.07	119.28	118.52	118.60	25692	1233265	1
2024.05.31	12:00:00	118.59	118.71	118.36	118.63	32226	959054	1
2024.05.31	14:00:00	118.62	118.75	118.54	118.57	30253	963860	1
2024.05.31	16:00:00	118.57	118.75	118.47	118.66	7526	822217	1
2024.06.03	10:00:00	118.65	118.93	117.92	118.70	24636	1339848	1
2024.06.03	12:00:00	118.70	118.88	118.15	118.27	25566	947037	1
2024.06.03	14:00:00	118.26	118.95	118.19	118.82	42884	984548	1
2024.06.03	16:00:00	118.82	118.88	118.44	118.44	17514	698117	1
2024.06.04	10:00:00	118.04	118.10	117.38	117.68	19552	1716371	1
2024.06.04	12:00:00	117.68	118.03	117.63	118.02	15159	944878	1
2024.06.04	14:00:00	118.02	118.38	117.85	118.09	23603	767331	1
2024.06.04	16:00:00	118.09	118.27	117.93	118.16	10507	821796	1
2024.06.05	10:00:00	118.13	118.64	117.75	118.32	19716	1093173	1
2024.06.05	12:00:00	118.32	118.58	118.10	118.19	20311	497261	1
2024.06.05	14:00:00	118.18	118.35	117.72	117.91	28631	775683	1
2024.06.05	16:00:00	117.90	117.93	117.69	117.90	8849	1091607	1
2024.06.06	10:00:00	118.00	119.10	117.81	118.99	34828	1459542	1
2024.06.06	12:00:00	118.98	119.69	118.96	119.25	31313	770319	1
2024.06.06	14:00:00	119.24	119.62	119.10	119.33	14218	1058757	1
2024.06.06	16:00:00	119.32	119.43	119.11	119.40	8944	860482	1
2024.06.07	10:00:00	118.29	118.69	118.03	118.49	32454	1974020	1
2024.06.07	12:00:00	118.49	118.53	118.07	118.23	28878	1401668	1
2024.06.07	14:00:00	118.24	118.25	117.62	117.65	29026	1422403	1
2024.06.07	16:00:00	117.64	117.70	117.09	117.13	17673	1473583	1
2024.06.10	10:00:00	117.11	117.90	116.95	117.64	25853	1044257	1
2024.06.10	12:00:00	117.65	117.72	117.42	117.50	95109	1435575	1
2024.06.10	14:00:00	117.50	117.58	117.10	117.39	107348	953103	1
2024.06.10	16:00:00	117.39	117.47	117.27	117.35	22538	1602181	1
2024.06.11	10:00:00	117.50	118.16	117.38	117.91	20735	2873362	1
2024.06.11	12:00:00	117.91	118.07	117.76	117.86	11953	493204	1
2024.06.11	14:00:00	117.87	118.20	117.74	118.18	13987	643093	1
2024.06.11	16:00:00	118.18	118.22	118.00	118.00	21385	1338249	1
2024.06.12	10:00:00	118.87	118.87	116.34	116.69	26619	4112958	1
2024.06.12	12:00:00	116.69	117.14	116.47	116.94	15503	2223099	1
2024.06.12	14:00:00	116.92	117.08	116.01	116.35	24863	2422640	1
2024.06.12	16:00:00	116.36	116.67	116.21	116.46	12648	4805307	1
2024.06.13	10:00:00	116.50	116.79	115.80	115.97	28843	1525926	1
2024.06.13	12:00:00	115.98	116.69	115.73	116.50	49623	1597835	1
2024.06.13	14:00:00	116.50	116.62	116.29	116.49	29515	950598	1
2024.06.13	16:00:00	116.50	116.56	116.18	116.18	10125	1978089	1
2024.06.14	10:00:00	116.12	116.28	115.37	116.28	25507	1841312	1
2024.06.14	12:00:00	116.27	116.80	116.20	116.27	17418	1619518	1
2024.06.14	14:00:00	116.27	116.36	115.77	116.18	25116	1440155	1
2024.06.14	16:00:00	116.17	116.34	116.11	116.22	13056	983322	1
2024.06.17	10:00:00	115.98	116.00	115.30	115.42	18066	1116416	1
2024.06.17	12:00:00	115.42	116.20	115.23	116.19	18395	633169	1
2024.06.17	14:00:00	116.19	116.24	115.79	115.95	11464	1114948	1
2024.06.17	16:00:00	115.95	115.98	115.69	115.74	7313	791829	1
2024.06.18	10:00:00	115.74	116.67	115.48	116.22	18758	1164881	1
2024.06.18	12:00:00	116.23	116.42	116.08	116.34	18678	716381	1
2024.06.18	14:00:00	116.34	116.58	116.14	116.17	20143	962380	1
2024.06.18	16:00:00	116.17	116.19	115.86	116.12	15531	1014616	1
2024.06.19	10:00:00	116.00	116.09	115.57	115.79	22536	1210832	1
2024.06.19	12:00:00	115.80	116.27	115.68	116.25	31882	1741996	1
2024.06.19	14:00:00	116.23	116.61	116.03	116.55	45516	2618321	1
2024.06.19	16:00:00	116.55	116.97	116.44	116.76	13944	1978854	1
2024.06.20	10:00:00	117.79	118.14	117.21	117.40	58950	3558992	1
2024.06.20	12:00:00	117.41	117.44	116.68	116.85	70277	2407254	1
2024.06.20	14:00:00	116.86	117.45	116.79	117.34	77868	3378388	1
2024.06.20	16:00:00	117.34	117.42	116.93	117.12	20104	889716	1
2024.06.21	10:00:00	116.58	117.99	116.58	117.71	83458	2829868	1
2024.06.21	12:00:00	117.72	117.91	117.49	117.80	83753	2550264	1
2024.06.21	14:00:00	117.80	118.00	117.59	117.96	23459	2392734	1
2024.06.21	16:00:00	117.97	118.12	117.94	118.02	10926	1041581	1
2024.06.24	10:00:00	118.30	119.35	118.29	119.14	14241	1311597	1
2024.06.24	12:00:00	119.13	119.21	118.91	119.07	33302	1333365	1
2024.06.24	14:00:00	119.08	119.21	118.95	119.01	17065	556287	1
2024.06.24	16:00:00	119.02	119.23	118.95	119.08	11554	1433046	1
2024.06.25	10:00:00	118.92	119.36	118.66	118.86	25006	1182333	1
2024.06.25	12:00:00	118.86	118.88	118.51	118.74	37148	904424	1
2024.06.25	14:00:00	118.74	119.04	118.60	118.89	17340	1159319	1
2024.06.25	16:00:00	118.89	118.93	118.73	118.90	15717	705705	1
2024.06.26	10:00:00	118.39	118.55	117.94	118.26	36542	1351331	1
2024.06.26	12:00:00	118.26	118.97	118.14	118.89	44288	791508	1
2024.06.26	14:00:00	118.88	119.20	118.72	118.73	41576	1092916	1
2024.06.26	16:00:00	118.73	119.30	118.68	119.14	20296	907343	1
2024.06.27	10:00:00	119.79	120.30	119.55	119.57	23585	1346500	1
2024.06.27	12:00:00	119.57	120.08	119.48	119.93	17896	839026	1
2024.06.27	14:00:00	119.93	120.74	119.73	120.70	19404	829611	1
2024.06.27	16:00:00	120.69	120.80	120.54	120.80	11925	953877	1
2024.06.28	10:00:00	120.65	120.92	119.78	120.66	35068	1820451	1
2024.06.28	12:00:00	120.66	120.79	120.23	120.41	38438	1317933	1
2024.06.28	14:00:00	120.42	120.71	120.08	120.40	43349	1500024	1
2024.06.28	16:00:00	120.39	120.48	120.15	120.38	28596	1549209	1
2024.07.01	10:00:00	120.54	121.59	120.16	121.42	39571	1033481	1
2024.07.01	12:00:00	121.42	121.73	121.24	121.46	47132	715358	1
2024.07.01	14:00:00	121.46	121.55	121.02	121.13	49280	1327705	1
2024.07.01	16:00:00	121.12	121.28	120.99	121.08	13106	1239059	1
2024.07.02	10:00:00	121.10	121.98	121.10	121.64	33157	2173015	1
2024.07.02	12:00:00	121.63	121.75	120.77	120.96	32162	2213299	1
2024.07.02	14:00:00	120.95	121.54	120.90	121.44	50884	658864	1
2024.07.02	16:00:00	121.44	121.59	121.26	121.33	18093	641005	1
2024.07.03	10:00:00	122.41	123.03	122.29	122.77	40017	2388685	1
2024.07.03	12:00:00	122.76	123.00	122.41	122.88	30467	1713251	1
2024.07.03	14:00:00	122.87	122.89	122.50	122.71	25985	1356830	1
2024.07.03	16:00:00	122.71	122.72	122.14	122.14	13996	2018833	1
2024.07.04	10:00:00	123.09	123.09	122.49	122.59	34712	3207641	1
2024.07.04	12:00:00	122.58	122.90	122.54	122.78	70075	1093403	1
2024.07.04	14:00:00	122.77	122.84	122.50	122.58	60671	1926357	1
2024.07.04	16:00:00	122.58	122.76	122.54	122.62	13616	1129256	1
2024.07.05	10:00:00	122.50	123.14	121.98	122.38	24696	2247895	1
2024.07.05	12:00:00	122.37	122.81	122.34	122.52	28655	559066	1
2024.07.05	14:00:00	122.53	122.69	122.29	122.62	11328	1760363	1
2024.07.05	16:00:00	122.61	122.80	122.50	122.70	6464	934755	1
2024.07.08	10:00:00	122.67	122.89	122.05	122.17	22930	929679	1
2024.07.08	12:00:00	122.16	122.87	122.11	122.61	15645	909988	1
2024.07.08	14:00:00	122.61	123.02	122.49	122.80	22574	862008	1
2024.07.08	16:00:00	122.80	122.94	122.67	122.94	13358	694875	1
2024.07.09	10:00:00	122.83	123.29	122.38	123.21	21946	957750	1
2024.07.09	12:00:00	123.21	123.61	122.96	123.55	13813	985916	1
2024.07.09	14:00:00	123.54	123.73	123.43	123.47	15390	700433	1
2024.07.09	16:00:00	123.47	123.60	123.38	123.54	13729	949729	1
2024.07.10	10:00:00	123.75	124.20	123.40	123.59	31240	1677183	1
2024.07.10	12:00:00	123.59	123.78	123.38	123.43	64664	1566566	1
2024.07.10	14:00:00	123.43	123.77	123.34	123.59	62895	1232218	1
2024.07.10	16:00:00	123.59	123.73	123.50	123.50	19534	1221732	1
2024.07.11	10:00:00	124.34	124.70	124.16	124.50	31799	4402545	1
2024.07.11	12:00:00	124.49	124.67	124.39	124.47	33947	954138	1
2024.07.11	14:00:00	124.47	124.67	124.38	124.62	28844	1166961	1
2024.07.11	16:00:00	124.63	124.67	124.54	124.57	15286	2094599	1
2024.07.12	10:00:00	124.62	125.15	124.40	124.96	29750	1880505	1
2024.07.12	12:00:00	124.95	125.31	124.83	125.29	23053	669527	1
2024.07.12	14:00:00	125.27	125.40	125.17	125.36	20403	703681	1
2024.07.12	16:00:00	125.35	125.40	125.20	125.20	7912	929130	1
2024.07.15	10:00:00	125.50	125.64	125.12	125.50	13274	887041	1
2024.07.15	12:00:00	125.51	125.88	125.35	125.63	22413	1013783	1
2024.07.15	14:00:00	125.63	125.87	125.52	125.85	26756	1433218	1
2024.07.15	16:00:00	125.84	125.87	125.71	125.72	12563	914693	1
2024.07.16	10:00:00	125.65	125.91	125.43	125.65	19705	877020	1
2024.07.16	12:00:00	125.67	125.76	125.13	125.33	18716	1177300	1
2024.07.16	14:00:00	125.33	125.74	125.25	125.42	25441	3575066	1
2024.07.16	16:00:00	125.43	125.54	125.37	125.37	13221	1206705	1
2024.07.17	10:00:00	125.38	125.91	125.10	125.75	41273	2204637	1
2024.07.17	12:00:00	125.74	125.99	125.56	125.83	22505	730983	1
2024.07.17	14:00:00	125.82	125.99	125.71	125.89	28304	978252	1
2024.07.17	16:00:00	125.89	125.96	125.81	125.82	13404	3618059	1
2024.07.18	10:00:00	125.50	125.62	124.70	124.77	41749	2510369	1
2024.07.18	12:00:00	124.77	124.87	124.43	124.50	24544	1887979	1
2024.07.18	14:00:00	124.50	124.51	124.06	124.18	41432	1473893	1
2024.07.18	16:00:00	124.18	124.19	123.97	124.02	17683	4530184	1
2024.07.19	10:00:00	124.12	124.86	124.12	124.38	15583	1611613	1
2024.07.19	12:00:00	124.38	124.47	124.06	124.33	17591	1035117	1
2024.07.19	14:00:00	124.33	124.45	123.86	123.90	27587	1416002	1
2024.07.19	16:00:00	123.89	124.10	123.89	124.00	15118	1013332	1
2024.07.22	10:00:00	124.11	124.50	123.87	124.48	15830	973612	1
2024.07.22	12:00:00	124.46	124.54	124.10	124.48	16745	908367	1
2024.07.22	14:00:00	124.48	124.59	124.28	124.34	21194	824087	1
2024.07.22	16:00:00	124.35	124.44	124.22	124.26	11038	887554	1
2024.07.23	10:00:00	123.74	123.85	123.41	123.53	18725	1149524	1
2024.07.23	12:00:00	123.53	123.69	123.29	123.37	16672	743049	1
2024.07.23	14:00:00	123.37	123.44	123.05	123.09	23340	1448501	1
2024.07.23	16:00:00	123.08	123.11	122.95	122.95	22077	1147722	1
2024.07.24	10:00:00	122.88	123.21	122.69	123.20	16284	598845	1
2024.07.24	12:00:00	123.18	123.28	122.93	123.05	18341	466069	1
2024.07.24	14:00:00	123.04	123.18	122.69	122.87	19863	838667	1
2024.07.24	16:00:00	122.87	123.03	122.78	122.86	12781	1145660	1
2024.07.25	10:00:00	122.62	122.71	122.09	122.46	24882	1075671	1
2024.07.25	12:00:00	122.46	122.72	122.29	122.67	11091	322830	1
2024.07.25	14:00:00	122.68	122.73	122.34	122.41	18083	1034316	1
2024.07.25	16:00:00	122.41	122.58	122.41	122.41	9422	982447	1
2024.07.26	10:00:00	122.81	123.09	122.51	123.01	31855	677597	1
2024.07.26	12:00:00	122.99	123.65	122.99	123.62	42509	7049668	1
2024.07.26	14:00:00	123.60	124.15	123.58	123.92	64733	3222716	1
2024.07.26	16:00:00	123.92	124.08	123.82	123.98	15988	971127	1
2024.07.29	10:00:00	123.92	124.08	123.07	123.15	23621	992770	1
2024.07.29	12:00:00	123.14	123.36	123.04	123.27	23547	2056070	1
2024.07.29	14:00:00	123.27	123.45	123.14	123.37	30691	671331	1
2024.07.29	16:00:00	123.37	123.51	123.32	123.46	9166	676450	1
2024.07.30	10:00:00	122.86	123.09	122.69	122.88	33424	851484	1
2024.07.30	12:00:00	122.87	122.89	122.55	122.57	14607	520412	1
2024.07.30	14:00:00	122.58	122.74	122.44	122.72	16641	668860	1
2024.07.30	16:00:00	122.73	122.88	122.70	122.71	7326	746735	1
2024.07.31	10:00:00	123.44	124.00	123.30	123.67	53936	730163	1
2024.07.31	12:00:00	123.67	124.20	123.61	124.14	19438	606270	1
2024.07.31	14:00:00	124.14	124.23	123.74	124.20	19645	938080	1
2024.07.31	16:00:00	124.18	124.26	123.77	124.04	16342	1278165	1
2024.08.01	10:00:00	124.60	125.26	124.60	124.65	13377	1290232	1
2024.08.01	12:00:00	124.65	124.68	123.90	124.01	15886	784919	1
2024.08.01	14:00:00	124.01	124.23	123.57	123.58	23576	1281525	1
2024.08.01	16:00:00	123.58	123.91	123.56	123.74	10883	1169825	1
2024.08.02	10:00:00	124.00	124.46	122.78	122.78	35297	1936651	1
2024.08.02	12:00:00	122.79	122.86	122.45	122.64	27073	934029	1
2024.08.02	14:00:00	122.64	122.79	122.40	122.43	30019	1265121	1
2024.08.02	16:00:00	122.44	122.56	122.20	122.38	16758	2373748	1
2024.08.05	10:00:00	119.88	121.04	119.53	120.85	45217	2242361	1
2024.08.05	12:00:00	120.85	121.48	120.59	121.26	33484	1487139	1
2024.08.05	14:00:00	121.25	121.80	121.24	121.42	28263	1614648	1
2024.08.05	16:00:00	121.42	121.77	121.38	121.77	16518	1058445	1
2024.08.06	10:00:00	122.18	122.31	121.77	121.86	14398	1048970	1
2024.08.06	12:00:00	121.83	122.77	121.83	122.60	19290	514666	1
2024.08.06	14:00:00	122.59	123.49	122.56	123.26	26861	1942418	1
2024.08.06	16:00:00	123.27	123.27	117.94	122.74	13553	1365331	1
2024.08.07	10:00:00	123.74	123.94	123.25	123.47	37090	844164	1
2024.08.07	12:00:00	123.48	123.72	123.31	123.35	10796	554989	1
2024.08.07	14:00:00	123.35	123.65	123.18	123.62	11067	572405	1
2024.08.07	16:00:00	123.61	124.09	123.58	124.04	8470	756253	1
2024.08.08	10:00:00	124.22	125.00	124.11	124.89	39216	1777011	1
2024.08.08	12:00:00	124.89	125.14	124.81	125.01	20711	1069887	1
2024.08.08	14:00:00	125.01	125.23	124.90	125.09	15410	917562	1
2024.08.08	16:00:00	125.09	125.30	124.97	125.30	8715	1047618	1
2024.08.09	10:00:00	125.63	126.10	125.46	126.06	23713	2319090	1
2024.08.09	12:00:00	126.06	126.54	126.05	126.48	36725	2052901	1
2024.08.09	14:00:00	126.48	127.13	126.47	126.92	43611	1684433	1
2024.08.09	16:00:00	126.92	127.13	126.84	127.13	17862	959552	1
2024.08.12	10:00:00	127.67	128.14	127.61	127.91	25252	1577916	1
2024.08.12	12:00:00	127.92	128.09	127.66	128.00	11654	555633	1
2024.08.12	14:00:00	127.99	127.99	127.52	127.76	16986	3274499	1
2024.08.12	16:00:00	127.77	127.82	127.62	127.65	11300	5405093	1
2024.08.13	10:00:00	128.19	128.65	128.14	128.52	12221	1794261	1
2024.08.13	12:00:00	128.52	128.77	128.30	128.60	16366	1636088	1
2024.08.13	14:00:00	128.61	128.84	128.51	128.76	27276	3044550	1
2024.08.13	16:00:00	128.77	128.84	128.71	128.78	7950	865302	1
2024.08.14	10:00:00	129.00	129.35	128.82	129.22	31824	1755565	1
2024.08.14	12:00:00	129.22	129.55	129.11	129.49	38644	1504541	1
2024.08.14	14:00:00	129.50	130.10	129.46	130.00	57849	2279031	1
2024.08.14	16:00:00	130.01	130.03	129.68	129.68	23862	2645252	1
2024.08.15	10:00:00	129.89	130.53	129.82	130.49	47654	2801404	1
2024.08.15	12:00:00	130.49	130.93	130.48	130.75	19147	2074335	1
2024.08.15	14:00:00	130.75	130.89	130.39	130.50	23015	3128887	1
2024.08.15	16:00:00	130.48	130.84	130.44	130.49	8689	3542582	1
2024.08.16	10:00:00	130.97	131.17	130.44	130.59	166200	2080361	1
2024.08.16	12:00:00	130.59	130.89	130.45	130.79	45291	1110062	1
2024.08.16	14:00:00	130.78	130.82	130.18	130.35	68960	2622222	1
2024.08.16	16:00:00	130.35	130.41	130.23	130.29	26805	1393516	1
2024.08.19	10:00:00	130.96	131.67	130.82	131.60	29343	1452924	1
2024.08.19	12:00:00	131.60	132.08	131.52	132.03	52066	930572	1
2024.08.19	14:00:00	132.03	132.50	132.02	132.14	37744	1332119	1
2024.08.19	16:00:00	132.14	132.38	131.98	131.98	16511	1261236	1
2024.08.20	10:00:00	132.31	132.48	131.62	131.90	17552	1216706	1
2024.08.20	12:00:00	131.91	132.56	131.84	132.32	20816	2055345	1
2024.08.20	14:00:00	132.31	132.63	132.16	132.47	21276	1182347	1
2024.08.20	16:00:00	132.46	132.58	132.36	132.44	10662	1128064	1
2024.08.21	10:00:00	132.70	133.28	132.60	132.68	23825	1501403	1
2024.08.21	12:00:00	132.68	132.84	132.48	132.56	18297	895227	1
2024.08.21	14:00:00	132.55	133.00	132.43	132.86	43198	1154247	1
2024.08.21	16:00:00	132.87	132.91	132.74	132.74	49274	1227708	1
2024.08.22	10:00:00	132.34	132.62	131.80	131.97	18590	1341277	1
2024.08.22	12:00:00	131.97	132.04	131.38	131.50	24818	1025013	1
2024.08.22	14:00:00	131.50	131.63	131.16	131.53	40858	2479821	1
2024.08.22	16:00:00	131.53	131.69	131.34	131.57	19428	2464240	1
2024.08.23	10:00:00	132.01	132.71	131.74	132.68	27416	2007273	1
2024.08.23	12:00:00	132.69	132.84	132.40	132.58	31052	2147124	1
2024.08.23	14:00:00	132.57	132.65	132.37	132.41	19448	768918	1
2024.08.23	16:00:00	132.40	132.47	131.98	131.98	7036	792155	1
2024.08.26	10:00:00	132.45	133.15	132.23	132.85	9741	780413	1
2024.08.26	12:00:00	132.85	133.19	132.53	133.02	22294	536382	1
2024.08.26	14:00:00	133.02	133.33	133.00	133.19	23824	669608	1
2024.08.26	16:00:00	133.19	133.24	133.09	133.21	5061	659082	1
2024.08.27	10:00:00	133.21	133.50	132.93	133.36	64231	791992	1
2024.08.27	12:00:00	133.36	133.50	133.06	133.12	70876	641609	1
2024.08.27	14:00:00	133.10	133.35	133.09	133.26	39021	1681330	1
2024.08.27	16:00:00	133.26	133.38	133.01	133.01	10619	764925	1
2024.08.28	10:00:00	132.36	133.14	132.09	132.98	35557	2741029	1
2024.08.28	12:00:00	133.00	133.17	132.69	133.04	41823	1418757	1
2024.08.28	14:00:00	133.05	133.52	133.00	133.48	33219	757297	1
2024.08.28	16:00:00	133.48	133.78	133.46	133.62	10139	929859	1
2024.08.29	10:00:00	133.29	133.33	132.44	132.61	22810	1057430	1
2024.08.29	12:00:00	132.61	132.64	132.15	132.27	23795	4691446	1
2024.08.29	14:00:00	132.26	132.69	132.16	132.49	20695	644923	1
2024.08.29	16:00:00	132.50	132.63	132.17	132.17	8064	1347054	1
2024.08.30	10:00:00	131.21	132.48	131.21	132.28	58592	1335169	1
2024.08.30	12:00:00	132.28	132.48	131.52	131.59	47019	814313	1
2024.08.30	14:00:00	131.59	131.85	131.56	131.70	124592	1304867	1
2024.08.30	16:00:00	131.70	132.60	131.66	132.60	24951	1059596	1
2024.09.02	10:00:00	131.97	131.97	130.91	131.17	16907	1086514	1
2024.09.02	12:00:00	131.18	131.35	131.09	131.32	15581	431514	1
2024.09.02	14:00:00	131.32	131.69	131.23	131.25	21821	586414	1
2024.09.02	16:00:00	131.23	131.44	131.10	131.10	10051	629878	1
2024.09.03	10:00:00	131.28	131.41	130.64	130.93	24058	1016094	1
2024.09.03	12:00:00	130.95	131.11	130.71	130.82	10404	384804	1
2024.09.03	14:00:00	130.81	131.22	130.76	130.84	15400	625219	1
2024.09.03	16:00:00	130.85	130.90	130.52	130.63	8901	993658	1
2024.09.04	10:00:00	131.24	133.20	131.24	133.17	110416	974273	1
2024.09.04	12:00:00	133.15	133.16	132.66	132.72	37780	601467	1
2024.09.04	14:00:00	132.71	132.73	132.41	132.52	21996	681532	1
2024.09.04	16:00:00	132.52	133.00	132.38	132.38	10611	1410405	1
2024.09.05	10:00:00	132.25	132.85	132.11	132.46	18846	1196961	1
2024.09.05	12:00:00	132.46	132.87	132.35	132.86	19965	898607	1
2024.09.05	14:00:00	132.84	133.00	132.54	132.71	23434	839954	1
2024.09.05	16:00:00	132.70	132.95	132.63	132.89	10376	783570	1
2024.09.06	10:00:00	132.66	132.96	131.46	131.54	26517	818038	1
2024.09.06	12:00:00	131.55	131.97	131.06	131.19	38720	1090029	1
2024.09.06	14:00:00	131.20	131.36	130.85	131.11	23901	1509040	1
2024.09.06	16:00:00	131.11	131.15	130.94	130.96	11507	1168099	1
2024.09.09	10:00:00	131.00	131.61	130.97	131.42	14231	1425401	1
2024.09.09	12:00:00	131.39	131.48	131.14	131.40	11088	847988	1
2024.09.09	14:00:00	131.40	131.53	131.02	131.24	13694	671322	1
2024.09.09	16:00:00	131.25	131.31	131.04	131.04	7230	1103211	1
2024.09.10	10:00:00	130.61	130.90	130.16	130.34	10910	1319084	1
2024.09.10	12:00:00	130.34	130.60	130.26	130.42	15223	460922	1
2024.09.10	14:00:00	130.42	130.70	130.17	130.70	23685	1053882	1
2024.09.10	16:00:00	130.68	130.89	130.58	130.63	12256	586874	1
2024.09.11	10:00:00	131.29	131.44	130.20	130.37	14576	1160555	1
2024.09.11	12:00:00	130.37	131.17	130.31	131.04	17460	1038321	1
2024.09.11	14:00:00	131.03	131.32	130.93	130.95	19684	992652	1
2024.09.11	16:00:00	130.95	131.21	130.88	131.21	11990	715135	1
2024.09.12	10:00:00	130.48	130.84	130.00	130.08	23555	1253144	1
2024.09.12	12:00:00	130.07	130.41	130.01	130.38	16833	542542	1
2024.09.12	14:00:00	130.38	130.75	130.27	130.64	19141	752585	1
2024.09.12	16:00:00	130.62	130.65	130.31	130.31	12827	1489567	1
2024.09.13	10:00:00	131.16	132.23	131.14	132.18	39341	1506416	1
2024.09.13	12:00:00	132.17	132.18	131.35	131.41	23528	972602	1
2024.09.13	14:00:00	131.41	131.50	131.04	131.26	16863	957951	1
2024.09.13	16:00:00	131.27	131.44	131.19	131.21	6401	1015492	1
2024.09.16	10:00:00	131.69	132.07	131.46	131.62	33614	1375360	1
2024.09.16	12:00:00	131.58	131.65	131.27	131.38	20962	616965	1
2024.09.16	14:00:00	131.38	131.62	131.28	131.39	16062	557088	1
2024.09.16	16:00:00	131.38	131.50	131.31	131.38	5714	805718	1
2024.09.17	10:00:00	131.10	131.29	130.55	130.78	27177	1751576	1
2024.09.17	12:00:00	130.79	131.09	130.70	130.77	28984	839751	1
2024.09.17	14:00:00	130.77	131.20	130.70	131.13	32072	1325303	1
2024.09.17	16:00:00	131.12	131.33	131.02	131.33	9394	529077	1
2024.09.18	10:00:00	130.41	131.31	130.39	130.49	41077	2288017	1
2024.09.18	12:00:00	130.49	130.64	130.24	130.63	34232	1493081	1
2024.09.18	14:00:00	130.63	131.60	130.47	130.64	28733	1694992	1
2024.09.18	16:00:00	130.63	130.72	130.05	130.05	16168	1393697	1
2024.09.19	10:00:00	131.10	131.19	129.83	130.14	29693	2661543	1
2024.09.19	12:00:00	130.14	130.37	130.01	130.28	36543	693963	1
2024.09.19	14:00:00	130.31	130.33	129.65	129.82	52809	3265402	1
2024.09.19	16:00:00	129.82	129.88	129.37	129.37	28388	2056694	1
2024.09.20	10:00:00	129.28	129.59	128.20	128.24	37124	3078804	1
2024.09.20	12:00:00	128.25	128.35	127.77	127.79	44268	1407998	1
2024.09.20	14:00:00	127.80	127.89	127.35	127.52	74891	2870899	1
2024.09.20	16:00:00	127.53	127.74	127.44	127.63	34424	3018151	1
2024.09.23	10:00:00	127.24	127.45	126.61	127.13	37819	2762857	1
2024.09.23	12:00:00	127.14	127.36	126.94	127.09	53746	1957645	1
2024.09.23	14:00:00	127.09	127.26	126.86	126.91	51043	2770955	1
2024.09.23	16:00:00	126.91	127.19	126.88	127.00	14010	1763781	1
2024.09.24	10:00:00	128.74	129.50	128.33	128.36	29216	2813489	1
2024.09.24	12:00:00	128.36	128.93	128.07	128.81	33072	805653	1
2024.09.24	14:00:00	128.80	128.88	128.54	128.87	30440	726904	1
2024.09.24	16:00:00	128.86	128.88	128.50	128.68	30612	1219107	1
2024.09.25	10:00:00	129.08	129.41	128.35	128.62	37491	1217778	1
2024.09.25	12:00:00	128.64	128.76	128.10	128.29	64377	1017566	1
2024.09.25	14:00:00	128.25	128.29	127.95	128.12	28060	912662	1
2024.09.25	16:00:00	128.12	128.23	127.92	127.92	14820	1039169	1
2024.09.26	10:00:00	129.03	129.49	128.49	128.52	16780	1477843	1
2024.09.26	12:00:00	128.53	129.38	128.52	129.19	13004	893738	1
2024.09.26	14:00:00	129.20	129.72	129.16	129.55	17232	1378580	1
2024.09.26	16:00:00	129.55	129.61	129.23	129.33	10171	1610403	1
2024.09.27	10:00:00	129.37	130.33	129.21	130.09	41531	1863868	1
2024.09.27	12:00:00	130.09	130.19	129.49	129.49	20601	1359661	1
2024.09.27	14:00:00	129.51	129.67	129.18	129.24	16357	636461	1
2024.09.27	16:00:00	129.24	129.40	129.04	129.04	8559	1482573	1
2024.09.30	10:00:00	129.84	129.84	128.86	129.29	16493	1200335	1
2024.09.30	12:00:00	129.31	129.49	128.74	128.75	28427	976244	1
2024.09.30	14:00:00	128.75	128.94	128.37	128.65	32551	766451	1
2024.09.30	16:00:00	128.65	128.71	128.43	128.43	14000	1972860	1
2024.10.01	10:00:00	128.90	129.57	128.45	129.53	24104	2941934	1
2024.10.01	12:00:00	129.53	129.85	129.21	129.79	22785	735193	1
2024.10.01	14:00:00	129.79	129.84	128.94	129.38	52922	1778323	1
2024.10.01	16:00:00	129.38	129.38	128.86	128.86	19241	1909297	1
2024.10.02	10:00:00	130.77	131.33	130.47	130.52	21548	2893018	1
2024.10.02	12:00:00	130.52	130.87	130.32	130.54	17382	933911	1
2024.10.02	14:00:00	130.56	130.64	129.76	129.88	19140	1115315	1
2024.10.02	16:00:00	129.89	130.07	129.82	129.85	15364	2019890	1
2024.10.03	10:00:00	128.72	128.73	127.63	127.69	32393	2720998	1
2024.10.03	12:00:00	127.69	128.06	127.65	127.83	23545	1273587	1
2024.10.03	14:00:00	127.85	128.39	127.72	128.16	27255	3710920	1
2024.10.03	16:00:00	128.16	128.20	128.00	128.03	7783	1659778	1
2024.10.04	10:00:00	127.89	128.42	127.60	128.09	48560	1434087	1
2024.10.04	12:00:00	128.09	128.23	127.83	128.20	41236	892395	1
2024.10.04	14:00:00	128.20	128.40	128.03	128.38	42566	1177156	1
2024.10.04	16:00:00	128.38	128.40	128.20	128.20	6441	442347	1
2024.10.07	10:00:00	129.22	129.43	128.16	128.76	29105	1864296	1
2024.10.07	12:00:00	128.78	128.83	128.32	128.56	22638	705660	1
2024.10.07	14:00:00	128.54	128.76	128.15	128.32	26769	767848	1
2024.10.07	16:00:00	128.32	128.50	128.21	128.45	11460	4817640	1
2024.10.08	10:00:00	127.29	127.81	127.11	127.74	38563	1704815	1
2024.10.08	12:00:00	127.75	128.15	127.60	127.94	13112	847415	1
2024.10.08	14:00:00	127.94	128.17	127.71	127.91	13426	1708841	1
2024.10.08	16:00:00	127.91	128.08	127.72	127.93	9329	644921	1
2024.10.09	10:00:00	127.05	127.12	126.43	126.92	65162	3076680	1
2024.10.09	12:00:00	126.92	127.04	126.21	126.34	45647	3179488	1
2024.10.09	14:00:00	126.34	126.45	126.22	126.29	54907	1814374	1
2024.10.09	16:00:00	126.30	126.57	126.27	126.35	21711	2312446	1
2024.10.10	10:00:00	126.75	126.88	126.33	126.78	24873	1201014	1
2024.10.10	12:00:00	126.78	126.92	126.60	126.63	68105	662247	1
2024.10.10	14:00:00	126.62	126.93	126.35	126.84	17078	654129	1
2024.10.10	16:00:00	126.84	126.96	126.77	126.80	7835	552058	1
2024.10.11	10:00:00	126.47	126.66	125.86	126.37	33565	1635818	1
2024.10.11	12:00:00	126.35	126.64	126.00	126.22	30366	843625	1
2024.10.11	14:00:00	126.22	126.52	126.20	126.46	30072	656910	1
2024.10.11	16:00:00	126.45	126.62	126.41	126.47	10820	498581	1
2024.10.14	10:00:00	126.50	126.99	126.20	126.92	14503	1157345	1
2024.10.14	12:00:00	126.92	127.34	126.29	127.28	20170	1177536	1
2024.10.14	14:00:00	127.32	127.70	127.14	127.60	16292	814978	1
2024.10.14	16:00:00	127.60	127.67	127.47	127.50	16100	916119	1
2024.10.15	10:00:00	127.50	127.80	126.75	127.41	22777	1332375	1
2024.10.15	12:00:00	127.41	127.54	127.01	127.32	22572	794300	1
2024.10.15	14:00:00	127.34	127.43	127.12	127.36	19031	4718999	1
2024.10.15	16:00:00	127.36	127.41	127.22	127.40	9956	1360265	1
2024.10.16	10:00:00	127.73	128.04	127.27	128.00	16833	1403274	1
2024.10.16	12:00:00	128.01	128.28	127.71	128.10	17065	1042885	1
2024.10.16	14:00:00	128.10	128.65	128.10	128.16	35306	1454653	1
2024.10.16	16:00:00	128.16	128.21	127.97	128.07	12504	1136568	1
2024.10.17	10:00:00	126.60	127.23	126.40	127.14	24446	1467746	1
2024.10.17	12:00:00	127.14	127.29	126.84	127.18	17214	714958	1
2024.10.17	14:00:00	127.18	127.40	127.09	127.25	15337	594674	1
2024.10.17	16:00:00	127.25	127.43	127.25	127.31	12812	1336731	1
2024.10.18	10:00:00	128.12	128.23	126.66	127.07	16896	1339839	1
2024.10.18	12:00:00	127.06	127.08	126.69	126.89	25444	1668422	1
2024.10.18	14:00:00	126.89	127.00	126.66	126.99	43458	3021304	1
2024.10.18	16:00:00	126.95	127.06	126.83	127.00	26196	958552	1
2024.10.21	10:00:00	127.36	127.62	126.72	126.94	26189	1007163	1
2024.10.21	12:00:00	126.97	127.19	126.66	127.14	45584	977905	1
2024.10.21	14:00:00	127.16	127.17	126.71	126.81	45182	672929	1
2024.10.21	16:00:00	126.81	126.95	126.75	126.75	17094	982780	1
2024.10.22	10:00:00	126.00	126.70	125.63	125.98	19755	1488336	1
2024.10.22	12:00:00	125.99	126.41	125.67	126.19	21960	843111	1
2024.10.22	14:00:00	126.19	126.45	125.85	126.42	33301	1190931	1
2024.10.22	16:00:00	126.42	126.65	126.39	126.50	13585	1187187	1
2024.10.23	10:00:00	125.83	125.99	125.17	125.42	16847	1484105	1
2024.10.23	12:00:00	125.42	125.77	125.27	125.59	16339	915614	1
2024.10.23	14:00:00	125.58	125.78	125.46	125.66	38541	1145791	1
2024.10.23	16:00:00	125.65	125.81	125.55	125.81	11841	704769	1
2024.10.24	10:00:00	125.58	126.04	125.40	126.00	12365	2024136	1
2024.10.24	12:00:00	126.03	126.13	125.45	125.78	9220	1308852	1
2024.10.24	14:00:00	125.77	126.59	125.76	126.18	31291	2147720	1
2024.10.24	16:00:00	126.21	126.73	126.17	126.60	10247	790222	1
2024.10.25	10:00:00	127.00	127.05	126.45	126.88	16827	1264034	1
2024.10.25	12:00:00	126.89	126.93	126.33	126.74	28040	927167	1
2024.10.25	14:00:00	126.72	126.78	126.29	126.57	27073	1176233	1
2024.10.25	16:00:00	126.57	126.59	126.35	126.35	10827	713626	1
2024.10.28	10:00:00	127.10	127.68	127.03	127.64	17729	1520274	1
2024.10.28	12:00:00	127.62	127.83	127.55	127.62	14643	547165	1
2024.10.28	14:00:00	127.61	127.93	127.52	127.73	15817	661758	1
2024.10.28	16:00:00	127.73	127.84	127.65	127.84	8245	683883	1
2024.10.29	10:00:00	128.00	128.23	127.68	127.81	17184	1122778	1
2024.10.29	12:00:00	127.81	127.99	127.48	127.51	18012	774785	1
2024.10.29	14:00:00	127.54	127.63	127.20	127.28	19896	736872	1
2024.10.29	16:00:00	127.27	127.36	127.17	127.25	6500	452235	1
2024.10.30	10:00:00	127.25	127.55	126.96	127.23	28648	1785223	1
2024.10.30	12:00:00	127.23	127.55	127.15	127.19	26629	627243	1
2024.10.30	14:00:00	127.21	127.39	127.13	127.27	27419	657725	1
2024.10.30	16:00:00	127.27	127.29	127.09	127.23	7376	576447	1
2024.10.31	10:00:00	127.00	127.22	126.51	126.72	21873	962927	1
2024.10.31	12:00:00	126.72	126.87	126.51	126.62	61053	754729	1
2024.10.31	14:00:00	126.61	126.68	126.30	126.42	73953	1185414	1
2024.10.31	16:00:00	126.43	126.48	126.15	126.26	34722	1517039	1
2024.11.01	10:00:00	126.31	126.44	125.33	125.57	20736	1251077	1
2024.11.01	12:00:00	125.58	125.58	125.30	125.33	21498	1616725	1
2024.11.01	14:00:00	125.33	125.33	124.82	124.91	34392	1618681	1
2024.11.01	16:00:00	124.93	124.93	124.58	124.60	17363	1103310	1
2024.11.04	10:00:00	125.81	126.66	125.76	126.61	23069	1849077	1
2024.11.04	12:00:00	126.61	127.18	126.58	126.75	18198	1284735	1
2024.11.04	14:00:00	126.75	126.90	126.50	126.72	14256	568729	1
2024.11.04	16:00:00	126.74	127.15	126.63	127.15	20426	1166508	1
2024.11.05	10:00:00	126.84	127.07	126.35	126.50	14481	817413	1
2024.11.05	12:00:00	126.50	126.80	126.24	126.74	23266	477132	1
2024.11.05	14:00:00	126.74	127.15	126.71	127.10	19763	661542	1
2024.11.05	16:00:00	127.10	127.34	126.96	127.15	16473	858603	1
2024.11.06	10:00:00	125.58	126.19	125.35	125.64	27879	1760299	1
2024.11.06	12:00:00	125.65	126.55	125.60	126.34	37384	1753954	1
2024.11.06	14:00:00	126.33	127.19	126.25	126.83	38666	1170460	1
2024.11.06	16:00:00	126.82	126.99	126.30	126.30	24491	1423601	1
2024.11.07	10:00:00	126.45	127.83	126.45	127.13	14259	2408310	1
2024.11.07	12:00:00	127.12	127.28	126.43	126.58	13083	929958	1
2024.11.07	14:00:00	126.58	126.70	125.89	126.20	20290	1047187	1
2024.11.07	16:00:00	126.19	126.65	125.97	126.06	22060	1349569	1
2024.11.08	10:00:00	124.81	124.88	124.14	124.31	21699	4828174	1
2024.11.08	12:00:00	124.30	124.41	123.65	123.67	38179	3924528	1
2024.11.08	14:00:00	123.68	124.21	123.58	124.20	35976	2793118	1
2024.11.08	16:00:00	124.20	124.87	124.12	124.50	21092	2297229	1
2024.11.11	10:00:00	124.05	124.33	123.88	123.99	15797	1300811	1
2024.11.11	12:00:00	123.98	124.49	123.94	124.45	17235	3185116	1
2024.11.11	14:00:00	124.44	124.69	124.28	124.42	32140	697888	1
2024.11.11	16:00:00	124.41	124.67	124.29	124.35	22983	1314096	1
2024.11.12	10:00:00	124.60	124.80	123.98	124.41	15671	1167735	1
2024.11.12	12:00:00	124.42	124.63	124.30	124.36	19322	1594685	1
2024.11.12	14:00:00	124.35	124.40	124.00	124.29	18294	607243	1
2024.11.12	16:00:00	124.29	124.35	124.10	124.20	16557	779860	1
2024.11.13	10:00:00	124.35	124.59	123.58	123.74	23389	991933	1
2024.11.13	12:00:00	123.75	123.86	123.50	123.54	20909	1245465	1
2024.11.13	14:00:00	123.55	123.93	123.52	123.60	30109	776135	1
2024.11.13	16:00:00	123.60	124.65	123.58	124.33	44748	1750442	1
2024.11.14	10:00:00	124.21	125.05	124.01	124.75	38571	971270	1
2024.11.14	12:00:00	124.75	124.91	124.51	124.71	23503	897049	1
2024.11.14	14:00:00	124.71	124.78	124.24	124.51	20238	1084864	1
2024.11.14	16:00:00	124.52	124.72	124.23	124.27	16845	1134380	1
2024.11.18	10:00:00	124.09	124.90	123.96	124.22	19356	859124	1
2024.11.18	12:00:00	124.22	124.29	123.82	123.96	28249	879543	1
2024.11.18	14:00:00	123.97	124.61	123.93	124.26	40319	1136674	1
2024.11.18	16:00:00	124.26	124.57	124.24	124.41	36860	1872306	1
2024.11.19	10:00:00	124.20	125.00	123.85	124.84	26846	1468912	1
2024.11.19	12:00:00	124.85	125.20	124.67	125.17	35366	1102814	1
2024.11.19	14:00:00	125.18	125.20	124.63	124.89	33902	1047524	1
2024.11.19	16:00:00	124.91	124.94	124.66	124.88	20536	2364404	1
2024.11.21	10:00:00	124.05	124.11	123.37	123.50	30919	1310307	1
2024.11.21	12:00:00	123.51	123.69	123.24	123.52	33664	1068179	1
2024.11.21	14:00:00	123.52	124.15	123.45	123.81	13735	1154043	1
2024.11.21	16:00:00	123.81	124.05	123.60	123.60	17319	1559228	1
2024.11.22	10:00:00	124.56	124.60	123.93	124.23	18095	2037723	1
2024.11.22	12:00:00	124.23	125.18	124.19	125.07	37796	1644782	1
2024.11.22	14:00:00	125.07	125.21	124.91	125.20	26335	878021	1
2024.11.22	16:00:00	125.20	126.02	125.06	126.02	28988	2978563	1
2024.11.25	10:00:00	125.90	126.08	125.52	125.79	19504	1871549	1
2024.11.25	12:00:00	125.79	125.87	125.50	125.62	31068	757903	1
2024.11.25	14:00:00	125.62	125.84	125.58	125.82	39373	767872	1
2024.11.25	16:00:00	125.81	126.02	125.66	125.67	10942	625764	1
2024.11.26	10:00:00	126.00	126.54	125.70	126.38	26099	844333	1
2024.11.26	12:00:00	126.38	126.73	126.29	126.54	36706	734430	1
2024.11.26	14:00:00	126.53	126.74	126.43	126.59	24739	575220	1
2024.11.26	16:00:00	126.58	126.91	126.32	126.65	27018	1308454	1
2024.11.27	10:00:00	126.70	126.84	126.14	126.48	17485	2927182	1
2024.11.27	12:00:00	126.48	126.52	123.52	124.75	39173	1967915	1
2024.11.27	14:00:00	124.77	125.08	124.42	124.62	35556	1637584	1
2024.11.27	16:00:00	124.61	124.93	124.10	124.10	28026	3168015	1
2024.11.28	10:00:00	123.93	123.97	122.73	122.94	34048	1898367	1
2024.11.28	12:00:00	122.94	123.06	122.56	122.69	37849	2238331	1
2024.11.28	14:00:00	122.73	122.98	122.68	122.75	36319	1278722	1
2024.11.28	16:00:00	122.75	122.76	121.12	121.30	49543	6160860	1
2024.11.29	10:00:00	121.50	121.90	120.66	121.51	42812	2491321	1
2024.11.29	12:00:00	121.51	122.25	121.43	121.87	22293	1080909	1
2024.11.29	14:00:00	121.87	121.96	121.43	121.54	37453	982527	1
2024.11.29	16:00:00	121.54	122.81	121.39	122.32	33015	5173802	1
2024.12.02	10:00:00	121.78	122.30	121.43	122.17	15836	1490418	1
2024.12.02	12:00:00	122.16	122.35	121.77	122.08	29165	1123739	1
2024.12.02	14:00:00	122.08	122.63	121.92	122.27	47494	823704	1
2024.12.02	16:00:00	122.27	122.37	121.88	121.88	38337	2994955	1
2024.12.03	10:00:00	122.24	123.10	122.23	122.53	27538	604516	1
2024.12.03	12:00:00	122.53	122.71	122.22	122.61	15408	1198097	1
2024.12.03	14:00:00	122.62	122.88	122.49	122.84	21003	1521813	1
2024.12.03	16:00:00	122.83	122.89	122.56	122.68	20653	1635285	1
2024.12.04	10:00:00	122.72	123.42	122.69	123.32	25208	723882	1
2024.12.04	12:00:00	123.32	123.41	122.87	123.21	15437	766592	1
2024.12.04	14:00:00	123.23	123.29	122.66	122.83	29101	1317016	1
2024.12.04	16:00:00	122.83	122.90	122.52	122.75	34033	1986747	1
2024.12.05	10:00:00	123.55	124.62	123.55	124.57	25700	4316524	1
2024.12.05	12:00:00	124.56	124.68	124.29	124.35	35099	1892140	1
2024.12.05	14:00:00	124.37	124.60	124.22	124.44	17078	1496141	1
2024.12.05	16:00:00	124.46	124.52	124.19	124.51	15016	1678067	1
2024.12.06	10:00:00	124.36	124.36	123.18	123.24	25745	1425345	1
2024.12.06	12:00:00	123.24	123.26	122.75	122.80	24956	1313783	1
2024.12.06	14:00:00	122.84	122.87	122.47	122.60	16516	805035	1
2024.12.06	16:00:00	122.62	122.89	122.46	122.46	25933	2987124	1
2024.12.09	10:00:00	123.30	124.17	123.30	123.98	15351	1233050	1
2024.12.09	12:00:00	123.97	124.18	123.62	123.85	25910	946080	1
2024.12.09	14:00:00	123.86	124.08	123.72	123.72	21079	844967	1
2024.12.09	16:00:00	123.72	123.95	123.63	123.76	18112	1580648	1
2024.12.10	10:00:00	124.54	125.15	124.35	124.82	41099	890478	1
2024.12.10	12:00:00	124.82	124.96	124.42	124.61	28922	942033	1
2024.12.10	14:00:00	124.61	124.71	124.46	124.59	24086	990570	1
2024.12.10	16:00:00	124.59	124.99	124.50	124.78	32251	854865	1
2024.12.11	10:00:00	125.09	125.49	124.33	124.39	14975	666153	1
2024.12.11	12:00:00	124.39	124.62	124.04	124.47	20249	748968	1
2024.12.11	14:00:00	124.48	124.56	124.26	124.31	20928	1065774	1
2024.12.11	16:00:00	124.31	127.36	124.30	126.61	38066	4381000	1
2024.12.12	10:00:00	125.05	125.05	123.65	123.91	13254	1292357	1
2024.12.12	12:00:00	123.92	123.93	123.35	123.42	21932	1507512	1
2024.12.12	14:00:00	123.41	123.41	122.85	122.92	17482	1052240	1
2024.12.12	16:00:00	122.92	123.32	122.60	122.72	26213	2335050	1
2024.12.12	18:00:00	122.72	122.72	122.72	122.72	1	699	1
2024.12.13	10:00:00	122.81	122.94	122.19	122.34	16971	621051	1
2024.12.13	12:00:00	122.34	122.57	122.03	122.50	42279	1596133	1
2024.12.13	14:00:00	122.50	122.58	121.88	122.19	39152	2000083	1
2024.12.13	16:00:00	122.16	122.21	121.32	121.63	14919	3616422	1
2024.12.16	10:00:00	121.70	121.84	121.07	121.45	25429	2304014	1
2024.12.16	12:00:00	121.46	121.60	121.10	121.57	28314	1138110	1
2024.12.16	14:00:00	121.56	121.64	121.26	121.40	38356	2163709	1
2024.12.16	16:00:00	121.40	121.40	120.22	120.22	37154	3588941	1
2024.12.17	10:00:00	120.78	121.35	120.48	120.72	15619	2128014	1
2024.12.17	12:00:00	120.72	122.09	120.61	121.62	26150	3194298	1
2024.12.17	14:00:00	121.62	122.20	121.14	121.53	51014	1754630	1
2024.12.17	16:00:00	121.52	121.99	121.19	121.60	127967	5203841	1
2024.12.18	10:00:00	120.95	120.95	119.77	119.80	21337	984989	1
2024.12.18	12:00:00	119.79	119.83	118.96	118.97	47051	1243270	1
2024.12.18	14:00:00	118.97	119.34	118.83	118.98	62367	2257047	1
2024.12.18	16:00:00	118.99	118.99	117.35	118.20	73721	3445361	1
2024.12.19	10:00:00	118.30	118.68	118.00	118.53	10947	2071897	1
2024.12.19	12:00:00	118.53	118.77	118.05	118.26	12792	1018452	1
2024.12.19	14:00:00	118.28	118.57	118.15	118.39	19841	1117494	1
2024.12.19	16:00:00	118.39	118.43	117.83	117.98	26166	2520368	1
2024.12.20	10:00:00	118.00	118.34	117.66	118.02	16888	969194	1
2024.12.20	12:00:00	118.01	118.35	117.91	117.99	34054	1165419	1
2024.12.20	14:00:00	117.99	119.07	117.91	118.85	39302	1894859	1
2024.12.20	16:00:00	118.85	119.09	118.54	119.05	47055	3417722	1
2024.12.23	10:00:00	118.60	118.60	117.70	117.77	19659	1517437	1
2024.12.23	12:00:00	117.76	118.02	117.53	117.99	30919	1328984	1
2024.12.23	14:00:00	117.99	118.12	117.70	118.11	53891	1300011	1
2024.12.23	16:00:00	118.10	118.15	117.70	117.70	39207	2431739	1
2024.12.26	10:00:00	117.90	118.10	117.39	118.00	24326	1064080	1
2024.12.26	12:00:00	118.00	118.57	117.87	118.16	26959	650117	1
2024.12.26	14:00:00	118.17	118.34	117.99	118.20	39056	806624	1
2024.12.26	16:00:00	118.20	118.21	117.84	117.96	41141	1134699	1
2024.12.27	10:00:00	118.30	118.47	117.62	117.90	15268	4257601	1
2024.12.27	12:00:00	117.90	117.94	117.52	117.60	14740	960943	1
2024.12.27	14:00:00	117.60	117.66	117.26	117.31	21284	1196175	1
2024.12.27	16:00:00	117.30	117.40	117.02	117.26	14085	1061136	1
2024.12.30	10:00:00	117.43	118.00	117.31	117.44	9564	1223213	1
2024.12.30	12:00:00	117.44	117.79	117.13	117.14	12013	1425654	1
2024.12.30	14:00:00	117.15	117.40	117.08	117.35	15214	2499468	1
2024.12.30	16:00:00	117.36	117.69	117.23	117.27	12005	1442477	1
2025.01.02	10:00:00	117.20	117.20	116.11	116.89	28281	2207892	1
2025.01.02	12:00:00	116.89	117.71	116.87	117.63	26641	1036474	1
2025.01.02	14:00:00	117.63	117.65	117.01	117.21	7978	2113336	1
2025.01.02	16:00:00	117.25	117.32	116.90	117.10	14759	2148913	1
2025.01.03	10:00:00	117.00	117.31	116.22	116.32	15558	965733	1
2025.01.03	12:00:00	116.33	116.37	115.80	115.80	23254	800856	1
2025.01.03	14:00:00	115.81	115.98	115.50	115.56	17589	1538577	1
2025.01.03	16:00:00	115.55	115.71	115.35	115.45	26752	1292102	1
2025.01.06	10:00:00	116.67	117.22	116.42	117.06	16177	1447388	1
2025.01.06	12:00:00	117.06	117.27	116.64	117.10	22805	1004065	1
2025.01.06	14:00:00	117.10	117.21	116.57	116.78	26325	930459	1
2025.01.06	16:00:00	116.77	117.07	116.67	117.07	53033	1266328	1
2025.01.07	10:00:00	117.75	118.30	117.70	118.14	24109	1787033	1
2025.01.07	12:00:00	118.13	118.64	117.82	118.42	32036	2093688	1
2025.01.07	14:00:00	118.42	118.50	117.99	118.06	39417	2512146	1
2025.01.07	16:00:00	118.06	118.19	117.74	118.15	28823	1087356	1
2025.01.08	10:00:00	117.73	117.74	116.67	116.78	22096	877118	1
2025.01.08	12:00:00	116.78	117.05	116.75	116.91	23229	888673	1
2025.01.08	14:00:00	116.90	116.92	116.42	116.49	28068	868179	1
2025.01.08	16:00:00	116.49	116.68	116.32	116.67	28357	1007764	1
2025.01.09	10:00:00	116.69	116.88	116.51	116.85	10855	1012852	1
2025.01.09	12:00:00	116.85	117.05	116.79	117.03	13513	1040294	1
2025.01.09	14:00:00	117.02	117.14	116.84	116.91	40434	2376721	1
2025.01.09	16:00:00	116.90	116.93	116.69	116.82	32263	2273578	1
2025.01.10	10:00:00	116.98	116.98	116.08	116.12	18000	959234	1
2025.01.10	12:00:00	116.11	116.12	115.77	115.92	23374	663405	1
2025.01.10	14:00:00	115.92	116.34	115.79	116.30	14856	568368	1
2025.01.10	16:00:00	116.29	116.31	115.79	115.96	23925	1401905	1
2025.01.13	10:00:00	116.02	116.55	115.76	116.40	24468	1152631	1
2025.01.13	12:00:00	116.40	116.75	116.20	116.20	19645	825036	1
2025.01.13	14:00:00	116.20	116.25	115.98	116.04	20613	1102952	1
2025.01.13	16:00:00	116.05	116.17	115.91	116.02	26578	951527	1
2025.01.14	10:00:00	116.02	116.51	115.26	115.75	17776	1072204	1
2025.01.14	12:00:00	115.75	116.32	115.68	116.08	19547	856617	1
2025.01.14	14:00:00	116.07	116.20	115.86	116.07	19875	1015786	1
2025.01.14	16:00:00	116.06	116.46	116.02	116.46	20835	974474	1
2025.01.15	10:00:00	117.39	118.10	117.12	117.68	166734	2737722	1
2025.01.15	12:00:00	117.68	118.00	117.45	117.98	86422	1099421	1
2025.01.15	14:00:00	117.98	118.35	117.80	118.28	69120	2422258	1
2025.01.15	16:00:00	118.27	119.92	118.25	119.57	66071	2738877	1
2025.01.16	10:00:00	119.33	119.33	118.55	118.65	19728	1034397	1
2025.01.16	12:00:00	118.64	118.71	118.11	118.21	27460	1151452	1
2025.01.16	14:00:00	118.21	118.31	117.74	117.81	61755	2313417	1
2025.01.16	16:00:00	117.82	118.44	117.76	118.33	88745	3387334	1
2025.01.17	10:00:00	118.36	119.08	118.00	119.02	23919	1316347	1
2025.01.17	12:00:00	119.03	119.58	119.02	119.48	36957	2609852	1
2025.01.17	14:00:00	119.48	119.57	119.01	119.23	38734	1973393	1
2025.01.17	16:00:00	119.23	119.60	118.90	119.25	83540	1295431	1
2025.01.20	10:00:00	118.93	119.96	118.44	119.90	16529	1204016	1
2025.01.20	12:00:00	119.90	120.05	119.66	119.84	14709	1143756	1
2025.01.20	14:00:00	119.83	119.94	119.42	119.57	18567	932100	1
2025.01.20	16:00:00	119.56	120.17	119.46	119.81	35980	1984189	1
2025.01.21	10:00:00	119.36	119.82	119.24	119.44	22581	493932	1
2025.01.21	12:00:00	119.43	120.04	119.38	119.81	40286	494069	1
2025.01.21	14:00:00	119.80	120.15	119.70	120.02	24845	1848092	1
2025.01.21	16:00:00	120.01	120.46	119.97	120.30	33043	3193298	1
2025.01.22	10:00:00	120.54	120.85	120.09	120.15	26985	1555211	1
2025.01.22	12:00:00	120.15	120.37	120.02	120.22	16367	869624	1
2025.01.22	14:00:00	120.22	120.53	120.20	120.25	34069	767184	1
2025.01.22	16:00:00	120.25	120.41	119.80	119.92	58875	1557576	1
2025.01.23	10:00:00	120.28	120.91	119.89	120.01	12434	763830	1
2025.01.23	12:00:00	120.01	120.08	119.55	119.74	24202	568287	1
2025.01.23	14:00:00	119.74	120.07	119.50	119.58	30337	1567180	1
2025.01.23	16:00:00	119.58	119.61	119.12	119.49	24439	1288622	1
2025.01.24	10:00:00	119.43	119.87	119.16	119.31	19546	1841910	1
2025.01.24	12:00:00	119.31	119.68	119.22	119.55	25299	1577713	1
2025.01.24	14:00:00	119.54	119.64	119.29	119.45	21033	691694	1
2025.01.24	16:00:00	119.46	119.58	119.27	119.45	21625	1204272	1
2025.01.27	10:00:00	119.17	120.94	119.17	120.74	31880	971080	1
2025.01.27	12:00:00	120.73	121.06	120.41	121.04	34085	1317791	1
2025.01.27	14:00:00	121.04	121.52	121.02	121.30	78008	3373355	1
2025.01.27	16:00:00	121.30	121.87	121.22	121.87	45689	1888750	1
2025.01.28	10:00:00	121.50	121.80	121.20	121.25	7604	786070	1
2025.01.28	12:00:00	121.24	121.43	120.94	121.17	15530	624267	1
2025.01.28	14:00:00	121.14	121.32	121.01	121.23	10696	323662	1
2025.01.28	16:00:00	121.24	121.32	120.87	121.03	22024	1355770	1
2025.01.29	10:00:00	121.50	121.74	120.55	120.89	12845	878863	1
2025.01.29	12:00:00	120.88	121.20	120.75	120.83	17524	1941643	1
2025.01.29	14:00:00	120.82	120.97	120.72	120.83	23937	451573	1
2025.01.29	16:00:00	120.84	120.90	120.17	120.17	18854	1395721	1
2025.01.29	18:00:00	120.17	120.17	120.17	120.17	1	1265	1
2025.01.30	10:00:00	121.15	122.64	121.15	122.31	85267	2056212	1
2025.01.30	12:00:00	122.31	123.21	122.25	123.20	81632	1612760	1
2025.01.30	14:00:00	123.20	123.93	123.15	123.76	95136	5593428	1
2025.01.30	16:00:00	123.76	124.06	123.46	123.95	65232	7406357	1
2025.01.31	10:00:00	123.96	124.40	123.66	123.98	55204	2538527	1
2025.01.31	12:00:00	123.98	124.18	123.71	124.02	32031	2013252	1
2025.01.31	14:00:00	124.02	124.10	123.37	123.43	35489	2125965	1
2025.01.31	16:00:00	123.42	123.50	122.93	123.00	31315	2739302	1
2025.02.03	10:00:00	122.89	123.04	122.48	122.76	19783	939069	1
2025.02.03	12:00:00	122.75	123.38	122.55	122.88	25858	981531	1
2025.02.03	14:00:00	122.87	123.03	122.57	122.60	18043	832086	1
2025.02.03	16:00:00	122.59	123.03	122.54	122.64	19221	1041376	1
2025.02.04	10:00:00	122.43	122.76	121.58	122.22	21398	733953	1
2025.02.04	12:00:00	122.21	122.76	122.17	122.49	16433	543701	1
2025.02.04	14:00:00	122.48	122.53	122.14	122.51	22838	539897	1
2025.02.04	16:00:00	122.50	122.51	121.91	121.91	23036	1056982	1
2025.02.05	10:00:00	122.22	122.44	121.54	122.09	24012	1093698	1
2025.02.05	12:00:00	122.09	122.77	122.07	122.43	45841	970467	1
2025.02.05	14:00:00	122.41	122.51	122.21	122.37	22317	899918	1
2025.02.05	16:00:00	122.36	122.57	122.32	122.37	28133	1723162	1
2025.02.06	10:00:00	122.25	123.15	122.16	122.61	32936	1676755	1
2025.02.06	12:00:00	122.59	122.78	122.30	122.69	26127	987233	1
2025.02.06	14:00:00	122.67	123.16	122.54	123.09	24578	1062035	1
2025.02.06	16:00:00	123.09	123.95	123.00	123.16	18048	3594566	1
2025.02.07	10:00:00	123.06	123.47	122.36	122.68	29833	1095569	1
2025.02.07	12:00:00	122.66	122.72	121.78	121.84	26140	1624593	1
2025.02.07	14:00:00	121.84	122.11	121.17	121.32	22568	978283	1
2025.02.07	16:00:00	121.32	121.64	121.25	121.48	14226	2818028	1
2025.02.10	10:00:00	123.84	123.84	122.25	122.54	17004	850582	1
2025.02.10	12:00:00	122.51	122.93	122.38	122.65	17945	671184	1
2025.02.10	14:00:00	122.65	122.73	122.43	122.49	38375	4804917	1
2025.02.10	16:00:00	122.49	122.63	122.34	122.55	31885	1213718	1
2025.02.11	10:00:00	122.69	123.79	122.57	123.28	25397	1451755	1
2025.02.11	12:00:00	123.27	123.46	122.98	123.37	26858	607697	1
2025.02.11	14:00:00	123.38	123.48	123.24	123.30	26083	1822563	1
2025.02.11	16:00:00	123.30	123.65	123.13	123.45	28218	3689127	1
2025.02.12	10:00:00	122.10	122.60	121.30	121.68	35016	1882448	1
2025.02.12	12:00:00	121.69	121.69	121.02	121.24	19506	557839	1
2025.02.12	14:00:00	121.24	121.70	121.05	121.44	26302	1085911	1
2025.02.12	16:00:00	121.42	121.64	121.16	121.25	30723	1574764	1
2025.02.13	10:00:00	121.15	121.28	120.68	121.08	18507	790363	1
2025.02.13	12:00:00	121.06	121.38	120.91	121.30	18692	570165	1
2025.02.13	14:00:00	121.30	121.54	121.19	121.39	20645	490394	1
2025.02.13	16:00:00	121.40	121.75	121.30	121.68	17782	1493059	1
2025.02.13	18:00:00	121.68	121.68	121.68	121.68	1	13200	1
2025.02.14	10:00:00	122.65	123.30	122.58	123.23	27970	3762161	1
2025.02.14	12:00:00	123.23	123.89	123.18	123.89	20803	906452	1
2025.02.14	14:00:00	123.89	124.19	123.80	124.13	31809	2596893	1
2025.02.14	16:00:00	124.13	125.33	124.11	124.87	80495	4332182	1
2025.02.17	10:00:00	125.28	126.11	125.28	125.92	19834	2120289	1
2025.02.17	12:00:00	125.95	126.37	125.85	126.30	25608	804247	1
2025.02.17	14:00:00	126.30	126.34	125.63	125.74	67733	1445147	1
2025.02.17	16:00:00	125.75	126.08	125.25	125.25	61189	1649160	1
2025.02.18	10:00:00	125.42	125.71	124.90	125.54	34576	848403	1
2025.02.18	12:00:00	125.55	126.13	125.55	125.96	63229	640237	1
2025.02.18	14:00:00	125.93	125.98	125.19	125.33	31204	724125	1
2025.02.18	16:00:00	125.33	125.41	124.90	125.30	19629	1608832	1
2025.02.19	10:00:00	124.31	124.84	124.16	124.47	22431	841672	1
2025.02.19	12:00:00	124.47	124.70	124.36	124.40	15492	829106	1
2025.02.19	14:00:00	124.40	124.42	124.02	124.09	21105	853010	1
2025.02.19	16:00:00	124.09	124.28	123.89	124.01	12864	1370779	1
2025.02.20	10:00:00	124.18	124.76	123.90	124.56	17647	2043886	1
2025.02.20	12:00:00	124.56	124.72	123.97	124.13	35047	1602409	1
2025.02.20	14:00:00	124.13	124.35	123.95	124.12	16847	799460	1
2025.02.20	16:00:00	124.09	124.56	124.07	124.47	9162	913328	1
2025.02.21	10:00:00	124.20	124.48	123.79	123.88	11260	672975	1
2025.02.21	12:00:00	123.88	124.01	123.62	123.85	14110	860095	1
2025.02.21	14:00:00	123.86	124.18	123.33	123.60	19492	1299198	1
2025.02.21	16:00:00	123.60	124.06	123.56	123.94	18004	2033048	1
2025.02.24	10:00:00	124.20	124.28	123.68	123.70	11212	834725	1
2025.02.24	12:00:00	123.70	123.73	123.20	123.24	13928	545529	1
2025.02.24	14:00:00	123.23	123.28	122.67	122.69	25331	1304670	1
2025.02.24	16:00:00	122.70	122.78	122.09	122.49	19432	2303269	1
2025.02.25	10:00:00	122.80	123.67	122.52	123.45	19875	709218	1
2025.02.25	12:00:00	123.45	123.58	122.79	122.91	13305	776331	1
2025.02.25	14:00:00	122.91	123.29	122.88	123.08	14600	804188	1
2025.02.25	16:00:00	123.09	123.28	122.83	122.83	19479	1509050	1
2025.02.26	10:00:00	123.54	123.58	122.02	122.27	76613	973743	1
2025.02.26	12:00:00	122.27	122.54	122.16	122.37	118914	756409	1
2025.02.26	14:00:00	122.37	122.45	121.86	122.19	129876	799440	1
2025.02.26	16:00:00	122.19	122.20	121.68	121.82	107438	1401025	1
2025.02.27	10:00:00	121.52	122.73	121.30	121.53	12771	1128998	1
2025.02.27	12:00:00	121.53	121.81	121.35	121.51	17065	617923	1
2025.02.27	14:00:00	121.54	122.38	121.51	122.32	22246	666263	1
2025.02.27	16:00:00	122.32	122.45	121.46	121.75	9383	1021089	1
2025.02.28	10:00:00	121.75	121.87	120.91	121.11	23126	1328524	1
2025.02.28	12:00:00	121.11	121.40	120.55	120.59	34501	1271126	1
2025.02.28	14:00:00	120.58	120.71	119.62	119.80	26534	1565454	1
2025.02.28	16:00:00	119.79	120.18	119.78	120.01	19617	1872197	1
2025.03.05	12:00:00	120.01	120.50	119.87	120.05	5130	325077	1
2025.03.05	14:00:00	120.06	120.26	119.79	120.09	24983	912360	1
2025.03.05	16:00:00	120.08	120.36	119.93	120.05	12891	1064651	1
2025.03.06	10:00:00	120.13	120.47	119.67	120.05	19022	940986	1
2025.03.06	12:00:00	120.06	121.11	120.00	120.45	14402	952425	1
2025.03.06	14:00:00	120.44	120.70	120.10	120.31	11957	1888231	1
2025.03.06	16:00:00	120.30	120.51	119.78	120.40	16297	1522440	1
2025.03.07	10:00:00	119.63	121.18	119.30	121.14	16138	1417955	1
2025.03.07	12:00:00	121.12	121.91	121.08	121.38	12130	665946	1
2025.03.07	14:00:00	121.37	122.27	121.35	122.23	17544	997028	1
2025.03.07	16:00:00	122.21	122.77	121.95	121.95	14857	1585597	1
2025.03.10	10:00:00	121.03	121.28	120.40	120.86	20518	1214538	1
2025.03.10	12:00:00	120.84	121.77	120.79	121.53	26370	947984	1
2025.03.10	14:00:00	121.53	121.60	120.89	120.90	30100	1181804	1
2025.03.10	16:00:00	120.91	121.30	120.72	121.30	7717	1160387	1
2025.03.11	10:00:00	121.30	121.41	120.08	120.19	20529	1098113	1
2025.03.11	12:00:00	120.19	120.32	119.75	119.82	17618	951059	1
2025.03.11	14:00:00	119.79	120.58	119.60	120.58	13477	734907	1
2025.03.11	16:00:00	120.55	120.74	120.44	120.55	8146	609367	1
2025.03.12	10:00:00	120.89	120.98	120.24	120.40	18129	1238573	1
2025.03.12	12:00:00	120.39	120.92	120.34	120.61	21228	779223	1
2025.03.12	14:00:00	120.60	120.79	120.02	120.35	21378	1592699	1
2025.03.12	16:00:00	120.31	120.95	120.30	120.74	10108	1097377	1
2025.03.13	10:00:00	120.74	122.33	120.51	122.23	16603	1211531	1
2025.03.13	12:00:00	122.23	122.68	122.02	122.55	16807	1033528	1
2025.03.13	14:00:00	122.55	122.68	122.37	122.56	23973	2398359	1
2025.03.13	16:00:00	122.56	122.74	122.51	122.51	6250	870213	1
2025.03.14	10:00:00	123.37	125.13	123.28	125.01	34760	1970783	1
2025.03.14	12:00:00	125.02	125.80	125.02	125.54	28756	1344273	1
2025.03.14	14:00:00	125.53	125.73	125.27	125.63	16539	2508724	1
2025.03.14	16:00:00	125.62	126.08	125.45	125.75	9373	1389672	1
2025.03.17	10:00:00	126.00	126.95	125.84	126.70	44208	1124402	1
2025.03.17	12:00:00	126.71	127.74	126.67	127.50	70047	1253644	1
2025.03.17	14:00:00	127.51	128.00	127.45	127.94	28207	840897	1
2025.03.17	16:00:00	127.96	128.20	127.70	127.76	9573	818459	1
2025.03.18	10:00:00	127.90	128.38	127.55	127.75	23575	856880	1
2025.03.18	12:00:00	127.75	128.41	127.64	127.99	45729	1333515	1
2025.03.18	14:00:00	127.99	128.70	127.95	128.48	56375	1612226	1
2025.03.18	16:00:00	128.47	128.58	128.24	128.26	12653	996048	1
2025.03.19	10:00:00	128.50	129.63	128.39	129.24	21105	1430761	1
2025.03.19	12:00:00	129.23	129.37	129.03	129.20	42560	3859707	1
2025.03.19	14:00:00	129.20	129.77	128.92	129.77	47497	1360204	1
2025.03.19	16:00:00	129.77	129.86	129.30	129.60	20772	1177278	1
2025.03.20	10:00:00	129.05	129.48	128.91	129.32	28540	1169406	1
2025.03.20	12:00:00	129.31	129.60	128.60	128.88	24980	1094171	1
2025.03.20	14:00:00	128.88	129.04	128.64	128.70	33838	1895521	1
2025.03.20	16:00:00	128.70	129.29	128.66	128.85	11812	2577377	1
2025.03.21	10:00:00	128.89	129.44	128.59	128.95	14002	904179	1
2025.03.21	12:00:00	128.94	129.05	128.60	128.97	37403	1314181	1
2025.03.21	14:00:00	128.96	129.13	128.62	128.63	37301	1829133	1
2025.03.21	16:00:00	128.63	129.09	128.58	128.98	11566	1209676	1
2025.03.24	10:00:00	128.63	129.19	128.35	128.95	17399	1002678	1
2025.03.24	12:00:00	128.96	128.98	128.50	128.65	24433	1326029	1
2025.03.24	14:00:00	128.65	128.66	127.80	127.96	24198	2021810	1
2025.03.24	16:00:00	127.96	128.40	127.88	128.19	9248	1993493	1
2025.03.25	10:00:00	128.40	129.90	128.23	129.83	39885	1239956	1
2025.03.25	12:00:00	129.84	130.23	129.25	129.51	73844	1566457	1
2025.03.25	14:00:00	129.51	129.62	128.98	129.01	62171	2678622	1
2025.03.25	16:00:00	129.00	129.08	128.77	129.04	15994	1190283	1
2025.03.26	10:00:00	129.34	129.73	128.96	129.21	19563	592212	1
2025.03.26	12:00:00	129.20	129.72	129.18	129.28	23694	892810	1
2025.03.26	14:00:00	129.28	129.44	129.03	129.21	27615	5657679	1
2025.03.26	16:00:00	129.21	129.53	129.15	129.24	14418	1383503	1
2025.03.27	10:00:00	129.40	130.01	129.26	129.66	14519	997743	1
2025.03.27	12:00:00	129.66	130.59	129.66	130.37	23883	2076163	1
2025.03.27	14:00:00	130.37	130.53	129.72	130.03	20313	1593247	1
2025.03.27	16:00:00	130.03	130.12	129.63	129.78	11448	1702118	1
2025.03.28	10:00:00	129.39	129.81	128.25	128.29	16525	1885788	1
2025.03.28	12:00:00	128.29	128.60	128.20	128.32	12801	824274	1
2025.03.28	14:00:00	128.32	129.68	128.15	129.09	25687	1691368	1
2025.03.28	16:00:00	129.08	129.16	128.69	128.69	12324	1114204	1
2025.03.31	10:00:00	127.93	128.00	127.16	127.65	19403	1174646	1
2025.03.31	12:00:00	127.65	127.65	127.11	127.29	26587	1214754	1
2025.03.31	14:00:00	127.28	127.93	127.01	127.56	33468	1046417	1
2025.03.31	16:00:00	127.56	127.67	127.30	127.30	12015	3079016	1
2025.04.01	10:00:00	127.15	128.60	126.94	128.28	29122	1481506	1
2025.04.01	12:00:00	128.28	128.83	128.26	128.51	15820	871351	1
2025.04.01	14:00:00	128.51	128.86	127.92	128.15	22754	1329962	1
2025.04.01	16:00:00	128.16	128.36	127.94	128.04	12248	992942	1
2025.04.02	10:00:00	128.00	128.38	127.24	127.80	10765	1514877	1
2025.04.02	12:00:00	127.81	128.25	127.69	128.17	17210	1137952	1
2025.04.02	14:00:00	128.17	128.18	127.77	128.00	18415	1009700	1
2025.04.02	16:00:00	128.01	128.90	128.00	128.90	12328	1043982	1
2025.04.03	10:00:00	127.25	129.44	127.18	128.54	37447	1705363	1
2025.04.03	12:00:00	128.51	128.59	127.80	128.26	34477	1201681	1
2025.04.03	14:00:00	128.26	128.47	128.00	128.29	33633	1271554	1
2025.04.03	16:00:00	128.29	128.37	127.90	128.10	14972	985372	1
2025.04.04	10:00:00	125.41	126.76	123.47	123.92	110327	6597522	1
2025.04.04	12:00:00	123.93	124.85	123.80	124.22	104105	2897169	1
2025.04.04	14:00:00	124.22	124.48	123.79	123.98	93074	4477954	1
2025.04.04	16:00:00	123.97	124.43	123.83	124.05	32245	3699139	1
2025.04.07	10:00:00	122.81	125.55	120.92	123.83	19857	1876917	1
2025.04.07	12:00:00	123.80	124.17	121.82	122.33	12898	880418	1
2025.04.07	14:00:00	122.32	123.50	122.13	122.23	21773	1323020	1
2025.04.07	16:00:00	122.26	122.99	122.21	122.73	12541	1753164	1
2025.04.08	10:00:00	123.53	124.68	122.52	122.57	28660	1143729	1
2025.04.08	12:00:00	122.56	122.80	121.49	121.81	43620	1182074	1
2025.04.08	14:00:00	121.80	122.45	121.26	121.50	53804	2404162	1
2025.04.08	16:00:00	121.49	121.51	120.49	121.04	22431	1463733	1
2025.04.09	10:00:00	120.40	121.83	120.06	120.79	20311	1879522	1
2025.04.09	12:00:00	120.80	121.59	120.51	121.39	23394	1554826	1
2025.04.09	14:00:00	121.40	125.78	120.69	123.93	89480	3881037	1
2025.04.09	16:00:00	123.93	125.20	123.64	124.55	7439	2147339	1
2025.04.10	10:00:00	124.26	124.59	123.35	123.55	15617	1056039	1
2025.04.10	12:00:00	123.55	123.78	121.93	123.02	18167	1234131	1
2025.04.10	14:00:00	123.02	123.71	122.36	123.26	18640	1207498	1
2025.04.10	16:00:00	123.25	123.61	122.51	123.41	10048	1088557	1
2025.04.11	10:00:00	123.99	124.26	123.05	123.55	16073	1056745	1
2025.04.11	12:00:00	123.54	124.68	123.25	124.57	13573	799041	1
2025.04.11	14:00:00	124.58	125.38	124.15	124.98	18113	1818710	1
2025.04.11	16:00:00	124.97	125.29	124.72	124.72	5674	1496478	1
2025.04.14	10:00:00	126.22	126.68	125.71	125.82	23182	1268091	1
2025.04.14	12:00:00	125.82	126.19	125.35	125.78	18113	799766	1
2025.04.14	14:00:00	125.76	126.86	125.75	126.73	14280	787795	1
2025.04.14	16:00:00	126.73	126.94	126.41	126.41	13003	1367294	1
2025.04.15	10:00:00	126.12	126.92	125.97	126.15	13495	1324001	1
2025.04.15	12:00:00	126.17	126.77	126.08	126.40	16582	1042920	1
2025.04.15	14:00:00	126.40	126.66	125.98	126.00	23956	1597085	1
2025.04.15	16:00:00	125.99	126.33	125.97	126.20	11145	1023575	1
2025.04.16	10:00:00	125.93	126.01	125.11	125.32	19267	1339446	1
2025.04.16	12:00:00	125.32	125.91	125.29	125.88	12774	1266110	1
2025.04.16	14:00:00	125.88	126.42	125.20	125.62	26587	3460396	1
2025.04.16	16:00:00	125.61	125.63	124.93	125.28	74676	3447932	1
2025.04.17	10:00:00	125.13	126.07	124.91	125.82	20095	3943153	1
2025.04.17	12:00:00	125.79	126.78	125.78	126.63	22322	2911256	1
2025.04.17	14:00:00	126.63	127.06	126.33	126.78	20176	2097039	1
2025.04.17	16:00:00	126.81	126.83	126.46	126.53	9999	1381194	1
2025.04.22	10:00:00	126.25	127.20	125.60	127.14	9404	1405955	1
2025.04.22	12:00:00	127.14	127.74	127.07	127.34	15578	766064	1
2025.04.22	14:00:00	127.34	127.83	127.00	127.70	24913	1153637	1
2025.04.22	16:00:00	127.69	127.82	127.33	127.33	16020	1809965	1
2025.04.23	10:00:00	128.71	130.06	128.71	129.99	55249	2210024	1
2025.04.23	12:00:00	129.99	130.16	129.12	129.46	41991	1202762	1
2025.04.23	14:00:00	129.46	129.61	129.24	129.45	34440	1983723	1
2025.04.23	16:00:00	129.44	129.58	129.08	129.08	18292	2313007	1
2025.04.24	10:00:00	129.60	130.19	128.66	130.01	35257	1486423	1
2025.04.24	12:00:00	130.00	131.40	129.98	131.23	103802	1820387	1
2025.04.24	14:00:00	131.23	131.70	131.01	131.50	29269	1703355	1
2025.04.24	16:00:00	131.51	131.55	131.21	131.38	20693	5152613	1
2025.04.25	10:00:00	131.23	131.82	131.00	131.69	25969	2156872	1
2025.04.25	12:00:00	131.69	131.74	131.27	131.34	15939	2370408	1
2025.04.25	14:00:00	131.35	131.69	130.95	131.43	34445	3759870	1
2025.04.25	16:00:00	131.43	131.61	131.35	131.49	12753	1620311	1
2025.04.28	10:00:00	131.59	132.46	131.45	132.27	27267	1796229	1
2025.04.28	12:00:00	132.23	132.34	131.62	131.72	27172	1879389	1
2025.04.28	14:00:00	131.71	131.91	131.45	131.66	21914	1983823	1
2025.04.28	16:00:00	131.67	131.83	131.59	131.65	11886	1089860	1
2025.04.29	10:00:00	131.94	132.90	131.69	132.83	33341	4389380	1
2025.04.29	12:00:00	132.84	132.92	132.49	132.54	21963	1146262	1
2025.04.29	14:00:00	132.54	132.71	132.16	132.20	20752	4170074	1
2025.04.29	16:00:00	132.20	132.22	131.86	131.86	10775	1572793	1
2025.04.30	10:00:00	131.20	131.90	130.73	130.87	23829	2364465	1
2025.04.30	12:00:00	130.86	131.56	130.83	131.51	15982	1095377	1
2025.04.30	14:00:00	131.51	132.06	131.40	131.64	19396	3414736	1
2025.04.30	16:00:00	131.64	131.90	131.54	131.63	6567	2267159	1
2025.05.02	10:00:00	131.62	132.12	131.20	131.83	16360	1362081	1
2025.05.02	12:00:00	131.85	131.90	131.17	131.44	24231	957848	1
2025.05.02	14:00:00	131.44	131.74	131.30	131.51	32431	2386453	1
2025.05.02	16:00:00	131.50	131.90	131.47	131.85	6147	1315367	1
2025.05.05	10:00:00	131.79	132.10	130.49	130.73	15338	862398	1
2025.05.05	12:00:00	130.73	130.83	130.30	130.41	9961	851072	1
2025.05.05	14:00:00	130.39	130.62	130.30	130.51	12906	1002603	1
2025.05.05	16:00:00	130.51	130.57	130.28	130.34	6911	579000	1
2025.05.06	10:00:00	130.87	131.03	130.40	130.44	12315	1526104	1
2025.05.06	12:00:00	130.44	130.73	130.26	130.37	13387	955482	1
2025.05.06	14:00:00	130.37	130.62	130.14	130.35	23553	1739467	1
2025.05.06	16:00:00	130.35	130.52	130.35	130.38	8469	437921	1
2025.05.07	10:00:00	130.94	130.99	129.72	129.92	9738	831013	1
2025.05.07	12:00:00	129.92	130.44	129.80	130.40	14377	338990	1
2025.05.07	14:00:00	130.39	130.46	129.98	130.26	13737	1196535	1
2025.05.07	16:00:00	130.26	130.42	129.93	130.21	11881	726009	1
2025.05.08	10:00:00	132.63	133.76	132.51	133.50	34455	2573026	1
2025.05.08	12:00:00	133.49	134.47	133.46	134.09	36193	1297325	1
2025.05.08	14:00:00	134.09	134.14	133.73	133.84	25582	757738	1
2025.05.08	16:00:00	133.84	133.92	133.04	133.04	12627	1118204	1
2025.05.09	10:00:00	133.55	134.03	133.23	133.57	26119	1219228	1
2025.05.09	12:00:00	133.57	133.61	133.16	133.21	30292	1892201	1
2025.05.09	14:00:00	133.21	133.45	132.95	133.28	29634	1485306	1
2025.05.09	16:00:00	133.27	133.47	133.24	133.24	12709	2608894	1
2025.05.12	10:00:00	134.28	134.35	133.34	133.61	16684	1260290	1
2025.05.12	12:00:00	133.59	133.61	133.21	133.51	20075	843881	1
2025.05.12	14:00:00	133.52	133.57	133.14	133.49	20723	1265432	1
2025.05.12	16:00:00	133.50	133.63	133.35	133.39	6037	1643241	1
2025.05.13	10:00:00	133.90	135.09	133.77	135.03	21135	1216223	1
2025.05.13	12:00:00	135.03	135.77	134.99	135.31	16785	1143118	1
2025.05.13	14:00:00	135.32	135.70	135.21	135.63	27623	4062762	1
2025.05.13	16:00:00	135.63	136.28	135.61	135.61	26124	3564201	1
2025.05.14	10:00:00	135.57	135.99	135.15	135.47	42774	2799793	1
2025.05.14	12:00:00	135.49	135.66	135.23	135.56	32205	1945722	1
2025.05.14	14:00:00	135.55	135.75	134.99	135.30	31759	3872241	1
2025.05.14	16:00:00	135.30	135.38	135.18	135.19	21682	1667927	1
2025.05.15	10:00:00	135.15	135.99	135.13	135.50	24452	1372403	1
2025.05.15	12:00:00	135.48	136.11	135.22	135.89	18213	1531435	1
2025.05.15	14:00:00	135.89	136.00	135.20	135.77	32752	1752919	1
2025.05.15	16:00:00	135.77	136.44	135.70	136.07	33811	2206252	1
2025.05.16	10:00:00	134.98	135.25	134.45	134.73	19282	4481407	1
2025.05.16	12:00:00	134.72	135.56	134.63	135.35	33102	1942790	1
2025.05.16	14:00:00	135.35	136.04	135.33	135.87	27195	3030488	1
2025.05.16	16:00:00	135.87	136.11	135.69	136.11	11607	1205865	1
2025.05.19	10:00:00	135.70	136.58	135.38	136.50	13679	2114695	1
2025.05.19	12:00:00	136.46	136.88	136.41	136.67	16628	809798	1
2025.05.19	14:00:00	136.62	136.98	136.54	136.69	23189	841231	1
2025.05.19	16:00:00	136.67	136.74	136.41	136.42	10593	674018	1
2025.05.20	10:00:00	136.54	136.54	135.75	136.10	8951	884923	1
2025.05.20	12:00:00	136.09	136.53	136.02	136.44	10257	849580	1
2025.05.20	14:00:00	136.43	136.46	136.01	136.38	13394	1101582	1
2025.05.20	16:00:00	136.38	137.05	136.33	136.84	12020	612390	1
2025.05.21	10:00:00	136.39	136.42	135.13	135.52	13427	1178647	1
2025.05.21	12:00:00	135.52	135.60	135.00	135.25	20279	670984	1
2025.05.21	14:00:00	135.26	135.31	134.34	134.47	21808	989665	1
2025.05.21	16:00:00	134.48	134.96	134.44	134.59	10631	1024883	1
2025.05.22	10:00:00	134.82	134.95	134.18	134.86	16747	1827634	1
2025.05.22	12:00:00	134.83	134.92	134.51	134.64	14023	931488	1
2025.05.22	14:00:00	134.64	135.68	133.97	133.98	30100	2285040	1
2025.05.22	16:00:00	133.98	134.56	133.84	134.05	9757	847444	1
2025.05.23	10:00:00	132.26	133.93	131.80	133.83	25627	2039930	1
2025.05.23	12:00:00	133.82	134.53	133.66	134.07	19578	1128360	1
2025.05.23	14:00:00	134.07	134.63	133.73	134.38	18180	721807	1
2025.05.23	16:00:00	134.35	134.55	134.19	134.47	10412	1172888	1
2025.05.26	10:00:00	134.56	135.72	134.52	134.86	18190	1447664	1
2025.05.26	12:00:00	134.86	135.02	134.57	134.75	11806	696050	1
2025.05.26	14:00:00	134.74	135.06	134.69	134.91	12372	754495	1
2025.05.26	16:00:00	134.91	135.04	134.87	135.01	9038	885332	1
2025.05.27	10:00:00	136.65	137.19	136.34	136.69	45022	2123637	1
2025.05.27	12:00:00	136.69	136.73	136.16	136.22	17737	933862	1
2025.05.27	14:00:00	136.21	136.70	136.15	136.38	16280	1122705	1
2025.05.27	16:00:00	136.37	136.51	136.25	136.46	13282	978105	1
2025.05.28	10:00:00	135.98	136.10	135.45	135.88	17363	1493940	1
2025.05.28	12:00:00	135.88	135.95	135.40	135.51	9335	506336	1
2025.05.28	14:00:00	135.51	135.99	135.48	135.86	17047	608834	1
2025.05.28	16:00:00	135.85	136.07	135.71	135.71	6124	1097898	1
2025.05.29	10:00:00	135.70	135.93	134.96	135.53	21370	1038570	1
2025.05.29	12:00:00	135.51	135.56	134.77	135.16	12928	715732	1
2025.05.29	14:00:00	135.16	135.90	135.07	135.55	32197	1434643	1
2025.05.29	16:00:00	135.54	135.74	135.34	135.36	25351	1306893	1
2025.05.30	10:00:00	135.23	135.43	133.71	134.01	24943	1448006	1
2025.05.30	12:00:00	134.01	134.25	133.51	133.93	21310	1245764	1
2025.05.30	14:00:00	133.94	134.50	133.89	134.19	18178	1222253	1
2025.05.30	16:00:00	134.17	134.32	133.94	133.99	11117	1121454	1
2025.06.02	10:00:00	135.03	135.60	133.83	133.93	10373	1053921	1
2025.06.02	12:00:00	133.93	134.10	133.42	133.56	11493	885265	1
2025.06.02	14:00:00	133.56	133.72	133.33	133.65	13260	521432	1
2025.06.02	16:00:00	133.65	133.69	133.43	133.60	9739	670888	1
2025.06.03	10:00:00	133.51	133.99	133.05	133.90	15539	837513	1
2025.06.03	12:00:00	133.93	134.23	133.72	134.02	16791	1139069	1
2025.06.03	14:00:00	134.03	134.57	133.86	134.32	23542	1575666	1
2025.06.03	16:00:00	134.31	134.45	134.20	134.40	13866	864708	1
2025.06.04	10:00:00	135.01	135.64	134.71	134.74	15468	1338203	1
2025.06.04	12:00:00	134.73	134.84	134.03	134.15	15126	1311194	1
2025.06.04	14:00:00	134.13	134.24	133.63	133.76	16453	856703	1
2025.06.04	16:00:00	133.77	133.92	133.71	133.81	9075	1429489	1
2025.06.05	10:00:00	134.11	134.40	133.50	133.81	22141	1392215	1
2025.06.05	12:00:00	133.82	134.19	133.79	133.99	14529	809575	1
2025.06.05	14:00:00	133.99	134.07	132.91	133.20	19649	1438260	1
2025.06.05	16:00:00	133.20	133.34	133.04	133.25	10586	1267920	1
2025.06.06	10:00:00	133.47	133.86	132.72	132.77	13404	5964911	1
2025.06.06	12:00:00	132.74	133.36	132.66	132.74	12928	670304	1
2025.06.06	14:00:00	132.76	133.13	132.62	132.64	65363	830625	1
2025.06.06	16:00:00	132.64	133.25	132.49	133.06	10482	833506	1
2025.06.09	10:00:00	132.61	132.72	131.07	131.72	31778	2712853	1
2025.06.09	12:00:00	131.72	132.63	131.69	132.40	16015	1049968	1
2025.06.09	14:00:00	132.37	132.94	132.37	132.80	24779	677944	1
2025.06.09	16:00:00	132.80	132.86	132.55	132.73	10797	827611	1
2025.06.10	10:00:00	133.68	134.32	133.00	133.80	23282	3526489	1
2025.06.10	12:00:00	133.79	134.09	133.54	133.75	23202	805472	1
2025.06.10	14:00:00	133.74	133.91	133.18	133.35	22343	929263	1
2025.06.10	16:00:00	133.33	133.52	133.28	133.35	7844	448026	1
2025.06.11	10:00:00	133.00	133.94	132.51	133.29	27082	1169079	1
2025.06.11	12:00:00	133.29	133.80	132.79	133.76	28017	1819970	1
2025.06.11	14:00:00	133.74	134.43	133.72	134.08	39895	1113698	1
2025.06.11	16:00:00	134.09	134.21	133.71	133.97	23368	882699	1
2025.06.12	10:00:00	133.14	134.42	133.03	133.94	22367	986456	1
2025.06.12	12:00:00	133.96	134.37	133.90	134.13	18322	580431	1
2025.06.12	14:00:00	134.13	134.46	133.90	134.42	25865	769780	1
2025.06.12	16:00:00	134.41	134.85	134.35	134.66	11093	663211	1
2025.06.13	10:00:00	134.00	134.58	133.40	133.94	49086	1516469	1
2025.06.13	12:00:00	133.94	134.52	133.89	134.41	24339	716360	1
2025.06.13	14:00:00	134.43	134.60	133.86	134.33	30239	3047405	1
2025.06.13	16:00:00	134.33	134.52	133.99	133.99	28013	1621665	1
2025.06.16	10:00:00	135.17	136.75	135.15	136.72	42771	3006606	1
2025.06.16	12:00:00	136.72	136.87	136.50	136.65	47203	2546375	1
2025.06.16	14:00:00	136.65	136.73	136.42	136.45	24259	1346265	1
2025.06.16	16:00:00	136.45	136.54	136.07	136.07	11937	864542	1
2025.06.17	10:00:00	136.04	136.41	135.61	135.69	28016	974216	1
2025.06.17	12:00:00	135.69	135.72	135.17	135.32	18007	1386072	1
2025.06.17	14:00:00	135.32	135.59	135.27	135.55	25424	2507844	1
2025.06.17	16:00:00	135.55	135.80	135.30	135.52	14359	752128	1
2025.06.18	10:00:00	135.59	135.98	135.34	135.77	12508	975842	1
2025.06.18	12:00:00	135.77	135.97	135.47	135.78	32129	2790815	1
2025.06.18	14:00:00	135.78	136.08	135.40	135.44	80683	3902394	1
2025.06.18	16:00:00	135.44	135.69	135.30	135.42	14912	1219657	1
2025.06.20	10:00:00	134.61	135.00	133.85	133.91	26839	2071964	1
2025.06.20	12:00:00	133.92	134.66	133.74	134.21	21716	1220976	1
2025.06.20	14:00:00	134.21	134.34	133.83	133.99	15241	1646413	1
2025.06.20	16:00:00	133.98	134.09	133.90	133.90	8506	946460	1
2025.06.23	10:00:00	134.03	134.11	133.23	133.50	17660	1360211	1
2025.06.23	12:00:00	133.47	133.63	132.81	133.02	37050	1548030	1
2025.06.23	14:00:00	133.02	133.42	132.80	133.24	39107	1925786	1
2025.06.23	16:00:00	133.23	133.47	133.15	133.47	16715	2706813	1
2025.06.24	10:00:00	133.54	134.72	133.14	134.69	31547	1216955	1
2025.06.24	12:00:00	134.71	135.06	134.68	134.72	65571	866235	1
2025.06.24	14:00:00	134.73	134.91	134.00	134.15	76646	4483624	1
2025.06.24	16:00:00	134.15	134.37	134.07	134.07	12396	590841	1
2025.06.25	10:00:00	133.24	133.53	132.81	133.06	12655	2061334	1
2025.06.25	12:00:00	133.06	133.22	132.52	133.07	19202	2868096	1
2025.06.25	14:00:00	133.07	133.11	132.57	132.76	14945	826123	1
2025.06.25	16:00:00	132.77	132.93	132.55	132.55	7618	897802	1
2025.06.26	10:00:00	133.37	134.12	132.94	133.91	16989	1832242	1
2025.06.26	12:00:00	133.89	134.29	133.80	134.08	27026	4022975	1
2025.06.26	14:00:00	134.08	134.20	133.86	133.99	16016	757007	1
2025.06.26	16:00:00	134.00	134.01	133.80	133.96	16840	1122547	1
2025.06.27	10:00:00	133.43	134.03	133.37	133.70	11127	1326225	1
2025.06.27	12:00:00	133.70	134.19	133.53	133.93	19811	557820	1
2025.06.27	14:00:00	133.91	134.05	133.55	133.58	30357	704378	1
2025.06.27	16:00:00	133.59	133.86	133.48	133.79	23923	1143146	1
2025.06.30	10:00:00	133.56	135.00	133.41	134.94	12696	795069	1
2025.06.30	12:00:00	134.94	135.20	134.78	135.19	40088	750496	1
2025.06.30	14:00:00	135.19	135.89	135.10	135.78	98735	1912280	1
2025.06.30	16:00:00	135.78	136.04	135.70	135.85	20957	1198843	1
2025.07.01	10:00:00	135.98	136.55	135.78	136.02	17110	819822	1
2025.07.01	12:00:00	136.03	136.46	135.85	136.20	10858	572341	1
2025.07.01	14:00:00	136.21	136.60	136.21	136.58	16372	994237	1
2025.07.01	16:00:00	136.56	136.67	136.45	136.52	5778	507095	1
2025.07.02	10:00:00	136.59	136.80	135.25	135.64	13994	1060314	1
2025.07.02	12:00:00	135.66	136.18	135.55	136.08	18901	285749	1
2025.07.02	14:00:00	136.07	136.40	135.80	135.98	16005	841051	1
2025.07.02	16:00:00	135.98	136.16	135.89	135.91	5727	1430034	1
2025.07.03	10:00:00	136.45	137.97	136.09	137.43	22123	1070440	1
2025.07.03	12:00:00	137.44	138.05	137.30	138.02	20935	794146	1
2025.07.03	14:00:00	138.02	138.15	137.91	138.04	21836	1153850	1
2025.07.03	16:00:00	138.03	138.08	137.91	137.92	12236	848762	1
2025.07.04	10:00:00	137.39	138.20	137.39	138.02	7817	820639	1
2025.07.04	12:00:00	138.02	138.32	137.93	138.10	9583	1240438	1
2025.07.04	14:00:00	138.10	138.45	138.06	138.35	7625	1689671	1
2025.07.04	16:00:00	138.31	138.44	138.13	138.13	4875	1778163	1
2025.07.07	10:00:00	138.05	138.09	137.06	137.21	14837	1618844	1
2025.07.07	12:00:00	137.21	137.23	136.31	136.34	25121	997273	1
2025.07.07	14:00:00	136.33	136.50	136.17	136.43	22215	619462	1
2025.07.07	16:00:00	136.40	136.48	136.24	136.45	9878	448407	1
2025.07.08	10:00:00	136.34	136.40	135.89	136.18	9840	894316	1
2025.07.08	12:00:00	136.20	136.38	135.66	136.03	14865	542121	1
2025.07.08	14:00:00	136.01	136.30	135.95	136.05	10387	403554	1
2025.07.08	16:00:00	136.06	136.15	135.72	136.15	4137	720574	1
2025.07.09	10:00:00	135.94	135.94	134.97	134.99	31175	1544881	1
2025.07.09	12:00:00	134.98	135.11	134.80	134.97	26264	1318432	1
2025.07.09	14:00:00	134.97	135.08	134.38	134.59	31642	3473996	1
2025.07.09	16:00:00	134.59	134.62	134.11	134.11	16994	2063429	1
2025.07.10	10:00:00	133.00	133.73	132.93	133.57	24829	1619862	0
2025.07.10	12:00:00	133.57	134.03	133.32	133.76	9009	475301	0
2025.07.10	14:00:00	133.76	133.92	133.45	133.75	12491	897565	0
2025.07.10	16:00:00	133.75	133.99	133.61	133.99	5200	2342301	0
2025.07.11	10:00:00	133.50	133.50	132.66	133.08	11115	1406029	0
2025.07.11	12:00:00	133.08	133.11	132.53	132.63	10892	1085878	0
2025.07.11	14:00:00	132.63	133.23	132.60	133.14	7694	1522171	0
2025.07.11	16:00:00	133.14	133.50	133.07	133.50	5123	950322	0
2025.07.11	18:00:00	133.33	133.60	132.95	133.40	59	61510	1
2025.07.14	10:00:00	132.88	132.89	131.85	132.04	34061	2293075	0
2025.07.14	12:00:00	132.02	132.44	131.99	132.41	14468	676075	0
2025.07.14	14:00:00	132.41	132.42	132.04	132.21	12009	693733	0
2025.07.14	16:00:00	132.21	132.37	132.09	132.12	5258	1176975	0
2025.07.15	10:00:00	132.78	132.97	131.56	131.83	13953	1309551	0
2025.07.15	12:00:00	131.82	132.00	131.35	131.86	6976	1058239	0
2025.07.15	14:00:00	131.85	132.64	131.82	132.26	22959	2728951	0
2025.07.15	16:00:00	132.24	132.45	132.19	132.40	4467	619696	0
2025.07.16	10:00:00	132.22	132.44	131.48	131.49	15670	1016572	1
2025.07.16	12:00:00	131.48	131.77	131.28	131.68	31721	2601551	1
2025.07.16	14:00:00	131.69	132.60	131.69	132.57	22678	1322707	1
2025.07.16	16:00:00	132.56	132.65	132.39	132.40	8011	1640056	1
2025.07.17	10:00:00	132.67	132.73	132.01	132.68	18278	1229728	1
2025.07.17	12:00:00	132.68	132.78	132.12	132.20	16107	497075	1
2025.07.17	14:00:00	132.20	132.62	132.03	132.60	19524	890200	1
2025.07.17	16:00:00	132.61	132.65	132.47	132.47	6531	779206	1
2025.07.18	10:00:00	131.28	132.19	131.28	131.67	14174	1392042	1
2025.07.18	12:00:00	131.67	131.87	130.63	130.63	14259	1000140	1
2025.07.18	14:00:00	130.64	130.73	130.30	130.38	21107	1387235	1
2025.07.18	16:00:00	130.38	130.56	130.30	130.30	9091	2818529	1
2025.07.21	10:00:00	130.65	131.69	130.65	131.61	18811	1507046	1
2025.07.21	12:00:00	131.61	131.89	131.54	131.76	35556	1070231	1
2025.07.21	14:00:00	131.78	131.85	131.07	131.24	32670	1217182	1
2025.07.21	16:00:00	131.24	131.34	131.12	131.20	14978	713295	1
2025.07.22	10:00:00	131.76	132.28	131.68	132.14	13312	1495265	1
2025.07.22	12:00:00	132.13	132.27	129.99	131.80	45501	1313500	1
2025.07.22	14:00:00	131.80	131.83	131.07	131.12	35537	1127776	1
2025.07.22	16:00:00	131.14	131.24	130.98	131.15	7227	568407	1
2025.07.23	10:00:00	130.90	132.17	130.65	131.95	10234	948362	1
2025.07.23	12:00:00	131.98	132.50	131.82	132.40	14029	646394	1
2025.07.23	14:00:00	132.41	132.76	132.34	132.66	25455	725031	1
2025.07.23	16:00:00	132.66	132.74	132.38	132.39	31515	708943	1
2025.07.24	10:00:00	131.57	131.57	130.71	131.14	15784	1524354	1
2025.07.24	12:00:00	131.14	131.28	130.72	130.87	13014	818182	1
2025.07.24	14:00:00	130.87	131.05	130.71	130.77	17586	654155	1
2025.07.24	16:00:00	130.77	130.88	130.69	130.78	12163	852673	1
2025.07.25	10:00:00	130.99	131.20	130.54	130.59	10073	815095	1
2025.07.25	12:00:00	130.59	130.94	130.33	130.85	10672	803147	1
2025.07.25	14:00:00	130.86	130.96	130.30	130.48	18711	1166952	1
2025.07.25	16:00:00	130.48	130.61	130.41	130.45	11626	834798	1
2025.07.28	10:00:00	130.50	130.72	129.45	129.74	36417	929063	1
2025.07.28	12:00:00	129.74	129.74	129.32	129.36	14222	486044	1
2025.07.28	14:00:00	129.37	129.40	128.70	128.83	16129	923256	1
2025.07.28	16:00:00	128.83	129.25	128.80	129.25	12181	1598634	1
2025.07.29	10:00:00	129.25	130.07	129.20	129.85	15170	1034373	1
2025.07.29	12:00:00	129.87	130.39	129.84	130.34	12385	737320	1
2025.07.29	14:00:00	130.33	130.43	130.01	130.08	19490	1688719	1
2025.07.29	16:00:00	130.08	130.10	129.50	129.50	5639	880374	1
2025.07.30	10:00:00	129.02	130.41	129.01	129.20	9596	1011157	1
2025.07.30	12:00:00	129.20	129.66	128.96	129.60	9681	889476	1
2025.07.30	14:00:00	129.57	132.20	129.14	130.66	37230	2450963	1
2025.07.30	16:00:00	130.67	131.32	130.48	130.93	29856	1758752	1
2025.07.31	10:00:00	129.37	130.03	129.08	129.67	32818	1679808	1
2025.07.31	12:00:00	129.66	130.53	129.66	130.28	17558	418065	1
2025.07.31	14:00:00	130.27	130.29	129.63	130.16	19980	1101891	1
2025.07.31	16:00:00	130.15	130.20	129.70	129.88	7603	817303	1
2025.08.01	10:00:00	131.61	131.87	130.24	130.40	18723	1485579	1
2025.08.01	12:00:00	130.40	130.50	129.70	129.74	12011	682810	1
2025.08.01	14:00:00	129.74	129.90	129.22	129.23	17398	517667	1
2025.08.01	16:00:00	129.22	129.60	129.20	129.57	17931	988608	1
2025.08.04	10:00:00	130.74	131.00	129.99	130.39	13668	1039125	1
2025.08.04	12:00:00	130.40	130.41	129.55	129.66	14454	813635	1
2025.08.04	14:00:00	129.65	130.03	129.54	129.85	13744	636689	1
2025.08.04	16:00:00	129.85	130.10	129.82	130.00	14785	423382	1
2025.08.05	10:00:00	129.96	131.28	129.78	130.03	19524	1420782	1
2025.08.05	12:00:00	130.02	130.70	129.96	130.33	10861	394881	1
2025.08.05	14:00:00	130.33	130.85	130.22	130.34	10588	564875	1
2025.08.05	16:00:00	130.35	130.52	130.16	130.16	8576	432948	1
2025.08.06	10:00:00	131.02	132.24	131.02	131.50	32253	2214738	1
2025.08.06	12:00:00	131.50	132.00	131.43	131.58	11523	429121	1
2025.08.06	14:00:00	131.58	132.00	131.55	131.72	20306	861431	1
2025.08.06	16:00:00	131.72	131.77	131.49	131.49	9029	1367780	1
2025.08.07	10:00:00	132.11	133.25	132.11	133.06	18983	2373445	1
2025.08.07	12:00:00	133.06	133.93	133.05	133.89	25718	2135181	1
2025.08.07	14:00:00	133.89	133.95	133.40	133.64	20834	2723544	1
2025.08.07	16:00:00	133.63	133.81	133.47	133.52	8646	1101324	1
2025.08.08	10:00:00	133.36	133.49	132.58	133.28	5610	895623	1
2025.08.08	12:00:00	133.28	133.60	133.03	133.14	10440	663064	1
2025.08.08	14:00:00	133.14	133.48	132.64	132.94	18061	1552843	1
2025.08.08	16:00:00	132.93	132.97	132.64	132.91	6337	1239686	1
2025.08.11	10:00:00	132.53	133.03	132.45	132.81	10847	786943	1
2025.08.11	12:00:00	132.84	133.29	132.60	132.69	16028	1341464	1
2025.08.11	14:00:00	132.68	132.92	132.48	132.76	6862	552622	1
2025.08.11	16:00:00	132.75	132.79	132.50	132.50	4461	535147	1
2025.08.12	10:00:00	134.16	134.89	134.16	134.77	34725	2492105	1
2025.08.12	12:00:00	134.79	135.36	134.67	135.25	36232	3458317	1
2025.08.12	14:00:00	135.24	135.26	134.91	135.01	20546	1005148	1
2025.08.12	16:00:00	135.01	135.10	134.76	135.10	16606	1286951	1
2025.08.13	10:00:00	134.32	134.65	133.89	134.22	15438	1263722	1
2025.08.13	12:00:00	134.22	134.41	133.62	133.86	17493	878030	1
2025.08.13	14:00:00	133.87	134.19	133.74	133.77	20134	1244055	1
2025.08.13	16:00:00	133.77	133.95	133.64	133.66	13763	1936855	1
2025.08.14	10:00:00	132.93	134.53	132.69	134.37	19307	1769604	1
2025.08.14	12:00:00	134.34	134.38	133.78	133.90	14564	986782	1
2025.08.14	14:00:00	133.88	133.97	133.42	133.63	19407	551948	1
2025.08.14	16:00:00	133.62	133.75	133.36	133.36	8136	936626	1
2025.08.15	10:00:00	133.22	133.57	132.82	133.32	13188	5176922	1
2025.08.15	12:00:00	133.31	133.40	132.80	132.94	25635	1497525	1
2025.08.15	14:00:00	132.94	133.06	132.69	132.93	16643	2305036	1
2025.08.15	16:00:00	132.92	133.56	132.88	133.56	7211	1236727	1
2025.08.18	10:00:00	133.79	134.73	133.62	134.69	56013	1303358	1
2025.08.18	12:00:00	134.67	134.94	134.44	134.47	22173	898536	1
2025.08.18	14:00:00	134.46	134.60	134.18	134.52	13068	803446	1
2025.08.18	16:00:00	134.51	134.56	134.33	134.33	7013	1127023	1
2025.08.19	10:00:00	132.83	132.89	131.73	131.87	18566	3918006	1
2025.08.19	12:00:00	131.86	132.14	131.53	131.97	9021	634122	1
2025.08.19	14:00:00	131.96	132.02	131.20	131.37	16575	1308151	1
2025.08.19	16:00:00	131.37	131.47	131.17	131.17	10375	1657441	1
2025.08.20	10:00:00	131.40	131.95	131.22	131.43	3892	415630	1
2025.08.20	12:00:00	131.45	132.07	131.37	131.98	3227	283590	1
2025.08.20	14:00:00	132.00	132.13	131.36	131.69	13556	787343	1
2025.08.20	16:00:00	131.69	131.80	131.54	131.80	9665	487693	1
2025.08.21	10:00:00	131.06	132.10	131.00	131.48	8196	664369	1
2025.08.21	12:00:00	131.52	131.60	131.20	131.40	8490	331416	1
2025.08.21	14:00:00	131.41	131.96	131.41	131.84	11292	495467	1
2025.08.21	16:00:00	131.84	131.88	131.63	131.63	3188	474239	1
2025.08.22	10:00:00	132.17	134.63	132.15	134.45	33072	3834886	1
2025.08.22	12:00:00	134.46	134.85	134.27	134.67	15757	905183	1
2025.08.22	14:00:00	134.69	135.27	134.53	135.00	20953	1466855	1
2025.08.22	16:00:00	135.00	135.15	134.81	135.15	13385	1020191	1
2025.08.25	10:00:00	135.74	135.93	135.26	135.74	14768	1063512	1
2025.08.25	12:00:00	135.74	136.00	135.28	135.32	13229	822904	1
2025.08.25	14:00:00	135.33	135.44	135.11	135.21	8306	859417	1
2025.08.25	16:00:00	135.21	135.43	135.11	135.11	5624	972430	1
2025.08.26	10:00:00	135.05	135.21	134.17	134.46	7784	1360292	1
2025.08.26	12:00:00	134.46	134.56	134.19	134.29	7424	722102	1
2025.08.26	14:00:00	134.30	134.64	134.29	134.56	13637	617439	1
2025.08.26	16:00:00	134.56	134.94	134.47	134.94	7029	915808	1
2025.08.27	10:00:00	134.93	135.11	134.52	134.74	14205	892181	1
2025.08.27	12:00:00	134.73	135.36	134.68	135.13	15588	888812	1
2025.08.27	14:00:00	135.13	135.92	135.10	135.80	17633	1036976	1
2025.08.27	16:00:00	135.81	136.35	135.78	136.20	9598	1570403	1
2025.08.28	10:00:00	137.09	139.20	137.09	138.80	51428	2941536	1
2025.08.28	12:00:00	138.80	138.90	138.56	138.77	13116	1442314	1
2025.08.28	14:00:00	138.77	138.89	138.45	138.48	17968	2219999	1
2025.08.28	16:00:00	138.48	138.57	138.17	138.31	11738	2102019	1
2025.08.29	10:00:00	138.00	139.02	138.00	138.98	22446	2991444	1
2025.08.29	12:00:00	138.98	139.38	138.83	138.85	15732	3000599	1
2025.08.29	14:00:00	138.87	138.94	138.61	138.82	21786	916502	1
2025.08.29	16:00:00	138.82	138.85	138.50	138.50	9481	2003135	1
2025.09.01	10:00:00	138.70	139.00	138.22	138.28	6593	1369519	1
2025.09.01	12:00:00	138.29	138.31	137.83	137.90	11079	1059806	1
2025.09.01	14:00:00	137.91	138.20	137.85	138.08	14115	669416	1
2025.09.01	16:00:00	138.08	138.29	138.00	138.29	7154	577152	1
2025.09.02	10:00:00	136.88	138.15	136.61	137.85	24360	1421658	1
2025.09.02	12:00:00	137.85	137.92	137.04	137.72	12750	1145361	1
2025.09.02	14:00:00	137.68	137.76	137.05	137.28	19261	1251942	1
2025.09.02	16:00:00	137.26	137.51	137.23	137.37	10087	1352399	1
2025.09.03	10:00:00	137.27	137.58	136.84	137.24	6136	748012	1
2025.09.03	12:00:00	137.28	137.28	136.81	136.91	4045	596361	1
2025.09.03	14:00:00	136.92	137.03	136.66	136.69	5375	816732	1
2025.09.03	16:00:00	136.70	136.89	136.65	136.87	2823	318349	1
2025.09.04	10:00:00	137.00	137.37	136.84	137.34	13721	769135	1
2025.09.04	12:00:00	137.33	137.84	137.17	137.78	33109	816156	1
2025.09.04	14:00:00	137.79	138.44	137.70	138.20	40696	1322538	1
2025.09.04	16:00:00	138.17	138.29	138.01	138.01	7861	595002	1
2025.09.05	10:00:00	139.16	140.40	138.87	139.19	32973	2991111	1
2025.09.05	12:00:00	139.15	139.78	138.92	139.49	11787	1237950	1
2025.09.05	14:00:00	139.53	139.66	139.23	139.60	9242	518963	1
2025.09.05	16:00:00	139.62	139.73	139.40	139.65	5115	2156369	1
2025.09.08	10:00:00	139.86	139.86	138.52	138.54	14598	753955	1
2025.09.08	12:00:00	138.56	138.95	138.36	138.55	3931	498817	1
2025.09.08	14:00:00	138.57	138.90	138.53	138.86	5103	557603	1
2025.09.08	16:00:00	138.86	139.01	138.80	138.80	10675	720903	1
2025.09.09	10:00:00	139.05	139.26	138.76	139.04	6831	1092013	1
2025.09.09	12:00:00	139.03	139.05	138.68	138.82	2953	235147	1
2025.09.09	14:00:00	138.79	139.00	138.73	138.80	4322	4065630	1
2025.09.09	16:00:00	138.82	138.87	138.60	138.60	2142	651505	1
2025.09.10	10:00:00	138.70	140.13	138.55	139.68	10078	1053852	1
2025.09.10	12:00:00	139.65	139.85	139.43	139.60	13225	522841	1
2025.09.10	14:00:00	139.60	139.72	139.12	139.31	9288	510038	1
2025.09.10	16:00:00	139.31	139.45	139.16	139.16	6483	562936	1
2025.09.11	10:00:00	139.61	140.91	139.42	140.74	18008	1828166	1
2025.09.11	12:00:00	140.73	140.77	140.24	140.52	13694	836814	1
2025.09.11	14:00:00	140.53	140.83	139.92	140.14	14851	1063807	1
2025.09.11	16:00:00	140.14	140.28	139.96	139.96	7830	772463	1
2025.09.12	10:00:00	139.21	140.23	139.21	139.63	12907	632679	1
2025.09.12	12:00:00	139.63	139.97	139.56	139.62	34634	230026	1
2025.09.12	14:00:00	139.61	139.63	139.22	139.33	6825	1668579	1
2025.09.12	16:00:00	139.35	139.51	139.21	139.21	6168	1691243	1
2025.09.15	10:00:00	139.70	140.70	139.60	140.54	6756	518788	1
2025.09.15	12:00:00	140.53	140.90	140.45	140.73	17407	914227	1
2025.09.15	14:00:00	140.72	141.16	140.67	140.78	22061	992619	1
2025.09.15	16:00:00	140.78	140.86	140.39	140.45	18798	930290	1
2025.09.16	10:00:00	141.04	141.63	140.78	140.99	17678	921481	1
2025.09.16	12:00:00	140.97	141.06	140.62	140.69	27099	1198462	1
2025.09.16	14:00:00	140.67	140.97	140.56	140.68	18612	2224111	1
2025.09.16	16:00:00	140.70	141.16	140.67	141.11	17680	5590847	1
2025.09.17	10:00:00	141.01	142.32	140.86	142.11	30061	2757459	1
2025.09.17	12:00:00	142.10	142.50	142.02	142.37	16935	1102970	1
2025.09.17	14:00:00	142.39	143.28	142.10	142.55	34586	2060836	1
2025.09.17	16:00:00	142.55	142.81	142.30	142.60	19058	6127748	1
2025.09.18	10:00:00	142.36	142.66	141.97	142.25	35128	2491523	1
2025.09.18	12:00:00	142.27	142.61	142.05	142.61	34235	2025336	1
2025.09.18	14:00:00	142.61	142.66	142.33	142.57	10802	520787	1
2025.09.18	16:00:00	142.54	142.57	142.21	142.53	7011	591947	1
2025.09.19	10:00:00	142.85	143.33	142.50	142.72	8830	1292579	1
2025.09.19	12:00:00	142.70	142.90	142.43	142.88	10371	562807	1
2025.09.19	14:00:00	142.89	143.09	142.80	143.03	11140	443368	1
2025.09.19	16:00:00	143.03	143.13	142.79	142.79	7047	1438448	1
2025.09.22	10:00:00	141.96	141.99	141.10	141.27	7051	1117812	1
2025.09.22	12:00:00	141.27	142.21	141.26	141.93	8396	494073	1
2025.09.22	14:00:00	141.93	142.37	141.90	142.12	15211	906617	1
2025.09.22	16:00:00	142.12	142.17	141.90	141.99	7971	622277	1
2025.09.23	10:00:00	142.36	143.52	142.09	143.42	16709	835892	1
2025.09.23	12:00:00	143.44	144.08	143.35	144.05	16122	786477	1
2025.09.23	14:00:00	144.05	144.12	143.47	143.54	15024	917951	1
2025.09.23	16:00:00	143.54	143.67	143.33	143.33	5995	517823	1
2025.09.24	10:00:00	143.50	143.78	143.20	143.26	18181	1106390	1
2025.09.24	12:00:00	143.27	143.48	143.05	143.40	8227	367358	1
2025.09.24	14:00:00	143.41	143.54	143.11	143.48	6655	342213	1
2025.09.24	16:00:00	143.49	143.54	143.33	143.42	4999	500616	1
2025.09.25	10:00:00	143.24	143.41	142.52	142.91	13389	1503272	1
2025.09.25	12:00:00	142.91	143.49	142.79	143.20	24240	818717	1
2025.09.25	14:00:00	143.20	143.33	142.20	142.44	28470	2053608	1
2025.09.25	16:00:00	142.44	142.44	142.21	142.28	12540	991088	1
2025.09.26	10:00:00	142.60	143.26	142.21	142.41	10034	887620	1
2025.09.26	12:00:00	142.41	142.45	142.11	142.33	12517	529765	1
2025.09.26	14:00:00	142.33	142.54	142.23	142.47	11407	1272230	1
2025.09.26	16:00:00	142.46	142.52	142.35	142.44	4894	255318	1
2025.09.29	10:00:00	144.21	144.64	143.43	143.48	31961	1757232	1
2025.09.29	12:00:00	143.48	143.75	143.30	143.63	18713	533227	1
2025.09.29	14:00:00	143.63	143.66	143.25	143.46	21914	792835	1
2025.09.29	16:00:00	143.49	143.54	143.33	143.45	13960	955229	1
2025.09.30	10:00:00	144.11	144.55	143.07	143.16	22899	1303174	1
2025.09.30	12:00:00	143.16	143.27	142.92	143.13	35086	587683	1
2025.09.30	14:00:00	143.13	143.25	142.84	143.17	30750	566975	1
2025.09.30	16:00:00	143.17	143.31	143.11	143.24	11782	1008436	1
2025.10.01	10:00:00	143.80	143.93	142.67	142.77	11966	1348222	1
2025.10.01	12:00:00	142.77	142.96	142.32	142.33	10606	1076001	1
2025.10.01	14:00:00	142.33	142.74	142.27	142.59	5982	538128	1
2025.10.01	16:00:00	142.60	142.77	142.50	142.52	3476	526345	1
2025.10.02	10:00:00	142.60	142.69	141.03	141.09	17913	2232613	1
2025.10.02	12:00:00	141.09	141.20	140.70	141.13	13854	1642110	1
2025.10.02	14:00:00	141.16	141.35	140.91	141.18	12623	602926	1
2025.10.02	16:00:00	141.18	141.30	140.99	140.99	7076	730810	1
2025.10.03	10:00:00	140.96	141.45	140.75	141.01	7735	963189	1
2025.10.03	12:00:00	141.01	141.59	140.87	141.18	12147	688058	1
2025.10.03	14:00:00	141.22	141.41	141.01	141.29	11484	494846	1
2025.10.03	16:00:00	141.28	141.41	141.19	141.22	6705	468779	1
2025.10.06	10:00:00	141.22	141.57	140.67	140.95	9344	1121389	1
2025.10.06	12:00:00	140.97	141.02	140.45	140.98	13360	1888744	1
2025.10.06	14:00:00	140.99	141.07	140.64	140.73	12194	673419	1
2025.10.06	16:00:00	140.75	140.85	140.59	140.67	7997	854107	1
2025.10.07	10:00:00	139.99	139.99	138.50	138.81	48954	4341893	1
2025.10.07	12:00:00	138.81	138.97	138.18	138.38	32858	2302100	1
2025.10.07	14:00:00	138.37	138.72	138.29	138.57	27096	1512824	1
2025.10.07	16:00:00	138.58	138.65	138.44	138.45	11740	1002281	1
2025.10.08	10:00:00	138.84	139.43	138.73	139.33	18250	1089363	1
2025.10.08	12:00:00	139.32	139.38	138.78	138.97	10564	711118	1
2025.10.08	14:00:00	138.97	139.18	138.84	138.99	12368	470292	1
2025.10.08	16:00:00	139.02	139.20	138.96	139.20	6459	1141515	1
2025.10.09	10:00:00	139.86	140.26	138.97	139.22	21378	1344347	1
2025.10.09	12:00:00	139.22	139.61	139.08	139.10	19542	789537	1
2025.10.09	14:00:00	139.12	139.12	138.66	138.79	20777	1061121	1
2025.10.09	16:00:00	138.78	138.94	138.71	138.75	10494	646758	1
2025.10.10	10:00:00	139.26	139.45	138.27	138.48	21855	1439341	1
2025.10.10	12:00:00	138.44	138.52	137.37	137.45	23634	2218904	1
2025.10.10	14:00:00	137.41	138.02	137.30	137.92	12387	1686559	1
2025.10.10	16:00:00	137.89	138.05	137.74	137.81	14478	1403261	1
2025.10.13	10:00:00	138.78	139.20	138.63	138.93	13978	1568484	1
2025.10.13	12:00:00	138.93	139.30	138.81	139.22	11726	642920	1
2025.10.13	14:00:00	139.25	139.25	138.84	138.90	22290	690130	1
2025.10.13	16:00:00	138.90	139.00	138.75	138.75	12397	486178	1
2025.10.14	10:00:00	138.43	139.60	138.29	139.11	22277	2049429	1
2025.10.14	12:00:00	139.12	139.54	138.96	139.35	15453	1036298	1
2025.10.14	14:00:00	139.35	139.37	138.78	138.95	20776	699355	1
2025.10.14	16:00:00	138.95	139.01	138.43	138.74	7797	943607	1
2025.10.15	10:00:00	138.41	140.00	138.31	139.86	23815	1762158	1
2025.10.15	12:00:00	139.84	139.84	139.15	139.54	15326	1246788	1
2025.10.15	14:00:00	139.52	139.94	138.95	139.78	15485	877991	1
2025.10.15	16:00:00	139.77	139.84	139.49	139.49	4877	703850	1
2025.10.16	10:00:00	138.75	139.91	138.57	139.78	24598	2834646	1
2025.10.16	12:00:00	139.81	140.18	139.14	139.81	16213	10004642	1
2025.10.16	14:00:00	139.80	139.80	139.09	139.34	14369	920948	1
2025.10.16	16:00:00	139.35	139.40	139.16	139.16	9585	869007	1
2025.10.17	10:00:00	138.89	140.23	138.31	139.99	18673	2108126	1
2025.10.17	12:00:00	139.99	140.42	139.72	140.10	13656	6824331	1
2025.10.17	14:00:00	140.07	140.38	139.87	140.27	11017	959519	1
2025.10.17	16:00:00	140.26	140.40	140.15	140.40	8009	938417	1
2025.10.20	10:00:00	140.80	141.63	140.36	141.51	33646	2504065	1
2025.10.20	12:00:00	141.50	142.15	141.48	141.84	22235	1120263	1
2025.10.20	14:00:00	141.85	141.97	141.61	141.69	12643	833866	1
2025.10.20	16:00:00	141.68	141.69	141.27	141.27	6746	692053	1
2025.10.21	10:00:00	141.20	141.80	140.81	141.49	6320	615884	1
2025.10.21	12:00:00	141.48	141.67	140.83	140.89	7315	550558	1
2025.10.21	14:00:00	140.89	141.35	140.85	141.09	9400	407188	1
2025.10.21	16:00:00	141.09	141.17	141.00	141.17	4818	417447	1
2025.10.22	10:00:00	141.64	141.76	140.96	141.63	10731	941147	1
2025.10.22	12:00:00	141.61	142.04	141.36	141.64	15442	886632	1
2025.10.22	14:00:00	141.64	141.84	141.26	141.65	20798	619853	1
2025.10.22	16:00:00	141.65	141.88	141.51	141.88	7906	719357	1
2025.10.23	10:00:00	142.94	143.22	142.43	142.52	11448	1619787	1
2025.10.23	12:00:00	142.54	142.62	142.03	142.45	8365	426037	1
2025.10.23	14:00:00	142.45	142.78	142.33	142.64	13782	957781	1
2025.10.23	16:00:00	142.64	142.83	142.58	142.68	7389	8292952	1
2025.10.24	10:00:00	143.56	144.20	143.11	143.20	19622	1500266	1
2025.10.24	12:00:00	143.18	143.57	143.09	143.20	15879	459258	1
2025.10.24	14:00:00	143.19	143.33	143.05	143.17	7103	867996	1
2025.10.24	16:00:00	143.16	143.23	143.00	143.00	12542	854330	1
2025.10.27	10:00:00	144.48	144.95	143.82	144.24	12016	1129170	1
2025.10.27	12:00:00	144.22	144.27	143.86	143.89	10576	644410	1
2025.10.27	14:00:00	143.86	143.97	143.70	143.83	16083	380846	1
2025.10.27	16:00:00	143.82	144.00	143.74	144.00	8318	605157	1
2025.10.28	10:00:00	143.78	144.47	143.43	144.32	9032	1326366	1
2025.10.28	12:00:00	144.32	144.71	144.23	144.66	12802	1395385	1
2025.10.28	14:00:00	144.65	144.75	144.44	144.53	13754	2856078	1
2025.10.28	16:00:00	144.53	144.92	144.28	144.32	10805	1543003	1
2025.10.29	10:00:00	144.93	145.69	144.93	145.58	15828	1641865	1
2025.10.29	12:00:00	145.59	145.98	145.55	145.94	19425	1475198	1
2025.10.29	14:00:00	145.93	146.01	145.30	145.60	20814	3672378	1
2025.10.29	16:00:00	145.62	145.69	145.30	145.30	9379	1179349	1
2025.10.30	10:00:00	144.54	146.08	144.40	146.04	23585	1570248	1
2025.10.30	12:00:00	146.04	146.16	145.91	146.02	11434	700725	1
2025.10.30	14:00:00	146.02	146.08	145.78	145.87	9118	854713	1
2025.10.30	16:00:00	145.86	145.89	145.70	145.70	5804	1009476	1
2025.10.31	10:00:00	146.19	146.75	145.79	146.15	19472	1030011	1
2025.10.31	12:00:00	146.13	146.24	145.83	146.08	12243	365845	1
2025.10.31	14:00:00	146.08	146.46	145.99	146.39	7313	4528233	1
2025.10.31	16:00:00	146.39	146.55	146.31	146.41	4832	1213095	1
2025.11.03	10:00:00	147.10	147.42	146.52	147.32	15189	1046125	1
2025.11.03	12:00:00	147.35	147.63	147.02	147.23	12549	1895261	1
2025.11.03	14:00:00	147.21	147.30	147.02	147.07	5397	397496	1
2025.11.03	16:00:00	147.08	147.90	147.05	147.37	7658	700958	1
2025.11.04	10:00:00	146.90	147.70	146.81	147.61	4468	832388	1
2025.11.04	12:00:00	147.60	147.76	147.34	147.42	5849	575558	1
2025.11.04	14:00:00	147.43	147.45	147.13	147.18	11634	665462	1
2025.11.04	16:00:00	147.17	147.66	147.15	147.53	7492	984247	1
2025.11.05	10:00:00	147.28	148.93	147.19	148.79	4925	1175553	1
2025.11.05	12:00:00	148.81	150.00	148.69	149.88	6937	1094297	1
2025.11.05	14:00:00	149.86	150.00	149.52	149.67	8557	523582	1
2025.11.05	16:00:00	149.70	150.50	149.64	150.38	10098	2654808	1
2025.11.06	10:00:00	150.31	151.14	150.05	150.49	23920	3139638	1
2025.11.06	12:00:00	150.49	150.73	150.30	150.39	21112	1509791	1
2025.11.06	14:00:00	150.38	150.66	150.12	150.37	14014	534119	1
2025.11.06	16:00:00	150.37	150.50	150.10	150.10	14835	1127071	1
2025.11.07	10:00:00	149.68	150.12	149.26	149.45	9132	747728	1
2025.11.07	12:00:00	149.43	150.13	149.30	149.74	11428	1003777	1
2025.11.07	14:00:00	149.74	150.47	149.64	150.40	10403	469621	1
2025.11.07	16:00:00	150.36	150.94	150.30	150.80	18434	1286133	1
2025.11.10	10:00:00	151.67	152.46	151.48	151.67	24206	1643530	1
2025.11.10	12:00:00	151.65	152.00	151.61	151.79	12298	673511	1
2025.11.10	14:00:00	151.76	152.22	151.71	152.09	12128	950681	1
2025.11.10	16:00:00	152.09	152.42	151.83	152.25	12522	1510999	1
2025.11.11	10:00:00	152.77	155.26	152.77	155.22	34022	2468852	1
2025.11.11	12:00:00	155.22	155.31	154.23	154.44	26867	1930951	1
2025.11.11	14:00:00	154.44	154.61	154.27	154.36	22376	1468383	1
2025.11.11	16:00:00	154.35	155.08	154.32	154.80	22960	2462635	1
2025.11.12	10:00:00	154.89	154.89	153.78	153.82	11975	1020983	1
2025.11.12	12:00:00	153.82	154.03	153.61	153.68	12182	1340226	1
2025.11.12	14:00:00	153.71	154.20	153.48	154.09	16733	1041298	1
2025.11.12	16:00:00	154.11	154.69	153.95	154.44	14567	943899	1
2025.11.13	10:00:00	154.15	155.15	154.10	154.38	16422	708209	1
2025.11.13	12:00:00	154.40	154.80	153.90	154.02	18584	872477	1
2025.11.13	14:00:00	154.06	154.15	153.56	153.56	17165	801197	1
2025.11.13	16:00:00	153.58	154.17	153.43	154.10	14623	1779777	1
2025.11.14	10:00:00	153.49	154.93	153.49	154.85	15106	1970158	1
2025.11.14	12:00:00	154.86	155.16	154.53	154.81	15816	1939359	1
2025.11.14	14:00:00	154.81	155.21	154.71	155.01	21320	1942718	1
2025.11.14	16:00:00	155.01	155.09	154.34	154.34	10980	2087640	1
2025.11.17	10:00:00	154.46	154.64	153.79	154.50	20862	2029016	1
2025.11.17	12:00:00	154.50	154.74	154.33	154.62	11730	1058622	1
2025.11.17	14:00:00	154.62	154.73	154.12	154.15	25409	2592685	1
2025.11.17	16:00:00	154.13	154.15	153.44	153.79	19757	2623040	1
2025.11.18	10:00:00	152.69	153.80	152.53	153.23	12072	3647520	1
2025.11.18	12:00:00	153.22	153.67	153.01	153.51	18114	1218433	1
2025.11.18	14:00:00	153.52	153.72	153.45	153.62	23670	1698621	1
2025.11.18	16:00:00	153.63	153.86	153.43	153.53	15241	964637	1
2025.11.19	10:00:00	152.99	153.17	152.56	153.12	8218	1357972	1
2025.11.19	12:00:00	153.12	153.12	152.38	152.41	21419	2111566	1
2025.11.19	14:00:00	152.42	152.67	152.34	152.46	18332	2301066	1
2025.11.19	16:00:00	152.46	152.55	152.00	152.00	10861	3116063	1
2025.11.21	10:00:00	151.94	151.94	150.83	151.00	11267	1196857	1
2025.11.21	12:00:00	151.00	151.57	150.49	151.57	3728	1309488	1
2025.11.21	14:00:00	151.57	151.83	151.25	151.60	3335	1006648	1
2025.11.21	16:00:00	151.60	151.95	151.58	151.95	5266	2301864	1
2025.11.24	10:00:00	151.63	152.77	151.40	152.21	8386	1323177	1
2025.11.24	12:00:00	152.22	152.44	152.05	152.10	8245	3115605	1
2025.11.24	14:00:00	152.10	152.37	152.05	152.18	11726	3009049	1
2025.11.24	16:00:00	152.20	152.35	151.94	152.35	9180	1379696	1
2025.11.25	10:00:00	152.35	153.23	151.62	152.00	5886	1246490	1
2025.11.25	12:00:00	152.01	152.70	151.87	152.23	9228	1030638	1
2025.11.25	14:00:00	152.26	152.67	152.22	152.67	10552	555718	1
2025.11.25	16:00:00	152.66	152.97	152.55	152.97	14318	1061794	1
2025.11.26	10:00:00	153.21	154.65	153.09	154.39	10628	1521543	1
2025.11.26	12:00:00	154.40	154.87	154.01	154.72	11845	1250461	1
2025.11.26	14:00:00	154.72	155.24	154.70	155.20	10838	825606	1
2025.11.26	16:00:00	155.20	155.74	155.20	155.74	15821	3020602	1
2025.11.27	10:00:00	155.21	155.55	155.03	155.05	4487	763444	1
2025.11.27	12:00:00	155.05	155.43	155.00	155.11	5976	304017	1
2025.11.27	14:00:00	155.10	155.35	154.96	155.00	3824	417703	1
2025.11.27	16:00:00	155.00	155.32	154.99	155.32	6523	786604	1
2025.11.28	10:00:00	155.41	156.00	155.25	155.66	4891	1010699	1
2025.11.28	12:00:00	155.72	155.95	155.34	155.95	10009	495189	1
2025.11.28	14:00:00	155.94	156.49	155.91	156.48	11748	528525	1
2025.11.28	16:00:00	156.46	156.52	155.85	155.85	9860	1853725	1
2025.12.01	10:00:00	155.71	155.99	154.78	155.83	6433	1415677	1
2025.12.01	12:00:00	155.86	155.95	155.13	155.20	4903	382319	1
2025.12.01	14:00:00	155.18	155.51	155.17	155.39	6907	434607	1
2025.12.01	16:00:00	155.39	155.54	155.17	155.50	7116	690160	1
2025.12.02	10:00:00	155.60	157.23	155.57	156.80	7181	1094195	1
2025.12.02	12:00:00	156.77	156.87	156.47	156.69	7995	1103298	1
2025.12.02	14:00:00	156.69	157.43	156.65	157.34	11418	1407805	1
2025.12.02	16:00:00	157.35	157.97	157.29	157.97	11389	2249376	1
2025.12.03	10:00:00	158.36	158.71	157.99	158.18	10829	2218597	1
2025.12.03	12:00:00	158.17	158.41	157.91	157.94	12456	771273	1
2025.12.03	14:00:00	157.97	158.44	157.87	158.42	12780	762120	1
2025.12.03	16:00:00	158.42	158.65	158.23	158.40	12458	1409928	1
2025.12.04	10:00:00	159.10	160.75	159.09	160.46	9856	2449681	1
2025.12.04	12:00:00	160.46	161.15	160.41	160.58	9081	2060836	1
2025.12.04	14:00:00	160.58	160.81	160.26	160.76	17051	1438740	1
2025.12.04	16:00:00	160.79	161.38	160.53	161.29	14828	2713387	1
2025.12.05	10:00:00	161.29	161.50	160.79	161.41	11286	745566	1
2025.12.05	12:00:00	161.41	161.74	156.98	158.27	20615	3211682	1
2025.12.05	14:00:00	158.30	159.00	154.26	154.52	27869	4353538	1
2025.12.05	16:00:00	154.47	155.39	153.73	154.18	32587	3703010	1
2025.12.08	10:00:00	155.75	155.96	154.68	154.85	25017	2996126	1
2025.12.08	12:00:00	154.85	155.33	154.30	155.16	14475	1151948	1
2025.12.08	14:00:00	155.16	156.07	155.06	155.56	15551	1516513	1
2025.12.08	16:00:00	155.57	155.60	154.45	155.25	19299	2597991	1
2025.12.09	10:00:00	153.67	153.95	152.04	153.62	10517	1885540	1
2025.12.09	12:00:00	153.57	154.99	153.41	154.20	12074	1315817	1
2025.12.09	14:00:00	154.20	154.80	154.20	154.75	16101	1053650	1
2025.12.09	16:00:00	154.75	155.67	154.54	154.55	16397	2242387	1
2025.12.10	10:00:00	155.20	155.46	154.43	155.14	13490	950650	1
2025.12.10	12:00:00	155.14	155.44	154.78	155.33	9921	857993	1
2025.12.10	14:00:00	155.33	155.35	155.02	155.22	9396	292049	1
2025.12.10	16:00:00	155.23	156.57	154.73	156.00	11278	2132920	1
2025.12.11	10:00:00	155.35	156.09	154.92	156.05	6560	745989	1
2025.12.11	12:00:00	156.03	156.74	155.91	156.54	7811	1035302	1
2025.12.11	14:00:00	156.51	156.72	156.31	156.59	4923	1120214	1
2025.12.11	16:00:00	156.55	156.69	156.06	156.19	8626	1539461	1
2025.12.12	10:00:00	156.61	158.12	156.47	157.65	8279	1250560	1
2025.12.12	12:00:00	157.64	157.64	156.19	156.75	9694	614221	1
2025.12.12	14:00:00	156.74	157.63	156.69	157.27	11007	811572	1
2025.12.12	16:00:00	157.27	157.59	157.10	157.50	8399	885639	1
2025.12.15	10:00:00	158.86	159.32	158.41	159.01	7127	1091402	1
2025.12.15	12:00:00	159.00	159.83	158.78	159.60	7931	881891	1
2025.12.15	14:00:00	159.63	159.66	158.78	159.13	14007	1162924	1
2025.12.15	16:00:00	159.13	159.67	159.00	159.37	15822	1949059	1
2025.12.16	10:00:00	157.50	157.90	156.90	157.15	12883	1191091	1
2025.12.16	12:00:00	157.15	157.22	156.33	156.78	21569	14669204	1
2025.12.16	14:00:00	156.80	157.27	156.76	156.95	5995	1059498	1
2025.12.16	16:00:00	156.97	156.98	155.16	155.16	55073	3942978	1
2025.12.17	10:00:00	154.94	154.99	153.41	154.54	67841	4509687	1
2025.12.17	12:00:00	154.53	154.54	153.44	153.99	9497	1012744	1
2025.12.17	14:00:00	154.00	154.30	153.80	154.11	7108	1161825	1
2025.12.17	16:00:00	154.11	154.54	153.91	154.35	9500	1671712	1
2025.12.18	10:00:00	154.13	154.80	154.01	154.54	3622	4215008	1
2025.12.18	12:00:00	154.54	155.44	154.49	155.15	3549	408785	1
2025.12.18	14:00:00	155.16	155.32	154.41	155.14	9619	738936	1
2025.12.18	16:00:00	155.11	155.16	154.54	154.86	9376	1175143	1
2025.12.19	10:00:00	155.05	156.40	154.93	156.34	8199	940818	1
2025.12.19	12:00:00	156.34	156.50	155.90	156.08	10509	683648	1
2025.12.19	14:00:00	156.06	156.12	155.54	155.62	12965	1650035	1
2025.12.19	16:00:00	155.62	155.69	155.15	155.30	12085	1835789	1
2025.12.22	10:00:00	155.30	155.33	154.14	154.45	5706	1033247	1
2025.12.22	12:00:00	154.45	155.28	154.40	155.15	7565	702245	1
2025.12.22	14:00:00	155.15	155.30	154.64	155.07	9700	691248	1
2025.12.22	16:00:00	155.06	155.23	154.86	155.07	14435	1344110	1
2025.12.23	10:00:00	155.82	156.85	155.82	156.80	7293	1120340	1
2025.12.23	12:00:00	156.81	157.38	156.79	157.19	10295	1128144	1
2025.12.23	14:00:00	157.19	157.37	156.90	157.17	8062	714273	1
2025.12.23	16:00:00	157.15	157.43	157.04	157.43	9346	1242520	1
2025.12.26	10:00:00	156.54	157.18	156.22	156.86	4343	590091	1
2025.12.26	12:00:00	156.85	157.50	156.81	156.94	3423	2389837	1
2025.12.26	14:00:00	156.94	157.57	156.94	157.42	5387	912385	1
2025.12.26	16:00:00	157.42	157.97	157.35	157.82	7112	1301841	1
2025.12.29	10:00:00	157.76	157.99	157.26	157.45	3584	855336	1
2025.12.29	12:00:00	157.43	157.52	156.95	157.13	3632	507363	1
2025.12.29	14:00:00	157.13	157.39	156.67	156.82	4886	555201	1
2025.12.29	16:00:00	156.82	157.41	156.71	157.41	6539	1069330	1
2025.12.30	10:00:00	158.30	159.00	157.96	158.04	5459	1037794	1
2025.12.30	12:00:00	158.01	158.76	157.96	158.55	10674	722056	1
2025.12.30	14:00:00	158.55	158.82	158.41	158.55	12837	872474	1
2025.12.30	16:00:00	158.58	158.75	158.00	158.00	8660	1522859	1
2026.01.02	10:00:00	158.83	159.11	157.64	157.96	4277	728449	1
2026.01.02	12:00:00	157.96	158.08	157.22	157.39	6068	1110172	1
2026.01.02	14:00:00	157.38	157.45	157.04	157.16	5632	488343	1
2026.01.02	16:00:00	157.16	157.53	157.13	157.36	7634	377205	1
2026.01.05	10:00:00	157.35	158.08	157.13	157.39	4029	583993	1
2026.01.05	12:00:00	157.41	158.64	157.33	158.59	8486	698116	1
2026.01.05	14:00:00	158.59	159.03	158.49	158.96	17488	1082686	1
2026.01.05	16:00:00	158.93	159.05	158.52	158.52	8044	1073137	1
2026.01.06	10:00:00	160.15	161.07	160.15	160.61	4730	891667	1
2026.01.06	12:00:00	160.57	160.91	160.36	160.60	4419	475951	1
2026.01.06	14:00:00	160.61	160.77	160.42	160.69	5559	340236	1
2026.01.06	16:00:00	160.66	160.74	160.17	160.20	25645	1718016	1
2026.01.07	10:00:00	159.96	160.24	158.88	159.11	4336	834968	1
2026.01.07	12:00:00	159.06	159.20	158.66	159.05	5077	485151	1
2026.01.07	14:00:00	159.09	159.19	158.86	159.13	8992	716084	1
2026.01.07	16:00:00	159.13	159.15	158.78	158.80	10129	1311229	1
2026.01.08	10:00:00	159.01	159.75	158.80	159.18	5288	496807	1
2026.01.08	12:00:00	159.18	159.63	159.15	159.46	7625	376444	1
2026.01.08	14:00:00	159.48	159.57	159.12	159.32	5352	704065	1
2026.01.08	16:00:00	159.31	159.65	159.27	159.60	4809	571930	1
2026.01.09	10:00:00	159.50	160.94	159.50	160.82	18817	1096828	1
2026.01.09	12:00:00	160.82	161.03	160.46	160.96	10541	505556	1
2026.01.09	14:00:00	160.96	161.10	160.62	160.77	8544	365872	1
2026.01.09	16:00:00	160.74	160.74	160.10	160.10	8129	672711	1
