<DATE>	<TIME>	<OPEN>	<HIGH>	<LOW>	<CLOSE>	<TICKVOL>	<VOL>	<SPREAD>
2021.03.08	09:00:00	7425.638	7454.746	7415.936	7443.103	198700	510983	1
2021.03.08	10:00:00	7443.103	7462.508	7406.880	7410.761	179029	494460	1
2021.03.08	11:00:00	7411.408	7426.932	7397.824	7421.757	154828	454153	1
2021.03.08	12:00:00	7421.757	7424.344	7386.828	7404.939	111026	351640	1
2021.03.08	13:00:00	7404.939	7437.928	7395.884	7426.285	98309	319208	1
2021.03.08	14:00:00	7425.638	7429.519	7406.233	7410.761	78420	240693	1
2021.03.08	15:00:00	7410.114	7491.615	7406.880	7477.385	125479	479830	1
2021.03.08	16:00:00	7476.738	7489.028	7465.095	7481.266	74038	240348	1
2021.03.08	17:00:00	7481.266	7541.421	7481.266	7532.365	99317	367315	1
2021.03.08	18:00:00	7532.365	7609.985	7531.719	7609.985	36722	133955	1
2021.03.09	09:00:00	7555.005	7601.577	7518.782	7580.878	224044	633736	1
2021.03.09	10:00:00	7580.878	7606.751	7563.413	7591.874	169622	524105	1
2021.03.09	11:00:00	7592.521	7598.342	7558.886	7584.112	156612	447326	1
2021.03.09	12:00:00	7583.465	7586.053	7503.905	7524.603	181623	546633	1
2021.03.09	13:00:00	7524.603	7547.243	7512.314	7521.369	101618	327451	1
2021.03.09	14:00:00	7522.016	7555.005	7469.623	7496.790	136035	450106	1
2021.03.09	15:00:00	7496.143	7529.131	7473.504	7501.964	106978	331721	1
2021.03.09	16:00:00	7502.611	7504.552	7481.913	7500.671	52996	171828	1
2021.03.09	17:00:00	7500.024	7521.369	7476.091	7518.135	56492	163111	1
2021.03.09	18:00:00	7518.135	7522.663	7510.373	7513.607	11372	37479	1
2021.03.10	09:00:00	7505.198	7528.484	7470.916	7483.853	230376	622782	1
2021.03.10	10:00:00	7483.853	7498.083	7421.110	7421.110	215298	599210	1
2021.03.10	11:00:00	7421.110	7441.809	7395.237	7400.412	179050	522472	1
2021.03.10	12:00:00	7400.412	7476.091	7400.412	7453.452	151838	519828	1
2021.03.10	13:00:00	7453.452	7463.154	7338.316	7347.371	151309	493649	1
2021.03.10	14:00:00	7347.371	7424.991	7324.085	7402.999	136397	463238	1
2021.03.10	15:00:00	7402.999	7427.579	7342.844	7349.312	117246	365130	1
2021.03.10	16:00:00	7349.312	7360.308	7308.561	7321.498	73690	236960	1
2021.03.10	17:00:00	7321.498	7351.252	7311.149	7344.784	52538	160970	1
2021.03.10	18:00:00	7344.784	7353.840	7335.728	7346.078	16451	50779	1
2021.03.11	09:00:00	7238.057	7278.160	7221.239	7249.053	204538	541184	1
2021.03.11	10:00:00	7248.406	7273.632	7243.231	7251.640	151761	435929	1
2021.03.11	11:00:00	7252.287	7279.454	7233.529	7238.703	137823	444646	1
2021.03.11	12:00:00	7238.703	7255.521	7197.306	7201.834	132459	432889	1
2021.03.11	13:00:00	7201.834	7212.830	7177.901	7193.425	113631	383434	1
2021.03.11	14:00:00	7194.072	7201.834	7164.318	7172.080	95296	314905	1
2021.03.11	15:00:00	7172.080	7185.016	7156.556	7175.314	91805	313904	1
2021.03.11	16:00:00	7174.667	7210.243	7165.611	7174.020	79285	290153	1
2021.03.11	17:00:00	7174.020	7181.782	7164.318	7173.373	39670	124960	1
2021.03.11	18:00:00	7172.727	7177.901	7164.965	7170.139	12315	42156	1
2021.03.12	09:00:00	7215.417	7227.060	7203.128	7208.302	136817	361366	1
2021.03.12	10:00:00	7208.302	7219.945	7182.429	7196.659	159435	467484	1
2021.03.12	11:00:00	7196.013	7213.477	7188.251	7190.191	122323	363397	1
2021.03.12	12:00:00	7189.544	7226.414	7185.016	7214.124	110695	367093	1
2021.03.12	13:00:00	7214.124	7222.533	7179.842	7192.778	84880	281447	1
2021.03.12	14:00:00	7192.778	7223.826	7192.132	7218.005	80153	255429	1
2021.03.12	15:00:00	7218.652	7220.592	7199.894	7206.362	57953	200761	1
2021.03.12	16:00:00	7206.362	7216.064	7194.719	7197.306	45972	161141	1
2021.03.12	17:00:00	7197.306	7203.775	7187.604	7192.778	27208	95029	1
2021.03.12	18:00:00	7193.425	7199.894	7181.135	7188.251	10638	42176	1
2021.03.15	09:00:00	7192.778	7241.291	7162.377	7240.644	211972	580515	1
2021.03.15	10:00:00	7240.644	7300.153	7238.703	7295.625	200593	643676	1
2021.03.15	11:00:00	7294.978	7307.915	7272.986	7289.803	133712	447398	1
2021.03.15	12:00:00	7289.803	7322.792	7283.335	7316.970	121911	400393	1
2021.03.15	13:00:00	7316.970	7320.851	7245.172	7260.696	139672	514199	1
2021.03.15	14:00:00	7260.049	7279.454	7250.993	7271.692	79427	247980	1
2021.03.15	15:00:00	7271.692	7295.625	7258.755	7290.450	74853	239703	1
2021.03.15	16:00:00	7290.450	7313.736	7286.569	7298.859	72450	232944	1
2021.03.15	17:00:00	7298.859	7314.383	7270.398	7271.692	51934	177071	1
2021.03.16	09:00:00	7284.629	7294.978	7229.648	7256.168	232274	643772	1
2021.03.16	10:00:00	7255.521	7257.462	7216.711	7234.176	192432	542447	1
2021.03.16	11:00:00	7234.176	7234.176	7195.366	7199.247	127123	390625	1
2021.03.16	12:00:00	7198.600	7244.525	7198.600	7220.592	133759	445890	1
2021.03.16	13:00:00	7220.592	7229.001	7206.362	7222.533	83456	294939	1
2021.03.16	14:00:00	7223.179	7252.934	7209.596	7250.993	80985	274148	1
2021.03.16	15:00:00	7251.640	7285.275	7239.997	7272.339	109873	373247	1
2021.03.16	16:00:00	7272.339	7275.573	7256.168	7270.398	55248	191197	1
2021.03.16	17:00:00	7269.751	7283.335	7261.343	7280.748	35622	124318	1
2021.03.17	09:00:00	7328.613	7355.780	7318.264	7327.320	204939	551933	1
2021.03.17	10:00:00	7327.320	7340.903	7302.093	7316.970	187932	504043	1
2021.03.17	11:00:00	7316.970	7325.379	7291.097	7307.915	139502	399609	1
2021.03.17	12:00:00	7307.915	7321.498	7298.859	7320.851	77128	237733	1
2021.03.17	13:00:00	7320.851	7325.379	7300.153	7313.736	66225	207015	1
2021.03.17	14:00:00	7313.736	7331.201	7301.446	7316.323	74251	229010	1
2021.03.17	15:00:00	7316.323	7316.970	7223.179	7228.354	206145	677082	1
2021.03.17	16:00:00	7229.001	7243.231	7209.596	7230.941	77858	252834	1
2021.03.17	17:00:00	7230.941	7249.700	7222.533	7226.414	37686	127641	1
2021.03.18	09:00:00	7125.508	7194.072	7089.285	7177.254	279387	811641	1
2021.03.18	10:00:00	7177.254	7223.826	7177.254	7197.306	179642	538846	1
2021.03.18	11:00:00	7196.659	7200.540	7138.444	7161.730	189345	594405	1
2021.03.18	12:00:00	7161.084	7188.251	7149.441	7167.552	96239	310869	1
2021.03.18	13:00:00	7166.905	7218.652	7160.437	7216.064	102181	346186	1
2021.03.18	14:00:00	7216.711	7218.652	7161.084	7162.377	105073	344367	1
2021.03.18	15:00:00	7161.730	7196.659	7156.556	7192.132	96547	306636	1
2021.03.18	16:00:00	7192.132	7213.477	7183.076	7204.421	71314	241584	1
2021.03.18	17:00:00	7205.068	7216.711	7192.778	7199.247	31480	95569	1
2021.03.19	09:00:00	7153.968	7183.723	7148.147	7157.203	196125	518932	1
2021.03.19	10:00:00	7157.203	7182.429	7141.032	7156.556	215721	619570	1
2021.03.19	11:00:00	7157.203	7168.199	7097.694	7117.746	189676	607129	1
2021.03.19	12:00:00	7117.746	7128.095	7065.999	7086.698	139850	524642	1
2021.03.19	13:00:00	7086.051	7087.345	7052.416	7065.352	88137	346468	1
2021.03.19	14:00:00	7065.352	7094.460	7064.705	7069.880	80663	262418	1
2021.03.19	15:00:00	7069.233	7098.341	7065.352	7087.991	73716	239130	1
2021.03.19	16:00:00	7087.991	7110.631	7086.051	7096.400	63788	206604	1
2021.03.19	17:00:00	7097.047	7114.512	7081.523	7104.809	40204	152962	1
2021.03.22	09:00:00	7128.095	7179.195	7111.277	7171.433	205721	557226	1
2021.03.22	10:00:00	7171.433	7179.195	7137.798	7172.727	180983	496471	1
2021.03.22	11:00:00	7173.373	7175.961	7133.917	7137.151	129345	360137	1
2021.03.22	12:00:00	7137.151	7165.611	7124.861	7153.322	113132	362587	1
2021.03.22	13:00:00	7153.322	7166.905	7146.853	7150.734	68068	214817	1
2021.03.22	14:00:00	7151.381	7155.262	7130.036	7133.270	65939	208838	1
2021.03.22	15:00:00	7133.270	7138.444	7115.805	7127.448	82490	280208	1
2021.03.22	16:00:00	7127.448	7144.266	7117.746	7140.385	64962	208161	1
2021.03.22	17:00:00	7140.385	7146.853	7120.333	7133.270	30284	104171	1
2021.03.23	09:00:00	7169.492	7183.723	7130.036	7135.210	240247	680293	1
2021.03.23	10:00:00	7135.857	7147.500	7117.099	7128.095	183336	536160	1
2021.03.23	11:00:00	7128.742	7139.738	7103.515	7106.750	143261	466790	1
2021.03.23	12:00:00	7106.750	7114.512	7086.698	7087.991	121163	406457	1
2021.03.23	13:00:00	7088.638	7115.158	7085.404	7110.631	69866	239416	1
2021.03.23	14:00:00	7110.631	7119.039	7096.400	7104.809	98573	331275	1
2021.03.23	15:00:00	7104.809	7111.277	7072.467	7109.337	100266	351309	1
2021.03.23	16:00:00	7108.690	7159.790	7103.515	7138.444	116523	426236	1
2021.03.23	17:00:00	7138.444	7153.968	7118.393	7150.734	45039	181010	1
2021.03.24	09:00:00	7128.095	7163.024	7105.456	7135.210	223123	617843	1
2021.03.24	10:00:00	7135.857	7177.254	7135.210	7161.730	176000	552248	1
2021.03.24	11:00:00	7161.730	7177.901	7150.087	7155.909	126525	425962	1
2021.03.24	12:00:00	7156.556	7207.655	7139.091	7189.544	137421	479926	1
2021.03.24	13:00:00	7189.544	7201.834	7177.254	7199.894	93799	357175	1
2021.03.24	14:00:00	7200.540	7230.295	7196.659	7214.124	93655	333828	1
2021.03.24	15:00:00	7213.477	7246.465	7207.655	7245.819	98758	379626	1
2021.03.24	16:00:00	7245.819	7301.446	7237.410	7294.978	102627	413466	1
2021.03.24	17:00:00	7294.978	7298.859	7271.045	7280.748	63053	232244	1
2021.03.25	09:00:00	7280.101	7351.252	7269.751	7342.197	224564	651357	1
2021.03.25	10:00:00	7342.844	7349.312	7294.331	7303.387	182634	530665	1
2021.03.25	11:00:00	7303.387	7334.435	7290.450	7301.446	163082	515665	1
2021.03.25	12:00:00	7300.799	7319.558	7271.045	7293.684	137252	457188	1
2021.03.25	13:00:00	7294.331	7313.736	7277.513	7287.863	95440	325706	1
2021.03.25	14:00:00	7287.863	7331.847	7286.569	7309.208	104317	355924	1
2021.03.25	15:00:00	7309.208	7352.546	7298.212	7343.490	92293	329548	1
2021.03.25	16:00:00	7342.844	7343.490	7323.439	7335.082	59275	194718	1
2021.03.25	17:00:00	7335.082	7338.316	7297.565	7310.502	45714	157845	1
2021.03.26	09:00:00	7314.383	7396.531	7303.387	7386.181	198823	571454	1
2021.03.26	10:00:00	7386.181	7390.709	7348.665	7356.427	161850	484140	1
2021.03.26	11:00:00	7357.074	7399.765	7344.784	7388.122	135038	434463	1
2021.03.26	12:00:00	7387.475	7399.765	7373.891	7396.531	87158	291172	1
2021.03.26	13:00:00	7395.884	7410.114	7382.300	7406.880	82064	280897	1
2021.03.26	14:00:00	7406.880	7430.166	7402.999	7419.817	94424	330369	1
2021.03.26	15:00:00	7419.817	7448.924	7417.876	7439.868	80837	290189	1
2021.03.26	16:00:00	7439.868	7447.630	7421.757	7425.638	70025	225729	1
2021.03.26	17:00:00	7425.638	7450.218	7425.638	7447.630	38422	133568	1
2021.03.29	09:00:00	7460.567	7498.730	7450.218	7487.734	174524	506009	1
2021.03.29	10:00:00	7488.381	7507.139	7479.972	7485.794	153933	429033	1
2021.03.29	11:00:00	7486.440	7511.667	7477.385	7508.433	136710	404054	1
2021.03.29	12:00:00	7508.433	7511.667	7470.916	7479.325	103219	309723	1
2021.03.29	13:00:00	7478.678	7482.559	7422.404	7439.868	119039	372058	1
2021.03.29	14:00:00	7439.222	7452.805	7421.757	7442.456	77194	227976	1
2021.03.29	15:00:00	7442.456	7492.909	7441.809	7483.853	102384	320432	1
2021.03.29	16:00:00	7483.206	7484.500	7449.571	7459.920	72012	225860	1
2021.03.29	17:00:00	7460.567	7485.794	7427.579	7481.266	63730	208935	1
2021.03.30	09:00:00	7482.559	7494.202	7447.630	7472.210	217549	562651	1
2021.03.30	10:00:00	7472.210	7481.913	7450.218	7462.508	159800	447827	1
2021.03.30	11:00:00	7463.154	7508.433	7439.868	7456.039	173282	537956	1
2021.03.30	12:00:00	7455.392	7461.861	7419.170	7432.106	134711	450609	1
2021.03.30	13:00:00	7432.106	7445.043	7429.519	7435.341	56095	181711	1
2021.03.30	14:00:00	7435.987	7450.218	7423.051	7427.579	72202	214384	1
2021.03.30	15:00:00	7427.579	7445.690	7402.352	7440.515	108807	359642	1
2021.03.30	16:00:00	7441.162	7459.273	7427.579	7450.218	68389	221451	1
2021.03.30	17:00:00	7450.865	7474.797	7442.456	7469.623	36432	126445	1
2021.03.31	09:00:00	7456.061	7462.519	7408.275	7444.438	193007	500323	1
2021.03.31	10:00:00	7443.792	7460.582	7414.732	7416.670	126012	362412	1
2021.03.31	11:00:00	7416.670	7420.544	7288.161	7290.744	229657	776539	1
2021.03.31	12:00:00	7291.390	7331.428	7290.744	7320.450	122965	421127	1
2021.03.31	13:00:00	7320.450	7369.528	7309.472	7349.509	110792	370970	1
2021.03.31	14:00:00	7349.509	7353.384	7319.158	7341.114	90145	285671	1
2021.03.31	15:00:00	7341.114	7344.343	7274.600	7298.494	116731	371545	1
2021.03.31	16:00:00	7297.848	7298.494	7272.017	7281.704	73382	224014	1
2021.03.31	17:00:00	7282.349	7296.556	7273.309	7285.578	42538	142262	1
2021.04.01	09:00:00	7277.829	7352.093	7253.935	7335.948	229959	638945	1
2021.04.01	10:00:00	7336.594	7383.089	7323.033	7370.820	169175	483433	1
2021.04.01	11:00:00	7370.174	7374.049	7341.760	7349.509	119284	353605	1
2021.04.01	12:00:00	7349.509	7366.299	7342.406	7359.196	79773	247294	1
2021.04.01	13:00:00	7359.196	7378.569	7354.676	7369.528	78894	240751	1
2021.04.01	14:00:00	7368.883	7395.359	7368.883	7373.403	78271	237951	1
2021.04.01	15:00:00	7374.049	7386.318	7363.071	7383.089	60964	190817	1
2021.04.01	16:00:00	7383.735	7392.776	7375.986	7391.484	54130	172302	1
2021.04.01	17:00:00	7391.484	7409.566	7380.506	7385.673	49769	180374	1
2021.04.05	09:00:00	7334.011	7352.093	7314.638	7342.406	186579	446336	1
2021.04.05	10:00:00	7342.406	7347.572	7290.744	7311.409	175729	489883	1
2021.04.05	11:00:00	7311.409	7326.907	7286.870	7310.763	131082	378396	1
2021.04.05	12:00:00	7311.409	7320.450	7297.202	7319.158	77493	237225	1
2021.04.05	13:00:00	7319.158	7330.136	7306.243	7329.491	68924	204464	1
2021.04.05	14:00:00	7328.845	7342.406	7319.804	7323.033	94714	304538	1
2021.04.05	15:00:00	7323.033	7345.635	7323.033	7334.011	81249	257445	1
2021.04.05	16:00:00	7334.657	7350.155	7328.845	7345.635	72209	252120	1
2021.04.05	17:00:00	7345.635	7348.218	7325.616	7325.616	32775	95565	1
2021.04.06	09:00:00	7329.491	7334.011	7286.224	7304.951	224114	579331	1
2021.04.06	10:00:00	7304.951	7315.284	7290.099	7292.036	144047	404229	1
2021.04.06	11:00:00	7291.390	7299.139	7255.873	7261.685	161258	477810	1
2021.04.06	12:00:00	7261.685	7270.725	7254.581	7262.330	64167	205627	1
2021.04.06	13:00:00	7262.976	7262.976	7237.791	7257.810	82192	274432	1
2021.04.06	14:00:00	7257.164	7279.766	7250.707	7253.935	102575	315468	1
2021.04.06	15:00:00	7254.581	7255.227	7210.669	7244.895	98505	369220	1
2021.04.06	16:00:00	7244.895	7251.998	7229.396	7244.249	69589	241175	1
2021.04.06	17:00:00	7244.249	7244.895	7222.938	7231.979	35433	120187	1
2021.04.07	09:00:00	7228.750	7250.707	7207.440	7239.083	239361	649886	1
2021.04.07	10:00:00	7238.437	7243.603	7199.045	7216.481	194443	528672	1
2021.04.07	11:00:00	7217.127	7223.584	7176.443	7188.067	159939	468811	1
2021.04.07	12:00:00	7188.713	7266.851	7185.484	7251.998	148473	464769	1
2021.04.07	13:00:00	7252.644	7286.224	7246.186	7257.810	112583	346215	1
2021.04.07	14:00:00	7257.810	7266.205	7233.917	7236.500	77893	238308	1
2021.04.07	15:00:00	7235.854	7294.619	7226.167	7286.870	113870	358868	1
2021.04.07	16:00:00	7287.516	7313.992	7279.766	7301.722	84777	284218	1
2021.04.07	17:00:00	7301.722	7301.722	7255.873	7265.559	50809	176232	1
2021.04.08	09:00:00	7251.998	7260.393	7222.293	7235.854	219421	560385	1
2021.04.08	10:00:00	7236.500	7242.957	7204.857	7218.418	185618	505404	1
2021.04.08	11:00:00	7219.064	7264.914	7213.898	7221.647	169277	502354	1
2021.04.08	12:00:00	7221.647	7248.124	7197.108	7210.023	110654	322061	1
2021.04.08	13:00:00	7210.023	7219.710	7165.465	7167.402	123680	379006	1
2021.04.08	14:00:00	7167.402	7189.358	7162.882	7181.609	85364	267332	1
2021.04.08	15:00:00	7182.255	7215.835	7171.923	7202.274	103717	314330	1
2021.04.08	16:00:00	7202.920	7214.543	7195.816	7208.732	53600	159311	1
2021.04.08	17:00:00	7208.086	7221.647	7201.628	7204.857	37085	135622	1
2021.04.09	09:00:00	7239.083	7297.848	7232.625	7278.475	200733	547110	1
2021.04.09	10:00:00	7278.475	7301.722	7267.497	7289.453	168019	476085	1
2021.04.09	11:00:00	7289.453	7306.243	7284.287	7297.202	135016	418916	1
2021.04.09	12:00:00	7297.202	7336.594	7292.682	7311.409	127845	416420	1
2021.04.09	13:00:00	7311.409	7328.199	7303.660	7315.929	74236	236319	1
2021.04.09	14:00:00	7315.929	7342.406	7312.701	7339.177	63703	194620	1
2021.04.09	15:00:00	7339.823	7348.218	7326.907	7341.114	83521	264540	1
2021.04.09	16:00:00	7341.114	7348.864	7333.365	7337.240	53236	173255	1
2021.04.09	17:00:00	7337.240	7357.904	7328.845	7357.904	52423	172534	1
2021.04.12	09:00:00	7341.114	7341.114	7281.058	7288.161	202936	556901	1
2021.04.12	10:00:00	7288.161	7301.077	7283.641	7292.036	131456	405070	1
2021.04.12	11:00:00	7291.390	7323.033	7284.287	7321.096	129002	387712	1
2021.04.12	12:00:00	7321.096	7374.049	7317.221	7368.883	151254	481333	1
2021.04.12	13:00:00	7368.883	7379.861	7346.281	7352.738	72673	220178	1
2021.04.12	14:00:00	7352.738	7374.694	7346.926	7368.237	70431	208835	1
2021.04.12	15:00:00	7368.237	7425.065	7356.613	7407.629	116684	388840	1
2021.04.12	16:00:00	7407.629	7416.670	7392.776	7403.108	76200	254027	1
2021.04.12	17:00:00	7403.108	7419.898	7377.923	7417.315	60085	185483	1
2021.04.13	09:00:00	7414.086	7443.146	7356.613	7373.403	290064	783343	1
2021.04.13	10:00:00	7373.403	7425.065	7363.071	7384.381	205238	575386	1
2021.04.13	11:00:00	7384.381	7422.481	7373.403	7390.839	145659	447414	1
2021.04.13	12:00:00	7390.839	7400.525	7352.738	7359.196	117947	363030	1
2021.04.13	13:00:00	7359.842	7387.610	7355.321	7362.425	93070	304285	1
2021.04.13	14:00:00	7362.425	7364.362	7321.741	7340.469	131227	448871	1
2021.04.13	15:00:00	7341.114	7370.820	7334.657	7361.779	98246	374845	1
2021.04.13	16:00:00	7362.425	7401.817	7356.613	7392.130	88961	329349	1
2021.04.13	17:00:00	7391.484	7394.068	7371.466	7391.484	37971	119304	1
2021.04.14	09:00:00	7372.111	7405.691	7347.572	7394.068	270129	701898	1
2021.04.14	10:00:00	7394.068	7415.378	7339.177	7343.052	211869	616209	1
2021.04.14	11:00:00	7343.052	7354.030	7330.782	7347.572	134073	398427	1
2021.04.14	12:00:00	7348.218	7363.071	7338.531	7345.635	113418	376344	1
2021.04.14	13:00:00	7345.635	7351.447	7323.033	7341.114	102804	335554	1
2021.04.14	14:00:00	7341.760	7360.488	7337.240	7355.967	92330	322203	1
2021.04.14	15:00:00	7355.967	7365.008	7335.948	7363.071	101360	367610	1
2021.04.14	16:00:00	7362.425	7368.237	7324.970	7330.136	93215	317819	1
2021.04.14	17:00:00	7330.136	7335.302	7299.139	7312.701	54168	183402	1
2021.04.15	09:00:00	7308.826	7321.096	7234.562	7251.352	274566	719100	1
2021.04.15	10:00:00	7251.352	7282.349	7238.437	7278.475	180137	574104	1
2021.04.15	11:00:00	7278.475	7299.139	7267.497	7273.954	152414	468941	1
2021.04.15	12:00:00	7274.600	7279.120	7248.769	7257.164	102232	323160	1
2021.04.15	13:00:00	7257.164	7271.371	7243.603	7263.622	78628	266061	1
2021.04.15	14:00:00	7263.622	7279.120	7248.769	7253.290	85747	272365	1
2021.04.15	15:00:00	7253.935	7278.475	7248.769	7260.393	85925	274760	1
2021.04.15	16:00:00	7260.393	7282.349	7253.935	7274.600	62787	206590	1
2021.04.15	17:00:00	7273.954	7275.246	7253.290	7261.039	35244	111062	1
2021.04.16	09:00:00	7258.456	7328.845	7257.164	7315.284	209933	578705	1
2021.04.16	10:00:00	7315.284	7338.531	7307.534	7329.491	151568	439701	1
2021.04.16	11:00:00	7329.491	7329.491	7258.456	7268.142	197746	619797	1
2021.04.16	12:00:00	7268.142	7273.309	7227.459	7252.644	139010	462430	1
2021.04.16	13:00:00	7253.290	7253.290	7207.440	7224.230	107444	377804	1
2021.04.16	14:00:00	7224.230	7241.666	7195.170	7211.960	98986	335171	1
2021.04.16	15:00:00	7211.960	7222.938	7206.794	7211.315	61982	209812	1
2021.04.16	16:00:00	7211.960	7228.750	7210.669	7218.418	49515	168212	1
2021.04.16	17:00:00	7219.064	7228.105	7210.023	7221.647	31430	104628	1
2021.04.19	09:00:00	7200.982	7236.500	7182.901	7215.835	246474	659950	1
2021.04.19	10:00:00	7215.835	7266.205	7209.377	7232.625	221834	620069	1
2021.04.19	11:00:00	7231.979	7250.707	7161.590	7172.568	217683	655076	1
2021.04.19	12:00:00	7172.568	7197.753	7162.882	7196.462	101000	314419	1
2021.04.19	13:00:00	7196.462	7205.503	7177.735	7195.170	83554	255111	1
2021.04.19	14:00:00	7194.525	7200.337	7169.340	7192.587	99131	318967	1
2021.04.19	15:00:00	7192.587	7195.170	7144.155	7177.735	128015	436738	1
2021.04.19	16:00:00	7177.735	7198.399	7175.797	7177.735	61414	196289	1
2021.04.19	17:00:00	7177.089	7178.380	7159.007	7166.756	41902	133350	1
2021.04.20	09:00:00	7195.170	7222.293	7158.361	7164.819	271544	720080	1
2021.04.20	10:00:00	7164.819	7170.631	7135.114	7148.029	203895	593012	1
2021.04.20	11:00:00	7148.029	7152.550	7111.866	7122.844	190623	579623	1
2021.04.20	12:00:00	7122.844	7149.321	7117.678	7131.885	115813	363865	1
2021.04.20	13:00:00	7131.885	7148.029	7125.427	7146.738	75975	242066	1
2021.04.20	14:00:00	7146.738	7152.550	7130.593	7146.092	84567	257500	1
2021.04.20	15:00:00	7145.446	7191.942	7143.509	7184.838	132860	426074	1
2021.04.20	16:00:00	7184.838	7199.045	7166.111	7169.985	81778	238193	1
2021.04.20	17:00:00	7170.631	7200.982	7168.048	7197.108	51085	169709	1
2021.04.22	09:00:00	7178.380	7185.484	7083.452	7093.139	302529	876213	1
2021.04.22	10:00:00	7093.784	7113.803	7086.681	7104.117	178517	535989	1
2021.04.22	11:00:00	7104.763	7112.512	7080.223	7105.408	160449	518203	1
2021.04.22	12:00:00	7105.408	7125.427	7095.076	7106.054	138895	439317	1
2021.04.22	13:00:00	7106.054	7109.929	7090.556	7097.659	78857	258724	1
2021.04.22	14:00:00	7097.659	7110.574	7053.747	7059.559	176233	572104	1
2021.04.22	15:00:00	7060.204	7080.869	7056.976	7064.079	98846	312576	1
2021.04.22	16:00:00	7063.433	7069.891	7035.665	7047.935	96007	337494	1
2021.04.22	17:00:00	7048.581	7053.747	7027.270	7036.311	63947	216970	1
2021.04.23	09:00:00	7015.646	7052.455	7009.189	7043.414	246912	659277	1
2021.04.23	10:00:00	7043.414	7069.891	7037.602	7060.204	201155	565081	1
2021.04.23	11:00:00	7060.204	7093.784	7058.913	7089.910	169651	515487	1
2021.04.23	12:00:00	7089.264	7137.051	7082.806	7107.991	149933	522692	1
2021.04.23	13:00:00	7107.991	7118.970	7102.179	7106.700	70212	217660	1
2021.04.23	14:00:00	7106.700	7110.574	7077.640	7106.700	104577	315610	1
2021.04.23	15:00:00	7106.054	7113.158	7090.556	7098.305	75643	231371	1
2021.04.23	16:00:00	7098.305	7109.929	7094.430	7101.534	41172	131321	1
2021.04.23	17:00:00	7101.534	7105.408	7073.766	7074.411	34532	120552	1
2021.04.26	09:00:00	7049.226	7063.433	7031.791	7057.621	212123	536891	1
2021.04.26	10:00:00	7058.267	7093.139	7050.518	7062.142	204024	587917	1
2021.04.26	11:00:00	7062.142	7065.371	7026.624	7047.289	182022	565326	1
2021.04.26	12:00:00	7047.289	7053.101	7038.894	7044.060	74305	233847	1
2021.04.26	13:00:00	7044.706	7047.935	7035.665	7040.831	47063	147579	1
2021.04.26	14:00:00	7041.477	7049.226	7029.853	7036.957	86459	284753	1
2021.04.26	15:00:00	7036.957	7063.433	7031.145	7045.997	96623	321400	1
2021.04.26	16:00:00	7045.352	7053.747	7031.145	7038.894	73895	242331	1
2021.04.26	17:00:00	7039.540	7041.477	7019.521	7024.687	41090	145293	1
2021.04.27	09:00:00	7027.270	7040.831	6996.919	7035.019	261635	697721	1
2021.04.27	10:00:00	7035.019	7060.850	7021.458	7035.019	219552	613824	1
2021.04.27	11:00:00	7035.019	7047.935	7018.229	7025.979	143494	428954	1
2021.04.27	12:00:00	7025.979	7033.728	7000.148	7021.458	100393	323587	1
2021.04.27	13:00:00	7020.812	7025.333	7004.668	7021.458	85998	296120	1
2021.04.27	14:00:00	7022.104	7025.333	6989.815	7010.480	103707	338114	1
2021.04.27	15:00:00	7011.126	7063.433	7010.480	7062.788	138431	450887	1
2021.04.27	16:00:00	7062.788	7063.433	7046.643	7055.038	63471	198693	1
2021.04.27	17:00:00	7055.038	7057.621	7040.831	7042.769	38918	129717	1
2021.04.28	09:00:00	7042.769	7049.226	6993.044	6998.211	242178	647823	1
2021.04.28	10:00:00	6998.211	6998.856	6978.192	6982.712	171856	554383	1
2021.04.28	11:00:00	6982.712	6987.878	6957.527	6984.004	190264	651150	1
2021.04.28	12:00:00	6983.358	7002.085	6966.568	6974.317	130944	487640	1
2021.04.28	13:00:00	6974.317	6990.461	6966.568	6979.483	83370	316263	1
2021.04.28	14:00:00	6980.129	6984.004	6951.715	6963.339	83936	284145	1
2021.04.28	15:00:00	6962.693	6978.192	6919.427	6928.467	175445	566085	1
2021.04.28	16:00:00	6927.822	6942.029	6921.364	6925.238	85464	281178	1
2021.04.28	17:00:00	6924.593	6927.176	6902.637	6904.574	49114	168554	1
2021.04.29	09:00:00	6910.386	6944.612	6902.637	6916.198	236456	661231	1
2021.04.29	10:00:00	6916.198	6948.486	6909.740	6935.571	186077	581501	1
2021.04.29	11:00:00	6934.925	6948.486	6907.803	6914.906	155440	498853	1
2021.04.29	12:00:00	6915.552	6939.445	6914.260	6927.822	100598	343702	1
2021.04.29	13:00:00	6927.822	6943.320	6919.427	6921.364	87850	290139	1
2021.04.29	14:00:00	6921.364	6940.091	6918.135	6936.217	66600	219472	1
2021.04.29	15:00:00	6936.217	6943.320	6907.803	6911.032	74869	251523	1
2021.04.29	16:00:00	6911.032	6923.301	6878.097	6891.013	77865	273497	1
2021.04.29	17:00:00	6891.658	6909.740	6883.909	6896.179	45417	153129	1
2021.04.30	09:00:00	6923.905	6929.064	6896.824	6914.233	159797	460342	1
2021.04.30	10:00:00	6914.878	6974.200	6912.299	6960.014	188531	602225	1
2021.04.30	11:00:00	6960.659	7021.271	6959.370	7018.692	155674	568226	1
2021.04.30	12:00:00	7018.692	7030.298	6999.347	7005.795	127351	470619	1
2021.04.30	13:00:00	7005.151	7020.626	6996.768	7004.506	66673	248878	1
2021.04.30	14:00:00	7003.861	7042.549	7001.282	7022.560	73695	261360	1
2021.04.30	15:00:00	7023.205	7027.074	6989.675	7019.336	103363	366902	1
2021.04.30	16:00:00	7019.336	7032.877	7013.533	7019.336	62575	220069	1
2021.04.30	17:00:00	7019.336	7040.615	7012.888	7031.588	41099	161721	1
2021.05.03	09:00:00	6999.992	7052.221	6989.675	7019.981	251059	674816	1
2021.05.03	10:00:00	7019.981	7050.287	7005.795	7020.626	194036	560218	1
2021.05.03	11:00:00	7020.626	7020.626	6972.910	6981.938	184173	567916	1
2021.05.03	12:00:00	6981.938	6994.834	6946.474	6965.173	124179	398960	1
2021.05.03	13:00:00	6964.528	7003.861	6964.528	6992.255	90564	281453	1
2021.05.03	14:00:00	6992.255	6999.347	6984.517	6995.479	52153	159837	1
2021.05.03	15:00:00	6995.479	6997.413	6969.042	6993.544	91622	274048	1
2021.05.03	16:00:00	6993.544	7025.784	6991.610	7004.506	79851	248726	1
2021.05.03	17:00:00	7003.861	7044.484	7003.216	7032.877	56952	192748	1
2021.05.04	09:00:00	7059.314	7088.330	7050.287	7073.500	248267	643355	1
2021.05.04	10:00:00	7072.855	7075.434	7021.271	7030.298	219074	633164	1
2021.05.04	11:00:00	7029.653	7061.893	7017.402	7057.380	163988	505922	1
2021.05.04	12:00:00	7057.380	7059.314	7030.943	7043.839	111650	364032	1
2021.05.04	13:00:00	7043.194	7044.484	6995.479	7012.244	109059	342711	1
2021.05.04	14:00:00	7012.244	7023.205	6994.834	7007.730	98970	311149	1
2021.05.04	15:00:00	7007.730	7029.653	7007.085	7027.074	72459	229877	1
2021.05.04	16:00:00	7026.429	7034.812	7015.468	7019.981	48940	155504	1
2021.05.04	17:00:00	7020.626	7040.615	7005.795	7040.615	44180	150441	1
2021.05.05	09:00:00	7029.008	7038.036	6979.359	6980.648	250042	672765	1
2021.05.05	10:00:00	6980.648	6983.872	6953.566	6967.107	188283	581740	1
2021.05.05	11:00:00	6966.462	6983.227	6949.698	6967.107	156211	507388	1
2021.05.05	12:00:00	6967.107	6978.714	6931.643	6936.157	118463	410085	1
2021.05.05	13:00:00	6936.801	6955.501	6929.709	6954.856	69068	242788	1
2021.05.05	14:00:00	6954.856	6958.725	6943.894	6947.763	63616	215428	1
2021.05.05	15:00:00	6947.763	6950.342	6920.681	6928.419	98890	349415	1
2021.05.05	16:00:00	6929.064	6944.539	6927.774	6933.577	59238	206699	1
2021.05.05	17:00:00	6934.222	6946.474	6916.813	6919.392	41792	158127	1
2021.05.06	09:00:00	6909.720	6946.474	6877.479	6879.414	311848	895958	1
2021.05.06	10:00:00	6879.414	6895.534	6842.660	6842.660	242288	772787	1
2021.05.06	11:00:00	6842.660	6851.687	6796.234	6797.524	177081	620864	1
2021.05.06	12:00:00	6796.879	6831.054	6794.945	6827.185	122086	450885	1
2021.05.06	13:00:00	6826.540	6842.660	6815.578	6839.436	88281	287759	1
2021.05.06	14:00:00	6839.436	6844.594	6818.158	6843.950	76860	249046	1
2021.05.06	15:00:00	6843.305	6846.529	6815.578	6826.540	108178	365595	1
2021.05.06	16:00:00	6826.540	6832.988	6818.802	6820.737	44862	157764	1
2021.05.06	17:00:00	6821.382	6825.895	6805.906	6822.671	35669	140695	1
2021.05.07	09:00:00	6825.250	6842.015	6774.311	6781.404	302162	881886	1
2021.05.07	10:00:00	6782.049	6796.879	6763.349	6767.218	224782	684517	1
2021.05.07	11:00:00	6767.218	6770.442	6724.016	6726.595	171169	553957	1
2021.05.07	12:00:00	6726.595	6740.781	6724.661	6735.623	86466	301876	1
2021.05.07	13:00:00	6735.623	6753.677	6735.623	6745.295	81443	265367	1
2021.05.07	14:00:00	6745.939	6769.152	6741.426	6755.612	88356	286159	1
2021.05.07	15:00:00	6754.967	6757.546	6744.650	6754.967	72364	248256	1
2021.05.07	16:00:00	6754.322	6758.191	6745.295	6754.967	53800	180827	1
2021.05.07	17:00:00	6754.967	6769.797	6745.939	6769.797	38847	140684	1
2021.05.10	09:00:00	6768.508	6785.917	6736.912	6747.874	260929	704777	1
2021.05.10	10:00:00	6748.519	6762.704	6735.623	6753.677	187806	546733	1
2021.05.10	11:00:00	6753.677	6756.256	6714.344	6736.267	198815	610679	1
2021.05.10	12:00:00	6735.623	6767.863	6732.399	6750.453	132420	427974	1
2021.05.10	13:00:00	6750.453	6760.125	6736.267	6758.191	69343	217188	1
2021.05.10	14:00:00	6758.191	6769.152	6742.071	6746.584	76569	236635	1
2021.05.10	15:00:00	6746.584	6783.338	6745.295	6769.797	109096	345417	1
2021.05.10	16:00:00	6769.152	6771.087	6749.808	6758.836	63200	202615	1
2021.05.10	17:00:00	6759.480	6759.480	6747.229	6749.808	28407	95691	1
2021.05.11	09:00:00	6767.218	6805.261	6740.781	6799.458	285032	812029	1
2021.05.11	10:00:00	6800.103	6823.316	6770.442	6771.732	215507	649009	1
2021.05.11	11:00:00	6771.732	6789.786	6760.770	6764.639	173673	545632	1
2021.05.11	12:00:00	6765.284	6770.442	6722.082	6734.978	128431	442438	1
2021.05.11	13:00:00	6734.333	6748.519	6727.240	6744.005	70273	228859	1
2021.05.11	14:00:00	6744.005	6756.256	6738.202	6747.229	72062	242646	1
2021.05.11	15:00:00	6747.229	6769.797	6742.715	6752.388	87084	279734	1
2021.05.11	16:00:00	6752.388	6760.770	6745.939	6747.874	62097	205403	1
2021.05.11	17:00:00	6748.519	6753.677	6735.623	6746.584	40933	139842	1
2021.05.12	09:00:00	6762.060	6799.458	6747.874	6752.388	292996	815178	1
2021.05.12	10:00:00	6751.743	6772.376	6731.109	6745.295	226509	670023	1
2021.05.12	11:00:00	6745.939	6767.863	6734.333	6764.639	168156	551407	1
2021.05.12	12:00:00	6763.994	6809.130	6753.677	6784.628	157728	530151	1
2021.05.12	13:00:00	6785.273	6801.393	6780.759	6782.693	76621	260001	1
2021.05.12	14:00:00	6783.338	6818.158	6767.218	6811.709	122761	431713	1
2021.05.12	15:00:00	6811.709	6833.633	6803.327	6828.474	98381	349869	1
2021.05.12	16:00:00	6828.474	6856.201	6826.540	6851.687	90263	333611	1
2021.05.12	17:00:00	6851.687	6871.031	6850.398	6855.556	47680	182966	1
2021.05.13	09:00:00	6849.753	6873.611	6807.196	6826.540	295486	827302	1
2021.05.13	10:00:00	6826.540	6856.846	6787.207	6797.524	242178	705174	1
2021.05.13	11:00:00	6798.169	6823.316	6784.628	6816.868	157174	504999	1
2021.05.13	12:00:00	6816.868	6852.332	6812.999	6819.447	140432	458641	1
2021.05.13	13:00:00	6819.447	6823.961	6800.103	6814.289	77857	250471	1
2021.05.13	14:00:00	6814.289	6887.796	6812.999	6876.190	148229	479602	1
2021.05.13	15:00:00	6876.190	6876.835	6834.278	6840.726	95011	322384	1
2021.05.13	16:00:00	6841.370	6866.518	6831.698	6862.004	75152	246191	1
2021.05.13	17:00:00	6861.359	6863.939	6834.922	6853.622	40946	155155	1
2021.05.14	09:00:00	6828.474	6840.726	6800.748	6829.764	240161	679010	1
2021.05.14	10:00:00	6829.119	6837.502	6787.207	6792.365	184233	524086	1
2021.05.14	11:00:00	6793.010	6823.316	6791.721	6796.879	143913	480626	1
2021.05.14	12:00:00	6796.879	6813.644	6781.404	6794.945	99137	338413	1
2021.05.14	13:00:00	6794.945	6802.037	6773.666	6797.524	86737	299276	1
2021.05.14	14:00:00	6797.524	6819.447	6793.655	6817.513	64556	222037	1
2021.05.14	15:00:00	6816.868	6820.737	6797.524	6797.524	59217	203686	1
2021.05.14	16:00:00	6798.169	6811.709	6796.234	6806.551	36817	130546	1
2021.05.14	17:00:00	6806.551	6818.802	6796.234	6809.130	35109	129395	1
2021.05.17	09:00:00	6828.474	6867.807	6822.026	6867.163	231319	637431	1
2021.05.17	10:00:00	6867.163	6869.742	6834.922	6835.567	173397	535329	1
2021.05.17	11:00:00	6835.567	6838.146	6781.404	6782.049	175520	556415	1
2021.05.17	12:00:00	6782.693	6802.682	6780.114	6793.010	86043	299020	1
2021.05.17	13:00:00	6793.010	6803.972	6789.786	6794.300	54826	184361	1
2021.05.17	14:00:00	6793.655	6802.037	6773.666	6795.589	81219	279080	1
2021.05.17	15:00:00	6796.234	6797.524	6782.693	6786.562	59863	230569	1
2021.05.17	16:00:00	6787.207	6805.261	6785.917	6800.103	53588	199888	1
2021.05.17	17:00:00	6799.458	6814.289	6793.655	6813.644	33392	125581	1
2021.05.18	09:00:00	6796.234	6806.551	6766.573	6795.589	239498	644150	1
2021.05.18	10:00:00	6794.945	6812.999	6777.535	6805.261	193768	576234	1
2021.05.18	11:00:00	6805.261	6818.802	6793.010	6794.945	144245	448680	1
2021.05.18	12:00:00	6794.945	6797.524	6753.677	6761.415	148103	519454	1
2021.05.18	13:00:00	6760.770	6785.917	6760.770	6776.245	88192	309864	1
2021.05.18	14:00:00	6776.245	6794.945	6771.732	6791.721	65118	210287	1
2021.05.18	15:00:00	6791.721	6795.589	6778.180	6782.693	79201	266962	1
2021.05.18	16:00:00	6782.693	6785.917	6770.442	6784.628	51206	170078	1
2021.05.18	17:00:00	6784.628	6794.945	6779.469	6792.365	35993	125840	1
2021.05.19	09:00:00	6825.250	6845.239	6813.644	6835.567	187294	544862	1
2021.05.19	10:00:00	6835.567	6842.660	6801.393	6816.223	180067	512758	1
2021.05.19	11:00:00	6816.868	6849.753	6815.578	6834.278	171628	539671	1
2021.05.19	12:00:00	6834.278	6840.081	6797.524	6798.813	113480	381070	1
2021.05.19	13:00:00	6798.813	6814.289	6789.786	6809.775	68524	232066	1
2021.05.19	14:00:00	6809.775	6818.158	6799.458	6811.065	63108	207631	1
2021.05.19	15:00:00	6811.065	6872.966	6800.103	6866.518	183872	619812	1
2021.05.19	16:00:00	6867.163	6875.545	6857.491	6862.649	67971	240647	1
2021.05.19	17:00:00	6862.649	6870.387	6854.267	6858.135	31415	116918	1
2021.05.20	09:00:00	6847.819	6851.043	6818.802	6832.988	190076	537942	1
2021.05.20	10:00:00	6833.633	6839.436	6816.223	6835.567	151694	497137	1
2021.05.20	11:00:00	6835.567	6838.791	6823.961	6834.922	103512	368988	1
2021.05.20	12:00:00	6834.922	6840.726	6809.775	6820.737	84677	335633	1
2021.05.20	13:00:00	6820.092	6835.567	6814.289	6828.474	60596	232150	1
2021.05.20	14:00:00	6828.474	6834.278	6815.578	6819.447	46256	166826	1
2021.05.20	15:00:00	6819.447	6829.764	6811.709	6813.644	55271	201375	1
2021.05.20	16:00:00	6812.999	6816.223	6802.682	6809.775	48696	187157	1
2021.05.20	17:00:00	6809.775	6823.316	6809.130	6821.382	28354	106378	1
2021.05.21	09:00:00	6822.026	6852.332	6809.775	6811.709	183957	558736	1
2021.05.21	10:00:00	6811.709	6826.540	6803.327	6821.382	156606	490433	1
2021.05.21	11:00:00	6821.382	6865.873	6820.737	6854.911	172568	599722	1
2021.05.21	12:00:00	6854.911	6878.124	6851.687	6872.321	91940	337735	1
2021.05.21	13:00:00	6872.321	6907.140	6869.097	6903.272	107038	400058	1
2021.05.21	14:00:00	6902.627	6903.916	6887.796	6896.179	63494	222173	1
2021.05.21	15:00:00	6896.179	6911.654	6891.020	6911.009	60600	209073	1
2021.05.21	16:00:00	6910.364	6912.299	6898.113	6911.009	46089	167528	1
2021.05.21	17:00:00	6911.009	6932.288	6899.403	6921.971	35809	142226	1
2021.05.24	09:00:00	6918.747	6936.157	6871.676	6872.321	176641	532200	1
2021.05.24	10:00:00	6872.966	6879.414	6860.715	6866.518	146064	464391	1
2021.05.24	11:00:00	6866.518	6873.611	6855.556	6863.294	87225	316692	1
2021.05.24	12:00:00	6862.649	6872.966	6852.977	6869.097	75543	279999	1
2021.05.24	13:00:00	6869.097	6875.545	6855.556	6863.294	61109	208336	1
2021.05.24	14:00:00	6863.939	6869.097	6858.135	6865.228	40052	153329	1
2021.05.24	15:00:00	6865.228	6878.769	6862.004	6865.228	54936	182494	1
2021.05.24	16:00:00	6864.583	6874.255	6860.715	6872.966	44553	164342	1
2021.05.24	17:00:00	6873.611	6873.611	6857.491	6861.359	35728	138689	1
2021.05.25	09:00:00	6852.977	6855.556	6831.054	6843.950	178799	518465	1
2021.05.25	10:00:00	6843.305	6871.031	6836.212	6862.649	189390	586864	1
2021.05.25	11:00:00	6862.649	6869.742	6846.529	6849.753	106231	372098	1
2021.05.25	12:00:00	6849.753	6857.491	6840.081	6848.463	77790	289078	1
2021.05.25	13:00:00	6849.108	6863.294	6847.174	6854.267	56632	198413	1
2021.05.25	14:00:00	6854.267	6871.676	6849.753	6870.387	55652	197202	1
2021.05.25	15:00:00	6869.742	6880.059	6864.583	6878.769	80215	274054	1
2021.05.25	16:00:00	6879.414	6894.244	6878.769	6887.152	63099	235988	1
2021.05.25	17:00:00	6887.152	6899.403	6878.124	6878.124	35287	136828	1
2021.05.26	09:00:00	6869.097	6872.321	6838.791	6858.780	204551	614072	1
2021.05.26	10:00:00	6858.780	6891.665	6855.556	6881.348	158696	524613	1
2021.05.26	11:00:00	6881.348	6886.507	6840.081	6847.819	140780	484136	1
2021.05.26	12:00:00	6847.819	6849.108	6821.382	6845.239	112128	416124	1
2021.05.26	13:00:00	6845.239	6853.622	6838.791	6840.726	48996	176361	1
2021.05.26	14:00:00	6840.726	6865.228	6834.922	6857.491	72135	261162	1
2021.05.26	15:00:00	6857.491	6863.294	6848.463	6858.135	50956	181570	1
2021.05.26	16:00:00	6857.491	6860.715	6845.884	6852.977	38810	147986	1
2021.05.26	17:00:00	6852.977	6856.846	6844.594	6853.622	28920	111180	1
2021.05.27	09:00:00	6843.950	6852.332	6815.578	6825.895	228542	677935	1
2021.05.27	10:00:00	6825.250	6834.922	6818.802	6827.830	131718	473476	1
2021.05.27	11:00:00	6827.830	6834.278	6785.917	6789.141	182728	658879	1
2021.05.27	12:00:00	6789.786	6798.169	6783.338	6790.431	81291	309135	1
2021.05.27	13:00:00	6789.786	6807.841	6789.141	6803.327	70144	269148	1
2021.05.27	14:00:00	6803.327	6803.327	6759.480	6765.928	108629	403529	1
2021.05.27	15:00:00	6765.928	6782.693	6758.191	6760.125	91079	379767	1
2021.05.27	16:00:00	6760.125	6783.338	6759.480	6778.180	51472	209706	1
2021.05.27	17:00:00	6778.180	6783.338	6753.032	6754.967	38802	185024	1
2021.05.28	09:00:00	6780.759	6784.628	6758.191	6773.666	140909	391387	1
2021.05.28	10:00:00	6773.021	6775.600	6739.491	6747.229	156004	471273	1
2021.05.28	11:00:00	6746.584	6750.453	6732.399	6736.267	92984	312002	1
2021.05.28	12:00:00	6736.267	6741.426	6730.464	6731.109	47682	169046	1
2021.05.28	13:00:00	6731.109	6750.453	6727.885	6747.229	64884	224754	1
2021.05.28	14:00:00	6746.584	6747.229	6722.082	6728.530	72192	234076	1
2021.05.28	15:00:00	6727.885	6735.623	6720.147	6724.661	54576	197056	1
2021.05.28	16:00:00	6725.306	6732.399	6718.858	6723.371	46839	174979	1
2021.05.28	17:00:00	6722.727	6742.071	6720.792	6740.781	31434	129426	1
2021.05.31	09:00:00	6738.211	6749.135	6724.074	6729.857	109234	329052	1
2021.05.31	10:00:00	6729.214	6731.142	6699.013	6718.933	122900	394691	1
2021.05.31	11:00:00	6718.933	6770.983	6718.933	6762.629	122431	408658	1
2021.05.31	12:00:00	6762.629	6781.907	6760.701	6762.629	84654	301945	1
2021.05.31	13:00:00	6762.629	6781.264	6751.062	6754.918	61419	217801	1
2021.05.31	14:00:00	6755.561	6755.561	6735.640	6736.283	40430	136676	1
2021.05.31	15:00:00	6736.283	6739.496	6718.933	6732.427	59202	203475	1
2021.05.31	16:00:00	6732.427	6736.925	6726.001	6732.427	33238	119468	1
2021.05.31	17:00:00	6733.070	6734.998	6721.503	6724.716	24249	104774	1
2021.06.01	09:00:00	6700.298	6711.222	6664.313	6672.024	244665	735915	1
2021.06.01	10:00:00	6671.381	6673.309	6631.541	6645.035	192644	660768	1
2021.06.01	11:00:00	6644.392	6656.602	6632.826	6639.894	118946	419999	1
2021.06.01	12:00:00	6639.894	6658.529	6639.252	6654.674	76769	287511	1
2021.06.01	13:00:00	6655.316	6663.028	6645.678	6651.461	81745	261603	1
2021.06.01	14:00:00	6651.461	6663.670	6650.818	6657.244	62515	230576	1
2021.06.01	15:00:00	6657.244	6658.529	6641.179	6646.320	64534	236659	1
2021.06.01	16:00:00	6646.320	6648.891	6625.115	6629.613	64612	243323	1
2021.06.01	17:00:00	6629.613	6645.035	6623.829	6637.324	44234	165183	1
2021.06.02	09:00:00	6644.392	6657.244	6634.753	6645.678	206451	612689	1
2021.06.02	10:00:00	6645.678	6666.883	6627.685	6629.613	182356	649860	1
2021.06.02	11:00:00	6629.613	6630.898	6557.643	6558.928	232516	903057	1
2021.06.02	12:00:00	6558.928	6566.639	6528.726	6538.365	138615	560856	1
2021.06.02	13:00:00	6538.365	6556.357	6538.365	6554.430	85039	336902	1
2021.06.02	14:00:00	6555.072	6562.141	6540.293	6542.863	75024	305263	1
2021.06.02	15:00:00	6543.506	6545.433	6530.654	6544.148	84192	326197	1
2021.06.02	16:00:00	6544.791	6565.354	6542.220	6548.646	78724	327705	1
2021.06.02	17:00:00	6548.646	6558.928	6535.152	6539.650	47828	217209	1
2021.06.04	09:00:00	6582.704	6585.274	6520.372	6528.726	253932	768057	1
2021.06.04	10:00:00	6529.369	6538.365	6510.733	6514.589	154536	519524	1
2021.06.04	11:00:00	6515.232	6540.935	6513.946	6528.083	103707	403583	1
2021.06.04	12:00:00	6528.083	6555.715	6522.300	6530.011	109204	392828	1
2021.06.04	13:00:00	6530.011	6541.578	6527.441	6530.011	49950	179698	1
2021.06.04	14:00:00	6530.011	6531.939	6505.593	6506.878	75316	257580	1
2021.06.04	15:00:00	6506.878	6512.661	6483.102	6497.239	93807	337090	1
2021.06.04	16:00:00	6497.239	6503.022	6483.102	6488.243	55661	207115	1
2021.06.04	17:00:00	6488.243	6515.874	6485.672	6503.022	32078	130208	1
2021.06.07	09:00:00	6492.741	6520.372	6478.604	6517.802	221248	625013	1
2021.06.07	10:00:00	6517.159	6526.798	6499.809	6519.087	178597	537561	1
2021.06.07	11:00:00	6519.087	6531.296	6501.737	6506.235	140395	442022	1
2021.06.07	12:00:00	6506.235	6510.733	6467.680	6468.322	125885	421532	1
2021.06.07	13:00:00	6468.322	6496.596	6464.467	6488.885	98877	345526	1
2021.06.07	14:00:00	6489.528	6501.095	6486.315	6495.311	54984	194230	1
2021.06.07	15:00:00	6495.311	6496.596	6477.961	6486.315	68736	235331	1
2021.06.07	16:00:00	6486.958	6497.882	6483.745	6489.528	65154	264268	1
2021.06.07	17:00:00	6488.885	6515.874	6483.745	6513.304	39370	164026	1
2021.06.08	09:00:00	6496.596	6512.661	6475.391	6511.376	218974	615170	1
2021.06.08	10:00:00	6511.376	6528.726	6504.307	6524.228	153896	506106	1
2021.06.08	11:00:00	6523.585	6526.156	6475.391	6486.315	166573	566064	1
2021.06.08	12:00:00	6486.958	6492.741	6468.322	6490.813	113433	392799	1
2021.06.08	13:00:00	6490.813	6499.809	6479.246	6479.246	85992	317110	1
2021.06.08	14:00:00	6479.246	6494.669	6479.246	6484.387	64373	233384	1
2021.06.08	15:00:00	6485.030	6503.022	6480.532	6486.315	73804	252480	1
2021.06.08	16:00:00	6486.315	6495.311	6483.745	6485.030	44626	161572	1
2021.06.08	17:00:00	6484.387	6499.167	6483.102	6486.958	32870	116605	1
2021.06.09	09:00:00	6472.178	6490.170	6464.467	6481.174	166354	474907	1
2021.06.09	10:00:00	6481.174	6504.950	6472.821	6495.954	214631	687736	1
2021.06.09	11:00:00	6495.954	6515.874	6483.745	6513.946	145834	478828	1
2021.06.09	12:00:00	6514.589	6528.083	6508.806	6523.585	97885	346770	1
2021.06.09	13:00:00	6522.943	6548.646	6521.015	6540.293	102149	359440	1
2021.06.09	14:00:00	6540.293	6549.931	6528.083	6538.365	83494	312128	1
2021.06.09	15:00:00	6537.722	6538.365	6519.730	6520.372	67510	266126	1
2021.06.09	16:00:00	6520.372	6535.152	6518.445	6530.011	48462	173764	1
2021.06.09	17:00:00	6530.011	6533.224	6517.802	6521.657	25236	108158	1
2021.06.10	09:00:00	6519.087	6525.513	6480.532	6498.524	232704	703147	1
2021.06.10	10:00:00	6497.882	6518.445	6486.315	6504.950	191753	609961	1
2021.06.10	11:00:00	6504.950	6534.509	6487.600	6534.509	169450	592180	1
2021.06.10	12:00:00	6534.509	6543.506	6522.943	6525.513	88042	317985	1
2021.06.10	13:00:00	6526.156	6557.000	6523.585	6532.582	90979	324111	1
2021.06.10	14:00:00	6532.582	6548.646	6529.369	6535.794	76680	293784	1
2021.06.10	15:00:00	6535.152	6544.791	6530.011	6531.296	50278	186924	1
2021.06.10	16:00:00	6531.939	6539.007	6516.517	6523.585	63480	226787	1
2021.06.10	17:00:00	6524.228	6532.582	6510.091	6511.376	26732	107295	1
2021.06.11	09:00:00	6503.022	6573.065	6502.380	6561.498	200070	599667	1
2021.06.11	10:00:00	6562.141	6580.776	6544.148	6580.133	156284	480318	1
2021.06.11	11:00:00	6580.133	6609.050	6572.422	6603.909	156228	536358	1
2021.06.11	12:00:00	6603.909	6617.404	6596.841	6606.479	93273	326182	1
2021.06.11	13:00:00	6606.479	6612.263	6589.130	6591.057	56660	198495	1
2021.06.11	14:00:00	6591.057	6603.909	6583.989	6589.772	61226	219913	1
2021.06.11	15:00:00	6589.130	6602.624	6582.061	6583.989	50556	186895	1
2021.06.11	16:00:00	6583.346	6597.483	6583.346	6592.985	38006	140946	1
2021.06.11	17:00:00	6592.342	6605.837	6586.559	6591.700	38418	156781	1
2021.06.14	09:00:00	6573.707	6581.418	6561.498	6562.141	145896	458676	1
2021.06.14	10:00:00	6562.141	6563.426	6535.794	6536.437	157932	537181	1
2021.06.14	11:00:00	6536.437	6546.719	6515.874	6517.802	118890	424600	1
2021.06.14	12:00:00	6517.802	6524.228	6508.806	6512.019	81377	295608	1
2021.06.14	13:00:00	6511.376	6521.657	6510.091	6516.517	52361	199262	1
2021.06.14	14:00:00	6515.874	6529.369	6513.946	6527.441	47208	174352	1
2021.06.14	15:00:00	6527.441	6540.293	6525.513	6529.369	72767	280819	1
2021.06.14	16:00:00	6529.369	6537.080	6526.156	6529.369	39314	159160	1
2021.06.14	17:00:00	6529.369	6530.011	6513.304	6515.874	31268	128651	1
2021.06.15	09:00:00	6519.730	6544.148	6508.806	6539.007	230007	668207	1
2021.06.15	10:00:00	6539.650	6551.217	6524.870	6541.578	176998	572574	1
2021.06.15	11:00:00	6541.578	6571.780	6532.582	6539.650	161785	556495	1
2021.06.15	12:00:00	6539.007	6559.570	6533.224	6556.357	95715	331076	1
2021.06.15	13:00:00	6555.715	6558.928	6538.365	6544.791	57701	203696	1
2021.06.15	14:00:00	6544.791	6551.859	6495.311	6515.232	101122	383758	1
2021.06.15	15:00:00	6514.589	6517.802	6486.958	6491.456	84068	321070	1
2021.06.15	16:00:00	6492.098	6498.524	6488.885	6490.170	49233	181681	1
2021.06.15	17:00:00	6490.170	6499.809	6489.528	6491.456	23799	114226	1
2021.06.16	09:00:00	6504.307	6509.448	6478.604	6500.452	201244	580154	1
2021.06.16	10:00:00	6500.452	6501.095	6471.535	6477.319	156325	512864	1
2021.06.16	11:00:00	6477.319	6481.817	6453.543	6456.113	125373	471414	1
2021.06.16	12:00:00	6455.471	6459.969	6427.197	6434.908	146070	587397	1
2021.06.16	13:00:00	6434.908	6451.615	6431.695	6438.763	75300	280327	1
2021.06.16	14:00:00	6438.121	6457.398	6436.193	6442.619	65363	238387	1
2021.06.16	15:00:00	6442.619	6540.935	6442.619	6515.232	313735	1146678	1
2021.06.16	16:00:00	6515.232	6517.159	6487.600	6508.163	91894	342046	1
2021.06.16	17:00:00	6508.163	6519.730	6504.307	6506.878	37638	157717	1
2021.06.17	09:00:00	6522.300	6533.224	6491.456	6524.870	243455	792310	1
2021.06.17	10:00:00	6524.870	6526.798	6460.611	6482.459	232760	792861	1
2021.06.17	11:00:00	6482.459	6488.243	6456.756	6463.182	147132	489596	1
2021.06.17	12:00:00	6463.182	6490.813	6445.189	6467.037	136314	499232	1
2021.06.17	13:00:00	6467.037	6483.102	6459.326	6474.106	76189	269678	1
2021.06.17	14:00:00	6473.463	6478.604	6461.896	6462.539	57288	193733	1
2021.06.17	15:00:00	6462.539	6474.106	6456.756	6472.821	56849	195741	1
2021.06.17	16:00:00	6472.821	6476.033	6461.896	6467.037	36839	139230	1
2021.06.17	17:00:00	6467.037	6467.037	6443.261	6443.261	37835	148414	1
2021.06.18	09:00:00	6443.261	6468.322	6429.124	6432.337	239349	733339	1
2021.06.18	10:00:00	6431.695	6467.680	6410.489	6460.611	253428	873995	1
2021.06.18	11:00:00	6460.611	6507.520	6458.041	6479.246	226715	825498	1
2021.06.18	12:00:00	6479.246	6506.878	6479.246	6486.315	114815	411825	1
2021.06.18	13:00:00	6486.315	6540.293	6476.676	6537.080	110677	392475	1
2021.06.18	14:00:00	6536.437	6541.578	6507.520	6516.517	76505	257907	1
2021.06.18	15:00:00	6516.517	6525.513	6501.737	6520.372	78996	273996	1
2021.06.18	16:00:00	6520.372	6531.939	6507.520	6525.513	62031	218308	1
2021.06.18	17:00:00	6525.513	6574.350	6521.015	6548.646	55963	257052	1
2021.06.21	09:00:00	6526.798	6538.365	6496.596	6501.737	175002	528591	1
2021.06.21	10:00:00	6501.737	6504.307	6477.961	6494.026	157115	509714	1
2021.06.21	11:00:00	6493.383	6496.596	6475.391	6481.817	132643	429530	1
2021.06.21	12:00:00	6481.817	6488.885	6472.821	6472.821	60991	228274	1
2021.06.21	13:00:00	6473.463	6481.817	6462.539	6472.821	75397	245592	1
2021.06.21	14:00:00	6472.178	6484.387	6467.037	6469.608	61557	204210	1
2021.06.21	15:00:00	6469.608	6470.893	6454.185	6458.684	78631	262276	1
2021.06.21	16:00:00	6459.326	6465.109	6454.185	6460.611	38818	130155	1
2021.06.21	17:00:00	6460.611	6468.322	6449.045	6450.330	35991	138004	1
2021.06.22	09:00:00	6450.330	6490.170	6439.406	6474.106	213488	691903	1
2021.06.22	10:00:00	6474.106	6488.243	6458.041	6477.961	202421	689654	1
2021.06.22	11:00:00	6477.961	6481.174	6442.619	6449.687	167869	611650	1
2021.06.22	12:00:00	6450.330	6458.684	6425.911	6431.695	120786	445312	1
2021.06.22	13:00:00	6431.052	6438.763	6418.843	6427.839	90067	350430	1
2021.06.22	14:00:00	6428.482	6438.121	6404.063	6419.485	88762	325658	1
2021.06.22	15:00:00	6419.485	6428.482	6405.991	6406.634	83594	294693	1
2021.06.22	16:00:00	6406.634	6411.132	6383.500	6387.999	76118	297780	1
2021.06.22	17:00:00	6387.999	6399.565	6375.789	6375.789	53798	172043	1
2021.06.23	09:00:00	6382.858	6386.071	6352.013	6361.010	218420	670145	1
2021.06.23	10:00:00	6361.652	6391.854	6355.226	6355.869	208889	659601	1
2021.06.23	11:00:00	6355.869	6404.706	6353.299	6387.999	193787	679828	1
2021.06.23	12:00:00	6387.999	6402.136	6369.363	6370.649	130078	481691	1
2021.06.23	13:00:00	6370.649	6386.713	6349.443	6380.930	119017	437637	1
2021.06.23	14:00:00	6380.930	6390.569	6367.436	6376.432	80669	287017	1
2021.06.23	15:00:00	6377.074	6402.778	6375.789	6389.926	86374	338396	1
2021.06.23	16:00:00	6389.926	6394.424	6380.287	6383.500	57313	209545	1
2021.06.23	17:00:00	6383.500	6389.926	6377.717	6387.356	27677	115100	1
2021.06.24	09:00:00	6385.428	6387.999	6330.808	6340.447	221000	715789	1
2021.06.24	10:00:00	6340.447	6364.865	6332.736	6341.732	181059	593639	1
2021.06.24	11:00:00	6341.089	6352.656	6332.093	6336.591	132117	452513	1
2021.06.24	12:00:00	6336.591	6343.017	6319.884	6323.097	108230	402597	1
2021.06.24	13:00:00	6323.739	6333.378	6313.458	6314.743	73216	280176	1
2021.06.24	14:00:00	6314.743	6317.956	6303.819	6305.747	81298	333165	1
2021.06.24	15:00:00	6305.747	6321.812	6303.819	6321.169	74192	314889	1
2021.06.24	16:00:00	6321.169	6322.454	6303.819	6308.317	53168	197759	1
2021.06.24	17:00:00	6307.675	6321.169	6298.036	6321.169	44990	211776	1
2021.06.25	09:00:00	6318.599	6333.378	6291.610	6320.526	235010	732620	1
2021.06.25	10:00:00	6320.526	6330.808	6301.249	6303.176	178352	588909	1
2021.06.25	11:00:00	6303.176	6341.732	6303.176	6339.804	103204	394636	1
2021.06.25	12:00:00	6339.804	6359.082	6332.093	6332.736	120061	448135	1
2021.06.25	13:00:00	6332.736	6353.941	6332.736	6350.086	58563	212077	1
2021.06.25	14:00:00	6350.728	6374.504	6348.800	6371.291	87432	322441	1
2021.06.25	15:00:00	6371.291	6396.352	6361.010	6369.363	95434	355403	1
2021.06.25	16:00:00	6369.363	6382.215	6346.230	6346.873	71836	276608	1
2021.06.25	17:00:00	6346.873	6354.584	6337.234	6344.302	31629	129535	1
2021.06.28	09:00:00	6362.937	6391.854	6350.728	6356.512	198113	637597	1
2021.06.28	10:00:00	6356.512	6360.367	6333.378	6349.443	148502	489209	1
2021.06.28	11:00:00	6349.443	6368.078	6343.660	6348.158	140143	482180	1
2021.06.28	12:00:00	6348.158	6383.500	6342.375	6355.869	111128	394263	1
2021.06.28	13:00:00	6355.869	6376.432	6355.226	6364.865	62851	220538	1
2021.06.28	14:00:00	6364.865	6371.934	6343.017	6345.587	69718	254582	1
2021.06.28	15:00:00	6345.587	6348.158	6334.663	6335.306	59008	194784	1
2021.06.28	16:00:00	6335.306	6339.162	6321.812	6335.306	63896	238178	1
2021.06.28	17:00:00	6335.306	6341.089	6324.382	6334.663	30222	111220	1
2021.06.29	09:00:00	6352.656	6362.937	6338.519	6346.873	185416	550009	1
2021.06.29	10:00:00	6346.873	6362.937	6341.732	6358.439	134461	435302	1
2021.06.29	11:00:00	6357.797	6389.284	6357.797	6361.010	172190	599372	1
2021.06.29	12:00:00	6361.010	6364.865	6341.732	6348.158	85598	299177	1
2021.06.29	13:00:00	6348.158	6355.869	6346.873	6351.371	36742	133071	1
2021.06.29	14:00:00	6351.371	6353.299	6325.667	6337.876	77647	279201	1
2021.06.29	15:00:00	6337.876	6354.584	6335.306	6353.299	62046	228434	1
2021.06.29	16:00:00	6353.941	6355.869	6346.230	6352.656	35368	135732	1
2021.06.29	17:00:00	6352.656	6374.504	6343.660	6370.006	33935	138010	1
2021.06.30	09:00:00	6378.978	6423.837	6366.802	6398.203	198986	624752	1
2021.06.30	10:00:00	6398.203	6443.062	6396.281	6427.682	160124	537744	1
2021.06.30	11:00:00	6427.682	6457.802	6404.612	6451.393	157737	567006	1
2021.06.30	12:00:00	6451.393	6459.724	6436.654	6438.576	92802	367435	1
2021.06.30	13:00:00	6438.576	6448.830	6416.788	6437.295	94115	346389	1
2021.06.30	14:00:00	6437.936	6438.576	6418.710	6425.759	53229	202010	1
2021.06.30	15:00:00	6425.759	6431.527	6402.048	6403.971	55335	209607	1
2021.06.30	16:00:00	6403.971	6412.302	6391.795	6398.844	52179	189873	1
2021.06.30	17:00:00	6398.844	6399.485	6386.668	6391.795	28169	125637	1
2021.07.01	09:00:00	6381.541	6398.844	6365.520	6375.133	200960	614015	1
2021.07.01	10:00:00	6374.492	6420.633	6359.752	6420.633	212176	703993	1
2021.07.01	11:00:00	6419.992	6457.802	6416.147	6444.344	178649	629892	1
2021.07.01	12:00:00	6444.985	6489.844	6443.703	6473.823	127366	474795	1
2021.07.01	13:00:00	6473.182	6477.027	6454.598	6467.414	69239	261390	1
2021.07.01	14:00:00	6467.414	6482.154	6464.210	6480.872	65815	221850	1
2021.07.01	15:00:00	6480.872	6489.203	6454.598	6474.464	84799	303485	1
2021.07.01	16:00:00	6473.823	6494.330	6471.260	6484.717	58522	214239	1
2021.07.01	17:00:00	6484.717	6498.175	6481.513	6487.281	42270	155137	1
2021.07.02	09:00:00	6473.823	6508.429	6413.583	6416.147	254343	798953	1
2021.07.02	10:00:00	6416.147	6457.161	6410.379	6456.520	166062	544726	1
2021.07.02	11:00:00	6455.879	6521.886	6447.548	6494.330	202056	737617	1
2021.07.02	12:00:00	6494.971	6503.302	6466.133	6484.076	92592	321975	1
2021.07.02	13:00:00	6484.076	6502.661	6479.591	6502.661	56243	187672	1
2021.07.02	14:00:00	6502.661	6514.837	6463.569	6478.309	77964	279351	1
2021.07.02	15:00:00	6477.668	6487.281	6465.492	6485.999	57466	197523	1
2021.07.02	16:00:00	6485.999	6500.098	6481.513	6492.407	41710	150055	1
2021.07.02	17:00:00	6493.048	6509.069	6491.126	6503.943	28030	112045	1
2021.07.05	09:00:00	6498.175	6515.478	6488.562	6514.196	147863	402756	1
2021.07.05	10:00:00	6514.196	6523.168	6500.098	6516.119	133684	387881	1
2021.07.05	11:00:00	6516.119	6536.626	6515.478	6530.217	107288	323826	1
2021.07.05	12:00:00	6530.217	6546.238	6521.886	6527.654	78265	247303	1
2021.07.05	13:00:00	6527.654	6529.576	6510.992	6514.837	56866	180222	1
2021.07.05	14:00:00	6515.478	6540.471	6507.147	6535.344	71897	214414	1
2021.07.05	15:00:00	6535.344	6543.034	6528.936	6531.499	50829	144750	1
2021.07.05	16:00:00	6532.140	6542.393	6531.499	6539.830	29013	85826	1
2021.07.05	17:00:00	6539.189	6555.210	6534.703	6544.957	36460	121237	1
2021.07.06	09:00:00	6526.372	6580.203	6523.809	6571.231	230162	688447	1
2021.07.06	10:00:00	6571.231	6626.344	6566.746	6614.809	220953	718140	1
2021.07.06	11:00:00	6615.450	6684.020	6610.964	6682.098	220023	725098	1
2021.07.06	12:00:00	6682.098	6691.710	6653.260	6658.386	139702	430224	1
2021.07.06	13:00:00	6658.386	6676.971	6656.464	6663.513	87137	249430	1
2021.07.06	14:00:00	6662.872	6669.281	6645.570	6651.337	99238	314792	1
2021.07.06	15:00:00	6651.978	6687.865	6648.774	6684.020	96550	321480	1
2021.07.06	16:00:00	6684.020	6699.401	6681.457	6696.196	69156	234342	1
2021.07.06	17:00:00	6695.556	6705.168	6679.534	6680.816	44203	171924	1
2021.07.07	09:00:00	6657.105	6685.943	6643.647	6682.739	253730	702551	1
2021.07.07	10:00:00	6682.739	6700.682	6669.922	6676.971	225714	669950	1
2021.07.07	11:00:00	6676.971	6766.689	6673.767	6760.281	241928	847298	1
2021.07.07	12:00:00	6759.640	6786.556	6748.105	6767.971	150647	537945	1
2021.07.07	13:00:00	6768.612	6783.351	6760.281	6771.816	85057	296160	1
2021.07.07	14:00:00	6771.816	6785.274	6737.851	6746.823	111034	388692	1
2021.07.07	15:00:00	6746.182	6761.563	6689.788	6732.084	186739	657924	1
2021.07.07	16:00:00	6732.084	6734.647	6707.091	6730.802	68312	227820	1
2021.07.07	17:00:00	6731.443	6738.492	6718.626	6724.394	32718	105612	1
2021.07.08	09:00:00	6780.147	6804.499	6764.126	6791.682	249670	746094	1
2021.07.08	10:00:00	6791.682	6800.013	6755.795	6772.457	227806	696792	1
2021.07.08	11:00:00	6772.457	6827.570	6761.563	6791.682	242417	812690	1
2021.07.08	12:00:00	6792.323	6792.964	6723.753	6727.598	174423	603474	1
2021.07.08	13:00:00	6726.957	6732.725	6705.809	6730.161	104157	366541	1
2021.07.08	14:00:00	6730.802	6755.795	6725.675	6738.492	97363	335997	1
2021.07.08	15:00:00	6737.851	6758.358	6734.006	6752.591	62606	223082	1
2021.07.08	16:00:00	6753.232	6760.281	6746.823	6750.668	46085	168665	1
2021.07.08	17:00:00	6750.668	6762.203	6743.619	6757.077	25182	94437	1
2021.07.12	09:00:00	6750.027	6788.478	6738.492	6740.415	260153	758476	1
2021.07.12	10:00:00	6740.415	6748.105	6719.908	6736.570	177648	530308	1
2021.07.12	11:00:00	6736.570	6750.668	6694.915	6697.478	152548	503770	1
2021.07.12	12:00:00	6697.478	6703.887	6667.358	6673.126	133632	467989	1
2021.07.12	13:00:00	6673.126	6685.943	6654.541	6659.668	94003	328342	1
2021.07.12	14:00:00	6659.668	6665.436	6647.492	6657.746	77433	271967	1
2021.07.12	15:00:00	6657.746	6672.485	6653.260	6657.746	66146	224273	1
2021.07.12	16:00:00	6657.105	6660.309	6632.753	6645.570	74784	289993	1
2021.07.12	17:00:00	6645.570	6652.619	6637.239	6643.006	37532	129680	1
2021.07.13	09:00:00	6651.337	6707.732	6637.239	6700.041	250702	775995	1
2021.07.13	10:00:00	6700.682	6702.605	6655.182	6665.436	226134	702000	1
2021.07.13	11:00:00	6664.795	6665.436	6621.858	6634.675	183517	597866	1
2021.07.13	12:00:00	6635.316	6644.929	6618.654	6620.577	105242	372368	1
2021.07.13	13:00:00	6621.217	6628.267	6611.605	6626.344	73830	252797	1
2021.07.13	14:00:00	6626.344	6662.232	6622.499	6644.929	123344	478238	1
2021.07.13	15:00:00	6644.929	6661.591	6627.626	6636.598	83621	279873	1
2021.07.13	16:00:00	6636.598	6657.746	6632.753	6655.823	57923	216277	1
2021.07.13	17:00:00	6655.182	6655.823	6630.830	6631.471	28704	106649	1
2021.07.14	09:00:00	6617.372	6623.140	6539.189	6556.492	259221	845845	1
2021.07.14	10:00:00	6556.492	6565.464	6529.576	6533.422	192477	620125	1
2021.07.14	11:00:00	6532.781	6538.548	6506.506	6523.168	185567	627420	1
2021.07.14	12:00:00	6523.809	6550.084	6510.992	6530.217	125519	422722	1
2021.07.14	13:00:00	6530.217	6539.189	6524.450	6530.858	66126	235560	1
2021.07.14	14:00:00	6530.858	6536.626	6525.091	6532.781	48178	178715	1
2021.07.14	15:00:00	6532.140	6542.393	6513.555	6521.886	87273	312273	1
2021.07.14	16:00:00	6521.886	6530.858	6510.992	6529.576	65146	234248	1
2021.07.14	17:00:00	6529.576	6533.422	6510.992	6513.555	36086	136451	1
2021.07.15	09:00:00	6528.295	6543.034	6487.922	6518.682	246324	702053	1
2021.07.15	10:00:00	6518.682	6560.337	6512.915	6541.753	239538	741493	1
2021.07.15	11:00:00	6541.753	6562.260	6524.450	6551.365	176606	564905	1
2021.07.15	12:00:00	6551.365	6578.922	6543.675	6571.872	114104	380735	1
2021.07.15	13:00:00	6572.513	6578.281	6549.443	6565.464	90456	299198	1
2021.07.15	14:00:00	6565.464	6596.865	6562.260	6596.865	107660	369270	1
2021.07.15	15:00:00	6596.224	6597.506	6569.309	6589.816	78060	273986	1
2021.07.15	16:00:00	6589.175	6591.739	6566.746	6569.309	54989	193606	1
2021.07.15	17:00:00	6569.309	6570.591	6559.696	6566.105	27433	101178	1
2021.07.16	09:00:00	6554.569	6572.513	6519.323	6551.365	261910	776654	1
2021.07.16	10:00:00	6551.365	6581.485	6537.907	6559.055	182463	598460	1
2021.07.16	11:00:00	6558.415	6580.844	6516.119	6516.760	208250	680024	1
2021.07.16	12:00:00	6517.400	6556.492	6515.478	6536.626	111903	373578	1
2021.07.16	13:00:00	6537.267	6543.675	6513.555	6521.246	76886	253305	1
2021.07.16	14:00:00	6520.605	6546.238	6516.760	6541.112	71685	240432	1
2021.07.16	15:00:00	6541.112	6566.746	6541.112	6562.900	76454	261249	1
2021.07.16	16:00:00	6563.541	6578.922	6560.978	6566.746	61160	216669	1
2021.07.16	17:00:00	6566.746	6576.358	6562.900	6566.105	24887	101785	1
2021.07.19	09:00:00	6619.936	6672.485	6612.246	6667.999	261850	698387	1
2021.07.19	10:00:00	6667.999	6676.330	6626.344	6654.541	246242	729023	1
2021.07.19	11:00:00	6653.901	6687.865	6652.619	6682.739	203716	600733	1
2021.07.19	12:00:00	6683.379	6696.196	6670.563	6685.943	117153	373310	1
2021.07.19	13:00:00	6685.302	6713.499	6676.971	6701.323	103669	340710	1
2021.07.19	14:00:00	6701.964	6722.471	6694.274	6721.189	96656	290178	1
2021.07.19	15:00:00	6720.549	6745.541	6707.732	6742.337	97969	336738	1
2021.07.19	16:00:00	6742.337	6748.105	6735.288	6736.570	67474	228652	1
2021.07.19	17:00:00	6736.570	6746.182	6726.957	6739.133	46127	162400	1
2021.07.20	09:00:00	6725.675	6776.943	6713.499	6764.126	249940	749722	1
2021.07.20	10:00:00	6764.767	6794.887	6736.570	6741.056	221963	729102	1
2021.07.20	11:00:00	6741.056	6757.077	6712.218	6735.929	198559	666996	1
2021.07.20	12:00:00	6735.288	6741.056	6675.689	6699.401	137327	494074	1
2021.07.20	13:00:00	6699.401	6715.422	6682.739	6684.661	91852	324237	1
2021.07.20	14:00:00	6684.661	6706.450	6684.020	6699.401	72094	245596	1
2021.07.20	15:00:00	6700.041	6703.887	6685.943	6685.943	52761	173574	1
2021.07.20	16:00:00	6686.584	6712.218	6683.379	6711.577	58071	196995	1
2021.07.20	17:00:00	6711.577	6713.499	6691.710	6701.323	38164	147216	1
2021.07.21	09:00:00	6714.140	6759.640	6707.732	6753.232	227962	698156	1
2021.07.21	10:00:00	6753.872	6754.513	6721.189	6726.957	209302	683366	1
2021.07.21	11:00:00	6727.598	6771.816	6726.316	6741.696	186128	637188	1
2021.07.21	12:00:00	6741.056	6755.795	6700.041	6711.577	155463	544068	1
2021.07.21	13:00:00	6712.218	6715.422	6691.710	6706.450	86890	318284	1
2021.07.21	14:00:00	6706.450	6706.450	6675.689	6691.070	86994	291604	1
2021.07.21	15:00:00	6691.710	6696.837	6669.922	6673.126	80030	277806	1
2021.07.21	16:00:00	6673.767	6674.408	6647.492	6661.591	68850	260865	1
2021.07.21	17:00:00	6661.591	6661.591	6649.415	6655.823	27899	105254	1
2021.07.22	09:00:00	6649.415	6671.203	6630.189	6639.161	248463	716630	1
2021.07.22	10:00:00	6639.802	6687.225	6635.957	6680.816	215629	707642	1
2021.07.22	11:00:00	6680.175	6700.041	6673.767	6679.534	148905	513032	1
2021.07.22	12:00:00	6679.534	6703.246	6667.999	6678.894	115916	416153	1
2021.07.22	13:00:00	6678.894	6682.098	6653.901	6660.309	95660	338729	1
2021.07.22	14:00:00	6660.950	6683.379	6660.309	6667.999	69766	248879	1
2021.07.22	15:00:00	6668.640	6689.147	6664.795	6676.971	82149	305300	1
2021.07.22	16:00:00	6677.612	6686.584	6666.717	6684.661	52442	197435	1
2021.07.22	17:00:00	6684.661	6688.506	6671.844	6675.689	27914	105298	1
2021.07.23	09:00:00	6667.999	6668.640	6619.936	6622.499	170876	508703	1
2021.07.23	10:00:00	6621.858	6644.288	6618.013	6642.365	156597	485096	1
2021.07.23	11:00:00	6642.365	6658.386	6626.344	6626.985	152408	528179	1
2021.07.23	12:00:00	6627.626	6646.851	6616.732	6641.084	99406	354279	1
2021.07.23	13:00:00	6641.084	6656.464	6633.393	6655.823	54774	197701	1
2021.07.23	14:00:00	6655.182	6674.408	6645.570	6657.105	92988	335091	1
2021.07.23	15:00:00	6657.105	6706.450	6655.823	6696.837	82044	324965	1
2021.07.23	16:00:00	6696.837	6712.218	6679.534	6682.098	63303	226872	1
2021.07.23	17:00:00	6682.098	6684.020	6667.358	6671.203	29387	111723	1
2021.07.26	09:00:00	6658.386	6707.732	6655.182	6694.274	201287	588119	1
2021.07.26	10:00:00	6694.915	6701.323	6641.724	6643.647	203351	658049	1
2021.07.26	11:00:00	6643.647	6650.055	6622.499	6634.675	147058	518652	1
2021.07.26	12:00:00	6634.034	6645.570	6624.422	6632.753	84443	299011	1
2021.07.26	13:00:00	6632.753	6634.034	6606.478	6623.140	88007	319356	1
2021.07.26	14:00:00	6623.140	6638.520	6619.936	6637.239	61875	223976	1
2021.07.26	15:00:00	6637.239	6645.570	6630.189	6641.724	67288	246001	1
2021.07.26	16:00:00	6641.724	6647.492	6633.393	6636.598	45562	161744	1
2021.07.26	17:00:00	6636.598	6648.774	6634.675	6639.161	24684	102890	1
2021.07.27	09:00:00	6659.668	6675.689	6626.344	6658.386	244610	698743	1
2021.07.27	10:00:00	6657.746	6663.513	6618.654	6623.781	210464	688096	1
2021.07.27	11:00:00	6623.781	6635.316	6614.809	6621.858	141081	484443	1
2021.07.27	12:00:00	6621.217	6630.189	6603.274	6616.732	114215	414914	1
2021.07.27	13:00:00	6617.372	6635.957	6616.091	6631.471	62052	220574	1
2021.07.27	14:00:00	6630.830	6644.288	6626.344	6640.443	77157	270143	1
2021.07.27	15:00:00	6640.443	6648.133	6634.034	6644.288	61470	214272	1
2021.07.27	16:00:00	6644.288	6644.929	6631.471	6634.675	39602	148171	1
2021.07.27	17:00:00	6635.316	6639.802	6628.267	6628.908	26113	107835	1
2021.07.28	09:00:00	6630.830	6638.520	6607.760	6625.062	173199	517966	1
2021.07.28	10:00:00	6625.062	6625.062	6582.767	6584.689	202244	639221	1
2021.07.28	11:00:00	6584.689	6631.471	6575.077	6626.985	167140	601208	1
2021.07.28	12:00:00	6626.985	6634.034	6608.401	6610.323	97423	359749	1
2021.07.28	13:00:00	6609.682	6630.830	6603.915	6625.703	68937	241189	1
2021.07.28	14:00:00	6625.062	6645.570	6616.091	6632.112	73632	257071	1
2021.07.28	15:00:00	6632.753	6657.746	6560.337	6571.231	211886	742288	1
2021.07.28	16:00:00	6570.591	6574.436	6545.598	6551.365	73595	265046	1
2021.07.28	17:00:00	6551.365	6563.541	6544.957	6562.900	34978	141019	1
2021.07.29	09:00:00	6520.605	6526.372	6500.738	6510.351	146258	446664	1
2021.07.29	10:00:00	6510.351	6523.168	6498.816	6519.323	173797	567807	1
2021.07.29	11:00:00	6519.323	6521.246	6485.999	6487.922	159408	573059	1
2021.07.29	12:00:00	6487.281	6489.203	6464.851	6475.745	92545	352611	1
2021.07.29	13:00:00	6475.745	6484.717	6461.647	6484.076	69796	250293	1
2021.07.29	14:00:00	6484.076	6496.253	6480.231	6494.330	70353	288457	1
2021.07.29	15:00:00	6494.971	6512.915	6487.281	6489.844	80241	324724	1
2021.07.29	16:00:00	6489.844	6516.760	6489.203	6509.710	59368	240608	1
2021.07.29	17:00:00	6510.351	6516.760	6498.175	6510.992	30955	125497	1
2021.07.30	09:00:00	6507.801	6566.516	6507.801	6548.008	173899	489352	1
2021.07.30	10:00:00	6548.008	6551.837	6509.077	6523.118	136240	446964	1
2021.07.30	11:00:00	6523.118	6602.256	6516.098	6597.788	172297	624379	1
2021.07.30	12:00:00	6598.426	6607.361	6584.386	6590.768	93200	351526	1
2021.07.30	13:00:00	6590.768	6617.573	6583.748	6613.105	67652	235990	1
2021.07.30	14:00:00	6612.467	6637.357	6611.829	6629.060	75533	279837	1
2021.07.30	15:00:00	6629.699	6662.247	6627.784	6653.312	77134	293955	1
2021.07.30	16:00:00	6652.674	6681.393	6648.207	6674.373	83772	320261	1
2021.07.30	17:00:00	6674.373	6700.540	6657.141	6680.755	57074	229449	1
2021.08.02	09:00:00	6650.121	6655.865	6573.536	6590.130	226568	689548	1
2021.08.02	10:00:00	6590.130	6602.256	6577.366	6588.853	135496	436180	1
2021.08.02	11:00:00	6588.215	6592.683	6564.601	6577.366	151619	477966	1
2021.08.02	12:00:00	6577.366	6590.768	6555.666	6567.792	106837	359509	1
2021.08.02	13:00:00	6567.792	6589.491	6553.114	6560.772	89780	312979	1
2021.08.02	14:00:00	6561.410	6579.280	6555.028	6579.280	70979	235929	1
2021.08.02	15:00:00	6578.642	6615.658	6576.727	6608.638	102394	346085	1
2021.08.02	16:00:00	6608.638	6622.040	6600.979	6617.573	70068	246438	1
2021.08.02	17:00:00	6617.573	6687.137	6615.020	6625.231	97168	356999	1
2021.08.03	09:00:00	6620.764	6733.726	6615.658	6706.283	326786	974029	1
2021.08.03	10:00:00	6706.283	6750.958	6703.731	6744.576	208638	635234	1
2021.08.03	11:00:00	6744.576	6757.340	6721.600	6732.450	172622	543503	1
2021.08.03	12:00:00	6732.450	6735.641	6696.072	6706.283	140737	449043	1
2021.08.03	13:00:00	6705.645	6719.686	6689.690	6702.454	101957	340074	1
2021.08.03	14:00:00	6702.454	6703.092	6678.202	6699.263	97461	314950	1
2021.08.03	15:00:00	6699.263	6701.178	6660.971	6668.629	86528	290793	1
2021.08.03	16:00:00	6668.629	6669.267	6634.804	6650.121	90077	318943	1
2021.08.03	17:00:00	6650.121	6667.991	6648.845	6661.609	31665	108236	1
2021.08.04	09:00:00	6642.463	6686.499	6626.507	6659.056	284700	797200	1
2021.08.04	10:00:00	6659.056	6667.991	6616.934	6629.699	220062	662910	1
2021.08.04	11:00:00	6630.337	6708.836	6629.699	6683.946	242779	778062	1
2021.08.04	12:00:00	6683.946	6720.324	6678.841	6705.645	119924	402764	1
2021.08.04	13:00:00	6705.007	6713.942	6689.690	6700.540	79493	243410	1
2021.08.04	14:00:00	6700.540	6700.540	6648.207	6651.398	111824	361290	1
2021.08.04	15:00:00	6651.398	6656.503	6632.890	6646.930	83651	278951	1
2021.08.04	16:00:00	6646.930	6655.865	6637.995	6648.207	49104	163913	1
2021.08.04	17:00:00	6647.568	6648.207	6620.764	6622.678	40791	152614	1
2021.08.05	09:00:00	6563.963	6616.934	6556.943	6581.195	252637	753319	1
2021.08.05	10:00:00	6581.833	6592.044	6546.093	6558.858	253576	790739	1
2021.08.05	11:00:00	6558.858	6588.215	6552.475	6581.833	166954	551726	1
2021.08.05	12:00:00	6581.833	6633.528	6578.642	6631.613	156792	531825	1
2021.08.05	13:00:00	6631.613	6650.759	6626.507	6638.633	102081	356618	1
2021.08.05	14:00:00	6638.633	6673.735	6636.081	6657.141	114382	368114	1
2021.08.05	15:00:00	6657.780	6693.519	6652.674	6669.906	111758	384607	1
2021.08.05	16:00:00	6669.906	6685.861	6654.589	6682.670	85719	290897	1
2021.08.05	17:00:00	6682.670	6735.003	6676.288	6725.430	58829	248398	1
2021.08.06	09:00:00	6699.901	6755.425	6678.202	6726.706	303925	860940	1
2021.08.06	10:00:00	6726.706	6735.641	6665.438	6726.068	251438	813675	1
2021.08.06	11:00:00	6726.068	6747.767	6703.092	6714.580	164010	510895	1
2021.08.06	12:00:00	6714.580	6722.239	6670.544	6692.243	138219	434083	1
2021.08.06	13:00:00	6692.243	6713.942	6688.414	6694.157	82563	259025	1
2021.08.06	14:00:00	6693.519	6720.324	6685.861	6710.113	74204	231797	1
2021.08.06	15:00:00	6710.113	6724.153	6697.349	6715.857	72091	233406	1
2021.08.06	16:00:00	6715.218	6720.324	6696.710	6701.816	53573	178986	1
2021.08.06	17:00:00	6702.454	6731.812	6698.625	6699.263	54384	172111	1
2021.08.09	09:00:00	6694.796	6763.084	6689.690	6752.873	247329	677304	1
2021.08.09	10:00:00	6752.234	6756.064	6696.072	6709.474	248205	734958	1
2021.08.09	11:00:00	6710.113	6784.145	6706.283	6777.763	214970	681150	1
2021.08.09	12:00:00	6777.124	6784.145	6756.702	6772.657	126934	391784	1
2021.08.09	13:00:00	6772.657	6772.657	6741.385	6742.661	83657	261485	1
2021.08.09	14:00:00	6742.661	6746.490	6678.202	6692.243	150867	505770	1
2021.08.09	15:00:00	6692.243	6707.560	6676.288	6707.560	95036	339056	1
2021.08.09	16:00:00	6706.922	6717.771	6700.540	6715.857	53602	177303	1
2021.08.09	17:00:00	6715.218	6719.686	6701.178	6701.178	46389	143221	1
2021.08.10	09:00:00	6703.731	6737.556	6683.308	6710.113	343858	932775	1
2021.08.10	10:00:00	6709.474	6736.279	6680.755	6710.751	264714	792961	1
2021.08.10	11:00:00	6710.113	6728.621	6674.373	6680.117	207570	663468	1
2021.08.10	12:00:00	6680.755	6690.328	6645.016	6647.568	140930	456146	1
2021.08.10	13:00:00	6647.568	6669.906	6646.930	6659.056	97492	310177	1
2021.08.10	14:00:00	6659.056	6679.479	6637.995	6669.906	120497	391431	1
2021.08.10	15:00:00	6669.267	6678.202	6650.121	6652.674	88383	287442	1
2021.08.10	16:00:00	6652.674	6664.162	6646.930	6651.398	50537	157693	1
2021.08.10	17:00:00	6651.398	6656.503	6643.739	6643.739	38757	131585	1
2021.08.11	09:00:00	6650.759	6680.755	6609.276	6623.955	292494	875318	1
2021.08.11	10:00:00	6623.955	6667.353	6618.211	6654.589	268218	820897	1
2021.08.11	11:00:00	6654.589	6699.901	6650.759	6673.735	182927	616728	1
2021.08.11	12:00:00	6673.735	6687.137	6661.609	6661.609	118609	434228	1
2021.08.11	13:00:00	6662.247	6683.308	6656.503	6679.479	79067	273748	1
2021.08.11	14:00:00	6678.841	6685.223	6666.076	6673.097	81134	288186	1
2021.08.11	15:00:00	6673.735	6682.670	6666.715	6679.479	55712	179624	1
2021.08.11	16:00:00	6679.479	6696.072	6678.841	6680.117	60733	187902	1
2021.08.11	17:00:00	6680.117	6696.072	6676.926	6691.605	38260	123530	1
2021.08.12	09:00:00	6679.479	6710.751	6670.544	6692.881	236373	630934	1
2021.08.12	10:00:00	6692.881	6718.409	6683.308	6683.946	204270	611822	1
2021.08.12	11:00:00	6683.308	6722.877	6682.032	6708.836	167162	508111	1
2021.08.12	12:00:00	6709.474	6727.344	6692.243	6701.178	106772	332401	1
2021.08.12	13:00:00	6701.816	6701.816	6674.373	6688.414	89396	277707	1
2021.08.12	14:00:00	6687.775	6692.881	6666.076	6680.117	91519	282643	1
2021.08.12	15:00:00	6679.479	6723.515	6679.479	6722.239	100328	316844	1
2021.08.12	16:00:00	6721.600	6727.982	6714.580	6722.877	63524	196097	1
2021.08.12	17:00:00	6723.515	6733.088	6716.495	6722.877	41296	150254	1
2021.08.13	09:00:00	6707.560	6726.068	6690.328	6699.901	218087	627608	1
2021.08.13	10:00:00	6699.901	6752.234	6694.796	6742.023	219874	674420	1
2021.08.13	11:00:00	6742.023	6757.340	6712.665	6714.580	182794	603702	1
2021.08.13	12:00:00	6715.218	6719.048	6684.584	6698.625	128726	457430	1
2021.08.13	13:00:00	6698.625	6705.007	6687.137	6700.540	68449	221433	1
2021.08.13	14:00:00	6700.540	6708.198	6678.841	6705.645	79736	281471	1
2021.08.13	15:00:00	6705.007	6712.665	6690.966	6710.113	74697	262659	1
2021.08.13	16:00:00	6710.113	6713.304	6699.901	6710.751	43648	152723	1
2021.08.13	17:00:00	6710.751	6721.600	6708.836	6716.495	31548	111936	1
2021.08.16	09:00:00	6747.129	6776.486	6728.621	6728.621	200504	569983	1
2021.08.16	10:00:00	6728.621	6738.832	6711.389	6719.048	192096	574808	1
2021.08.16	11:00:00	6719.048	6719.048	6688.414	6697.349	174748	583973	1
2021.08.16	12:00:00	6697.349	6722.239	6695.434	6711.389	125272	417614	1
2021.08.16	13:00:00	6711.389	6716.495	6698.625	6713.942	71929	255380	1
2021.08.16	14:00:00	6713.942	6731.174	6706.283	6724.153	85714	274474	1
2021.08.16	15:00:00	6724.791	6746.490	6719.048	6742.023	79764	271127	1
2021.08.16	16:00:00	6741.385	6763.722	6736.279	6755.425	74317	261472	1
2021.08.16	17:00:00	6755.425	6761.169	6725.430	6727.982	47088	165049	1
2021.08.17	09:00:00	6754.149	6755.425	6720.324	6743.938	235609	669116	1
2021.08.17	10:00:00	6743.938	6777.124	6712.027	6722.239	267267	833725	1
2021.08.17	11:00:00	6722.877	6731.812	6708.198	6717.133	159580	494992	1
2021.08.17	12:00:00	6717.133	6726.068	6696.072	6719.048	125622	453001	1
2021.08.17	13:00:00	6719.686	6762.446	6712.027	6756.064	132531	451425	1
2021.08.17	14:00:00	6756.702	6782.868	6743.299	6762.446	126927	437308	1
2021.08.17	15:00:00	6762.446	6773.933	6720.962	6740.747	128793	458706	1
2021.08.17	16:00:00	6740.747	6744.576	6729.897	6736.917	56014	175206	1
2021.08.17	17:00:00	6736.917	6776.486	6736.279	6773.933	57803	192576	1
2021.08.18	09:00:00	6758.616	6773.295	6742.661	6758.616	202221	555403	1
2021.08.18	10:00:00	6757.978	6763.722	6730.535	6732.450	188155	556908	1
2021.08.18	11:00:00	6731.812	6807.758	6728.621	6787.974	256580	820289	1
2021.08.18	12:00:00	6787.974	6846.689	6784.145	6832.010	175429	611737	1
2021.08.18	13:00:00	6832.648	6846.689	6822.437	6825.628	87906	266682	1
2021.08.18	14:00:00	6825.628	6840.945	6813.502	6833.287	93452	298792	1
2021.08.18	15:00:00	6833.287	6854.348	6801.376	6851.157	158526	503251	1
2021.08.18	16:00:00	6851.157	6875.408	6840.945	6871.579	96587	339092	1
2021.08.18	17:00:00	6871.579	6902.213	6870.941	6892.002	64390	239382	1
2021.08.19	09:00:00	6926.465	6974.969	6918.168	6946.888	283066	818601	1
2021.08.19	10:00:00	6947.526	6952.631	6897.746	6906.681	250497	756296	1
2021.08.19	11:00:00	6907.319	6949.440	6883.705	6926.465	221179	734047	1
2021.08.19	12:00:00	6927.103	6950.079	6900.937	6911.148	157477	526209	1
2021.08.19	13:00:00	6910.510	6923.912	6879.876	6895.193	109701	392529	1
2021.08.19	14:00:00	6895.193	6924.550	6876.685	6921.998	113156	377896	1
2021.08.19	15:00:00	6921.998	6951.993	6911.786	6934.762	109133	367311	1
2021.08.19	16:00:00	6935.400	6939.229	6905.404	6932.847	77287	250590	1
2021.08.19	17:00:00	6932.209	6943.697	6915.615	6920.083	40068	132914	1
2021.08.20	09:00:00	6956.461	6992.839	6936.676	6985.818	216898	601380	1
2021.08.20	10:00:00	6985.818	6998.582	6957.737	6960.928	200028	607046	1
2021.08.20	11:00:00	6961.566	6980.713	6915.615	6918.168	189782	574274	1
2021.08.20	12:00:00	6918.806	6926.465	6893.916	6900.937	121898	401563	1
2021.08.20	13:00:00	6900.937	6904.766	6883.705	6899.660	79057	251253	1
2021.08.20	14:00:00	6900.298	6919.445	6892.002	6909.233	70455	216104	1
2021.08.20	15:00:00	6909.233	6916.254	6884.343	6887.534	74935	227970	1
2021.08.20	16:00:00	6887.534	6908.595	6865.197	6883.067	98791	327468	1
2021.08.20	17:00:00	6883.067	6890.087	6858.177	6871.579	49677	149877	1
2021.08.23	09:00:00	6856.900	6870.303	6830.734	6842.222	200743	556045	1
2021.08.23	10:00:00	6841.583	6886.258	6832.648	6863.921	246903	694456	1
2021.08.23	11:00:00	6863.921	6885.620	6860.091	6867.750	152079	449445	1
2021.08.23	12:00:00	6867.750	6903.490	6866.473	6881.152	131264	413066	1
2021.08.23	13:00:00	6881.790	6884.343	6862.006	6877.323	84893	274876	1
2021.08.23	14:00:00	6877.323	6892.002	6865.197	6879.876	93782	301719	1
2021.08.23	15:00:00	6879.876	6895.831	6869.026	6870.941	83865	253690	1
2021.08.23	16:00:00	6870.303	6881.790	6861.368	6877.323	64601	205990	1
2021.08.23	17:00:00	6877.961	6890.087	6870.303	6876.047	42378	139159	1
2021.08.24	09:00:00	6852.433	6855.624	6804.567	6821.799	213658	648629	1
2021.08.24	10:00:00	6821.799	6833.287	6792.441	6800.100	207272	648663	1
2021.08.24	11:00:00	6800.100	6801.376	6735.003	6743.938	201012	709986	1
2021.08.24	12:00:00	6743.938	6744.576	6721.600	6743.938	101717	365171	1
2021.08.24	13:00:00	6743.299	6745.852	6708.198	6718.409	103609	369677	1
2021.08.24	14:00:00	6718.409	6726.068	6708.198	6723.515	70887	251615	1
2021.08.24	15:00:00	6724.153	6726.706	6705.007	6708.198	69277	243002	1
2021.08.24	16:00:00	6708.836	6725.430	6707.560	6722.877	54252	197473	1
2021.08.24	17:00:00	6722.239	6725.430	6702.454	6709.474	44315	166324	1
2021.08.25	09:00:00	6728.621	6731.812	6681.393	6696.710	231690	691391	1
2021.08.25	10:00:00	6696.710	6733.088	6676.288	6720.962	229973	731277	1
2021.08.25	11:00:00	6721.600	6729.259	6695.434	6701.816	166654	520997	1
2021.08.25	12:00:00	6702.454	6707.560	6678.841	6701.816	115562	399502	1
2021.08.25	13:00:00	6701.178	6706.922	6690.966	6703.731	66768	222869	1
2021.08.25	14:00:00	6703.731	6712.665	6691.605	6691.605	78080	245881	1
2021.08.25	15:00:00	6692.243	6696.072	6650.759	6652.674	114584	398882	1
2021.08.25	16:00:00	6652.674	6662.885	6650.759	6656.503	49333	160782	1
2021.08.25	17:00:00	6656.503	6669.267	6653.950	6660.332	30648	119479	1
2021.08.26	09:00:00	6673.097	6694.796	6662.247	6680.755	170722	482479	1
2021.08.26	10:00:00	6681.393	6704.369	6680.755	6692.881	163151	486995	1
2021.08.26	11:00:00	6692.881	6713.304	6680.755	6705.007	173507	545289	1
2021.08.26	12:00:00	6705.007	6715.857	6689.052	6695.434	105934	361351	1
2021.08.26	13:00:00	6695.434	6704.369	6687.775	6703.731	58067	197298	1
2021.08.26	14:00:00	6703.092	6715.218	6697.349	6708.836	61566	206526	1
2021.08.26	15:00:00	6708.836	6720.324	6702.454	6716.495	58999	203662	1
2021.08.26	16:00:00	6716.495	6727.344	6701.178	6712.665	81549	282019	1
2021.08.26	17:00:00	6712.665	6726.706	6708.836	6722.877	38358	138922	1
2021.08.27	09:00:00	6712.027	6718.409	6683.308	6687.137	180996	527181	1
2021.08.27	10:00:00	6686.499	6707.560	6670.544	6685.861	182980	571441	1
2021.08.27	11:00:00	6685.861	6695.434	6648.207	6652.674	220159	718880	1
2021.08.27	12:00:00	6652.036	6659.056	6628.422	6634.166	101813	339295	1
2021.08.27	13:00:00	6633.528	6649.483	6632.890	6641.186	69731	252793	1
2021.08.27	14:00:00	6641.186	6655.865	6637.357	6653.950	60665	224130	1
2021.08.27	15:00:00	6654.589	6655.865	6623.316	6629.060	74343	265185	1
2021.08.27	16:00:00	6629.699	6637.357	6627.146	6635.442	41643	146863	1
2021.08.27	17:00:00	6634.804	6655.865	6630.975	6645.016	41134	166761	1
2021.08.30	09:00:00	6637.357	6672.458	6636.719	6653.312	189514	522043	1
2021.08.30	10:00:00	6653.312	6666.076	6639.272	6654.589	152376	460938	1
2021.08.30	11:00:00	6653.950	6654.589	6616.296	6620.125	162969	532306	1
2021.08.30	12:00:00	6620.125	6638.633	6616.296	6628.422	89280	309770	1
2021.08.30	13:00:00	6629.060	6636.719	6618.849	6625.231	62326	200725	1
2021.08.30	14:00:00	6625.231	6638.633	6613.105	6634.166	79535	290307	1
2021.08.30	15:00:00	6633.528	6636.081	6616.934	6622.040	58065	196357	1
2021.08.30	16:00:00	6622.040	6629.699	6618.849	6624.593	40756	138451	1
2021.08.30	17:00:00	6623.955	6631.613	6616.934	6618.211	32127	119135	1
2021.08.31	09:00:00	6616.305	6632.823	6587.080	6598.516	191598	541769	1
2021.08.31	10:00:00	6597.880	6605.504	6562.937	6572.467	180612	568613	1
2021.08.31	11:00:00	6571.832	6576.915	6528.630	6532.442	166191	560176	1
2021.08.31	12:00:00	6532.442	6566.114	6530.536	6560.396	103902	392948	1
2021.08.31	13:00:00	6560.396	6585.809	6554.678	6580.726	102990	342754	1
2021.08.31	14:00:00	6581.362	6605.504	6574.373	6590.892	94092	316872	1
2021.08.31	15:00:00	6590.256	6602.963	6585.174	6594.068	66620	235599	1
2021.08.31	16:00:00	6594.704	6615.034	6591.527	6599.786	65241	232070	1
2021.08.31	17:00:00	6600.422	6600.422	6569.291	6571.832	33601	128824	1
2021.09.01	09:00:00	6578.185	6588.986	6561.667	6571.832	195247	538958	1
2021.09.01	10:00:00	6571.832	6597.880	6559.761	6579.456	202574	642988	1
2021.09.01	11:00:00	6579.456	6587.080	6565.479	6578.185	124628	457313	1
2021.09.01	12:00:00	6578.185	6618.846	6568.655	6611.222	132755	478311	1
2021.09.01	13:00:00	6611.222	6612.493	6588.350	6608.046	84923	289602	1
2021.09.01	14:00:00	6608.046	6611.858	6576.279	6586.444	76155	250682	1
2021.09.01	15:00:00	6586.444	6602.963	6585.174	6590.892	64599	205244	1
2021.09.01	16:00:00	6591.527	6620.752	6589.621	6610.587	63770	207848	1
2021.09.01	17:00:00	6611.222	6631.553	6610.587	6616.940	44557	167073	1
2021.09.02	09:00:00	6599.786	6627.105	6594.068	6611.858	215343	595243	1
2021.09.02	10:00:00	6611.858	6632.823	6604.869	6618.846	181294	567458	1
2021.09.02	11:00:00	6618.211	6618.846	6558.490	6561.667	193728	661888	1
2021.09.02	12:00:00	6562.302	6590.892	6559.761	6588.350	113926	433796	1
2021.09.02	13:00:00	6588.350	6594.068	6571.832	6581.362	74600	271959	1
2021.09.02	14:00:00	6580.726	6598.516	6574.373	6593.433	76919	303787	1
2021.09.02	15:00:00	6593.433	6622.023	6579.456	6612.493	101138	381867	1
2021.09.02	16:00:00	6613.128	6618.211	6605.504	6609.316	60507	228648	1
2021.09.02	17:00:00	6608.681	6625.199	6601.692	6609.952	44275	169161	1
2021.09.03	09:00:00	6597.880	6599.151	6543.877	6575.644	242117	730837	1
2021.09.03	10:00:00	6575.644	6615.670	6562.302	6606.775	208662	669126	1
2021.09.03	11:00:00	6607.410	6620.117	6585.174	6597.245	161854	585021	1
2021.09.03	12:00:00	6597.245	6609.952	6586.444	6592.798	91606	345021	1
2021.09.03	13:00:00	6592.798	6610.587	6586.444	6603.598	54711	183541	1
2021.09.03	14:00:00	6604.234	6616.305	6596.610	6613.128	54031	194674	1
2021.09.03	15:00:00	6613.128	6620.117	6608.046	6610.587	55852	201877	1
2021.09.03	16:00:00	6610.587	6625.199	6606.775	6610.587	43688	163664	1
2021.09.03	17:00:00	6611.222	6632.823	6607.410	6629.011	39453	155231	1
2021.09.06	09:00:00	6616.940	6646.165	6612.493	6638.541	107467	298678	1
2021.09.06	10:00:00	6639.177	6641.718	6615.034	6618.211	130894	391562	1
2021.09.06	11:00:00	6618.211	6620.117	6585.174	6587.080	104336	334104	1
2021.09.06	12:00:00	6587.715	6592.798	6573.103	6583.268	76979	250692	1
2021.09.06	13:00:00	6582.632	6589.621	6578.821	6589.621	33188	99410	1
2021.09.06	14:00:00	6588.986	6589.621	6581.997	6587.715	19553	62204	1
2021.09.06	15:00:00	6587.080	6597.880	6584.538	6595.974	28656	96614	1
2021.09.06	16:00:00	6595.974	6602.328	6589.621	6600.422	27783	94816	1
2021.09.06	17:00:00	6600.422	6601.057	6590.256	6593.433	20907	77596	1
2021.09.08	09:00:00	6622.023	6659.507	6620.752	6627.741	211765	612197	1
2021.09.08	10:00:00	6627.741	6675.390	6627.741	6674.755	195489	604064	1
2021.09.08	11:00:00	6674.755	6742.100	6669.037	6731.935	192565	688399	1
2021.09.08	12:00:00	6731.935	6768.784	6724.946	6736.382	155935	627771	1
2021.09.08	13:00:00	6737.017	6755.442	6717.322	6749.088	107966	378311	1
2021.09.08	14:00:00	6749.088	6761.795	6719.863	6744.006	101159	358841	1
2021.09.08	15:00:00	6744.006	6772.596	6734.476	6768.784	86511	306718	1
2021.09.08	16:00:00	6768.784	6789.114	6766.242	6786.573	75348	302163	1
2021.09.08	17:00:00	6786.573	6799.915	6772.596	6778.949	51214	194818	1
2021.09.09	09:00:00	6762.430	6799.915	6739.558	6768.148	302586	935490	1
2021.09.09	10:00:00	6768.148	6778.313	6715.416	6737.652	248492	806860	1
2021.09.09	11:00:00	6737.652	6741.464	6706.521	6717.322	161477	563480	1
2021.09.09	12:00:00	6717.322	6742.735	6710.333	6726.217	108506	403980	1
2021.09.09	13:00:00	6726.217	6735.746	6716.687	6731.935	63506	237168	1
2021.09.09	14:00:00	6732.570	6770.054	6724.946	6762.430	121042	424201	1
2021.09.09	15:00:00	6762.430	6790.385	6747.818	6761.160	100833	393619	1
2021.09.09	16:00:00	6761.160	6767.513	6620.752	6663.319	159095	572131	1
2021.09.09	17:00:00	6663.319	6676.026	6622.658	6641.083	70127	221395	1
2021.09.10	09:00:00	6580.726	6659.507	6574.373	6651.248	234388	761961	1
2021.09.10	10:00:00	6651.248	6662.048	6630.917	6638.541	187945	556136	1
2021.09.10	11:00:00	6637.906	6677.932	6630.917	6660.778	157609	515711	1
2021.09.10	12:00:00	6661.413	6676.661	6646.801	6652.519	104124	364078	1
2021.09.10	13:00:00	6651.883	6660.142	6646.801	6652.519	46204	151418	1
2021.09.10	14:00:00	6652.519	6712.239	6649.342	6691.909	132929	458223	1
2021.09.10	15:00:00	6691.909	6707.792	6684.285	6693.815	66260	222352	1
2021.09.10	16:00:00	6693.815	6717.957	6691.274	6712.239	58250	201586	1
2021.09.10	17:00:00	6712.875	6714.781	6684.285	6693.815	33278	133735	1
2021.09.13	09:00:00	6674.755	6679.838	6630.282	6660.142	238401	672338	1
2021.09.13	10:00:00	6660.142	6676.026	6646.165	6657.601	207395	600173	1
2021.09.13	11:00:00	6656.966	6673.484	6634.094	6639.177	161705	507756	1
2021.09.13	12:00:00	6639.812	6647.436	6627.741	6639.177	106189	335573	1
2021.09.13	13:00:00	6639.812	6652.519	6636.000	6645.530	63829	214510	1
2021.09.13	14:00:00	6645.530	6667.131	6639.812	6654.425	71206	241908	1
2021.09.13	15:00:00	6654.425	6672.849	6654.425	6667.131	61170	216703	1
2021.09.13	16:00:00	6667.766	6672.214	6653.154	6655.695	45603	157235	1
2021.09.13	17:00:00	6655.695	6659.507	6644.895	6649.977	29642	105802	1
2021.09.14	09:00:00	6670.943	6674.120	6623.293	6635.365	229705	663864	1
2021.09.14	10:00:00	6635.365	6683.014	6630.282	6679.202	198053	616401	1
2021.09.14	11:00:00	6679.838	6691.909	6655.695	6666.496	162245	525645	1
2021.09.14	12:00:00	6665.860	6669.037	6642.353	6654.425	85993	294496	1
2021.09.14	13:00:00	6654.425	6683.014	6649.342	6673.484	74183	246316	1
2021.09.14	14:00:00	6673.484	6678.567	6659.507	6676.661	70690	237788	1
2021.09.14	15:00:00	6676.661	6691.274	6671.578	6686.826	69920	238267	1
2021.09.14	16:00:00	6686.826	6706.521	6686.191	6698.897	58700	202893	1
2021.09.14	17:00:00	6698.262	6699.533	6670.943	6687.462	39757	125240	1
2021.09.15	09:00:00	6677.296	6703.980	6662.684	6688.097	213394	692366	1
2021.09.15	10:00:00	6688.732	6714.781	6684.920	6693.815	212578	724203	1
2021.09.15	11:00:00	6693.815	6710.969	6684.285	6692.544	139529	531921	1
2021.09.15	12:00:00	6692.544	6702.709	6689.368	6692.544	67410	254794	1
2021.09.15	13:00:00	6692.544	6700.168	6676.661	6683.650	69550	249810	1
2021.09.15	14:00:00	6683.650	6701.439	6679.202	6695.086	70264	235850	1
2021.09.15	15:00:00	6695.086	6703.980	6672.214	6687.462	69749	239208	1
2021.09.15	16:00:00	6688.097	6691.274	6667.131	6669.037	59957	203106	1
2021.09.15	17:00:00	6669.672	6679.838	6641.718	6660.142	40721	160157	1
2021.09.16	09:00:00	6670.943	6699.533	6662.684	6690.003	168561	503416	1
2021.09.16	10:00:00	6690.638	6721.769	6684.920	6708.427	188725	678700	1
2021.09.16	11:00:00	6708.427	6719.863	6686.826	6691.909	135174	450032	1
2021.09.16	12:00:00	6691.274	6698.897	6680.473	6690.003	71470	265404	1
2021.09.16	13:00:00	6690.003	6700.168	6684.920	6698.262	48073	175015	1
2021.09.16	14:00:00	6698.897	6708.427	6690.638	6707.792	49610	164573	1
2021.09.16	15:00:00	6707.792	6724.311	6704.615	6707.157	73823	265477	1
2021.09.16	16:00:00	6707.792	6718.593	6702.709	6704.615	50247	169959	1
2021.09.16	17:00:00	6704.615	6712.875	6690.003	6690.003	31577	117115	1
2021.09.17	09:00:00	6691.909	6750.359	6685.556	6739.558	200055	661940	1
2021.09.17	10:00:00	6739.558	6803.727	6735.746	6800.550	202339	721941	1
2021.09.17	11:00:00	6800.550	6808.174	6765.607	6768.784	165363	690413	1
2021.09.17	12:00:00	6769.419	6771.960	6737.652	6744.006	111484	468487	1
2021.09.17	13:00:00	6744.006	6747.182	6720.499	6730.664	77116	272124	1
2021.09.17	14:00:00	6730.029	6751.630	6725.581	6742.100	75234	271118	1
2021.09.17	15:00:00	6742.100	6749.724	6723.675	6730.664	61876	230370	1
2021.09.17	16:00:00	6730.029	6735.746	6714.145	6731.935	56348	206906	1
2021.09.17	17:00:00	6731.935	6742.735	6728.123	6731.299	32135	124261	1
2021.09.20	09:00:00	6773.866	6806.268	6773.231	6788.479	194228	547193	1
2021.09.20	10:00:00	6788.479	6794.832	6754.806	6784.031	216538	632270	1
2021.09.20	11:00:00	6784.667	6796.738	6769.419	6785.302	152747	457587	1
2021.09.20	12:00:00	6785.302	6789.749	6764.972	6780.855	88770	300503	1
2021.09.20	13:00:00	6781.490	6824.692	6779.584	6823.422	104909	340286	1
2021.09.20	14:00:00	6823.422	6824.057	6789.749	6804.362	102012	333884	1
2021.09.20	15:00:00	6804.362	6834.222	6799.915	6829.140	93260	295608	1
2021.09.20	16:00:00	6829.140	6845.658	6780.219	6782.761	103069	346981	1
2021.09.20	17:00:00	6782.761	6795.467	6775.137	6780.219	38202	130847	1
2021.09.21	09:00:00	6760.524	6778.313	6737.652	6759.254	190525	530599	1
2021.09.21	10:00:00	6759.254	6775.772	6743.370	6750.994	181333	521754	1
2021.09.21	11:00:00	6750.994	6792.926	6747.818	6766.878	171649	528767	1
2021.09.21	12:00:00	6766.878	6778.313	6729.393	6733.205	134105	453016	1
2021.09.21	13:00:00	6733.841	6738.923	6717.322	6733.205	77038	272055	1
2021.09.21	14:00:00	6732.570	6736.382	6704.615	6716.051	82642	291246	1
2021.09.21	15:00:00	6716.051	6731.935	6698.262	6704.615	76127	280121	1
2021.09.21	16:00:00	6705.251	6727.487	6700.803	6726.852	55398	194483	1
2021.09.21	17:00:00	6726.852	6734.476	6705.886	6705.886	34243	130332	1
2021.09.22	09:00:00	6686.191	6719.228	6680.473	6716.051	155393	452473	1
2021.09.22	10:00:00	6716.051	6733.841	6711.604	6724.946	134824	453214	1
2021.09.22	11:00:00	6724.311	6730.664	6709.698	6723.675	109971	355465	1
2021.09.22	12:00:00	6723.040	6726.217	6705.251	6709.698	77462	271729	1
2021.09.22	13:00:00	6709.063	6726.217	6703.980	6720.499	57686	207099	1
2021.09.22	14:00:00	6720.499	6726.217	6708.427	6714.145	47953	170427	1
2021.09.22	15:00:00	6714.145	6768.784	6683.014	6754.806	232920	770864	1
2021.09.22	16:00:00	6754.806	6766.242	6734.476	6747.182	97061	312659	1
2021.09.22	17:00:00	6747.818	6750.994	6727.487	6732.570	31828	115294	1
2021.09.23	09:00:00	6693.815	6740.829	6687.462	6733.841	185379	563666	1
2021.09.23	10:00:00	6734.476	6749.088	6714.145	6721.769	170669	558866	1
2021.09.23	11:00:00	6721.769	6754.806	6712.239	6724.946	143172	499945	1
2021.09.23	12:00:00	6724.946	6748.453	6720.499	6730.029	88961	307015	1
2021.09.23	13:00:00	6729.393	6738.923	6720.499	6737.017	53821	192008	1
2021.09.23	14:00:00	6736.382	6738.923	6726.217	6737.652	43459	160566	1
2021.09.23	15:00:00	6737.652	6752.900	6733.205	6744.006	63124	233737	1
2021.09.23	16:00:00	6744.641	6756.712	6744.006	6752.900	42299	149348	1
2021.09.23	17:00:00	6752.900	6757.983	6741.464	6749.088	30719	123506	1
2021.09.24	09:00:00	6759.889	6796.738	6759.889	6794.832	150656	501850	1
2021.09.24	10:00:00	6795.467	6808.174	6780.219	6785.937	157103	528112	1
2021.09.24	11:00:00	6785.937	6810.715	6780.219	6803.727	122641	409478	1
2021.09.24	12:00:00	6803.091	6808.174	6789.749	6795.467	60223	201546	1
2021.09.24	13:00:00	6794.832	6798.644	6778.949	6788.479	55112	188292	1
2021.09.24	14:00:00	6787.843	6798.644	6780.219	6797.373	50426	181388	1
2021.09.24	15:00:00	6798.009	6804.997	6785.302	6788.479	58289	215701	1
2021.09.24	16:00:00	6788.479	6804.997	6787.843	6796.738	39252	141573	1
2021.09.24	17:00:00	6796.738	6799.279	6783.396	6789.114	24238	89838	1
2021.09.27	09:00:00	6767.513	6796.738	6749.088	6792.291	209895	640048	1
2021.09.27	10:00:00	6792.291	6806.268	6774.501	6776.407	191448	760825	1
2021.09.27	11:00:00	6775.772	6803.091	6775.137	6799.915	117734	416274	1
2021.09.27	12:00:00	6800.550	6824.057	6798.009	6810.715	99386	388463	1
2021.09.27	13:00:00	6811.351	6817.068	6802.456	6816.433	54743	192701	1
2021.09.27	14:00:00	6815.798	6834.858	6813.892	6826.598	71407	263119	1
2021.09.27	15:00:00	6826.598	6852.012	6822.151	6845.658	78975	306423	1
2021.09.27	16:00:00	6845.658	6848.200	6823.422	6839.305	62593	265441	1
2021.09.27	17:00:00	6839.305	6860.271	6834.222	6855.823	35485	156867	1
2021.09.28	09:00:00	6872.342	6882.507	6861.541	6869.801	208775	795338	1
2021.09.28	10:00:00	6869.165	6897.755	6850.106	6883.143	199481	735699	1
2021.09.28	11:00:00	6882.507	6911.732	6875.519	6908.556	163011	544998	1
2021.09.28	12:00:00	6909.191	6918.721	6898.390	6900.296	93454	356349	1
2021.09.28	13:00:00	6900.296	6918.721	6891.402	6910.462	74420	276448	1
2021.09.28	14:00:00	6910.462	6926.345	6904.744	6925.074	69444	252752	1
2021.09.28	15:00:00	6924.439	6930.157	6896.484	6899.661	71907	269738	1
2021.09.28	16:00:00	6899.661	6907.285	6892.037	6897.755	63565	225736	1
2021.09.28	17:00:00	6898.390	6914.909	6894.578	6900.932	30732	119590	1
2021.09.29	09:00:00	6874.248	6911.097	6874.248	6889.496	191800	599506	1
2021.09.29	10:00:00	6890.131	6919.992	6886.955	6904.108	173747	551053	1
2021.09.29	11:00:00	6904.108	6910.462	6884.413	6893.308	135074	462830	1
2021.09.29	12:00:00	6893.943	6894.578	6848.835	6871.071	117142	438800	1
2021.09.29	13:00:00	6871.071	6889.496	6865.989	6883.143	70416	268098	1
2021.09.29	14:00:00	6883.143	6918.086	6881.872	6917.450	96570	379515	1
2021.09.29	15:00:00	6917.450	6921.262	6892.037	6901.567	82493	313499	1
2021.09.29	16:00:00	6900.932	6904.744	6888.861	6900.296	48747	185056	1
2021.09.29	17:00:00	6899.661	6900.932	6877.425	6877.425	29798	117353	1
2021.09.30	09:00:00	6871.099	6885.647	6821.763	6848.961	198118	645253	1
2021.09.30	10:00:00	6848.961	6924.864	6848.961	6921.701	244369	930273	1
2021.09.30	11:00:00	6921.701	6938.147	6905.888	6924.231	142046	593471	1
2021.09.30	12:00:00	6923.599	6930.557	6879.322	6927.394	131873	574700	1
2021.09.30	13:00:00	6926.761	6946.370	6915.376	6934.984	91535	345796	1
2021.09.30	14:00:00	6935.617	6945.737	6925.496	6936.882	63935	221247	1
2021.09.30	15:00:00	6936.882	6957.755	6911.581	6920.436	105382	412199	1
2021.09.30	16:00:00	6920.436	6924.864	6904.623	6924.864	59393	229547	1
2021.09.30	17:00:00	6924.231	6936.249	6912.213	6916.641	31620	124294	1
2021.10.01	09:00:00	6885.015	6902.093	6870.467	6885.015	154631	494186	1
2021.10.01	10:00:00	6885.647	6886.280	6837.576	6854.654	181059	610448	1
2021.10.01	11:00:00	6854.654	6862.244	6826.823	6847.696	182709	619146	1
2021.10.01	12:00:00	6847.696	6849.594	6811.010	6820.498	110899	401023	1
2021.10.01	13:00:00	6819.865	6838.841	6817.967	6831.250	65869	232591	1
2021.10.01	14:00:00	6830.618	6831.250	6808.480	6813.540	58192	209951	1
2021.10.01	15:00:00	6814.172	6816.070	6800.889	6809.112	62891	224905	1
2021.10.01	16:00:00	6809.112	6831.250	6807.847	6822.395	50557	190021	1
2021.10.01	17:00:00	6821.763	6831.250	6809.745	6814.805	40051	166147	1
2021.10.04	09:00:00	6842.003	6849.594	6825.558	6842.003	154991	444812	1
2021.10.04	10:00:00	6842.003	6888.810	6840.738	6884.382	179729	555263	1
2021.10.04	11:00:00	6885.015	6912.213	6871.099	6906.521	134986	436345	1
2021.10.04	12:00:00	6905.888	6913.478	6899.563	6900.828	82606	283385	1
2021.10.04	13:00:00	6900.828	6917.274	6897.665	6903.991	66155	228253	1
2021.10.04	14:00:00	6904.623	6917.274	6898.298	6917.274	61146	224291	1
2021.10.04	15:00:00	6917.274	6920.436	6907.153	6916.009	58795	214028	1
2021.10.04	16:00:00	6916.009	6931.822	6914.743	6917.906	69538	254780	1
2021.10.04	17:00:00	6917.906	6934.984	6910.948	6933.719	33696	150568	1
2021.10.05	09:00:00	6894.503	6930.557	6890.075	6920.436	219097	670831	1
2021.10.05	10:00:00	6920.436	6950.165	6912.213	6938.779	197805	597153	1
2021.10.05	11:00:00	6938.779	6953.327	6931.189	6945.105	105525	356351	1
2021.10.05	12:00:00	6945.105	6953.327	6907.786	6936.882	124919	471988	1
2021.10.05	13:00:00	6937.514	6948.900	6936.882	6946.370	44958	139084	1
2021.10.05	14:00:00	6945.737	6957.123	6936.882	6948.267	64986	217914	1
2021.10.05	15:00:00	6947.635	6953.960	6934.984	6948.900	56194	184035	1
2021.10.05	16:00:00	6948.900	6971.038	6936.882	6965.978	62336	217048	1
2021.10.05	17:00:00	6965.978	6969.140	6952.062	6959.020	40364	135122	1
2021.10.05	18:00:00	6959.020	6959.020	6959.020	6959.020	1	25	1
2021.10.06	09:00:00	7002.032	7009.622	6969.140	6992.544	228547	731123	1
2021.10.06	10:00:00	6992.544	7008.357	6974.201	7003.297	196845	615231	1
2021.10.06	11:00:00	7003.297	7017.845	6980.526	6984.321	165078	597551	1
2021.10.06	12:00:00	6984.954	7013.417	6980.526	7003.297	87933	324978	1
2021.10.06	13:00:00	7002.664	7031.128	6998.237	7017.845	91739	309767	1
2021.10.06	14:00:00	7017.212	7022.272	6991.279	6991.279	72717	261408	1
2021.10.06	15:00:00	6991.279	6998.869	6952.695	6964.713	116422	453555	1
2021.10.06	16:00:00	6964.080	6972.936	6955.225	6964.713	46924	167325	1
2021.10.06	17:00:00	6965.345	6981.158	6961.550	6973.568	32755	127481	1
2021.10.07	09:00:00	6947.002	6990.646	6941.942	6980.526	192778	594431	1
2021.10.07	10:00:00	6980.526	7017.845	6979.893	7005.827	193118	640322	1
2021.10.07	11:00:00	7005.827	7009.622	6986.851	6997.604	136260	466380	1
2021.10.07	12:00:00	6996.972	7013.417	6983.689	6990.646	102438	400387	1
2021.10.07	13:00:00	6990.646	6999.502	6985.586	6992.544	54549	222696	1
2021.10.07	14:00:00	6993.176	7002.032	6971.671	6978.628	78873	299257	1
2021.10.07	15:00:00	6978.628	6992.544	6965.345	6986.219	74698	294235	1
2021.10.07	16:00:00	6986.219	7002.664	6980.526	7000.767	42440	163833	1
2021.10.07	17:00:00	7001.399	7008.989	6987.484	7006.459	43922	195833	1
2021.10.08	09:00:00	6981.791	6993.176	6950.165	6979.261	240705	713333	1
2021.10.08	10:00:00	6979.261	6999.502	6963.448	6997.604	174473	547959	1
2021.10.08	11:00:00	6997.604	7019.110	6988.749	6998.237	148745	519290	1
2021.10.08	12:00:00	6998.869	7010.887	6986.851	7002.664	84009	308826	1
2021.10.08	13:00:00	7002.664	7019.110	6998.237	7017.212	60905	247932	1
2021.10.08	14:00:00	7017.845	7020.375	6991.911	6994.441	66743	265063	1
2021.10.08	15:00:00	6995.074	7003.929	6984.321	6993.809	60028	233971	1
2021.10.08	16:00:00	6993.809	7007.724	6988.116	6997.604	50421	207955	1
2021.10.08	17:00:00	6997.604	7008.357	6985.586	6995.074	29754	135142	1
2021.10.11	09:00:00	6979.261	6998.237	6969.140	6995.074	157199	446674	1
2021.10.11	10:00:00	6995.074	7010.887	6981.158	6997.604	149917	458997	1
2021.10.11	11:00:00	6997.604	7014.050	6988.749	7010.887	102951	328456	1
2021.10.11	12:00:00	7010.254	7016.580	6991.911	6995.074	77214	272760	1
2021.10.11	13:00:00	6995.074	7011.520	6993.809	7008.357	45710	153926	1
2021.10.11	14:00:00	7017.212	7018.477	7017.212	7018.477	623	2070	1
2021.10.11	15:00:00	7021.007	7027.333	6999.502	7013.417	47234	160553	1
2021.10.11	16:00:00	7014.050	7027.965	7013.417	7026.068	29354	94204	1
2021.10.11	17:00:00	7026.700	7035.555	7022.905	7026.700	33214	117902	1
2021.10.13	09:00:00	6998.869	7027.333	6990.646	7022.905	195248	615942	1
2021.10.13	10:00:00	7022.905	7037.453	7003.929	7024.170	218085	789818	1
2021.10.13	11:00:00	7023.537	7052.634	7022.905	7042.513	150506	578086	1
2021.10.13	12:00:00	7042.513	7058.959	7029.230	7045.676	104305	373661	1
2021.10.13	13:00:00	7046.308	7055.796	7033.658	7053.899	57103	210834	1
2021.10.13	14:00:00	7053.266	7070.344	7053.266	7062.754	68885	236972	1
2021.10.13	15:00:00	7062.121	7066.549	6976.098	6991.911	172498	723014	1
2021.10.13	16:00:00	6991.279	6997.604	6983.056	6988.116	45580	173782	1
2021.10.13	17:00:00	6988.116	7005.827	6984.321	6996.339	37443	152624	1
2021.10.14	09:00:00	6941.309	6967.875	6933.087	6945.737	207363	677440	1
2021.10.14	10:00:00	6945.737	6983.056	6943.207	6967.875	179839	647731	1
2021.10.14	11:00:00	6967.243	6989.381	6964.713	6975.466	120730	443359	1
2021.10.14	12:00:00	6976.098	7012.152	6974.833	6981.158	120513	450682	1
2021.10.14	13:00:00	6980.526	6997.604	6976.098	6980.526	61145	229697	1
2021.10.14	14:00:00	6980.526	7000.134	6979.261	6998.869	49296	183273	1
2021.10.14	15:00:00	6998.237	7014.682	6996.972	7000.767	64976	250127	1
2021.10.14	16:00:00	7001.399	7006.459	6994.441	6995.706	43501	164881	1
2021.10.14	17:00:00	6995.706	7004.562	6986.851	6992.544	28391	120387	1
2021.10.15	09:00:00	6959.020	6972.936	6938.147	6959.020	204706	701066	1
2021.10.15	10:00:00	6958.388	6983.056	6916.641	6917.274	217145	783272	1
2021.10.15	11:00:00	6917.906	6921.069	6890.708	6900.195	154491	617662	1
2021.10.15	12:00:00	6900.195	6910.948	6891.340	6905.256	88182	352888	1
2021.10.15	13:00:00	6905.888	6908.418	6891.973	6906.521	51434	195424	1
2021.10.15	14:00:00	6906.521	6911.581	6897.665	6909.051	44512	186235	1
2021.10.15	15:00:00	6909.051	6921.701	6903.358	6918.539	66067	266020	1
2021.10.15	16:00:00	6918.539	6927.394	6912.213	6916.009	45320	194836	1
2021.10.15	17:00:00	6916.009	6926.129	6912.846	6926.129	27723	124194	1
2021.10.18	09:00:00	6932.454	6991.911	6928.026	6984.321	222000	700266	1
2021.10.18	10:00:00	6984.954	7026.700	6984.321	7005.827	199352	724074	1
2021.10.18	11:00:00	7005.827	7021.007	6996.972	7013.417	119332	439394	1
2021.10.18	12:00:00	7014.050	7017.212	6998.869	6998.869	73696	298202	1
2021.10.18	13:00:00	6998.869	7002.664	6988.116	6995.074	67510	261465	1
2021.10.18	14:00:00	6994.441	6996.972	6977.363	6989.381	76802	299998	1
2021.10.18	15:00:00	6989.381	6993.176	6974.201	6983.056	61200	233129	1
2021.10.18	16:00:00	6983.056	7000.767	6980.526	6996.972	50812	192607	1
2021.10.18	17:00:00	6996.972	6998.237	6985.586	6988.116	28473	119813	1
2021.10.19	09:00:00	7027.333	7064.651	7022.272	7052.001	243254	889613	1
2021.10.19	10:00:00	7051.368	7054.531	7027.965	7029.230	156760	531872	1
2021.10.19	11:00:00	7029.230	7038.718	7016.580	7029.863	140063	506717	1
2021.10.19	12:00:00	7029.863	7067.182	7028.598	7038.086	125983	489324	1
2021.10.19	13:00:00	7038.086	7055.796	7034.923	7053.266	70897	251961	1
2021.10.19	14:00:00	7053.266	7068.447	7046.941	7068.447	73486	263267	1
2021.10.19	15:00:00	7067.814	7104.500	7064.019	7092.483	137319	540369	1
2021.10.19	16:00:00	7093.115	7113.356	7057.061	7091.217	132636	552436	1
2021.10.19	17:00:00	7091.217	7094.380	7054.531	7078.567	64030	260719	1
2021.10.20	09:00:00	7074.139	7089.320	7051.368	7059.591	188740	620083	1
2021.10.20	10:00:00	7059.591	7073.507	7034.923	7055.164	198044	658979	1
2021.10.20	11:00:00	7055.164	7060.856	7022.272	7033.658	161518	589331	1
2021.10.20	12:00:00	7034.290	7038.086	7013.417	7031.128	93135	330991	1
2021.10.20	13:00:00	7031.760	7039.983	7018.477	7023.537	58629	218342	1
2021.10.20	14:00:00	7023.537	7050.103	7018.477	7033.658	91762	326370	1
2021.10.20	15:00:00	7034.290	7037.453	6995.074	7021.007	103833	390407	1
2021.10.20	16:00:00	7021.007	7052.001	7011.520	7047.573	59870	220514	1
2021.10.20	17:00:00	7048.206	7098.808	7042.513	7092.483	65981	282882	1
2021.10.21	09:00:00	7174.711	7189.891	7129.801	7157.000	235148	782508	1
2021.10.21	10:00:00	7157.000	7165.855	7121.579	7134.862	191449	622453	1
2021.10.21	11:00:00	7135.494	7155.102	7126.639	7126.639	139829	461272	1
2021.10.21	12:00:00	7127.271	7168.385	7126.639	7153.205	120315	404651	1
2021.10.21	13:00:00	7152.572	7173.445	7143.084	7160.795	86871	295371	1
2021.10.21	14:00:00	7160.162	7207.602	7156.367	7197.481	133829	481591	1
2021.10.21	15:00:00	7197.481	7209.499	7163.958	7182.933	113265	403979	1
2021.10.21	16:00:00	7182.301	7186.728	7160.795	7179.771	64131	213360	1
2021.10.21	17:00:00	7179.771	7183.566	7145.614	7169.018	47579	170755	1
2021.10.22	09:00:00	7198.114	7232.903	7185.463	7227.842	225346	714066	1
2021.10.22	10:00:00	7227.842	7243.023	7205.704	7209.499	210335	708517	1
2021.10.22	11:00:00	7210.132	7260.101	7200.644	7255.673	213218	743509	1
2021.10.22	12:00:00	7255.673	7289.197	7244.921	7246.818	168078	603780	1
2021.10.22	13:00:00	7246.818	7257.571	7212.662	7227.842	109075	368285	1
2021.10.22	14:00:00	7228.475	7235.433	7163.325	7185.463	143425	488668	1
2021.10.22	15:00:00	7185.463	7193.686	7146.879	7158.897	127794	435151	1
2021.10.22	16:00:00	7158.265	7162.693	7120.946	7124.109	75725	250332	1
2021.10.22	17:00:00	7124.109	7165.223	7123.476	7157.000	40529	147560	1
2021.10.25	09:00:00	7161.428	7169.018	7105.133	7108.296	206174	619787	1
2021.10.25	10:00:00	7108.928	7117.151	7089.952	7091.850	158248	517702	1
2021.10.25	11:00:00	7092.483	7101.338	7067.814	7077.302	148822	516365	1
2021.10.25	12:00:00	7077.934	7101.970	7065.917	7092.483	105510	367710	1
2021.10.25	13:00:00	7092.483	7097.543	7050.103	7050.103	96339	321034	1
2021.10.25	14:00:00	7050.103	7052.634	7026.068	7030.495	103513	363832	1
2021.10.25	15:00:00	7031.128	7039.351	7015.315	7016.580	92223	339044	1
2021.10.25	16:00:00	7016.580	7038.718	7012.152	7031.760	62243	223137	1
2021.10.25	17:00:00	7031.760	7046.941	7026.068	7037.453	45184	157146	1
2021.10.26	09:00:00	7031.128	7060.856	7024.170	7052.001	230823	691809	1
2021.10.26	10:00:00	7051.368	7080.465	7038.086	7072.242	164436	520971	1
2021.10.26	11:00:00	7071.609	7075.404	7041.248	7058.959	142675	487999	1
2021.10.26	12:00:00	7058.959	7076.669	7055.796	7067.182	101336	340413	1
2021.10.26	13:00:00	7067.182	7098.808	7066.549	7080.465	91969	321232	1
2021.10.26	14:00:00	7081.097	7082.362	7050.103	7066.549	94239	320039	1
2021.10.26	15:00:00	7066.549	7067.182	7045.043	7046.308	66281	227366	1
2021.10.26	16:00:00	7046.308	7057.694	7041.248	7054.531	50343	182745	1
2021.10.26	17:00:00	7053.899	7064.651	7046.308	7047.573	24672	91993	1
2021.10.27	09:00:00	7050.103	7054.531	7024.170	7036.820	203931	640818	1
2021.10.27	10:00:00	7036.820	7053.899	7033.025	7038.086	151185	453663	1
2021.10.27	11:00:00	7037.453	7074.139	7007.724	7070.977	237049	843278	1
2021.10.27	12:00:00	7071.609	7079.200	7057.694	7067.182	96482	355516	1
2021.10.27	13:00:00	7066.549	7067.814	7048.838	7059.591	69159	251143	1
2021.10.27	14:00:00	7060.224	7067.814	7041.881	7046.308	71930	267146	1
2021.10.27	15:00:00	7046.308	7051.368	7024.170	7045.043	84955	309057	1
2021.10.27	16:00:00	7045.043	7058.326	7029.230	7029.863	71173	270913	1
2021.10.27	17:00:00	7030.495	7032.393	7007.724	7008.989	43113	143089	1
2021.10.28	09:00:00	7028.598	7117.151	7023.537	7106.398	260115	840804	1
2021.10.28	10:00:00	7105.765	7115.253	7077.934	7084.260	170432	561690	1
2021.10.28	11:00:00	7084.892	7114.621	7078.567	7109.561	147351	502824	1
2021.10.28	12:00:00	7109.561	7131.699	7099.440	7101.970	129777	478301	1
2021.10.28	13:00:00	7101.338	7114.621	7085.525	7100.705	83678	309649	1
2021.10.28	14:00:00	7100.705	7111.458	7070.977	7088.687	107236	384082	1
2021.10.28	15:00:00	7088.055	7112.723	7077.934	7108.296	64219	233057	1
2021.10.28	16:00:00	7108.928	7125.374	7105.133	7119.681	61453	224494	1
2021.10.28	17:00:00	7119.048	7167.120	7110.826	7143.084	72976	270726	1
2021.10.29	09:00:00	7129.253	7150.629	7120.452	7127.367	174376	556113	1
2021.10.29	10:00:00	7127.996	7148.114	7101.591	7144.970	184646	636223	1
2021.10.29	11:00:00	7144.342	7161.316	7112.908	7127.367	142892	534146	1
2021.10.29	12:00:00	7127.367	7141.198	7105.992	7119.823	102717	414452	1
2021.10.29	13:00:00	7119.823	7157.544	7117.937	7138.684	78955	265517	1
2021.10.29	14:00:00	7138.055	7148.114	7121.080	7140.570	77419	292663	1
2021.10.29	15:00:00	7140.570	7143.713	7077.701	7099.077	97806	354408	1
2021.10.29	16:00:00	7099.077	7148.742	7095.305	7134.911	73319	264505	1
2021.10.29	17:00:00	7134.283	7145.599	7119.194	7122.967	32163	117965	1
2021.11.01	09:00:00	7114.794	7150.629	7107.249	7140.570	132542	401571	1
2021.11.01	10:00:00	7140.570	7158.173	7130.511	7157.544	119299	389807	1
2021.11.01	11:00:00	7157.544	7181.434	7150.629	7177.033	116612	389255	1
2021.11.01	12:00:00	7177.033	7190.864	7174.518	7178.919	79321	271831	1
2021.11.01	13:00:00	7178.919	7182.063	7168.860	7172.004	45654	162962	1
2021.11.01	14:00:00	7172.004	7182.063	7166.974	7174.518	59255	208745	1
2021.11.01	15:00:00	7174.518	7180.805	7164.460	7164.460	53522	196068	1
2021.11.01	16:00:00	7164.460	7173.890	7164.460	7167.603	39269	144168	1
2021.11.01	17:00:00	7168.232	7188.349	7163.202	7185.206	30549	121715	1
2021.11.03	09:00:00	7170.746	7188.349	7148.742	7177.662	187617	582440	1
2021.11.03	10:00:00	7177.033	7199.037	7160.059	7190.864	174256	553396	1
2021.11.03	11:00:00	7190.864	7202.180	7138.055	7157.544	177766	612472	1
2021.11.03	12:00:00	7158.173	7172.632	7096.562	7097.819	138406	484860	1
2021.11.03	13:00:00	7098.448	7105.992	7080.845	7094.676	105341	385317	1
2021.11.03	14:00:00	7094.676	7112.279	7089.018	7109.764	60705	202599	1
2021.11.03	15:00:00	7109.764	7112.908	7055.069	7060.098	147421	462818	1
2021.11.03	16:00:00	7060.098	7075.815	7049.411	7063.870	80627	255431	1
2021.11.03	17:00:00	7063.242	7066.385	7007.918	7019.234	60142	193738	1
2021.11.04	09:00:00	7036.837	7099.705	7029.293	7080.216	181761	553292	1
2021.11.04	10:00:00	7080.216	7090.904	7058.212	7064.499	156355	507795	1
2021.11.04	11:00:00	7064.499	7072.672	7028.664	7055.069	164802	534935	1
2021.11.04	12:00:00	7055.069	7077.701	7053.812	7061.356	90775	298487	1
2021.11.04	13:00:00	7060.727	7102.849	7049.411	7095.305	108216	375677	1
2021.11.04	14:00:00	7095.305	7102.220	7079.587	7099.705	78204	262831	1
2021.11.04	15:00:00	7099.705	7107.249	7078.330	7102.220	83577	279129	1
2021.11.04	16:00:00	7102.849	7109.764	7083.988	7085.246	50699	184891	1
2021.11.04	17:00:00	7085.246	7088.389	7066.385	7080.216	34955	121216	1
2021.11.05	09:00:00	7071.415	7082.731	7025.521	7034.951	209406	584366	1
2021.11.05	10:00:00	7034.951	7049.411	6982.142	6989.686	195721	605414	1
2021.11.05	11:00:00	6989.686	7021.749	6975.226	6996.601	133055	417993	1
2021.11.05	12:00:00	6996.601	7007.289	6988.429	6993.458	66176	208801	1
2021.11.05	13:00:00	6994.087	6999.745	6961.395	6983.399	83733	278211	1
2021.11.05	14:00:00	6983.399	6990.315	6962.653	6973.340	73924	259504	1
2021.11.05	15:00:00	6972.712	6973.340	6950.079	6963.910	73837	271312	1
2021.11.05	16:00:00	6963.281	6978.370	6957.623	6975.226	52166	179594	1
2021.11.05	17:00:00	6975.226	7002.888	6968.939	6997.859	41850	134524	1
2021.11.08	09:00:00	7017.977	7067.643	7017.348	7059.470	171131	481889	1
2021.11.08	10:00:00	7060.098	7064.499	7027.407	7031.179	152727	437411	1
2021.11.08	11:00:00	7031.808	7034.322	7003.517	7004.774	142045	408026	1
2021.11.08	12:00:00	7004.774	7015.462	6993.458	7004.774	80378	244036	1
2021.11.08	13:00:00	7004.146	7012.319	6998.488	7007.918	56376	171423	1
2021.11.08	14:00:00	7007.289	7014.205	6989.686	7001.631	68519	212736	1
2021.11.08	15:00:00	7001.631	7017.348	6993.458	7004.774	62433	207554	1
2021.11.08	16:00:00	7004.146	7012.319	6992.201	6995.973	48107	158043	1
2021.11.08	17:00:00	6995.973	7008.546	6989.686	6997.859	43485	144466	1
2021.11.08	18:00:00	6997.859	7005.403	6996.601	7004.146	5898	23250	1
2021.11.09	09:00:00	7004.146	7005.403	6959.509	6967.053	159423	456568	1
2021.11.09	10:00:00	6966.425	6974.598	6929.961	6934.362	171078	512652	1
2021.11.09	11:00:00	6934.991	6940.020	6906.071	6916.759	155134	499315	1
2021.11.09	12:00:00	6917.388	6948.822	6915.501	6928.075	117403	392041	1
2021.11.09	13:00:00	6927.446	6945.678	6925.560	6943.163	65244	219865	1
2021.11.09	14:00:00	6942.535	6944.421	6911.101	6911.729	65782	212277	1
2021.11.09	15:00:00	6911.101	6924.303	6885.325	6913.615	100762	340259	1
2021.11.09	16:00:00	6912.987	6955.108	6909.843	6929.332	67437	228496	1
2021.11.09	17:00:00	6929.332	6954.480	6918.016	6923.046	61426	199759	1
2021.11.09	18:00:00	6922.417	6928.704	6914.244	6914.873	6368	28127	1
2021.11.10	09:00:00	6945.678	6953.222	6888.468	6890.983	198792	580922	1
2021.11.10	10:00:00	6890.983	6902.299	6860.806	6867.093	243321	756716	1
2021.11.10	11:00:00	6867.722	6889.097	6857.663	6884.067	138168	441884	1
2021.11.10	12:00:00	6883.439	6924.303	6877.781	6914.244	142016	438147	1
2021.11.10	13:00:00	6913.615	6926.818	6894.755	6901.042	97895	300026	1
2021.11.10	14:00:00	6901.042	6924.932	6900.413	6914.873	76256	247672	1
2021.11.10	15:00:00	6914.244	6951.336	6912.358	6933.105	126372	417508	1
2021.11.10	16:00:00	6932.476	6947.564	6923.046	6941.277	60153	197121	1
2021.11.10	17:00:00	6940.649	6945.678	6926.818	6936.248	45224	160353	1
2021.11.10	18:00:00	6936.248	6938.763	6921.788	6928.704	7058	30890	1
2021.11.11	09:00:00	6918.016	6921.160	6863.321	6863.950	154296	433173	1
2021.11.11	10:00:00	6863.950	6873.380	6851.376	6859.549	140634	417808	1
2021.11.11	11:00:00	6859.549	6860.806	6812.398	6823.085	168904	556717	1
2021.11.11	12:00:00	6823.085	6825.600	6802.339	6808.626	103589	371282	1
2021.11.11	13:00:00	6808.626	6826.229	6805.482	6811.769	68040	228336	1
2021.11.11	14:00:00	6811.769	6819.942	6797.309	6819.313	76502	247606	1
2021.11.11	15:00:00	6819.313	6831.887	6811.769	6813.655	75820	241356	1
2021.11.11	16:00:00	6814.284	6823.714	6804.853	6815.541	61412	212126	1
2021.11.11	17:00:00	6815.541	6831.258	6814.284	6818.056	36802	131387	1
2021.11.11	18:00:00	6818.056	6819.313	6799.824	6806.740	11115	44698	1
2021.11.12	09:00:00	6814.912	6846.975	6802.967	6840.060	188598	546439	1
2021.11.12	10:00:00	6840.060	6841.946	6809.883	6832.515	174609	549580	1
2021.11.12	11:00:00	6832.515	6848.233	6819.942	6836.288	130784	414219	1
2021.11.12	12:00:00	6836.288	6850.119	6825.600	6845.718	86351	275009	1
2021.11.12	13:00:00	6845.089	6865.207	6840.688	6853.891	76358	264578	1
2021.11.12	14:00:00	6853.891	6889.097	6848.233	6887.211	85657	306471	1
2021.11.12	15:00:00	6887.211	6896.641	6879.667	6880.924	80406	273261	1
2021.11.12	16:00:00	6881.553	6889.726	6878.409	6881.553	36942	129499	1
2021.11.12	17:00:00	6880.924	6884.696	6870.865	6880.295	35275	124718	1
2021.11.12	18:00:00	6880.924	6895.384	6872.751	6886.582	12684	46884	1
2021.11.16	09:00:00	6865.836	6887.839	6847.604	6848.233	201662	575343	1
2021.11.16	10:00:00	6847.604	6877.781	6845.718	6875.895	176770	555494	1
2021.11.16	11:00:00	6876.523	6929.332	6875.266	6927.446	169027	559431	1
2021.11.16	12:00:00	6927.446	6943.163	6920.531	6940.649	91744	324066	1
2021.11.16	13:00:00	6940.649	6945.678	6927.446	6932.476	66178	244452	1
2021.11.16	14:00:00	6932.476	6942.535	6922.417	6926.189	70366	244557	1
2021.11.16	15:00:00	6926.818	6934.991	6921.160	6933.105	52533	184934	1
2021.11.16	16:00:00	6933.105	6938.134	6919.274	6933.105	53281	177135	1
2021.11.16	17:00:00	6933.105	6937.505	6921.788	6930.590	42023	148184	1
2021.11.16	18:00:00	6931.219	6943.792	6929.961	6938.134	9714	45901	1
2021.11.17	09:00:00	6915.501	6924.303	6892.869	6893.498	150513	443825	1
2021.11.17	10:00:00	6894.126	6936.248	6889.097	6931.219	151555	459361	1
2021.11.17	11:00:00	6931.219	6956.366	6925.560	6945.678	135887	446901	1
2021.11.17	12:00:00	6945.678	6955.737	6930.590	6933.105	84605	281895	1
2021.11.17	13:00:00	6932.476	6952.594	6929.332	6941.906	55343	179706	1
2021.11.17	14:00:00	6942.535	6948.193	6921.160	6943.163	74106	262344	1
2021.11.17	15:00:00	6943.163	6974.598	6942.535	6972.083	77965	271272	1
2021.11.17	16:00:00	6972.712	6973.969	6959.509	6965.167	37683	121650	1
2021.11.17	17:00:00	6965.167	6967.682	6947.564	6962.653	40432	133358	1
2021.11.17	18:00:00	6962.653	6977.741	6962.024	6967.682	11287	45678	1
2021.11.18	09:00:00	6962.024	6995.344	6961.395	6970.826	160694	458149	1
2021.11.18	10:00:00	6971.454	7006.032	6970.197	6994.087	153338	455395	1
2021.11.18	11:00:00	6994.715	7011.061	6980.884	6994.715	129776	421507	1
2021.11.18	12:00:00	6994.715	7014.205	6975.226	6984.657	113911	387711	1
2021.11.18	13:00:00	6984.657	6997.230	6970.197	6992.829	73201	236849	1
2021.11.18	14:00:00	6992.829	7019.863	6985.914	7016.719	66170	203307	1
2021.11.18	15:00:00	7016.719	7024.892	7007.918	7023.635	59570	189883	1
2021.11.18	16:00:00	7024.263	7028.664	7013.576	7017.348	38336	124015	1
2021.11.18	17:00:00	7016.719	7025.521	7010.432	7012.947	32560	122547	1
2021.11.18	18:00:00	7012.319	7014.205	6998.488	7006.032	9116	43383	1
2021.11.19	09:00:00	7027.407	7028.664	6985.914	7002.888	153898	453408	1
2021.11.19	10:00:00	7002.888	7014.833	6981.513	7003.517	177330	523335	1
2021.11.19	11:00:00	7002.888	7004.774	6954.480	6968.311	160360	526206	1
2021.11.19	12:00:00	6968.311	7008.546	6956.366	7003.517	104001	360258	1
2021.11.19	13:00:00	7004.146	7024.892	7001.002	7020.491	85818	288121	1
2021.11.19	14:00:00	7019.863	7067.643	7014.833	7041.867	112947	371436	1
2021.11.19	15:00:00	7041.238	7071.415	7039.981	7071.415	65414	217627	1
2021.11.19	16:00:00	7070.786	7072.043	7057.584	7065.756	39284	130079	1
2021.11.19	17:00:00	7065.128	7068.271	7057.584	7066.385	29019	95148	1
2021.11.19	18:00:00	7067.014	7071.415	7060.098	7071.415	8889	37651	1
2021.11.22	09:00:00	7055.698	7070.157	7038.094	7048.153	154593	425906	1
2021.11.22	10:00:00	7047.525	7053.812	7006.660	7011.690	176434	533296	1
2021.11.22	11:00:00	7012.319	7038.723	7006.032	7034.951	159513	496355	1
2021.11.22	12:00:00	7035.580	7059.470	7017.348	7027.407	123915	384332	1
2021.11.22	13:00:00	7026.778	7039.981	7015.462	7037.466	71040	217106	1
2021.11.22	14:00:00	7036.837	7046.267	7026.778	7039.352	60933	185296	1
2021.11.22	15:00:00	7039.352	7066.385	7028.664	7060.727	91079	295266	1
2021.11.22	16:00:00	7060.727	7066.385	7032.436	7043.124	58124	192703	1
2021.11.22	17:00:00	7043.124	7053.812	7037.466	7048.153	34829	118940	1
2021.11.22	18:00:00	7047.525	7049.411	7028.664	7032.436	11143	44927	1
2021.11.23	09:00:00	7060.098	7092.790	7045.639	7085.874	162410	467363	1
2021.11.23	10:00:00	7085.874	7107.249	7073.301	7100.963	176925	514771	1
2021.11.23	11:00:00	7100.963	7111.022	7090.904	7095.305	128099	425584	1
2021.11.23	12:00:00	7095.933	7122.967	7095.305	7121.709	105129	367718	1
2021.11.23	13:00:00	7121.709	7128.625	7105.363	7112.279	78653	265403	1
2021.11.23	14:00:00	7111.650	7116.051	7097.819	7106.621	60077	204152	1
2021.11.23	15:00:00	7105.992	7107.878	7055.698	7064.499	112521	403679	1
2021.11.23	16:00:00	7064.499	7070.157	7052.554	7058.841	54610	189143	1
2021.11.23	17:00:00	7058.212	7072.672	7023.006	7037.466	63945	237344	1
2021.11.23	18:00:00	7037.466	7038.723	7006.660	7011.690	14421	56034	1
2021.11.24	09:00:00	7019.863	7038.094	6990.943	7035.580	183110	528715	1
2021.11.24	10:00:00	7035.580	7076.444	7034.951	7070.157	175421	584908	1
2021.11.24	11:00:00	7070.786	7072.043	7046.267	7053.183	131729	448314	1
2021.11.24	12:00:00	7053.183	7056.326	7029.922	7045.639	118634	393587	1
2021.11.24	13:00:00	7046.267	7050.039	7028.664	7040.609	68451	222772	1
2021.11.24	14:00:00	7041.238	7050.039	7026.150	7041.238	63699	199648	1
2021.11.24	15:00:00	7040.609	7042.495	7027.407	7034.951	48378	181539	1
2021.11.24	16:00:00	7034.322	7045.639	7030.550	7041.238	42634	138917	1
2021.11.24	17:00:00	7040.609	7051.925	7034.322	7048.782	30072	95380	1
2021.11.24	18:00:00	7048.782	7056.955	7047.525	7056.955	8430	33500	1
2021.11.25	09:00:00	7030.550	7043.124	7008.546	7024.892	136481	357677	1
2021.11.25	10:00:00	7024.892	7043.753	7013.576	7029.922	126792	359715	1
2021.11.25	11:00:00	7029.922	7045.639	6999.745	7000.374	109872	351358	1
2021.11.25	12:00:00	7000.374	7004.774	6981.513	6990.943	73907	241636	1
2021.11.25	13:00:00	6990.943	7002.260	6984.657	6999.116	50663	160684	1
2021.11.25	14:00:00	6999.116	7004.774	6992.829	7001.631	37635	115377	1
2021.11.25	15:00:00	7001.631	7021.120	7001.002	7015.462	46041	155314	1
2021.11.25	16:00:00	7015.462	7016.719	6995.344	7002.260	37683	118407	1
2021.11.25	17:00:00	7002.888	7008.546	6998.488	6999.745	16274	50885	1
2021.11.25	18:00:00	6999.745	7007.918	6998.488	7006.660	5990	30230	1
2021.11.26	09:00:00	7126.739	7129.253	7049.411	7051.297	184643	541063	1
2021.11.26	10:00:00	7051.297	7061.984	7028.664	7029.293	161289	511089	1
2021.11.26	11:00:00	7029.293	7051.297	7020.491	7026.150	140670	446382	1
2021.11.26	12:00:00	7026.150	7046.896	7017.977	7028.664	112509	380867	1
2021.11.26	13:00:00	7028.036	7058.841	7023.006	7038.094	90829	295755	1
2021.11.26	14:00:00	7037.466	7037.466	7012.947	7017.977	73693	214455	1
2021.11.26	15:00:00	7017.977	7035.580	7010.432	7033.694	53768	181180	1
2021.11.26	16:00:00	7034.322	7046.267	7028.664	7038.723	43804	139258	1
2021.11.26	17:00:00	7038.723	7051.297	7036.208	7048.782	25444	85830	1
2021.11.26	18:00:00	7048.782	7060.098	7048.153	7058.841	9177	34017	1
2021.11.29	09:00:00	7041.238	7052.554	7019.863	7044.381	159196	447876	1
2021.11.29	10:00:00	7044.381	7056.955	7034.951	7051.925	125038	385081	1
2021.11.29	11:00:00	7051.925	7074.558	7017.348	7070.786	179723	583164	1
2021.11.29	12:00:00	7070.786	7093.418	7063.870	7073.929	115105	366238	1
2021.11.29	13:00:00	7073.929	7078.959	7062.613	7070.157	57483	187430	1
2021.11.29	14:00:00	7070.786	7078.959	7050.668	7052.554	68501	225656	1
2021.11.29	15:00:00	7053.183	7068.271	7046.896	7051.925	58583	192801	1
2021.11.29	16:00:00	7051.925	7068.271	7049.411	7056.955	47472	157825	1
2021.11.29	17:00:00	7056.955	7062.613	7044.381	7052.554	41545	137862	1
2021.11.29	18:00:00	7053.183	7053.812	7039.981	7045.639	6829	24309	1
2021.11.30	09:00:00	7043.140	7056.884	7031.270	7055.009	133411	422056	1
2021.11.30	10:00:00	7055.009	7062.506	7037.517	7053.760	133761	425039	1
2021.11.30	11:00:00	7053.760	7058.758	7021.274	7050.012	128386	453784	1
2021.11.30	12:00:00	7050.012	7112.484	7015.652	7111.859	185958	617627	1
2021.11.30	13:00:00	7111.859	7130.601	7094.992	7110.610	148755	493764	1
2021.11.30	14:00:00	7110.610	7123.729	7078.124	7088.120	97189	309748	1
2021.11.30	15:00:00	7088.120	7104.987	7076.875	7099.990	83703	269140	1
2021.11.30	16:00:00	7099.990	7107.486	7087.495	7088.120	46050	133491	1
2021.11.30	17:00:00	7088.120	7089.994	7063.756	7071.252	56810	173885	1
2021.11.30	18:00:00	7071.252	7073.751	7037.517	7046.263	14189	67110	1
2021.12.01	09:00:00	7021.899	7062.506	7012.528	7056.884	140379	437926	1
2021.12.01	10:00:00	7056.259	7069.378	7046.888	7063.756	139197	450365	1
2021.12.01	11:00:00	7063.131	7077.500	7060.632	7063.131	113828	379370	1
2021.12.01	12:00:00	7063.131	7073.126	7050.636	7064.380	98479	294853	1
2021.12.01	13:00:00	7064.380	7090.619	7063.131	7086.870	75637	239451	1
2021.12.01	14:00:00	7086.870	7108.111	7078.749	7104.987	77824	245686	1
2021.12.01	15:00:00	7104.987	7128.102	7101.864	7126.228	108283	362056	1
2021.12.01	16:00:00	7126.228	7133.100	7114.983	7129.976	65112	201959	1
2021.12.01	17:00:00	7129.352	7143.720	7119.356	7143.096	56525	169916	1
2021.12.01	18:00:00	7142.471	7163.087	7141.846	7159.338	21487	88689	1
2021.12.02	09:00:00	7122.480	7139.972	7105.612	7106.862	169855	490702	1
2021.12.02	10:00:00	7106.862	7106.862	7065.630	7072.502	158991	525492	1
2021.12.02	11:00:00	7073.126	7098.740	7070.628	7075.001	135882	436960	1
2021.12.02	12:00:00	7075.001	7094.992	7069.378	7076.250	98077	332306	1
2021.12.02	13:00:00	7076.875	7083.122	7056.884	7072.502	94340	329859	1
2021.12.02	14:00:00	7072.502	7104.987	7071.252	7089.369	91528	321352	1
2021.12.02	15:00:00	7088.745	7119.356	7088.745	7103.738	81170	285145	1
2021.12.02	16:00:00	7103.738	7114.983	7099.990	7113.734	42778	144090	1
2021.12.02	17:00:00	7113.734	7114.358	7076.250	7088.745	42312	134498	1
2021.12.02	18:00:00	7088.745	7101.239	7085.621	7095.617	12546	52512	1
2021.12.03	09:00:00	7103.113	7130.601	7098.115	7099.990	118619	318413	1
2021.12.03	10:00:00	7099.990	7100.614	7038.142	7041.266	202228	631671	1
2021.12.03	11:00:00	7041.266	7109.360	7040.016	7099.365	159331	484741	1
2021.12.03	12:00:00	7099.365	7139.347	7098.740	7124.354	133574	420968	1
2021.12.03	13:00:00	7123.729	7140.597	7099.990	7132.475	96459	295389	1
2021.12.03	14:00:00	7132.475	7137.473	7093.742	7109.985	89325	283440	1
2021.12.03	15:00:00	7110.610	7118.731	7098.115	7100.614	63388	187913	1
2021.12.03	16:00:00	7101.239	7140.597	7099.990	7134.974	66904	225096	1
2021.12.03	17:00:00	7134.974	7144.970	7099.990	7103.738	54182	170426	1
2021.12.03	18:00:00	7103.113	7108.736	7093.118	7103.738	12360	45820	1
2021.12.06	09:00:00	7091.868	7159.338	7080.623	7155.590	164443	501959	1
2021.12.06	10:00:00	7154.965	7158.714	7129.976	7129.976	124499	400763	1
2021.12.06	11:00:00	7129.976	7164.336	7129.352	7148.093	142803	452852	1
2021.12.06	12:00:00	7148.718	7155.590	7124.979	7139.347	102253	342632	1
2021.12.06	13:00:00	7139.347	7148.718	7136.224	7139.972	49038	155495	1
2021.12.06	14:00:00	7139.347	7160.588	7136.224	7150.592	66206	215384	1
2021.12.06	15:00:00	7151.217	7159.338	7144.345	7144.970	57697	193991	1
2021.12.06	16:00:00	7144.970	7154.341	7141.221	7150.592	43201	146318	1
2021.12.06	17:00:00	7149.968	7153.716	7138.723	7144.345	34149	114655	1
2021.12.06	18:00:00	7144.345	7158.089	7144.345	7151.842	9958	37952	1
2021.12.07	09:00:00	7118.107	7126.228	7081.248	7084.996	180418	542240	1
2021.12.07	10:00:00	7084.996	7100.614	7064.380	7091.243	191316	617755	1
2021.12.07	11:00:00	7091.868	7101.864	7082.497	7083.747	107309	328979	1
2021.12.07	12:00:00	7083.747	7108.111	7079.998	7081.248	98162	312455	1
2021.12.07	13:00:00	7080.623	7098.115	7073.126	7075.001	83267	275736	1
2021.12.07	14:00:00	7074.376	7080.623	7061.881	7071.877	63534	209191	1
2021.12.07	15:00:00	7071.877	7093.118	7062.506	7069.378	81073	278322	1
2021.12.07	16:00:00	7068.753	7078.749	7051.886	7057.508	66938	233710	1
2021.12.07	17:00:00	7058.133	7078.749	7045.639	7046.263	54971	194852	1
2021.12.07	18:00:00	7046.888	7061.881	7045.014	7060.632	11708	46764	1
2021.12.08	09:00:00	7039.391	7077.500	7035.643	7053.135	195774	576987	1
2021.12.08	10:00:00	7053.135	7058.758	7003.157	7006.281	184259	644245	1
2021.12.08	11:00:00	7006.281	7021.274	6966.923	6970.672	170890	594966	1
2021.12.08	12:00:00	6971.296	6985.665	6965.674	6970.672	83988	284260	1
2021.12.08	13:00:00	6970.672	6982.541	6939.436	6958.177	96579	335726	1
2021.12.08	14:00:00	6958.802	6963.175	6953.804	6961.926	43603	152670	1
2021.12.08	15:00:00	6961.926	6970.047	6948.806	6952.555	57056	181202	1
2021.12.08	16:00:00	6951.930	6958.802	6940.685	6951.930	48544	166500	1
2021.12.08	17:00:00	6951.305	6954.429	6940.685	6944.433	36596	113583	1
2021.12.08	18:00:00	6944.433	6959.427	6943.809	6946.932	13243	49714	1
2021.12.09	09:00:00	6951.930	6959.427	6928.190	6937.561	158224	458619	1
2021.12.09	10:00:00	6938.186	6988.164	6937.561	6985.040	174183	544024	1
2021.12.09	11:00:00	6985.040	7000.658	6965.674	6984.416	122543	412917	1
2021.12.09	12:00:00	6985.040	7001.908	6983.791	6999.409	65677	222934	1
2021.12.09	13:00:00	6999.409	7008.155	6986.290	7007.530	66199	224297	1
2021.12.09	14:00:00	7007.530	7028.771	7006.906	7014.402	75322	264843	1
2021.12.09	15:00:00	7015.027	7023.773	7007.530	7009.405	61142	217682	1
2021.12.09	16:00:00	7008.780	7013.153	6995.661	6996.910	53595	192794	1
2021.12.09	17:00:00	6996.910	7008.780	6993.787	7004.407	36319	119590	1
2021.12.09	18:00:00	7005.032	7006.281	6994.411	6995.036	10274	47331	1
2021.12.10	09:00:00	6978.168	7008.780	6976.919	7001.908	116983	347387	1
2021.12.10	10:00:00	7001.283	7023.149	6978.168	7016.901	212450	679411	1
2021.12.10	11:00:00	7016.901	7071.877	7005.032	7020.025	247959	898462	1
2021.12.10	12:00:00	7019.400	7049.387	7016.901	7032.519	91871	286909	1
2021.12.10	13:00:00	7032.519	7036.892	7019.400	7027.522	53353	184192	1
2021.12.10	14:00:00	7027.522	7045.639	7021.274	7042.515	43890	145073	1
2021.12.10	15:00:00	7041.890	7053.135	7038.142	7050.012	52121	166187	1
2021.12.10	16:00:00	7050.012	7050.636	7039.391	7045.014	27796	86718	1
2021.12.10	17:00:00	7045.014	7046.888	7036.892	7038.767	23506	76928	1
2021.12.10	18:00:00	7038.767	7050.012	7034.394	7045.014	8270	34561	1
2021.12.13	09:00:00	7033.144	7067.504	7031.895	7041.266	146744	418149	1
2021.12.13	10:00:00	7040.641	7070.628	7027.522	7061.257	197195	601517	1
2021.12.13	11:00:00	7060.632	7083.122	7056.259	7067.504	123011	381718	1
2021.12.13	12:00:00	7067.504	7123.729	7063.131	7119.356	131976	441360	1
2021.12.13	13:00:00	7119.356	7121.855	7070.003	7099.990	136874	523029	1
2021.12.13	14:00:00	7099.990	7113.734	7098.740	7111.235	48522	153466	1
2021.12.13	15:00:00	7110.610	7116.857	7099.365	7109.985	49949	153498	1
2021.12.13	16:00:00	7109.985	7123.104	7106.862	7118.731	42724	130658	1
2021.12.13	17:00:00	7119.356	7127.477	7106.862	7121.230	36561	109654	1
2021.12.13	18:00:00	7121.230	7128.102	7116.232	7127.477	11813	41811	1
2021.12.14	09:00:00	7104.987	7120.606	7091.243	7094.992	146241	413439	1
2021.12.14	10:00:00	7094.992	7096.866	7046.888	7081.248	205137	647463	1
2021.12.14	11:00:00	7081.873	7083.122	7053.760	7068.129	126689	424053	1
2021.12.14	12:00:00	7068.129	7104.987	7066.879	7099.990	95320	290758	1
2021.12.14	13:00:00	7100.614	7114.358	7092.493	7113.109	63220	214574	1
2021.12.14	14:00:00	7112.484	7128.102	7104.363	7128.102	66360	217314	1
2021.12.14	15:00:00	7127.477	7146.844	7125.603	7139.347	83582	275477	1
2021.12.14	16:00:00	7138.723	7144.970	7131.226	7142.471	49369	162314	1
2021.12.14	17:00:00	7141.846	7143.720	7129.976	7134.974	34373	114523	1
2021.12.14	18:00:00	7134.974	7136.848	7124.354	7125.603	7304	28609	1
2021.12.15	09:00:00	7122.480	7151.217	7096.241	7147.469	210330	590459	1
2021.12.15	10:00:00	7147.469	7179.954	7140.597	7146.219	217908	700375	1
2021.12.15	11:00:00	7146.844	7178.080	7128.727	7174.957	136988	405806	1
2021.12.15	12:00:00	7175.581	7179.330	7154.341	7178.705	93022	310956	1
2021.12.15	13:00:00	7178.080	7182.453	7153.716	7163.087	87673	303275	1
2021.12.15	14:00:00	7163.087	7173.707	7153.716	7167.460	56267	196247	1
2021.12.15	15:00:00	7166.835	7179.330	7158.089	7175.581	52882	154365	1
2021.12.15	16:00:00	7176.831	7191.199	7147.469	7155.590	133975	433892	1
2021.12.15	17:00:00	7155.590	7158.714	7126.228	7127.477	65801	229584	1
2021.12.15	18:00:00	7127.477	7134.974	7121.230	7126.228	12705	40946	1
2021.12.16	09:00:00	7106.862	7154.965	7100.614	7116.857	224764	610771	1
2021.12.16	10:00:00	7116.857	7133.100	7100.614	7126.228	156593	446868	1
2021.12.16	11:00:00	7126.228	7166.835	7117.482	7161.213	159582	489211	1
2021.12.16	12:00:00	7160.588	7176.206	7112.484	7117.482	136888	459415	1
2021.12.16	13:00:00	7118.107	7138.723	7093.742	7100.614	103808	337355	1
2021.12.16	14:00:00	7101.239	7116.232	7093.742	7111.235	67015	189114	1
2021.12.16	15:00:00	7110.610	7116.232	7093.742	7108.736	62077	192172	1
2021.12.16	16:00:00	7108.111	7130.601	7099.990	7117.482	58815	178599	1
2021.12.16	17:00:00	7117.482	7133.100	7111.235	7128.102	34173	109146	1
2021.12.16	18:00:00	7128.102	7138.098	7125.603	7129.976	9763	37291	1
2021.12.17	09:00:00	7123.729	7159.338	7122.480	7154.341	161892	443106	1
2021.12.17	10:00:00	7154.341	7161.213	7131.226	7143.720	137948	410526	1
2021.12.17	11:00:00	7143.720	7148.718	7121.855	7126.228	105435	338526	1
2021.12.17	12:00:00	7126.853	7135.599	7094.992	7109.985	117928	388924	1
2021.12.17	13:00:00	7109.360	7118.731	7095.617	7110.610	65837	215808	1
2021.12.17	14:00:00	7110.610	7113.734	7092.493	7111.235	59715	190543	1
2021.12.17	15:00:00	7111.235	7124.354	7103.738	7113.109	45250	145233	1
2021.12.17	16:00:00	7113.734	7125.603	7112.484	7121.230	36964	116824	1
2021.12.17	17:00:00	7121.230	7126.853	7109.360	7123.729	35279	116833	1
2021.12.17	18:00:00	7123.729	7139.347	7122.480	7133.100	12443	48864	1
2021.12.20	09:00:00	7152.466	7164.336	7135.599	7137.473	148480	409307	1
2021.12.20	10:00:00	7137.473	7149.343	7124.354	7148.093	141399	410464	1
2021.12.20	11:00:00	7148.093	7156.215	7133.100	7141.846	117058	338171	1
2021.12.20	12:00:00	7141.221	7178.080	7131.226	7168.709	114140	347189	1
2021.12.20	13:00:00	7169.334	7173.707	7158.089	7164.961	65021	206644	1
2021.12.20	14:00:00	7164.961	7172.458	7156.840	7171.208	50218	157941	1
2021.12.20	15:00:00	7171.833	7184.952	7163.711	7179.330	52911	150248	1
2021.12.20	16:00:00	7179.330	7195.572	7176.206	7193.074	62897	203717	1
2021.12.20	17:00:00	7193.698	7195.572	7182.453	7184.327	41045	137014	1
2021.12.20	18:00:00	7184.327	7196.197	7182.453	7193.698	12552	50440	1
2021.12.21	09:00:00	7164.961	7174.332	7153.716	7154.965	122631	344248	1
2021.12.21	10:00:00	7154.341	7184.952	7149.343	7183.703	126471	376060	1
2021.12.21	11:00:00	7183.078	7203.069	7181.828	7195.572	155046	496425	1
2021.12.21	12:00:00	7195.572	7196.197	7178.705	7193.698	70667	241321	1
2021.12.21	13:00:00	7194.323	7201.195	7180.579	7194.948	63713	203549	1
2021.12.21	14:00:00	7194.948	7206.817	7191.199	7198.696	51806	185234	1
2021.12.21	15:00:00	7198.696	7201.820	7183.078	7184.327	56823	185830	1
2021.12.21	16:00:00	7184.952	7193.074	7178.080	7183.703	38730	135753	1
2021.12.21	17:00:00	7184.327	7192.449	7178.705	7191.824	24915	78481	1
2021.12.21	18:00:00	7191.199	7195.572	7185.577	7193.074	10052	38025	1
2021.12.22	09:00:00	7177.455	7186.826	7139.972	7142.471	145152	412953	1
2021.12.22	10:00:00	7143.096	7168.709	7140.597	7164.336	116106	350978	1
2021.12.22	11:00:00	7164.336	7182.453	7153.716	7165.586	108721	344097	1
2021.12.22	12:00:00	7166.210	7171.208	7142.471	7154.341	82324	271542	1
2021.12.22	13:00:00	7154.341	7156.840	7133.100	7137.473	59821	193736	1
2021.12.22	14:00:00	7137.473	7139.347	7109.360	7109.985	62732	193038	1
2021.12.22	15:00:00	7110.610	7113.109	7094.367	7098.115	62479	205712	1
2021.12.22	16:00:00	7098.115	7101.864	7084.996	7092.493	54258	178942	1
2021.12.22	17:00:00	7092.493	7093.742	7081.248	7083.747	32751	114561	1
2021.12.22	18:00:00	7083.122	7084.996	7065.630	7076.250	15232	65628	1
2021.12.23	09:00:00	7078.124	7083.747	7041.266	7073.126	145924	428885	1
2021.12.23	10:00:00	7072.502	7104.363	7071.252	7101.864	108264	346439	1
2021.12.23	11:00:00	7101.864	7154.341	7099.990	7145.594	136833	476672	1
2021.12.23	12:00:00	7145.594	7154.341	7136.848	7150.592	78837	276973	1
2021.12.23	13:00:00	7150.592	7153.716	7100.614	7108.736	129374	492560	1
2021.12.23	14:00:00	7109.360	7115.608	7075.001	7098.115	93176	313016	1
2021.12.23	15:00:00	7098.740	7099.990	7079.374	7081.873	48466	141988	1
2021.12.23	16:00:00	7081.873	7094.367	7080.623	7084.996	31520	87413	1
2021.12.23	17:00:00	7084.372	7104.987	7083.122	7103.738	27246	83703	1
2021.12.23	18:00:00	7104.363	7108.736	7085.621	7085.621	10529	36259	1
2021.12.27	09:00:00	7084.996	7135.599	7084.996	7121.230	136034	372262	1
2021.12.27	10:00:00	7121.855	7123.104	7072.502	7078.749	139220	408584	1
2021.12.27	11:00:00	7078.124	7090.619	7060.007	7079.998	111564	307935	1
2021.12.27	12:00:00	7079.998	7086.870	7057.508	7065.630	70577	196890	1
2021.12.27	13:00:00	7066.255	7074.376	7046.263	7053.135	55744	158455	1
2021.12.27	14:00:00	7053.135	7056.884	7042.515	7049.387	43201	128954	1
2021.12.27	15:00:00	7050.012	7055.634	7044.389	7053.135	41344	135645	1
2021.12.27	16:00:00	7052.511	7054.385	7045.014	7050.012	26218	80062	1
2021.12.27	17:00:00	7049.387	7051.261	7037.517	7040.641	22649	73236	1
2021.12.27	18:00:00	7041.266	7041.890	7030.021	7031.895	12583	44355	1
2021.12.28	09:00:00	7024.398	7076.250	7021.899	7074.376	130609	359735	1
2021.12.28	10:00:00	7074.376	7077.500	7041.266	7043.764	121099	349397	1
2021.12.28	11:00:00	7043.764	7053.760	7030.645	7037.517	97287	282751	1
2021.12.28	12:00:00	7038.142	7061.881	7029.396	7050.012	82535	250731	1
2021.12.28	13:00:00	7049.387	7053.760	7032.519	7043.140	52849	167995	1
2021.12.28	14:00:00	7043.140	7063.131	7039.391	7058.758	51344	166667	1
2021.12.28	15:00:00	7058.133	7060.632	7041.266	7042.515	49448	151552	1
2021.12.28	16:00:00	7042.515	7051.261	7041.890	7047.513	26383	93571	1
2021.12.28	17:00:00	7046.888	7047.513	7025.647	7032.519	41277	145086	1
2021.12.28	18:00:00	7031.895	7036.268	7028.771	7035.643	5680	20474	1
2021.12.29	09:00:00	7045.014	7056.884	7027.522	7049.387	121705	331421	1
2021.12.29	10:00:00	7049.387	7071.877	7046.263	7061.881	89286	255182	1
2021.12.29	11:00:00	7061.257	7081.248	7056.884	7081.248	90741	292563	1
2021.12.29	12:00:00	7081.248	7098.115	7080.623	7096.866	83969	261839	1
2021.12.29	13:00:00	7096.241	7114.983	7086.870	7111.859	64621	193699	1
2021.12.29	14:00:00	7111.235	7121.230	7107.486	7120.606	49886	155190	1
2021.12.29	15:00:00	7120.606	7121.230	7109.985	7113.734	40980	131525	1
2021.12.29	16:00:00	7113.734	7119.981	7110.610	7114.358	31979	104384	1
2021.12.29	17:00:00	7114.358	7118.107	7109.985	7114.358	22735	77909	1
2021.12.29	18:00:00	7114.983	7136.848	7113.109	7125.603	17493	64440	1
2021.12.30	09:00:00	7116.297	7125.603	7052.393	7053.634	115569	346860	1
2021.12.30	10:00:00	7053.634	7054.254	6950.643	6958.088	172922	599170	1
2021.12.30	11:00:00	6957.468	6996.555	6932.030	6954.986	144490	494137	1
2021.12.30	12:00:00	6954.986	7000.277	6953.745	6966.774	87799	327400	1
2021.12.30	13:00:00	6966.774	6980.423	6956.847	6967.394	52190	184757	1
2021.12.30	14:00:00	6966.774	6972.358	6943.818	6948.782	44886	155408	1
2021.12.30	15:00:00	6949.402	6978.562	6946.300	6970.497	46412	144082	1
2021.12.30	16:00:00	6970.497	6971.737	6961.190	6966.154	24519	79538	1
2021.12.30	17:00:00	6966.154	6968.015	6954.365	6959.949	22047	72408	1
2021.12.30	18:00:00	6959.329	6964.292	6946.300	6962.431	8565	33175	1
2022.01.03	09:00:00	6960.570	6990.350	6942.577	6974.219	155552	418627	1
2022.01.03	10:00:00	6974.219	7013.306	6973.599	7012.686	141738	403925	1
2022.01.03	11:00:00	7012.065	7056.115	7011.445	7046.189	124423	381786	1
2022.01.03	12:00:00	7045.568	7078.451	7043.087	7070.385	92895	301374	1
2022.01.03	13:00:00	7070.385	7085.276	7063.561	7071.626	66234	209443	1
2022.01.03	14:00:00	7071.006	7076.590	7056.115	7072.247	55555	184393	1
2022.01.03	15:00:00	7072.867	7082.173	7067.904	7071.006	45246	153227	1
2022.01.03	16:00:00	7071.006	7076.590	7067.283	7074.108	31753	100292	1
2022.01.03	17:00:00	7074.108	7093.962	7068.524	7087.757	42949	136912	1
2022.01.03	18:00:00	7087.757	7108.852	7087.757	7106.370	16652	62904	1
2022.01.04	09:00:00	7078.451	7119.399	7075.969	7105.129	191902	491452	1
2022.01.04	10:00:00	7105.129	7128.085	7093.341	7109.472	163436	431512	1
2022.01.04	11:00:00	7109.472	7130.567	7054.875	7059.838	185826	535982	1
2022.01.04	12:00:00	7059.218	7084.035	7038.744	7079.692	129913	387830	1
2022.01.04	13:00:00	7079.071	7095.823	7069.144	7087.137	74947	234241	1
2022.01.04	14:00:00	7087.137	7096.443	7075.969	7094.582	53865	165770	1
2022.01.04	15:00:00	7094.582	7110.093	7082.173	7101.407	63418	197756	1
2022.01.04	16:00:00	7101.407	7111.333	7093.962	7102.648	40125	129011	1
2022.01.04	17:00:00	7102.648	7105.129	7094.582	7098.305	25163	79611	1
2022.01.04	18:00:00	7098.305	7101.407	7087.757	7088.378	8605	31107	1
2022.01.05	09:00:00	7091.480	7105.129	7058.597	7094.582	170970	438750	1
2022.01.05	10:00:00	7095.202	7097.064	7065.422	7069.765	166120	440868	1
2022.01.05	11:00:00	7069.144	7084.655	7042.466	7049.911	122525	379457	1
2022.01.05	12:00:00	7049.911	7080.933	7045.568	7066.663	87070	253039	1
2022.01.05	13:00:00	7066.663	7101.407	7062.320	7095.202	73218	241409	1
2022.01.05	14:00:00	7095.202	7100.786	7069.144	7088.378	80110	249737	1
2022.01.05	15:00:00	7088.378	7099.545	7082.794	7086.516	59306	182658	1
2022.01.05	16:00:00	7086.516	7131.187	7080.933	7128.705	107083	358641	1
2022.01.05	17:00:00	7129.326	7143.596	7120.640	7134.910	59542	189178	1
2022.01.05	18:00:00	7134.289	7140.494	7106.370	7106.370	13976	49776	1
2022.01.06	09:00:00	7106.370	7142.355	7095.202	7110.093	168713	445112	1
2022.01.06	10:00:00	7110.713	7127.465	7098.925	7115.676	137014	376631	1
2022.01.06	11:00:00	7115.676	7134.910	7095.823	7129.326	137654	428563	1
2022.01.06	12:00:00	7128.705	7143.596	7106.990	7115.056	124712	391102	1
2022.01.06	13:00:00	7115.056	7123.742	7105.750	7115.056	62237	201478	1
2022.01.06	14:00:00	7115.056	7126.844	7102.027	7107.611	57066	185203	1
2022.01.06	15:00:00	7108.231	7114.436	7087.757	7090.239	53562	175522	1
2022.01.06	16:00:00	7090.239	7097.064	7074.728	7087.137	54813	167219	1
2022.01.06	17:00:00	7087.137	7098.925	7082.173	7095.202	27209	82755	1
2022.01.06	18:00:00	7094.582	7102.027	7087.757	7092.100	10701	36595	1
2022.01.07	09:00:00	7087.137	7113.195	7067.283	7102.027	125871	332534	1
2022.01.07	10:00:00	7102.027	7122.501	7072.867	7110.713	169423	455418	1
2022.01.07	11:00:00	7110.713	7117.538	7040.605	7043.087	169559	526785	1
2022.01.07	12:00:00	7043.707	7064.181	7038.744	7056.115	95817	299462	1
2022.01.07	13:00:00	7056.115	7057.356	7017.649	7019.510	83685	269369	1
2022.01.07	14:00:00	7019.510	7031.298	7008.963	7024.474	65900	231828	1
2022.01.07	15:00:00	7023.853	7035.021	7017.029	7023.233	54657	165782	1
2022.01.07	16:00:00	7022.612	7032.539	7016.408	7025.715	34761	108653	1
2022.01.07	17:00:00	7025.715	7033.160	7023.233	7028.196	22524	73333	1
2022.01.07	18:00:00	7027.576	7030.678	7022.612	7030.678	8371	34060	1
2022.01.10	09:00:00	7039.984	7058.597	7020.131	7053.634	154412	393958	1
2022.01.10	10:00:00	7053.013	7069.144	7037.503	7068.524	144748	381643	1
2022.01.10	11:00:00	7067.904	7097.684	7067.283	7093.341	126130	369616	1
2022.01.10	12:00:00	7093.341	7097.684	7075.349	7084.655	78100	239977	1
2022.01.10	13:00:00	7084.655	7095.823	7077.830	7083.414	64264	198458	1
2022.01.10	14:00:00	7082.794	7090.859	7077.210	7085.276	46770	141840	1
2022.01.10	15:00:00	7085.276	7086.516	7066.042	7077.830	71761	245133	1
2022.01.10	16:00:00	7077.830	7080.312	7067.283	7074.728	42825	148540	1
2022.01.10	17:00:00	7074.728	7080.933	7067.904	7069.765	29660	99077	1
2022.01.10	18:00:00	7070.385	7073.487	7058.597	7061.079	11861	45762	1
2022.01.11	09:00:00	7047.430	7074.108	7040.605	7054.875	146748	397475	1
2022.01.11	10:00:00	7055.495	7059.218	7021.992	7049.911	191170	549530	1
2022.01.11	11:00:00	7049.911	7062.320	7028.817	7029.437	138261	407123	1
2022.01.11	12:00:00	7029.437	7031.298	6989.730	6994.693	146371	471235	1
2022.01.11	13:00:00	6994.693	6998.416	6953.745	6979.183	107347	377259	1
2022.01.11	14:00:00	6979.803	6990.971	6974.219	6976.080	48987	165173	1
2022.01.11	15:00:00	6976.080	6984.146	6958.088	6959.949	72450	243504	1
2022.01.11	16:00:00	6960.570	6964.292	6940.716	6955.606	72305	263109	1
2022.01.11	17:00:00	6954.986	6961.811	6942.577	6947.541	39731	123130	1
2022.01.11	18:00:00	6947.541	6948.782	6934.512	6945.679	14658	46263	1
2022.01.12	09:00:00	6954.365	6979.183	6948.782	6962.431	162042	410730	1
2022.01.12	10:00:00	6963.051	6974.219	6912.797	6928.928	236357	653040	1
2022.01.12	11:00:00	6928.928	6953.745	6916.519	6917.140	175986	510282	1
2022.01.12	12:00:00	6917.140	6935.132	6915.279	6921.483	95240	302587	1
2022.01.12	13:00:00	6921.483	6933.891	6915.899	6919.622	69442	225765	1
2022.01.12	14:00:00	6920.242	6925.826	6899.768	6905.352	87778	284592	1
2022.01.12	15:00:00	6905.352	6912.797	6889.841	6889.841	108955	337747	1
2022.01.12	16:00:00	6889.841	6904.111	6889.841	6897.907	92768	258678	1
2022.01.12	17:00:00	6898.527	6902.870	6878.673	6878.673	44280	133606	1
2022.01.12	18:00:00	6879.294	6900.388	6877.433	6899.147	13973	52283	1
2022.01.13	09:00:00	6915.279	6920.242	6892.943	6908.454	176791	459183	1
2022.01.13	10:00:00	6908.454	6918.381	6883.016	6883.637	192630	536301	1
2022.01.13	11:00:00	6883.637	6886.119	6850.754	6857.579	178957	609893	1
2022.01.13	12:00:00	6858.199	6885.498	6857.579	6869.987	114143	371923	1
2022.01.13	13:00:00	6869.367	6872.469	6853.856	6865.644	82879	274816	1
2022.01.13	14:00:00	6865.024	6886.119	6863.163	6878.053	69639	223342	1
2022.01.13	15:00:00	6878.673	6884.257	6866.885	6866.885	57934	182633	1
2022.01.13	16:00:00	6867.506	6889.221	6863.163	6884.257	50636	168843	1
2022.01.13	17:00:00	6884.878	6899.147	6878.053	6885.498	56062	182028	1
2022.01.13	18:00:00	6885.498	6899.147	6883.016	6884.878	11460	34838	1
2022.01.14	09:00:00	6886.739	6905.352	6878.673	6902.870	126333	314564	1
2022.01.14	10:00:00	6902.250	6907.833	6881.155	6902.250	177066	505233	1
2022.01.14	11:00:00	6902.870	6913.417	6887.359	6891.702	137306	420673	1
2022.01.14	12:00:00	6892.323	6899.147	6879.914	6891.702	82555	270326	1
2022.01.14	13:00:00	6891.702	6912.176	6884.257	6897.907	76416	252651	1
2022.01.14	14:00:00	6898.527	6905.972	6891.702	6904.111	48208	147741	1
2022.01.14	15:00:00	6904.731	6907.213	6874.951	6876.192	60231	192425	1
2022.01.14	16:00:00	6875.571	6877.433	6858.199	6862.542	61673	210688	1
2022.01.14	17:00:00	6862.542	6892.943	6861.301	6883.016	45962	153130	1
2022.01.14	18:00:00	6882.396	6893.564	6881.155	6891.082	10376	33046	1
2022.01.17	09:00:00	6892.943	6897.907	6851.995	6863.163	136393	373565	1
2022.01.17	10:00:00	6862.542	6863.163	6840.207	6847.652	132627	366744	1
2022.01.17	11:00:00	6848.272	6870.608	6845.170	6855.718	100530	270986	1
2022.01.17	12:00:00	6855.718	6868.126	6851.375	6855.097	70503	193943	1
2022.01.17	13:00:00	6855.718	6882.396	6851.995	6874.951	68733	212078	1
2022.01.17	14:00:00	6874.951	6878.673	6861.922	6864.404	45512	131398	1
2022.01.17	15:00:00	6864.404	6879.294	6857.579	6874.330	53886	168228	1
2022.01.17	16:00:00	6874.951	6883.637	6871.849	6879.294	30319	87107	1
2022.01.17	17:00:00	6879.914	6883.637	6872.469	6876.192	29775	82105	1
2022.01.17	18:00:00	6876.192	6880.535	6861.922	6865.024	7046	21477	1
2022.01.18	09:00:00	6888.600	6908.454	6882.396	6885.498	139388	382582	1
2022.01.18	10:00:00	6884.878	6889.221	6855.097	6856.338	182969	539581	1
2022.01.18	11:00:00	6856.338	6880.535	6850.754	6871.849	141294	409420	1
2022.01.18	12:00:00	6872.469	6892.323	6868.126	6869.367	98728	303569	1
2022.01.18	13:00:00	6869.987	6891.082	6868.126	6886.739	72060	228110	1
2022.01.18	14:00:00	6886.119	6946.300	6885.498	6936.994	121125	417898	1
2022.01.18	15:00:00	6936.994	6947.541	6932.651	6932.651	62314	209088	1
2022.01.18	16:00:00	6932.651	6935.132	6914.038	6920.242	54900	203254	1
2022.01.18	17:00:00	6919.622	6935.753	6916.519	6929.548	35582	108942	1
2022.01.18	18:00:00	6930.169	6935.132	6927.687	6928.928	9883	44019	1
2022.01.19	09:00:00	6899.147	6907.833	6870.608	6871.849	157434	479151	1
2022.01.19	10:00:00	6872.469	6876.192	6863.163	6869.987	138104	452061	1
2022.01.19	11:00:00	6869.987	6874.951	6807.945	6810.426	219687	796097	1
2022.01.19	12:00:00	6811.047	6829.660	6799.879	6809.806	123819	485676	1
2022.01.19	13:00:00	6809.806	6817.872	6793.675	6802.361	83772	288347	1
2022.01.19	14:00:00	6802.361	6809.186	6789.952	6801.120	64811	229344	1
2022.01.19	15:00:00	6801.120	6806.083	6793.675	6797.397	56691	203699	1
2022.01.19	16:00:00	6797.397	6804.222	6793.675	6801.740	34892	121918	1
2022.01.19	17:00:00	6801.120	6801.740	6772.580	6775.683	61651	215117	1
2022.01.19	18:00:00	6775.683	6778.164	6764.515	6767.617	21535	81267	1
2022.01.20	09:00:00	6775.062	6792.434	6764.515	6772.580	158515	479071	1
2022.01.20	10:00:00	6773.201	6773.821	6716.742	6732.253	200765	681148	1
2022.01.20	11:00:00	6732.873	6753.347	6718.603	6737.836	123100	403077	1
2022.01.20	12:00:00	6738.457	6750.245	6721.085	6724.808	97089	350617	1
2022.01.20	13:00:00	6724.187	6733.493	6717.362	6726.048	63187	225647	1
2022.01.20	14:00:00	6726.048	6730.391	6688.202	6713.019	82271	320838	1
2022.01.20	15:00:00	6713.019	6727.289	6699.990	6702.472	77548	271523	1
2022.01.20	16:00:00	6703.093	6749.004	6698.750	6735.975	77042	298047	1
2022.01.20	17:00:00	6735.975	6770.099	6733.493	6762.654	63343	204943	1
2022.01.20	18:00:00	6762.033	6762.654	6738.457	6738.457	14341	51915	1
2022.01.21	09:00:00	6763.894	6799.259	6745.902	6778.785	185161	530742	1
2022.01.21	10:00:00	6779.405	6806.083	6765.756	6766.997	171854	498344	1
2022.01.21	11:00:00	6766.997	6775.062	6726.048	6742.179	164161	524148	1
2022.01.21	12:00:00	6742.179	6758.311	6731.012	6738.457	110177	346818	1
2022.01.21	13:00:00	6739.077	6752.727	6716.742	6742.800	96917	335548	1
2022.01.21	14:00:00	6742.800	6773.821	6740.318	6770.719	67592	229772	1
2022.01.21	15:00:00	6770.719	6789.952	6765.135	6784.368	82216	282344	1
2022.01.21	16:00:00	6784.989	6791.814	6778.785	6785.609	49604	171161	1
2022.01.21	17:00:00	6784.989	6789.332	6774.442	6778.164	48304	152394	1
2022.01.21	18:00:00	6778.164	6797.397	6776.303	6786.850	11210	38202	1
2022.01.24	09:00:00	6808.565	6823.455	6795.536	6808.565	153060	430379	1
2022.01.24	10:00:00	6808.565	6817.872	6799.879	6814.769	127077	375064	1
2022.01.24	11:00:00	6814.769	6838.346	6804.843	6837.105	164975	523423	1
2022.01.24	12:00:00	6837.105	6855.097	6806.083	6827.798	152471	517770	1
2022.01.24	13:00:00	6827.178	6860.681	6826.558	6848.272	93909	331024	1
2022.01.24	14:00:00	6848.272	6866.265	6843.929	6846.411	92308	326026	1
2022.01.24	15:00:00	6846.411	6850.754	6826.558	6831.521	78499	275975	1
2022.01.24	16:00:00	6831.521	6851.375	6822.835	6843.929	69913	255515	1
2022.01.24	17:00:00	6843.309	6847.032	6820.974	6824.076	66832	248924	1
2022.01.24	18:00:00	6824.696	6827.178	6808.565	6820.974	11489	44296	1
2022.01.25	09:00:00	6832.141	6860.061	6832.141	6850.134	142074	373623	1
2022.01.25	10:00:00	6850.754	6856.958	6827.798	6830.901	110840	325858	1
2022.01.25	11:00:00	6831.521	6839.586	6815.390	6827.798	146210	441793	1
2022.01.25	12:00:00	6828.419	6840.827	6804.843	6811.667	108470	389462	1
2022.01.25	13:00:00	6811.047	6824.696	6800.500	6811.047	76888	271706	1
2022.01.25	14:00:00	6810.426	6812.908	6773.201	6786.850	92954	347038	1
2022.01.25	15:00:00	6786.850	6793.054	6760.172	6762.654	79523	275843	1
2022.01.25	16:00:00	6762.654	6768.858	6744.041	6752.727	63588	237629	1
2022.01.25	17:00:00	6752.727	6775.062	6750.865	6760.792	64807	227868	1
2022.01.25	18:00:00	6761.413	6771.960	6757.070	6764.515	15015	55706	1
2022.01.26	09:00:00	6741.559	6758.311	6729.151	6747.763	155011	442265	1
2022.01.26	10:00:00	6747.143	6748.384	6722.326	6735.975	143171	420651	1
2022.01.26	11:00:00	6735.975	6779.405	6735.355	6755.208	185340	590332	1
2022.01.26	12:00:00	6755.208	6763.894	6744.661	6752.727	97663	322888	1
2022.01.26	13:00:00	6752.106	6762.033	6739.698	6753.347	65260	222081	1
2022.01.26	14:00:00	6752.727	6756.449	6727.910	6732.873	56353	194215	1
2022.01.26	15:00:00	6732.873	6740.939	6708.056	6714.260	95797	312988	1
2022.01.26	16:00:00	6713.640	6770.099	6696.888	6753.347	186913	618011	1
2022.01.26	17:00:00	6753.347	6790.573	6752.727	6758.311	110416	390662	1
2022.01.26	18:00:00	6758.311	6763.894	6743.420	6749.004	12858	49983	1
2022.01.27	09:00:00	6744.041	6747.763	6675.173	6681.998	188017	628378	1
2022.01.27	10:00:00	6681.998	6699.370	6654.079	6656.561	166008	585929	1
2022.01.27	11:00:00	6656.561	6681.998	6646.013	6663.385	176246	641432	1
2022.01.27	12:00:00	6662.765	6726.669	6662.144	6720.465	152376	624822	1
2022.01.27	13:00:00	6719.844	6737.836	6711.158	6735.355	96425	425284	1
2022.01.27	14:00:00	6735.355	6745.902	6716.742	6727.289	97346	395295	1
2022.01.27	15:00:00	6727.289	6749.004	6724.187	6742.800	78138	304027	1
2022.01.27	16:00:00	6743.420	6745.282	6731.012	6733.493	52316	204989	1
2022.01.27	17:00:00	6733.493	6734.114	6706.815	6717.362	48452	176125	1
2022.01.27	18:00:00	6717.983	6718.603	6703.713	6714.881	10970	40703	1
2022.01.28	09:00:00	6737.836	6744.041	6693.166	6701.852	171284	506716	1
2022.01.28	10:00:00	6701.852	6713.019	6670.830	6680.137	204861	629119	1
2022.01.28	11:00:00	6680.757	6701.231	6675.794	6693.786	117913	424982	1
2022.01.28	12:00:00	6693.786	6719.844	6681.378	6709.297	121049	447968	1
2022.01.28	13:00:00	6709.297	6713.019	6688.202	6697.509	76551	262586	1
2022.01.28	14:00:00	6697.509	6706.815	6685.721	6703.713	64189	238658	1
2022.01.28	15:00:00	6703.713	6704.954	6683.239	6690.064	53858	190567	1
2022.01.28	16:00:00	6690.064	6699.370	6684.480	6690.684	47952	189005	1
2022.01.28	17:00:00	6690.684	6701.231	6676.414	6680.757	40036	145560	1
2022.01.28	18:00:00	6680.757	6680.757	6660.904	6664.006	13219	42609	1
2022.01.31	09:00:00	6644.930	6689.849	6634.470	6662.775	135701	415605	1
2022.01.31	10:00:00	6662.775	6681.235	6636.931	6645.546	124856	407744	1
2022.01.31	11:00:00	6646.161	6657.852	6633.239	6651.699	103632	332629	1
2022.01.31	12:00:00	6651.084	6652.930	6574.783	6582.782	149399	579035	1
2022.01.31	13:00:00	6582.782	6588.936	6550.170	6557.554	111041	434564	1
2022.01.31	14:00:00	6557.554	6577.244	6556.323	6576.629	67719	249570	1
2022.01.31	15:00:00	6577.244	6587.090	6569.860	6571.091	66655	236777	1
2022.01.31	16:00:00	6571.091	6584.013	6569.245	6576.629	40287	145666	1
2022.01.31	17:00:00	6576.014	6591.397	6573.552	6582.782	50081	201205	1
2022.01.31	18:00:00	6582.782	6583.398	6570.476	6577.860	11755	46139	1
2022.02.01	09:00:00	6564.322	6568.630	6532.325	6549.555	161554	466953	1
2022.02.01	10:00:00	6549.555	6588.936	6542.171	6553.247	194375	594106	1
2022.02.01	11:00:00	6553.247	6564.322	6537.863	6542.786	149920	494210	1
2022.02.01	12:00:00	6542.786	6562.476	6535.402	6544.017	114687	411598	1
2022.02.01	13:00:00	6544.017	6555.093	6537.248	6545.247	59878	206102	1
2022.02.01	14:00:00	6545.247	6557.554	6543.401	6549.555	49212	168643	1
2022.02.01	15:00:00	6549.555	6554.477	6530.479	6534.171	60103	204221	1
2022.02.01	16:00:00	6533.556	6539.094	6525.557	6534.171	54939	211267	1
2022.02.01	17:00:00	6533.556	6535.402	6524.326	6530.479	36327	134470	1
2022.02.01	18:00:00	6530.479	6532.941	6524.326	6524.326	10393	41904	1
2022.02.02	09:00:00	6522.480	6528.633	6510.789	6516.327	122120	423530	1
2022.02.02	10:00:00	6516.327	6559.400	6515.096	6558.785	171957	566180	1
2022.02.02	11:00:00	6558.169	6577.860	6545.247	6574.783	116966	395158	1
2022.02.02	12:00:00	6574.783	6584.013	6556.323	6566.784	97845	367915	1
2022.02.02	13:00:00	6566.784	6582.782	6561.861	6574.168	79106	289497	1
2022.02.02	14:00:00	6574.168	6576.629	6557.554	6559.400	45595	164746	1
2022.02.02	15:00:00	6559.400	6567.399	6540.325	6544.017	76561	266022	1
2022.02.02	16:00:00	6543.401	6551.401	6530.479	6535.402	49935	188307	1
2022.02.02	17:00:00	6535.402	6537.863	6522.480	6523.711	37664	137431	1
2022.02.02	18:00:00	6523.711	6531.710	6515.096	6517.558	17730	67429	1
2022.02.03	09:00:00	6532.325	6572.937	6530.479	6572.322	154582	435582	1
2022.02.03	10:00:00	6572.322	6589.551	6563.092	6580.321	134653	434161	1
2022.02.03	11:00:00	6580.321	6591.397	6548.939	6566.168	181783	625574	1
2022.02.03	12:00:00	6566.784	6575.398	6528.018	6547.709	125104	436252	1
2022.02.03	13:00:00	6548.324	6576.014	6532.941	6571.091	88869	304178	1
2022.02.03	14:00:00	6571.091	6576.014	6555.093	6556.939	68119	226250	1
2022.02.03	15:00:00	6556.939	6566.784	6555.708	6557.554	40351	142001	1
2022.02.03	16:00:00	6558.169	6563.707	6548.939	6558.785	46900	165272	1
2022.02.03	17:00:00	6558.785	6563.092	6535.402	6547.709	49165	177477	1
2022.02.03	18:00:00	6547.709	6550.170	6534.787	6544.632	12306	45904	1
2022.02.04	09:00:00	6558.785	6565.553	6536.633	6550.785	129530	383085	1
2022.02.04	10:00:00	6550.785	6611.087	6549.555	6604.319	202310	608201	1
2022.02.04	11:00:00	6603.703	6611.087	6576.629	6598.166	151762	473739	1
2022.02.04	12:00:00	6598.781	6620.933	6594.474	6614.164	96088	314368	1
2022.02.04	13:00:00	6613.549	6622.163	6592.012	6594.474	81980	268560	1
2022.02.04	14:00:00	6593.858	6601.857	6591.397	6594.474	40720	140322	1
2022.02.04	15:00:00	6594.474	6597.550	6587.705	6591.397	39833	141950	1
2022.02.04	16:00:00	6591.397	6601.857	6585.859	6590.166	41531	150373	1
2022.02.04	17:00:00	6589.551	6593.858	6579.706	6592.628	31284	112050	1
2022.02.04	18:00:00	6592.012	6597.550	6587.090	6595.089	10659	38349	1
2022.02.07	09:00:00	6577.860	6586.474	6547.709	6549.555	163305	442982	1
2022.02.07	10:00:00	6549.555	6571.091	6539.709	6555.708	159399	443145	1
2022.02.07	11:00:00	6555.708	6576.014	6542.786	6544.017	128171	365656	1
2022.02.07	12:00:00	6544.632	6560.630	6540.325	6545.247	79149	244271	1
2022.02.07	13:00:00	6545.247	6553.247	6531.095	6548.939	74842	229044	1
2022.02.07	14:00:00	6548.939	6552.631	6513.866	6524.941	90211	301261	1
2022.02.07	15:00:00	6524.941	6531.710	6513.250	6516.327	64974	206429	1
2022.02.07	16:00:00	6516.327	6518.788	6496.021	6500.328	60474	215354	1
2022.02.07	17:00:00	6500.328	6510.174	6499.098	6501.559	40758	140049	1
2022.02.07	18:00:00	6501.559	6515.712	6499.713	6508.943	16690	57137	1
2022.02.08	09:00:00	6516.327	6524.326	6494.790	6503.405	144708	389558	1
2022.02.08	10:00:00	6504.020	6542.171	6503.405	6523.711	186454	556739	1
2022.02.08	11:00:00	6523.095	6526.787	6495.406	6514.481	157344	440549	1
2022.02.08	12:00:00	6515.096	6537.248	6511.404	6523.711	106842	317578	1
2022.02.08	13:00:00	6523.711	6525.557	6507.712	6519.404	58729	191891	1
2022.02.08	14:00:00	6518.788	6528.018	6515.712	6521.865	46605	150594	1
2022.02.08	15:00:00	6521.865	6526.787	6511.404	6513.250	47915	151490	1
2022.02.08	16:00:00	6513.866	6515.096	6497.867	6506.482	46898	161075	1
2022.02.08	17:00:00	6505.866	6513.250	6501.559	6504.636	39923	126778	1
2022.02.08	18:00:00	6504.020	6510.174	6499.098	6502.790	10391	43770	1
2022.02.09	09:00:00	6491.714	6519.404	6474.485	6516.942	166229	506269	1
2022.02.09	10:00:00	6516.327	6540.940	6503.405	6536.017	173377	499191	1
2022.02.09	11:00:00	6536.017	6539.709	6523.711	6531.710	107064	324029	1
2022.02.09	12:00:00	6531.710	6532.941	6499.713	6510.789	116627	386694	1
2022.02.09	13:00:00	6511.404	6524.326	6501.559	6509.558	70276	229422	1
2022.02.09	14:00:00	6510.174	6510.174	6452.333	6459.717	117766	413325	1
2022.02.09	15:00:00	6459.101	6463.409	6445.564	6452.948	76711	267007	1
2022.02.09	16:00:00	6452.948	6466.485	6449.871	6462.178	54251	175256	1
2022.02.09	17:00:00	6462.178	6476.946	6459.717	6472.023	48029	165405	1
2022.02.09	18:00:00	6472.023	6480.638	6468.947	6476.946	11803	48904	1
2022.02.10	09:00:00	6470.177	6484.330	6455.409	6464.024	185068	475698	1
2022.02.10	10:00:00	6464.639	6486.176	6442.487	6459.101	232069	663088	1
2022.02.10	11:00:00	6459.101	6475.100	6405.568	6409.875	206627	644130	1
2022.02.10	12:00:00	6409.260	6421.566	6392.031	6415.413	131391	449836	1
2022.02.10	13:00:00	6415.413	6427.720	6403.106	6426.489	87679	285314	1
2022.02.10	14:00:00	6427.104	6490.483	6422.182	6461.563	157291	538905	1
2022.02.10	15:00:00	6462.178	6478.177	6433.873	6465.255	116339	365934	1
2022.02.10	16:00:00	6465.255	6478.792	6452.948	6475.100	67899	213604	1
2022.02.10	17:00:00	6475.100	6493.560	6469.562	6488.022	63375	187673	1
2022.02.10	18:00:00	6488.022	6495.406	6481.868	6483.714	10966	36140	1
2022.02.11	09:00:00	6464.024	6476.946	6417.874	6426.489	174460	479222	1
2022.02.11	10:00:00	6425.874	6447.410	6403.106	6441.872	171292	499247	1
2022.02.11	11:00:00	6442.487	6453.563	6420.336	6425.258	161794	455721	1
2022.02.11	12:00:00	6424.643	6428.950	6406.798	6418.490	129840	397718	1
2022.02.11	13:00:00	6418.490	6435.719	6406.798	6423.412	91293	283960	1
2022.02.11	14:00:00	6423.412	6427.720	6400.645	6414.798	82338	249627	1
2022.02.11	15:00:00	6414.182	6485.560	6400.645	6453.563	174809	529671	1
2022.02.11	16:00:00	6452.948	6481.253	6442.487	6475.715	157157	458938	1
2022.02.11	17:00:00	6475.715	6505.251	6464.639	6484.945	82184	247600	1
2022.02.11	18:00:00	6484.945	6495.406	6477.561	6488.637	11953	38663	1
2022.02.14	09:00:00	6488.637	6504.020	6426.489	6447.410	208390	553046	1
2022.02.14	10:00:00	6447.410	6448.641	6416.028	6430.181	169780	487789	1
2022.02.14	11:00:00	6430.181	6443.718	6421.566	6424.028	119007	356073	1
2022.02.14	12:00:00	6424.643	6459.717	6422.797	6454.179	126648	400549	1
2022.02.14	13:00:00	6453.563	6456.640	6432.642	6440.026	79811	255978	1
2022.02.14	14:00:00	6440.641	6452.333	6425.258	6427.720	66155	206033	1
2022.02.14	15:00:00	6427.104	6457.871	6416.644	6446.795	106046	345887	1
2022.02.14	16:00:00	6446.795	6451.102	6426.489	6445.564	94484	298995	1
2022.02.14	17:00:00	6445.564	6452.333	6436.950	6444.949	43594	143120	1
2022.02.14	18:00:00	6444.949	6446.795	6433.258	6433.258	13175	42646	1
2022.02.15	09:00:00	6413.567	6441.257	6411.106	6437.565	165296	435638	1
2022.02.15	10:00:00	6438.180	6438.180	6397.568	6400.645	195852	530338	1
2022.02.15	11:00:00	6400.645	6409.260	6377.263	6408.644	174073	517224	1
2022.02.15	12:00:00	6408.644	6414.798	6385.877	6388.339	102771	331021	1
2022.02.15	13:00:00	6388.339	6404.337	6385.877	6396.953	65473	215234	1
2022.02.15	14:00:00	6396.953	6412.952	6395.107	6404.337	62767	198557	1
2022.02.15	15:00:00	6404.952	6407.414	6393.261	6393.877	43661	134777	1
2022.02.15	16:00:00	6393.261	6402.491	6390.185	6394.492	46590	151729	1
2022.02.15	17:00:00	6395.107	6396.338	6379.109	6381.570	36479	118966	1
2022.02.15	18:00:00	6381.570	6384.647	6368.033	6368.033	14221	55034	1
2022.02.16	09:00:00	6368.648	6386.493	6356.341	6364.341	201947	583911	1
2022.02.16	10:00:00	6363.725	6389.569	6361.264	6383.416	172136	507506	1
2022.02.16	11:00:00	6383.416	6387.108	6361.264	6364.341	155098	474618	1
2022.02.16	12:00:00	6364.956	6369.263	6347.112	6366.802	101591	330676	1
2022.02.16	13:00:00	6366.187	6375.417	6352.034	6368.033	79664	252003	1
2022.02.16	14:00:00	6367.417	6372.340	6350.804	6352.650	66062	205554	1
2022.02.16	15:00:00	6352.650	6363.725	6336.036	6339.728	99281	352351	1
2022.02.16	16:00:00	6340.343	6349.573	6328.036	6329.267	95517	294255	1
2022.02.16	17:00:00	6328.652	6334.190	6321.268	6329.267	45350	139797	1
2022.02.16	18:00:00	6329.882	6340.343	6328.036	6339.728	15537	56841	1
2022.02.17	09:00:00	6356.341	6358.187	6323.114	6340.958	136050	365902	1
2022.02.17	10:00:00	6340.958	6352.650	6326.806	6344.650	173000	501454	1
2022.02.17	11:00:00	6344.650	6391.415	6336.036	6388.339	175829	548109	1
2022.02.17	12:00:00	6388.339	6388.954	6366.802	6369.879	102496	325894	1
2022.02.17	13:00:00	6370.494	6376.647	6361.264	6361.264	64332	205649	1
2022.02.17	14:00:00	6361.264	6371.109	6353.880	6369.263	63321	199808	1
2022.02.17	15:00:00	6369.263	6382.185	6366.802	6378.493	63342	198948	1
2022.02.17	16:00:00	6378.493	6380.955	6370.494	6370.494	36425	125417	1
2022.02.17	17:00:00	6370.494	6383.416	6369.879	6374.186	42565	136133	1
2022.02.17	18:00:00	6374.186	6385.877	6374.186	6378.493	13101	46219	1
2022.02.18	09:00:00	6369.879	6372.340	6330.498	6339.112	159621	438541	1
2022.02.18	10:00:00	6339.112	6350.804	6321.883	6332.344	168368	494115	1
2022.02.18	11:00:00	6332.959	6341.574	6317.576	6320.652	136269	417529	1
2022.02.18	12:00:00	6321.268	6326.190	6307.115	6320.037	116543	378783	1
2022.02.18	13:00:00	6320.037	6335.420	6311.423	6315.115	95374	334172	1
2022.02.18	14:00:00	6314.499	6331.728	6292.347	6329.882	103427	352153	1
2022.02.18	15:00:00	6330.498	6336.651	6319.422	6331.728	74023	274943	1
2022.02.18	16:00:00	6332.344	6337.882	6328.036	6336.651	38078	141117	1
2022.02.18	17:00:00	6336.651	6347.112	6331.113	6334.190	56362	217822	1
2022.02.18	18:00:00	6334.190	6335.420	6327.421	6333.574	12429	40405	1
2022.02.21	09:00:00	6326.190	6353.880	6321.883	6324.960	169104	479512	1
2022.02.21	10:00:00	6324.344	6324.960	6287.425	6289.886	166051	492495	1
2022.02.21	11:00:00	6289.271	6294.193	6270.811	6273.272	123301	419140	1
2022.02.21	12:00:00	6273.272	6281.271	6253.582	6258.504	104603	342439	1
2022.02.21	13:00:00	6257.889	6278.810	6257.274	6275.733	59600	207145	1
2022.02.21	14:00:00	6276.349	6283.117	6265.273	6281.887	60701	189725	1
2022.02.21	15:00:00	6281.271	6289.886	6275.118	6280.656	65837	215154	1
2022.02.21	16:00:00	6280.656	6299.731	6278.810	6292.347	61337	192724	1
2022.02.21	17:00:00	6292.347	6300.347	6292.347	6293.578	28182	87651	1
2022.02.21	18:00:00	6293.578	6294.193	6284.348	6291.732	13060	48658	1
2022.02.22	09:00:00	6278.810	6284.348	6252.966	6268.965	221673	636837	1
2022.02.22	10:00:00	6268.965	6270.811	6229.584	6231.430	175117	559107	1
2022.02.22	11:00:00	6231.430	6248.044	6221.585	6224.661	140716	458563	1
2022.02.22	12:00:00	6224.661	6233.276	6220.969	6223.431	95953	345886	1
2022.02.22	13:00:00	6224.046	6241.275	6220.354	6235.737	81062	296603	1
2022.02.22	14:00:00	6235.737	6236.968	6222.200	6232.045	55017	190744	1
2022.02.22	15:00:00	6231.430	6245.582	6225.892	6238.814	70837	239403	1
2022.02.22	16:00:00	6239.429	6248.044	6214.816	6222.815	99344	342130	1
2022.02.22	17:00:00	6222.200	6236.352	6217.277	6233.891	55658	216393	1
2022.02.22	18:00:00	6234.506	6238.198	6227.738	6234.506	12741	52472	1
2022.02.23	09:00:00	6215.431	6221.585	6172.358	6172.974	217142	673436	1
2022.02.23	10:00:00	6172.974	6177.896	6155.744	6158.821	153977	518305	1
2022.02.23	11:00:00	6158.821	6172.974	6155.129	6165.590	129061	452262	1
2022.02.23	12:00:00	6165.590	6197.587	6165.590	6196.356	121118	439022	1
2022.02.23	13:00:00	6196.356	6202.509	6176.050	6180.973	87370	300220	1
2022.02.23	14:00:00	6180.973	6182.204	6163.744	6169.282	73197	269827	1
2022.02.23	15:00:00	6169.897	6175.435	6150.207	6152.668	99276	342513	1
2022.02.23	16:00:00	6152.668	6168.666	6150.822	6160.667	69704	252378	1
2022.02.23	17:00:00	6160.052	6166.820	6153.898	6166.205	38894	144047	1
2022.02.23	18:00:00	6166.205	6174.820	6158.206	6168.051	16830	84895	1
2022.02.24	09:00:00	6227.123	6268.965	6198.817	6264.658	279150	790288	1
2022.02.24	10:00:00	6264.042	6286.194	6254.197	6283.117	202084	648720	1
2022.02.24	11:00:00	6283.117	6336.036	6271.426	6327.421	224168	743982	1
2022.02.24	12:00:00	6327.421	6340.343	6310.192	6325.575	144831	548894	1
2022.02.24	13:00:00	6325.575	6328.036	6296.039	6308.346	121318	444732	1
2022.02.24	14:00:00	6308.346	6336.036	6300.962	6334.190	87150	298146	1
2022.02.24	15:00:00	6334.190	6357.572	6313.269	6324.344	140029	492445	1
2022.02.24	16:00:00	6324.344	6329.882	6267.119	6284.348	137146	483729	1
2022.02.24	17:00:00	6284.348	6305.885	6257.889	6300.962	89278	328995	1
2022.02.24	18:00:00	6300.962	6314.499	6298.501	6307.115	12137	42802	1
2022.02.25	09:00:00	6316.287	6322.402	6266.148	6288.160	276310	737800	1
2022.02.25	10:00:00	6288.772	6332.185	6288.160	6317.510	193237	563280	1
2022.02.25	11:00:00	6316.898	6354.808	6314.453	6352.974	147005	457097	1
2022.02.25	12:00:00	6353.586	6368.872	6348.082	6359.700	106183	374633	1
2022.02.25	13:00:00	6359.700	6378.044	6349.305	6354.808	107254	373162	1
2022.02.25	14:00:00	6354.197	6385.992	6351.751	6381.101	75108	251307	1
2022.02.25	15:00:00	6381.101	6390.273	6359.089	6365.203	84810	281311	1
2022.02.25	16:00:00	6364.592	6366.426	6341.357	6358.477	74422	253814	1
2022.02.25	17:00:00	6359.089	6368.872	6350.528	6356.643	49173	155426	1
2022.02.25	18:00:00	6356.643	6377.432	6348.694	6376.821	17040	68590	1
2022.03.02	13:00:00	6442.246	6442.246	6347.471	6353.586	252537	812445	1
2022.03.02	14:00:00	6353.586	6362.146	6340.745	6344.414	110126	344296	1
2022.03.02	15:00:00	6343.802	6345.025	6304.058	6305.892	129087	400782	1
2022.03.02	16:00:00	6305.281	6308.338	6291.829	6299.778	82552	270291	1
2022.03.02	17:00:00	6299.166	6300.389	6283.269	6292.440	63301	194000	1
2022.03.02	18:00:00	6292.440	6292.440	6267.982	6291.218	24221	80916	1
2022.03.03	09:00:00	6299.166	6307.115	6252.085	6256.365	249590	606409	1
2022.03.03	10:00:00	6256.976	6261.868	6194.608	6205.614	223629	669025	1
2022.03.03	11:00:00	6205.614	6233.741	6193.385	6220.901	161416	509855	1
2022.03.03	12:00:00	6221.512	6228.850	6198.888	6214.786	126116	408422	1
2022.03.03	13:00:00	6214.175	6244.747	6208.672	6233.741	128610	404967	1
2022.03.03	14:00:00	6233.741	6253.308	6212.952	6216.009	136808	407865	1
2022.03.03	15:00:00	6216.009	6217.843	6190.328	6191.551	87415	263291	1
2022.03.03	16:00:00	6191.551	6201.334	6189.717	6197.054	57145	184898	1
2022.03.03	17:00:00	6197.666	6203.780	6189.717	6197.666	56566	179002	1
2022.03.03	18:00:00	6197.666	6206.226	6191.551	6206.226	15849	50292	1
2022.03.04	09:00:00	6223.958	6234.964	6193.385	6228.238	274158	733971	1
2022.03.04	10:00:00	6228.850	6278.377	6220.901	6267.371	250951	688657	1
2022.03.04	11:00:00	6267.371	6284.492	6255.142	6263.702	165894	493661	1
2022.03.04	12:00:00	6264.314	6276.543	6255.142	6262.479	111662	348864	1
2022.03.04	13:00:00	6262.479	6281.434	6256.976	6267.371	79964	276141	1
2022.03.04	14:00:00	6267.371	6275.931	6236.187	6240.467	109931	381582	1
2022.03.04	15:00:00	6240.467	6259.422	6227.627	6256.976	86189	288749	1
2022.03.04	16:00:00	6256.365	6266.760	6245.970	6256.976	65972	213968	1
2022.03.04	17:00:00	6256.976	6258.199	6239.856	6240.467	48503	156357	1
2022.03.04	18:00:00	6240.467	6243.524	6229.461	6236.187	15186	52109	1
2022.03.07	09:00:00	6254.530	6280.823	6214.786	6222.124	255602	709599	1
2022.03.07	10:00:00	6221.512	6234.353	6195.831	6216.621	198936	574399	1
2022.03.07	11:00:00	6216.009	6245.970	6205.003	6240.467	178134	516315	1
2022.03.07	12:00:00	6241.079	6253.919	6228.850	6241.079	125125	394720	1
2022.03.07	13:00:00	6240.467	6266.148	6234.964	6262.479	113972	366494	1
2022.03.07	14:00:00	6262.479	6274.097	6252.696	6272.263	99161	339896	1
2022.03.07	15:00:00	6272.263	6273.485	6256.976	6266.760	71297	247810	1
2022.03.07	16:00:00	6266.760	6267.982	6245.359	6255.142	93489	360199	1
2022.03.07	17:00:00	6255.142	6283.269	6251.473	6278.377	79475	293753	1
2022.03.07	18:00:00	6278.377	6300.389	6278.377	6300.389	20911	94215	1
2022.03.08	09:00:00	6262.479	6273.485	6233.130	6262.479	270401	700719	1
2022.03.08	10:00:00	6262.479	6280.211	6246.582	6276.543	208684	598870	1
2022.03.08	11:00:00	6276.543	6278.989	6248.416	6263.702	202457	600376	1
2022.03.08	12:00:00	6263.702	6275.931	6254.530	6267.982	126455	430930	1
2022.03.08	13:00:00	6267.371	6275.931	6257.588	6264.925	81863	285542	1
2022.03.08	14:00:00	6264.314	6266.148	6216.009	6227.627	185384	591349	1
2022.03.08	15:00:00	6227.627	6246.582	6211.729	6237.410	121259	394102	1
2022.03.08	16:00:00	6238.021	6246.582	6218.455	6222.735	80565	265523	1
2022.03.08	17:00:00	6222.124	6238.633	6219.066	6235.576	46831	169046	1
2022.03.08	18:00:00	6236.187	6237.410	6228.238	6228.238	9949	47388	1
2022.03.09	09:00:00	6187.882	6198.888	6172.596	6184.214	189408	502374	1
2022.03.09	10:00:00	6184.214	6190.940	6165.870	6168.927	162222	483810	1
2022.03.09	11:00:00	6168.316	6176.876	6146.304	6164.036	217492	677967	1
2022.03.09	12:00:00	6164.647	6167.093	6139.578	6145.692	115873	412685	1
2022.03.09	13:00:00	6145.081	6154.253	6136.520	6146.304	82446	265177	1
2022.03.09	14:00:00	6146.915	6165.870	6144.469	6154.253	103540	296269	1
2022.03.09	15:00:00	6154.253	6165.259	6152.418	6162.201	62470	190805	1
2022.03.09	16:00:00	6162.813	6175.653	6161.590	6169.539	66973	225663	1
2022.03.09	17:00:00	6169.539	6170.762	6157.921	6167.704	54075	170785	1
2022.03.09	18:00:00	6167.704	6170.762	6159.144	6168.927	11864	41496	1
2022.03.10	09:00:00	6186.659	6206.226	6177.488	6204.392	165782	454663	1
2022.03.10	10:00:00	6204.392	6234.353	6192.163	6223.958	219294	647340	1
2022.03.10	11:00:00	6223.958	6244.747	6208.672	6211.117	148826	466872	1
2022.03.10	12:00:00	6210.506	6225.181	6203.780	6214.786	116998	346695	1
2022.03.10	13:00:00	6214.786	6228.238	6203.169	6205.614	71974	224445	1
2022.03.10	14:00:00	6205.003	6220.289	6201.946	6214.175	72452	226576	1
2022.03.10	15:00:00	6214.175	6216.009	6165.259	6167.704	100610	334531	1
2022.03.10	16:00:00	6168.316	6176.265	6167.704	6171.985	43696	152167	1
2022.03.10	17:00:00	6171.985	6179.933	6169.539	6175.653	32789	120782	1
2022.03.10	18:00:00	6175.042	6176.265	6164.647	6167.093	10634	40255	1
2022.03.11	09:00:00	6151.807	6161.590	6130.406	6158.533	184997	505454	1
2022.03.11	10:00:00	6158.533	6175.653	6147.527	6173.819	169253	473497	1
2022.03.11	11:00:00	6173.208	6191.551	6164.647	6189.105	123463	379684	1
2022.03.11	12:00:00	6189.717	6204.392	6186.048	6198.277	92588	303393	1
2022.03.11	13:00:00	6198.888	6220.289	6188.494	6212.952	85441	274657	1
2022.03.11	14:00:00	6212.952	6217.843	6206.226	6209.283	52083	176767	1
2022.03.11	15:00:00	6209.283	6218.455	6205.003	6214.175	52922	185140	1
2022.03.11	16:00:00	6214.175	6223.346	6208.672	6214.786	48843	173450	1
2022.03.11	17:00:00	6214.786	6245.970	6214.175	6241.690	82930	282715	1
2022.03.11	18:00:00	6241.690	6250.862	6238.633	6242.301	17782	64070	1
2022.03.14	09:00:00	6217.843	6229.461	6200.111	6202.557	154969	448923	1
2022.03.14	10:00:00	6202.557	6241.079	6193.385	6230.684	176736	545979	1
2022.03.14	11:00:00	6230.072	6239.244	6222.735	6226.404	116823	365921	1
2022.03.14	12:00:00	6227.015	6253.308	6225.181	6247.805	90136	290676	1
2022.03.14	13:00:00	6248.416	6279.600	6246.582	6276.543	104059	371882	1
2022.03.14	14:00:00	6276.543	6297.332	6267.982	6293.663	86473	298839	1
2022.03.14	15:00:00	6294.275	6317.510	6282.657	6312.618	100465	326524	1
2022.03.14	16:00:00	6312.618	6312.618	6291.218	6294.275	79434	252938	1
2022.03.14	17:00:00	6294.275	6304.058	6287.549	6299.166	39413	124129	1
2022.03.15	09:00:00	6277.154	6294.886	6259.422	6283.880	213457	570908	1
2022.03.15	10:00:00	6284.492	6330.962	6280.211	6313.230	196706	582944	1
2022.03.15	11:00:00	6312.618	6318.733	6294.886	6304.058	120189	356642	1
2022.03.15	12:00:00	6304.058	6322.402	6296.109	6319.956	103667	317975	1
2022.03.15	13:00:00	6319.956	6329.739	6305.281	6323.624	87778	268846	1
2022.03.15	14:00:00	6323.013	6343.191	6313.230	6342.579	86171	267327	1
2022.03.15	15:00:00	6342.579	6352.974	6337.076	6338.911	78342	269504	1
2022.03.15	16:00:00	6338.911	6344.414	6332.185	6338.911	52734	175874	1
2022.03.15	17:00:00	6338.299	6350.528	6334.631	6343.191	31765	104335	1
2022.03.16	09:00:00	6312.618	6334.019	6288.160	6330.962	195390	585923	1
2022.03.16	10:00:00	6330.962	6332.185	6300.389	6316.898	175761	600162	1
2022.03.16	11:00:00	6316.287	6316.287	6267.371	6288.772	181145	639167	1
2022.03.16	12:00:00	6288.772	6290.606	6263.091	6275.931	98843	332708	1
2022.03.16	13:00:00	6275.931	6291.218	6268.594	6286.326	86304	280328	1
2022.03.16	14:00:00	6286.937	6294.886	6275.931	6289.383	73212	266867	1
2022.03.16	15:00:00	6290.606	6322.402	6261.256	6269.817	199937	600000	1
2022.03.16	16:00:00	6269.817	6279.600	6253.919	6254.530	99816	312888	1
2022.03.16	17:00:00	6253.919	6262.479	6230.684	6234.964	44100	155150	1
2022.03.17	09:00:00	6231.907	6263.702	6225.181	6246.582	227380	638747	1
2022.03.17	10:00:00	6246.582	6264.925	6239.856	6253.919	177149	543941	1
2022.03.17	11:00:00	6253.919	6271.651	6231.295	6231.907	142684	480296	1
2022.03.17	12:00:00	6231.907	6234.353	6190.328	6190.940	127578	486704	1
2022.03.17	13:00:00	6191.551	6199.500	6178.099	6179.933	87116	331691	1
2022.03.17	14:00:00	6180.545	6192.774	6176.265	6192.774	64475	225720	1
2022.03.17	15:00:00	6192.163	6196.443	6181.156	6183.602	69729	224737	1
2022.03.17	16:00:00	6183.602	6191.551	6178.099	6185.437	53454	186233	1
2022.03.17	17:00:00	6184.825	6192.774	6173.819	6188.494	48660	199511	1
2022.03.18	09:00:00	6198.888	6222.124	6184.214	6208.672	176457	505166	1
2022.03.18	10:00:00	6208.672	6230.072	6193.997	6202.557	171396	498922	1
2022.03.18	11:00:00	6202.557	6218.455	6190.940	6200.723	142088	430999	1
2022.03.18	12:00:00	6201.334	6201.946	6152.418	6156.087	160292	551450	1
2022.03.18	13:00:00	6156.087	6159.144	6137.132	6148.749	76504	283894	1
2022.03.18	14:00:00	6148.749	6148.749	6129.183	6145.081	70147	238330	1
2022.03.18	15:00:00	6145.081	6156.087	6140.189	6147.527	61923	207740	1
2022.03.18	16:00:00	6147.527	6162.813	6147.527	6157.921	50217	177326	1
2022.03.18	17:00:00	6158.533	6168.316	6155.475	6168.316	29803	108833	1
2022.03.21	09:00:00	6171.373	6173.208	6136.520	6138.966	178791	477816	1
2022.03.21	10:00:00	6138.355	6142.024	6096.776	6102.891	180662	543688	1
2022.03.21	11:00:00	6102.891	6108.394	6056.420	6058.255	162795	542649	1
2022.03.21	12:00:00	6057.643	6074.152	6049.694	6072.930	90815	331325	1
2022.03.21	13:00:00	6072.318	6082.713	6058.255	6080.267	93814	311421	1
2022.03.21	14:00:00	6080.267	6098.611	6077.210	6086.993	98246	335605	1
2022.03.21	15:00:00	6087.604	6096.165	6063.146	6069.872	85148	289019	1
2022.03.21	16:00:00	6069.261	6079.656	6063.758	6065.592	51417	175695	1
2022.03.21	17:00:00	6066.204	6075.375	6054.586	6059.478	35035	128199	1
2022.03.22	09:00:00	6053.363	6063.146	6023.402	6026.459	189950	573185	1
2022.03.22	10:00:00	6027.071	6062.535	6015.453	6039.911	254849	763233	1
2022.03.22	11:00:00	6039.300	6057.032	6029.517	6038.077	165223	515816	1
2022.03.22	12:00:00	6038.077	6072.318	6036.854	6054.586	117298	383344	1
2022.03.22	13:00:00	6054.586	6064.981	6047.860	6051.529	70332	224564	1
2022.03.22	14:00:00	6051.529	6053.363	6034.408	6038.077	75306	232019	1
2022.03.22	15:00:00	6038.688	6046.026	6029.517	6031.962	93352	310012	1
2022.03.22	16:00:00	6032.574	6038.688	6024.014	6027.682	55778	196269	1
2022.03.22	17:00:00	6027.682	6033.797	6017.288	6024.014	38457	139216	1
2022.03.23	09:00:00	6030.739	6033.185	5998.333	6008.727	211309	589630	1
2022.03.23	10:00:00	6008.727	6021.568	5983.658	5985.492	197878	620452	1
2022.03.23	11:00:00	5984.881	5986.104	5940.856	5948.805	205877	763308	1
2022.03.23	12:00:00	5948.805	5964.703	5935.353	5944.525	102563	372483	1
2022.03.23	13:00:00	5943.913	5954.920	5937.799	5946.359	86153	324151	1
2022.03.23	14:00:00	5946.359	5954.308	5942.079	5950.639	58135	216089	1
2022.03.23	15:00:00	5950.639	5953.085	5925.570	5934.130	84734	313536	1
2022.03.23	16:00:00	5934.742	5939.022	5927.404	5939.022	54767	216557	1
2022.03.23	17:00:00	5939.022	5939.633	5909.061	5920.067	42142	165367	1
2022.03.24	09:00:00	5924.347	5924.347	5882.768	5896.832	164794	511343	1
2022.03.24	10:00:00	5897.443	5931.073	5883.380	5885.214	267437	807432	1
2022.03.24	11:00:00	5884.603	5888.271	5839.355	5863.813	232753	808290	1
2022.03.24	12:00:00	5863.202	5928.627	5863.202	5907.226	182258	680246	1
2022.03.24	13:00:00	5906.615	5951.862	5899.278	5937.188	117529	399176	1
2022.03.24	14:00:00	5936.576	5954.920	5888.271	5898.666	117620	399319	1
2022.03.24	15:00:00	5899.278	5923.736	5893.775	5918.233	78507	253211	1
2022.03.24	16:00:00	5918.233	5928.016	5902.335	5920.067	60171	207226	1
2022.03.24	17:00:00	5920.067	5931.073	5903.558	5917.010	51127	176087	1
2022.03.25	09:00:00	5907.838	5910.284	5860.145	5875.431	206658	577329	1
2022.03.25	10:00:00	5875.431	5881.545	5850.361	5876.042	188192	541321	1
2022.03.25	11:00:00	5876.042	5876.654	5824.069	5828.349	165665	509061	1
2022.03.25	12:00:00	5828.349	5848.527	5812.452	5826.515	128888	437720	1
2022.03.25	13:00:00	5826.515	5838.132	5820.400	5836.910	71204	226637	1
2022.03.25	14:00:00	5836.910	5844.858	5827.738	5842.413	62358	186499	1
2022.03.25	15:00:00	5842.413	5843.636	5813.674	5820.400	64766	191402	1
2022.03.25	16:00:00	5819.789	5825.903	5809.394	5814.286	48040	159818	1
2022.03.25	17:00:00	5814.286	5816.120	5794.108	5810.617	41003	126414	1
2022.03.28	09:00:00	5805.114	5857.699	5796.554	5839.355	248428	716148	1
2022.03.28	10:00:00	5839.355	5885.826	5838.744	5869.928	204483	624072	1
2022.03.28	11:00:00	5869.316	5901.112	5868.705	5885.826	146044	464445	1
2022.03.28	12:00:00	5885.826	5889.494	5861.979	5866.871	117772	388749	1
2022.03.28	13:00:00	5866.871	5875.431	5849.139	5853.419	78539	243404	1
2022.03.28	14:00:00	5854.030	5868.094	5846.081	5866.871	91182	278336	1
2022.03.28	15:00:00	5866.871	5876.042	5824.681	5836.298	114489	359072	1
2022.03.28	16:00:00	5836.298	5865.036	5831.407	5844.247	73787	239090	1
2022.03.28	17:00:00	5844.247	5846.081	5816.732	5835.687	51005	140644	1
2022.03.29	09:00:00	5800.834	5830.184	5773.319	5818.566	302178	807495	1
2022.03.29	10:00:00	5818.566	5842.413	5791.051	5802.668	258906	779541	1
2022.03.29	11:00:00	5802.668	5817.955	5779.433	5810.617	215318	689346	1
2022.03.29	12:00:00	5810.617	5829.572	5795.942	5816.732	115603	378567	1
2022.03.29	13:00:00	5816.732	5838.132	5814.286	5834.464	78554	264056	1
2022.03.29	14:00:00	5835.075	5855.865	5833.852	5839.355	107692	359051	1
2022.03.29	15:00:00	5838.744	5839.967	5825.292	5827.126	65366	234770	1
2022.03.29	16:00:00	5827.738	5837.521	5820.400	5821.623	57518	198025	1
2022.03.29	17:00:00	5822.235	5827.738	5819.178	5824.069	27519	95414	1
2022.03.30	09:00:00	5827.126	5828.349	5785.548	5786.159	243903	625784	1
2022.03.30	10:00:00	5786.159	5814.897	5783.102	5794.719	205914	602192	1
2022.03.30	11:00:00	5794.719	5832.018	5792.885	5822.235	173976	588363	1
2022.03.30	12:00:00	5822.846	5858.922	5822.235	5838.744	113834	381555	1
2022.03.30	13:00:00	5838.744	5844.858	5828.349	5843.636	57889	185373	1
2022.03.30	14:00:00	5843.024	5862.591	5841.801	5851.584	81077	272660	1
2022.03.30	15:00:00	5852.196	5854.030	5833.852	5837.521	71223	235912	1
2022.03.30	16:00:00	5837.521	5858.310	5836.910	5854.642	51221	167834	1
2022.03.30	17:00:00	5854.030	5858.922	5835.075	5838.132	40109	140339	1
2022.03.31	09:00:00	5839.951	5861.170	5817.520	5819.339	252178	701529	1
2022.03.31	10:00:00	5819.945	5830.858	5785.389	5785.995	203544	647989	1
2022.03.31	11:00:00	5785.389	5808.426	5783.570	5808.426	140004	515279	1
2022.03.31	12:00:00	5807.820	5814.489	5775.083	5775.689	102827	383876	1
2022.03.31	13:00:00	5775.083	5783.570	5771.446	5780.539	59820	260674	1
2022.03.31	14:00:00	5779.933	5795.089	5779.327	5793.877	55452	227097	1
2022.03.31	15:00:00	5793.877	5815.095	5791.452	5813.883	71616	303419	1
2022.03.31	16:00:00	5813.883	5824.189	5807.820	5819.945	61447	254900	1
2022.03.31	17:00:00	5819.339	5819.945	5789.633	5796.908	37820	147304	1
2022.04.01	09:00:00	5783.570	5784.177	5728.402	5738.102	218359	656802	1
2022.04.01	10:00:00	5737.496	5757.502	5734.465	5742.952	174963	549264	1
2022.04.01	11:00:00	5742.346	5747.196	5729.008	5739.315	116063	388039	1
2022.04.01	12:00:00	5739.315	5745.983	5730.827	5735.071	69522	256128	1
2022.04.01	13:00:00	5735.071	5750.833	5734.465	5742.952	58069	192800	1
2022.04.01	14:00:00	5743.558	5748.408	5733.858	5735.071	51907	162168	1
2022.04.01	15:00:00	5735.071	5735.677	5693.240	5698.090	119082	449290	1
2022.04.01	16:00:00	5698.696	5707.790	5695.059	5701.121	52920	198201	1
2022.04.01	17:00:00	5701.121	5702.940	5684.146	5689.603	44828	170347	1
2022.04.04	09:00:00	5687.178	5709.002	5652.622	5658.078	234118	617686	1
2022.04.04	10:00:00	5658.684	5661.109	5622.916	5632.616	171348	534012	1
2022.04.04	11:00:00	5632.009	5647.166	5627.159	5630.797	111302	346225	1
2022.04.04	12:00:00	5630.191	5645.347	5623.522	5642.316	83916	298087	1
2022.04.04	13:00:00	5642.922	5645.347	5636.859	5643.528	40228	145675	1
2022.04.04	14:00:00	5643.528	5648.378	5636.253	5638.072	52563	166849	1
2022.04.04	15:00:00	5638.072	5641.709	5629.584	5632.616	63866	230034	1
2022.04.04	16:00:00	5632.009	5636.253	5622.309	5626.553	55485	205268	1
2022.04.04	17:00:00	5627.159	5629.584	5604.122	5608.972	52340	206104	1
2022.04.05	09:00:00	5608.972	5647.166	5593.210	5634.434	280553	726835	1
2022.04.05	10:00:00	5634.434	5665.353	5630.797	5641.103	203126	565186	1
2022.04.05	11:00:00	5640.497	5701.121	5637.466	5691.421	211827	636865	1
2022.04.05	12:00:00	5691.421	5704.759	5687.178	5688.996	84779	272252	1
2022.04.05	13:00:00	5688.996	5695.665	5670.809	5676.265	87962	260206	1
2022.04.05	14:00:00	5676.265	5687.178	5662.928	5683.540	83625	253866	1
2022.04.05	15:00:00	5683.540	5695.059	5675.659	5678.084	81364	242445	1
2022.04.05	16:00:00	5678.084	5691.421	5676.265	5684.753	62209	204884	1
2022.04.05	17:00:00	5684.753	5704.152	5675.659	5679.903	59128	222313	1
2022.04.06	09:00:00	5675.053	5719.309	5668.384	5716.277	264064	673173	1
2022.04.06	10:00:00	5715.671	5752.046	5714.459	5747.802	197294	570926	1
2022.04.06	11:00:00	5747.196	5750.833	5719.915	5728.402	148446	453716	1
2022.04.06	12:00:00	5727.796	5741.133	5721.127	5722.946	92049	293726	1
2022.04.06	13:00:00	5722.340	5736.890	5714.459	5735.677	62670	195706	1
2022.04.06	14:00:00	5736.283	5748.408	5730.221	5741.133	77036	242500	1
2022.04.06	15:00:00	5741.740	5759.927	5703.546	5741.740	213177	646640	1
2022.04.06	16:00:00	5741.740	5761.139	5730.827	5750.833	71074	230563	1
2022.04.06	17:00:00	5750.833	5765.989	5748.408	5759.927	39604	148424	1
2022.04.07	09:00:00	5741.133	5759.927	5719.309	5730.221	271934	689269	1
2022.04.07	10:00:00	5730.221	5794.483	5723.552	5792.058	278801	763728	1
2022.04.07	11:00:00	5790.845	5814.489	5786.602	5809.033	174672	541123	1
2022.04.07	12:00:00	5809.033	5819.945	5798.120	5809.033	93748	317451	1
2022.04.07	13:00:00	5808.426	5810.851	5796.908	5796.908	67398	211874	1
2022.04.07	14:00:00	5797.514	5798.120	5780.539	5781.752	85286	267013	1
2022.04.07	15:00:00	5782.358	5804.183	5780.539	5782.964	85088	295967	1
2022.04.07	16:00:00	5782.964	5789.633	5774.477	5779.327	66840	216407	1
2022.04.07	17:00:00	5779.327	5799.333	5778.721	5798.727	39551	145465	1
2022.04.08	09:00:00	5782.358	5799.333	5747.802	5779.327	296173	757618	1
2022.04.08	10:00:00	5779.933	5842.982	5771.446	5822.370	265665	754596	1
2022.04.08	11:00:00	5822.370	5822.370	5782.358	5792.058	172897	520372	1
2022.04.08	12:00:00	5792.058	5798.727	5787.208	5792.058	61817	214130	1
2022.04.08	13:00:00	5792.058	5792.664	5773.871	5782.964	64772	210313	1
2022.04.08	14:00:00	5783.570	5794.483	5763.564	5764.777	66709	228930	1
2022.04.08	15:00:00	5764.171	5769.627	5735.677	5736.890	101726	352035	1
2022.04.08	16:00:00	5736.890	5747.802	5730.221	5742.346	61453	206141	1
2022.04.08	17:00:00	5742.346	5745.377	5721.127	5727.190	38268	140452	1
2022.04.11	09:00:00	5744.165	5776.296	5707.790	5717.490	281097	744074	1
2022.04.11	10:00:00	5717.490	5749.015	5709.609	5732.646	233479	631900	1
2022.04.11	11:00:00	5732.646	5762.352	5718.702	5741.133	189945	543271	1
2022.04.11	12:00:00	5740.527	5750.833	5729.008	5732.646	102688	321351	1
2022.04.11	13:00:00	5732.646	5744.771	5725.977	5736.890	80486	248398	1
2022.04.11	14:00:00	5736.890	5750.227	5719.915	5732.040	93202	282622	1
2022.04.11	15:00:00	5732.646	5735.677	5701.121	5708.396	102081	313074	1
2022.04.11	16:00:00	5708.396	5720.521	5704.152	5716.277	61813	187334	1
2022.04.11	17:00:00	5716.277	5724.159	5710.215	5716.884	33177	108510	1
2022.04.12	09:00:00	5699.909	5719.309	5633.222	5637.466	369992	998188	1
2022.04.12	10:00:00	5636.859	5659.897	5629.584	5653.834	206575	627932	1
2022.04.12	11:00:00	5653.834	5676.871	5650.197	5671.415	137230	446019	1
2022.04.12	12:00:00	5672.022	5701.727	5669.597	5690.815	127682	419285	1
2022.04.12	13:00:00	5690.209	5701.727	5678.690	5692.634	89509	280705	1
2022.04.12	14:00:00	5693.240	5718.096	5692.634	5705.971	100615	333162	1
2022.04.12	15:00:00	5705.971	5709.609	5692.028	5695.059	72672	244227	1
2022.04.12	16:00:00	5694.453	5702.334	5690.815	5695.665	47590	152305	1
2022.04.12	17:00:00	5695.059	5698.696	5688.996	5696.271	25542	87875	1
2022.04.13	09:00:00	5688.390	5708.396	5664.747	5680.509	272720	715625	1
2022.04.13	10:00:00	5680.509	5729.615	5669.597	5716.277	249382	723892	1
2022.04.13	11:00:00	5716.277	5723.552	5695.665	5712.034	141991	469509	1
2022.04.13	12:00:00	5712.034	5716.277	5702.940	5705.365	69033	241815	1
2022.04.13	13:00:00	5704.759	5705.365	5686.571	5688.996	77672	234539	1
2022.04.13	14:00:00	5688.996	5707.790	5678.690	5702.334	75225	230400	1
2022.04.13	15:00:00	5702.940	5712.640	5695.059	5699.909	66626	216841	1
2022.04.13	16:00:00	5699.909	5712.034	5698.696	5707.790	40302	138744	1
2022.04.13	17:00:00	5707.790	5714.459	5696.878	5712.034	31974	112644	1
2022.04.14	09:00:00	5716.277	5755.683	5709.609	5750.833	216232	601373	1
2022.04.14	10:00:00	5750.833	5770.233	5734.465	5756.896	227596	682717	1
2022.04.14	11:00:00	5756.896	5762.958	5727.796	5739.921	142874	460509	1
2022.04.14	12:00:00	5739.315	5743.558	5714.459	5729.008	128049	430678	1
2022.04.14	13:00:00	5729.008	5747.196	5719.309	5735.677	74133	240531	1
2022.04.14	14:00:00	5735.677	5750.833	5712.640	5714.459	84903	281567	1
2022.04.14	15:00:00	5714.459	5728.402	5709.609	5718.702	86160	300788	1
2022.04.14	16:00:00	5718.702	5719.309	5704.759	5715.671	47251	169234	1
2022.04.14	17:00:00	5715.671	5725.371	5712.034	5719.915	23101	94972	1
2022.04.18	09:00:00	5702.334	5728.402	5691.421	5717.490	216849	577112	1
2022.04.18	10:00:00	5716.884	5717.490	5667.172	5667.778	201409	592499	1
2022.04.18	11:00:00	5667.778	5693.240	5667.172	5685.965	109101	349907	1
2022.04.18	12:00:00	5685.359	5701.121	5677.478	5690.209	80714	265601	1
2022.04.18	13:00:00	5690.815	5704.152	5679.296	5679.903	69381	223422	1
2022.04.18	14:00:00	5679.903	5682.328	5659.290	5671.415	94958	311321	1
2022.04.18	15:00:00	5671.415	5673.234	5655.653	5661.109	73498	259430	1
2022.04.18	16:00:00	5661.109	5670.809	5656.865	5656.865	44963	162783	1
2022.04.18	17:00:00	5656.865	5662.322	5650.197	5662.322	36451	131782	1
2022.04.19	09:00:00	5674.446	5677.478	5649.590	5658.684	259227	729908	1
2022.04.19	10:00:00	5658.684	5680.509	5642.316	5659.897	242842	745902	1
2022.04.19	11:00:00	5659.290	5696.271	5656.259	5689.603	162560	571077	1
2022.04.19	12:00:00	5689.603	5698.090	5679.296	5679.296	80897	278759	1
2022.04.19	13:00:00	5679.296	5687.178	5674.446	5684.146	49202	169485	1
2022.04.19	14:00:00	5684.146	5687.784	5670.809	5673.840	62726	225791	1
2022.04.19	15:00:00	5673.840	5692.028	5672.022	5685.965	75656	273163	1
2022.04.19	16:00:00	5685.965	5687.178	5675.053	5675.659	40759	165143	1
2022.04.19	17:00:00	5675.053	5683.540	5674.446	5676.871	25169	104586	1
2022.04.20	09:00:00	5650.803	5688.996	5648.378	5678.690	214583	589206	1
2022.04.20	10:00:00	5679.296	5680.509	5636.253	5658.078	208515	645377	1
2022.04.20	11:00:00	5658.078	5661.109	5610.185	5611.397	168831	566901	1
2022.04.20	12:00:00	5611.397	5623.522	5602.303	5613.216	97880	339106	1
2022.04.20	13:00:00	5613.822	5623.522	5609.578	5614.428	62592	235163	1
2022.04.20	14:00:00	5614.428	5624.734	5604.122	5610.185	59466	238893	1
2022.04.20	15:00:00	5610.185	5618.672	5601.697	5616.247	67594	256780	1
2022.04.20	16:00:00	5615.641	5624.128	5613.216	5613.822	49248	198925	1
2022.04.20	17:00:00	5613.822	5624.128	5609.578	5618.672	27953	120674	1
2022.04.22	09:00:00	5688.996	5724.765	5675.659	5699.909	262105	815181	1
2022.04.22	10:00:00	5699.909	5745.377	5699.303	5744.165	229827	699804	1
2022.04.22	11:00:00	5744.165	5773.264	5729.008	5763.564	154818	532897	1
2022.04.22	12:00:00	5762.958	5799.333	5761.746	5792.664	108590	394827	1
2022.04.22	13:00:00	5792.058	5823.583	5787.208	5816.308	99608	368572	1
2022.04.22	14:00:00	5816.914	5830.251	5806.608	5827.826	97666	341959	1
2022.04.22	15:00:00	5827.826	5879.357	5822.976	5876.326	147776	544195	1
2022.04.22	16:00:00	5876.326	5878.751	5806.608	5838.739	159528	566093	1
2022.04.22	17:00:00	5838.739	5848.439	5820.551	5826.008	63158	202161	1
2022.04.25	09:00:00	5851.470	5895.726	5833.282	5835.707	331609	916436	1
2022.04.25	10:00:00	5835.101	5921.794	5834.495	5904.213	293544	834257	1
2022.04.25	11:00:00	5904.213	5992.725	5899.969	5990.906	218641	696126	1
2022.04.25	12:00:00	5990.906	6009.700	5965.444	6004.850	149561	498669	1
2022.04.25	13:00:00	6004.850	6010.912	5958.775	5959.988	129720	418917	1
2022.04.25	14:00:00	5960.594	5974.537	5929.675	5932.707	134886	417589	1
2022.04.25	15:00:00	5932.100	5938.163	5896.938	5926.644	125928	398941	1
2022.04.25	16:00:00	5926.038	5934.525	5909.669	5923.007	95652	292738	1
2022.04.25	17:00:00	5922.400	5935.132	5914.519	5925.432	41280	133830	1
2022.04.26	09:00:00	5955.744	5995.150	5938.769	5987.269	291951	766585	1
2022.04.26	10:00:00	5987.269	6029.706	5983.025	6022.431	254270	730751	1
2022.04.26	11:00:00	6022.431	6069.718	6016.368	6060.624	233472	769538	1
2022.04.26	12:00:00	6061.230	6068.505	6033.343	6055.168	147172	477344	1
2022.04.26	13:00:00	6055.168	6055.168	6009.093	6013.943	122986	374514	1
2022.04.26	14:00:00	6013.337	6035.768	6009.700	6032.737	95015	300112	1
2022.04.26	15:00:00	6032.737	6049.105	6016.975	6044.256	91077	286026	1
2022.04.26	16:00:00	6044.256	6062.443	6041.224	6057.593	67562	204996	1
2022.04.26	17:00:00	6057.593	6074.568	6048.499	6068.505	64826	207072	1
2022.04.27	09:00:00	6053.349	6116.399	6043.043	6069.718	381054	1067186	1
2022.04.27	10:00:00	6070.324	6094.574	6055.168	6073.355	303459	837999	1
2022.04.27	11:00:00	6073.961	6108.517	6066.080	6104.880	203222	638723	1
2022.04.27	12:00:00	6104.880	6106.699	6073.355	6074.568	129910	422018	1
2022.04.27	13:00:00	6073.961	6079.418	6027.887	6054.562	155938	528867	1
2022.04.27	14:00:00	6054.562	6066.687	5996.362	5996.968	148184	455436	1
2022.04.27	15:00:00	5996.362	6019.399	5979.994	6018.793	126656	435812	1
2022.04.27	16:00:00	6019.399	6034.556	6011.518	6029.706	95258	303937	1
2022.04.27	17:00:00	6029.099	6036.374	6011.518	6025.462	41746	136810	1
2022.04.28	09:00:00	6048.499	6089.724	6046.074	6081.843	315126	802721	1
2022.04.28	10:00:00	6081.843	6103.667	6058.805	6093.361	226308	610500	1
2022.04.28	11:00:00	6093.361	6120.036	6086.693	6093.968	187640	574370	1
2022.04.28	12:00:00	6093.968	6096.393	6060.018	6061.230	142419	427651	1
2022.04.28	13:00:00	6061.837	6064.262	6020.612	6040.012	125275	399347	1
2022.04.28	14:00:00	6040.012	6046.680	6025.462	6033.949	94781	283604	1
2022.04.28	15:00:00	6033.949	6037.587	6020.006	6021.824	84026	269782	1
2022.04.28	16:00:00	6022.431	6026.674	5987.269	5992.118	100794	327749	1
2022.04.28	17:00:00	5992.725	6007.881	5989.694	5992.118	46044	153325	1
2022.04.29	09:00:00	5948.244	5968.078	5898.360	5927.810	287879	738266	1
2022.04.29	10:00:00	5927.810	5972.886	5917.593	5935.022	199309	556002	1
2022.04.29	11:00:00	5935.623	6014.356	5930.214	6010.149	197459	686070	1
2022.04.29	12:00:00	6010.149	6018.563	5963.871	5984.906	139709	502559	1
2022.04.29	13:00:00	5984.305	6003.538	5977.694	5997.528	75990	215452	1
2022.04.29	14:00:00	5997.528	6008.947	5975.891	5977.093	82314	245161	1
2022.04.29	15:00:00	5977.093	6004.139	5966.876	5998.129	102713	329845	1
2022.04.29	16:00:00	5997.528	6014.356	5994.523	6000.533	81071	224417	1
2022.04.29	17:00:00	5999.932	6045.008	5995.725	6031.785	70252	230403	1
2022.05.02	09:00:00	6022.169	6093.089	6021.568	6085.877	254890	639524	1
2022.05.02	10:00:00	6086.478	6106.311	6075.660	6097.296	196516	504906	1
2022.05.02	11:00:00	6097.897	6109.316	6076.261	6099.099	191504	515177	1
2022.05.02	12:00:00	6099.700	6117.731	6094.892	6097.296	114298	343312	1
2022.05.02	13:00:00	6097.897	6121.337	6093.089	6117.731	87424	263570	1
2022.05.02	14:00:00	6117.731	6154.393	6114.726	6144.776	127293	411776	1
2022.05.02	15:00:00	6144.175	6171.221	6139.367	6164.009	143456	424420	1
2022.05.02	16:00:00	6164.610	6165.812	6140.569	6150.786	122838	363485	1
2022.05.02	17:00:00	6150.786	6177.832	6150.786	6169.418	57227	176591	1
2022.05.03	09:00:00	6112.321	6126.746	6094.892	6099.700	301949	789052	1
2022.05.03	10:00:00	6099.700	6119.534	6078.665	6080.468	229826	637197	1
2022.05.03	11:00:00	6079.867	6102.104	6070.851	6073.857	180837	541499	1
2022.05.03	12:00:00	6073.256	6087.680	6054.624	6062.437	155396	458165	1
2022.05.03	13:00:00	6063.038	6077.463	6042.003	6045.008	120182	378873	1
2022.05.03	14:00:00	6045.609	6048.614	6010.750	6019.765	114133	356692	1
2022.05.03	15:00:00	6019.164	6034.791	6013.755	6017.962	116805	362776	1
2022.05.03	16:00:00	6017.361	6031.184	6011.351	6020.366	75568	227236	1
2022.05.03	17:00:00	6020.366	6028.780	6013.154	6013.154	35122	122536	1
2022.05.04	09:00:00	6022.169	6066.043	6016.159	6063.038	271463	679909	1
2022.05.04	10:00:00	6063.038	6099.099	6061.836	6094.291	226913	606677	1
2022.05.04	11:00:00	6093.690	6097.897	6068.447	6075.059	173433	446609	1
2022.05.04	12:00:00	6075.059	6086.478	6051.018	6057.629	121452	354111	1
2022.05.04	13:00:00	6057.629	6063.038	6045.008	6053.422	77986	210997	1
2022.05.04	14:00:00	6053.422	6076.261	6049.215	6066.043	98461	263225	1
2022.05.04	15:00:00	6065.442	6104.508	5936.825	5963.871	428177	1209540	1
2022.05.04	16:00:00	5963.270	5972.285	5930.815	5941.633	175462	490269	1
2022.05.04	17:00:00	5942.234	5966.275	5935.022	5966.275	48536	172335	1
2022.05.05	09:00:00	5997.528	6044.407	5975.891	6034.190	287458	719416	1
2022.05.05	10:00:00	6034.190	6045.008	6004.139	6035.993	257758	693931	1
2022.05.05	11:00:00	6035.993	6092.488	6035.392	6076.261	221488	610000	1
2022.05.05	12:00:00	6076.261	6125.544	6075.660	6117.130	173083	482060	1
2022.05.05	13:00:00	6117.130	6127.948	6105.710	6106.311	122452	330172	1
2022.05.05	14:00:00	6106.912	6121.938	6081.670	6114.726	158760	444351	1
2022.05.05	15:00:00	6114.726	6121.337	6084.074	6094.291	110615	322398	1
2022.05.05	16:00:00	6094.291	6097.897	6074.458	6076.862	88558	244728	1
2022.05.05	17:00:00	6076.862	6094.892	6074.458	6094.892	38130	129268	1
2022.05.06	09:00:00	6085.877	6163.408	6064.240	6156.797	398812	984960	1
2022.05.06	10:00:00	6156.797	6193.458	6145.978	6173.024	272266	714984	1
2022.05.06	11:00:00	6173.625	6179.635	6110.518	6124.943	263162	687016	1
2022.05.06	12:00:00	6124.943	6134.559	6092.488	6130.352	173348	467916	1
2022.05.06	13:00:00	6130.352	6135.761	6103.907	6117.130	113733	280298	1
2022.05.06	14:00:00	6117.130	6154.994	6106.912	6151.387	103226	272279	1
2022.05.06	15:00:00	6150.786	6161.004	6138.165	6151.988	91670	251903	1
2022.05.06	16:00:00	6152.589	6156.196	6124.342	6142.973	84344	223590	1
2022.05.06	17:00:00	6142.973	6174.827	6141.771	6149.584	45841	134434	1
2022.05.09	09:00:00	6226.514	6243.343	6197.065	6210.888	294262	686324	1
2022.05.09	10:00:00	6211.489	6235.530	6189.251	6228.317	245771	625800	1
2022.05.09	11:00:00	6228.317	6238.535	6197.065	6224.110	211657	559327	1
2022.05.09	12:00:00	6224.110	6231.923	6191.655	6201.873	137807	366719	1
2022.05.09	13:00:00	6202.474	6212.090	6175.428	6196.464	131396	328204	1
2022.05.09	14:00:00	6196.464	6226.514	6194.661	6218.100	132895	347513	1
2022.05.09	15:00:00	6217.499	6235.530	6206.681	6233.125	98676	260899	1
2022.05.09	16:00:00	6232.524	6246.348	6222.307	6238.535	102401	280877	1
2022.05.09	17:00:00	6238.535	6248.151	6232.524	6246.949	30588	93110	1
2022.05.10	09:00:00	6239.136	6245.747	6204.277	6205.479	289480	716986	1
2022.05.10	10:00:00	6204.878	6231.322	6188.049	6206.681	260933	660885	1
2022.05.10	11:00:00	6206.681	6250.555	6204.277	6233.726	199020	558889	1
2022.05.10	12:00:00	6233.726	6246.348	6216.898	6230.120	140911	400192	1
2022.05.10	13:00:00	6230.721	6247.550	6221.105	6229.519	109647	287999	1
2022.05.10	14:00:00	6229.519	6236.732	6189.251	6191.655	138902	389799	1
2022.05.10	15:00:00	6191.655	6207.282	6182.039	6200.671	116548	344711	1
2022.05.10	16:00:00	6200.070	6216.297	6189.251	6210.888	76780	227321	1
2022.05.10	17:00:00	6210.888	6215.095	6203.676	6210.287	26473	76745	1
2022.05.11	09:00:00	6166.413	6248.752	6163.408	6244.545	333092	816827	1
2022.05.11	10:00:00	6244.545	6254.161	6159.802	6169.418	339288	933557	1
2022.05.11	11:00:00	6169.418	6202.474	6168.216	6195.262	220369	570118	1
2022.05.11	12:00:00	6194.661	6198.868	6158.600	6173.625	142151	394957	1
2022.05.11	13:00:00	6173.625	6198.868	6161.004	6198.267	111248	324043	1
2022.05.11	14:00:00	6198.267	6212.090	6194.060	6207.282	121296	366167	1
2022.05.11	15:00:00	6207.282	6207.883	6187.448	6198.267	106172	311738	1
2022.05.11	16:00:00	6198.267	6227.115	6197.666	6221.105	77408	232831	1
2022.05.11	17:00:00	6221.706	6230.721	6209.085	6215.095	33749	103135	1
2022.05.12	09:00:00	6252.358	6296.833	6247.550	6252.959	287447	754001	1
2022.05.12	10:00:00	6252.959	6265.580	6231.322	6246.949	295204	781485	1
2022.05.12	11:00:00	6247.550	6256.565	6185.645	6186.847	231556	685104	1
2022.05.12	12:00:00	6187.448	6209.686	6171.221	6208.484	133901	417833	1
2022.05.12	13:00:00	6209.085	6215.095	6191.655	6209.085	113838	341877	1
2022.05.12	14:00:00	6209.085	6220.504	6197.065	6200.671	101326	291997	1
2022.05.12	15:00:00	6200.070	6230.120	6187.448	6227.716	105868	336652	1
2022.05.12	16:00:00	6227.716	6236.732	6209.686	6214.494	98379	274405	1
2022.05.12	17:00:00	6214.494	6215.095	6194.661	6204.878	44916	144874	1
2022.05.13	09:00:00	6189.852	6218.701	6182.039	6218.100	246447	622987	1
2022.05.13	10:00:00	6218.100	6221.706	6198.868	6200.671	184292	521945	1
2022.05.13	11:00:00	6200.671	6201.272	6141.170	6151.387	234320	729209	1
2022.05.13	12:00:00	6151.387	6159.201	6124.342	6136.963	120112	379984	1
2022.05.13	13:00:00	6136.963	6140.569	6118.332	6130.352	83543	261926	1
2022.05.13	14:00:00	6130.352	6131.554	6097.296	6112.321	110020	363276	1
2022.05.13	15:00:00	6111.720	6126.145	6096.094	6098.498	92903	287082	1
2022.05.13	16:00:00	6098.498	6111.720	6097.296	6110.518	55461	181874	1
2022.05.13	17:00:00	6109.917	6116.529	6103.907	6116.529	37275	133227	1
2022.05.16	09:00:00	6135.160	6164.009	6111.720	6156.196	263819	698172	1
2022.05.16	10:00:00	6156.196	6157.398	6081.670	6110.518	291677	783202	1
2022.05.16	11:00:00	6109.917	6133.357	6075.660	6105.109	253939	663979	1
2022.05.16	12:00:00	6105.710	6140.569	6100.902	6117.731	151878	411667	1
2022.05.16	13:00:00	6117.130	6152.589	6115.327	6150.185	112628	329170	1
2022.05.16	14:00:00	6150.786	6153.792	6112.922	6117.731	99502	277637	1
2022.05.16	15:00:00	6117.731	6118.933	6085.276	6087.079	99542	288272	1
2022.05.16	16:00:00	6087.680	6107.513	6085.276	6100.301	69774	197627	1
2022.05.16	17:00:00	6100.902	6112.321	6098.498	6111.119	30533	95260	1
2022.05.17	09:00:00	6040.200	6047.412	5998.129	6008.346	266041	756042	1
2022.05.17	10:00:00	6008.346	6018.563	5987.310	5993.321	232131	710503	1
2022.05.17	11:00:00	5993.321	6026.977	5990.916	6005.341	186494	604735	1
2022.05.17	12:00:00	6005.341	6014.356	5975.290	5983.704	135010	420761	1
2022.05.17	13:00:00	5983.704	5989.113	5969.881	5976.492	80549	255231	1
2022.05.17	14:00:00	5976.492	5978.896	5962.068	5971.684	77724	254598	1
2022.05.17	15:00:00	5971.684	5996.927	5947.042	5960.866	209404	632051	1
2022.05.17	16:00:00	5960.866	5968.078	5956.659	5965.073	57217	164225	1
2022.05.17	17:00:00	5965.073	5974.088	5960.265	5960.265	30174	102665	1
2022.05.18	09:00:00	5978.295	5983.704	5938.628	5968.679	212135	588440	1
2022.05.18	10:00:00	5968.679	5996.326	5958.462	5977.093	237949	678585	1
2022.05.18	11:00:00	5977.093	6005.341	5969.280	5980.098	178561	545311	1
2022.05.18	12:00:00	5980.699	6007.745	5978.295	5997.528	108360	362562	1
2022.05.18	13:00:00	5996.927	6009.548	5984.305	5993.922	87101	253530	1
2022.05.18	14:00:00	5993.922	6032.387	5992.119	6023.371	115354	366847	1
2022.05.18	15:00:00	6023.972	6031.184	5998.730	6022.770	110573	344886	1
2022.05.18	16:00:00	6022.770	6023.371	6005.341	6008.346	73095	208446	1
2022.05.18	17:00:00	6008.346	6020.967	5993.321	5993.321	32580	110436	1
2022.05.19	09:00:00	5956.058	5979.497	5935.623	5937.426	257684	673714	1
2022.05.19	10:00:00	5936.825	5945.840	5918.795	5930.214	216446	630092	1
2022.05.19	11:00:00	5929.613	5967.477	5916.992	5953.053	191702	590846	1
2022.05.19	12:00:00	5953.654	5955.457	5901.365	5912.184	136412	457092	1
2022.05.19	13:00:00	5912.184	5921.800	5897.759	5898.961	75765	244704	1
2022.05.19	14:00:00	5898.961	5908.577	5884.537	5891.749	98802	299175	1
2022.05.19	15:00:00	5891.148	5904.971	5888.744	5902.567	70535	250046	1
2022.05.19	16:00:00	5901.966	5935.022	5899.562	5932.618	77901	298914	1
2022.05.19	17:00:00	5932.017	5957.260	5928.411	5950.648	46969	173500	1
2022.05.20	09:00:00	5912.785	5933.820	5906.774	5918.194	219935	576629	1
2022.05.20	10:00:00	5918.795	5923.603	5885.739	5886.340	238985	677888	1
2022.05.20	11:00:00	5886.941	5892.951	5855.087	5862.299	194509	611391	1
2022.05.20	12:00:00	5862.299	5882.734	5850.279	5859.895	116546	377694	1
2022.05.20	13:00:00	5859.895	5875.522	5859.294	5867.107	86808	285144	1
2022.05.20	14:00:00	5866.506	5894.153	5865.905	5869.511	102709	339149	1
2022.05.20	15:00:00	5869.511	5881.532	5855.688	5868.309	110404	336453	1
2022.05.20	16:00:00	5868.309	5879.128	5860.496	5872.517	73413	219557	1
2022.05.20	17:00:00	5872.517	5887.542	5871.916	5881.532	34246	113651	1
2022.05.23	09:00:00	5835.855	5845.471	5799.794	5804.602	228910	611739	1
2022.05.23	10:00:00	5804.602	5805.203	5770.945	5783.566	183666	561925	1
2022.05.23	11:00:00	5783.566	5790.779	5772.748	5779.960	153448	484037	1
2022.05.23	12:00:00	5779.960	5785.970	5770.945	5776.955	86956	280314	1
2022.05.23	13:00:00	5777.556	5783.566	5766.137	5783.566	77680	261302	1
2022.05.23	14:00:00	5783.566	5794.986	5778.758	5791.981	82089	242701	1
2022.05.23	15:00:00	5792.582	5800.395	5788.975	5791.981	71027	212058	1
2022.05.23	16:00:00	5791.380	5800.395	5787.773	5790.178	56332	184931	1
2022.05.23	17:00:00	5790.178	5802.799	5787.773	5802.799	33526	124400	1
2022.05.24	09:00:00	5827.440	5827.440	5781.763	5786.571	239249	663757	1
2022.05.24	10:00:00	5786.571	5786.571	5751.713	5754.718	254244	763422	1
2022.05.24	11:00:00	5754.718	5826.238	5753.516	5817.223	258425	816038	1
2022.05.24	12:00:00	5817.223	5847.274	5812.415	5818.425	177129	607851	1
2022.05.24	13:00:00	5819.026	5822.031	5800.996	5808.809	94895	337658	1
2022.05.24	14:00:00	5808.809	5814.819	5784.167	5786.571	82812	259942	1
2022.05.24	15:00:00	5787.172	5810.011	5771.546	5808.208	99023	330901	1
2022.05.24	16:00:00	5808.809	5813.016	5788.374	5794.385	74400	239196	1
2022.05.24	17:00:00	5794.385	5807.006	5793.183	5805.804	27890	94358	1
2022.05.25	09:00:00	5829.844	5856.289	5815.420	5817.824	235063	622822	1
2022.05.25	10:00:00	5818.425	5835.254	5807.607	5807.607	185307	498304	1
2022.05.25	11:00:00	5807.607	5822.632	5796.789	5819.026	160653	472110	1
2022.05.25	12:00:00	5819.026	5853.284	5814.819	5838.860	119709	365373	1
2022.05.25	13:00:00	5838.860	5850.880	5833.451	5839.461	67051	204438	1
2022.05.25	14:00:00	5840.062	5850.880	5819.026	5825.637	76040	221640	1
2022.05.25	15:00:00	5825.036	5840.062	5789.576	5793.183	187416	559150	1
2022.05.25	16:00:00	5793.784	5805.203	5784.768	5803.400	65925	194966	1
2022.05.25	17:00:00	5803.400	5818.425	5801.597	5808.208	27504	95567	1
2022.05.26	09:00:00	5792.582	5827.440	5790.178	5815.420	235524	645086	1
2022.05.26	10:00:00	5815.420	5817.824	5784.768	5785.369	238409	724530	1
2022.05.26	11:00:00	5785.369	5787.773	5746.904	5748.106	188180	629775	1
2022.05.26	12:00:00	5748.707	5761.329	5745.702	5755.319	83712	278284	1
2022.05.26	13:00:00	5755.319	5761.930	5745.702	5746.904	56698	176671	1
2022.05.26	14:00:00	5746.303	5754.718	5738.490	5752.915	80164	250048	1
2022.05.26	15:00:00	5752.915	5753.516	5715.051	5719.258	107436	367560	1
2022.05.26	16:00:00	5719.258	5731.879	5718.056	5728.874	53503	160104	1
2022.05.26	17:00:00	5728.874	5739.091	5725.869	5738.490	35918	118664	1
2022.05.27	09:00:00	5728.273	5741.495	5706.636	5731.278	259246	679467	1
2022.05.27	10:00:00	5731.278	5750.511	5712.046	5720.460	211583	641816	1
2022.05.27	11:00:00	5719.859	5729.475	5684.399	5689.207	170034	571423	1
2022.05.27	12:00:00	5689.207	5696.419	5669.975	5682.596	106995	384566	1
2022.05.27	13:00:00	5683.197	5701.828	5680.192	5700.025	65337	213527	1
2022.05.27	14:00:00	5700.626	5705.434	5689.207	5689.207	60670	182759	1
2022.05.27	15:00:00	5689.808	5707.237	5687.404	5697.020	68881	218759	1
2022.05.27	16:00:00	5697.621	5702.429	5685.601	5697.621	55309	171679	1
2022.05.27	17:00:00	5698.222	5703.030	5686.803	5688.005	24456	82632	1
2022.05.30	09:00:00	5666.969	5678.990	5640.525	5651.343	169051	449627	1
2022.05.30	10:00:00	5651.343	5669.975	5642.328	5666.368	150419	400666	1
2022.05.30	11:00:00	5666.368	5703.030	5660.959	5695.217	156342	461945	1
2022.05.30	12:00:00	5695.217	5704.833	5683.197	5703.030	88574	282122	1
2022.05.30	13:00:00	5702.429	5704.833	5687.404	5690.409	50976	164498	1
2022.05.30	14:00:00	5690.409	5703.631	5688.005	5703.030	53480	177342	1
2022.05.30	15:00:00	5703.030	5717.455	5695.217	5709.642	60838	204897	1
2022.05.30	16:00:00	5709.040	5719.258	5706.636	5715.051	35807	126345	1
2022.05.30	17:00:00	5715.652	5718.657	5709.642	5715.652	27378	101473	1
2022.05.31	09:00:00	5726.379	5746.640	5712.076	5726.974	241907	684488	1
2022.05.31	10:00:00	5727.570	5728.762	5649.502	5656.654	227866	751509	1
2022.05.31	11:00:00	5657.250	5704.329	5652.482	5703.733	174035	598561	1
2022.05.31	12:00:00	5703.733	5714.460	5684.663	5686.451	125315	467034	1
2022.05.31	13:00:00	5686.451	5699.561	5680.491	5691.218	77413	269319	1
2022.05.31	14:00:00	5691.218	5712.672	5685.855	5712.672	71648	240875	1
2022.05.31	15:00:00	5712.672	5719.823	5703.733	5714.460	75588	263078	1
2022.05.31	16:00:00	5714.460	5721.015	5703.137	5716.248	61696	208006	1
2022.05.31	17:00:00	5715.652	5717.439	5687.047	5693.006	40541	153780	1
2022.06.01	09:00:00	5690.622	5709.096	5679.299	5693.006	217615	575271	1
2022.06.01	10:00:00	5692.410	5725.783	5675.724	5716.248	246187	709807	1
2022.06.01	11:00:00	5716.248	5769.882	5715.056	5761.539	231484	718468	1
2022.06.01	12:00:00	5761.539	5780.609	5756.176	5771.074	109913	379089	1
2022.06.01	13:00:00	5771.670	5785.377	5769.286	5782.397	69720	236846	1
2022.06.01	14:00:00	5781.801	5786.568	5759.751	5774.054	90627	294463	1
2022.06.01	15:00:00	5774.650	5778.821	5758.559	5760.347	87958	278462	1
2022.06.01	16:00:00	5760.347	5777.629	5756.771	5775.842	55570	186483	1
2022.06.01	17:00:00	5776.437	5791.932	5774.054	5791.932	35353	119912	1
2022.06.02	09:00:00	5756.771	5777.033	5737.105	5747.832	204471	529352	1
2022.06.02	10:00:00	5748.428	5780.013	5740.681	5766.902	247461	673525	1
2022.06.02	11:00:00	5766.902	5775.842	5741.873	5750.812	207978	623772	1
2022.06.02	12:00:00	5750.216	5763.923	5740.681	5746.045	106274	326142	1
2022.06.02	13:00:00	5746.045	5749.620	5740.085	5745.449	52558	165205	1
2022.06.02	14:00:00	5744.853	5768.690	5734.722	5763.327	93788	304323	1
2022.06.02	15:00:00	5763.923	5768.690	5750.812	5756.771	62797	218409	1
2022.06.02	16:00:00	5756.771	5763.327	5750.812	5752.004	41753	134529	1
2022.06.02	17:00:00	5751.408	5768.094	5751.408	5768.094	30507	107923	1
2022.06.03	09:00:00	5792.528	5804.447	5766.306	5777.033	222004	587506	1
2022.06.03	10:00:00	5777.033	5778.821	5738.893	5745.449	232963	641852	1
2022.06.03	11:00:00	5744.853	5756.771	5742.469	5752.004	118347	345173	1
2022.06.03	12:00:00	5752.004	5773.458	5752.004	5765.115	94005	273354	1
2022.06.03	13:00:00	5765.115	5765.115	5743.661	5746.045	67676	206735	1
2022.06.03	14:00:00	5745.449	5758.559	5737.105	5754.984	67508	201436	1
2022.06.03	15:00:00	5754.984	5764.519	5743.661	5746.045	60844	191318	1
2022.06.03	16:00:00	5746.045	5750.812	5737.701	5739.489	40929	131269	1
2022.06.03	17:00:00	5738.893	5746.640	5732.934	5735.318	24232	82204	1
2022.06.06	09:00:00	5715.056	5732.338	5703.137	5729.358	145484	400917	1
2022.06.06	10:00:00	5728.762	5750.216	5706.713	5736.510	196209	551246	1
2022.06.06	11:00:00	5735.914	5766.306	5735.318	5753.196	157682	443411	1
2022.06.06	12:00:00	5753.196	5771.074	5749.620	5762.731	97685	307265	1
2022.06.06	13:00:00	5762.731	5766.902	5752.600	5764.519	64031	211451	1
2022.06.06	14:00:00	5763.923	5772.266	5743.065	5745.449	80739	253756	1
2022.06.06	15:00:00	5744.853	5765.711	5744.257	5763.923	63463	214109	1
2022.06.06	16:00:00	5763.923	5768.094	5756.771	5759.155	45599	141037	1
2022.06.06	17:00:00	5758.559	5764.519	5746.045	5757.963	32060	111775	1
2022.06.07	09:00:00	5759.155	5850.334	5759.155	5847.950	266373	792538	1
2022.06.07	10:00:00	5847.950	5898.009	5840.203	5888.474	291106	1008267	1
2022.06.07	11:00:00	5888.474	5922.443	5875.959	5884.302	239540	835152	1
2022.06.07	12:00:00	5884.302	5888.474	5856.293	5865.828	128408	469260	1
2022.06.07	13:00:00	5865.232	5868.212	5837.819	5840.799	104633	339035	1
2022.06.07	14:00:00	5841.395	5846.758	5829.476	5840.203	104344	365150	1
2022.06.07	15:00:00	5840.203	5849.738	5831.860	5842.587	75221	246838	1
2022.06.07	16:00:00	5841.991	5854.505	5836.627	5849.738	58720	197359	1
2022.06.07	17:00:00	5849.738	5851.526	5840.203	5847.354	26299	88383	1
2022.06.08	09:00:00	5852.718	5888.474	5837.819	5872.384	300263	763350	1
2022.06.08	10:00:00	5872.384	5881.323	5816.365	5822.921	269729	732620	1
2022.06.08	11:00:00	5822.325	5855.101	5819.941	5845.566	163197	469477	1
2022.06.08	12:00:00	5845.566	5861.061	5825.900	5846.162	111467	335839	1
2022.06.08	13:00:00	5846.162	5874.171	5841.395	5870.596	95267	285159	1
2022.06.08	14:00:00	5870.000	5881.323	5861.657	5862.849	82399	254373	1
2022.06.08	15:00:00	5862.253	5878.939	5859.869	5862.849	73606	225317	1
2022.06.08	16:00:00	5862.849	5867.616	5853.314	5867.020	51968	181096	1
2022.06.08	17:00:00	5867.020	5880.727	5862.849	5879.535	24670	94059	1
2022.06.09	09:00:00	5874.171	5875.959	5837.223	5861.061	245168	650324	1
2022.06.09	10:00:00	5861.061	5898.605	5854.505	5870.000	252313	729586	1
2022.06.09	11:00:00	5870.000	5892.646	5856.293	5888.474	192464	587006	1
2022.06.09	12:00:00	5888.474	5893.837	5847.354	5864.040	148704	465865	1
2022.06.09	13:00:00	5863.445	5874.171	5859.273	5864.636	65582	213683	1
2022.06.09	14:00:00	5865.232	5869.404	5850.334	5850.930	73047	234225	1
2022.06.09	15:00:00	5850.930	5880.727	5850.930	5879.535	76673	243381	1
2022.06.09	16:00:00	5879.535	5902.181	5877.747	5896.221	68375	224102	1
2022.06.09	17:00:00	5896.221	5901.585	5882.515	5883.111	36437	131447	1
2022.06.10	09:00:00	5883.706	5930.786	5856.889	5918.867	332467	887688	1
2022.06.10	10:00:00	5919.463	5990.380	5912.907	5976.077	272549	831481	1
2022.06.10	11:00:00	5976.077	6008.854	5976.077	5999.915	186181	602029	1
2022.06.10	12:00:00	5999.915	6004.086	5980.845	5989.188	98283	341017	1
2022.06.10	13:00:00	5988.592	6002.894	5984.420	5993.359	69871	248001	1
2022.06.10	14:00:00	5993.359	5996.935	5970.714	5976.673	88238	310100	1
2022.06.10	15:00:00	5976.077	5980.845	5961.179	5973.693	87382	307869	1
2022.06.10	16:00:00	5973.693	5982.632	5962.370	5980.845	59822	203806	1
2022.06.10	17:00:00	5980.845	5983.228	5970.714	5980.249	26959	93705	1
2022.06.13	09:00:00	6038.055	6075.003	6028.520	6066.660	276580	771810	1
2022.06.13	10:00:00	6066.064	6111.355	6065.468	6107.184	246791	748947	1
2022.06.13	11:00:00	6107.184	6153.667	6101.820	6152.475	172488	573099	1
2022.06.13	12:00:00	6152.475	6156.647	6106.588	6111.355	152682	497553	1
2022.06.13	13:00:00	6110.759	6122.082	6098.245	6119.698	108140	362967	1
2022.06.13	14:00:00	6120.294	6131.021	6097.053	6098.245	104586	339481	1
2022.06.13	15:00:00	6098.245	6125.658	6095.861	6122.082	94358	299971	1
2022.06.13	16:00:00	6122.678	6148.899	6107.780	6125.062	126928	404288	1
2022.06.13	17:00:00	6125.062	6142.940	6116.123	6128.637	48346	160911	1
2022.06.14	09:00:00	6125.062	6134.597	6091.093	6116.719	281384	725150	1
2022.06.14	10:00:00	6116.719	6143.536	6097.649	6125.658	220659	639901	1
2022.06.14	11:00:00	6125.658	6142.940	6118.506	6135.193	149247	467114	1
2022.06.14	12:00:00	6135.789	6153.667	6125.062	6147.707	117157	392551	1
2022.06.14	13:00:00	6148.303	6170.949	6139.364	6157.838	101409	346507	1
2022.06.14	14:00:00	6157.838	6157.838	6120.890	6151.879	113713	384115	1
2022.06.14	15:00:00	6151.879	6162.010	6132.213	6159.626	117026	415328	1
2022.06.14	16:00:00	6159.626	6164.990	6144.132	6148.899	70354	234842	1
2022.06.14	17:00:00	6149.495	6151.283	6126.850	6130.425	32800	109650	1
2022.06.15	09:00:00	6101.224	6125.658	6081.558	6115.527	262406	708612	1
2022.06.15	10:00:00	6116.123	6145.920	6105.992	6107.780	249009	710913	1
2022.06.15	11:00:00	6108.376	6142.344	6102.416	6126.254	177791	538708	1
2022.06.15	12:00:00	6126.254	6137.577	6116.123	6120.890	100227	336700	1
2022.06.15	13:00:00	6120.890	6129.829	6107.780	6117.911	90284	288097	1
2022.06.15	14:00:00	6117.315	6120.890	6093.477	6105.396	77628	225493	1
2022.06.15	15:00:00	6104.204	6144.132	6035.075	6064.872	432241	1143151	1
2022.06.15	16:00:00	6064.872	6070.831	6006.470	6016.601	180440	544554	1
2022.06.15	17:00:00	6016.601	6060.700	6014.813	6051.761	45986	161179	1
2022.06.17	09:00:00	6120.294	6160.818	6107.780	6126.254	257028	743857	1
2022.06.17	10:00:00	6125.658	6145.324	6110.759	6134.001	219826	598775	1
2022.06.17	11:00:00	6133.405	6159.030	6126.850	6138.172	175873	546140	1
2022.06.17	12:00:00	6137.577	6159.030	6134.597	6150.091	120089	403403	1
2022.06.17	13:00:00	6150.687	6154.859	6132.809	6144.728	78119	234337	1
2022.06.17	14:00:00	6144.728	6145.324	6128.041	6135.789	77503	218299	1
2022.06.17	15:00:00	6136.385	6147.707	6117.315	6145.324	90123	272234	1
2022.06.17	16:00:00	6144.728	6157.838	6138.172	6156.051	59247	189026	1
2022.06.17	17:00:00	6156.647	6169.161	6150.091	6164.990	28766	98594	1
2022.06.20	09:00:00	6159.030	6176.313	6144.132	6175.717	196023	560583	1
2022.06.20	10:00:00	6176.313	6206.705	6173.929	6198.362	190927	576493	1
2022.06.20	11:00:00	6198.362	6200.746	6157.243	6161.414	133742	427490	1
2022.06.20	12:00:00	6161.414	6172.141	6153.071	6156.051	88156	282549	1
2022.06.20	13:00:00	6156.051	6163.798	6148.899	6160.818	62913	219153	1
2022.06.20	14:00:00	6160.818	6189.423	6160.222	6184.656	61251	203441	1
2022.06.20	15:00:00	6185.252	6195.979	6181.676	6194.787	43298	139903	1
2022.06.20	16:00:00	6194.787	6208.493	6191.807	6205.514	41074	147492	1
2022.06.20	17:00:00	6204.918	6213.261	6199.554	6207.301	32797	123776	1
2022.06.21	09:00:00	6190.615	6195.383	6164.394	6194.787	226120	627513	1
2022.06.21	10:00:00	6194.787	6200.150	6154.263	6159.626	238796	675289	1
2022.06.21	11:00:00	6160.222	6163.798	6119.102	6127.446	178109	567524	1
2022.06.21	12:00:00	6126.850	6144.728	6123.274	6140.556	84992	297798	1
2022.06.21	13:00:00	6140.556	6146.516	6133.405	6136.981	58295	193570	1
2022.06.21	14:00:00	6136.981	6148.899	6131.021	6148.303	76472	258808	1
2022.06.21	15:00:00	6148.899	6160.222	6145.324	6157.838	74904	250600	1
2022.06.21	16:00:00	6157.838	6164.394	6154.263	6160.818	50243	178440	1
2022.06.21	17:00:00	6161.414	6163.798	6126.254	6129.829	40847	151007	1
2022.06.22	09:00:00	6175.717	6184.656	6147.707	6156.647	195530	558055	1
2022.06.22	10:00:00	6156.051	6193.595	6147.707	6176.908	251057	757355	1
2022.06.22	11:00:00	6177.504	6184.060	6128.041	6141.152	189780	555540	1
2022.06.22	12:00:00	6141.748	6166.778	6136.385	6164.394	108535	343611	1
2022.06.22	13:00:00	6164.990	6169.161	6152.475	6168.565	71599	223041	1
2022.06.22	14:00:00	6168.565	6171.545	6147.707	6148.303	72825	220261	1
2022.06.22	15:00:00	6148.303	6171.545	6134.597	6169.757	85629	295461	1
2022.06.22	16:00:00	6169.757	6188.827	6167.373	6187.039	63931	219023	1
2022.06.22	17:00:00	6187.039	6209.685	6185.252	6207.301	43577	160883	1
2022.06.23	09:00:00	6207.897	6228.755	6178.100	6181.676	247697	793471	1
2022.06.23	10:00:00	6182.272	6198.362	6173.929	6176.908	208396	660866	1
2022.06.23	11:00:00	6177.504	6209.685	6172.141	6182.868	202320	614411	1
2022.06.23	12:00:00	6183.464	6218.624	6182.272	6215.645	133599	437879	1
2022.06.23	13:00:00	6215.645	6226.967	6210.281	6218.028	84789	271134	1
2022.06.23	14:00:00	6218.028	6248.421	6217.432	6241.270	103428	335398	1
2022.06.23	15:00:00	6241.270	6251.997	6233.523	6249.017	65071	207072	1
2022.06.23	16:00:00	6249.017	6254.381	6238.290	6246.633	59316	186950	1
2022.06.23	17:00:00	6246.633	6269.279	6246.037	6261.532	35480	131876	1
2022.06.24	09:00:00	6245.441	6249.613	6215.645	6234.119	193529	527844	1
2022.06.24	10:00:00	6234.715	6300.268	6231.735	6282.390	241819	758914	1
2022.06.24	11:00:00	6281.794	6282.390	6215.645	6266.895	230551	742081	1
2022.06.24	12:00:00	6266.895	6266.895	6236.502	6256.168	101519	292484	1
2022.06.24	13:00:00	6255.572	6265.107	6247.229	6254.381	56517	168474	1
2022.06.24	14:00:00	6254.381	6265.107	6241.866	6253.785	64885	212075	1
2022.06.24	15:00:00	6253.785	6287.157	6242.462	6284.773	72377	235510	1
2022.06.24	16:00:00	6284.773	6289.541	6271.067	6271.067	52824	168088	1
2022.06.24	17:00:00	6271.067	6281.794	6256.764	6262.128	36190	115091	1
2022.06.27	09:00:00	6257.360	6297.884	6241.270	6271.067	234977	660525	1
2022.06.27	10:00:00	6270.471	6285.369	6250.209	6251.401	238840	680549	1
2022.06.27	11:00:00	6251.997	6252.593	6221.604	6225.180	206874	620466	1
2022.06.27	12:00:00	6225.180	6229.351	6210.281	6217.432	108816	354742	1
2022.06.27	13:00:00	6216.836	6226.967	6210.877	6220.412	60500	188071	1
2022.06.27	14:00:00	6219.816	6238.290	6218.624	6236.502	79351	265509	1
2022.06.27	15:00:00	6237.098	6247.825	6234.119	6237.098	62148	203927	1
2022.06.27	16:00:00	6236.502	6251.997	6235.906	6249.017	43965	138707	1
2022.06.27	17:00:00	6249.017	6254.381	6243.058	6254.381	27860	92821	1
2022.06.28	09:00:00	6246.037	6259.744	6198.362	6205.514	280004	792446	1
2022.06.28	10:00:00	6205.514	6223.392	6190.019	6211.473	207505	625878	1
2022.06.28	11:00:00	6212.069	6231.735	6194.787	6225.775	173070	541872	1
2022.06.28	12:00:00	6226.371	6282.986	6225.180	6268.087	155185	540737	1
2022.06.28	13:00:00	6268.683	6279.410	6259.148	6278.218	78173	275575	1
2022.06.28	14:00:00	6278.814	6285.965	6267.491	6269.279	75563	236456	1
2022.06.28	15:00:00	6268.683	6299.076	6259.744	6288.945	103164	338269	1
2022.06.28	16:00:00	6288.945	6292.521	6277.026	6284.773	52765	159150	1
2022.06.28	17:00:00	6284.773	6289.541	6275.238	6285.965	29480	95880	1
2022.06.29	09:00:00	6264.512	6269.279	6224.584	6226.371	260055	706892	1
2022.06.29	10:00:00	6226.967	6243.654	6213.261	6232.331	229192	690085	1
2022.06.29	11:00:00	6232.331	6253.785	6225.775	6238.886	199292	622068	1
2022.06.29	12:00:00	6238.886	6268.683	6230.543	6249.613	127970	420735	1
2022.06.29	13:00:00	6250.209	6257.956	6226.371	6231.139	92340	279649	1
2022.06.29	14:00:00	6231.735	6234.119	6208.493	6210.281	94090	305917	1
2022.06.29	15:00:00	6210.281	6213.261	6196.574	6203.130	83568	282439	1
2022.06.29	16:00:00	6203.726	6207.897	6188.827	6192.403	60123	210705	1
2022.06.29	17:00:00	6192.403	6194.787	6173.333	6182.272	37499	134127	1
2022.06.30	09:00:00	6223.065	6260.903	6213.015	6255.582	243956	687633	1
2022.06.30	10:00:00	6255.582	6283.369	6251.443	6262.676	200092	641558	1
2022.06.30	11:00:00	6262.085	6265.041	6226.021	6236.072	170520	541301	1
2022.06.30	12:00:00	6236.072	6246.714	6220.109	6222.474	100009	342220	1
2022.06.30	13:00:00	6222.474	6239.028	6189.366	6192.914	117579	382059	1
2022.06.30	14:00:00	6192.914	6200.599	6185.228	6194.096	68741	215866	1
2022.06.30	15:00:00	6194.687	6236.663	6189.958	6231.934	89307	299913	1
2022.06.30	16:00:00	6231.342	6243.166	6226.021	6237.254	76566	256791	1
2022.06.30	17:00:00	6237.254	6270.362	6236.663	6265.041	42950	161962	1
2022.07.01	09:00:00	6296.375	6327.118	6290.463	6314.112	223530	638518	1
2022.07.01	10:00:00	6314.703	6350.767	6313.520	6345.446	223313	643879	1
2022.07.01	11:00:00	6345.446	6361.408	6335.395	6346.037	189118	599692	1
2022.07.01	12:00:00	6346.037	6354.314	6318.250	6325.936	124042	381620	1
2022.07.01	13:00:00	6325.936	6338.942	6318.841	6333.621	75498	230821	1
2022.07.01	14:00:00	6333.621	6334.804	6300.514	6311.156	87657	289645	1
2022.07.01	15:00:00	6311.747	6327.709	6305.243	6322.980	78856	254648	1
2022.07.01	16:00:00	6323.571	6348.402	6321.797	6340.716	69066	230787	1
2022.07.01	17:00:00	6341.307	6359.635	6340.125	6353.131	31003	107491	1
2022.07.04	09:00:00	6317.068	6356.087	6315.885	6336.577	173512	455938	1
2022.07.04	10:00:00	6337.169	6338.942	6324.753	6333.030	133455	350070	1
2022.07.04	11:00:00	6333.030	6355.496	6301.105	6309.973	164710	464736	1
2022.07.04	12:00:00	6309.973	6313.520	6303.470	6312.929	52756	153376	1
2022.07.04	13:00:00	6312.929	6319.432	6309.382	6317.068	40101	119660	1
2022.07.04	14:00:00	6317.659	6335.986	6314.703	6331.848	60376	177242	1
2022.07.04	15:00:00	6331.848	6344.854	6330.665	6342.490	44812	138297	1
2022.07.04	16:00:00	6341.898	6347.810	6340.125	6344.854	25146	71695	1
2022.07.04	17:00:00	6344.263	6353.723	6337.760	6351.949	30174	101743	1
2022.07.05	09:00:00	6379.145	6409.887	6371.459	6396.290	268917	785886	1
2022.07.05	10:00:00	6396.290	6436.492	6395.107	6427.032	226143	674090	1
2022.07.05	11:00:00	6427.032	6431.171	6409.887	6423.485	169842	475287	1
2022.07.05	12:00:00	6424.076	6431.171	6416.982	6420.529	82853	263803	1
2022.07.05	13:00:00	6419.938	6435.901	6414.617	6431.762	77311	231122	1
2022.07.05	14:00:00	6431.762	6435.309	6417.573	6428.215	77598	246038	1
2022.07.05	15:00:00	6428.215	6435.901	6419.347	6430.580	70281	229704	1
2022.07.05	16:00:00	6430.580	6431.762	6412.843	6418.164	61127	195297	1
2022.07.05	17:00:00	6418.164	6428.806	6414.026	6418.164	39605	140260	1
2022.07.06	09:00:00	6434.718	6454.228	6422.303	6435.309	240794	656146	1
2022.07.06	10:00:00	6435.309	6453.637	6421.712	6441.813	229785	614577	1
2022.07.06	11:00:00	6441.813	6471.964	6437.674	6471.373	217354	615779	1
2022.07.06	12:00:00	6470.782	6503.298	6464.870	6496.204	147679	453421	1
2022.07.06	13:00:00	6496.204	6502.707	6479.059	6481.424	68274	214487	1
2022.07.06	14:00:00	6481.424	6482.606	6466.052	6469.008	86826	279069	1
2022.07.06	15:00:00	6469.599	6486.745	6444.178	6451.272	171622	501574	1
2022.07.06	16:00:00	6451.272	6459.549	6443.586	6456.593	53399	165521	1
2022.07.06	17:00:00	6457.184	6467.235	6452.454	6460.140	27275	92543	1
2022.07.07	09:00:00	6435.901	6445.360	6416.982	6435.901	225341	594944	1
2022.07.07	10:00:00	6435.901	6442.404	6364.956	6365.547	271229	804452	1
2022.07.07	11:00:00	6366.138	6384.465	6347.219	6350.175	172510	545002	1
2022.07.07	12:00:00	6349.584	6375.006	6344.854	6371.459	99224	315472	1
2022.07.07	13:00:00	6371.459	6373.824	6353.723	6357.270	62372	193344	1
2022.07.07	14:00:00	6357.270	6361.408	6350.175	6357.861	46648	161079	1
2022.07.07	15:00:00	6357.861	6373.232	6357.270	6364.956	58377	185392	1
2022.07.07	16:00:00	6364.364	6367.320	6357.270	6361.408	35925	102541	1
2022.07.07	17:00:00	6361.408	6371.459	6355.496	6356.087	29589	111884	1
2022.07.08	09:00:00	6375.597	6388.604	6346.628	6363.773	306658	813011	1
2022.07.08	10:00:00	6364.364	6364.364	6308.199	6338.942	279173	815165	1
2022.07.08	11:00:00	6338.351	6345.446	6283.369	6289.872	194523	563431	1
2022.07.08	12:00:00	6289.872	6307.017	6284.551	6302.879	88258	280562	1
2022.07.08	13:00:00	6302.879	6322.980	6299.331	6317.068	69590	240795	1
2022.07.08	14:00:00	6316.476	6318.841	6298.149	6303.470	66253	210437	1
2022.07.08	15:00:00	6302.879	6304.652	6270.953	6273.909	76188	262628	1
2022.07.08	16:00:00	6273.909	6277.457	6259.129	6268.588	62566	232081	1
2022.07.08	17:00:00	6267.997	6270.362	6247.305	6252.035	31888	128885	1
2022.07.11	09:00:00	6317.659	6366.729	6301.696	6350.175	256728	702969	1
2022.07.11	10:00:00	6350.175	6376.780	6348.993	6358.452	204574	587784	1
2022.07.11	11:00:00	6358.452	6373.824	6347.219	6366.138	164743	508747	1
2022.07.11	12:00:00	6366.138	6370.868	6353.131	6353.723	73471	252597	1
2022.07.11	13:00:00	6353.723	6369.094	6352.540	6364.956	56483	181130	1
2022.07.11	14:00:00	6364.956	6372.050	6358.452	6367.320	46089	162693	1
2022.07.11	15:00:00	6367.912	6390.378	6366.138	6389.195	97336	312994	1
2022.07.11	16:00:00	6389.195	6392.742	6380.918	6388.013	59355	204360	1
2022.07.11	17:00:00	6387.421	6405.749	6381.509	6395.698	44791	167947	1
2022.07.12	09:00:00	6395.698	6427.032	6385.057	6409.887	292139	789167	1
2022.07.12	10:00:00	6410.479	6454.228	6404.567	6440.630	224863	629985	1
2022.07.12	11:00:00	6441.221	6448.316	6428.215	6446.542	146653	458050	1
2022.07.12	12:00:00	6446.542	6453.637	6432.353	6442.995	114108	356399	1
2022.07.12	13:00:00	6442.404	6445.360	6427.032	6438.265	71852	224545	1
2022.07.12	14:00:00	6438.857	6452.454	6434.718	6441.813	61287	176545	1
2022.07.12	15:00:00	6441.813	6462.505	6440.630	6459.549	66625	205768	1
2022.07.12	16:00:00	6460.140	6470.191	6458.367	6465.461	60245	206507	1
2022.07.12	17:00:00	6465.461	6470.191	6463.096	6463.096	28326	112316	1
2022.07.13	09:00:00	6440.630	6494.430	6427.032	6472.556	337293	908064	1
2022.07.13	10:00:00	6472.556	6476.694	6411.070	6432.353	293435	808355	1
2022.07.13	11:00:00	6431.762	6450.090	6384.465	6389.786	244634	729548	1
2022.07.13	12:00:00	6390.378	6398.654	6375.006	6393.334	110861	336038	1
2022.07.13	13:00:00	6393.334	6393.334	6379.145	6389.786	60110	182060	1
2022.07.13	14:00:00	6390.378	6390.969	6372.641	6386.830	70840	207872	1
2022.07.13	15:00:00	6387.421	6418.164	6386.830	6397.472	122804	363734	1
2022.07.13	16:00:00	6397.472	6427.624	6395.698	6421.120	69638	214086	1
2022.07.13	17:00:00	6420.529	6432.353	6406.931	6407.523	36776	123627	1
2022.07.14	09:00:00	6503.298	6508.619	6460.140	6476.694	241540	646752	1
2022.07.14	10:00:00	6476.694	6521.035	6467.235	6506.254	289495	849738	1
2022.07.14	11:00:00	6506.846	6516.305	6456.002	6467.826	211997	659435	1
2022.07.14	12:00:00	6467.235	6474.920	6431.171	6444.769	186004	568768	1
2022.07.14	13:00:00	6444.178	6476.103	6441.813	6461.914	89521	256874	1
2022.07.14	14:00:00	6461.323	6465.461	6441.813	6450.090	80442	234280	1
2022.07.14	15:00:00	6450.681	6460.731	6432.353	6457.775	84849	257628	1
2022.07.14	16:00:00	6457.184	6465.461	6447.725	6452.454	49614	153142	1
2022.07.14	17:00:00	6452.454	6455.410	6437.083	6438.857	30720	98725	1
2022.07.15	09:00:00	6422.894	6456.002	6416.391	6421.712	260847	699664	1
2022.07.15	10:00:00	6421.120	6469.008	6410.479	6463.687	256934	694368	1
2022.07.15	11:00:00	6464.279	6464.870	6383.874	6390.969	243731	722170	1
2022.07.15	12:00:00	6390.378	6396.881	6381.509	6392.742	78975	247989	1
2022.07.15	13:00:00	6392.742	6415.208	6391.560	6412.843	50519	170549	1
2022.07.15	14:00:00	6412.843	6425.259	6405.158	6412.843	74553	245636	1
2022.07.15	15:00:00	6412.252	6420.529	6403.384	6405.749	51824	159327	1
2022.07.15	16:00:00	6406.340	6422.303	6405.158	6416.982	41979	141659	1
2022.07.15	17:00:00	6416.982	6423.485	6409.887	6422.303	21989	84274	1
2022.07.18	09:00:00	6379.145	6391.560	6367.320	6381.509	230838	612831	1
2022.07.18	10:00:00	6381.509	6399.837	6361.999	6367.912	230315	643542	1
2022.07.18	11:00:00	6367.912	6376.188	6351.949	6356.087	159810	450757	1
2022.07.18	12:00:00	6356.087	6383.283	6353.723	6377.962	114387	326305	1
2022.07.18	13:00:00	6377.962	6381.509	6369.094	6377.962	52977	161874	1
2022.07.18	14:00:00	6378.553	6418.756	6375.006	6417.573	101189	335221	1
2022.07.18	15:00:00	6418.164	6432.945	6409.296	6429.988	99598	334101	1
2022.07.18	16:00:00	6430.580	6441.813	6424.076	6437.674	60309	204379	1
2022.07.18	17:00:00	6437.674	6454.819	6433.536	6453.046	40213	163030	1
2022.07.19	09:00:00	6418.164	6442.404	6394.516	6397.472	250991	740983	1
2022.07.19	10:00:00	6397.472	6410.479	6373.824	6388.013	252472	736748	1
2022.07.19	11:00:00	6387.421	6407.523	6375.597	6397.472	188226	540091	1
2022.07.19	12:00:00	6397.472	6418.164	6386.830	6396.881	119554	350645	1
2022.07.19	13:00:00	6396.881	6404.567	6364.956	6372.641	100193	310855	1
2022.07.19	14:00:00	6372.641	6391.560	6366.138	6390.969	68780	222072	1
2022.07.19	15:00:00	6390.969	6412.843	6380.327	6409.296	86061	290503	1
2022.07.19	16:00:00	6409.296	6430.580	6409.296	6427.032	63296	208777	1
2022.07.19	17:00:00	6427.032	6434.718	6412.252	6420.529	33433	114162	1
2022.07.20	09:00:00	6442.404	6464.279	6426.441	6427.624	280572	800763	1
2022.07.20	10:00:00	6427.624	6432.945	6390.378	6425.850	280576	773044	1
2022.07.20	11:00:00	6426.441	6446.542	6412.252	6441.813	217032	630041	1
2022.07.20	12:00:00	6442.404	6456.002	6435.309	6444.178	105380	354444	1
2022.07.20	13:00:00	6444.178	6469.599	6432.945	6461.914	105329	366063	1
2022.07.20	14:00:00	6461.914	6484.971	6461.914	6478.468	123677	412271	1
2022.07.20	15:00:00	6478.468	6479.650	6456.002	6474.329	90352	297547	1
2022.07.20	16:00:00	6474.329	6477.876	6464.870	6472.556	52165	162647	1
2022.07.20	17:00:00	6471.964	6488.518	6470.782	6486.745	33917	130646	1
2022.07.21	09:00:00	6476.103	6494.430	6435.309	6453.046	325874	908039	1
2022.07.21	10:00:00	6453.046	6501.525	6443.586	6479.059	310712	896309	1
2022.07.21	11:00:00	6479.650	6512.167	6477.285	6500.934	170619	539280	1
2022.07.21	12:00:00	6500.342	6523.991	6491.474	6514.531	143499	453265	1
2022.07.21	13:00:00	6515.123	6526.356	6503.890	6521.626	92257	298847	1
2022.07.21	14:00:00	6521.626	6535.224	6516.896	6524.582	81562	262747	1
2022.07.21	15:00:00	6524.582	6531.085	6512.758	6518.079	73355	261477	1
2022.07.21	16:00:00	6518.079	6522.808	6503.298	6513.940	61053	204929	1
2022.07.21	17:00:00	6513.940	6519.852	6506.846	6515.123	32975	119414	1
2022.07.22	09:00:00	6496.204	6503.298	6459.549	6470.782	215590	621578	1
2022.07.22	10:00:00	6470.782	6476.694	6440.630	6456.593	237963	715486	1
2022.07.22	11:00:00	6456.002	6463.096	6438.857	6451.272	161757	484784	1
2022.07.22	12:00:00	6451.272	6471.964	6447.725	6466.052	92108	291062	1
2022.07.22	13:00:00	6466.643	6470.782	6452.454	6469.599	71922	231661	1
2022.07.22	14:00:00	6469.008	6509.802	6465.461	6501.525	110882	395260	1
2022.07.22	15:00:00	6501.525	6517.487	6500.934	6517.487	66169	220421	1
2022.07.22	16:00:00	6517.487	6521.035	6511.575	6512.167	45692	169929	1
2022.07.22	17:00:00	6512.167	6516.305	6509.210	6513.940	24184	95313	1
2022.07.25	09:00:00	6481.424	6487.927	6447.134	6448.316	179261	544700	1
2022.07.25	10:00:00	6448.907	6448.907	6398.063	6401.610	246594	777748	1
2022.07.25	11:00:00	6401.610	6416.982	6392.151	6409.887	175201	621150	1
2022.07.25	12:00:00	6409.887	6416.982	6394.516	6395.107	91151	337649	1
2022.07.25	13:00:00	6395.698	6403.384	6390.969	6395.107	68001	240594	1
2022.07.25	14:00:00	6395.107	6396.881	6381.509	6387.421	74136	264600	1
2022.07.25	15:00:00	6387.421	6389.195	6354.314	6357.270	121983	438612	1
2022.07.25	16:00:00	6357.861	6368.503	6357.270	6360.817	52455	179077	1
2022.07.25	17:00:00	6360.226	6364.364	6342.490	6343.081	55336	219749	1
2022.07.26	09:00:00	6373.232	6383.874	6335.986	6346.628	311259	860672	1
2022.07.26	10:00:00	6346.628	6381.509	6315.294	6321.797	307123	916337	1
2022.07.26	11:00:00	6321.206	6357.270	6317.068	6335.395	220179	668928	1
2022.07.26	12:00:00	6335.986	6355.496	6332.439	6355.496	103556	308667	1
2022.07.26	13:00:00	6355.496	6364.956	6340.716	6346.037	94926	284257	1
2022.07.26	14:00:00	6346.628	6356.679	6338.351	6338.942	79763	249291	1
2022.07.26	15:00:00	6338.942	6357.861	6322.980	6340.125	114220	364937	1
2022.07.26	16:00:00	6340.716	6343.672	6331.257	6334.213	51741	169637	1
2022.07.26	17:00:00	6334.213	6335.986	6320.615	6335.395	32456	116513	1
2022.07.27	09:00:00	6317.068	6330.665	6296.966	6301.696	241466	640010	1
2022.07.27	10:00:00	6301.696	6305.835	6281.595	6284.551	239850	700124	1
2022.07.27	11:00:00	6284.551	6301.105	6271.545	6282.777	191991	606163	1
2022.07.27	12:00:00	6282.777	6285.142	6262.676	6267.997	112342	389317	1
2022.07.27	13:00:00	6267.997	6281.595	6263.268	6277.457	72758	233614	1
2022.07.27	14:00:00	6277.457	6280.413	6260.903	6272.136	67603	209892	1
2022.07.27	15:00:00	6272.136	6284.551	6216.562	6221.883	256931	734522	1
2022.07.27	16:00:00	6221.883	6230.751	6201.782	6210.059	105052	356886	1
2022.07.27	17:00:00	6210.059	6217.744	6197.052	6204.738	42959	148177	1
2022.07.28	09:00:00	6226.021	6238.437	6147.391	6163.353	315115	907458	1
2022.07.28	10:00:00	6163.353	6171.039	6122.560	6159.215	272261	889869	1
2022.07.28	11:00:00	6159.215	6194.687	6149.164	6169.857	212241	673074	1
2022.07.28	12:00:00	6170.448	6181.681	6158.624	6170.448	106626	344414	1
2022.07.28	13:00:00	6169.857	6171.630	6144.435	6156.259	72467	236421	1
2022.07.28	14:00:00	6156.850	6160.988	6143.843	6149.755	72363	234061	1
2022.07.28	15:00:00	6149.755	6156.850	6114.874	6116.057	95403	341485	1
2022.07.28	16:00:00	6115.465	6119.013	6103.050	6105.415	72591	263088	1
2022.07.28	17:00:00	6106.006	6136.749	6102.459	6132.610	43068	162739	1
2022.07.29	09:00:00	6098.082	6119.150	6078.184	6099.838	303116	830389	1
2022.07.29	10:00:00	6099.838	6157.775	6099.252	6135.537	267250	771276	1
2022.07.29	11:00:00	6135.537	6151.923	6113.883	6141.974	178788	603720	1
2022.07.29	12:00:00	6142.559	6146.656	6108.031	6121.491	120096	390403	1
2022.07.29	13:00:00	6122.076	6141.389	6116.809	6129.684	76763	244684	1
2022.07.29	14:00:00	6130.269	6147.241	6123.247	6134.366	68515	216058	1
2022.07.29	15:00:00	6133.781	6141.974	6106.275	6108.616	73577	235420	1
2022.07.29	16:00:00	6108.616	6122.662	6106.275	6110.372	51195	170314	1
2022.07.29	17:00:00	6110.372	6114.468	6104.519	6110.957	29686	105018	1
2022.08.01	09:00:00	6091.059	6110.372	6057.701	6109.786	280053	818593	1
2022.08.01	10:00:00	6109.786	6135.537	6105.105	6110.372	239217	681538	1
2022.08.01	11:00:00	6110.372	6133.196	6064.139	6065.894	243621	716313	1
2022.08.01	12:00:00	6065.309	6085.207	6064.724	6085.207	95827	295136	1
2022.08.01	13:00:00	6084.622	6114.468	6081.110	6111.542	97073	307265	1
2022.08.01	14:00:00	6112.127	6143.730	6109.201	6130.855	110721	354999	1
2022.08.01	15:00:00	6131.440	6137.877	6117.394	6123.832	84351	256470	1
2022.08.01	16:00:00	6123.247	6126.758	6113.298	6115.054	49036	148540	1
2022.08.01	17:00:00	6114.468	6126.758	6111.542	6126.758	26013	85618	1
2022.08.02	09:00:00	6141.974	6167.139	6134.366	6141.974	307024	819845	1
2022.08.02	10:00:00	6141.974	6182.940	6126.173	6177.088	334539	986624	1
2022.08.02	11:00:00	6177.088	6195.230	6168.895	6180.599	224183	703480	1
2022.08.02	12:00:00	6180.599	6191.718	6170.065	6189.963	110744	358858	1
2022.08.02	13:00:00	6189.963	6191.133	6171.821	6182.940	75064	237950	1
2022.08.02	14:00:00	6182.940	6221.565	6181.770	6215.713	124454	438567	1
2022.08.02	15:00:00	6215.128	6232.684	6214.542	6224.491	113923	399038	1
2022.08.02	16:00:00	6225.077	6230.344	6216.298	6228.588	58974	215195	1
2022.08.02	17:00:00	6229.173	6237.952	6226.832	6230.344	34585	134936	1
2022.08.03	09:00:00	6195.230	6221.565	6188.207	6211.031	232975	650554	1
2022.08.03	10:00:00	6211.031	6240.878	6207.520	6223.906	236181	684867	1
2022.08.03	11:00:00	6223.321	6271.895	6223.321	6253.753	232460	748560	1
2022.08.03	12:00:00	6253.753	6263.702	6216.883	6218.639	131452	432415	1
2022.08.03	13:00:00	6218.054	6223.321	6203.423	6205.764	102085	326050	1
2022.08.03	14:00:00	6205.764	6216.298	6201.082	6205.179	61477	193124	1
2022.08.03	15:00:00	6205.179	6240.292	6202.838	6236.781	84780	275437	1
2022.08.03	16:00:00	6237.366	6241.463	6222.736	6226.832	53360	174862	1
2022.08.03	17:00:00	6226.247	6241.463	6222.736	6235.611	30690	109739	1
2022.08.04	09:00:00	6235.611	6246.145	6198.156	6211.616	256246	709101	1
2022.08.04	10:00:00	6211.616	6217.469	6172.406	6181.770	244300	714250	1
2022.08.04	11:00:00	6181.770	6203.423	6181.184	6192.889	164895	484182	1
2022.08.04	12:00:00	6193.474	6194.645	6151.338	6153.093	144930	470916	1
2022.08.04	13:00:00	6153.679	6157.190	6136.707	6151.338	95012	332734	1
2022.08.04	14:00:00	6151.923	6152.508	6133.196	6149.582	84972	277813	1
2022.08.04	15:00:00	6148.997	6164.798	6133.781	6147.826	103896	353963	1
2022.08.04	16:00:00	6147.826	6163.042	6147.241	6160.116	44565	152507	1
2022.08.04	17:00:00	6160.116	6162.457	6144.315	6146.071	40818	137964	1
2022.08.05	09:00:00	6160.701	6222.150	6137.292	6202.838	362454	1036080	1
2022.08.05	10:00:00	6202.838	6209.275	6152.508	6156.605	312284	900318	1
2022.08.05	11:00:00	6156.605	6180.014	6113.298	6114.468	239116	772840	1
2022.08.05	12:00:00	6114.468	6153.679	6113.883	6130.855	132260	430041	1
2022.08.05	13:00:00	6130.855	6135.537	6105.105	6110.372	104014	348382	1
2022.08.05	14:00:00	6110.372	6120.906	6106.275	6118.565	64874	203924	1
2022.08.05	15:00:00	6119.150	6125.002	6091.644	6099.838	105354	348746	1
2022.08.05	16:00:00	6099.252	6102.178	6089.889	6092.815	45303	145497	1
2022.08.05	17:00:00	6092.815	6094.571	6079.355	6088.718	28985	104816	1
2022.08.08	09:00:00	6064.139	6069.991	6029.025	6037.803	237585	636071	1
2022.08.08	10:00:00	6037.803	6045.997	6014.979	6030.781	205985	583275	1
2022.08.08	11:00:00	6030.195	6060.042	6026.099	6043.656	199294	591359	1
2022.08.08	12:00:00	6043.070	6057.701	6033.707	6051.264	121425	365978	1
2022.08.08	13:00:00	6051.264	6051.849	6028.440	6036.048	82669	254609	1
2022.08.08	14:00:00	6036.048	6037.803	6019.076	6024.928	97732	314201	1
2022.08.08	15:00:00	6024.928	6034.877	6020.246	6027.269	77300	232708	1
2022.08.08	16:00:00	6027.269	6031.951	6019.661	6026.684	53023	172072	1
2022.08.08	17:00:00	6027.269	6027.854	6018.491	6026.684	31637	109078	1
2022.08.09	09:00:00	6033.122	6043.656	6003.860	6012.639	291523	801227	1
2022.08.09	10:00:00	6012.053	6025.514	5999.763	6023.758	224691	640271	1
2022.08.09	11:00:00	6024.343	6065.894	6024.343	6044.826	200381	625470	1
2022.08.09	12:00:00	6044.241	6058.872	6038.389	6043.656	102357	317536	1
2022.08.09	13:00:00	6043.656	6051.264	6036.048	6038.974	73023	227496	1
2022.08.09	14:00:00	6038.974	6059.457	6037.218	6050.093	76685	254540	1
2022.08.09	15:00:00	6050.678	6068.820	6044.241	6062.968	85887	285436	1
2022.08.09	16:00:00	6062.968	6064.724	6040.144	6041.900	59054	202711	1
2022.08.09	17:00:00	6041.900	6044.241	6035.462	6037.218	27216	108539	1
2022.08.10	09:00:00	6024.928	6061.798	5928.951	5960.553	340834	1075059	1
2022.08.10	10:00:00	5960.553	5977.525	5941.241	5965.235	233292	710438	1
2022.08.10	11:00:00	5965.235	5966.405	5929.536	5944.752	204199	727401	1
2022.08.10	12:00:00	5945.337	5961.138	5941.241	5952.945	97496	360881	1
2022.08.10	13:00:00	5953.530	5958.212	5945.922	5957.042	49609	164605	1
2022.08.10	14:00:00	5957.042	5965.235	5944.752	5963.479	67232	231942	1
2022.08.10	15:00:00	5964.065	6002.690	5962.894	5993.911	121789	434873	1
2022.08.10	16:00:00	5993.326	6000.349	5986.888	5986.888	57534	192799	1
2022.08.10	17:00:00	5987.474	6000.934	5983.962	5999.178	29671	111943	1
2022.08.11	09:00:00	5981.036	5992.741	5957.627	5966.405	296621	836589	1
2022.08.11	10:00:00	5966.405	5997.423	5963.479	5972.843	249813	749077	1
2022.08.11	11:00:00	5972.843	6051.849	5971.673	6050.678	246462	836944	1
2022.08.11	12:00:00	6050.678	6073.502	6045.997	6053.019	149761	563411	1
2022.08.11	13:00:00	6052.434	6059.457	6040.729	6053.605	70320	230680	1
2022.08.11	14:00:00	6053.605	6068.235	6050.678	6064.139	88761	311294	1
2022.08.11	15:00:00	6063.553	6086.963	6061.212	6078.769	89776	312512	1
2022.08.11	16:00:00	6078.769	6084.036	6071.161	6073.502	52840	205590	1
2022.08.11	17:00:00	6072.917	6078.769	6068.235	6072.332	29155	112160	1
2022.08.12	09:00:00	6065.894	6077.599	6029.025	6029.025	219793	652291	1
2022.08.12	10:00:00	6029.610	6033.122	6003.275	6012.639	182273	594380	1
2022.08.12	11:00:00	6013.224	6030.195	5990.985	5992.741	209162	699621	1
2022.08.12	12:00:00	5992.741	6001.519	5981.621	5987.474	93530	346216	1
2022.08.12	13:00:00	5987.474	5996.837	5970.502	5977.525	77686	287968	1
2022.08.12	14:00:00	5976.940	5982.207	5969.917	5971.673	63077	237749	1
2022.08.12	15:00:00	5971.087	5973.428	5959.968	5965.820	67782	266757	1
2022.08.12	16:00:00	5965.235	5974.013	5960.553	5970.502	47094	183774	1
2022.08.12	17:00:00	5970.502	5978.695	5965.235	5968.746	31037	123520	1
2022.08.15	09:00:00	6014.394	6046.582	6007.371	6009.127	258889	773146	1
2022.08.15	10:00:00	6008.542	6022.002	5998.008	6003.275	212397	607768	1
2022.08.15	11:00:00	6003.860	6016.150	5983.377	5988.644	157330	464686	1
2022.08.15	12:00:00	5988.644	5993.326	5976.940	5977.525	85550	275414	1
2022.08.15	13:00:00	5978.110	5987.474	5969.332	5982.792	78595	265654	1
2022.08.15	14:00:00	5982.207	6007.957	5976.940	5997.423	90991	298375	1
2022.08.15	15:00:00	5997.423	6013.809	5990.985	5998.008	83610	265523	1
2022.08.15	16:00:00	5998.593	6000.934	5985.718	5988.644	46534	158533	1
2022.08.15	17:00:00	5989.229	5997.423	5981.621	5995.082	27611	98908	1
2022.08.16	09:00:00	6020.246	6040.729	6010.298	6020.832	249615	710499	1
2022.08.16	10:00:00	6020.832	6038.389	6013.809	6026.099	212363	677779	1
2022.08.16	11:00:00	6026.099	6057.701	6023.758	6054.190	193655	598857	1
2022.08.16	12:00:00	6054.190	6055.945	6043.070	6048.337	70344	229506	1
2022.08.16	13:00:00	6047.752	6058.872	6039.559	6057.116	65232	213591	1
2022.08.16	14:00:00	6056.531	6060.627	6028.440	6029.610	87307	315035	1
2022.08.16	15:00:00	6029.610	6052.434	6029.025	6048.923	81716	292842	1
2022.08.16	16:00:00	6049.508	6055.360	6042.485	6044.241	44102	151088	1
2022.08.16	17:00:00	6043.656	6058.286	6041.315	6054.190	23008	81039	1
2022.08.17	09:00:00	6086.377	6127.929	6082.866	6107.446	251202	798984	1
2022.08.17	10:00:00	6108.031	6122.076	6080.525	6086.963	232412	753166	1
2022.08.17	11:00:00	6086.963	6091.644	6066.480	6076.428	174611	556849	1
2022.08.17	12:00:00	6076.428	6081.695	6061.212	6079.940	91893	316228	1
2022.08.17	13:00:00	6079.940	6091.644	6074.088	6084.036	69807	256292	1
2022.08.17	14:00:00	6084.036	6096.911	6075.258	6085.792	74070	233876	1
2022.08.17	15:00:00	6085.207	6088.133	6048.923	6077.014	165511	551774	1
2022.08.17	16:00:00	6077.014	6081.695	6068.235	6071.747	51215	157110	1
2022.08.17	17:00:00	6071.747	6078.769	6062.968	6072.917	26997	91520	1
2022.08.18	09:00:00	6068.235	6069.991	6024.928	6053.605	221753	672629	1
2022.08.18	10:00:00	6054.190	6108.031	6045.997	6098.082	235037	768002	1
2022.08.18	11:00:00	6097.497	6108.031	6076.428	6078.769	133251	465949	1
2022.08.18	12:00:00	6078.769	6097.497	6071.161	6094.571	86091	290639	1
2022.08.18	13:00:00	6095.156	6113.883	6093.985	6112.713	79950	271865	1
2022.08.18	14:00:00	6113.298	6116.809	6096.911	6098.082	83384	298726	1
2022.08.18	15:00:00	6098.667	6105.105	6091.059	6092.230	61748	213606	1
2022.08.18	16:00:00	6092.815	6092.815	6073.502	6074.673	54124	207865	1
2022.08.18	17:00:00	6075.258	6078.769	6066.480	6069.991	24929	110284	1
2022.08.19	09:00:00	6108.616	6123.247	6069.991	6077.014	246716	773995	1
2022.08.19	10:00:00	6077.599	6117.980	6072.917	6105.690	216798	685088	1
2022.08.19	11:00:00	6105.690	6129.684	6082.866	6116.224	182495	609451	1
2022.08.19	12:00:00	6116.224	6127.343	6102.178	6104.519	93673	325470	1
2022.08.19	13:00:00	6105.105	6106.860	6085.792	6093.400	67629	233008	1
2022.08.19	14:00:00	6093.400	6098.667	6073.502	6077.014	69217	228220	1
2022.08.19	15:00:00	6077.014	6094.571	6066.480	6093.400	73162	279941	1
2022.08.19	16:00:00	6093.985	6094.571	6067.065	6068.820	57622	217760	1
2022.08.19	17:00:00	6068.820	6074.673	6067.650	6071.161	26369	109144	1
2022.08.22	09:00:00	6084.622	6097.497	6070.576	6071.161	209324	616121	1
2022.08.22	10:00:00	6070.576	6098.082	6060.042	6084.036	233776	667714	1
2022.08.22	11:00:00	6084.036	6109.201	6072.917	6088.133	178369	549220	1
2022.08.22	12:00:00	6088.133	6090.474	6064.139	6065.894	107999	355932	1
2022.08.22	13:00:00	6065.309	6067.650	6045.997	6051.264	98182	321786	1
2022.08.22	14:00:00	6051.264	6065.309	6045.997	6061.212	70037	223486	1
2022.08.22	15:00:00	6061.212	6062.968	6047.752	6048.923	65268	215430	1
2022.08.22	16:00:00	6049.508	6066.480	6046.582	6061.798	54166	188846	1
2022.08.22	17:00:00	6061.798	6074.088	6051.849	6054.190	38137	132824	1
2022.08.23	09:00:00	6021.417	6046.582	6018.491	6040.144	206523	607875	1
2022.08.23	10:00:00	6040.144	6045.997	5983.377	5989.229	267790	859165	1
2022.08.23	11:00:00	5989.815	5989.815	5961.724	5974.599	172312	580474	1
2022.08.23	12:00:00	5974.599	5974.599	5950.019	5963.479	97373	355889	1
2022.08.23	13:00:00	5963.479	5969.332	5958.212	5966.991	38355	144250	1
2022.08.23	14:00:00	5967.576	5985.718	5961.138	5985.133	78695	269833	1
2022.08.23	15:00:00	5985.133	5996.837	5978.695	5989.815	78022	273299	1
2022.08.23	16:00:00	5989.815	5990.400	5977.525	5982.207	49477	171190	1
2022.08.23	17:00:00	5981.621	6001.519	5980.451	5989.815	40719	157292	1
2022.08.24	09:00:00	5995.082	6002.104	5960.553	5995.082	263607	803054	1
2022.08.24	10:00:00	5994.496	6009.127	5985.718	6003.275	210622	638529	1
2022.08.24	11:00:00	6002.690	6003.275	5965.820	5986.888	211291	693691	1
2022.08.24	12:00:00	5986.888	5989.815	5967.576	5975.769	98659	341199	1
2022.08.24	13:00:00	5975.184	5998.593	5968.161	5993.326	76504	262134	1
2022.08.24	14:00:00	5993.326	6005.616	5989.815	5998.593	66693	214502	1
2022.08.24	15:00:00	5998.008	6003.860	5990.400	5994.496	63369	213368	1
2022.08.24	16:00:00	5994.496	5997.423	5985.133	5992.156	42419	142616	1
2022.08.24	17:00:00	5992.156	5997.423	5986.888	5996.837	27487	102019	1
2022.08.25	09:00:00	5970.502	6023.173	5963.479	6013.809	223679	690662	1
2022.08.25	10:00:00	6013.224	6030.195	5998.008	6000.349	211328	683043	1
2022.08.25	11:00:00	6000.349	6011.468	5969.332	5981.036	196139	658354	1
2022.08.25	12:00:00	5981.036	6014.394	5981.036	5999.178	124939	454386	1
2022.08.25	13:00:00	5999.763	6012.639	5996.837	6002.690	69556	227105	1
2022.08.25	14:00:00	6003.275	6005.616	5983.962	5993.911	88338	286185	1
2022.08.25	15:00:00	5993.326	6010.883	5991.570	6004.445	70913	230960	1
2022.08.25	16:00:00	6004.445	6013.224	5989.229	5991.570	47935	157951	1
2022.08.25	17:00:00	5991.570	5998.008	5985.718	5991.570	30565	103338	1
2022.08.26	09:00:00	5990.400	5998.008	5953.530	5954.116	248353	713332	1
2022.08.26	10:00:00	5953.530	5973.428	5938.900	5972.258	224176	693401	1
2022.08.26	11:00:00	5971.673	5989.815	5930.121	5953.530	339506	1096962	1
2022.08.26	12:00:00	5952.945	5996.252	5943.582	5955.871	143536	518165	1
2022.08.26	13:00:00	5955.286	5970.502	5955.286	5959.383	68642	240596	1
2022.08.26	14:00:00	5959.968	5983.377	5957.042	5966.991	62416	219490	1
2022.08.26	15:00:00	5966.405	5967.576	5923.684	5938.900	95623	361238	1
2022.08.26	16:00:00	5939.485	5953.530	5937.144	5951.190	55324	209585	1
2022.08.26	17:00:00	5951.775	5951.775	5930.707	5934.803	30184	110455	1
2022.08.29	09:00:00	5952.945	5964.650	5913.735	5922.513	228279	744601	1
2022.08.29	10:00:00	5922.513	5949.434	5914.320	5930.707	245410	825940	1
2022.08.29	11:00:00	5930.121	5932.462	5903.201	5909.638	188658	668402	1
2022.08.29	12:00:00	5909.638	5912.564	5887.985	5890.911	116268	420734	1
2022.08.29	13:00:00	5890.911	5891.496	5876.280	5885.644	69745	264040	1
2022.08.29	14:00:00	5885.644	5893.837	5868.672	5875.110	90278	336485	1
2022.08.29	15:00:00	5875.110	5887.400	5869.843	5878.621	81307	290195	1
2022.08.29	16:00:00	5879.206	5896.178	5876.280	5895.593	59775	232584	1
2022.08.29	17:00:00	5895.593	5896.763	5885.644	5889.741	33668	137310	1
2022.08.30	09:00:00	5872.769	5911.394	5866.331	5895.593	240806	771646	1
2022.08.30	10:00:00	5896.178	5934.803	5884.473	5930.121	232415	761087	1
2022.08.30	11:00:00	5930.121	5945.922	5923.684	5927.195	169217	589910	1
2022.08.30	12:00:00	5927.780	5946.508	5925.439	5944.167	112312	396606	1
2022.08.30	13:00:00	5944.752	5966.405	5941.826	5961.138	93531	352136	1
2022.08.30	14:00:00	5961.138	5996.252	5959.383	5988.059	123959	506838	1
2022.08.30	15:00:00	5987.474	5993.326	5973.428	5981.036	87394	333939	1
2022.08.30	16:00:00	5981.036	5988.644	5974.013	5986.888	55279	198891	1
2022.08.30	17:00:00	5986.888	6002.104	5982.207	6000.349	33589	138299	1
2022.08.31	09:00:00	6007.902	6064.263	6006.740	6036.954	245187	754324	1
2022.08.31	10:00:00	6036.954	6087.504	6035.211	6062.519	248220	838607	1
2022.08.31	11:00:00	6061.938	6091.571	6047.413	6068.911	207273	742490	1
2022.08.31	12:00:00	6068.911	6082.275	6058.452	6075.883	134032	535742	1
2022.08.31	13:00:00	6075.883	6084.599	6052.061	6078.788	92861	357378	1
2022.08.31	14:00:00	6079.369	6094.476	6071.235	6081.694	78948	293345	1
2022.08.31	15:00:00	6081.694	6104.354	6077.626	6096.801	81212	304264	1
2022.08.31	16:00:00	6096.220	6102.611	6085.761	6092.152	67752	243628	1
2022.08.31	17:00:00	6091.571	6097.382	6069.492	6074.721	42264	148103	1
2022.09.01	09:00:00	6095.057	6115.394	6062.519	6083.437	298333	868936	1
2022.09.01	10:00:00	6082.856	6086.342	6025.914	6058.452	254142	836693	1
2022.09.01	11:00:00	6058.452	6119.461	6057.871	6104.935	241515	857061	1
2022.09.01	12:00:00	6104.935	6127.595	6090.990	6117.718	132068	475706	1
2022.09.01	13:00:00	6117.137	6128.757	6103.192	6128.176	82168	283376	1
2022.09.01	14:00:00	6128.757	6154.323	6127.014	6147.932	121508	437705	1
2022.09.01	15:00:00	6147.932	6150.837	6113.651	6128.757	113245	371047	1
2022.09.01	16:00:00	6128.757	6135.149	6120.042	6131.663	60912	217473	1
2022.09.01	17:00:00	6132.244	6138.635	6117.718	6138.054	41966	152045	1
2022.09.02	09:00:00	6113.651	6127.014	6053.804	6075.883	330567	944469	1
2022.09.02	10:00:00	6076.464	6100.287	6059.033	6096.220	237945	677939	1
2022.09.02	11:00:00	6096.220	6100.287	6057.871	6060.195	194848	645146	1
2022.09.02	12:00:00	6060.195	6073.559	6051.480	6053.804	102078	363002	1
2022.09.02	13:00:00	6054.385	6090.990	6045.088	6089.828	122563	409308	1
2022.09.02	14:00:00	6090.409	6097.963	6070.654	6082.275	108714	343350	1
2022.09.02	15:00:00	6081.694	6082.275	6035.792	6048.575	99923	328617	1
2022.09.02	16:00:00	6048.575	6074.140	6043.926	6068.330	66002	220499	1
2022.09.02	17:00:00	6067.749	6069.492	6041.602	6048.575	34065	125229	1
2022.09.05	09:00:00	6063.682	6072.978	6044.507	6061.938	196748	516867	1
2022.09.05	10:00:00	6061.938	6070.073	6039.278	6047.994	194121	540206	1
2022.09.05	11:00:00	6048.575	6061.357	6041.021	6050.899	121594	361978	1
2022.09.05	12:00:00	6050.899	6056.709	6034.049	6042.764	87142	287832	1
2022.09.05	13:00:00	6042.764	6047.994	6034.630	6038.697	51819	157063	1
2022.09.05	14:00:00	6038.116	6040.440	6026.495	6035.211	56620	181713	1
2022.09.05	15:00:00	6035.792	6036.954	6029.982	6034.630	27250	87573	1
2022.09.05	16:00:00	6034.630	6036.373	6027.076	6029.400	23522	76843	1
2022.09.05	17:00:00	6029.400	6033.468	6027.076	6032.306	19132	68007	1
2022.09.06	09:00:00	6045.088	6084.018	6039.859	6080.532	263402	723357	1
2022.09.06	10:00:00	6080.532	6122.366	6074.140	6113.651	218057	638635	1
2022.09.06	11:00:00	6114.232	6130.501	6104.354	6114.813	194852	646221	1
2022.09.06	12:00:00	6114.232	6129.338	6102.611	6116.556	118979	407074	1
2022.09.06	13:00:00	6117.137	6124.690	6113.070	6123.528	57997	177237	1
2022.09.06	14:00:00	6124.109	6140.378	6122.947	6135.730	94390	336613	1
2022.09.06	15:00:00	6135.149	6136.311	6115.975	6125.852	82923	281863	1
2022.09.06	16:00:00	6126.433	6133.987	6122.366	6126.433	48189	162936	1
2022.09.06	17:00:00	6127.014	6143.864	6125.271	6139.216	27698	110526	1
2022.09.08	09:00:00	6091.571	6104.354	6054.966	6099.706	332322	888352	1
2022.09.08	10:00:00	6099.706	6121.204	6067.749	6086.923	322666	957248	1
2022.09.08	11:00:00	6086.923	6106.678	6074.140	6105.516	186032	560006	1
2022.09.08	12:00:00	6105.516	6113.070	6089.828	6106.678	103668	344690	1
2022.09.08	13:00:00	6106.097	6120.623	6099.125	6107.259	90820	296082	1
2022.09.08	14:00:00	6107.840	6124.690	6096.220	6108.421	110598	358088	1
2022.09.08	15:00:00	6108.421	6109.002	6081.694	6087.504	103197	355142	1
2022.09.08	16:00:00	6087.504	6096.220	6079.951	6085.761	60154	218079	1
2022.09.08	17:00:00	6085.761	6099.125	6081.694	6098.544	29501	120112	1
2022.09.09	09:00:00	6056.709	6073.559	6050.899	6058.452	197337	538060	1
2022.09.09	10:00:00	6057.871	6081.113	6040.440	6042.764	256520	733801	1
2022.09.09	11:00:00	6042.183	6051.480	6009.645	6017.780	186164	581821	1
2022.09.09	12:00:00	6017.780	6029.982	6016.037	6023.590	74487	244835	1
2022.09.09	13:00:00	6024.171	6032.887	6014.294	6025.333	67396	209852	1
2022.09.09	14:00:00	6024.752	6031.725	6022.428	6028.819	45998	155623	1
2022.09.09	15:00:00	6028.819	6034.049	6018.361	6025.333	49658	160562	1
2022.09.09	16:00:00	6025.333	6026.495	6011.969	6014.294	39638	142578	1
2022.09.09	17:00:00	6013.713	6019.523	6013.131	6016.037	21866	76369	1
2022.09.12	09:00:00	5976.526	6000.930	5971.878	5999.187	180709	560411	1
2022.09.12	10:00:00	5998.606	6002.673	5974.783	5982.337	235639	725690	1
2022.09.12	11:00:00	5982.918	5996.863	5979.431	5985.242	117838	381821	1
2022.09.12	12:00:00	5985.242	5990.471	5964.906	5970.716	91570	315867	1
2022.09.12	13:00:00	5970.716	5981.175	5968.392	5970.716	71135	227670	1
2022.09.12	14:00:00	5970.135	5974.202	5953.285	5953.285	84853	277761	1
2022.09.12	15:00:00	5953.285	5959.095	5938.759	5941.664	100500	365034	1
2022.09.12	16:00:00	5942.245	5959.676	5938.759	5955.028	57326	194046	1
2022.09.12	17:00:00	5954.447	5955.609	5941.664	5949.799	30995	114619	1
2022.09.13	09:00:00	5939.340	6077.626	5930.043	6071.816	365262	1127142	1
2022.09.13	10:00:00	6071.816	6081.694	6027.076	6038.697	284901	924039	1
2022.09.13	11:00:00	6038.697	6050.899	6010.226	6029.982	225380	794964	1
2022.09.13	12:00:00	6029.982	6058.452	6020.685	6055.547	119706	421940	1
2022.09.13	13:00:00	6055.547	6060.195	6034.630	6037.535	79688	278495	1
2022.09.13	14:00:00	6036.954	6051.480	6027.657	6045.088	88769	304810	1
2022.09.13	15:00:00	6045.088	6066.587	6038.697	6057.290	84492	307084	1
2022.09.13	16:00:00	6057.871	6065.425	6053.804	6059.033	48414	177601	1
2022.09.13	17:00:00	6059.033	6066.006	6049.156	6058.452	25840	96649	1
2022.09.14	09:00:00	6057.290	6060.776	6011.969	6026.495	272945	747233	1
2022.09.14	10:00:00	6026.495	6068.330	6024.752	6051.480	247003	736891	1
2022.09.14	11:00:00	6052.061	6057.290	6026.495	6038.697	174252	549592	1
2022.09.14	12:00:00	6038.116	6045.669	6023.009	6043.926	99039	314645	1
2022.09.14	13:00:00	6043.926	6052.061	6036.954	6046.250	68952	240948	1
2022.09.14	14:00:00	6046.832	6050.899	6039.859	6042.183	46742	184155	1
2022.09.14	15:00:00	6042.764	6057.871	6036.954	6045.669	68823	254030	1
2022.09.14	16:00:00	6046.250	6052.061	6039.859	6042.183	45102	175368	1
2022.09.14	17:00:00	6042.764	6045.669	6024.752	6028.238	23746	91317	1
2022.09.15	09:00:00	6042.183	6078.207	6041.021	6070.073	238546	676806	1
2022.09.15	10:00:00	6069.492	6090.990	6060.195	6077.045	226200	674764	1
2022.09.15	11:00:00	6077.626	6105.516	6070.654	6102.030	151255	494112	1
2022.09.15	12:00:00	6101.449	6111.907	6097.963	6108.421	86013	298552	1
2022.09.15	13:00:00	6108.421	6117.137	6100.868	6104.354	66271	250791	1
2022.09.15	14:00:00	6104.354	6116.556	6096.220	6114.232	68180	259283	1
2022.09.15	15:00:00	6114.232	6118.880	6102.030	6115.975	65425	254317	1
2022.09.15	16:00:00	6115.394	6120.042	6109.583	6112.488	49070	179605	1
2022.09.15	17:00:00	6113.070	6125.852	6111.326	6120.042	27716	115581	1
2022.09.16	09:00:00	6124.109	6164.201	6120.623	6161.876	179891	545272	1
2022.09.16	10:00:00	6161.295	6192.671	6157.809	6191.509	190052	621970	1
2022.09.16	11:00:00	6192.090	6192.090	6134.568	6148.513	231977	830795	1
2022.09.16	12:00:00	6149.094	6177.564	6142.702	6165.944	122008	451430	1
2022.09.16	13:00:00	6166.525	6181.632	6164.201	6166.525	71341	241181	1
2022.09.16	14:00:00	6167.106	6172.916	6154.323	6158.971	56703	187748	1
2022.09.16	15:00:00	6158.971	6163.039	6129.920	6132.244	78992	285248	1
2022.09.16	16:00:00	6132.244	6137.473	6124.690	6133.987	60491	205776	1
2022.09.16	17:00:00	6133.406	6134.568	6120.623	6126.433	21495	93124	1
2022.09.19	09:00:00	6172.916	6181.051	6148.513	6155.485	180102	531114	1
2022.09.19	10:00:00	6154.904	6171.754	6140.959	6147.932	210555	592908	1
2022.09.19	11:00:00	6147.932	6153.161	6082.856	6085.761	221822	728973	1
2022.09.19	12:00:00	6085.761	6086.342	6034.049	6035.211	162395	604302	1
2022.09.19	13:00:00	6034.630	6044.507	5997.444	6007.902	120218	482742	1
2022.09.19	14:00:00	6007.902	6028.238	5993.957	6027.076	92950	360696	1
2022.09.19	15:00:00	6026.495	6036.954	6023.009	6028.238	63624	240822	1
2022.09.19	16:00:00	6028.238	6028.819	6014.294	6021.847	59144	205080	1
2022.09.19	17:00:00	6021.847	6029.400	6011.969	6028.819	36809	145441	1
2022.09.20	09:00:00	6071.816	6085.761	6052.061	6076.464	261230	764772	1
2022.09.20	10:00:00	6076.464	6076.464	6024.752	6045.669	288676	900895	1
2022.09.20	11:00:00	6045.669	6053.223	6013.131	6020.104	177927	595893	1
2022.09.20	12:00:00	6020.104	6025.914	5994.538	6002.673	125216	456185	1
2022.09.20	13:00:00	6002.673	6024.752	5989.890	6009.645	104007	346517	1
2022.09.20	14:00:00	6009.645	6026.495	6008.483	6013.131	85478	293459	1
2022.09.20	15:00:00	6012.550	6014.294	5991.052	5995.119	103907	340260	1
2022.09.20	16:00:00	5995.119	6016.037	5991.633	6004.416	67920	222539	1
2022.09.20	17:00:00	6004.416	6006.740	5990.471	5992.795	33840	132642	1
2022.09.21	09:00:00	5989.890	6008.483	5962.581	6006.159	256932	755837	1
2022.09.21	10:00:00	6006.740	6023.009	5969.554	6021.847	245902	762032	1
2022.09.21	11:00:00	6021.847	6036.954	6011.388	6034.630	158608	549552	1
2022.09.21	12:00:00	6034.630	6039.278	6027.076	6034.049	81525	311141	1
2022.09.21	13:00:00	6034.630	6041.602	6031.144	6036.954	48528	188972	1
2022.09.21	14:00:00	6037.535	6043.926	6013.713	6025.914	82252	290222	1
2022.09.21	15:00:00	6027.076	6049.737	5965.487	5980.594	421314	1204346	1
2022.09.21	16:00:00	5980.594	6028.238	5971.297	6024.752	156510	483296	1
2022.09.21	17:00:00	6024.752	6031.144	6014.875	6021.847	38159	140779	1
2022.09.22	09:00:00	5973.621	6006.159	5964.325	5996.281	269362	776298	1
2022.09.22	10:00:00	5995.700	6034.049	5989.890	6027.657	218822	731922	1
2022.09.22	11:00:00	6027.657	6036.373	6017.199	6034.049	149679	541497	1
2022.09.22	12:00:00	6033.468	6038.116	6017.780	6024.171	103789	395158	1
2022.09.22	13:00:00	6023.590	6028.819	5999.187	6007.902	96751	333455	1
2022.09.22	14:00:00	6007.321	6011.388	5971.297	5978.269	104892	351355	1
2022.09.22	15:00:00	5978.269	5984.661	5960.838	5964.325	94378	329576	1
2022.09.22	16:00:00	5964.906	5964.906	5945.150	5955.028	79828	301482	1
2022.09.22	17:00:00	5955.028	5957.933	5945.150	5957.352	25238	98621	1
2022.09.23	09:00:00	6018.361	6064.844	6016.037	6060.195	213551	688321	1
2022.09.23	10:00:00	6060.195	6082.856	6034.630	6081.113	244055	762256	1
2022.09.23	11:00:00	6081.694	6097.382	6078.788	6096.220	156109	576823	1
2022.09.23	12:00:00	6096.220	6100.868	6087.504	6095.638	81208	319162	1
2022.09.23	13:00:00	6095.638	6114.232	6088.085	6093.895	97702	372632	1
2022.09.23	14:00:00	6094.476	6106.097	6086.923	6099.125	78277	246115	1
2022.09.23	15:00:00	6099.706	6127.595	6096.220	6124.109	95463	301961	1
2022.09.23	16:00:00	6124.109	6125.271	6107.840	6109.002	66916	217240	1
2022.09.23	17:00:00	6109.002	6131.082	6108.421	6122.947	41152	146534	1
2022.09.26	09:00:00	6158.971	6216.494	6158.971	6194.414	294764	923843	1
2022.09.26	10:00:00	6193.833	6214.170	6176.983	6207.197	269834	815838	1
2022.09.26	11:00:00	6207.197	6234.506	6193.833	6233.344	189940	627499	1
2022.09.26	12:00:00	6233.344	6275.178	6229.858	6273.435	162516	620050	1
2022.09.26	13:00:00	6273.435	6300.744	6265.301	6279.246	128180	507375	1
2022.09.26	14:00:00	6279.246	6303.068	6278.665	6290.285	102520	379041	1
2022.09.26	15:00:00	6290.285	6290.866	6261.814	6273.435	142516	523292	1
2022.09.26	16:00:00	6273.435	6274.597	6243.802	6258.328	114016	398963	1
2022.09.26	17:00:00	6258.909	6282.151	6256.585	6271.692	49699	169019	1
2022.09.26	18:00:00	6273.435	6274.597	6273.435	6274.597	5	25	1
2022.09.27	09:00:00	6220.561	6221.142	6160.714	6183.956	265363	818314	1
2022.09.27	10:00:00	6183.956	6242.059	6174.078	6231.020	303367	940564	1
2022.09.27	11:00:00	6230.439	6260.652	6218.818	6222.885	216280	710326	1
2022.09.27	12:00:00	6222.885	6243.221	6217.075	6235.087	126296	438615	1
2022.09.27	13:00:00	6235.087	6255.423	6233.925	6242.059	101275	335196	1
2022.09.27	14:00:00	6242.640	6265.882	6235.087	6237.992	116185	372472	1
2022.09.27	15:00:00	6237.992	6256.004	6226.952	6233.925	94605	300201	1
2022.09.27	16:00:00	6233.344	6263.558	6233.344	6254.261	72214	223518	1
2022.09.27	17:00:00	6254.842	6264.139	6251.937	6257.747	28134	96376	1
2022.09.28	09:00:00	6291.447	6305.973	6237.992	6251.937	310664	939531	1
2022.09.28	10:00:00	6251.937	6253.680	6206.035	6225.790	294782	928137	1
2022.09.28	11:00:00	6225.209	6240.316	6208.940	6235.087	185282	626049	1
2022.09.28	12:00:00	6235.087	6268.206	6219.980	6236.249	164232	575777	1
2022.09.28	13:00:00	6235.668	6236.249	6200.225	6205.454	126084	432973	1
2022.09.28	14:00:00	6205.454	6210.102	6188.604	6199.063	104077	344787	1
2022.09.28	15:00:00	6199.644	6238.573	6194.414	6212.427	116678	414630	1
2022.09.28	16:00:00	6212.427	6219.980	6206.616	6218.237	57715	188363	1
2022.09.28	17:00:00	6218.237	6250.775	6217.656	6250.775	38305	175917	1
2022.09.29	09:00:00	6265.882	6303.649	6258.909	6274.597	282419	819680	1
2022.09.29	10:00:00	6274.016	6286.218	6246.708	6274.597	256831	805531	1
2022.09.29	11:00:00	6274.597	6312.365	6270.530	6280.989	218860	740447	1
2022.09.29	12:00:00	6280.408	6286.218	6256.585	6270.530	134851	433171	1
2022.09.29	13:00:00	6270.530	6277.502	6257.166	6275.178	82770	280698	1
2022.09.29	14:00:00	6274.597	6280.989	6260.652	6272.854	77362	271299	1
2022.09.29	15:00:00	6272.854	6292.028	6265.301	6278.665	83660	275348	1
2022.09.29	16:00:00	6278.083	6285.637	6261.814	6269.949	61487	197344	1
2022.09.29	17:00:00	6270.530	6283.894	6269.949	6274.597	27555	99667	1
2022.09.30	09:00:00	6263.636	6290.751	6248.059	6265.943	205330	587908	1
2022.09.30	10:00:00	6265.943	6298.828	6258.443	6272.290	200602	595994	1
2022.09.30	11:00:00	6272.290	6295.366	6266.520	6283.251	153200	489061	1
2022.09.30	12:00:00	6283.251	6290.751	6260.174	6276.328	110387	409760	1
2022.09.30	13:00:00	6275.751	6306.328	6275.751	6285.559	74768	251121	1
2022.09.30	14:00:00	6285.559	6294.213	6192.674	6223.251	167118	611001	1
2022.09.30	15:00:00	6223.828	6248.059	6218.059	6231.905	105163	343529	1
2022.09.30	16:00:00	6231.905	6272.290	6227.867	6267.097	76911	277644	1
2022.09.30	17:00:00	6267.097	6294.790	6259.020	6284.982	45422	154122	1
2022.10.03	09:00:00	6115.367	6170.174	6095.752	6114.790	255376	836295	1
2022.10.03	10:00:00	6114.790	6115.944	6058.252	6070.367	254646	798223	1
2022.10.03	11:00:00	6069.790	6069.790	6020.175	6021.906	207212	676684	1
2022.10.03	12:00:00	6022.483	6025.944	5995.944	6019.598	147786	531920	1
2022.10.03	13:00:00	6019.598	6020.752	5986.713	5994.790	111711	377754	1
2022.10.03	14:00:00	5994.790	6009.790	5991.906	6007.483	85543	276326	1
2022.10.03	15:00:00	6008.060	6012.098	5989.021	6004.598	91890	300554	1
2022.10.03	16:00:00	6004.021	6024.213	6003.444	6013.829	71127	241792	1
2022.10.03	17:00:00	6013.829	6016.713	5992.483	6005.752	44768	158542	1
2022.10.04	09:00:00	5976.906	5976.906	5935.367	5963.637	278441	864047	1
2022.10.04	10:00:00	5963.637	6007.483	5957.290	6001.713	235505	728659	1
2022.10.04	11:00:00	6001.137	6004.598	5964.790	5970.560	241862	825984	1
2022.10.04	12:00:00	5971.137	5998.829	5960.752	5982.098	122131	399057	1
2022.10.04	13:00:00	5982.675	6006.329	5968.252	6005.175	99996	334560	1
2022.10.04	14:00:00	6005.175	6062.290	6001.137	6020.752	155313	524008	1
2022.10.04	15:00:00	6020.175	6032.867	5987.867	5991.906	111635	371842	1
2022.10.04	16:00:00	5991.906	6017.867	5987.290	5998.829	88014	295941	1
2022.10.04	17:00:00	5998.829	6018.444	5995.367	6008.636	28047	97216	1
2022.10.05	09:00:00	6055.944	6068.059	6014.983	6043.252	252825	698874	1
2022.10.05	10:00:00	6042.675	6057.675	6018.444	6029.406	230658	661555	1
2022.10.05	11:00:00	6030.559	6085.367	6029.983	6074.982	229076	685653	1
2022.10.05	12:00:00	6074.982	6076.713	6043.252	6058.829	107123	336996	1
2022.10.05	13:00:00	6058.829	6060.559	6032.867	6044.406	99045	313766	1
2022.10.05	14:00:00	6044.406	6053.059	6018.444	6039.213	108275	339292	1
2022.10.05	15:00:00	6039.213	6040.944	5990.175	6000.560	114887	374608	1
2022.10.05	16:00:00	5999.983	6023.060	5995.944	6021.329	59074	193653	1
2022.10.05	17:00:00	6021.906	6039.790	6010.944	6027.675	46386	175855	1
2022.10.06	09:00:00	6029.406	6043.829	6002.290	6014.983	244964	665823	1
2022.10.06	10:00:00	6014.983	6049.021	6005.175	6031.713	286902	817519	1
2022.10.06	11:00:00	6032.290	6053.059	6006.906	6014.983	218945	687734	1
2022.10.06	12:00:00	6014.983	6039.790	6014.406	6036.906	119232	387495	1
2022.10.06	13:00:00	6037.483	6048.444	6021.906	6023.060	92724	287019	1
2022.10.06	14:00:00	6023.060	6044.406	6021.906	6027.098	82972	276893	1
2022.10.06	15:00:00	6026.521	6039.790	6019.021	6035.752	88705	296569	1
2022.10.06	16:00:00	6035.175	6042.098	6029.406	6040.944	51208	184039	1
2022.10.06	17:00:00	6040.944	6067.482	6037.483	6056.521	34467	130773	1
2022.10.07	09:00:00	6039.790	6088.829	6034.598	6061.136	285360	763526	1
2022.10.07	10:00:00	6060.559	6080.752	6039.213	6046.136	264780	748921	1
2022.10.07	11:00:00	6045.559	6060.559	6021.329	6043.829	182513	552954	1
2022.10.07	12:00:00	6043.252	6062.290	6038.636	6046.136	100784	307891	1
2022.10.07	13:00:00	6046.713	6059.406	6024.790	6034.021	73625	243075	1
2022.10.07	14:00:00	6034.598	6042.675	6025.944	6035.752	66461	220394	1
2022.10.07	15:00:00	6035.175	6050.175	6028.252	6040.367	65167	218858	1
2022.10.07	16:00:00	6040.367	6057.675	6038.059	6044.406	51231	170938	1
2022.10.07	17:00:00	6044.406	6045.559	6028.252	6030.559	30565	109190	1
2022.10.10	09:00:00	6017.290	6035.175	5985.560	5997.675	224322	657010	1
2022.10.10	10:00:00	5997.098	6027.098	5994.213	6016.136	206860	581028	1
2022.10.10	11:00:00	6016.713	6043.252	5998.829	6036.906	176235	537721	1
2022.10.10	12:00:00	6036.906	6047.867	6018.444	6022.483	99333	301997	1
2022.10.10	13:00:00	6022.483	6040.944	6021.329	6034.598	63945	194377	1
2022.10.10	14:00:00	6034.598	6043.829	6013.829	6016.713	89319	274787	1
2022.10.10	15:00:00	6016.713	6021.329	6007.483	6008.060	84263	270675	1
2022.10.10	16:00:00	6008.060	6018.444	6002.290	6017.290	56631	166263	1
2022.10.10	17:00:00	6017.290	6021.906	6010.367	6010.944	28729	98610	1
2022.10.11	09:00:00	6005.752	6043.252	6002.290	6032.290	213530	609473	1
2022.10.11	10:00:00	6031.713	6040.367	6017.290	6036.906	206630	587202	1
2022.10.11	11:00:00	6036.906	6058.829	6035.752	6044.983	172209	531145	1
2022.10.11	12:00:00	6044.983	6055.367	6028.829	6038.636	113765	369707	1
2022.10.11	13:00:00	6038.059	6047.290	6019.598	6030.559	84545	275200	1
2022.10.11	14:00:00	6031.136	6044.406	6028.252	6039.790	77652	238922	1
2022.10.11	15:00:00	6039.790	6121.136	6038.059	6110.175	147234	533075	1
2022.10.11	16:00:00	6110.752	6118.252	6101.521	6109.021	85236	310552	1
2022.10.11	17:00:00	6108.444	6147.098	6106.713	6133.828	63896	249825	1
2022.10.13	09:00:00	6092.290	6234.213	6064.598	6190.944	332107	995488	1
2022.10.13	10:00:00	6190.944	6208.828	6133.252	6142.482	284257	845157	1
2022.10.13	11:00:00	6143.059	6176.521	6115.944	6136.713	207899	665791	1
2022.10.13	12:00:00	6136.713	6145.367	6089.982	6115.367	203670	614121	1
2022.10.13	13:00:00	6115.367	6119.982	6084.790	6092.290	109064	328074	1
2022.10.13	14:00:00	6092.290	6092.867	6058.252	6061.713	105539	319208	1
2022.10.13	15:00:00	6061.713	6092.867	6058.829	6089.982	77754	258355	1
2022.10.13	16:00:00	6090.559	6119.982	6089.982	6106.713	76989	252234	1
2022.10.13	17:00:00	6107.290	6115.367	6092.290	6093.444	37409	126669	1
2022.10.14	09:00:00	6111.905	6132.098	6081.329	6091.713	306415	874513	1
2022.10.14	10:00:00	6091.713	6134.982	6068.636	6125.752	281164	859476	1
2022.10.14	11:00:00	6125.752	6151.713	6118.828	6125.175	209988	660657	1
2022.10.14	12:00:00	6125.175	6149.982	6121.136	6136.136	105903	329986	1
2022.10.14	13:00:00	6136.136	6155.751	6127.482	6147.675	88461	279580	1
2022.10.14	14:00:00	6147.675	6162.675	6143.059	6158.059	74698	231590	1
2022.10.14	15:00:00	6157.482	6174.213	6157.482	6167.290	71136	223959	1
2022.10.14	16:00:00	6166.713	6176.521	6156.905	6163.251	56893	199305	1
2022.10.14	17:00:00	6163.828	6173.059	6159.790	6162.098	24345	83450	1
2022.10.17	09:00:00	6103.829	6134.982	6099.790	6113.059	192671	559129	1
2022.10.17	10:00:00	6113.636	6115.944	6080.175	6110.752	226821	687436	1
2022.10.17	11:00:00	6110.752	6122.867	6095.175	6100.367	190504	583618	1
2022.10.17	12:00:00	6100.944	6101.521	6080.752	6089.405	103857	314858	1
2022.10.17	13:00:00	6089.405	6105.559	6088.252	6103.829	59457	183185	1
2022.10.17	14:00:00	6104.405	6122.867	6103.829	6122.290	77192	241857	1
2022.10.17	15:00:00	6122.867	6131.521	6117.098	6120.559	65797	207023	1
2022.10.17	16:00:00	6120.559	6137.867	6119.982	6134.982	59201	201007	1
2022.10.17	17:00:00	6134.405	6137.290	6103.829	6114.790	40289	129461	1
2022.10.18	09:00:00	6099.790	6109.598	6073.829	6089.405	209949	623936	1
2022.10.18	10:00:00	6089.405	6107.867	6062.290	6085.367	231842	700835	1
2022.10.18	11:00:00	6085.944	6119.982	6081.329	6090.559	191464	629729	1
2022.10.18	12:00:00	6090.559	6129.213	6087.098	6120.559	131688	433111	1
2022.10.18	13:00:00	6120.559	6129.213	6098.059	6103.829	94115	284948	1
2022.10.18	14:00:00	6103.829	6119.405	6090.559	6096.905	102859	326852	1
2022.10.18	15:00:00	6096.905	6104.982	6080.752	6087.675	96629	318256	1
2022.10.18	16:00:00	6087.675	6094.598	6071.521	6077.867	74443	231818	1
2022.10.18	17:00:00	6077.867	6079.021	6053.636	6060.559	41643	145135	1
2022.10.19	09:00:00	6103.829	6128.636	6095.175	6104.405	224364	627463	1
2022.10.19	10:00:00	6104.405	6118.828	6091.713	6107.290	224053	667688	1
2022.10.19	11:00:00	6107.867	6112.482	6077.290	6104.982	181598	590035	1
2022.10.19	12:00:00	6105.559	6118.828	6101.521	6109.021	109597	363927	1
2022.10.19	13:00:00	6109.598	6124.021	6107.290	6114.790	82085	271775	1
2022.10.19	14:00:00	6114.213	6124.598	6104.405	6109.021	80887	251836	1
2022.10.19	15:00:00	6109.021	6111.328	6093.444	6104.982	81479	277592	1
2022.10.19	16:00:00	6104.982	6106.713	6091.713	6099.790	56160	206824	1
2022.10.19	17:00:00	6099.790	6110.752	6094.598	6094.598	31454	108562	1
2022.10.20	09:00:00	6070.367	6079.598	6025.944	6079.021	311859	923832	1
2022.10.20	10:00:00	6079.021	6079.021	6042.098	6050.752	203293	602010	1
2022.10.20	11:00:00	6051.329	6052.483	6004.598	6017.290	187440	636042	1
2022.10.20	12:00:00	6017.290	6027.675	6012.098	6020.175	88231	318082	1
2022.10.20	13:00:00	6019.598	6034.021	6017.867	6020.752	71802	231097	1
2022.10.20	14:00:00	6021.329	6037.483	6017.290	6020.175	81158	272283	1
2022.10.20	15:00:00	6019.598	6042.098	6018.444	6032.867	86225	312640	1
2022.10.20	16:00:00	6032.290	6042.675	6029.406	6033.444	46904	156785	1
2022.10.20	17:00:00	6033.444	6036.329	6024.790	6031.713	32129	118221	1
2022.10.21	09:00:00	6054.213	6099.213	6044.406	6074.982	239656	717345	1
2022.10.21	10:00:00	6075.559	6075.559	6001.137	6003.444	400615	1186921	1
2022.10.21	11:00:00	6003.444	6034.598	5977.483	5993.637	249519	817018	1
2022.10.21	12:00:00	5993.637	6025.944	5980.367	5982.675	170358	509666	1
2022.10.21	13:00:00	5982.675	5993.637	5965.367	5984.983	129541	406152	1
2022.10.21	14:00:00	5985.560	5989.021	5974.598	5987.290	68659	221708	1
2022.10.21	15:00:00	5987.290	5997.675	5964.214	5967.675	80918	259799	1
2022.10.21	16:00:00	5967.675	5970.560	5941.714	5951.521	85924	314732	1
2022.10.21	17:00:00	5950.944	5972.290	5946.329	5969.406	45958	190325	1
2022.10.24	09:00:00	6010.944	6066.906	6008.636	6061.713	309617	899375	1
2022.10.24	10:00:00	6062.290	6113.636	6057.098	6102.675	266051	799974	1
2022.10.24	11:00:00	6102.098	6126.328	6096.905	6106.136	190394	602255	1
2022.10.24	12:00:00	6105.559	6111.905	6079.021	6096.905	143154	493431	1
2022.10.24	13:00:00	6096.905	6119.982	6092.290	6114.790	94781	311628	1
2022.10.24	14:00:00	6115.367	6124.598	6098.636	6099.790	82231	267937	1
2022.10.24	15:00:00	6099.790	6105.559	6082.482	6102.098	110508	386978	1
2022.10.24	16:00:00	6101.521	6125.752	6095.752	6124.021	74540	249409	1
2022.10.24	17:00:00	6124.021	6134.405	6122.867	6124.021	39293	152989	1
2022.10.25	09:00:00	6113.636	6179.405	6109.598	6174.790	292546	836432	1
2022.10.25	10:00:00	6175.367	6187.482	6124.021	6124.598	301421	911712	1
2022.10.25	11:00:00	6125.175	6143.059	6118.252	6135.559	193602	625526	1
2022.10.25	12:00:00	6136.136	6137.290	6099.213	6109.021	138437	447137	1
2022.10.25	13:00:00	6109.598	6128.636	6093.444	6119.982	102306	327057	1
2022.10.25	14:00:00	6120.559	6137.867	6110.752	6134.405	108183	338507	1
2022.10.25	15:00:00	6133.828	6147.098	6127.482	6142.482	83428	286833	1
2022.10.25	16:00:00	6142.482	6150.559	6136.136	6144.790	57535	194821	1
2022.10.25	17:00:00	6144.213	6147.675	6131.521	6140.175	41270	139440	1
2022.10.26	09:00:00	6111.905	6159.213	6096.905	6146.521	282675	793594	1
2022.10.26	10:00:00	6147.098	6160.944	6126.905	6157.482	228454	653397	1
2022.10.26	11:00:00	6157.482	6163.828	6133.828	6151.713	199006	594143	1
2022.10.26	12:00:00	6151.136	6153.444	6134.982	6147.098	100941	338867	1
2022.10.26	13:00:00	6146.521	6182.290	6137.290	6178.828	97957	313946	1
2022.10.26	14:00:00	6178.828	6184.021	6164.982	6166.136	87255	292709	1
2022.10.26	15:00:00	6166.136	6201.905	6165.559	6193.251	112465	393744	1
2022.10.26	16:00:00	6192.674	6213.444	6192.097	6212.290	64488	226411	1
2022.10.26	17:00:00	6212.290	6220.367	6203.059	6218.059	42519	161160	1
2022.10.27	09:00:00	6223.251	6226.136	6147.675	6151.136	348041	922947	1
2022.10.27	10:00:00	6151.136	6162.098	6134.405	6134.405	241129	705455	1
2022.10.27	11:00:00	6134.982	6136.136	6094.021	6110.175	197360	653855	1
2022.10.27	12:00:00	6110.752	6124.598	6100.367	6101.521	114504	362960	1
2022.10.27	13:00:00	6100.944	6119.982	6095.752	6115.367	71478	220222	1
2022.10.27	14:00:00	6115.367	6118.252	6097.482	6115.367	82676	252862	1
2022.10.27	15:00:00	6115.367	6136.136	6113.636	6131.521	59156	199960	1
2022.10.27	16:00:00	6131.521	6134.405	6051.329	6121.136	144778	491226	1
2022.10.27	17:00:00	6121.713	6189.790	6120.559	6160.367	115220	327134	1
2022.10.28	09:00:00	6175.944	6212.290	6149.982	6168.444	314030	806363	1
2022.10.28	10:00:00	6167.867	6193.251	6155.175	6160.944	202715	575331	1
2022.10.28	11:00:00	6160.944	6177.098	6145.367	6159.790	160929	486628	1
2022.10.28	12:00:00	6159.213	6187.482	6146.521	6180.559	91417	304582	1
2022.10.28	13:00:00	6179.982	6188.059	6155.175	6159.790	83610	264745	1
2022.10.28	14:00:00	6159.213	6162.098	6133.828	6156.328	72550	249747	1
2022.10.28	15:00:00	6156.905	6162.675	6129.790	6130.944	62849	211908	1
2022.10.28	16:00:00	6130.367	6140.175	6117.098	6118.828	64992	227358	1
2022.10.28	17:00:00	6118.828	6124.021	6094.021	6117.098	51266	174378	1
2022.10.31	09:00:00	6241.140	6251.476	6141.791	6176.247	340033	948272	1
2022.10.31	10:00:00	6176.247	6183.713	6073.453	6083.790	244751	728318	1
2022.10.31	11:00:00	6083.790	6084.364	6016.601	6036.126	217691	712688	1
2022.10.31	12:00:00	6035.552	6080.345	6034.403	6065.414	122011	395323	1
2022.10.31	13:00:00	6065.414	6072.879	6049.908	6053.928	89170	293274	1
2022.10.31	14:00:00	6053.928	6055.077	5958.026	5973.531	172821	596031	1
2022.10.31	15:00:00	5974.105	5990.759	5955.729	5970.085	119572	409440	1
2022.10.31	16:00:00	5969.511	5990.759	5967.214	5969.511	83402	277048	1
2022.10.31	17:00:00	5970.085	5989.610	5968.937	5988.462	45086	149610	1
2022.11.01	09:00:00	5948.837	6016.601	5936.203	5955.729	300376	839569	1
2022.11.01	10:00:00	5955.729	5991.907	5949.986	5980.996	258975	705776	1
2022.11.01	11:00:00	5980.422	6005.690	5921.847	5945.392	287003	845324	1
2022.11.01	12:00:00	5945.966	5947.689	5902.322	5904.619	172145	522652	1
2022.11.01	13:00:00	5904.044	5949.412	5878.777	5933.332	172170	526935	1
2022.11.01	14:00:00	5932.758	5941.372	5891.985	5895.430	120791	362129	1
2022.11.01	15:00:00	5895.430	5912.084	5882.797	5891.985	106640	320610	1
2022.11.01	16:00:00	5891.985	5936.203	5874.757	5914.381	139816	426501	1
2022.11.01	17:00:00	5914.381	5963.194	5904.044	5937.926	71203	222487	1
2022.11.03	09:00:00	5995.353	6034.403	5918.975	5930.461	379263	1095812	1
2022.11.03	10:00:00	5929.887	5983.293	5925.292	5976.976	257972	701343	1
2022.11.03	11:00:00	5976.402	5982.719	5916.104	5924.718	222208	646017	1
2022.11.03	12:00:00	5924.144	5931.035	5874.757	5892.559	166516	534366	1
2022.11.03	13:00:00	5892.559	5910.361	5887.965	5898.302	98350	320594	1
2022.11.03	14:00:00	5898.302	5919.550	5890.836	5917.253	78180	235871	1
2022.11.03	15:00:00	5916.678	5920.124	5887.965	5908.639	93343	302519	1
2022.11.03	16:00:00	5908.639	5919.550	5901.173	5915.530	44711	151094	1
2022.11.03	17:00:00	5915.530	5921.273	5905.193	5905.767	35661	106043	1
2022.11.04	09:00:00	5846.043	5909.213	5822.498	5828.241	374012	989791	1
2022.11.04	10:00:00	5828.241	5835.707	5803.548	5827.667	237140	712712	1
2022.11.04	11:00:00	5827.093	5831.687	5801.251	5806.993	192036	590009	1
2022.11.04	12:00:00	5806.993	5832.261	5797.805	5823.647	107954	344275	1
2022.11.04	13:00:00	5824.221	5830.538	5814.459	5819.053	68680	206103	1
2022.11.04	14:00:00	5819.053	5821.924	5806.993	5815.607	59321	174984	1
2022.11.04	15:00:00	5815.033	5829.390	5793.211	5802.973	83103	278365	1
2022.11.04	16:00:00	5802.973	5833.410	5802.399	5832.835	68899	253124	1
2022.11.04	17:00:00	5832.835	5865.569	5831.113	5839.727	63105	219485	1
2022.11.07	09:00:00	5842.024	5896.005	5831.687	5863.271	250602	632348	1
2022.11.07	10:00:00	5863.271	5869.588	5824.221	5826.518	225794	605624	1
2022.11.07	11:00:00	5826.518	5899.450	5823.073	5893.133	235448	686836	1
2022.11.07	12:00:00	5892.559	5916.104	5872.460	5902.322	152622	460886	1
2022.11.07	13:00:00	5902.896	5919.550	5899.450	5909.787	74935	243348	1
2022.11.07	14:00:00	5909.787	5914.381	5897.728	5904.044	76261	238417	1
2022.11.07	15:00:00	5904.044	5913.807	5898.876	5904.044	59038	172564	1
2022.11.07	16:00:00	5904.044	5971.234	5900.599	5968.362	104135	353818	1
2022.11.07	17:00:00	5967.788	5968.937	5952.857	5955.154	47166	153460	1
2022.11.07	18:00:00	5955.154	5967.214	5946.540	5954.580	10349	33884	1
2022.11.08	09:00:00	5972.382	6052.780	5968.937	6010.284	311595	873789	1
2022.11.08	10:00:00	6010.284	6021.195	5961.471	5980.422	227735	654912	1
2022.11.08	11:00:00	5980.422	5986.739	5949.412	5960.897	185989	521872	1
2022.11.08	12:00:00	5960.897	5963.194	5931.035	5937.926	154593	460110	1
2022.11.08	13:00:00	5937.352	5943.669	5917.253	5930.461	99533	331055	1
2022.11.08	14:00:00	5931.035	5960.897	5928.164	5945.392	85293	278908	1
2022.11.08	15:00:00	5945.966	5967.788	5924.144	5940.223	129574	399805	1
2022.11.08	16:00:00	5940.798	5964.917	5929.312	5938.501	101978	318107	1
2022.11.08	17:00:00	5937.926	5945.966	5926.441	5936.203	53368	175194	1
2022.11.08	18:00:00	5936.778	5942.520	5923.570	5939.649	11103	35315	1
2022.11.09	09:00:00	5964.917	5992.482	5944.817	5945.392	263733	655323	1
2022.11.09	10:00:00	5945.966	5974.679	5945.392	5957.451	184035	495447	1
2022.11.09	11:00:00	5957.451	5982.719	5938.501	5970.085	191102	562278	1
2022.11.09	12:00:00	5970.660	5971.234	5922.421	5950.560	173178	537279	1
2022.11.09	13:00:00	5950.560	5955.154	5921.847	5937.926	96530	280933	1
2022.11.09	14:00:00	5937.352	5951.134	5931.035	5938.501	90768	278455	1
2022.11.09	15:00:00	5937.926	5967.214	5936.203	5956.303	100437	308667	1
2022.11.09	16:00:00	5955.729	5979.274	5955.154	5975.254	63325	191911	1
2022.11.09	17:00:00	5975.828	5994.204	5951.134	5991.907	74329	228540	1
2022.11.09	18:00:00	5991.907	5995.353	5976.976	5976.976	12122	45422	1
2022.11.10	09:00:00	6046.463	6162.465	6044.166	6102.741	379902	1078465	1
2022.11.10	10:00:00	6102.741	6148.682	6058.522	6104.464	335536	942992	1
2022.11.10	11:00:00	6105.612	6180.267	6086.087	6132.029	286205	920136	1
2022.11.10	12:00:00	6132.603	6166.485	6121.118	6138.346	146054	460586	1
2022.11.10	13:00:00	6138.920	6170.505	6133.177	6143.514	115906	366418	1
2022.11.10	14:00:00	6144.088	6172.227	6134.900	6158.445	94329	299855	1
2022.11.10	15:00:00	6158.445	6204.386	6137.771	6198.644	119768	409282	1
2022.11.10	16:00:00	6198.644	6242.862	6195.772	6221.040	129522	428068	1
2022.11.10	17:00:00	6221.614	6224.486	6175.673	6202.664	87805	281241	1
2022.11.10	18:00:00	6202.664	6203.238	6146.960	6167.059	20817	81957	1
2022.11.11	09:00:00	6156.148	6232.526	6132.603	6195.198	291016	759853	1
2022.11.11	10:00:00	6195.772	6200.367	6079.196	6092.404	345221	992265	1
2022.11.11	11:00:00	6092.404	6139.494	6087.810	6124.563	172376	480925	1
2022.11.11	12:00:00	6123.989	6134.326	6051.631	6076.899	174155	517866	1
2022.11.11	13:00:00	6076.899	6140.068	6070.582	6137.197	132320	399769	1
2022.11.11	14:00:00	6137.771	6184.861	6134.326	6183.138	111930	320733	1
2022.11.11	15:00:00	6183.138	6184.861	6138.346	6156.148	114317	318787	1
2022.11.11	16:00:00	6156.148	6162.465	6138.920	6144.088	62427	176071	1
2022.11.11	17:00:00	6144.088	6166.485	6134.326	6141.791	54275	147525	1
2022.11.11	18:00:00	6141.791	6177.970	6136.623	6163.039	10592	34028	1
2022.11.14	09:00:00	6155.574	6172.802	6063.117	6084.939	296114	755479	1
2022.11.14	10:00:00	6084.939	6113.078	6083.216	6094.701	194671	521959	1
2022.11.14	11:00:00	6094.701	6168.782	6075.750	6145.237	245559	672135	1
2022.11.14	12:00:00	6145.811	6154.999	6123.989	6131.454	142529	424827	1
2022.11.14	13:00:00	6130.880	6156.722	6127.435	6131.454	106707	313804	1
2022.11.14	14:00:00	6132.029	6139.494	6113.078	6122.840	94096	262814	1
2022.11.14	15:00:00	6122.840	6137.771	6118.246	6136.049	72001	221121	1
2022.11.14	16:00:00	6136.049	6148.682	6076.325	6111.929	136243	421880	1
2022.11.14	17:00:00	6111.355	6141.217	6097.573	6138.346	66353	181357	1
2022.11.14	18:00:00	6139.494	6155.574	6134.326	6153.277	12181	37400	1
2022.11.16	09:00:00	6156.148	6195.772	6128.583	6132.603	321890	799165	1
2022.11.16	10:00:00	6132.603	6162.465	6110.781	6118.246	281314	748403	1
2022.11.16	11:00:00	6118.246	6149.831	6092.404	6141.217	240673	739581	1
2022.11.16	12:00:00	6141.217	6175.673	6128.009	6154.425	196020	586178	1
2022.11.16	13:00:00	6154.425	6178.544	6150.405	6169.930	114451	347564	1
2022.11.16	14:00:00	6169.930	6175.673	6140.643	6171.653	113925	343812	1
2022.11.16	15:00:00	6171.079	6220.466	6170.505	6210.129	146215	442971	1
2022.11.16	16:00:00	6209.555	6214.723	6190.030	6201.515	85116	254727	1
2022.11.16	17:00:00	6201.515	6217.595	6196.347	6213.575	50792	138700	1
2022.11.16	18:00:00	6213.575	6233.100	6210.703	6230.803	13375	46378	1
2022.11.17	09:00:00	6333.597	6372.073	6276.170	6279.041	364457	1038341	1
2022.11.17	10:00:00	6279.615	6323.834	6277.893	6311.774	229847	639809	1
2022.11.17	11:00:00	6312.349	6321.537	6261.239	6283.635	180738	506853	1
2022.11.17	12:00:00	6284.210	6303.160	6261.813	6295.121	124280	368856	1
2022.11.17	13:00:00	6295.121	6315.220	6285.932	6289.952	106010	311754	1
2022.11.17	14:00:00	6289.378	6303.160	6273.873	6287.081	105487	331870	1
2022.11.17	15:00:00	6287.081	6289.378	6254.922	6279.615	102369	300706	1
2022.11.17	16:00:00	6280.190	6285.358	6223.337	6227.357	113272	346863	1
2022.11.17	17:00:00	6227.931	6238.268	6206.109	6228.506	99508	306121	1
2022.11.17	18:00:00	6228.506	6253.773	6220.466	6250.328	16594	59843	1
2022.11.18	09:00:00	6203.238	6214.723	6138.346	6141.217	281557	739777	1
2022.11.18	10:00:00	6141.217	6183.713	6136.623	6163.039	187879	518296	1
2022.11.18	11:00:00	6163.039	6213.000	6146.960	6181.416	241343	706497	1
2022.11.18	12:00:00	6181.416	6195.772	6145.237	6146.385	158949	493512	1
2022.11.18	13:00:00	6146.960	6203.812	6141.791	6191.753	108728	369133	1
2022.11.18	14:00:00	6191.753	6198.644	6145.811	6148.682	127938	418413	1
2022.11.18	15:00:00	6148.682	6196.921	6148.682	6195.198	114276	338390	1
2022.11.18	16:00:00	6195.198	6196.347	6172.227	6190.030	67447	193659	1
2022.11.18	17:00:00	6190.030	6196.347	6176.822	6192.901	44973	129899	1
2022.11.18	18:00:00	6192.901	6201.515	6186.584	6188.307	13247	35958	1
2022.11.21	09:00:00	6199.792	6200.941	6108.484	6119.969	276895	758694	1
2022.11.21	10:00:00	6119.969	6126.860	6098.721	6119.969	185452	517790	1
2022.11.21	11:00:00	6119.969	6152.128	6117.672	6140.643	185931	527298	1
2022.11.21	12:00:00	6140.068	6179.119	6132.029	6160.742	136218	423275	1
2022.11.21	13:00:00	6161.316	6168.208	6131.454	6138.920	112249	371186	1
2022.11.21	14:00:00	6138.920	6145.237	6122.266	6140.068	95777	287196	1
2022.11.21	15:00:00	6139.494	6139.494	6099.870	6112.504	106379	326897	1
2022.11.21	16:00:00	6112.504	6120.543	6104.464	6114.226	56476	167344	1
2022.11.21	17:00:00	6114.801	6117.672	6105.612	6111.355	39552	122815	1
2022.11.21	18:00:00	6111.355	6125.137	6109.632	6124.563	10942	52795	1
2022.11.22	09:00:00	6111.355	6117.672	6076.325	6110.781	254126	644475	1
2022.11.22	10:00:00	6110.781	6147.534	6099.295	6126.286	237038	688412	1
2022.11.22	11:00:00	6125.712	6175.673	6099.295	6146.960	221905	672164	1
2022.11.22	12:00:00	6146.385	6157.871	6133.177	6152.702	122812	390257	1
2022.11.22	13:00:00	6152.702	6168.208	6147.534	6161.891	81130	248363	1
2022.11.22	14:00:00	6161.891	6167.633	6145.237	6165.336	79762	237576	1
2022.11.22	15:00:00	6165.910	6172.802	6147.534	6165.910	73115	220768	1
2022.11.22	16:00:00	6166.485	6211.852	6165.910	6187.158	121376	391997	1
2022.11.22	17:00:00	6187.158	6190.030	6157.871	6170.505	57786	184662	1
2022.11.22	18:00:00	6170.505	6173.376	6161.891	6161.891	7589	25177	1
2022.11.23	09:00:00	6147.534	6200.941	6146.960	6191.178	201412	511956	1
2022.11.23	10:00:00	6191.753	6225.060	6182.564	6208.981	204776	598407	1
2022.11.23	11:00:00	6209.555	6218.169	6188.307	6192.901	151227	450398	1
2022.11.23	12:00:00	6192.901	6204.961	6169.930	6194.050	128237	380652	1
2022.11.23	13:00:00	6194.624	6216.446	6187.733	6201.515	103174	322135	1
2022.11.23	14:00:00	6202.089	6211.278	6182.564	6191.753	88017	267240	1
2022.11.23	15:00:00	6192.327	6210.703	6190.604	6206.109	62080	194964	1
2022.11.23	16:00:00	6206.683	6214.149	6156.148	6176.822	135825	412423	1
2022.11.23	17:00:00	6176.247	6188.307	6152.128	6152.702	51776	173657	1
2022.11.23	18:00:00	6152.128	6181.990	6152.128	6173.376	12915	46026	1
2022.11.24	09:00:00	6114.801	6134.326	6096.998	6120.543	219494	571353	1
2022.11.24	10:00:00	6121.118	6137.197	6111.355	6114.226	128907	345488	1
2022.11.24	11:00:00	6113.652	6119.969	6095.276	6106.761	138433	413441	1
2022.11.24	12:00:00	6106.761	6118.246	6095.276	6108.484	85985	280925	1
2022.11.24	13:00:00	6109.058	6129.732	6100.444	6124.563	54933	172928	1
2022.11.24	14:00:00	6124.563	6142.366	6115.949	6121.118	62139	191730	1
2022.11.24	15:00:00	6120.543	6122.840	6099.295	6104.464	48111	136912	1
2022.11.24	16:00:00	6103.890	6112.504	6102.167	6106.187	14906	45530	1
2022.11.24	17:00:00	6106.187	6110.781	6102.167	6109.632	10553	31451	1
2022.11.24	18:00:00	6109.632	6121.692	6102.167	6113.078	7323	30361	1
2022.11.25	09:00:00	6114.226	6137.771	6098.721	6118.246	189243	503752	1
2022.11.25	10:00:00	6117.672	6167.633	6114.801	6163.613	190401	556586	1
2022.11.25	11:00:00	6163.039	6163.039	6144.088	6159.019	115101	366613	1
2022.11.25	12:00:00	6158.445	6176.247	6156.722	6161.316	80560	253984	1
2022.11.25	13:00:00	6160.742	6198.644	6146.385	6191.178	111612	384899	1
2022.11.25	14:00:00	6191.178	6225.634	6181.990	6192.327	147749	539745	1
2022.11.25	15:00:00	6192.901	6236.545	6187.158	6223.337	88139	296505	1
2022.11.25	16:00:00	6222.763	6227.357	6210.703	6216.446	35678	112481	1
2022.11.25	17:00:00	6216.446	6221.040	6195.772	6206.109	31999	103028	1
2022.11.25	18:00:00	6206.109	6236.545	6205.535	6218.169	9999	32327	1
2022.11.28	09:00:00	6233.100	6242.862	6177.396	6179.119	219187	620206	1
2022.11.28	10:00:00	6179.693	6197.495	6165.910	6177.396	175431	506972	1
2022.11.28	11:00:00	6177.970	6204.961	6167.059	6194.624	152758	468101	1
2022.11.28	12:00:00	6194.624	6198.644	6172.227	6174.524	81943	256605	1
2022.11.28	13:00:00	6173.950	6180.267	6165.910	6170.505	47633	143617	1
2022.11.28	14:00:00	6170.505	6184.287	6146.385	6156.148	84004	248984	1
2022.11.28	15:00:00	6156.722	6171.079	6147.534	6166.485	64085	200052	1
2022.11.28	16:00:00	6166.485	6167.633	6160.168	6164.188	28265	93444	1
2022.11.28	17:00:00	6164.188	6179.119	6160.742	6165.336	39080	142972	1
2022.11.28	18:00:00	6165.336	6175.673	6164.762	6164.762	10688	39714	1
2022.11.29	09:00:00	6121.692	6129.157	6080.919	6103.315	225212	632802	1
2022.11.29	10:00:00	6103.890	6115.375	6090.681	6107.335	145067	433450	1
2022.11.29	11:00:00	6107.335	6118.821	6080.919	6084.364	140926	450643	1
2022.11.29	12:00:00	6083.216	6095.276	6080.345	6088.384	88613	299157	1
2022.11.29	13:00:00	6088.384	6099.870	6064.265	6082.067	118287	409816	1
2022.11.29	14:00:00	6082.067	6094.701	6072.305	6080.345	77998	256256	1
2022.11.29	15:00:00	6080.345	6082.067	6064.839	6068.285	67516	216707	1
2022.11.29	16:00:00	6067.711	6082.067	6065.988	6074.028	42027	131314	1
2022.11.29	17:00:00	6074.028	6081.493	6065.414	6070.582	43541	144117	1
2022.11.29	18:00:00	6070.582	6070.582	6053.354	6053.354	12768	41951	1
2022.11.30	09:00:00	6040.235	6088.717	6018.561	6081.873	208234	582912	1
2022.11.30	10:00:00	6082.443	6101.265	6075.028	6094.991	157363	491295	1
2022.11.30	11:00:00	6094.991	6096.132	6054.495	6057.917	145793	466853	1
2022.11.30	12:00:00	6057.917	6066.473	6027.117	6037.384	140792	542010	1
2022.11.30	13:00:00	6036.813	6042.517	6023.124	6029.969	74700	290184	1
2022.11.30	14:00:00	6030.539	6042.517	6024.835	6024.835	76952	268284	1
2022.11.30	15:00:00	6024.835	6028.828	5966.087	5982.628	177636	605162	1
2022.11.30	16:00:00	5983.198	5984.339	5960.954	5966.658	81486	268059	1
2022.11.30	17:00:00	5967.228	5969.509	5945.554	5955.820	63640	228549	1
2022.11.30	18:00:00	5955.820	5958.102	5937.569	5948.976	16338	69471	1
2022.12.01	09:00:00	5956.961	5986.050	5943.272	5979.776	179689	469989	1
2022.12.01	10:00:00	5979.776	5984.909	5955.820	5974.072	204190	553778	1
2022.12.01	11:00:00	5974.072	5978.065	5925.020	5935.857	183155	552880	1
2022.12.01	12:00:00	5935.857	5979.776	5930.154	5951.828	154137	487092	1
2022.12.01	13:00:00	5951.828	5956.961	5940.420	5952.398	90177	277495	1
2022.12.01	14:00:00	5952.969	5970.650	5936.998	5962.095	99774	326421	1
2022.12.01	15:00:00	5962.665	5966.658	5945.554	5957.532	85256	276172	1
2022.12.01	16:00:00	5957.532	5977.495	5955.820	5964.946	60711	193616	1
2022.12.01	17:00:00	5965.517	5968.369	5955.820	5958.672	27712	94098	1
2022.12.01	18:00:00	5959.243	5959.243	5948.976	5952.969	8612	36601	1
2022.12.02	09:00:00	5947.835	5958.102	5923.880	5943.843	163534	443107	1
2022.12.02	10:00:00	5943.272	6008.295	5940.420	5959.243	262286	738832	1
2022.12.02	11:00:00	5959.243	5964.376	5934.717	5955.250	187081	555800	1
2022.12.02	12:00:00	5955.820	6012.858	5946.124	6003.161	153421	507230	1
2022.12.02	13:00:00	6003.732	6008.295	5972.361	5979.776	82695	260232	1
2022.12.02	14:00:00	5979.776	5983.769	5968.369	5981.487	49106	151602	1
2022.12.02	15:00:00	5981.487	5993.465	5972.361	5991.754	41129	125083	1
2022.12.02	16:00:00	5991.754	5994.606	5979.206	5980.346	29792	84692	1
2022.12.02	17:00:00	5980.917	5989.472	5980.346	5988.332	20108	55180	1
2022.12.02	18:00:00	5988.332	5991.754	5984.339	5985.480	6750	27002	1
2022.12.05	09:00:00	5971.221	6019.132	5965.517	6015.139	200979	524712	1
2022.12.05	10:00:00	6015.710	6023.695	5992.324	6006.584	169942	479810	1
2022.12.05	11:00:00	6006.013	6017.991	5990.043	6015.710	146681	436183	1
2022.12.05	12:00:00	6016.280	6036.813	6012.858	6025.976	137166	409463	1
2022.12.05	13:00:00	6026.547	6039.665	6023.695	6034.532	67571	209498	1
2022.12.05	14:00:00	6035.102	6040.235	6020.843	6035.673	63301	192538	1
2022.12.05	15:00:00	6035.673	6053.354	6033.391	6053.354	46152	139536	1
2022.12.05	16:00:00	6053.354	6066.473	6050.502	6059.058	43803	138982	1
2022.12.05	17:00:00	6059.628	6063.050	6051.643	6058.487	34654	102986	1
2022.12.05	18:00:00	6058.487	6068.754	6055.636	6059.628	9777	39433	1
2022.12.06	09:00:00	6047.080	6047.650	5994.606	5996.317	190752	567237	1
2022.12.06	10:00:00	5996.887	6036.813	5984.339	6022.554	218062	726657	1
2022.12.06	11:00:00	6021.984	6028.828	5994.035	6003.161	155674	490266	1
2022.12.06	12:00:00	6003.161	6011.717	5994.606	5999.739	89812	304869	1
2022.12.06	13:00:00	5999.739	6010.006	5990.613	6008.865	64305	229377	1
2022.12.06	14:00:00	6008.865	6028.258	6001.450	6024.835	72125	240962	1
2022.12.06	15:00:00	6025.406	6043.087	6022.554	6027.117	90254	287946	1
2022.12.06	16:00:00	6027.687	6045.939	6021.413	6042.517	60446	205242	1
2022.12.06	17:00:00	6043.087	6043.087	5998.028	6004.872	50123	182113	1
2022.12.06	18:00:00	6004.302	6016.280	5996.887	6016.280	11249	43648	1
2022.12.07	09:00:00	6035.673	6049.361	5986.050	5988.332	234654	653861	1
2022.12.07	10:00:00	5988.332	6000.309	5979.776	5990.613	173663	523517	1
2022.12.07	11:00:00	5990.613	5992.324	5971.791	5974.072	142197	447563	1
2022.12.07	12:00:00	5973.502	6002.021	5973.502	5976.354	120750	387589	1
2022.12.07	13:00:00	5976.354	5994.606	5974.643	5982.628	73900	250383	1
2022.12.07	14:00:00	5983.198	5983.198	5956.961	5967.228	88230	295573	1
2022.12.07	15:00:00	5966.658	5967.798	5940.991	5963.806	96295	366140	1
2022.12.07	16:00:00	5963.806	5978.635	5960.383	5966.658	56162	187331	1
2022.12.07	17:00:00	5966.658	5980.917	5963.235	5978.065	36970	128197	1
2022.12.07	18:00:00	5977.495	5978.635	5963.235	5966.087	11786	41562	1
2022.12.08	09:00:00	5994.035	6019.702	5978.635	5994.606	197459	501873	1
2022.12.08	10:00:00	5994.606	5995.747	5962.095	5971.791	168518	481558	1
2022.12.08	11:00:00	5971.791	5980.346	5955.820	5957.532	116976	337679	1
2022.12.08	12:00:00	5957.532	5982.058	5953.539	5971.791	94409	302263	1
2022.12.08	13:00:00	5971.791	5986.621	5956.391	5960.383	80479	258043	1
2022.12.08	14:00:00	5960.383	5980.346	5950.117	5973.502	93484	324214	1
2022.12.08	15:00:00	5973.502	5983.769	5964.946	5973.502	59948	186760	1
2022.12.08	16:00:00	5973.502	5984.339	5962.665	5978.065	54322	173950	1
2022.12.08	17:00:00	5978.065	5987.191	5973.502	5979.776	36532	120333	1
2022.12.08	18:00:00	5979.776	6013.428	5973.502	5996.887	14845	70420	1
2022.12.09	09:00:00	5993.465	6017.421	5979.206	6000.880	180745	484551	1
2022.12.09	10:00:00	6000.880	6053.924	5995.747	6048.221	216884	641081	1
2022.12.09	11:00:00	6048.791	6049.932	5990.613	5993.465	137608	437379	1
2022.12.09	12:00:00	5993.465	5995.747	5977.495	5988.902	71657	234455	1
2022.12.09	13:00:00	5988.902	6001.450	5983.769	6000.880	43871	142348	1
2022.12.09	14:00:00	6000.309	6025.406	5999.169	6018.561	49448	170258	1
2022.12.09	15:00:00	6018.561	6023.124	6004.872	6014.569	49402	149671	1
2022.12.09	16:00:00	6014.569	6016.280	6000.309	6010.576	37527	129118	1
2022.12.09	17:00:00	6010.006	6015.139	6003.732	6012.287	25785	98094	1
2022.12.09	18:00:00	6012.287	6014.569	5999.169	6000.309	7948	30923	1
2022.12.12	09:00:00	6003.161	6032.821	5993.465	6023.124	180766	472411	1
2022.12.12	10:00:00	6022.554	6077.880	6017.991	6077.310	171595	548003	1
2022.12.12	11:00:00	6077.310	6118.376	6067.043	6100.125	162928	589910	1
2022.12.12	12:00:00	6099.554	6128.643	6092.710	6124.650	109175	394898	1
2022.12.12	13:00:00	6124.650	6128.073	6099.554	6109.250	78268	280228	1
2022.12.12	14:00:00	6109.250	6110.391	6093.280	6099.554	72918	260226	1
2022.12.12	15:00:00	6099.554	6105.828	6089.858	6093.280	67008	221784	1
2022.12.12	16:00:00	6092.710	6099.554	6083.013	6084.154	48033	160905	1
2022.12.12	17:00:00	6084.154	6087.006	6057.917	6061.910	58650	198010	1
2022.12.12	18:00:00	6061.910	6102.406	6061.339	6101.836	21838	81605	1
2022.12.13	09:00:00	6093.280	6102.976	6050.502	6056.206	221431	570014	1
2022.12.13	10:00:00	6056.206	6068.754	6002.591	6039.095	243785	659385	1
2022.12.13	11:00:00	6039.095	6063.621	6020.272	6042.517	185084	564418	1
2022.12.13	12:00:00	6042.517	6043.087	6006.013	6035.673	141573	439610	1
2022.12.13	13:00:00	6036.243	6051.643	6023.695	6033.961	97344	317430	1
2022.12.13	14:00:00	6033.961	6061.910	6024.835	6041.376	101902	303578	1
2022.12.13	15:00:00	6041.376	6071.606	6035.102	6067.613	78339	233929	1
2022.12.13	16:00:00	6068.184	6109.821	6048.791	6080.162	143068	474458	1
2022.12.13	17:00:00	6080.162	6088.147	6070.465	6074.458	44244	131410	1
2022.12.13	18:00:00	6074.458	6077.880	6063.050	6068.754	11201	36114	1
2022.12.14	09:00:00	6085.295	6149.176	6085.295	6109.250	228446	619522	1
2022.12.14	10:00:00	6109.250	6126.362	6093.280	6111.532	177391	501452	1
2022.12.14	11:00:00	6111.532	6128.643	6098.413	6115.525	149955	469263	1
2022.12.14	12:00:00	6114.954	6125.791	6080.732	6092.139	121441	385885	1
2022.12.14	13:00:00	6092.139	6104.687	6057.917	6068.184	110405	352754	1
2022.12.14	14:00:00	6068.184	6101.836	6059.058	6097.843	106148	341852	1
2022.12.14	15:00:00	6097.843	6098.413	6061.339	6071.606	106367	328033	1
2022.12.14	16:00:00	6072.176	6110.962	6063.050	6076.739	171567	429010	1
2022.12.14	17:00:00	6076.169	6078.450	6036.243	6055.065	97112	292517	1
2022.12.14	18:00:00	6055.636	6058.487	6041.376	6053.924	12469	34616	1
2022.12.15	09:00:00	6100.125	6100.695	6048.221	6051.643	210964	517680	1
2022.12.15	10:00:00	6051.643	6092.139	6049.361	6085.295	207215	573629	1
2022.12.15	11:00:00	6085.295	6109.821	6075.599	6081.302	176953	503673	1
2022.12.15	12:00:00	6081.873	6120.658	6081.302	6100.695	119458	365420	1
2022.12.15	13:00:00	6101.265	6114.954	6093.280	6097.843	79957	265200	1
2022.12.15	14:00:00	6098.413	6105.258	6044.228	6077.310	151795	505376	1
2022.12.15	15:00:00	6077.310	6086.436	6069.895	6080.732	66536	199882	1
2022.12.15	16:00:00	6080.162	6094.421	6077.880	6083.584	56192	164204	1
2022.12.15	17:00:00	6083.013	6088.147	6072.747	6082.443	44646	144971	1
2022.12.15	18:00:00	6082.443	6085.865	6068.754	6080.732	10552	39381	1
2022.12.16	09:00:00	6082.443	6100.125	6057.347	6059.058	182223	491522	1
2022.12.16	10:00:00	6059.058	6065.332	6044.798	6046.510	131157	396414	1
2022.12.16	11:00:00	6046.510	6052.213	6031.110	6039.665	170010	538820	1
2022.12.16	12:00:00	6039.095	6052.213	6033.391	6041.947	82503	264957	1
2022.12.16	13:00:00	6041.947	6041.947	6020.843	6032.250	83057	287736	1
2022.12.16	14:00:00	6032.250	6049.932	6028.828	6043.658	62861	208065	1
2022.12.16	15:00:00	6044.228	6064.191	6043.087	6062.480	62834	213807	1
2022.12.16	16:00:00	6061.910	6069.324	6052.784	6055.065	46729	156975	1
2022.12.16	17:00:00	6054.495	6072.176	6051.073	6071.036	38878	127755	1
2022.12.16	18:00:00	6071.606	6089.858	6066.473	6083.013	14971	53879	1
2022.12.19	09:00:00	6102.976	6106.399	6068.754	6075.028	168040	450898	1
2022.12.19	10:00:00	6075.028	6092.710	6068.754	6088.717	134821	404483	1
2022.12.19	11:00:00	6088.717	6097.843	6077.310	6079.591	118643	348196	1
2022.12.19	12:00:00	6079.591	6090.428	6057.347	6063.621	118630	379572	1
2022.12.19	13:00:00	6063.621	6075.599	6060.769	6073.887	63521	208493	1
2022.12.19	14:00:00	6073.887	6088.147	6069.324	6083.584	62423	222055	1
2022.12.19	15:00:00	6083.584	6085.865	6048.221	6065.902	95632	321274	1
2022.12.19	16:00:00	6065.902	6079.021	6057.347	6070.465	50609	155152	1
2022.12.19	17:00:00	6070.465	6073.317	6048.221	6058.487	48572	177245	1
2022.12.19	18:00:00	6058.487	6059.628	6050.502	6059.058	8587	30161	1
2022.12.20	09:00:00	6055.065	6085.295	6047.650	6082.443	147302	401896	1
2022.12.20	10:00:00	6081.873	6086.436	6014.569	6016.280	212342	694978	1
2022.12.20	11:00:00	6016.280	6020.843	5942.702	5958.672	224389	839341	1
2022.12.20	12:00:00	5958.672	5965.517	5919.317	5930.724	122860	438207	1
2022.12.20	13:00:00	5930.724	5945.554	5914.754	5943.843	100966	376487	1
2022.12.20	14:00:00	5944.413	5978.065	5938.709	5964.376	97792	344777	1
2022.12.20	15:00:00	5964.946	5966.087	5939.850	5953.539	79883	256646	1
2022.12.20	16:00:00	5953.539	5956.961	5941.561	5947.835	48370	173693	1
2022.12.20	17:00:00	5947.835	5958.672	5945.554	5947.265	36380	119079	1
2022.12.20	18:00:00	5947.265	5952.398	5940.420	5942.702	11293	41384	1
2022.12.21	09:00:00	5942.132	5958.672	5926.161	5939.280	189093	531519	1
2022.12.21	10:00:00	5939.280	5940.991	5893.650	5939.850	214951	712166	1
2022.12.21	11:00:00	5939.850	5963.806	5938.139	5945.554	163969	541771	1
2022.12.21	12:00:00	5945.554	5956.391	5930.724	5940.991	96668	306147	1
2022.12.21	13:00:00	5940.991	5951.828	5927.872	5936.428	72517	235885	1
2022.12.21	14:00:00	5936.428	5936.428	5911.332	5918.746	89545	323030	1
2022.12.21	15:00:00	5918.746	5946.124	5915.324	5939.850	77942	275227	1
2022.12.21	16:00:00	5939.850	5945.554	5935.287	5943.843	35220	116217	1
2022.12.21	17:00:00	5943.272	5952.398	5935.857	5942.132	35691	113615	1
2022.12.21	18:00:00	5942.702	5944.983	5935.857	5937.569	8525	28039	1
2022.12.22	09:00:00	5948.976	5959.813	5927.872	5935.857	146703	389767	1
2022.12.22	10:00:00	5935.857	5967.798	5926.161	5948.406	174663	506385	1
2022.12.22	11:00:00	5947.835	5953.539	5892.509	5914.183	182862	570770	1
2022.12.22	12:00:00	5914.183	5919.317	5899.354	5913.613	82537	266493	1
2022.12.22	13:00:00	5914.183	5915.894	5893.080	5901.065	69932	227953	1
2022.12.22	14:00:00	5901.065	5919.887	5899.924	5914.754	58056	201605	1
2022.12.22	15:00:00	5914.754	5929.583	5911.902	5928.443	66131	230645	1
2022.12.22	16:00:00	5927.872	5927.872	5911.332	5921.598	69321	260640	1
2022.12.22	17:00:00	5922.169	5923.309	5906.769	5907.909	33313	110554	1
2022.12.22	18:00:00	5907.909	5913.613	5897.072	5899.924	11182	37658	1
2022.12.23	09:00:00	5906.769	5912.472	5864.561	5882.813	174742	475361	1
2022.12.23	10:00:00	5882.813	5911.332	5877.109	5894.791	159519	423563	1
2022.12.23	11:00:00	5894.220	5894.791	5873.687	5877.680	104645	298251	1
2022.12.23	12:00:00	5877.109	5878.250	5841.746	5854.294	110166	373981	1
2022.12.23	13:00:00	5854.294	5865.702	5846.880	5865.131	49730	160565	1
2022.12.23	14:00:00	5865.131	5884.524	5863.991	5881.102	53829	176623	1
2022.12.23	15:00:00	5881.672	5902.776	5881.102	5894.791	64900	216788	1
2022.12.23	16:00:00	5894.220	5903.346	5882.813	5895.361	39926	130640	1
2022.12.23	17:00:00	5895.361	5895.931	5887.946	5891.939	20800	63598	1
2022.12.23	18:00:00	5891.939	5903.346	5874.828	5887.946	9864	34115	1
2022.12.26	09:00:00	5887.946	5926.161	5881.102	5911.902	97272	230430	1
2022.12.26	10:00:00	5911.332	5927.302	5905.628	5915.894	76635	177725	1
2022.12.26	11:00:00	5915.894	5929.583	5913.613	5921.598	55679	147071	1
2022.12.26	12:00:00	5921.598	5933.006	5917.606	5926.161	33166	81723	1
2022.12.26	13:00:00	5926.732	5938.139	5925.020	5937.569	27694	71180	1
2022.12.26	14:00:00	5937.569	5950.687	5936.428	5942.132	42833	104175	1
2022.12.26	15:00:00	5942.132	5945.554	5934.717	5936.998	34216	80346	1
2022.12.26	16:00:00	5936.998	5947.835	5933.006	5942.702	27290	69072	1
2022.12.26	17:00:00	5942.132	5955.820	5940.420	5955.250	21130	59118	1
2022.12.26	18:00:00	5955.250	5962.095	5951.258	5955.820	7673	30067	1
2022.12.27	09:00:00	5927.872	6019.702	5926.161	6016.280	197049	581943	1
2022.12.27	10:00:00	6016.850	6041.376	6004.872	6028.258	159975	528781	1
2022.12.27	11:00:00	6028.258	6034.532	6011.717	6027.117	106052	410713	1
2022.12.27	12:00:00	6027.117	6037.954	6014.569	6036.243	79713	288844	1
2022.12.27	13:00:00	6036.243	6040.235	6018.561	6023.124	63841	240942	1
2022.12.27	14:00:00	6023.695	6049.932	6022.554	6038.524	57915	212374	1
2022.12.27	15:00:00	6038.524	6039.095	6016.280	6019.702	59248	201823	1
2022.12.27	16:00:00	6019.132	6039.095	6016.850	6032.250	41360	142837	1
2022.12.27	17:00:00	6031.680	6041.947	6028.258	6039.665	27473	89456	1
2022.12.27	18:00:00	6039.095	6044.798	6030.539	6041.947	12819	49206	1
2022.12.28	09:00:00	6007.724	6019.702	5994.606	6012.858	139223	369815	1
2022.12.28	10:00:00	6012.858	6033.961	6003.161	6015.139	136037	404683	1
2022.12.28	11:00:00	6015.139	6022.554	5989.472	6008.865	114943	364232	1
2022.12.28	12:00:00	6008.865	6029.398	6004.302	6014.569	75787	259262	1
2022.12.28	13:00:00	6013.998	6021.413	6007.724	6009.435	43865	152198	1
2022.12.28	14:00:00	6009.435	6010.576	5971.221	5974.072	70296	255692	1
2022.12.28	15:00:00	5974.072	5993.465	5964.376	5990.613	66872	230236	1
2022.12.28	16:00:00	5991.184	6002.591	5984.339	5995.747	44923	147967	1
2022.12.28	17:00:00	5995.747	6008.295	5995.176	6006.584	19188	61739	1
2022.12.28	18:00:00	6006.013	6018.561	6000.880	6012.287	9261	26193	1
2022.12.29	09:00:00	5991.861	6012.855	5945.333	5948.737	161358	447009	1
2022.12.29	10:00:00	5948.170	5953.844	5929.445	5935.687	110241	345980	1
2022.12.29	11:00:00	5935.687	5965.192	5933.985	5959.518	98685	307911	1
2022.12.29	12:00:00	5960.085	6003.209	5954.979	5997.535	88715	285112	1
2022.12.29	13:00:00	5997.535	6002.641	5979.945	6001.506	76190	220223	1
2022.12.29	14:00:00	6000.939	6057.680	5996.967	6036.686	99515	334788	1
2022.12.29	15:00:00	6036.119	6048.602	6016.827	6034.984	81181	286910	1
2022.12.29	16:00:00	6034.984	6038.956	6023.636	6025.905	40236	127852	1
2022.12.29	17:00:00	6026.473	6034.416	6023.068	6028.742	25866	89352	1
2022.12.29	18:00:00	6029.310	6042.360	6026.473	6038.956	10204	37811	1
2023.01.02	09:00:00	6045.197	6120.663	6037.821	6108.747	160673	416392	1
2023.01.02	10:00:00	6109.315	6122.932	6088.888	6120.095	116836	321148	1
2023.01.02	11:00:00	6119.528	6124.635	6098.534	6104.208	92524	262468	1
2023.01.02	12:00:00	6104.208	6110.449	6092.292	6096.264	46956	140954	1
2023.01.02	13:00:00	6096.264	6097.966	6082.646	6097.399	53076	154766	1
2023.01.02	14:00:00	6097.966	6121.798	6092.860	6120.663	47497	139446	1
2023.01.02	15:00:00	6120.095	6124.635	6108.180	6117.258	47646	125216	1
2023.01.02	16:00:00	6117.258	6126.904	6114.421	6117.258	42564	122637	1
2023.01.02	17:00:00	6116.691	6127.472	6116.691	6120.663	23915	81776	1
2023.01.02	18:00:00	6120.095	6128.039	6119.528	6128.039	7492	29713	1
2023.01.03	09:00:00	6154.140	6171.730	6094.562	6108.747	257137	688505	1
2023.01.03	10:00:00	6108.180	6142.792	6106.478	6130.876	174531	493894	1
2023.01.03	11:00:00	6130.876	6144.494	6116.691	6133.713	136801	392577	1
2023.01.03	12:00:00	6133.146	6179.674	6131.444	6159.814	154733	521499	1
2023.01.03	13:00:00	6159.814	6193.291	6156.410	6192.157	104595	331101	1
2023.01.03	14:00:00	6192.724	6209.746	6179.674	6206.342	94156	309084	1
2023.01.03	15:00:00	6206.909	6227.903	6197.831	6221.662	88329	275716	1
2023.01.03	16:00:00	6221.662	6235.847	6213.718	6225.066	65176	206831	1
2023.01.03	17:00:00	6224.499	6239.819	6219.392	6235.280	46216	147338	1
2023.01.03	18:00:00	6235.280	6252.302	6230.173	6246.628	13483	49696	1
2023.01.04	09:00:00	6213.151	6241.521	6202.370	6217.123	216692	572194	1
2023.01.04	10:00:00	6217.123	6225.066	6192.724	6205.774	160589	480825	1
2023.01.04	11:00:00	6205.774	6236.415	6201.803	6231.308	141741	423441	1
2023.01.04	12:00:00	6231.875	6251.735	6224.499	6226.201	144637	442370	1
2023.01.04	13:00:00	6226.201	6228.471	6191.022	6213.151	124674	400208	1
2023.01.04	14:00:00	6212.583	6233.578	6204.072	6219.960	83506	277054	1
2023.01.04	15:00:00	6219.960	6225.634	6208.044	6218.825	57286	188922	1
2023.01.04	16:00:00	6219.392	6228.471	6213.151	6221.095	63377	203795	1
2023.01.04	17:00:00	6220.527	6226.769	6193.859	6198.398	49058	150621	1
2023.01.04	18:00:00	6198.398	6205.207	6196.696	6198.398	8058	26930	1
2023.01.05	09:00:00	6189.320	6195.561	6126.337	6143.359	205768	579286	1
2023.01.05	10:00:00	6143.359	6178.539	6135.983	6176.269	177407	512489	1
2023.01.05	11:00:00	6176.269	6180.808	6148.466	6162.651	137063	417368	1
2023.01.05	12:00:00	6162.084	6173.432	6143.359	6163.219	114770	367763	1
2023.01.05	13:00:00	6163.219	6163.786	6132.578	6144.494	93368	306295	1
2023.01.05	14:00:00	6145.061	6148.466	6126.337	6127.472	67920	216597	1
2023.01.05	15:00:00	6127.472	6134.848	6106.478	6123.500	94027	301888	1
2023.01.05	16:00:00	6122.932	6123.500	6105.343	6108.180	45149	147252	1
2023.01.05	17:00:00	6108.180	6114.989	6103.073	6108.747	35547	124567	1
2023.01.05	18:00:00	6108.180	6110.449	6103.073	6106.478	9923	44372	1
2023.01.06	09:00:00	6116.691	6125.202	6084.916	6093.427	182449	513978	1
2023.01.06	10:00:00	6092.860	6099.101	6011.720	6024.770	256598	857264	1
2023.01.06	11:00:00	6024.770	6048.602	6016.827	6036.119	133243	429076	1
2023.01.06	12:00:00	6036.119	6036.119	5984.484	5990.158	150992	527470	1
2023.01.06	13:00:00	5990.158	5998.669	5986.186	5994.130	57536	197821	1
2023.01.06	14:00:00	5994.130	5995.265	5983.349	5990.158	56375	200318	1
2023.01.06	15:00:00	5990.158	5992.428	5969.731	5983.349	71608	275986	1
2023.01.06	16:00:00	5983.349	5983.349	5969.164	5972.569	44033	146676	1
2023.01.06	17:00:00	5973.136	5975.406	5959.518	5961.220	34421	129331	1
2023.01.06	18:00:00	5961.220	5968.597	5952.142	5968.597	13745	62070	1
2023.01.09	09:00:00	6020.231	6038.388	5983.917	6016.259	211181	571319	1
2023.01.09	10:00:00	6015.692	6038.388	5998.669	6036.686	188191	529253	1
2023.01.09	11:00:00	6036.686	6053.141	6026.473	6053.141	144402	448065	1
2023.01.09	12:00:00	6053.141	6053.141	6023.636	6031.579	100931	342250	1
2023.01.09	13:00:00	6031.579	6034.416	5995.265	6003.776	111760	366392	1
2023.01.09	14:00:00	6003.209	6010.018	5987.889	5989.023	86972	260282	1
2023.01.09	15:00:00	5989.023	6002.641	5982.215	5997.535	84053	256072	1
2023.01.09	16:00:00	5997.535	5997.535	5985.619	5996.400	48269	152989	1
2023.01.09	17:00:00	5995.832	6002.074	5992.428	5995.832	31953	95291	1
2023.01.09	18:00:00	5996.400	5996.967	5987.889	5992.995	8960	27495	1
2023.01.10	09:00:00	5992.995	6014.557	5972.001	5998.102	208001	513571	1
2023.01.10	10:00:00	5998.669	6011.720	5982.215	5990.726	134402	361076	1
2023.01.10	11:00:00	5990.726	5991.293	5948.737	5958.951	190089	579131	1
2023.01.10	12:00:00	5958.951	5979.945	5954.411	5958.951	101940	324016	1
2023.01.10	13:00:00	5958.951	5960.653	5940.794	5946.468	82004	267030	1
2023.01.10	14:00:00	5946.468	5953.277	5940.794	5951.574	50645	160203	1
2023.01.10	15:00:00	5951.574	5954.979	5932.850	5933.985	71194	238747	1
2023.01.10	16:00:00	5933.417	5937.956	5925.473	5929.445	55575	186722	1
2023.01.10	17:00:00	5930.013	5936.822	5925.473	5932.850	29462	95211	1
2023.01.10	18:00:00	5932.282	5932.850	5924.906	5929.445	9472	36364	1
2023.01.11	09:00:00	5928.878	5964.625	5915.260	5949.305	192456	523894	1
2023.01.11	10:00:00	5948.737	5949.305	5910.721	5924.906	224111	703311	1
2023.01.11	11:00:00	5925.473	5936.822	5913.558	5913.558	124442	375622	1
2023.01.11	12:00:00	5914.125	5938.524	5913.558	5928.310	88326	304795	1
2023.01.11	13:00:00	5928.310	5935.119	5918.664	5920.367	56405	191943	1
2023.01.11	14:00:00	5920.367	5928.310	5882.350	5888.592	106861	388308	1
2023.01.11	15:00:00	5888.024	5904.479	5883.485	5901.642	92748	349671	1
2023.01.11	16:00:00	5901.075	5912.990	5897.670	5902.777	49488	167715	1
2023.01.11	17:00:00	5902.777	5905.047	5882.918	5885.187	38701	131640	1
2023.01.11	18:00:00	5884.620	5889.727	5879.513	5881.215	12695	56063	1
2023.01.12	09:00:00	5887.457	5898.805	5861.923	5872.137	187891	502103	1
2023.01.12	10:00:00	5871.569	5908.451	5822.205	5834.120	308588	874609	1
2023.01.12	11:00:00	5834.120	5880.648	5830.148	5864.760	167784	550054	1
2023.01.12	12:00:00	5864.760	5892.564	5844.334	5849.440	150028	522617	1
2023.01.12	13:00:00	5849.440	5850.008	5819.935	5823.339	105374	344772	1
2023.01.12	14:00:00	5822.772	5825.609	5790.430	5799.508	104331	360420	1
2023.01.12	15:00:00	5799.508	5802.345	5773.975	5787.593	92227	331908	1
2023.01.12	16:00:00	5787.593	5810.856	5780.784	5808.587	73560	270650	1
2023.01.12	17:00:00	5809.154	5825.042	5804.047	5809.722	59419	215373	1
2023.01.12	18:00:00	5810.289	5821.637	5793.834	5818.233	15254	49999	1
2023.01.13	09:00:00	5821.070	5869.867	5818.800	5857.951	195941	523965	1
2023.01.13	10:00:00	5857.384	5864.760	5806.317	5827.879	190407	579328	1
2023.01.13	11:00:00	5827.311	5832.418	5795.536	5805.750	129932	383639	1
2023.01.13	12:00:00	5806.317	5817.665	5796.104	5799.508	95573	306235	1
2023.01.13	13:00:00	5799.508	5816.530	5789.862	5803.480	86340	283436	1
2023.01.13	14:00:00	5802.913	5804.047	5783.053	5797.239	83281	284291	1
2023.01.13	15:00:00	5797.239	5806.885	5792.699	5802.345	65708	216554	1
2023.01.13	16:00:00	5802.345	5817.665	5797.239	5814.828	45829	153372	1
2023.01.13	17:00:00	5815.396	5815.396	5806.885	5810.289	30937	98740	1
2023.01.13	18:00:00	5810.289	5813.126	5798.941	5800.643	10355	39270	1
2023.01.16	09:00:00	5831.851	5842.064	5798.941	5814.828	174517	432421	1
2023.01.16	10:00:00	5815.396	5825.042	5806.317	5822.772	117479	308728	1
2023.01.16	11:00:00	5822.772	5840.929	5815.963	5829.581	111882	309044	1
2023.01.16	12:00:00	5829.581	5842.064	5814.828	5815.963	76708	236331	1
2023.01.16	13:00:00	5815.963	5831.851	5814.828	5828.446	50797	159775	1
2023.01.16	14:00:00	5828.446	5839.794	5825.609	5834.120	40974	123740	1
2023.01.16	15:00:00	5834.120	5867.597	5834.120	5861.356	89147	278327	1
2023.01.16	16:00:00	5861.923	5877.243	5855.682	5860.221	51253	160571	1
2023.01.16	17:00:00	5860.789	5869.300	5859.086	5866.463	22145	69485	1
2023.01.16	18:00:00	5866.463	5866.463	5855.682	5862.491	9581	36099	1
2023.01.17	09:00:00	5866.463	5871.002	5831.851	5838.092	229377	597893	1
2023.01.17	10:00:00	5838.092	5844.334	5822.772	5827.311	157427	463700	1
2023.01.17	11:00:00	5827.311	5838.660	5817.098	5827.879	141934	446660	1
2023.01.17	12:00:00	5828.446	5834.120	5810.289	5817.098	109275	350690	1
2023.01.17	13:00:00	5817.098	5826.176	5799.508	5802.913	83098	267503	1
2023.01.17	14:00:00	5802.913	5815.963	5800.643	5806.885	61523	191275	1
2023.01.17	15:00:00	5806.885	5818.233	5804.047	5815.396	49533	151448	1
2023.01.17	16:00:00	5814.828	5817.665	5804.047	5809.154	45147	140479	1
2023.01.17	17:00:00	5809.154	5811.991	5804.615	5810.289	24150	79674	1
2023.01.17	18:00:00	5809.722	5813.693	5801.778	5804.047	10974	37409	1
2023.01.18	09:00:00	5794.401	5802.345	5768.868	5795.536	202252	552095	1
2023.01.18	10:00:00	5795.536	5804.615	5762.626	5772.272	207710	615837	1
2023.01.18	11:00:00	5772.272	5789.862	5766.031	5782.486	146581	460600	1
2023.01.18	12:00:00	5781.918	5804.615	5772.840	5799.508	119014	383383	1
2023.01.18	13:00:00	5799.508	5844.901	5795.536	5835.255	141511	461337	1
2023.01.18	14:00:00	5835.255	5885.755	5832.985	5870.435	145810	521352	1
2023.01.18	15:00:00	5870.435	5878.946	5861.923	5873.272	67703	215264	1
2023.01.18	16:00:00	5872.704	5882.350	5865.895	5869.867	47461	156176	1
2023.01.18	17:00:00	5870.435	5898.805	5869.867	5892.564	32651	113306	1
2023.01.18	18:00:00	5892.564	5903.912	5888.592	5901.075	15637	65019	1
2023.01.19	09:00:00	5969.164	5979.377	5923.771	5938.524	230008	665805	1
2023.01.19	10:00:00	5938.524	5940.226	5896.535	5910.153	191004	562695	1
2023.01.19	11:00:00	5910.153	5932.850	5895.401	5927.743	132433	408176	1
2023.01.19	12:00:00	5927.743	5946.468	5918.097	5936.254	132414	458021	1
2023.01.19	13:00:00	5936.254	5949.305	5930.580	5941.361	81419	289735	1
2023.01.19	14:00:00	5941.361	5941.928	5922.636	5927.176	79420	263615	1
2023.01.19	15:00:00	5927.176	5931.715	5885.187	5886.889	119030	394588	1
2023.01.19	16:00:00	5886.889	5896.535	5874.406	5883.485	58983	205307	1
2023.01.19	17:00:00	5883.485	5896.535	5878.378	5888.592	34437	117767	1
2023.01.19	18:00:00	5888.592	5890.861	5878.946	5880.648	9638	38189	1
2023.01.20	09:00:00	5884.620	5916.395	5873.839	5890.294	197805	539177	1
2023.01.20	10:00:00	5890.861	5958.383	5890.294	5950.439	193796	593713	1
2023.01.20	11:00:00	5950.439	5951.574	5919.232	5922.069	105479	327263	1
2023.01.20	12:00:00	5922.069	5932.282	5907.884	5914.693	108918	369964	1
2023.01.20	13:00:00	5914.693	5927.176	5902.210	5926.041	85127	313681	1
2023.01.20	14:00:00	5926.041	5936.254	5894.266	5901.075	85613	289002	1
2023.01.20	15:00:00	5901.075	5916.962	5891.996	5905.047	86634	280233	1
2023.01.20	16:00:00	5904.479	5924.906	5903.344	5922.636	60343	205450	1
2023.01.20	17:00:00	5922.636	5931.715	5915.827	5922.636	40035	131247	1
2023.01.20	18:00:00	5922.069	5926.041	5914.693	5924.339	9014	31033	1
2023.01.23	09:00:00	5924.339	5935.687	5901.075	5911.288	177383	503774	1
2023.01.23	10:00:00	5911.856	5923.204	5890.294	5916.962	165192	480943	1
2023.01.23	11:00:00	5917.530	5933.417	5898.238	5903.344	153365	453730	1
2023.01.23	12:00:00	5903.344	5911.288	5876.109	5880.648	131218	425420	1
2023.01.23	13:00:00	5880.648	5903.912	5871.002	5899.940	100121	350254	1
2023.01.23	14:00:00	5899.940	5904.479	5884.052	5898.238	89423	313325	1
2023.01.23	15:00:00	5897.670	5906.749	5894.266	5902.777	63346	205353	1
2023.01.23	16:00:00	5903.344	5914.693	5902.210	5911.288	56794	173059	1
2023.01.23	17:00:00	5910.721	5911.856	5899.373	5907.316	33737	100569	1
2023.01.23	18:00:00	5907.316	5922.636	5906.749	5922.636	10081	37977	1
2023.01.24	09:00:00	5924.906	5933.417	5886.322	5895.401	153249	452855	1
2023.01.24	10:00:00	5895.401	5897.103	5871.002	5885.755	139285	442576	1
2023.01.24	11:00:00	5885.755	5887.457	5859.654	5876.109	153649	462300	1
2023.01.24	12:00:00	5875.541	5878.378	5855.682	5863.626	93850	313963	1
2023.01.24	13:00:00	5863.626	5865.895	5842.064	5843.766	79887	306126	1
2023.01.24	14:00:00	5843.766	5857.951	5842.064	5851.710	50927	167284	1
2023.01.24	15:00:00	5851.710	5856.817	5847.171	5854.547	40052	132187	1
2023.01.24	16:00:00	5854.547	5857.951	5842.631	5843.766	36065	119874	1
2023.01.24	17:00:00	5844.334	5851.143	5835.822	5844.901	40398	150934	1
2023.01.24	18:00:00	5844.334	5845.468	5838.092	5840.929	9523	40067	1
2023.01.25	09:00:00	5852.845	5853.980	5804.615	5809.722	202706	601909	1
2023.01.25	10:00:00	5809.154	5835.255	5805.750	5818.800	154564	505624	1
2023.01.25	11:00:00	5818.800	5825.042	5798.941	5804.615	129632	455469	1
2023.01.25	12:00:00	5804.047	5806.317	5761.492	5763.761	158782	564839	1
2023.01.25	13:00:00	5763.194	5789.862	5760.357	5784.755	85235	342311	1
2023.01.25	14:00:00	5784.755	5785.323	5772.840	5777.947	45934	149266	1
2023.01.25	15:00:00	5777.947	5779.081	5760.924	5767.166	67931	227529	1
2023.01.25	16:00:00	5767.733	5774.542	5758.655	5771.138	45024	152642	1
2023.01.25	17:00:00	5771.138	5776.812	5766.031	5768.301	28486	119374	1
2023.01.25	18:00:00	5768.301	5769.435	5762.059	5766.031	10489	42477	1
2023.01.26	09:00:00	5763.761	5802.345	5756.952	5797.806	207328	621452	1
2023.01.26	10:00:00	5797.806	5813.693	5777.379	5802.345	186742	608746	1
2023.01.26	11:00:00	5802.345	5804.047	5763.761	5787.025	158708	567279	1
2023.01.26	12:00:00	5786.458	5792.132	5746.739	5773.407	139559	545670	1
2023.01.26	13:00:00	5773.975	5780.784	5756.952	5779.081	82033	312057	1
2023.01.26	14:00:00	5778.514	5787.593	5763.761	5768.868	61189	238816	1
2023.01.26	15:00:00	5768.868	5774.542	5751.846	5762.059	64045	225480	1
2023.01.26	16:00:00	5761.492	5767.733	5751.846	5763.761	39096	136413	1
2023.01.26	17:00:00	5763.761	5768.301	5754.683	5759.789	24949	87815	1
2023.01.26	18:00:00	5759.222	5765.464	5754.683	5760.924	9136	31850	1
2023.01.27	09:00:00	5779.081	5785.323	5749.576	5756.385	175530	512218	1
2023.01.27	10:00:00	5756.385	5764.896	5742.200	5754.683	173457	586894	1
2023.01.27	11:00:00	5754.115	5780.216	5752.980	5774.542	152076	504155	1
2023.01.27	12:00:00	5775.109	5788.727	5760.357	5787.593	113258	409243	1
2023.01.27	13:00:00	5788.160	5795.536	5776.244	5781.351	69333	249296	1
2023.01.27	14:00:00	5781.351	5795.536	5771.138	5793.267	59948	206971	1
2023.01.27	15:00:00	5793.834	5809.154	5793.267	5799.508	69863	231871	1
2023.01.27	16:00:00	5799.508	5810.856	5798.941	5805.182	39981	129729	1
2023.01.27	17:00:00	5805.182	5805.750	5794.969	5801.778	27913	97680	1
2023.01.27	18:00:00	5802.345	5809.154	5800.076	5800.076	8682	32496	1
2023.01.30	09:00:00	5813.693	5820.502	5784.188	5790.430	178683	513928	1
2023.01.30	10:00:00	5789.862	5805.182	5781.351	5790.430	168406	517359	1
2023.01.30	11:00:00	5790.997	5793.834	5770.570	5783.053	120944	384754	1
2023.01.30	12:00:00	5782.486	5790.430	5773.975	5781.351	78767	275123	1
2023.01.30	13:00:00	5781.918	5794.401	5781.351	5792.699	48872	168023	1
2023.01.30	14:00:00	5792.699	5828.446	5790.997	5826.176	104896	352055	1
2023.01.30	15:00:00	5825.609	5826.744	5801.778	5804.047	75060	252386	1
2023.01.30	16:00:00	5804.047	5811.424	5797.239	5805.750	47657	153548	1
2023.01.30	17:00:00	5805.750	5817.098	5802.913	5814.828	33830	113274	1
2023.01.30	18:00:00	5814.828	5815.963	5803.480	5810.289	10120	37617	1
2023.01.31	09:00:00	5833.435	5833.435	5802.385	5819.886	159669	455474	1
2023.01.31	10:00:00	5820.451	5826.096	5784.884	5787.143	187189	591347	1
2023.01.31	11:00:00	5787.143	5787.707	5761.174	5767.948	135010	467203	1
2023.01.31	12:00:00	5767.384	5779.804	5766.254	5775.852	68343	264830	1
2023.01.31	13:00:00	5776.416	5785.449	5770.206	5779.239	69355	264454	1
2023.01.31	14:00:00	5779.239	5780.368	5770.771	5774.723	39779	134478	1
2023.01.31	15:00:00	5774.158	5777.545	5760.609	5765.125	67723	247843	1
2023.01.31	16:00:00	5765.125	5766.254	5753.835	5758.915	44466	167510	1
2023.01.31	17:00:00	5758.351	5763.432	5754.964	5759.480	26167	95682	1
2023.01.31	18:00:00	5759.480	5762.303	5754.399	5756.657	9467	41109	1
2023.02.01	09:00:00	5741.415	5752.705	5734.640	5747.625	155827	436688	1
2023.02.01	10:00:00	5748.189	5752.141	5730.124	5743.673	148805	483462	1
2023.02.01	11:00:00	5743.108	5761.738	5734.640	5757.222	144623	479953	1
2023.02.01	12:00:00	5757.786	5773.594	5752.705	5756.657	105315	365754	1
2023.02.01	13:00:00	5757.222	5762.303	5751.576	5756.657	43720	162568	1
2023.02.01	14:00:00	5756.657	5798.434	5750.447	5784.884	100498	348178	1
2023.02.01	15:00:00	5784.320	5789.401	5763.996	5766.819	69172	258846	1
2023.02.01	16:00:00	5766.819	5783.755	5727.865	5741.979	170805	584395	1
2023.02.01	17:00:00	5741.979	5742.544	5720.526	5731.253	78294	294232	1
2023.02.01	18:00:00	5730.688	5736.898	5723.349	5732.382	10987	47415	1
2023.02.02	09:00:00	5705.284	5711.494	5673.669	5687.783	208722	648553	1
2023.02.02	10:00:00	5687.783	5688.347	5604.230	5640.926	270406	895571	1
2023.02.02	11:00:00	5641.490	5666.895	5634.716	5653.346	158251	504957	1
2023.02.02	12:00:00	5652.781	5679.879	5651.087	5667.459	133579	481354	1
2023.02.02	13:00:00	5667.459	5702.461	5662.378	5693.428	102254	378639	1
2023.02.02	14:00:00	5692.864	5693.428	5670.282	5679.315	80264	282561	1
2023.02.02	15:00:00	5679.315	5722.220	5672.540	5716.575	86931	290057	1
2023.02.02	16:00:00	5716.010	5728.430	5701.332	5721.656	74977	263424	1
2023.02.02	17:00:00	5722.220	5727.865	5715.446	5720.526	38000	146447	1
2023.02.02	18:00:00	5720.526	5734.640	5716.575	5728.995	13445	44609	1
2023.02.03	09:00:00	5780.368	5805.773	5735.205	5747.625	261632	820912	1
2023.02.03	10:00:00	5747.625	5802.385	5725.043	5790.530	224036	668388	1
2023.02.03	11:00:00	5789.965	5798.998	5768.513	5784.884	150991	471934	1
2023.02.03	12:00:00	5786.014	5813.112	5786.014	5802.950	136031	516091	1
2023.02.03	13:00:00	5802.385	5824.403	5798.998	5821.580	69096	240057	1
2023.02.03	14:00:00	5821.015	5823.273	5802.950	5808.031	63062	220616	1
2023.02.03	15:00:00	5807.466	5821.580	5806.902	5821.015	51877	175388	1
2023.02.03	16:00:00	5821.015	5836.823	5818.193	5833.435	51958	196666	1
2023.02.03	17:00:00	5832.871	5840.210	5818.193	5819.886	39004	146614	1
2023.02.03	18:00:00	5820.451	5853.194	5819.886	5844.162	16413	75735	1
2023.02.06	09:00:00	5850.372	5878.034	5846.420	5848.113	187791	538850	1
2023.02.06	10:00:00	5848.113	5871.824	5839.645	5863.356	177180	545287	1
2023.02.06	11:00:00	5863.356	5884.244	5857.146	5883.115	146261	459635	1
2023.02.06	12:00:00	5883.115	5903.439	5878.599	5886.502	119155	449460	1
2023.02.06	13:00:00	5887.067	5899.487	5878.599	5896.664	72255	247404	1
2023.02.06	14:00:00	5896.664	5909.084	5893.841	5899.487	73928	248243	1
2023.02.06	15:00:00	5898.922	5900.616	5866.743	5870.695	93473	319210	1
2023.02.06	16:00:00	5870.695	5875.776	5863.356	5864.485	48479	171101	1
2023.02.06	17:00:00	5865.050	5865.614	5834.564	5838.516	65880	255940	1
2023.02.06	18:00:00	5838.516	5842.468	5824.403	5833.435	16539	67422	1
2023.02.07	09:00:00	5826.096	5846.420	5821.580	5836.258	168051	481377	1
2023.02.07	10:00:00	5836.823	5870.131	5815.934	5856.582	251158	769073	1
2023.02.07	11:00:00	5856.582	5889.890	5853.759	5876.905	146911	457269	1
2023.02.07	12:00:00	5876.341	5900.616	5872.389	5878.599	105530	357456	1
2023.02.07	13:00:00	5878.599	5881.986	5863.921	5876.905	83144	278002	1
2023.02.07	14:00:00	5877.470	5889.325	5835.693	5844.726	130330	406697	1
2023.02.07	15:00:00	5845.291	5898.922	5843.033	5891.019	163158	505042	1
2023.02.07	16:00:00	5891.019	5893.277	5876.905	5893.277	63538	196669	1
2023.02.07	17:00:00	5893.277	5899.487	5887.067	5897.229	34462	106482	1
2023.02.07	18:00:00	5897.793	5913.036	5897.229	5907.955	16679	62902	1
2023.02.08	09:00:00	5882.551	5884.809	5852.065	5868.437	160369	458497	1
2023.02.08	10:00:00	5868.437	5889.890	5867.308	5876.341	160890	469815	1
2023.02.08	11:00:00	5876.905	5902.874	5875.776	5897.229	153939	465101	1
2023.02.08	12:00:00	5897.793	5932.230	5889.890	5920.375	126831	434181	1
2023.02.08	13:00:00	5920.940	5941.828	5906.261	5912.471	124218	445396	1
2023.02.08	14:00:00	5911.907	5920.375	5903.439	5909.084	76108	262829	1
2023.02.08	15:00:00	5908.520	5909.649	5881.986	5891.019	92295	311603	1
2023.02.08	16:00:00	5891.019	5894.971	5874.647	5885.938	72777	247712	1
2023.02.08	17:00:00	5885.938	5896.100	5885.373	5892.148	27753	99148	1
2023.02.08	18:00:00	5892.148	5894.971	5884.244	5891.019	10368	40002	1
2023.02.09	09:00:00	5871.260	5917.552	5858.840	5898.358	225154	643715	1
2023.02.09	10:00:00	5897.793	5911.907	5868.437	5869.566	168501	525620	1
2023.02.09	11:00:00	5869.002	5977.959	5867.872	5969.490	286079	972495	1
2023.02.09	12:00:00	5969.490	5975.136	5951.990	5957.635	103831	360689	1
2023.02.09	13:00:00	5957.070	5972.878	5940.699	5951.425	91639	314007	1
2023.02.09	14:00:00	5951.425	5953.119	5923.198	5936.747	90247	320867	1
2023.02.09	15:00:00	5936.747	5963.280	5927.714	5960.458	98565	346422	1
2023.02.09	16:00:00	5960.458	5979.088	5953.683	5971.749	69560	228219	1
2023.02.09	17:00:00	5972.313	5979.652	5960.458	5975.700	51042	180516	1
2023.02.09	18:00:00	5975.136	5994.895	5974.571	5994.330	18837	68484	1
2023.02.10	09:00:00	6007.879	6010.702	5959.893	5963.280	189568	565314	1
2023.02.10	10:00:00	5963.280	5966.668	5939.570	5943.521	161756	491052	1
2023.02.10	11:00:00	5944.086	5958.764	5919.811	5951.425	156775	514414	1
2023.02.10	12:00:00	5951.425	5959.329	5936.747	5942.957	93834	314842	1
2023.02.10	13:00:00	5942.392	5957.635	5932.795	5948.602	67767	253537	1
2023.02.10	14:00:00	5948.038	5953.119	5929.408	5933.360	75154	258983	1
2023.02.10	15:00:00	5933.360	5940.134	5905.132	5924.891	101879	343032	1
2023.02.10	16:00:00	5925.456	5925.456	5906.261	5913.036	44109	134700	1
2023.02.10	17:00:00	5912.471	5915.294	5898.358	5904.003	30168	101512	1
2023.02.10	18:00:00	5903.439	5907.391	5898.922	5907.391	10097	39487	1
2023.02.13	09:00:00	5914.165	5919.246	5874.647	5877.470	183560	507013	1
2023.02.13	10:00:00	5877.470	5905.132	5875.776	5893.277	151758	448098	1
2023.02.13	11:00:00	5893.277	5897.229	5846.984	5847.549	186193	615967	1
2023.02.13	12:00:00	5847.549	5858.840	5840.210	5852.630	92616	342639	1
2023.02.13	13:00:00	5852.630	5874.647	5849.807	5866.179	74555	289579	1
2023.02.13	14:00:00	5866.743	5871.260	5851.501	5862.792	68145	220565	1
2023.02.13	15:00:00	5863.356	5870.695	5849.807	5862.227	63353	197422	1
2023.02.13	16:00:00	5862.792	5866.743	5856.017	5857.711	42528	154394	1
2023.02.13	17:00:00	5858.275	5866.179	5850.936	5851.501	35512	119913	1
2023.02.13	18:00:00	5851.501	5852.065	5837.387	5839.081	16134	57969	1
2023.02.14	09:00:00	5834.000	5846.420	5819.886	5828.919	175880	517536	1
2023.02.14	10:00:00	5829.483	5856.582	5803.514	5819.886	316825	956620	1
2023.02.14	11:00:00	5819.886	5863.356	5811.983	5827.790	222580	706410	1
2023.02.14	12:00:00	5827.790	5846.420	5816.499	5836.823	130412	450806	1
2023.02.14	13:00:00	5836.823	5865.050	5823.838	5853.759	97539	341912	1
2023.02.14	14:00:00	5854.323	5916.423	5852.630	5905.132	144989	511959	1
2023.02.14	15:00:00	5905.697	5906.261	5877.470	5894.971	94628	336612	1
2023.02.14	16:00:00	5894.971	5900.051	5881.986	5882.551	54098	181635	1
2023.02.14	17:00:00	5882.551	5886.502	5841.903	5870.131	58142	217014	1
2023.02.14	18:00:00	5870.131	5878.599	5855.452	5875.212	14353	69908	1
2023.02.15	09:00:00	5881.986	5905.697	5872.389	5900.616	168253	481248	1
2023.02.15	10:00:00	5900.616	5927.150	5892.712	5908.520	227779	704396	1
2023.02.15	11:00:00	5909.084	5916.423	5873.518	5907.955	176845	585785	1
2023.02.15	12:00:00	5907.391	5926.021	5887.631	5918.117	127459	442243	1
2023.02.15	13:00:00	5918.117	5919.246	5894.406	5902.874	70543	244731	1
2023.02.15	14:00:00	5902.874	5921.504	5901.745	5912.471	82053	281993	1
2023.02.15	15:00:00	5911.907	5915.294	5895.535	5903.439	74030	233900	1
2023.02.15	16:00:00	5904.003	5905.697	5892.148	5902.310	45011	155942	1
2023.02.15	17:00:00	5902.310	5911.907	5896.664	5899.487	38817	139562	1
2023.02.15	18:00:00	5899.487	5906.261	5894.406	5902.874	10961	41106	1
2023.02.16	09:00:00	5888.196	5937.876	5878.599	5930.537	205405	588328	1
2023.02.16	10:00:00	5930.537	5950.860	5922.069	5936.747	180096	547337	1
2023.02.16	11:00:00	5937.311	5947.473	5929.408	5931.666	108055	384797	1
2023.02.16	12:00:00	5932.230	5941.828	5919.246	5924.891	106442	368595	1
2023.02.16	13:00:00	5924.327	5932.795	5915.294	5918.681	70524	266584	1
2023.02.16	14:00:00	5918.117	5922.069	5909.649	5915.294	54498	205241	1
2023.02.16	15:00:00	5915.294	5915.294	5881.986	5892.712	118666	440978	1
2023.02.16	16:00:00	5893.277	5921.504	5890.454	5895.535	100247	367459	1
2023.02.16	17:00:00	5896.100	5911.907	5893.841	5905.132	47191	179395	1
2023.02.16	18:00:00	5905.132	5905.132	5893.841	5902.874	12042	48927	1
2023.02.17	09:00:00	5920.375	5941.263	5897.793	5900.051	171320	499110	1
2023.02.17	10:00:00	5900.051	5910.213	5885.373	5889.890	131424	403433	1
2023.02.17	11:00:00	5889.890	5896.100	5878.599	5885.373	112224	399686	1
2023.02.17	12:00:00	5885.373	5885.938	5861.662	5869.002	120791	461815	1
2023.02.17	13:00:00	5869.002	5872.389	5847.549	5855.452	76408	280641	1
2023.02.17	14:00:00	5856.017	5856.017	5823.273	5841.903	97951	361461	1
2023.02.17	15:00:00	5841.903	5854.888	5831.742	5835.129	77436	283245	1
2023.02.17	16:00:00	5835.129	5840.210	5831.742	5836.823	30163	117074	1
2023.02.17	17:00:00	5836.823	5839.645	5834.564	5838.516	20550	84550	1
2023.02.17	18:00:00	5838.516	5849.242	5835.129	5843.597	11476	49675	1
2023.02.22	13:00:00	5862.227	5892.712	5848.113	5874.082	160565	563966	1
2023.02.22	14:00:00	5873.518	5881.422	5845.855	5857.711	107231	354768	1
2023.02.22	15:00:00	5857.146	5860.533	5828.919	5832.871	102799	349102	1
2023.02.22	16:00:00	5832.306	5854.323	5823.838	5844.726	113234	369374	1
2023.02.22	17:00:00	5844.162	5846.420	5832.871	5832.871	37702	119071	1
2023.02.22	18:00:00	5832.871	5837.952	5823.273	5826.096	9959	41650	1
2023.02.23	09:00:00	5812.547	5829.483	5804.644	5824.403	141122	394621	1
2023.02.23	10:00:00	5824.403	5849.807	5803.514	5806.902	197955	625349	1
2023.02.23	11:00:00	5806.902	5807.466	5775.852	5789.401	169522	614026	1
2023.02.23	12:00:00	5789.401	5805.208	5775.852	5797.304	99423	376723	1
2023.02.23	13:00:00	5797.304	5823.273	5791.094	5808.595	98511	356496	1
2023.02.23	14:00:00	5809.160	5818.757	5796.740	5800.127	77816	280648	1
2023.02.23	15:00:00	5800.127	5811.418	5793.917	5809.724	59810	213586	1
2023.02.23	16:00:00	5809.160	5810.289	5795.046	5803.514	45166	156942	1
2023.02.23	17:00:00	5803.514	5806.337	5798.434	5800.127	22705	76310	1
2023.02.23	18:00:00	5800.692	5810.853	5795.046	5806.337	9863	40063	1
2023.02.24	09:00:00	5828.919	5839.645	5816.499	5835.129	146456	427918	1
2023.02.24	10:00:00	5835.129	5855.452	5824.967	5844.162	205946	638021	1
2023.02.24	11:00:00	5844.726	5873.518	5843.597	5867.308	137431	480496	1
2023.02.24	12:00:00	5866.743	5873.518	5856.582	5868.437	98738	368866	1
2023.02.24	13:00:00	5868.437	5870.695	5854.323	5861.662	54642	192336	1
2023.02.24	14:00:00	5861.662	5884.244	5854.888	5874.647	69744	251797	1
2023.02.24	15:00:00	5875.212	5886.502	5869.566	5881.422	66999	238796	1
2023.02.24	16:00:00	5881.986	5884.244	5872.389	5874.082	35706	131031	1
2023.02.24	17:00:00	5874.082	5880.292	5872.389	5875.776	27266	97658	1
2023.02.24	18:00:00	5875.212	5893.277	5874.647	5888.761	14285	59579	1
2023.02.27	09:00:00	5862.227	5875.776	5845.855	5871.260	170220	524861	1
2023.02.27	10:00:00	5871.824	5878.034	5853.194	5865.614	162594	482851	1
2023.02.27	11:00:00	5865.614	5887.067	5857.711	5869.566	138748	468480	1
2023.02.27	12:00:00	5869.002	5877.470	5840.210	5869.002	134060	468107	1
2023.02.27	13:00:00	5869.002	5888.196	5863.921	5877.470	73720	261300	1
2023.02.27	14:00:00	5877.470	5887.067	5865.614	5870.695	69583	265364	1
2023.02.27	15:00:00	5870.695	5872.953	5840.774	5857.146	110739	428734	1
2023.02.27	16:00:00	5857.146	5881.986	5857.146	5881.422	50176	183615	1
2023.02.27	17:00:00	5880.857	5884.244	5869.002	5874.647	41843	148677	1
2023.02.27	18:00:00	5874.082	5879.163	5870.131	5874.082	8447	33570	1
2023.02.28	09:00:00	5869.595	5898.763	5864.547	5871.278	180433	512975	1
2023.02.28	10:00:00	5871.278	5888.667	5848.280	5861.742	163287	494459	1
2023.02.28	11:00:00	5861.742	5895.398	5860.059	5884.740	139542	451863	1
2023.02.28	12:00:00	5885.301	5896.520	5873.522	5895.959	108709	370308	1
2023.02.28	13:00:00	5895.959	5919.518	5886.984	5903.812	121768	429307	1
2023.02.28	14:00:00	5903.812	5908.860	5891.471	5895.959	65899	206183	1
2023.02.28	15:00:00	5896.520	5907.177	5892.032	5899.324	59315	198628	1
2023.02.28	16:00:00	5899.885	5906.617	5893.154	5900.446	44844	168418	1
2023.02.28	17:00:00	5900.446	5924.005	5889.789	5913.348	47615	175359	1
2023.02.28	18:00:00	5913.348	5922.323	5907.738	5913.348	14118	72505	1
2023.03.01	09:00:00	5892.593	5894.276	5867.351	5878.009	183751	544715	1
2023.03.01	10:00:00	5878.009	5893.715	5858.937	5884.740	186289	555907	1
2023.03.01	11:00:00	5884.740	5888.667	5868.473	5883.057	126708	385351	1
2023.03.01	12:00:00	5882.496	5905.495	5860.059	5862.303	158765	509815	1
2023.03.01	13:00:00	5862.303	5876.887	5860.620	5867.351	77268	288573	1
2023.03.01	14:00:00	5867.351	5870.156	5852.206	5867.351	76810	255010	1
2023.03.01	15:00:00	5867.351	5870.156	5853.889	5867.912	64305	232132	1
2023.03.01	16:00:00	5867.912	5869.595	5858.376	5861.181	32566	114986	1
2023.03.01	17:00:00	5861.181	5866.229	5846.036	5848.280	38770	139387	1
2023.03.01	18:00:00	5848.840	5851.645	5841.548	5846.597	10893	43019	1
2023.03.02	09:00:00	5861.742	5886.984	5848.280	5876.887	161881	480215	1
2023.03.02	10:00:00	5876.326	5894.276	5870.156	5888.106	169847	517145	1
2023.03.02	11:00:00	5888.667	5901.568	5880.814	5885.862	140138	474734	1
2023.03.02	12:00:00	5885.301	5890.910	5869.595	5872.961	96078	338213	1
2023.03.02	13:00:00	5872.961	5878.570	5863.425	5874.643	66471	250256	1
2023.03.02	14:00:00	5874.643	5884.179	5869.595	5873.522	56656	193511	1
2023.03.02	15:00:00	5874.082	5879.131	5848.280	5865.108	80128	279037	1
2023.03.02	16:00:00	5865.108	5883.057	5863.986	5874.643	63919	227204	1
2023.03.02	17:00:00	5874.643	5887.545	5870.717	5883.618	43692	152431	1
2023.03.02	18:00:00	5883.057	5884.740	5869.595	5879.131	12022	51744	1
2023.03.03	09:00:00	5862.303	5885.301	5848.840	5871.839	146889	431998	1
2023.03.03	10:00:00	5871.839	5876.326	5861.181	5869.034	131432	396249	1
2023.03.03	11:00:00	5869.034	5889.228	5857.254	5875.204	131549	425884	1
2023.03.03	12:00:00	5876.326	5902.129	5873.522	5883.618	123480	451784	1
2023.03.03	13:00:00	5883.618	5888.106	5869.034	5878.009	49263	182481	1
2023.03.03	14:00:00	5877.448	5884.740	5867.351	5869.595	48927	190786	1
2023.03.03	15:00:00	5870.156	5873.522	5863.425	5871.278	47693	178319	1
2023.03.03	16:00:00	5871.278	5871.278	5862.303	5867.912	31848	138206	1
2023.03.03	17:00:00	5867.912	5875.204	5865.108	5866.229	23416	111014	1
2023.03.03	18:00:00	5865.668	5868.473	5858.937	5863.986	8246	35376	1
2023.03.06	09:00:00	5876.326	5882.496	5862.303	5870.717	115538	345255	1
2023.03.06	10:00:00	5870.717	5886.423	5865.668	5881.375	118757	386634	1
2023.03.06	11:00:00	5880.814	5886.423	5864.547	5867.912	112261	366581	1
2023.03.06	12:00:00	5867.912	5870.717	5823.599	5838.183	146564	528871	1
2023.03.06	13:00:00	5838.183	5843.792	5825.842	5832.013	71563	273877	1
2023.03.06	14:00:00	5832.013	5835.939	5824.159	5831.452	46576	164663	1
2023.03.06	15:00:00	5830.891	5838.183	5830.330	5834.817	38167	142880	1
2023.03.06	16:00:00	5834.817	5835.378	5825.281	5832.013	40602	181767	1
2023.03.06	17:00:00	5832.013	5833.134	5818.550	5820.233	29003	124360	1
2023.03.06	18:00:00	5820.233	5823.038	5811.819	5817.989	13896	65667	1
2023.03.07	09:00:00	5829.769	5840.427	5813.502	5838.183	123575	383802	1
2023.03.07	10:00:00	5838.183	5844.914	5824.720	5833.134	132768	406914	1
2023.03.07	11:00:00	5833.134	5848.280	5830.330	5836.500	103660	325032	1
2023.03.07	12:00:00	5836.500	5870.717	5836.500	5862.864	177531	587091	1
2023.03.07	13:00:00	5863.425	5865.668	5852.206	5857.815	50465	174991	1
2023.03.07	14:00:00	5857.815	5858.376	5837.061	5851.084	73607	265260	1
2023.03.07	15:00:00	5851.645	5867.351	5847.158	5861.181	65210	239339	1
2023.03.07	16:00:00	5860.620	5862.864	5847.719	5857.254	48914	182284	1
2023.03.07	17:00:00	5857.254	5857.254	5847.719	5855.572	26760	96916	1
2023.03.07	18:00:00	5855.572	5861.181	5851.645	5855.011	7731	33139	1
2023.03.08	09:00:00	5843.231	5847.158	5829.769	5835.939	125740	376420	1
2023.03.08	10:00:00	5835.939	5837.622	5800.039	5806.210	194474	645384	1
2023.03.08	11:00:00	5806.771	5813.502	5778.724	5782.090	138194	491604	1
2023.03.08	12:00:00	5782.090	5792.747	5750.677	5771.432	178256	708463	1
2023.03.08	13:00:00	5771.432	5790.504	5766.944	5779.846	98481	381853	1
2023.03.08	14:00:00	5779.285	5795.552	5775.919	5793.869	67951	249091	1
2023.03.08	15:00:00	5793.869	5804.527	5787.699	5802.844	62666	228467	1
2023.03.08	16:00:00	5802.844	5803.405	5792.747	5793.308	40540	155722	1
2023.03.08	17:00:00	5793.308	5794.991	5785.455	5786.577	31949	125627	1
2023.03.08	18:00:00	5786.577	5799.478	5784.894	5798.357	10326	47867	1
2023.03.09	09:00:00	5787.699	5799.478	5767.505	5793.308	175959	540061	1
2023.03.09	10:00:00	5793.308	5798.918	5761.335	5763.018	194936	597396	1
2023.03.09	11:00:00	5763.018	5789.943	5759.091	5788.260	148195	474954	1
2023.03.09	12:00:00	5788.260	5802.283	5781.529	5800.600	102423	345654	1
2023.03.09	13:00:00	5800.600	5812.380	5797.796	5810.136	79434	267746	1
2023.03.09	14:00:00	5809.575	5814.624	5794.991	5800.039	75281	274603	1
2023.03.09	15:00:00	5800.039	5806.210	5775.358	5780.407	84033	310626	1
2023.03.09	16:00:00	5780.968	5793.869	5778.163	5793.869	52850	192109	1
2023.03.09	17:00:00	5793.869	5826.964	5791.064	5816.306	75146	287662	1
2023.03.09	18:00:00	5816.306	5827.525	5815.185	5819.672	12766	53869	1
2023.03.10	09:00:00	5805.649	5842.109	5805.649	5841.548	133987	402902	1
2023.03.10	10:00:00	5841.548	5882.496	5834.817	5856.133	242651	777493	1
2023.03.10	11:00:00	5855.572	5863.986	5829.208	5835.378	165270	555574	1
2023.03.10	12:00:00	5835.378	5835.378	5810.697	5812.941	136159	495308	1
2023.03.10	13:00:00	5812.380	5843.792	5812.380	5840.987	91951	336235	1
2023.03.10	14:00:00	5840.427	5856.133	5834.256	5851.645	75638	261901	1
2023.03.10	15:00:00	5852.206	5881.375	5849.401	5874.643	79248	312319	1
2023.03.10	16:00:00	5874.643	5878.009	5865.108	5866.229	53418	209446	1
2023.03.10	17:00:00	5866.229	5875.204	5865.108	5871.839	30428	110188	1
2023.03.10	18:00:00	5872.400	5884.179	5871.839	5872.961	10985	54393	1
2023.03.13	09:00:00	5874.643	5946.443	5869.595	5939.151	322101	1016202	1
2023.03.13	10:00:00	5939.151	5949.808	5906.617	5908.299	230022	741337	1
2023.03.13	11:00:00	5908.299	5909.982	5872.961	5875.765	184964	626471	1
2023.03.13	12:00:00	5875.765	5904.934	5869.595	5898.763	115182	419669	1
2023.03.13	13:00:00	5898.763	5912.787	5893.154	5900.446	80288	281865	1
2023.03.13	14:00:00	5900.446	5918.396	5899.324	5905.495	77916	269705	1
2023.03.13	15:00:00	5905.495	5921.762	5901.007	5920.640	58606	206291	1
2023.03.13	16:00:00	5921.201	5934.663	5915.591	5932.980	63519	223477	1
2023.03.13	17:00:00	5932.980	5934.663	5903.251	5908.860	41157	182693	1
2023.03.14	09:00:00	5896.520	5922.323	5879.131	5889.789	263928	774749	1
2023.03.14	10:00:00	5889.789	5908.299	5880.253	5891.471	180185	552695	1
2023.03.14	11:00:00	5890.910	5900.446	5878.009	5898.763	120418	405495	1
2023.03.14	12:00:00	5898.203	5921.201	5886.423	5921.201	90697	313808	1
2023.03.14	13:00:00	5920.640	5921.201	5901.568	5906.056	81115	297567	1
2023.03.14	14:00:00	5905.495	5917.274	5902.129	5908.299	68351	241892	1
2023.03.14	15:00:00	5908.860	5917.274	5903.251	5914.470	59260	221471	1
2023.03.14	16:00:00	5913.909	5924.566	5912.787	5918.957	57528	216138	1
2023.03.14	17:00:00	5918.396	5919.518	5911.104	5916.152	22715	86488	1
2023.03.15	09:00:00	5973.928	5998.609	5939.151	5948.126	246602	778741	1
2023.03.15	10:00:00	5948.126	5964.393	5933.541	5954.857	189104	630950	1
2023.03.15	11:00:00	5954.857	5988.513	5951.491	5971.124	169038	582896	1
2023.03.15	12:00:00	5971.685	5980.660	5966.636	5973.367	91529	340695	1
2023.03.15	13:00:00	5973.928	5996.927	5968.880	5993.000	86834	339438	1
2023.03.15	14:00:00	5993.000	5993.561	5969.441	5974.489	104399	356945	1
2023.03.15	15:00:00	5974.489	5982.903	5949.808	5963.832	113854	407192	1
2023.03.15	16:00:00	5963.271	5969.441	5954.296	5959.344	57881	204430	1
2023.03.15	17:00:00	5959.344	5962.710	5945.882	5953.174	24639	104244	1
2023.03.16	09:00:00	5940.272	5953.735	5927.371	5953.735	184993	525929	1
2023.03.16	10:00:00	5953.174	5960.466	5935.785	5940.833	194468	588705	1
2023.03.16	11:00:00	5940.272	5971.685	5938.590	5962.149	150429	491496	1
2023.03.16	12:00:00	5962.149	5978.416	5939.712	5944.760	123888	453508	1
2023.03.16	13:00:00	5944.760	5952.052	5929.054	5931.858	76541	283414	1
2023.03.16	14:00:00	5932.419	5935.785	5920.079	5931.298	81320	293379	1
2023.03.16	15:00:00	5930.737	5933.541	5898.763	5901.007	90147	319142	1
2023.03.16	16:00:00	5901.007	5906.056	5894.276	5896.520	48463	188907	1
2023.03.16	17:00:00	5895.959	5899.885	5880.814	5884.740	39746	159429	1
2023.03.17	09:00:00	5895.398	5912.226	5886.984	5908.299	132652	400652	1
2023.03.17	10:00:00	5908.299	5927.932	5905.495	5922.884	128235	435101	1
2023.03.17	11:00:00	5923.444	5945.882	5911.665	5935.785	123591	398173	1
2023.03.17	12:00:00	5935.785	5945.321	5932.980	5940.833	65836	276787	1
2023.03.17	13:00:00	5941.394	5943.077	5926.249	5931.858	58930	248306	1
2023.03.17	14:00:00	5931.858	5938.029	5924.566	5925.127	45448	154788	1
2023.03.17	15:00:00	5924.566	5939.151	5923.444	5935.224	48681	183710	1
2023.03.17	16:00:00	5935.224	5938.590	5927.932	5929.615	32133	128155	1
2023.03.17	17:00:00	5929.615	5943.077	5925.688	5939.151	25660	111231	1
2023.03.20	09:00:00	5930.176	5943.077	5914.470	5915.591	173332	551857	1
2023.03.20	10:00:00	5915.591	5916.713	5893.154	5901.007	163799	513211	1
2023.03.20	11:00:00	5901.568	5912.787	5885.301	5889.228	122382	397626	1
2023.03.20	12:00:00	5888.667	5905.495	5887.545	5902.690	81880	297218	1
2023.03.20	13:00:00	5902.690	5906.617	5895.398	5895.398	45566	179198	1
2023.03.20	14:00:00	5895.959	5899.885	5889.789	5896.520	40601	153533	1
2023.03.20	15:00:00	5895.959	5902.129	5894.837	5899.324	37972	141491	1
2023.03.20	16:00:00	5899.324	5899.885	5889.789	5895.959	37120	134982	1
2023.03.20	17:00:00	5895.959	5899.324	5889.789	5891.471	21831	86067	1
2023.03.21	09:00:00	5874.643	5896.520	5865.108	5893.154	160904	496791	1
2023.03.21	10:00:00	5892.593	5907.738	5890.349	5900.446	155865	517692	1
2023.03.21	11:00:00	5900.446	5907.738	5880.814	5885.862	130353	455475	1
2023.03.21	12:00:00	5886.423	5899.324	5885.301	5898.203	48753	178881	1
2023.03.21	13:00:00	5898.203	5899.324	5886.984	5892.032	37042	133991	1
2023.03.21	14:00:00	5891.471	5899.885	5885.862	5894.837	41140	148803	1
2023.03.21	15:00:00	5894.837	5897.642	5883.057	5884.740	46961	203800	1
2023.03.21	16:00:00	5885.301	5904.373	5882.496	5898.203	52492	213034	1
2023.03.21	17:00:00	5897.642	5901.007	5892.032	5894.837	25393	104276	1
2023.03.22	09:00:00	5897.081	5916.713	5890.349	5906.617	119382	363309	1
2023.03.22	10:00:00	5906.617	5932.419	5901.007	5925.688	146746	459951	1
2023.03.22	11:00:00	5925.688	5933.541	5917.274	5924.005	107160	396973	1
2023.03.22	12:00:00	5924.005	5924.566	5909.982	5910.543	59141	209546	1
2023.03.22	13:00:00	5910.543	5922.323	5909.982	5920.079	41552	151889	1
2023.03.22	14:00:00	5920.079	5925.688	5911.665	5916.713	56252	231790	1
2023.03.22	15:00:00	5916.713	5922.884	5848.840	5867.912	260772	868079	1
2023.03.22	16:00:00	5867.912	5886.423	5860.059	5884.179	104730	358662	1
2023.03.22	17:00:00	5884.740	5894.837	5877.448	5891.471	32779	136745	1
2023.03.23	09:00:00	5851.084	5890.910	5847.158	5889.789	173023	561259	1
2023.03.23	10:00:00	5890.349	5921.762	5885.301	5916.152	169784	593236	1
2023.03.23	11:00:00	5916.152	5933.541	5911.665	5926.810	146292	537637	1
2023.03.23	12:00:00	5926.810	5927.371	5911.665	5921.201	61967	251676	1
2023.03.23	13:00:00	5921.201	5931.298	5911.104	5926.810	72638	283538	1
2023.03.23	14:00:00	5927.371	5933.541	5918.396	5932.980	69891	266927	1
2023.03.23	15:00:00	5932.419	5952.052	5925.127	5941.955	104717	433031	1
2023.03.23	16:00:00	5941.955	5945.882	5931.298	5943.638	60941	228377	1
2023.03.23	17:00:00	5943.638	5957.100	5938.590	5953.174	32041	149005	1
2023.03.24	09:00:00	5979.538	6000.853	5966.075	5985.147	229675	747692	1
2023.03.24	10:00:00	5985.147	5993.561	5961.588	5963.271	169721	576593	1
2023.03.24	11:00:00	5963.832	5966.075	5929.615	5933.541	150125	564352	1
2023.03.24	12:00:00	5934.102	5938.590	5894.837	5897.642	115022	511602	1
2023.03.24	13:00:00	5898.203	5906.056	5892.593	5898.203	59984	259475	1
2023.03.24	14:00:00	5897.642	5903.251	5885.301	5902.129	60663	247578	1
2023.03.24	15:00:00	5901.568	5905.495	5892.593	5904.934	47159	194131	1
2023.03.24	16:00:00	5904.373	5904.373	5894.837	5899.324	30004	119220	1
2023.03.24	17:00:00	5898.763	5899.885	5889.789	5895.398	22444	114722	1
2023.03.27	09:00:00	5896.520	5897.642	5864.547	5872.961	143152	386744	1
2023.03.27	10:00:00	5872.961	5883.618	5865.668	5872.400	122464	371742	1
2023.03.27	11:00:00	5872.961	5880.814	5858.937	5878.009	111816	356533	1
2023.03.27	12:00:00	5877.448	5888.106	5876.887	5878.570	58048	184610	1
2023.03.27	13:00:00	5879.131	5879.692	5865.108	5867.912	49686	166606	1
2023.03.27	14:00:00	5867.912	5869.034	5858.937	5866.229	47758	169398	1
2023.03.27	15:00:00	5866.790	5869.034	5851.645	5854.450	55131	198717	1
2023.03.27	16:00:00	5854.450	5856.133	5846.597	5847.158	36022	128720	1
2023.03.27	17:00:00	5847.719	5848.280	5832.013	5837.622	35659	139723	1
2023.03.28	09:00:00	5832.573	5832.573	5791.625	5825.842	203141	685642	1
2023.03.28	10:00:00	5825.281	5831.452	5778.724	5798.918	195774	723645	1
2023.03.28	11:00:00	5798.357	5816.867	5791.064	5814.624	118872	447110	1
2023.03.28	12:00:00	5814.624	5815.745	5795.552	5802.283	65438	262116	1
2023.03.28	13:00:00	5802.844	5802.844	5782.090	5786.577	60133	226865	1
2023.03.28	14:00:00	5786.577	5801.161	5784.333	5799.478	47950	183423	1
2023.03.28	15:00:00	5798.918	5806.210	5793.869	5802.844	48234	190139	1
2023.03.28	16:00:00	5803.405	5803.405	5795.552	5798.357	30454	148152	1
2023.03.28	17:00:00	5798.357	5801.722	5795.552	5798.918	17693	90994	1
2023.03.29	09:00:00	5795.552	5816.867	5779.846	5794.991	193767	589724	1
2023.03.29	10:00:00	5794.991	5803.405	5775.358	5776.480	178756	575458	1
2023.03.29	11:00:00	5776.480	5781.529	5769.749	5777.041	106937	387694	1
2023.03.29	12:00:00	5777.602	5779.285	5759.091	5768.627	81835	325066	1
2023.03.29	13:00:00	5768.627	5775.919	5764.701	5771.993	54715	218091	1
2023.03.29	14:00:00	5771.993	5773.676	5763.018	5767.505	49096	208604	1
2023.03.29	15:00:00	5767.505	5806.210	5766.944	5782.650	136124	576250	1
2023.03.29	16:00:00	5782.650	5785.455	5753.482	5761.896	65819	273126	1
2023.03.29	17:00:00	5761.896	5765.823	5753.482	5765.262	23520	116200	1
2023.03.30	09:00:00	5728.240	5736.654	5687.853	5729.923	261164	813534	1
2023.03.30	10:00:00	5729.923	5742.263	5710.290	5736.093	209832	704242	1
2023.03.30	11:00:00	5736.654	5791.625	5735.532	5756.848	219180	769513	1
2023.03.30	12:00:00	5756.848	5759.652	5741.142	5747.312	73398	299059	1
2023.03.30	13:00:00	5747.873	5748.434	5722.631	5733.849	67431	275766	1
2023.03.30	14:00:00	5733.849	5749.555	5727.118	5738.337	58241	233547	1
2023.03.30	15:00:00	5737.776	5739.459	5717.021	5722.631	57404	229236	1
2023.03.30	16:00:00	5722.631	5728.801	5715.339	5721.509	47202	181593	1
2023.03.30	17:00:00	5720.948	5723.753	5709.168	5717.021	28386	119539	1
2023.03.31	09:00:00	5730.978	5730.978	5677.944	5701.390	220749	701568	1
2023.03.31	10:00:00	5701.390	5714.230	5686.876	5710.881	148845	557822	1
2023.03.31	11:00:00	5710.881	5711.439	5679.619	5686.318	122531	493221	1
2023.03.31	12:00:00	5686.876	5692.459	5670.687	5687.434	80002	365021	1
2023.03.31	13:00:00	5687.993	5691.900	5675.153	5682.410	54416	267791	1
2023.03.31	14:00:00	5682.410	5699.716	5676.828	5685.760	72620	325787	1
2023.03.31	15:00:00	5685.760	5696.924	5684.085	5691.342	44336	167114	1
2023.03.31	16:00:00	5691.342	5694.692	5679.619	5684.643	45086	191717	1
2023.03.31	17:00:00	5684.085	5688.551	5677.944	5680.177	23746	109894	1
2023.04.03	09:00:00	5670.129	5679.061	5652.823	5674.595	177426	591044	1
2023.04.03	10:00:00	5674.595	5693.575	5672.920	5687.993	136782	438657	1
2023.04.03	11:00:00	5687.434	5687.434	5661.755	5674.036	145115	467279	1
2023.04.03	12:00:00	5673.478	5687.434	5670.687	5682.968	67707	234948	1
2023.04.03	13:00:00	5683.527	5687.993	5676.828	5682.410	43322	168246	1
2023.04.03	14:00:00	5681.852	5688.551	5672.920	5682.410	55664	188593	1
2023.04.03	15:00:00	5682.410	5698.599	5677.944	5696.366	70899	241320	1
2023.04.03	16:00:00	5695.808	5698.041	5682.410	5684.643	39251	138493	1
2023.04.03	17:00:00	5684.643	5686.876	5674.036	5681.852	20907	80446	1
2023.04.04	09:00:00	5665.104	5686.876	5662.313	5682.968	147896	472691	1
2023.04.04	10:00:00	5683.527	5697.483	5678.502	5693.017	122040	410910	1
2023.04.04	11:00:00	5693.017	5693.017	5677.944	5687.993	146740	533786	1
2023.04.04	12:00:00	5688.551	5716.463	5684.643	5707.531	108028	430578	1
2023.04.04	13:00:00	5707.531	5708.089	5698.041	5703.065	44540	164404	1
2023.04.04	14:00:00	5702.507	5704.182	5697.483	5699.716	32076	135568	1
2023.04.04	15:00:00	5699.716	5704.182	5696.366	5700.832	32959	134017	1
2023.04.04	16:00:00	5701.390	5704.182	5696.366	5696.924	25566	106597	1
2023.04.04	17:00:00	5696.924	5698.599	5674.036	5685.201	34111	157547	1
2023.04.05	09:00:00	5685.201	5691.342	5656.731	5665.663	206482	651859	1
2023.04.05	10:00:00	5665.663	5675.153	5655.056	5657.847	128685	442838	1
2023.04.05	11:00:00	5657.847	5670.129	5617.653	5662.313	192903	700283	1
2023.04.05	12:00:00	5662.871	5666.779	5646.124	5648.915	60661	228419	1
2023.04.05	13:00:00	5648.357	5672.920	5648.357	5670.129	62592	244928	1
2023.04.05	14:00:00	5669.570	5675.153	5665.663	5669.012	42257	159807	1
2023.04.05	15:00:00	5668.454	5674.595	5662.871	5674.036	42909	170193	1
2023.04.05	16:00:00	5673.478	5674.595	5658.405	5660.080	37055	137933	1
2023.04.05	17:00:00	5660.080	5660.638	5639.983	5647.240	27562	122528	1
2023.04.06	09:00:00	5652.823	5687.993	5647.799	5682.968	149908	493459	1
2023.04.06	10:00:00	5683.527	5695.808	5677.386	5691.342	137239	470344	1
2023.04.06	11:00:00	5690.784	5692.459	5667.337	5669.570	104390	357142	1
2023.04.06	12:00:00	5670.129	5680.735	5666.221	5675.153	61919	212277	1
2023.04.06	13:00:00	5675.711	5677.944	5669.570	5674.595	31673	113719	1
2023.04.06	14:00:00	5674.036	5676.269	5663.430	5670.687	38682	145897	1
2023.04.06	15:00:00	5670.687	5672.362	5660.080	5665.104	36595	141095	1
2023.04.06	16:00:00	5665.104	5671.245	5664.546	5667.337	21618	86276	1
2023.04.06	17:00:00	5667.896	5670.129	5661.755	5670.129	19765	97133	1
2023.04.10	09:00:00	5665.104	5693.575	5644.449	5691.900	184785	593322	1
2023.04.10	10:00:00	5692.459	5704.740	5690.784	5695.250	139936	416714	1
2023.04.10	11:00:00	5695.250	5701.390	5687.993	5691.900	68869	251470	1
2023.04.10	12:00:00	5691.900	5695.250	5684.085	5694.133	48356	168373	1
2023.04.10	13:00:00	5694.133	5696.924	5685.201	5687.434	34827	122943	1
2023.04.10	14:00:00	5686.876	5687.434	5676.828	5678.502	40151	157799	1
2023.04.10	15:00:00	5678.502	5688.551	5676.828	5686.318	36205	127113	1
2023.04.10	16:00:00	5685.760	5687.993	5673.478	5674.036	40158	154772	1
2023.04.10	17:00:00	5674.595	5680.177	5671.803	5680.177	21681	91273	1
2023.04.11	09:00:00	5660.638	5666.779	5635.517	5639.425	206579	666917	1
2023.04.11	10:00:00	5639.425	5639.425	5585.833	5604.814	237754	987332	1
2023.04.11	11:00:00	5605.372	5608.721	5586.391	5604.814	124513	478477	1
2023.04.11	12:00:00	5605.372	5613.745	5600.906	5607.605	64287	284474	1
2023.04.11	13:00:00	5608.163	5612.629	5605.372	5606.488	30270	127395	1
2023.04.11	14:00:00	5606.488	5610.396	5599.789	5602.581	51671	209593	1
2023.04.11	15:00:00	5602.022	5607.605	5600.348	5607.047	38239	164742	1
2023.04.11	16:00:00	5607.047	5608.721	5603.139	5606.488	23917	105248	1
2023.04.11	17:00:00	5607.047	5607.605	5596.998	5606.488	27872	134317	1
2023.04.12	09:00:00	5612.071	5613.745	5535.032	5564.620	309825	975588	1
2023.04.12	10:00:00	5564.620	5576.343	5523.868	5536.707	217381	748103	1
2023.04.12	11:00:00	5536.707	5538.940	5503.212	5524.984	162695	653029	1
2023.04.12	12:00:00	5524.984	5534.474	5518.843	5526.659	65316	272962	1
2023.04.12	13:00:00	5526.659	5535.591	5511.586	5514.377	53449	228002	1
2023.04.12	14:00:00	5513.819	5526.659	5505.445	5521.635	63555	251594	1
2023.04.12	15:00:00	5521.635	5529.450	5513.261	5523.868	62868	238314	1
2023.04.12	16:00:00	5523.868	5535.032	5522.751	5530.008	36025	142059	1
2023.04.12	17:00:00	5530.008	5532.241	5501.538	5508.237	35711	155305	1
2023.04.13	09:00:00	5511.028	5528.892	5488.698	5514.936	270962	873024	1
2023.04.13	10:00:00	5515.494	5518.843	5483.115	5492.047	195720	670997	1
2023.04.13	11:00:00	5491.489	5508.795	5487.581	5489.814	102029	387195	1
2023.04.13	12:00:00	5489.814	5497.072	5476.975	5488.140	64031	270115	1
2023.04.13	13:00:00	5488.140	5499.863	5487.581	5497.630	38853	168601	1
2023.04.13	14:00:00	5497.072	5500.421	5489.256	5493.722	46673	227745	1
2023.04.13	15:00:00	5494.280	5519.402	5492.606	5516.610	67396	321748	1
2023.04.13	16:00:00	5516.610	5519.402	5511.028	5514.377	30742	147464	1
2023.04.13	17:00:00	5514.377	5518.843	5511.586	5515.494	20578	104815	1
2023.04.14	09:00:00	5523.868	5525.542	5473.625	5508.237	226344	738324	1
2023.04.14	10:00:00	5508.237	5547.872	5507.120	5532.799	164174	572558	1
2023.04.14	11:00:00	5532.241	5555.129	5532.241	5545.639	105408	393891	1
2023.04.14	12:00:00	5546.197	5548.989	5526.100	5526.659	61914	234592	1
2023.04.14	13:00:00	5526.659	5530.566	5516.610	5517.727	56816	209921	1
2023.04.14	14:00:00	5517.169	5519.402	5507.120	5513.261	58974	232060	1
2023.04.14	15:00:00	5512.703	5517.727	5500.421	5502.654	52338	208531	1
2023.04.14	16:00:00	5502.654	5504.887	5496.513	5500.421	34784	130969	1
2023.04.14	17:00:00	5499.863	5500.421	5490.373	5492.047	22679	94696	1
2023.04.17	09:00:00	5504.329	5522.751	5480.882	5514.377	210307	639469	1
2023.04.17	10:00:00	5514.377	5535.032	5506.562	5532.241	136071	454198	1
2023.04.17	11:00:00	5532.241	5543.406	5527.217	5537.824	87119	329935	1
2023.04.17	12:00:00	5537.265	5545.639	5530.008	5533.358	61198	225003	1
2023.04.17	13:00:00	5533.358	5536.149	5527.775	5532.241	34831	138397	1
2023.04.17	14:00:00	5532.241	5535.591	5513.261	5514.377	57809	235922	1
2023.04.17	15:00:00	5514.377	5518.843	5500.979	5513.819	69147	281403	1
2023.04.17	16:00:00	5514.377	5523.868	5511.586	5521.076	47060	162979	1
2023.04.17	17:00:00	5521.635	5530.008	5519.960	5527.217	21782	96267	1
2023.04.18	09:00:00	5501.538	5529.450	5491.489	5527.217	190273	596314	1
2023.04.18	10:00:00	5527.775	5580.809	5524.984	5566.294	231116	855810	1
2023.04.18	11:00:00	5566.294	5571.319	5550.105	5559.037	111340	389629	1
2023.04.18	12:00:00	5559.037	5565.736	5554.571	5560.712	56097	206422	1
2023.04.18	13:00:00	5560.712	5561.828	5551.222	5553.455	33019	132928	1
2023.04.18	14:00:00	5554.013	5563.503	5552.896	5559.595	40250	159195	1
2023.04.18	15:00:00	5559.595	5587.508	5559.037	5575.785	95039	391820	1
2023.04.18	16:00:00	5575.226	5576.343	5554.013	5562.945	60700	255066	1
2023.04.18	17:00:00	5563.503	5579.692	5561.828	5578.576	30396	130206	1
2023.04.18	18:00:00	5575.226	5575.226	5575.226	5575.226	1	17	1
2023.04.19	09:00:00	5604.255	5628.818	5596.440	5627.702	224421	712451	1
2023.04.19	10:00:00	5627.143	5659.522	5620.444	5658.964	188361	649498	1
2023.04.19	11:00:00	5658.964	5661.197	5622.677	5631.051	153527	530872	1
2023.04.19	12:00:00	5631.609	5650.032	5630.493	5648.915	76288	283187	1
2023.04.19	13:00:00	5648.915	5651.706	5641.100	5645.566	45876	167738	1
2023.04.19	14:00:00	5645.007	5661.197	5643.333	5658.964	54233	204094	1
2023.04.19	15:00:00	5658.405	5682.410	5657.289	5677.944	80097	315676	1
2023.04.19	16:00:00	5677.944	5687.434	5667.337	5686.876	58485	239571	1
2023.04.19	17:00:00	5686.876	5690.784	5671.803	5675.153	39006	175611	1
2023.04.20	09:00:00	5684.643	5685.760	5652.823	5656.172	207273	602369	1
2023.04.20	10:00:00	5656.172	5665.663	5648.357	5656.731	149605	494390	1
2023.04.20	11:00:00	5656.172	5657.289	5632.726	5638.867	109545	386720	1
2023.04.20	12:00:00	5638.867	5646.124	5629.935	5636.634	64639	239161	1
2023.04.20	13:00:00	5636.634	5645.566	5632.726	5638.308	35792	136012	1
2023.04.20	14:00:00	5638.867	5640.541	5629.376	5635.517	38340	153067	1
2023.04.20	15:00:00	5635.517	5642.774	5633.842	5642.216	32066	135723	1
2023.04.20	16:00:00	5642.774	5657.289	5640.541	5655.614	41800	181835	1
2023.04.20	17:00:00	5655.614	5656.172	5643.333	5645.007	25862	110253	1
2023.04.24	09:00:00	5665.104	5677.386	5653.939	5656.731	151383	416412	1
2023.04.24	10:00:00	5656.731	5683.527	5642.774	5660.638	191536	596007	1
2023.04.24	11:00:00	5660.080	5676.828	5649.473	5661.755	128803	449375	1
2023.04.24	12:00:00	5661.197	5665.663	5646.124	5649.473	67644	250913	1
2023.04.24	13:00:00	5648.915	5652.823	5640.541	5642.216	42852	170648	1
2023.04.24	14:00:00	5642.216	5648.357	5636.634	5639.983	52386	191526	1
2023.04.24	15:00:00	5639.983	5642.774	5629.935	5632.726	58474	239465	1
2023.04.24	16:00:00	5633.284	5637.750	5631.051	5633.284	28613	120820	1
2023.04.24	17:00:00	5632.726	5636.634	5624.910	5626.585	19648	82984	1
2023.04.25	09:00:00	5638.867	5661.197	5624.910	5626.027	207489	663389	1
2023.04.25	10:00:00	5626.027	5674.036	5619.328	5672.920	231722	758787	1
2023.04.25	11:00:00	5673.478	5677.386	5653.381	5664.546	124325	453884	1
2023.04.25	12:00:00	5664.546	5665.663	5651.706	5656.172	69647	287863	1
2023.04.25	13:00:00	5656.172	5665.104	5650.032	5664.546	50352	206211	1
2023.04.25	14:00:00	5665.104	5679.619	5661.197	5665.104	76942	293183	1
2023.04.25	15:00:00	5665.663	5671.245	5661.755	5663.430	40238	152165	1
2023.04.25	16:00:00	5663.430	5666.779	5656.172	5656.731	33527	133102	1
2023.04.25	17:00:00	5657.289	5658.405	5641.658	5653.939	24838	111245	1
2023.04.26	09:00:00	5638.308	5666.221	5623.794	5658.964	214582	656289	1
2023.04.26	10:00:00	5658.964	5666.221	5648.915	5660.638	134239	432424	1
2023.04.26	11:00:00	5660.638	5664.546	5626.027	5641.100	151013	541613	1
2023.04.26	12:00:00	5641.100	5644.449	5628.260	5638.867	83428	326046	1
2023.04.26	13:00:00	5639.425	5640.541	5624.352	5628.260	51028	197827	1
2023.04.26	14:00:00	5628.818	5642.216	5624.910	5640.541	46458	180872	1
2023.04.26	15:00:00	5641.100	5652.823	5637.192	5647.240	78316	312573	1
2023.04.26	16:00:00	5647.240	5651.706	5642.216	5648.915	34704	144951	1
2023.04.26	17:00:00	5648.915	5652.823	5631.609	5635.517	24506	111313	1
2023.04.27	09:00:00	5627.143	5638.308	5608.163	5610.954	220563	653009	1
2023.04.27	10:00:00	5610.954	5623.794	5596.998	5605.930	186585	673738	1
2023.04.27	11:00:00	5605.372	5612.071	5584.158	5591.416	139143	532124	1
2023.04.27	12:00:00	5590.857	5598.673	5587.508	5598.115	60684	262451	1
2023.04.27	13:00:00	5598.115	5601.464	5592.532	5593.649	40813	173466	1
2023.04.27	14:00:00	5593.090	5594.207	5569.644	5571.319	89704	348108	1
2023.04.27	15:00:00	5571.319	5573.552	5551.222	5561.270	81623	362284	1
2023.04.27	16:00:00	5561.270	5567.411	5559.037	5561.270	38604	160268	1
2023.04.27	17:00:00	5561.828	5567.969	5552.896	5554.571	31895	129909	1
2023.04.28	09:00:00	5572.876	5602.274	5562.891	5576.204	194377	615447	1
2023.04.28	10:00:00	5576.204	5592.844	5561.227	5585.633	144505	523280	1
2023.04.28	11:00:00	5585.633	5589.516	5565.110	5585.079	107587	423554	1
2023.04.28	12:00:00	5585.079	5600.055	5584.524	5587.852	75988	320330	1
2023.04.28	13:00:00	5588.407	5594.508	5580.641	5581.751	39424	164472	1
2023.04.28	14:00:00	5581.751	5588.961	5565.665	5566.774	52962	219408	1
2023.04.28	15:00:00	5566.774	5571.766	5558.454	5569.548	53830	221020	1
2023.04.28	16:00:00	5568.993	5571.212	5565.110	5568.438	22857	99928	1
2023.04.28	17:00:00	5568.993	5572.876	5563.446	5564.555	16773	91717	1
2023.05.02	09:00:00	5578.977	5615.586	5571.766	5607.266	190922	573407	1
2023.05.02	10:00:00	5606.711	5618.359	5592.289	5613.922	154266	477315	1
2023.05.02	11:00:00	5614.477	5630.562	5602.828	5623.352	132957	472143	1
2023.05.02	12:00:00	5623.906	5637.773	5621.688	5627.234	67943	263209	1
2023.05.02	13:00:00	5626.680	5636.664	5625.570	5634.445	38843	150641	1
2023.05.02	14:00:00	5633.890	5638.883	5628.344	5637.219	40845	158940	1
2023.05.02	15:00:00	5636.664	5638.883	5626.680	5630.008	41962	173159	1
2023.05.02	16:00:00	5630.008	5634.445	5627.234	5631.117	25147	94712	1
2023.05.02	17:00:00	5631.117	5636.664	5620.023	5621.688	24452	108317	1
2023.05.03	09:00:00	5597.836	5635.555	5596.172	5635.555	189651	555367	1
2023.05.03	10:00:00	5635.555	5635.555	5608.375	5611.703	142018	422266	1
2023.05.03	11:00:00	5611.149	5611.703	5581.196	5589.516	143661	503623	1
2023.05.03	12:00:00	5589.516	5598.946	5584.524	5592.844	57102	209605	1
2023.05.03	13:00:00	5593.399	5600.055	5588.961	5591.180	35275	133033	1
2023.05.03	14:00:00	5590.625	5593.953	5574.540	5582.305	62109	232829	1
2023.05.03	15:00:00	5582.860	5583.415	5559.009	5565.665	163216	515428	1
2023.05.03	16:00:00	5566.219	5576.204	5562.337	5568.438	63283	236747	1
2023.05.03	17:00:00	5568.438	5574.540	5556.235	5572.321	32854	137527	1
2023.05.04	09:00:00	5552.352	5577.868	5541.814	5573.430	223498	636766	1
2023.05.04	10:00:00	5573.430	5601.164	5554.571	5596.727	200595	649095	1
2023.05.04	11:00:00	5596.172	5615.031	5593.953	5596.727	131333	466067	1
2023.05.04	12:00:00	5596.727	5603.938	5591.735	5599.500	53184	203389	1
2023.05.04	13:00:00	5600.055	5600.610	5585.079	5586.743	39270	160383	1
2023.05.04	14:00:00	5586.743	5588.407	5565.110	5572.321	76414	292435	1
2023.05.04	15:00:00	5571.766	5576.204	5565.110	5567.329	46140	183680	1
2023.05.04	16:00:00	5566.774	5572.876	5563.446	5568.438	36693	140938	1
2023.05.04	17:00:00	5567.884	5568.993	5556.235	5560.673	23535	103078	1
2023.05.05	09:00:00	5556.235	5584.524	5550.134	5566.774	220831	640500	1
2023.05.05	10:00:00	5567.329	5571.766	5532.939	5542.923	201103	658468	1
2023.05.05	11:00:00	5542.923	5549.024	5523.509	5538.485	111223	388563	1
2023.05.05	12:00:00	5537.931	5539.595	5521.845	5523.509	65862	259098	1
2023.05.05	13:00:00	5524.064	5528.501	5506.869	5508.533	58325	243608	1
2023.05.05	14:00:00	5507.978	5508.533	5492.447	5500.212	73295	305185	1
2023.05.05	15:00:00	5500.212	5509.087	5496.330	5508.533	42876	168942	1
2023.05.05	16:00:00	5507.978	5513.525	5506.314	5510.751	29413	127644	1
2023.05.05	17:00:00	5511.306	5535.157	5505.759	5522.954	22580	108749	1
2023.05.08	09:00:00	5522.400	5531.275	5509.087	5529.056	160235	488025	1
2023.05.08	10:00:00	5529.056	5545.696	5517.962	5544.032	144537	452913	1
2023.05.08	11:00:00	5544.032	5544.587	5522.400	5524.618	89306	291352	1
2023.05.08	12:00:00	5525.173	5566.219	5522.954	5563.446	145906	521206	1
2023.05.08	13:00:00	5564.001	5577.868	5562.337	5571.766	83630	307521	1
2023.05.08	14:00:00	5571.766	5573.985	5563.446	5566.219	50401	198764	1
2023.05.08	15:00:00	5566.219	5590.625	5564.555	5580.086	72750	269004	1
2023.05.08	16:00:00	5580.086	5593.399	5577.313	5587.297	45152	179410	1
2023.05.08	17:00:00	5587.852	5589.516	5576.758	5584.524	28562	117867	1
2023.05.09	09:00:00	5581.196	5613.367	5568.993	5607.821	195305	611063	1
2023.05.09	10:00:00	5607.266	5608.375	5566.774	5568.438	174552	607368	1
2023.05.09	11:00:00	5568.438	5580.086	5562.891	5580.086	103735	348375	1
2023.05.09	12:00:00	5580.086	5586.743	5555.126	5555.126	96522	365941	1
2023.05.09	13:00:00	5555.126	5557.345	5541.814	5554.571	71538	265689	1
2023.05.09	14:00:00	5554.571	5557.345	5545.142	5549.579	46643	178203	1
2023.05.09	15:00:00	5549.579	5572.876	5546.806	5568.993	62457	242769	1
2023.05.09	16:00:00	5568.993	5570.102	5556.790	5558.454	34567	129576	1
2023.05.09	17:00:00	5557.899	5561.227	5552.352	5557.345	23437	101507	1
2023.05.10	09:00:00	5556.235	5561.782	5502.431	5509.087	249067	758847	1
2023.05.10	10:00:00	5509.087	5529.611	5506.869	5519.626	169963	516124	1
2023.05.10	11:00:00	5519.626	5527.392	5514.079	5521.845	93249	300569	1
2023.05.10	12:00:00	5521.845	5532.384	5517.962	5520.181	68587	225679	1
2023.05.10	13:00:00	5520.181	5522.400	5507.978	5511.306	52494	179329	1
2023.05.10	14:00:00	5511.306	5532.384	5509.642	5526.837	79121	271573	1
2023.05.10	15:00:00	5526.837	5527.947	5516.298	5520.181	44602	149397	1
2023.05.10	16:00:00	5519.626	5521.290	5510.751	5512.970	32920	124487	1
2023.05.10	17:00:00	5512.415	5517.962	5502.431	5509.087	29458	122763	1
2023.05.11	09:00:00	5521.290	5542.923	5509.642	5539.040	222187	665368	1
2023.05.11	10:00:00	5538.485	5551.798	5536.821	5537.376	162929	533141	1
2023.05.11	11:00:00	5537.376	5549.579	5536.821	5540.704	87100	303207	1
2023.05.11	12:00:00	5541.259	5543.478	5522.400	5523.509	75017	286494	1
2023.05.11	13:00:00	5522.954	5526.282	5512.415	5522.400	63504	241371	1
2023.05.11	14:00:00	5522.400	5522.954	5505.205	5506.869	75854	306652	1
2023.05.11	15:00:00	5507.423	5510.751	5493.002	5505.759	79323	324637	1
2023.05.11	16:00:00	5505.759	5507.423	5496.330	5499.103	35581	130338	1
2023.05.11	17:00:00	5499.103	5499.658	5486.900	5493.556	31991	133846	1
2023.05.12	09:00:00	5494.666	5519.072	5491.338	5491.892	181433	559141	1
2023.05.12	10:00:00	5491.892	5495.220	5465.268	5468.041	175266	640048	1
2023.05.12	11:00:00	5468.041	5492.447	5463.049	5484.127	128358	472781	1
2023.05.12	12:00:00	5483.572	5499.658	5481.908	5484.681	66144	244430	1
2023.05.12	13:00:00	5484.681	5495.775	5481.908	5484.681	52416	188230	1
2023.05.12	14:00:00	5484.681	5489.119	5477.471	5483.017	51972	192650	1
2023.05.12	15:00:00	5483.017	5492.447	5479.689	5485.236	43489	155676	1
2023.05.12	16:00:00	5485.236	5488.010	5479.689	5481.353	26628	109364	1
2023.05.12	17:00:00	5480.799	5484.127	5476.916	5479.689	19944	81776	1
2023.05.15	09:00:00	5478.025	5478.025	5455.838	5459.166	167220	531931	1
2023.05.15	10:00:00	5458.611	5490.228	5456.947	5479.689	173023	527060	1
2023.05.15	11:00:00	5480.244	5486.345	5462.494	5464.158	110968	345216	1
2023.05.15	12:00:00	5464.158	5466.377	5456.947	5461.385	62310	221771	1
2023.05.15	13:00:00	5460.830	5468.041	5458.057	5465.268	50884	182215	1
2023.05.15	14:00:00	5464.713	5473.588	5464.713	5468.596	54215	193843	1
2023.05.15	15:00:00	5468.596	5469.150	5441.416	5443.080	82969	334240	1
2023.05.15	16:00:00	5443.080	5447.518	5441.416	5441.416	36253	154846	1
2023.05.15	17:00:00	5441.971	5453.065	5438.088	5447.518	34196	149748	1
2023.05.16	09:00:00	5445.854	5468.596	5437.534	5467.486	218965	662063	1
2023.05.16	10:00:00	5467.486	5469.150	5444.190	5453.619	178486	562934	1
2023.05.16	11:00:00	5453.619	5472.478	5446.963	5470.260	141099	511793	1
2023.05.16	12:00:00	5470.814	5485.791	5466.932	5468.041	107858	399721	1
2023.05.16	13:00:00	5468.041	5511.861	5466.377	5505.205	113635	416836	1
2023.05.16	14:00:00	5505.205	5506.314	5487.455	5491.338	60371	226167	1
2023.05.16	15:00:00	5491.338	5498.548	5481.353	5490.228	61022	222475	1
2023.05.16	16:00:00	5490.228	5502.431	5488.564	5498.548	40563	157233	1
2023.05.16	17:00:00	5498.548	5503.541	5496.330	5496.884	23759	101337	1
2023.05.17	09:00:00	5496.884	5529.611	5491.892	5508.533	236889	722832	1
2023.05.17	10:00:00	5508.533	5517.962	5488.564	5515.189	189584	605019	1
2023.05.17	11:00:00	5515.744	5524.064	5500.212	5515.189	122426	419801	1
2023.05.17	12:00:00	5515.744	5522.400	5485.791	5497.439	111469	426172	1
2023.05.17	13:00:00	5497.439	5501.877	5475.252	5481.353	69353	249060	1
2023.05.17	14:00:00	5481.908	5488.010	5478.025	5479.135	48877	178378	1
2023.05.17	15:00:00	5479.135	5491.338	5476.361	5490.228	48976	184081	1
2023.05.17	16:00:00	5490.783	5496.884	5486.345	5487.455	40253	167835	1
2023.05.17	17:00:00	5487.455	5494.666	5480.799	5494.666	25650	115569	1
2023.05.18	09:00:00	5506.314	5531.275	5504.095	5527.392	215264	658245	1
2023.05.18	10:00:00	5527.392	5528.501	5510.197	5523.509	144017	472188	1
2023.05.18	11:00:00	5522.954	5537.376	5513.525	5536.821	112853	400953	1
2023.05.18	12:00:00	5536.821	5537.376	5519.626	5521.845	66113	255494	1
2023.05.18	13:00:00	5521.290	5534.603	5519.072	5533.493	45863	165041	1
2023.05.18	14:00:00	5534.048	5540.704	5529.056	5530.165	60007	252035	1
2023.05.18	15:00:00	5530.720	5530.720	5519.072	5522.400	63041	250404	1
2023.05.18	16:00:00	5522.400	5528.501	5521.290	5524.618	35820	132153	1
2023.05.18	17:00:00	5524.618	5530.165	5519.626	5524.618	21915	101741	1
2023.05.19	09:00:00	5508.533	5534.048	5498.548	5528.501	192491	632429	1
2023.05.19	10:00:00	5528.501	5561.227	5524.618	5555.681	207804	726142	1
2023.05.19	11:00:00	5555.681	5559.563	5542.368	5550.134	98462	399948	1
2023.05.19	12:00:00	5550.688	5556.790	5532.384	5542.368	111063	463190	1
2023.05.19	13:00:00	5541.814	5544.587	5527.947	5535.157	59836	241799	1
2023.05.19	14:00:00	5534.603	5552.352	5531.275	5552.352	44586	172001	1
2023.05.19	15:00:00	5552.352	5561.227	5549.024	5557.345	59398	261787	1
2023.05.19	16:00:00	5557.899	5561.227	5554.016	5554.571	32980	139220	1
2023.05.19	17:00:00	5554.016	5564.001	5552.352	5557.899	27481	135742	1
2023.05.22	09:00:00	5557.345	5564.555	5532.939	5539.595	177499	527086	1
2023.05.22	10:00:00	5539.040	5540.704	5514.079	5522.954	161654	537072	1
2023.05.22	11:00:00	5522.954	5533.493	5516.298	5517.962	109019	388682	1
2023.05.22	12:00:00	5517.962	5520.736	5511.861	5516.298	52684	202046	1
2023.05.22	13:00:00	5516.298	5521.290	5515.189	5520.736	28759	113598	1
2023.05.22	14:00:00	5520.736	5524.064	5505.759	5509.642	56192	214470	1
2023.05.22	15:00:00	5509.642	5515.189	5505.759	5514.634	40029	147559	1
2023.05.22	16:00:00	5514.634	5529.056	5512.970	5525.173	41990	166556	1
2023.05.22	17:00:00	5525.173	5525.728	5519.072	5522.954	22951	99299	1
2023.05.23	09:00:00	5534.603	5550.134	5526.282	5543.478	181559	577624	1
2023.05.23	10:00:00	5543.478	5543.478	5519.072	5529.056	158695	540259	1
2023.05.23	11:00:00	5529.611	5535.712	5507.978	5515.189	128063	486975	1
2023.05.23	12:00:00	5515.744	5516.853	5501.322	5504.650	58921	258111	1
2023.05.23	13:00:00	5505.205	5515.189	5504.650	5507.423	42822	163145	1
2023.05.23	14:00:00	5507.423	5517.408	5500.767	5514.079	57053	216990	1
2023.05.23	15:00:00	5514.634	5533.493	5512.415	5529.611	58971	238532	1
2023.05.23	16:00:00	5530.165	5530.720	5520.736	5524.618	39525	166053	1
2023.05.23	17:00:00	5524.618	5529.056	5518.517	5525.728	16977	79341	1
2023.05.24	09:00:00	5514.634	5515.189	5481.908	5487.455	176902	579682	1
2023.05.24	10:00:00	5488.010	5506.314	5482.463	5505.205	137232	461929	1
2023.05.24	11:00:00	5505.759	5507.978	5494.111	5502.431	86942	302493	1
2023.05.24	12:00:00	5502.431	5504.650	5490.228	5491.338	55161	215320	1
2023.05.24	13:00:00	5491.338	5501.877	5489.674	5497.994	51032	193972	1
2023.05.24	14:00:00	5497.439	5502.986	5493.556	5495.220	40831	171498	1
2023.05.24	15:00:00	5495.220	5505.205	5486.900	5502.986	59608	211874	1
2023.05.24	16:00:00	5502.986	5505.205	5498.548	5501.322	29564	128172	1
2023.05.24	17:00:00	5501.877	5513.525	5499.658	5509.087	19677	91361	1
2023.05.25	09:00:00	5500.767	5542.923	5490.783	5540.149	210214	735566	1
2023.05.25	10:00:00	5540.149	5547.915	5528.501	5546.251	135393	557608	1
2023.05.25	11:00:00	5545.696	5572.321	5537.376	5553.462	131296	560146	1
2023.05.25	12:00:00	5552.907	5578.977	5552.907	5569.548	84500	377054	1
2023.05.25	13:00:00	5569.548	5583.969	5566.219	5583.415	52969	238743	1
2023.05.25	14:00:00	5583.415	5583.969	5570.102	5572.321	59220	261937	1
2023.05.25	15:00:00	5571.766	5601.164	5557.899	5591.180	126763	579485	1
2023.05.25	16:00:00	5591.180	5597.282	5587.297	5590.625	45847	200332	1
2023.05.25	17:00:00	5590.625	5601.164	5587.297	5592.844	29710	139765	1
2023.05.26	09:00:00	5569.548	5586.743	5547.915	5552.907	243860	797213	1
2023.05.26	10:00:00	5552.352	5580.086	5550.134	5572.321	145120	489248	1
2023.05.26	11:00:00	5572.321	5578.977	5551.798	5561.782	118727	421944	1
2023.05.26	12:00:00	5561.782	5567.329	5550.688	5554.571	61560	252644	1
2023.05.26	13:00:00	5554.016	5560.673	5543.478	5543.478	52274	204249	1
2023.05.26	14:00:00	5543.478	5545.696	5531.275	5541.814	75297	310233	1
2023.05.26	15:00:00	5541.814	5543.478	5529.056	5535.157	46067	182986	1
2023.05.26	16:00:00	5535.157	5539.595	5527.392	5536.267	35553	143586	1
2023.05.26	17:00:00	5535.712	5555.126	5535.712	5549.024	24974	113198	1
2023.05.29	09:00:00	5552.352	5554.016	5532.384	5532.939	118333	355904	1
2023.05.29	10:00:00	5532.939	5541.259	5521.290	5540.704	125976	390998	1
2023.05.29	11:00:00	5540.704	5564.555	5537.376	5559.563	91934	300675	1
2023.05.29	12:00:00	5559.563	5564.001	5551.243	5553.462	42451	158310	1
2023.05.29	13:00:00	5552.907	5555.681	5549.579	5552.352	25466	89738	1
2023.05.29	14:00:00	5552.907	5567.329	5552.352	5561.782	34059	114768	1
2023.05.29	15:00:00	5562.337	5567.884	5554.016	5566.774	41054	132206	1
2023.05.29	16:00:00	5566.774	5568.438	5559.009	5562.891	23321	82771	1
2023.05.29	17:00:00	5562.891	5573.430	5562.337	5571.766	21707	87791	1
2023.05.30	09:00:00	5557.899	5601.164	5549.024	5598.946	198984	646251	1
2023.05.30	10:00:00	5598.391	5622.242	5593.953	5616.141	199014	707785	1
2023.05.30	11:00:00	5616.141	5618.914	5602.274	5614.477	111539	398788	1
2023.05.30	12:00:00	5614.477	5618.914	5606.156	5616.695	54694	226687	1
2023.05.30	13:00:00	5616.695	5625.570	5610.039	5617.805	65853	254637	1
2023.05.30	14:00:00	5617.250	5617.805	5598.946	5605.602	64354	262102	1
2023.05.30	15:00:00	5605.602	5608.375	5593.953	5596.172	49697	210210	1
2023.05.30	16:00:00	5596.727	5600.055	5592.844	5595.063	31072	122514	1
2023.05.30	17:00:00	5595.063	5600.055	5587.297	5591.735	21087	103061	1
2023.05.31	09:00:00	5612.153	5644.711	5609.945	5619.878	257928	761061	1
2023.05.31	10:00:00	5620.430	5637.537	5615.464	5632.570	142873	524572	1
2023.05.31	11:00:00	5632.570	5687.202	5631.467	5684.995	226416	920591	1
2023.05.31	12:00:00	5684.995	5690.513	5654.644	5670.095	127756	564020	1
2023.05.31	13:00:00	5670.095	5678.925	5653.540	5654.092	61455	252289	1
2023.05.31	14:00:00	5654.092	5655.748	5628.708	5633.122	92432	381726	1
2023.05.31	15:00:00	5633.122	5639.744	5625.397	5629.811	60932	227635	1
2023.05.31	16:00:00	5629.811	5639.192	5628.156	5628.156	37719	153989	1
2023.05.31	17:00:00	5628.156	5632.019	5606.634	5609.945	46540	217520	1
2023.06.01	09:00:00	5592.287	5607.186	5571.869	5597.805	239490	755444	1
2023.06.01	10:00:00	5597.805	5613.256	5584.561	5598.909	164417	541086	1
2023.06.01	11:00:00	5598.909	5603.875	5584.561	5590.631	113306	411959	1
2023.06.01	12:00:00	5590.079	5592.287	5564.695	5571.869	105754	431471	1
2023.06.01	13:00:00	5571.869	5579.594	5568.006	5571.317	49554	191443	1
2023.06.01	14:00:00	5570.765	5573.524	5561.384	5572.972	49408	203555	1
2023.06.01	15:00:00	5573.524	5573.524	5554.762	5557.521	59342	239043	1
2023.06.01	16:00:00	5557.521	5565.799	5554.762	5555.314	32025	142935	1
2023.06.01	17:00:00	5555.866	5568.006	5553.658	5566.902	23756	108804	1
2023.06.02	09:00:00	5551.451	5552.555	5501.786	5503.441	251619	861024	1
2023.06.02	10:00:00	5503.441	5508.960	5488.542	5491.301	174956	614865	1
2023.06.02	11:00:00	5491.301	5510.615	5487.438	5497.923	114527	420312	1
2023.06.02	12:00:00	5498.475	5505.097	5494.060	5502.889	49181	180667	1
2023.06.02	13:00:00	5502.338	5512.822	5499.027	5501.234	50600	199511	1
2023.06.02	14:00:00	5501.786	5509.511	5500.130	5508.960	35419	144477	1
2023.06.02	15:00:00	5508.960	5510.615	5502.338	5505.649	35121	130040	1
2023.06.02	16:00:00	5506.200	5506.200	5494.060	5496.267	35500	150699	1
2023.06.02	17:00:00	5496.267	5502.338	5492.956	5501.786	20097	93254	1
2023.06.05	09:00:00	5518.341	5519.444	5475.298	5478.057	199455	612145	1
2023.06.05	10:00:00	5478.057	5485.231	5469.228	5479.712	134560	411626	1
2023.06.05	11:00:00	5479.712	5480.264	5453.776	5462.054	161981	575590	1
2023.06.05	12:00:00	5461.502	5463.709	5450.465	5453.224	76317	303642	1
2023.06.05	13:00:00	5453.776	5458.743	5448.810	5453.224	42798	171010	1
2023.06.05	14:00:00	5453.224	5458.191	5448.258	5451.017	34858	137894	1
2023.06.05	15:00:00	5450.465	5463.157	5448.258	5461.502	58494	237696	1
2023.06.05	16:00:00	5461.502	5468.124	5455.432	5467.020	38515	162137	1
2023.06.05	17:00:00	5467.020	5473.090	5462.606	5471.987	24927	118225	1
2023.06.06	09:00:00	5470.331	5486.886	5448.258	5483.023	200181	626508	1
2023.06.06	10:00:00	5483.575	5495.164	5474.194	5484.679	144462	463673	1
2023.06.06	11:00:00	5484.679	5485.231	5449.913	5457.087	139639	525729	1
2023.06.06	12:00:00	5457.639	5459.846	5439.980	5444.395	83144	346035	1
2023.06.06	13:00:00	5444.395	5445.499	5433.358	5434.462	46887	205427	1
2023.06.06	14:00:00	5433.910	5447.154	5433.358	5441.084	48062	204986	1
2023.06.06	15:00:00	5441.084	5449.362	5440.532	5448.258	35798	158075	1
2023.06.06	16:00:00	5448.810	5450.465	5443.291	5446.051	28387	122811	1
2023.06.06	17:00:00	5445.499	5448.810	5439.429	5446.602	21918	110175	1
2023.06.07	09:00:00	5441.084	5460.950	5436.118	5444.395	219187	676428	1
2023.06.07	10:00:00	5444.395	5451.017	5434.462	5438.325	126918	464191	1
2023.06.07	11:00:00	5438.325	5468.124	5432.807	5457.639	143822	551298	1
2023.06.07	12:00:00	5457.639	5458.743	5436.118	5442.740	76644	309567	1
2023.06.07	13:00:00	5442.740	5446.602	5437.221	5443.843	35043	148147	1
2023.06.07	14:00:00	5443.291	5460.398	5443.291	5449.362	65208	274544	1
2023.06.07	15:00:00	5449.362	5455.432	5445.499	5453.224	38433	144415	1
2023.06.07	16:00:00	5453.224	5462.606	5452.673	5459.846	37945	160377	1
2023.06.07	17:00:00	5459.295	5465.365	5453.776	5465.365	22808	94491	1
2023.06.09	09:00:00	5447.706	5461.502	5435.014	5438.325	164728	540937	1
2023.06.09	10:00:00	5438.325	5444.395	5426.185	5428.944	99484	345003	1
2023.06.09	11:00:00	5428.392	5429.496	5380.934	5405.215	164202	655642	1
2023.06.09	12:00:00	5405.215	5416.252	5404.663	5415.700	54418	193030	1
2023.06.09	13:00:00	5415.148	5417.907	5400.800	5401.904	46247	172252	1
2023.06.09	14:00:00	5401.352	5409.078	5398.041	5403.008	46479	172203	1
2023.06.09	15:00:00	5403.559	5405.767	5395.282	5399.145	42993	157748	1
2023.06.09	16:00:00	5399.145	5405.215	5398.593	5404.663	23902	89954	1
2023.06.09	17:00:00	5404.111	5412.389	5401.904	5405.767	20530	104261	1
2023.06.12	09:00:00	5409.630	5417.355	5393.626	5404.663	161562	520775	1
2023.06.12	10:00:00	5404.663	5429.496	5389.212	5421.218	167771	558545	1
2023.06.12	11:00:00	5420.666	5423.977	5409.078	5411.837	85849	309807	1
2023.06.12	12:00:00	5411.837	5412.389	5398.593	5405.215	68363	250938	1
2023.06.12	13:00:00	5405.215	5410.733	5396.937	5400.800	47160	200315	1
2023.06.12	14:00:00	5400.800	5403.008	5390.315	5396.385	55285	204345	1
2023.06.12	15:00:00	5396.385	5398.041	5390.315	5392.523	36504	139940	1
2023.06.12	16:00:00	5392.523	5393.074	5387.004	5391.419	31959	133638	1
2023.06.12	17:00:00	5391.971	5391.971	5386.452	5387.004	23957	122233	1
2023.06.13	09:00:00	5391.419	5394.730	5369.897	5369.897	193857	643042	1
2023.06.13	10:00:00	5369.897	5387.556	5369.346	5386.452	134045	491206	1
2023.06.13	11:00:00	5386.452	5404.111	5373.208	5373.760	149494	538498	1
2023.06.13	12:00:00	5374.312	5380.382	5369.897	5379.279	60475	255868	1
2023.06.13	13:00:00	5379.279	5381.486	5369.897	5375.416	48666	185671	1
2023.06.13	14:00:00	5375.416	5389.212	5373.760	5383.693	49435	196682	1
2023.06.13	15:00:00	5383.693	5388.660	5377.623	5385.349	49181	192619	1
2023.06.13	16:00:00	5384.797	5388.660	5381.486	5383.693	23732	106407	1
2023.06.13	17:00:00	5383.693	5389.763	5382.038	5385.901	16728	91761	1
2023.06.14	09:00:00	5380.382	5384.245	5367.138	5374.864	152223	492286	1
2023.06.14	10:00:00	5375.416	5377.071	5363.275	5367.690	117753	442411	1
2023.06.14	11:00:00	5367.690	5371.001	5357.757	5358.309	75042	315954	1
2023.06.14	12:00:00	5358.309	5364.379	5355.550	5361.620	50028	212925	1
2023.06.14	13:00:00	5362.172	5363.827	5349.480	5359.413	58146	245422	1
2023.06.14	14:00:00	5359.964	5364.379	5354.998	5354.998	45390	177033	1
2023.06.14	15:00:00	5354.998	5389.212	5351.135	5355.550	211230	799854	1
2023.06.14	16:00:00	5355.550	5363.827	5324.095	5324.647	114359	484122	1
2023.06.14	17:00:00	5324.647	5333.476	5310.299	5333.476	57426	273331	1
2023.06.15	09:00:00	5341.754	5362.172	5334.580	5348.376	184541	572611	1
2023.06.15	10:00:00	5348.376	5354.446	5322.992	5334.580	157896	546012	1
2023.06.15	11:00:00	5334.580	5340.098	5320.232	5331.269	106994	401442	1
2023.06.15	12:00:00	5331.821	5340.098	5314.714	5325.751	80893	316224	1
2023.06.15	13:00:00	5325.751	5331.821	5316.370	5320.784	53232	222876	1
2023.06.15	14:00:00	5320.232	5323.543	5306.988	5313.059	61978	239782	1
2023.06.15	15:00:00	5313.059	5319.681	5307.540	5309.748	45675	177123	1
2023.06.15	16:00:00	5309.748	5317.473	5309.748	5314.162	24684	103729	1
2023.06.15	17:00:00	5314.162	5330.165	5311.403	5326.854	28630	127812	1
2023.06.16	09:00:00	5323.543	5350.031	5319.129	5344.513	146833	467338	1
2023.06.16	10:00:00	5343.961	5365.483	5335.684	5340.650	165378	565773	1
2023.06.16	11:00:00	5340.650	5341.202	5324.095	5340.098	145097	563796	1
2023.06.16	12:00:00	5340.098	5348.376	5333.476	5345.065	78477	321492	1
2023.06.16	13:00:00	5345.065	5352.791	5336.787	5338.443	52008	198535	1
2023.06.16	14:00:00	5337.891	5347.824	5334.028	5335.132	42956	153393	1
2023.06.16	15:00:00	5335.132	5337.891	5321.336	5325.751	50572	189399	1
2023.06.16	16:00:00	5325.751	5334.580	5325.199	5332.925	34928	143431	1
2023.06.16	17:00:00	5332.373	5340.650	5324.095	5330.165	20207	92854	1
2023.06.19	09:00:00	5336.236	5343.961	5300.918	5306.988	147848	484916	1
2023.06.19	10:00:00	5306.437	5309.196	5282.708	5290.433	125779	476436	1
2023.06.19	11:00:00	5290.985	5294.848	5273.878	5274.430	82271	310766	1
2023.06.19	12:00:00	5274.430	5283.260	5274.430	5277.189	44590	195313	1
2023.06.19	13:00:00	5277.189	5282.156	5274.982	5278.293	25161	98822	1
2023.06.19	14:00:00	5278.293	5278.845	5264.497	5277.189	42433	191850	1
2023.06.19	15:00:00	5276.637	5284.363	5272.223	5283.260	28560	117360	1
2023.06.19	16:00:00	5282.708	5285.467	5280.500	5281.604	21395	109509	1
2023.06.19	17:00:00	5282.156	5287.674	5276.086	5284.915	24280	119993	1
2023.06.20	09:00:00	5292.641	5303.126	5278.845	5290.433	178428	577006	1
2023.06.20	10:00:00	5290.985	5303.677	5287.122	5297.055	147853	500414	1
2023.06.20	11:00:00	5297.055	5308.092	5293.744	5294.296	120234	447694	1
2023.06.20	12:00:00	5294.296	5304.781	5283.260	5304.781	77653	292360	1
2023.06.20	13:00:00	5304.229	5311.955	5293.193	5307.540	72951	269839	1
2023.06.20	14:00:00	5308.092	5316.370	5298.711	5298.711	67468	242820	1
2023.06.20	15:00:00	5299.263	5301.470	5289.882	5295.400	56698	213630	1
2023.06.20	16:00:00	5294.848	5303.126	5293.193	5301.470	27546	123204	1
2023.06.20	17:00:00	5302.022	5303.126	5292.089	5297.055	16125	72859	1
2023.06.21	09:00:00	5297.607	5322.992	5285.467	5306.988	200669	694041	1
2023.06.21	10:00:00	5307.540	5315.266	5286.571	5290.433	148252	535030	1
2023.06.21	11:00:00	5290.433	5294.848	5266.704	5268.912	133411	486939	1
2023.06.21	12:00:00	5268.912	5274.430	5264.497	5264.497	55679	242634	1
2023.06.21	13:00:00	5265.049	5272.775	5264.497	5268.912	38119	176602	1
2023.06.21	14:00:00	5269.464	5271.119	5265.049	5269.464	29124	118707	1
2023.06.21	15:00:00	5269.464	5270.015	5262.842	5266.704	34771	154184	1
2023.06.21	16:00:00	5267.256	5272.223	5266.704	5268.360	28469	118726	1
2023.06.21	17:00:00	5268.360	5269.464	5262.842	5262.842	19365	96886	1
2023.06.22	09:00:00	5267.808	5278.845	5251.253	5259.531	173915	621177	1
2023.06.22	10:00:00	5260.082	5282.708	5259.531	5274.982	167906	567154	1
2023.06.22	11:00:00	5274.430	5285.467	5273.326	5278.293	79041	295406	1
2023.06.22	12:00:00	5278.293	5284.915	5268.912	5278.845	63623	261521	1
2023.06.22	13:00:00	5279.397	5282.708	5267.256	5269.464	52347	205762	1
2023.06.22	14:00:00	5269.464	5292.089	5269.464	5276.637	68750	258916	1
2023.06.22	15:00:00	5277.189	5279.397	5267.256	5278.293	44227	166802	1
2023.06.22	16:00:00	5278.293	5283.260	5272.223	5273.878	27716	117009	1
2023.06.22	17:00:00	5274.430	5279.397	5270.015	5273.878	18195	85288	1
2023.06.23	09:00:00	5292.641	5311.403	5290.433	5290.985	156044	523344	1
2023.06.23	10:00:00	5290.985	5304.781	5283.811	5288.778	136673	473012	1
2023.06.23	11:00:00	5288.778	5298.711	5275.534	5276.086	112087	419889	1
2023.06.23	12:00:00	5276.637	5279.949	5265.049	5274.982	78846	307762	1
2023.06.23	13:00:00	5274.430	5285.467	5272.223	5282.156	40918	167353	1
2023.06.23	14:00:00	5281.604	5284.915	5271.671	5272.775	33487	135052	1
2023.06.23	15:00:00	5272.775	5286.019	5272.775	5283.260	28891	121695	1
2023.06.23	16:00:00	5283.260	5283.811	5277.741	5278.293	20844	86817	1
2023.06.23	17:00:00	5278.293	5291.537	5276.637	5289.330	19560	91429	1
2023.06.26	09:00:00	5281.052	5282.708	5260.634	5261.186	96606	325894	1
2023.06.26	10:00:00	5261.738	5269.464	5255.116	5262.842	113246	386210	1
2023.06.26	11:00:00	5262.842	5278.293	5258.427	5274.982	92691	341171	1
2023.06.26	12:00:00	5274.430	5277.741	5267.256	5268.360	46150	170370	1
2023.06.26	13:00:00	5267.808	5274.982	5267.256	5268.360	33861	127367	1
2023.06.26	14:00:00	5268.360	5273.878	5262.842	5271.119	36834	148315	1
2023.06.26	15:00:00	5271.119	5272.223	5256.771	5261.738	41698	168271	1
2023.06.26	16:00:00	5261.738	5266.704	5260.082	5264.497	23744	102003	1
2023.06.26	17:00:00	5263.945	5269.464	5262.290	5267.256	16113	69952	1
2023.06.27	09:00:00	5265.601	5277.741	5245.183	5252.357	192968	628365	1
2023.06.27	10:00:00	5252.357	5293.193	5249.046	5288.778	154046	557941	1
2023.06.27	11:00:00	5289.330	5300.918	5280.500	5299.263	104388	440397	1
2023.06.27	12:00:00	5299.263	5306.437	5290.985	5304.229	66266	299547	1
2023.06.27	13:00:00	5304.781	5306.437	5292.641	5297.607	52135	224117	1
2023.06.27	14:00:00	5297.607	5304.781	5293.193	5298.711	42155	188662	1
2023.06.27	15:00:00	5299.263	5304.229	5290.985	5292.641	35624	176861	1
2023.06.27	16:00:00	5292.089	5297.607	5290.985	5295.952	25038	101122	1
2023.06.27	17:00:00	5296.504	5317.473	5295.952	5314.162	29903	161812	1
2023.06.28	09:00:00	5316.921	5376.519	5309.748	5371.553	239766	902308	1
2023.06.28	10:00:00	5371.553	5373.760	5354.998	5359.413	142728	545500	1
2023.06.28	11:00:00	5359.413	5369.346	5351.135	5359.964	91841	365906	1
2023.06.28	12:00:00	5360.516	5362.172	5342.858	5346.169	60805	261875	1
2023.06.28	13:00:00	5346.169	5357.757	5344.513	5351.135	39324	151094	1
2023.06.28	14:00:00	5351.687	5352.791	5340.098	5350.031	52309	210442	1
2023.06.28	15:00:00	5350.583	5350.583	5338.995	5342.306	42131	193029	1
2023.06.28	16:00:00	5342.306	5358.861	5340.650	5353.342	38253	163737	1
2023.06.28	17:00:00	5353.342	5358.309	5344.513	5356.653	26063	125202	1
2023.06.29	09:00:00	5350.583	5363.275	5331.821	5359.413	225003	745106	1
2023.06.29	10:00:00	5359.413	5373.760	5355.550	5367.690	140181	491489	1
2023.06.29	11:00:00	5367.690	5381.486	5364.379	5377.071	94503	389726	1
2023.06.29	12:00:00	5376.519	5377.071	5352.791	5354.998	64880	290210	1
2023.06.29	13:00:00	5354.998	5370.449	5352.791	5370.449	46422	202252	1
2023.06.29	14:00:00	5370.449	5372.657	5358.309	5369.346	40567	179030	1
2023.06.29	15:00:00	5368.794	5373.208	5362.172	5371.001	44294	190857	1
2023.06.29	16:00:00	5371.001	5371.553	5350.583	5352.791	50722	221532	1
2023.06.29	17:00:00	5352.791	5366.035	5342.306	5366.035	39700	178376	1
2023.06.30	09:00:00	5370.431	5380.873	5328.664	5333.610	189693	634199	1
2023.06.30	10:00:00	5333.610	5342.953	5318.771	5324.817	126605	469646	1
2023.06.30	11:00:00	5325.366	5337.457	5314.375	5329.763	107684	443129	1
2023.06.30	12:00:00	5329.763	5330.862	5313.276	5314.924	66830	307808	1
2023.06.30	13:00:00	5314.375	5316.573	5291.842	5293.491	70010	303174	1
2023.06.30	14:00:00	5293.491	5310.528	5292.392	5296.239	52684	223397	1
2023.06.30	15:00:00	5295.689	5299.536	5284.698	5295.689	55525	244631	1
2023.06.30	16:00:00	5295.689	5299.536	5286.346	5290.194	33745	152224	1
2023.06.30	17:00:00	5290.194	5305.582	5284.698	5287.995	22738	118925	1
2023.07.03	09:00:00	5298.987	5298.987	5257.769	5284.148	171427	539600	1
2023.07.03	10:00:00	5284.148	5295.689	5271.508	5274.805	134332	428654	1
2023.07.03	11:00:00	5274.256	5291.842	5268.760	5285.247	108569	378693	1
2023.07.03	12:00:00	5285.797	5291.842	5279.752	5290.194	51302	184962	1
2023.07.03	13:00:00	5290.194	5304.482	5281.400	5297.888	56507	210228	1
2023.07.03	14:00:00	5298.437	5305.032	5293.491	5303.933	34323	162394	1
2023.07.03	15:00:00	5303.383	5304.482	5294.590	5302.834	24084	93780	1
2023.07.03	16:00:00	5302.834	5308.879	5301.185	5308.329	24820	105137	1
2023.07.03	17:00:00	5308.329	5314.924	5306.681	5311.627	19951	106327	1
2023.07.04	09:00:00	5301.185	5303.383	5283.599	5289.094	102028	303180	1
2023.07.04	10:00:00	5289.644	5300.086	5286.896	5297.888	82040	239748	1
2023.07.04	11:00:00	5298.437	5323.168	5297.888	5321.519	96026	323069	1
2023.07.04	12:00:00	5321.519	5326.465	5316.023	5320.970	47753	181040	1
2023.07.04	13:00:00	5320.970	5329.763	5318.771	5327.565	31583	115468	1
2023.07.04	14:00:00	5327.015	5351.196	5324.267	5348.998	51331	211373	1
2023.07.04	15:00:00	5349.547	5353.394	5340.205	5341.853	41520	170205	1
2023.07.04	16:00:00	5341.853	5347.349	5336.907	5345.700	21534	78032	1
2023.07.04	17:00:00	5345.700	5356.692	5344.601	5347.349	27259	134457	1
2023.07.05	09:00:00	5350.647	5378.125	5345.151	5353.944	188041	563742	1
2023.07.05	10:00:00	5353.944	5375.377	5341.304	5368.783	165058	527874	1
2023.07.05	11:00:00	5368.233	5370.981	5348.448	5363.836	111497	420529	1
2023.07.05	12:00:00	5363.287	5371.530	5355.593	5363.836	52439	219413	1
2023.07.05	13:00:00	5364.386	5369.332	5358.890	5365.485	39846	149887	1
2023.07.05	14:00:00	5364.935	5366.584	5339.655	5341.304	50939	193046	1
2023.07.05	15:00:00	5341.853	5353.944	5339.106	5353.394	51181	182006	1
2023.07.05	16:00:00	5353.944	5357.791	5347.349	5356.692	26005	108615	1
2023.07.05	17:00:00	5357.241	5357.241	5346.250	5355.593	20464	89253	1
2023.07.06	09:00:00	5353.394	5405.054	5345.700	5399.559	244838	806667	1
2023.07.06	10:00:00	5399.559	5399.559	5374.278	5389.666	140084	452656	1
2023.07.06	11:00:00	5390.216	5417.695	5390.216	5415.496	137481	535457	1
2023.07.06	12:00:00	5415.496	5439.677	5410.550	5438.029	101473	400692	1
2023.07.06	13:00:00	5438.578	5466.607	5429.785	5451.768	111880	455035	1
2023.07.06	14:00:00	5452.318	5455.066	5433.083	5433.632	61525	265165	1
2023.07.06	15:00:00	5434.182	5441.876	5424.289	5441.326	57115	224714	1
2023.07.06	16:00:00	5441.326	5444.624	5438.029	5443.524	24602	103741	1
2023.07.06	17:00:00	5443.524	5453.417	5429.785	5432.533	32182	152443	1
2023.07.07	09:00:00	5431.983	5450.669	5377.026	5409.451	324137	994639	1
2023.07.07	10:00:00	5409.451	5434.182	5380.324	5391.315	183201	620161	1
2023.07.07	11:00:00	5391.315	5393.513	5364.386	5372.080	109844	395994	1
2023.07.07	12:00:00	5372.080	5373.729	5365.485	5368.233	34185	143895	1
2023.07.07	13:00:00	5368.783	5369.882	5355.593	5363.287	51362	189253	1
2023.07.07	14:00:00	5362.737	5368.233	5351.746	5363.287	53064	198429	1
2023.07.07	15:00:00	5362.737	5363.836	5352.845	5360.539	36027	135075	1
2023.07.07	16:00:00	5359.989	5372.630	5359.440	5370.431	38084	143681	1
2023.07.07	17:00:00	5369.882	5380.324	5367.683	5379.224	21001	84782	1
2023.07.10	09:00:00	5372.630	5386.369	5358.890	5375.377	195737	548288	1
2023.07.10	10:00:00	5375.377	5389.117	5360.539	5384.171	157763	505813	1
2023.07.10	11:00:00	5384.171	5399.559	5375.377	5377.026	128540	426828	1
2023.07.10	12:00:00	5377.576	5390.216	5367.134	5369.882	68208	225785	1
2023.07.10	13:00:00	5369.882	5378.125	5367.683	5375.927	37203	120490	1
2023.07.10	14:00:00	5376.477	5381.423	5367.134	5380.324	40254	135421	1
2023.07.10	15:00:00	5380.324	5390.765	5375.377	5387.468	53022	182488	1
2023.07.10	16:00:00	5386.918	5392.414	5384.171	5388.018	23694	82524	1
2023.07.10	17:00:00	5388.018	5411.649	5386.918	5409.451	37857	158935	1
2023.07.11	09:00:00	5403.955	5431.434	5386.369	5404.505	232055	684206	1
2023.07.11	10:00:00	5403.955	5428.686	5395.162	5420.442	177573	576931	1
2023.07.11	11:00:00	5419.893	5420.992	5389.666	5401.757	106560	359320	1
2023.07.11	12:00:00	5401.757	5403.406	5384.720	5387.468	66718	217200	1
2023.07.11	13:00:00	5387.468	5392.414	5377.026	5379.224	42708	154867	1
2023.07.11	14:00:00	5379.224	5383.621	5363.836	5367.134	58571	222365	1
2023.07.11	15:00:00	5367.134	5372.630	5359.989	5362.188	45594	168102	1
2023.07.11	16:00:00	5362.188	5363.287	5355.593	5363.287	30133	105711	1
2023.07.11	17:00:00	5362.737	5363.287	5352.845	5357.241	25616	102488	1
2023.07.12	09:00:00	5350.097	5361.638	5294.041	5300.086	295412	873768	1
2023.07.12	10:00:00	5300.635	5311.077	5286.896	5291.293	148340	486569	1
2023.07.12	11:00:00	5291.293	5316.023	5277.004	5302.284	160461	583091	1
2023.07.12	12:00:00	5302.284	5319.870	5301.735	5309.978	78658	277863	1
2023.07.12	13:00:00	5309.978	5314.375	5300.086	5300.635	40634	145843	1
2023.07.12	14:00:00	5301.185	5310.528	5296.788	5309.978	47300	167118	1
2023.07.12	15:00:00	5309.978	5323.717	5305.582	5312.726	53253	199974	1
2023.07.12	16:00:00	5312.176	5318.222	5309.978	5313.276	28258	115105	1
2023.07.12	17:00:00	5312.726	5323.168	5311.627	5314.375	23293	100286	1
2023.07.13	09:00:00	5293.491	5323.717	5290.194	5302.284	243701	753492	1
2023.07.13	10:00:00	5302.284	5306.131	5287.446	5291.842	149017	494080	1
2023.07.13	11:00:00	5291.842	5311.627	5290.743	5298.437	105543	385332	1
2023.07.13	12:00:00	5298.437	5319.870	5297.338	5307.780	84700	310737	1
2023.07.13	13:00:00	5307.780	5311.627	5283.599	5290.743	69802	266158	1
2023.07.13	14:00:00	5290.743	5297.338	5284.698	5284.698	45489	157170	1
2023.07.13	15:00:00	5284.698	5293.491	5279.202	5279.752	56548	229170	1
2023.07.13	16:00:00	5279.202	5285.797	5278.652	5281.950	28395	114349	1
2023.07.13	17:00:00	5282.499	5296.788	5280.301	5290.194	23003	124541	1
2023.07.14	09:00:00	5296.239	5305.582	5268.211	5269.859	205417	627656	1
2023.07.14	10:00:00	5269.310	5298.437	5265.463	5288.545	180051	608266	1
2023.07.14	11:00:00	5289.094	5305.032	5282.499	5292.941	141676	478347	1
2023.07.14	12:00:00	5292.941	5294.590	5278.652	5291.293	49181	177516	1
2023.07.14	13:00:00	5290.743	5308.329	5285.797	5298.437	56596	210964	1
2023.07.14	14:00:00	5298.437	5306.131	5291.842	5294.041	37880	150910	1
2023.07.14	15:00:00	5294.590	5294.590	5273.157	5281.950	57993	316621	1
2023.07.14	16:00:00	5281.950	5287.995	5281.400	5285.797	29378	130708	1
2023.07.14	17:00:00	5286.346	5290.743	5279.202	5281.950	19964	84242	1
2023.07.17	09:00:00	5292.392	5320.970	5287.446	5313.825	147083	445575	1
2023.07.17	10:00:00	5314.375	5345.151	5311.627	5334.709	158852	538031	1
2023.07.17	11:00:00	5334.709	5342.403	5327.565	5328.114	91568	319414	1
2023.07.17	12:00:00	5328.114	5334.159	5318.222	5319.321	59670	233561	1
2023.07.17	13:00:00	5318.771	5324.267	5309.429	5309.429	44413	180415	1
2023.07.17	14:00:00	5309.978	5311.077	5289.644	5292.941	71333	293984	1
2023.07.17	15:00:00	5292.392	5301.185	5289.094	5300.086	44699	169347	1
2023.07.17	16:00:00	5299.536	5307.230	5296.239	5297.338	37368	156073	1
2023.07.17	17:00:00	5297.888	5301.735	5295.140	5297.888	17484	67491	1
2023.07.18	09:00:00	5295.689	5318.771	5284.698	5294.590	234830	748855	1
2023.07.18	10:00:00	5294.590	5313.276	5290.743	5291.842	184075	559826	1
2023.07.18	11:00:00	5292.392	5308.879	5283.049	5288.545	120883	463988	1
2023.07.18	12:00:00	5289.094	5293.491	5283.049	5288.545	57802	246376	1
2023.07.18	13:00:00	5287.995	5301.735	5283.599	5301.735	46816	201671	1
2023.07.18	14:00:00	5301.185	5310.528	5298.437	5303.933	55376	240356	1
2023.07.18	15:00:00	5304.482	5307.780	5296.239	5301.185	34139	144589	1
2023.07.18	16:00:00	5301.185	5304.482	5295.689	5297.338	24807	108240	1
2023.07.18	17:00:00	5297.338	5304.482	5296.788	5302.834	19751	98233	1
2023.07.19	09:00:00	5305.582	5311.627	5292.941	5297.338	157101	498908	1
2023.07.19	10:00:00	5297.338	5300.086	5267.661	5273.157	151098	531599	1
2023.07.19	11:00:00	5272.607	5287.446	5269.859	5280.851	111655	398429	1
2023.07.19	12:00:00	5280.851	5290.194	5279.202	5289.094	53760	219284	1
2023.07.19	13:00:00	5289.644	5291.842	5283.599	5285.247	33500	132269	1
2023.07.19	14:00:00	5285.247	5287.995	5274.805	5279.202	40119	161144	1
2023.07.19	15:00:00	5279.202	5281.950	5266.012	5269.859	49533	191160	1
2023.07.19	16:00:00	5269.310	5271.508	5266.562	5270.409	23578	102145	1
2023.07.19	17:00:00	5270.409	5279.202	5268.211	5276.454	18428	86576	1
2023.07.20	09:00:00	5277.004	5287.995	5270.409	5273.706	148774	457638	1
2023.07.20	10:00:00	5274.256	5277.004	5252.823	5252.823	149536	498560	1
2023.07.20	11:00:00	5253.372	5297.338	5251.723	5286.896	155915	628637	1
2023.07.20	12:00:00	5286.896	5297.888	5279.752	5295.140	77820	311794	1
2023.07.20	13:00:00	5295.140	5296.788	5283.049	5295.140	46684	175921	1
2023.07.20	14:00:00	5295.689	5298.987	5283.599	5285.247	40280	187985	1
2023.07.20	15:00:00	5285.797	5292.392	5276.454	5291.293	51937	213066	1
2023.07.20	16:00:00	5291.293	5294.041	5284.148	5287.446	29648	112009	1
2023.07.20	17:00:00	5287.995	5291.842	5281.950	5281.950	17034	91158	1
2023.07.21	09:00:00	5306.681	5308.879	5255.570	5264.913	208378	707201	1
2023.07.21	10:00:00	5264.913	5266.012	5240.182	5244.029	140715	487905	1
2023.07.21	11:00:00	5244.579	5258.868	5242.381	5255.021	90880	316589	1
2023.07.21	12:00:00	5255.570	5258.318	5241.831	5249.525	50139	193493	1
2023.07.21	13:00:00	5248.976	5259.417	5247.327	5251.174	36071	178142	1
2023.07.21	14:00:00	5251.174	5256.670	5249.525	5250.075	25429	109356	1
2023.07.21	15:00:00	5250.624	5256.120	5247.327	5253.922	25862	111037	1
2023.07.21	16:00:00	5254.471	5262.715	5253.922	5261.066	28478	109636	1
2023.07.21	17:00:00	5261.066	5265.463	5253.922	5263.814	23063	98809	1
2023.07.24	09:00:00	5251.723	5263.264	5230.840	5236.335	170948	583177	1
2023.07.24	10:00:00	5236.335	5251.174	5233.038	5237.434	136545	472315	1
2023.07.24	11:00:00	5237.434	5240.182	5205.010	5212.704	143148	537363	1
2023.07.24	12:00:00	5212.704	5213.253	5197.865	5207.208	74929	320428	1
2023.07.24	13:00:00	5207.208	5209.956	5202.811	5206.658	35211	156795	1
2023.07.24	14:00:00	5206.658	5210.505	5201.712	5208.307	31193	126687	1
2023.07.24	15:00:00	5207.758	5211.605	5202.811	5207.758	36248	144813	1
2023.07.24	16:00:00	5208.307	5211.605	5206.109	5208.307	24157	151571	1
2023.07.24	17:00:00	5207.758	5211.605	5202.811	5204.460	23282	113779	1
2023.07.25	09:00:00	5200.063	5231.939	5190.721	5226.993	204795	690151	1
2023.07.25	10:00:00	5226.993	5236.885	5212.704	5226.993	144103	527371	1
2023.07.25	11:00:00	5226.993	5231.389	5201.712	5212.704	121450	471780	1
2023.07.25	12:00:00	5212.704	5223.695	5212.154	5218.749	54664	189021	1
2023.07.25	13:00:00	5218.749	5229.740	5213.253	5225.893	44438	163778	1
2023.07.25	14:00:00	5225.893	5227.542	5218.749	5219.848	34266	134506	1
2023.07.25	15:00:00	5220.398	5230.840	5218.199	5230.290	38395	182654	1
2023.07.25	16:00:00	5229.740	5230.290	5222.046	5225.893	29197	161516	1
2023.07.25	17:00:00	5225.893	5230.840	5223.146	5230.840	15599	79288	1
2023.07.26	09:00:00	5217.650	5229.740	5203.361	5217.100	153726	515538	1
2023.07.26	10:00:00	5216.551	5217.100	5200.063	5207.758	127348	435026	1
2023.07.26	11:00:00	5207.758	5214.352	5200.063	5203.910	67246	269662	1
2023.07.26	12:00:00	5203.910	5211.605	5203.361	5208.857	34840	162158	1
2023.07.26	13:00:00	5208.857	5213.253	5205.010	5205.559	29676	120105	1
2023.07.26	14:00:00	5205.559	5222.046	5205.010	5214.352	45067	254235	1
2023.07.26	15:00:00	5214.352	5223.146	5193.469	5197.865	120874	411619	1
2023.07.26	16:00:00	5197.865	5205.559	5196.216	5199.514	39760	167457	1
2023.07.26	17:00:00	5199.514	5212.154	5198.415	5208.857	17618	84400	1
2023.07.27	09:00:00	5195.117	5208.307	5180.279	5194.568	186764	592491	1
2023.07.27	10:00:00	5195.117	5206.109	5178.630	5190.171	168216	596521	1
2023.07.27	11:00:00	5190.171	5205.559	5190.171	5205.010	89392	387605	1
2023.07.27	12:00:00	5204.460	5206.109	5186.874	5189.622	57915	267374	1
2023.07.27	13:00:00	5189.072	5192.369	5184.126	5189.072	31128	120371	1
2023.07.27	14:00:00	5189.072	5197.316	5185.225	5189.622	55032	215388	1
2023.07.27	15:00:00	5189.622	5228.092	5189.072	5220.947	85399	383304	1
2023.07.27	16:00:00	5220.947	5233.587	5212.154	5233.038	52115	245145	1
2023.07.27	17:00:00	5233.038	5234.687	5216.001	5216.001	28161	123635	1
2023.07.28	09:00:00	5198.415	5201.163	5162.692	5179.729	209871	738753	1
2023.07.28	10:00:00	5179.729	5204.460	5179.729	5195.117	151357	558464	1
2023.07.28	11:00:00	5195.667	5198.964	5184.675	5189.622	83309	334946	1
2023.07.28	12:00:00	5190.171	5203.910	5189.072	5201.712	38089	158597	1
2023.07.28	13:00:00	5201.712	5214.352	5200.613	5201.712	50406	196042	1
2023.07.28	14:00:00	5201.712	5209.406	5195.667	5196.766	42852	171691	1
2023.07.28	15:00:00	5196.216	5207.758	5194.018	5199.514	39111	147567	1
2023.07.28	16:00:00	5198.964	5206.109	5196.766	5201.163	30493	157343	1
2023.07.28	17:00:00	5201.163	5206.109	5195.667	5206.109	15689	86740	1
2023.07.31	09:00:00	5203.923	5210.481	5182.609	5192.992	129722	435875	1
2023.07.31	10:00:00	5192.992	5221.411	5190.260	5217.039	131786	481289	1
2023.07.31	11:00:00	5217.039	5233.981	5209.388	5232.342	96662	396675	1
2023.07.31	12:00:00	5231.795	5233.435	5213.213	5214.307	50438	223024	1
2023.07.31	13:00:00	5214.307	5219.225	5212.667	5216.493	21743	94226	1
2023.07.31	14:00:00	5216.493	5218.132	5202.830	5206.109	35114	139562	1
2023.07.31	15:00:00	5206.655	5213.213	5200.097	5201.737	45308	197514	1
2023.07.31	16:00:00	5202.283	5203.923	5197.911	5199.551	30673	128835	1
2023.07.31	17:00:00	5199.551	5202.830	5195.178	5195.178	20038	102955	1
2023.08.01	09:00:00	5197.365	5247.097	5197.365	5239.446	173828	590663	1
2023.08.01	10:00:00	5239.446	5254.202	5237.260	5245.458	137618	478277	1
2023.08.01	11:00:00	5245.458	5257.481	5232.888	5248.190	124549	461790	1
2023.08.01	12:00:00	5248.190	5264.586	5245.458	5256.935	63922	256385	1
2023.08.01	13:00:00	5257.481	5268.958	5255.842	5265.132	49603	201265	1
2023.08.01	14:00:00	5265.132	5271.144	5263.493	5271.144	43853	192154	1
2023.08.01	15:00:00	5271.144	5276.609	5266.772	5270.598	50696	234760	1
2023.08.01	16:00:00	5270.598	5271.144	5264.039	5265.679	33955	156502	1
2023.08.01	17:00:00	5265.679	5270.598	5262.400	5268.412	28009	138129	1
2023.08.02	09:00:00	5276.063	5276.609	5254.202	5265.679	186818	598259	1
2023.08.02	10:00:00	5266.226	5287.540	5260.760	5284.807	134641	460741	1
2023.08.02	11:00:00	5284.807	5297.377	5275.516	5293.005	112299	431723	1
2023.08.02	12:00:00	5293.005	5299.016	5285.354	5289.726	58718	256937	1
2023.08.02	13:00:00	5289.726	5292.458	5277.702	5278.795	36762	155004	1
2023.08.02	14:00:00	5278.249	5282.621	5264.039	5281.528	67446	263302	1
2023.08.02	15:00:00	5281.528	5284.261	5277.156	5283.167	30993	122637	1
2023.08.02	16:00:00	5283.714	5284.807	5272.784	5279.888	37084	158527	1
2023.08.02	17:00:00	5279.888	5288.086	5278.249	5286.447	20494	102363	1
2023.08.03	09:00:00	5324.156	5354.215	5320.877	5347.110	254636	884804	1
2023.08.03	10:00:00	5346.563	5373.343	5344.377	5371.703	177339	661931	1
2023.08.03	11:00:00	5372.250	5382.087	5358.040	5366.784	133456	551994	1
2023.08.03	12:00:00	5366.784	5371.157	5353.668	5366.784	71401	283965	1
2023.08.03	13:00:00	5366.238	5367.877	5351.482	5356.947	38704	166068	1
2023.08.03	14:00:00	5356.401	5365.145	5355.308	5362.412	40285	163869	1
2023.08.03	15:00:00	5362.412	5370.610	5356.947	5369.517	38934	189993	1
2023.08.03	16:00:00	5369.517	5384.273	5364.598	5383.180	44793	209512	1
2023.08.03	17:00:00	5383.726	5408.320	5378.261	5405.040	46088	233188	1
2023.08.04	09:00:00	5405.040	5409.413	5348.749	5356.401	246657	862398	1
2023.08.04	10:00:00	5355.854	5360.226	5329.075	5352.028	152173	598550	1
2023.08.04	11:00:00	5351.482	5356.401	5325.796	5325.796	111826	421533	1
2023.08.04	12:00:00	5326.342	5334.540	5323.610	5333.447	48971	193905	1
2023.08.04	13:00:00	5333.447	5333.993	5325.249	5330.714	25828	106772	1
2023.08.04	14:00:00	5330.714	5335.086	5325.249	5334.540	33776	154368	1
2023.08.04	15:00:00	5334.540	5350.935	5333.993	5346.563	66675	277061	1
2023.08.04	16:00:00	5346.563	5355.854	5344.377	5354.761	34892	164134	1
2023.08.04	17:00:00	5354.761	5356.947	5342.191	5353.668	24164	99436	1
2023.08.07	09:00:00	5350.389	5376.075	5346.017	5364.598	134644	410599	1
2023.08.07	10:00:00	5365.145	5396.843	5364.052	5389.192	134748	486935	1
2023.08.07	11:00:00	5389.192	5395.750	5383.726	5394.657	71776	279676	1
2023.08.07	12:00:00	5394.657	5395.203	5377.168	5379.354	60134	245242	1
2023.08.07	13:00:00	5379.354	5392.471	5377.715	5390.831	35505	139556	1
2023.08.07	14:00:00	5391.378	5394.110	5380.447	5384.273	40436	167736	1
2023.08.07	15:00:00	5384.819	5384.819	5374.982	5377.168	36668	155263	1
2023.08.07	16:00:00	5377.168	5378.808	5373.889	5374.436	22845	136665	1
2023.08.07	17:00:00	5374.436	5383.180	5374.436	5381.540	20684	88081	1
2023.08.08	09:00:00	5415.424	5424.715	5399.575	5404.494	178995	583499	1
2023.08.08	10:00:00	5403.947	5411.052	5393.017	5406.134	145429	492925	1
2023.08.08	11:00:00	5406.680	5415.971	5398.482	5405.040	126453	495346	1
2023.08.08	12:00:00	5405.587	5407.773	5383.726	5390.831	76935	281988	1
2023.08.08	13:00:00	5390.285	5390.831	5379.901	5383.180	47992	187770	1
2023.08.08	14:00:00	5383.180	5385.912	5367.877	5373.889	66578	259269	1
2023.08.08	15:00:00	5373.343	5382.633	5371.157	5376.622	52892	206539	1
2023.08.08	16:00:00	5376.075	5378.808	5374.436	5376.075	24309	121452	1
2023.08.08	17:00:00	5376.075	5380.994	5373.343	5380.994	17909	78616	1
2023.08.09	09:00:00	5371.703	5384.273	5349.296	5373.889	209266	650548	1
2023.08.09	10:00:00	5374.436	5388.099	5361.866	5377.715	174820	566026	1
2023.08.09	11:00:00	5377.168	5387.552	5371.157	5383.180	100870	379577	1
2023.08.09	12:00:00	5382.633	5391.924	5376.075	5379.901	70094	290103	1
2023.08.09	13:00:00	5379.901	5387.005	5372.796	5382.633	44628	159466	1
2023.08.09	14:00:00	5382.633	5392.471	5373.343	5387.005	64325	300135	1
2023.08.09	15:00:00	5386.459	5395.203	5380.447	5382.087	50495	214937	1
2023.08.09	16:00:00	5381.540	5387.552	5380.994	5383.726	26611	110473	1
2023.08.09	17:00:00	5383.726	5385.366	5379.354	5379.901	18178	84774	1
2023.08.10	09:00:00	5366.238	5371.157	5329.075	5340.005	231355	764913	1
2023.08.10	10:00:00	5340.552	5348.749	5320.331	5321.970	155476	520423	1
2023.08.10	11:00:00	5321.970	5326.889	5314.865	5317.598	108895	417444	1
2023.08.10	12:00:00	5317.598	5320.877	5312.679	5318.144	51324	211495	1
2023.08.10	13:00:00	5318.144	5328.528	5315.958	5326.889	45570	186013	1
2023.08.10	14:00:00	5326.889	5344.924	5324.703	5343.831	69117	288380	1
2023.08.10	15:00:00	5344.377	5348.203	5340.552	5344.377	63934	267975	1
2023.08.10	16:00:00	5344.924	5360.773	5344.377	5358.587	45478	180027	1
2023.08.10	17:00:00	5358.587	5372.250	5355.854	5369.517	27939	133946	1
2023.08.11	09:00:00	5349.296	5380.447	5335.086	5377.715	215134	665748	1
2023.08.11	10:00:00	5377.715	5384.819	5367.877	5374.982	117836	393940	1
2023.08.11	11:00:00	5375.529	5379.354	5350.389	5355.308	139632	489514	1
2023.08.11	12:00:00	5354.761	5375.529	5349.296	5370.063	75770	278835	1
2023.08.11	13:00:00	5370.063	5375.529	5365.691	5370.610	44643	205112	1
2023.08.11	14:00:00	5370.063	5378.808	5367.331	5376.075	43518	174022	1
2023.08.11	15:00:00	5376.075	5378.808	5370.610	5378.261	33861	133059	1
2023.08.11	16:00:00	5377.715	5383.180	5373.889	5380.447	25338	96071	1
2023.08.11	17:00:00	5380.447	5387.005	5378.261	5384.273	24113	117257	1
2023.08.14	09:00:00	5390.831	5414.331	5387.005	5409.413	153117	486854	1
2023.08.14	10:00:00	5408.866	5444.936	5407.773	5436.192	170984	633614	1
2023.08.14	11:00:00	5436.738	5437.285	5425.262	5432.913	85506	345144	1
2023.08.14	12:00:00	5432.366	5442.204	5429.087	5435.099	63078	246855	1
2023.08.14	13:00:00	5435.099	5436.192	5424.169	5425.262	40423	161085	1
2023.08.14	14:00:00	5425.808	5433.459	5421.436	5430.180	46891	195362	1
2023.08.14	15:00:00	5430.180	5444.390	5429.634	5441.657	47822	213143	1
2023.08.14	16:00:00	5442.204	5452.587	5440.018	5446.029	53402	244797	1
2023.08.14	17:00:00	5446.576	5452.587	5441.657	5441.657	28519	136163	1
2023.08.15	09:00:00	5457.506	5476.088	5440.018	5454.227	254227	824845	1
2023.08.15	10:00:00	5454.227	5480.460	5437.831	5468.436	188325	641024	1
2023.08.15	11:00:00	5468.983	5477.181	5454.227	5461.878	126351	461545	1
2023.08.15	12:00:00	5461.878	5462.971	5452.041	5456.413	49763	199532	1
2023.08.15	13:00:00	5456.959	5476.088	5454.227	5472.262	49158	201690	1
2023.08.15	14:00:00	5472.262	5474.448	5461.878	5464.064	38197	176948	1
2023.08.15	15:00:00	5463.518	5473.355	5460.785	5472.808	41467	176834	1
2023.08.15	16:00:00	5472.262	5472.808	5466.250	5468.983	30527	139329	1
2023.08.15	17:00:00	5468.983	5471.169	5462.971	5466.797	17330	117235	1
2023.08.16	09:00:00	5454.773	5461.332	5440.564	5459.692	166403	504005	1
2023.08.16	10:00:00	5459.692	5472.808	5454.227	5464.611	165555	547210	1
2023.08.16	11:00:00	5464.064	5468.983	5446.576	5447.122	103045	376609	1
2023.08.16	12:00:00	5446.576	5448.215	5426.901	5444.936	98889	377296	1
2023.08.16	13:00:00	5444.390	5458.053	5442.204	5456.959	50010	234997	1
2023.08.16	14:00:00	5457.506	5462.425	5447.669	5449.855	57531	219765	1
2023.08.16	15:00:00	5449.855	5465.704	5440.564	5461.878	100429	364334	1
2023.08.16	16:00:00	5462.425	5468.983	5456.959	5466.797	49999	205190	1
2023.08.16	17:00:00	5466.797	5472.808	5464.064	5468.436	18037	153215	1
2023.08.17	09:00:00	5450.948	5464.064	5438.924	5457.506	187770	572914	1
2023.08.17	10:00:00	5456.959	5461.878	5436.192	5449.308	156611	497574	1
2023.08.17	11:00:00	5449.308	5477.727	5446.029	5464.064	131317	455764	1
2023.08.17	12:00:00	5464.064	5472.262	5452.587	5463.518	80616	298393	1
2023.08.17	13:00:00	5464.064	5467.343	5449.855	5451.494	53326	184779	1
2023.08.17	14:00:00	5451.494	5471.169	5449.855	5462.425	62869	260765	1
2023.08.17	15:00:00	5462.425	5476.088	5461.332	5467.890	51898	194342	1
2023.08.17	16:00:00	5468.436	5469.529	5457.506	5460.239	43809	149274	1
2023.08.17	17:00:00	5460.239	5464.611	5453.680	5455.320	16525	95372	1
2023.08.18	09:00:00	5456.959	5481.006	5451.494	5466.250	187456	565112	1
2023.08.18	10:00:00	5466.250	5478.820	5449.855	5452.587	179917	558620	1
2023.08.18	11:00:00	5452.587	5456.413	5435.099	5435.645	111078	387913	1
2023.08.18	12:00:00	5435.645	5442.750	5432.366	5441.657	65416	273942	1
2023.08.18	13:00:00	5441.657	5443.843	5432.366	5438.378	43926	197036	1
2023.08.18	14:00:00	5438.924	5447.669	5436.738	5441.657	41211	143983	1
2023.08.18	15:00:00	5441.657	5447.122	5438.924	5445.483	29985	112205	1
2023.08.18	16:00:00	5446.029	5447.669	5441.657	5443.297	22237	88228	1
2023.08.18	17:00:00	5443.297	5448.215	5441.111	5445.483	18112	92887	1
2023.08.21	09:00:00	5443.297	5450.948	5431.273	5446.029	138531	424758	1
2023.08.21	10:00:00	5446.029	5471.169	5441.111	5462.971	145285	472433	1
2023.08.21	11:00:00	5462.425	5473.355	5457.506	5466.250	107993	370284	1
2023.08.21	12:00:00	5465.704	5470.622	5460.239	5462.971	48182	189127	1
2023.08.21	13:00:00	5462.971	5463.518	5454.773	5456.959	43111	168667	1
2023.08.21	14:00:00	5456.959	5464.064	5456.413	5462.425	32206	115983	1
2023.08.21	15:00:00	5462.971	5463.518	5451.494	5455.320	36424	137165	1
2023.08.21	16:00:00	5455.866	5456.959	5451.494	5453.134	25781	83552	1
2023.08.21	17:00:00	5453.680	5460.239	5452.041	5456.413	19788	86951	1
2023.08.22	09:00:00	5437.831	5437.831	5413.238	5425.262	190180	617729	1
2023.08.22	10:00:00	5424.715	5437.285	5414.331	5425.262	160853	522906	1
2023.08.22	11:00:00	5425.808	5426.355	5394.657	5395.750	145071	541880	1
2023.08.22	12:00:00	5396.296	5408.320	5393.564	5407.227	56789	217567	1
2023.08.22	13:00:00	5407.227	5409.413	5403.401	5406.134	30307	117090	1
2023.08.22	14:00:00	5406.680	5411.052	5399.575	5401.215	40140	145320	1
2023.08.22	15:00:00	5401.215	5404.494	5396.843	5403.947	31357	118789	1
2023.08.22	16:00:00	5403.401	5409.413	5401.215	5409.413	24250	97624	1
2023.08.22	17:00:00	5408.866	5409.959	5403.947	5408.866	19079	88304	1
2023.08.23	09:00:00	5394.110	5409.413	5391.378	5402.854	141193	455827	1
2023.08.23	10:00:00	5403.401	5405.587	5357.494	5361.866	210113	769758	1
2023.08.23	11:00:00	5361.866	5366.784	5346.017	5350.935	116448	485704	1
2023.08.23	12:00:00	5350.935	5353.122	5340.552	5341.098	61718	280799	1
2023.08.23	13:00:00	5340.552	5341.645	5318.144	5321.424	84223	383342	1
2023.08.23	14:00:00	5321.970	5326.342	5318.691	5323.063	41824	171433	1
2023.08.23	15:00:00	5323.063	5330.168	5319.784	5320.877	44901	190970	1
2023.08.23	16:00:00	5320.877	5321.424	5309.947	5315.958	49457	222745	1
2023.08.23	17:00:00	5315.958	5318.691	5304.482	5317.598	43576	193410	1
2023.08.24	09:00:00	5332.900	5344.924	5325.796	5341.098	154079	507663	1
2023.08.24	10:00:00	5340.552	5349.296	5318.691	5320.877	164838	559986	1
2023.08.24	11:00:00	5320.877	5333.993	5314.319	5333.447	115554	400446	1
2023.08.24	12:00:00	5333.447	5346.563	5331.261	5346.017	67005	275400	1
2023.08.24	13:00:00	5346.017	5347.656	5335.086	5336.180	45294	189860	1
2023.08.24	14:00:00	5335.633	5340.005	5329.621	5329.621	41153	155267	1
2023.08.24	15:00:00	5329.621	5338.912	5328.528	5331.261	36187	142198	1
2023.08.24	16:00:00	5331.261	5341.645	5329.621	5341.098	30235	123186	1
2023.08.24	17:00:00	5341.098	5348.203	5340.552	5344.924	20096	111248	1
2023.08.25	09:00:00	5341.645	5343.284	5315.412	5330.168	165531	527828	1
2023.08.25	10:00:00	5330.168	5351.482	5326.889	5338.912	129890	453673	1
2023.08.25	11:00:00	5339.459	5362.959	5322.517	5352.575	208964	756977	1
2023.08.25	12:00:00	5352.028	5352.575	5335.086	5336.726	82061	329261	1
2023.08.25	13:00:00	5336.726	5339.459	5327.435	5330.714	48237	182549	1
2023.08.25	14:00:00	5331.261	5337.273	5326.342	5333.447	42753	145998	1
2023.08.25	15:00:00	5333.447	5336.726	5320.877	5321.970	46065	194145	1
2023.08.25	16:00:00	5321.970	5336.726	5320.877	5334.540	34146	150928	1
2023.08.25	17:00:00	5333.993	5340.552	5330.714	5330.714	21940	105098	1
2023.08.28	09:00:00	5334.540	5348.749	5321.970	5338.366	113835	328039	1
2023.08.28	10:00:00	5337.819	5359.680	5336.180	5353.668	114133	333917	1
2023.08.28	11:00:00	5353.122	5362.412	5347.656	5359.680	95532	299867	1
2023.08.28	12:00:00	5359.133	5361.319	5351.482	5352.575	41589	141093	1
2023.08.28	13:00:00	5352.575	5366.238	5351.482	5365.145	45573	167539	1
2023.08.28	14:00:00	5365.145	5372.250	5359.680	5362.412	59556	237427	1
2023.08.28	15:00:00	5362.412	5363.505	5332.900	5335.086	82339	341456	1
2023.08.28	16:00:00	5335.086	5337.819	5330.168	5332.354	39176	155437	1
2023.08.28	17:00:00	5332.900	5335.086	5329.621	5332.354	18698	84720	1
2023.08.29	09:00:00	5337.273	5357.494	5332.900	5344.377	154649	465958	1
2023.08.29	10:00:00	5343.831	5361.319	5336.726	5353.122	157237	530485	1
2023.08.29	11:00:00	5353.668	5354.761	5313.226	5329.075	206935	739868	1
2023.08.29	12:00:00	5329.621	5331.807	5304.482	5312.679	93407	355307	1
2023.08.29	13:00:00	5313.226	5331.807	5311.586	5317.051	78407	302912	1
2023.08.29	14:00:00	5317.598	5324.156	5312.679	5318.691	50668	247859	1
2023.08.29	15:00:00	5318.144	5321.424	5308.854	5309.400	38079	193603	1
2023.08.29	16:00:00	5309.947	5314.319	5303.389	5309.400	43491	237887	1
2023.08.29	17:00:00	5309.947	5312.679	5305.575	5309.400	19040	82542	1
2023.08.30	09:00:00	5314.319	5315.412	5294.644	5308.307	166770	544394	1
2023.08.30	10:00:00	5308.307	5326.342	5301.749	5317.051	143247	491848	1
2023.08.30	11:00:00	5317.598	5338.912	5316.505	5333.447	99483	387335	1
2023.08.30	12:00:00	5333.447	5338.366	5313.772	5314.319	80048	355432	1
2023.08.30	13:00:00	5313.772	5317.598	5308.854	5315.958	47566	200843	1
2023.08.30	14:00:00	5316.505	5318.144	5308.854	5313.226	38700	172370	1
2023.08.30	15:00:00	5313.226	5327.982	5312.133	5317.598	49991	299456	1
2023.08.30	16:00:00	5317.598	5326.889	5315.958	5323.610	35310	194103	1
2023.08.30	17:00:00	5323.610	5350.389	5323.063	5350.389	37678	185578	1
2023.08.31	09:00:00	5339.500	5342.766	5319.355	5337.322	151703	486239	1
2023.08.31	10:00:00	5336.777	5387.412	5335.689	5385.779	196281	794341	1
2023.08.31	11:00:00	5386.323	5420.624	5385.234	5412.457	176456	810929	1
2023.08.31	12:00:00	5412.457	5424.980	5393.401	5394.490	121248	561524	1
2023.08.31	13:00:00	5393.946	5410.279	5393.401	5400.479	53965	247533	1
2023.08.31	14:00:00	5400.479	5417.357	5397.757	5411.368	54512	278846	1
2023.08.31	15:00:00	5411.368	5416.813	5394.490	5414.635	74025	328723	1
2023.08.31	16:00:00	5414.635	5419.535	5408.646	5414.635	45940	209729	1
2023.08.31	17:00:00	5414.635	5424.435	5411.368	5416.813	30983	216296	1
2023.09.01	09:00:00	5403.201	5404.290	5358.556	5368.356	237485	796621	1
2023.09.01	10:00:00	5368.356	5384.145	5357.467	5378.156	168617	559310	1
2023.09.01	11:00:00	5378.156	5401.024	5369.989	5395.579	142816	491973	1
2023.09.01	12:00:00	5395.034	5408.646	5395.034	5404.835	63396	228662	1
2023.09.01	13:00:00	5404.835	5409.735	5393.401	5396.668	64614	237166	1
2023.09.01	14:00:00	5396.668	5399.390	5393.401	5396.123	28191	114691	1
2023.09.01	15:00:00	5395.579	5400.479	5392.312	5398.301	43026	161153	1
2023.09.01	16:00:00	5398.301	5402.112	5396.123	5399.935	28865	103723	1
2023.09.01	17:00:00	5399.935	5414.090	5398.846	5409.190	23028	150549	1
2023.09.04	09:00:00	5395.579	5404.290	5385.779	5397.757	101483	335183	1
2023.09.04	10:00:00	5397.757	5399.390	5372.712	5378.156	110559	354372	1
2023.09.04	11:00:00	5378.701	5389.590	5371.078	5372.712	89983	307003	1
2023.09.04	12:00:00	5372.712	5374.890	5365.634	5367.812	40669	164110	1
2023.09.04	13:00:00	5367.812	5374.345	5366.723	5371.078	23255	86571	1
2023.09.04	14:00:00	5371.623	5381.967	5366.723	5380.879	32189	130325	1
2023.09.04	15:00:00	5380.879	5396.668	5379.245	5393.946	39105	171791	1
2023.09.04	16:00:00	5394.490	5396.123	5391.768	5395.034	14052	56926	1
2023.09.04	17:00:00	5395.034	5401.024	5393.946	5399.935	17589	102533	1
2023.09.05	09:00:00	5424.980	5435.324	5416.268	5426.613	182155	615159	1
2023.09.05	10:00:00	5427.157	5444.036	5426.069	5441.858	134327	474505	1
2023.09.05	11:00:00	5441.858	5444.580	5435.869	5439.680	88813	313142	1
2023.09.05	12:00:00	5439.680	5440.224	5426.069	5426.613	73794	296130	1
2023.09.05	13:00:00	5427.157	5430.969	5419.535	5422.257	52451	207482	1
2023.09.05	14:00:00	5422.802	5436.958	5422.257	5432.602	51817	207808	1
2023.09.05	15:00:00	5432.602	5444.580	5428.791	5442.402	44540	188866	1
2023.09.05	16:00:00	5442.402	5450.025	5437.502	5438.591	50156	236563	1
2023.09.05	17:00:00	5439.136	5440.224	5428.246	5430.969	21192	100557	1
2023.09.06	09:00:00	5438.047	5459.825	5438.047	5456.014	143008	514198	1
2023.09.06	10:00:00	5456.014	5458.192	5415.179	5421.168	184062	666717	1
2023.09.06	11:00:00	5420.624	5439.680	5417.357	5439.680	157082	574443	1
2023.09.06	12:00:00	5439.680	5441.313	5431.513	5433.147	51484	195181	1
2023.09.06	13:00:00	5433.147	5443.491	5428.246	5441.858	47259	189456	1
2023.09.06	14:00:00	5441.313	5442.402	5432.058	5433.691	41314	168237	1
2023.09.06	15:00:00	5433.691	5452.203	5431.513	5451.114	55814	221968	1
2023.09.06	16:00:00	5451.114	5454.380	5447.302	5447.302	35471	170623	1
2023.09.06	17:00:00	5447.302	5447.847	5435.869	5443.491	23361	116357	1
2023.09.08	09:00:00	5446.214	5446.214	5426.069	5441.313	130293	415518	1
2023.09.08	10:00:00	5440.769	5457.103	5438.591	5450.569	115029	362477	1
2023.09.08	11:00:00	5451.114	5454.380	5438.591	5453.836	97768	349135	1
2023.09.08	12:00:00	5454.380	5455.469	5436.413	5438.591	57489	221931	1
2023.09.08	13:00:00	5438.591	5446.214	5434.235	5442.402	46694	171820	1
2023.09.08	14:00:00	5441.858	5445.669	5435.324	5435.324	38016	153080	1
2023.09.08	15:00:00	5435.869	5447.302	5433.691	5445.669	32135	134860	1
2023.09.08	16:00:00	5445.669	5447.302	5442.402	5444.036	20413	77100	1
2023.09.08	17:00:00	5443.491	5452.203	5441.858	5450.025	17054	71109	1
2023.09.11	09:00:00	5419.535	5430.969	5404.290	5407.557	148622	489943	1
2023.09.11	10:00:00	5408.101	5408.101	5385.779	5389.045	138138	504318	1
2023.09.11	11:00:00	5389.590	5395.579	5383.601	5392.312	75828	305613	1
2023.09.11	12:00:00	5392.312	5396.123	5389.590	5390.679	42353	187541	1
2023.09.11	13:00:00	5390.679	5391.223	5379.790	5381.967	59124	257104	1
2023.09.11	14:00:00	5381.423	5390.679	5374.345	5389.590	58232	280179	1
2023.09.11	15:00:00	5389.590	5392.312	5384.145	5386.868	39870	171394	1
2023.09.11	16:00:00	5386.868	5391.768	5385.234	5385.234	25444	115853	1
2023.09.11	17:00:00	5385.234	5387.957	5380.334	5383.601	24884	126380	1
2023.09.12	09:00:00	5398.846	5410.824	5387.957	5407.557	154470	541733	1
2023.09.12	10:00:00	5408.101	5423.891	5405.924	5410.824	129153	441039	1
2023.09.12	11:00:00	5410.279	5416.813	5402.657	5407.013	83931	280065	1
2023.09.12	12:00:00	5407.013	5408.101	5395.579	5397.212	52560	207674	1
2023.09.12	13:00:00	5397.757	5403.201	5395.579	5401.568	34134	132031	1
2023.09.12	14:00:00	5401.568	5407.013	5395.034	5403.746	46588	179180	1
2023.09.12	15:00:00	5403.201	5406.468	5397.757	5404.290	38410	144000	1
2023.09.12	16:00:00	5403.746	5411.368	5401.024	5408.646	26592	119144	1
2023.09.12	17:00:00	5408.101	5410.279	5401.024	5401.568	18064	83194	1
2023.09.13	09:00:00	5409.190	5421.713	5379.245	5386.323	225503	766996	1
2023.09.13	10:00:00	5386.323	5393.401	5366.178	5367.812	158406	566050	1
2023.09.13	11:00:00	5368.356	5373.801	5342.222	5354.745	134393	580503	1
2023.09.13	12:00:00	5354.745	5361.278	5350.933	5354.745	52303	234956	1
2023.09.13	13:00:00	5354.745	5359.645	5351.478	5358.556	32882	147916	1
2023.09.13	14:00:00	5358.011	5365.089	5355.289	5363.456	35459	157044	1
2023.09.13	15:00:00	5364.000	5367.812	5356.378	5362.367	45052	204968	1
2023.09.13	16:00:00	5362.911	5367.267	5362.367	5365.089	23887	101180	1
2023.09.13	17:00:00	5365.089	5367.812	5361.823	5366.178	15269	77861	1
2023.09.14	09:00:00	5367.812	5372.712	5332.966	5335.144	244278	845098	1
2023.09.14	10:00:00	5335.144	5335.689	5317.721	5323.710	157375	590906	1
2023.09.14	11:00:00	5323.710	5342.766	5311.732	5318.266	131118	518063	1
2023.09.14	12:00:00	5318.266	5321.533	5311.732	5313.910	50897	253599	1
2023.09.14	13:00:00	5313.366	5316.088	5307.377	5314.999	46266	213774	1
2023.09.14	14:00:00	5314.999	5326.433	5312.821	5320.444	41323	178704	1
2023.09.14	15:00:00	5320.988	5324.255	5316.633	5321.533	38200	148244	1
2023.09.14	16:00:00	5321.533	5322.622	5317.177	5318.266	22173	97599	1
2023.09.14	17:00:00	5318.266	5319.355	5313.910	5313.910	18869	80914	1
2023.09.15	09:00:00	5311.188	5323.166	5303.021	5310.099	157879	559681	1
2023.09.15	10:00:00	5310.643	5324.799	5303.021	5319.899	147660	529702	1
2023.09.15	11:00:00	5319.355	5319.355	5303.021	5314.999	120840	484785	1
2023.09.15	12:00:00	5314.999	5319.355	5304.654	5312.821	63303	296407	1
2023.09.15	13:00:00	5312.277	5316.633	5307.377	5312.821	34711	143955	1
2023.09.15	14:00:00	5313.366	5317.721	5306.832	5310.643	38731	159343	1
2023.09.15	15:00:00	5310.643	5314.999	5308.466	5312.277	25877	102783	1
2023.09.15	16:00:00	5312.821	5317.177	5311.732	5316.088	25845	112447	1
2023.09.15	17:00:00	5316.088	5319.355	5305.743	5313.910	18954	108356	1
2023.09.18	09:00:00	5318.266	5322.077	5294.854	5298.121	151614	522874	1
2023.09.18	10:00:00	5298.121	5306.832	5291.043	5301.388	120619	465588	1
2023.09.18	11:00:00	5301.388	5306.288	5285.054	5290.499	104590	431727	1
2023.09.18	12:00:00	5291.043	5293.221	5285.598	5288.865	36887	219512	1
2023.09.18	13:00:00	5288.321	5291.043	5283.965	5289.410	33986	145895	1
2023.09.18	14:00:00	5289.410	5291.043	5281.787	5284.509	32453	154264	1
2023.09.18	15:00:00	5284.509	5292.676	5281.787	5292.132	37891	174567	1
2023.09.18	16:00:00	5291.587	5299.210	5290.499	5297.576	31150	150367	1
2023.09.18	17:00:00	5297.032	5299.754	5292.676	5299.210	18994	86845	1
2023.09.19	09:00:00	5287.232	5298.665	5279.065	5289.954	156058	537201	1
2023.09.19	10:00:00	5290.499	5300.843	5287.232	5292.676	123829	425663	1
2023.09.19	11:00:00	5293.221	5305.199	5292.676	5298.665	91787	356058	1
2023.09.19	12:00:00	5298.665	5301.932	5294.854	5299.754	40750	155502	1
2023.09.19	13:00:00	5299.754	5307.921	5297.032	5305.743	42352	184327	1
2023.09.19	14:00:00	5305.743	5308.466	5301.932	5307.921	41433	200591	1
2023.09.19	15:00:00	5308.466	5317.721	5306.288	5315.544	48330	260164	1
2023.09.19	16:00:00	5315.544	5316.633	5311.188	5314.455	30004	153756	1
2023.09.19	17:00:00	5314.455	5315.544	5307.377	5309.010	17764	98406	1
2023.09.20	09:00:00	5297.576	5299.210	5286.143	5289.410	114392	394291	1
2023.09.20	10:00:00	5288.865	5291.043	5279.609	5284.509	112928	427020	1
2023.09.20	11:00:00	5284.509	5291.043	5281.787	5284.509	69121	284631	1
2023.09.20	12:00:00	5285.054	5288.865	5280.698	5285.598	47536	192804	1
2023.09.20	13:00:00	5285.598	5288.321	5281.243	5281.243	30955	130990	1
2023.09.20	14:00:00	5281.787	5298.121	5281.243	5292.132	55124	288611	1
2023.09.20	15:00:00	5292.132	5309.555	5284.509	5304.654	154433	625781	1
2023.09.20	16:00:00	5305.199	5320.988	5301.388	5320.444	65694	283937	1
2023.09.20	17:00:00	5319.899	5323.710	5313.366	5320.988	30134	158304	1
2023.09.21	09:00:00	5337.866	5380.334	5332.422	5366.723	198277	761187	1
2023.09.21	10:00:00	5366.723	5379.245	5364.000	5379.245	140412	562341	1
2023.09.21	11:00:00	5379.245	5379.245	5349.300	5360.189	123301	536545	1
2023.09.21	12:00:00	5360.189	5367.812	5351.478	5366.723	64135	280452	1
2023.09.21	13:00:00	5366.723	5370.534	5365.089	5368.900	38493	150323	1
2023.09.21	14:00:00	5368.900	5369.989	5359.645	5368.356	46249	206203	1
2023.09.21	15:00:00	5368.356	5379.245	5366.178	5374.890	55766	258275	1
2023.09.21	16:00:00	5374.890	5381.967	5372.712	5380.334	41328	242701	1
2023.09.21	17:00:00	5380.334	5385.234	5376.523	5382.512	27274	147141	1
2023.09.22	09:00:00	5357.467	5366.178	5349.844	5355.833	130862	470189	1
2023.09.22	10:00:00	5355.289	5374.890	5354.745	5361.278	115876	428512	1
2023.09.22	11:00:00	5360.734	5365.634	5344.944	5356.922	125347	520847	1
2023.09.22	12:00:00	5356.378	5365.089	5354.200	5356.378	40554	174843	1
2023.09.22	13:00:00	5356.922	5368.356	5356.378	5368.356	38543	162972	1
2023.09.22	14:00:00	5368.356	5373.801	5365.634	5370.534	41778	176164	1
2023.09.22	15:00:00	5370.534	5377.067	5366.178	5373.256	46572	203292	1
2023.09.22	16:00:00	5373.256	5377.067	5369.989	5376.523	24225	171198	1
2023.09.22	17:00:00	5375.978	5381.967	5374.890	5379.790	16457	132931	1
2023.09.25	09:00:00	5389.045	5398.846	5379.790	5396.668	128923	449835	1
2023.09.25	10:00:00	5396.668	5414.635	5391.768	5402.657	124955	497025	1
2023.09.25	11:00:00	5403.201	5410.279	5395.034	5409.190	99996	386737	1
2023.09.25	12:00:00	5409.190	5412.457	5402.657	5408.646	48343	189711	1
2023.09.25	13:00:00	5408.646	5420.624	5407.557	5418.446	49114	194859	1
2023.09.25	14:00:00	5418.446	5418.991	5404.290	5407.557	43979	196947	1
2023.09.25	15:00:00	5407.557	5418.446	5405.924	5417.902	39872	167123	1
2023.09.25	16:00:00	5417.902	5418.991	5410.279	5410.824	31555	126017	1
2023.09.25	17:00:00	5411.368	5415.179	5405.924	5414.090	19353	140360	1
2023.09.26	09:00:00	5419.535	5428.791	5394.490	5398.301	179276	614985	1
2023.09.26	10:00:00	5398.846	5421.713	5398.301	5409.190	175689	663432	1
2023.09.26	11:00:00	5409.190	5414.090	5402.112	5407.557	98779	401718	1
2023.09.26	12:00:00	5407.557	5430.969	5407.013	5428.791	83951	387150	1
2023.09.26	13:00:00	5429.335	5431.513	5424.435	5427.702	46542	237955	1
2023.09.26	14:00:00	5427.702	5432.602	5417.902	5418.991	61576	296729	1
2023.09.26	15:00:00	5418.991	5433.691	5418.446	5431.513	49443	222073	1
2023.09.26	16:00:00	5431.513	5439.136	5426.069	5433.691	48284	233383	1
2023.09.26	17:00:00	5433.691	5440.224	5427.702	5433.147	26757	176565	1
2023.09.27	09:00:00	5430.424	5464.181	5430.424	5453.291	195023	745977	1
2023.09.27	10:00:00	5452.747	5467.447	5440.769	5466.358	157372	627359	1
2023.09.27	11:00:00	5466.903	5478.337	5462.547	5477.792	116554	544988	1
2023.09.27	12:00:00	5477.792	5507.737	5471.259	5506.104	125696	589906	1
2023.09.27	13:00:00	5506.648	5508.282	5496.848	5502.293	67869	333051	1
2023.09.27	14:00:00	5502.837	5531.149	5498.481	5522.982	116317	600547	1
2023.09.27	15:00:00	5522.438	5525.704	5494.126	5508.282	92776	500811	1
2023.09.27	16:00:00	5507.737	5508.282	5494.126	5494.670	48143	223888	1
2023.09.27	17:00:00	5494.670	5501.204	5490.315	5492.492	26053	138536	1
2023.09.28	09:00:00	5488.137	5512.093	5461.458	5508.826	256235	879045	1
2023.09.28	10:00:00	5508.826	5521.349	5496.304	5509.915	177725	604530	1
2023.09.28	11:00:00	5510.460	5513.182	5494.670	5495.215	133907	567122	1
2023.09.28	12:00:00	5495.215	5506.104	5479.425	5484.870	112410	535184	1
2023.09.28	13:00:00	5485.414	5503.382	5483.781	5498.481	61487	336346	1
2023.09.28	14:00:00	5499.026	5501.748	5487.592	5495.759	56636	283197	1
2023.09.28	15:00:00	5495.759	5502.293	5491.404	5500.659	46324	221076	1
2023.09.28	16:00:00	5500.659	5501.748	5484.326	5488.137	47305	224246	1
2023.09.28	17:00:00	5488.137	5489.770	5477.792	5482.148	29714	155485	1
2023.09.29	09:00:00	5459.393	5459.393	5432.305	5438.806	184127	691991	1
2023.09.29	10:00:00	5439.348	5462.102	5438.265	5450.183	137279	530082	1
2023.09.29	11:00:00	5449.642	5472.396	5442.599	5448.016	130646	573325	1
2023.09.29	12:00:00	5447.475	5453.434	5427.971	5444.224	104944	489636	1
2023.09.29	13:00:00	5443.682	5457.226	5443.140	5451.267	58649	241846	1
2023.09.29	14:00:00	5451.267	5463.728	5450.183	5458.852	53746	213002	1
2023.09.29	15:00:00	5458.852	5479.439	5449.642	5467.520	78736	397106	1
2023.09.29	16:00:00	5467.520	5473.479	5463.728	5469.687	47378	200901	1
2023.09.29	17:00:00	5470.229	5479.439	5466.436	5479.439	22358	168156	1
2023.10.02	09:00:00	5513.028	5514.654	5479.981	5495.692	147762	556712	1
2023.10.02	10:00:00	5495.150	5512.487	5493.525	5509.778	136703	513182	1
2023.10.02	11:00:00	5510.320	5520.071	5497.317	5518.446	150664	564197	1
2023.10.02	12:00:00	5518.446	5523.864	5501.651	5522.780	93172	397329	1
2023.10.02	13:00:00	5522.239	5526.031	5516.279	5517.904	55632	270382	1
2023.10.02	14:00:00	5517.904	5518.446	5505.444	5515.737	49580	212019	1
2023.10.02	15:00:00	5515.196	5523.322	5510.861	5522.780	58277	286771	1
2023.10.02	16:00:00	5522.780	5523.322	5510.861	5512.487	41149	185845	1
2023.10.02	17:00:00	5511.945	5513.028	5500.026	5507.611	30046	190703	1
2023.10.03	09:00:00	5524.947	5546.076	5521.155	5535.783	201404	743655	1
2023.10.03	10:00:00	5535.783	5536.866	5515.196	5518.988	148070	530218	1
2023.10.03	11:00:00	5518.446	5581.833	5517.904	5580.208	282991	1137302	1
2023.10.03	12:00:00	5580.749	5587.792	5575.874	5585.625	111544	473861	1
2023.10.03	13:00:00	5585.625	5587.251	5575.332	5581.291	64404	298891	1
2023.10.03	14:00:00	5581.833	5586.709	5576.415	5585.084	55537	255372	1
2023.10.03	15:00:00	5585.625	5611.088	5582.375	5600.253	99678	498234	1
2023.10.03	16:00:00	5600.253	5612.714	5595.919	5606.754	63420	323464	1
2023.10.03	17:00:00	5606.754	5626.258	5601.878	5620.840	45273	276195	1
2023.10.04	09:00:00	5593.210	5597.544	5572.081	5579.124	220277	819309	1
2023.10.04	10:00:00	5579.666	5618.131	5578.041	5612.714	184446	654949	1
2023.10.04	11:00:00	5612.714	5631.134	5605.129	5615.423	179634	737710	1
2023.10.04	12:00:00	5615.423	5619.757	5584.542	5585.625	115438	522306	1
2023.10.04	13:00:00	5585.625	5589.960	5572.623	5585.084	84554	348236	1
2023.10.04	14:00:00	5584.542	5600.795	5584.000	5600.253	71171	290877	1
2023.10.04	15:00:00	5600.253	5609.463	5597.002	5600.253	65512	278382	1
2023.10.04	16:00:00	5600.253	5604.045	5592.668	5603.504	49560	230012	1
2023.10.04	17:00:00	5603.504	5613.256	5600.795	5605.129	32352	152021	1
2023.10.05	09:00:00	5618.131	5632.759	5607.296	5611.630	207783	677059	1
2023.10.05	10:00:00	5611.088	5617.590	5599.170	5606.213	166761	601783	1
2023.10.05	11:00:00	5605.671	5633.843	5605.129	5627.883	161437	618590	1
2023.10.05	12:00:00	5628.425	5640.886	5624.091	5632.759	117318	491295	1
2023.10.05	13:00:00	5632.759	5634.926	5621.382	5627.883	60798	244974	1
2023.10.05	14:00:00	5627.341	5632.217	5615.964	5619.757	63716	251093	1
2023.10.05	15:00:00	5620.298	5625.174	5615.964	5619.215	43818	168328	1
2023.10.05	16:00:00	5619.215	5627.341	5617.590	5619.757	38029	158040	1
2023.10.05	17:00:00	5619.757	5621.924	5613.797	5618.131	22164	107210	1
2023.10.06	09:00:00	5614.339	5674.475	5611.088	5664.723	290783	1011439	1
2023.10.06	10:00:00	5665.265	5671.225	5647.929	5667.432	206775	716798	1
2023.10.06	11:00:00	5667.974	5669.058	5628.425	5638.177	154627	581467	1
2023.10.06	12:00:00	5638.719	5641.427	5593.752	5601.878	170480	648232	1
2023.10.06	13:00:00	5601.878	5618.131	5599.711	5611.088	80430	302309	1
2023.10.06	14:00:00	5611.088	5611.630	5596.461	5604.045	59666	264785	1
2023.10.06	15:00:00	5604.045	5610.005	5598.086	5606.754	53529	237897	1
2023.10.06	16:00:00	5606.754	5614.339	5605.129	5610.547	42901	165462	1
2023.10.06	17:00:00	5610.547	5611.630	5591.585	5594.294	20690	105631	1
2023.10.09	09:00:00	5625.716	5633.843	5600.253	5617.048	170540	565349	1
2023.10.09	10:00:00	5616.506	5619.757	5605.129	5610.005	130819	467074	1
2023.10.09	11:00:00	5610.005	5623.549	5606.213	5621.924	97752	366433	1
2023.10.09	12:00:00	5622.466	5624.091	5613.797	5615.964	50634	202924	1
2023.10.09	13:00:00	5615.964	5621.924	5612.172	5619.215	36075	132301	1
2023.10.09	14:00:00	5618.673	5623.007	5573.165	5574.790	103911	417067	1
2023.10.09	15:00:00	5574.248	5580.208	5567.205	5578.041	71396	268642	1
2023.10.09	16:00:00	5578.041	5586.167	5574.790	5576.415	41687	171238	1
2023.10.09	17:00:00	5576.415	5585.084	5575.332	5582.917	21195	97683	1
2023.10.10	09:00:00	5585.625	5587.792	5543.909	5549.327	201864	698095	1
2023.10.10	10:00:00	5549.869	5554.745	5534.699	5536.324	163609	587314	1
2023.10.10	11:00:00	5536.324	5536.866	5508.694	5517.363	152466	637999	1
2023.10.10	12:00:00	5517.904	5521.697	5502.735	5508.153	86849	409649	1
2023.10.10	13:00:00	5507.611	5516.821	5505.986	5513.028	53905	219358	1
2023.10.10	14:00:00	5513.028	5520.613	5508.153	5514.112	69498	284755	1
2023.10.10	15:00:00	5514.112	5515.737	5500.026	5505.444	56565	227729	1
2023.10.10	16:00:00	5504.902	5506.527	5493.525	5494.608	45793	219671	1
2023.10.10	17:00:00	5495.150	5496.775	5485.940	5494.608	33226	174463	1
2023.10.11	09:00:00	5480.522	5491.358	5465.895	5467.520	226735	811989	1
2023.10.11	10:00:00	5466.978	5497.317	5464.811	5492.983	197420	689891	1
2023.10.11	11:00:00	5492.983	5501.110	5484.857	5489.732	119404	474281	1
2023.10.11	12:00:00	5489.191	5495.150	5483.231	5489.732	65506	278945	1
2023.10.11	13:00:00	5489.732	5507.069	5488.649	5501.110	67919	289816	1
2023.10.11	14:00:00	5501.110	5511.403	5495.692	5500.568	63059	251611	1
2023.10.11	15:00:00	5500.568	5502.193	5486.482	5497.317	62926	259148	1
2023.10.11	16:00:00	5497.317	5497.859	5485.940	5488.649	32722	159936	1
2023.10.11	17:00:00	5488.649	5494.608	5482.689	5486.482	21447	109737	1
2023.10.13	09:00:00	5504.902	5513.028	5483.773	5488.107	164166	585236	1
2023.10.13	10:00:00	5488.649	5501.651	5481.064	5484.315	139855	476966	1
2023.10.13	11:00:00	5484.857	5508.153	5484.857	5503.277	125245	458879	1
2023.10.13	12:00:00	5503.277	5521.155	5502.193	5513.028	77834	319275	1
2023.10.13	13:00:00	5513.570	5514.654	5506.527	5511.403	45413	173308	1
2023.10.13	14:00:00	5511.403	5531.449	5509.778	5529.823	68639	284583	1
2023.10.13	15:00:00	5529.823	5543.367	5527.114	5537.408	60588	269048	1
2023.10.13	16:00:00	5537.950	5537.950	5526.573	5528.198	42952	179133	1
2023.10.13	17:00:00	5527.656	5528.740	5511.945	5518.446	21253	98469	1
2023.10.16	09:00:00	5489.191	5508.694	5485.940	5504.360	151833	507334	1
2023.10.16	10:00:00	5504.360	5508.153	5492.441	5504.360	131975	425844	1
2023.10.16	11:00:00	5504.360	5505.444	5483.231	5489.191	100164	338483	1
2023.10.16	12:00:00	5488.649	5496.234	5486.482	5493.525	51365	210644	1
2023.10.16	13:00:00	5492.983	5498.401	5490.274	5490.816	37362	133083	1
2023.10.16	14:00:00	5490.816	5498.401	5482.148	5482.689	57854	216193	1
2023.10.16	15:00:00	5482.689	5485.398	5469.145	5472.396	63648	264623	1
2023.10.16	16:00:00	5472.396	5477.272	5466.436	5469.145	43130	217379	1
2023.10.16	17:00:00	5469.145	5477.272	5465.895	5474.021	26174	137732	1
2023.10.17	09:00:00	5482.689	5497.317	5458.310	5496.775	198335	729281	1
2023.10.17	10:00:00	5496.234	5500.568	5489.732	5492.983	136086	480773	1
2023.10.17	11:00:00	5492.983	5495.150	5452.350	5454.518	158344	621700	1
2023.10.17	12:00:00	5455.059	5459.393	5442.599	5446.933	96433	417617	1
2023.10.17	13:00:00	5447.475	5450.725	5439.348	5449.642	61789	255323	1
2023.10.17	14:00:00	5449.642	5470.771	5447.475	5469.687	67684	286993	1
2023.10.17	15:00:00	5469.687	5479.439	5466.978	5474.021	79351	325454	1
2023.10.17	16:00:00	5474.021	5476.188	5460.477	5466.978	50193	223229	1
2023.10.17	17:00:00	5466.436	5474.563	5465.895	5474.563	20225	114636	1
2023.10.18	09:00:00	5488.107	5488.107	5458.852	5463.186	138355	503163	1
2023.10.18	10:00:00	5463.728	5489.732	5462.102	5487.024	135861	535623	1
2023.10.18	11:00:00	5487.024	5507.611	5478.355	5503.277	143444	584851	1
2023.10.18	12:00:00	5503.818	5509.778	5491.358	5496.775	89918	362342	1
2023.10.18	13:00:00	5497.317	5506.527	5490.274	5492.983	62642	257247	1
2023.10.18	14:00:00	5492.983	5495.692	5468.604	5475.647	107008	466095	1
2023.10.18	15:00:00	5475.105	5485.398	5472.396	5483.773	52778	217087	1
2023.10.18	16:00:00	5483.773	5492.983	5482.689	5487.024	53145	225438	1
2023.10.18	17:00:00	5486.482	5496.775	5485.398	5493.525	23355	115614	1
2023.10.19	09:00:00	5511.945	5518.988	5483.231	5493.525	180492	630378	1
2023.10.19	10:00:00	5492.983	5504.360	5490.274	5495.692	142033	499994	1
2023.10.19	11:00:00	5495.692	5498.943	5484.857	5491.358	103776	487365	1
2023.10.19	12:00:00	5491.900	5492.983	5469.145	5475.647	93824	385972	1
2023.10.19	13:00:00	5475.647	5485.398	5449.100	5462.644	221901	788615	1
2023.10.19	14:00:00	5462.102	5466.978	5450.183	5461.019	96698	387177	1
2023.10.19	15:00:00	5461.019	5487.024	5455.059	5485.398	85210	393553	1
2023.10.19	16:00:00	5485.940	5486.482	5478.355	5485.398	49525	196912	1
2023.10.19	17:00:00	5485.398	5500.568	5484.857	5499.484	24965	130461	1
2023.10.20	09:00:00	5489.732	5533.616	5484.857	5509.778	209964	745599	1
2023.10.20	10:00:00	5510.320	5510.320	5477.272	5482.148	178135	649185	1
2023.10.20	11:00:00	5482.148	5491.358	5466.436	5480.522	141786	514566	1
2023.10.20	12:00:00	5480.522	5481.064	5462.102	5464.269	77629	293147	1
2023.10.20	13:00:00	5464.269	5477.272	5463.728	5467.520	54045	204126	1
2023.10.20	14:00:00	5467.520	5475.647	5453.976	5459.393	84496	356673	1
2023.10.20	15:00:00	5459.935	5468.062	5453.434	5462.644	61084	255335	1
2023.10.20	16:00:00	5462.102	5466.978	5457.768	5460.477	38546	181512	1
2023.10.20	17:00:00	5460.477	5473.479	5458.852	5461.019	28572	135155	1
2023.10.23	09:00:00	5477.272	5483.231	5453.976	5456.143	178742	657186	1
2023.10.23	10:00:00	5456.685	5468.604	5444.224	5444.224	174404	639298	1
2023.10.23	11:00:00	5444.766	5449.100	5430.138	5435.014	130881	556074	1
2023.10.23	12:00:00	5434.472	5439.348	5423.637	5431.763	79868	358295	1
2023.10.23	13:00:00	5431.763	5437.723	5419.844	5421.470	57370	244311	1
2023.10.23	14:00:00	5421.470	5438.806	5420.928	5437.181	65549	317988	1
2023.10.23	15:00:00	5436.639	5446.933	5435.556	5439.348	59463	261683	1
2023.10.23	16:00:00	5439.348	5448.558	5435.014	5441.515	55555	257638	1
2023.10.23	17:00:00	5441.515	5446.933	5435.014	5440.432	26940	136235	1
2023.10.24	09:00:00	5440.432	5456.143	5430.680	5442.599	179694	602486	1
2023.10.24	10:00:00	5442.599	5453.976	5424.720	5425.804	193791	750019	1
2023.10.24	11:00:00	5426.346	5432.847	5411.176	5417.677	162928	630408	1
2023.10.24	12:00:00	5417.136	5429.596	5414.969	5422.012	76371	337241	1
2023.10.24	13:00:00	5422.012	5432.305	5420.928	5426.346	59502	262721	1
2023.10.24	14:00:00	5426.887	5430.680	5418.761	5425.804	57050	289631	1
2023.10.24	15:00:00	5425.804	5431.222	5419.303	5423.637	49626	215956	1
2023.10.24	16:00:00	5423.637	5424.720	5411.176	5415.510	45541	197911	1
2023.10.24	17:00:00	5415.510	5417.136	5412.260	5416.052	21253	133107	1
2023.10.25	09:00:00	5419.844	5426.887	5406.842	5417.136	164168	561189	1
2023.10.25	10:00:00	5416.594	5425.804	5406.842	5420.928	130144	536030	1
2023.10.25	11:00:00	5420.928	5442.599	5417.677	5422.553	147883	589966	1
2023.10.25	12:00:00	5422.553	5422.553	5410.634	5419.844	84489	348589	1
2023.10.25	13:00:00	5419.844	5427.429	5416.052	5422.553	50017	218373	1
2023.10.25	14:00:00	5422.012	5432.305	5416.052	5425.804	80768	341172	1
2023.10.25	15:00:00	5425.804	5431.763	5422.012	5428.513	48412	203626	1
2023.10.25	16:00:00	5428.513	5429.596	5417.677	5421.470	36937	162444	1
2023.10.25	17:00:00	5421.470	5422.553	5414.427	5415.510	19035	92866	1
2023.10.26	09:00:00	5423.637	5437.723	5409.009	5411.718	178713	637997	1
2023.10.26	10:00:00	5411.718	5431.222	5411.176	5426.887	145415	575189	1
2023.10.26	11:00:00	5427.429	5442.057	5414.969	5424.179	142428	591948	1
2023.10.26	12:00:00	5424.179	5432.305	5420.928	5427.429	66668	296254	1
2023.10.26	13:00:00	5427.429	5435.556	5420.928	5425.262	62463	289827	1
2023.10.26	14:00:00	5425.262	5427.429	5411.718	5417.677	74764	373159	1
2023.10.26	15:00:00	5417.136	5419.303	5411.176	5413.343	49009	203114	1
2023.10.26	16:00:00	5413.343	5415.510	5407.384	5410.634	42473	195273	1
2023.10.26	17:00:00	5410.634	5411.176	5406.842	5406.842	23725	157678	1
2023.10.27	09:00:00	5406.842	5410.634	5369.460	5374.878	181534	728918	1
2023.10.27	10:00:00	5374.878	5374.878	5344.539	5355.374	182057	790886	1
2023.10.27	11:00:00	5355.916	5366.751	5351.582	5365.126	106399	466717	1
2023.10.27	12:00:00	5365.126	5367.835	5361.334	5361.875	56579	288543	1
2023.10.27	13:00:00	5361.875	5398.174	5358.083	5387.338	95349	446936	1
2023.10.27	14:00:00	5387.880	5422.553	5381.921	5420.928	118305	597220	1
2023.10.27	15:00:00	5420.928	5439.348	5419.844	5434.472	83307	391734	1
2023.10.27	16:00:00	5434.472	5440.973	5428.513	5432.847	41262	201769	1
2023.10.27	17:00:00	5432.847	5440.432	5432.305	5437.723	22704	117765	1
2023.10.30	09:00:00	5412.260	5423.637	5388.422	5410.634	175914	642227	1
2023.10.30	10:00:00	5410.634	5412.801	5392.756	5403.591	115925	433136	1
2023.10.30	11:00:00	5403.050	5453.434	5400.341	5423.095	200449	765578	1
2023.10.30	12:00:00	5423.095	5471.312	5406.300	5461.019	178280	735393	1
2023.10.30	13:00:00	5461.561	5483.231	5455.059	5476.188	86423	352297	1
2023.10.30	14:00:00	5476.188	5476.730	5463.728	5470.771	61911	251920	1
2023.10.30	15:00:00	5470.229	5479.439	5462.644	5474.563	60085	211984	1
2023.10.30	16:00:00	5474.563	5474.563	5458.852	5470.229	58743	239202	1
2023.10.30	17:00:00	5469.687	5471.854	5458.852	5471.854	26561	100531	1
2023.10.31	09:00:00	5450.786	5470.233	5431.878	5469.693	194498	722844	1
2023.10.31	10:00:00	5470.233	5498.325	5469.153	5486.980	165193	707719	1
2023.10.31	11:00:00	5486.980	5494.003	5467.532	5483.739	128856	520702	1
2023.10.31	12:00:00	5484.279	5484.819	5462.130	5468.613	86838	411478	1
2023.10.31	13:00:00	5468.613	5483.199	5465.912	5478.877	75313	327376	1
2023.10.31	14:00:00	5478.877	5478.877	5461.590	5466.992	53938	235525	1
2023.10.31	15:00:00	5466.992	5472.935	5461.050	5463.211	44910	193228	1
2023.10.31	16:00:00	5463.211	5467.532	5456.728	5465.912	40880	176309	1
2023.10.31	17:00:00	5465.912	5468.073	5459.969	5461.050	19185	91006	1
2023.11.01	09:00:00	5460.510	5471.314	5441.602	5458.889	202868	669846	1
2023.11.01	10:00:00	5459.429	5464.291	5436.200	5443.763	136353	512007	1
2023.11.01	11:00:00	5443.763	5444.303	5427.016	5434.579	142968	557002	1
2023.11.01	12:00:00	5435.119	5447.544	5431.878	5437.820	64747	279690	1
2023.11.01	13:00:00	5438.361	5443.223	5431.878	5433.499	50301	233248	1
2023.11.01	14:00:00	5433.499	5436.200	5412.971	5419.993	77078	307573	1
2023.11.01	15:00:00	5419.993	5423.235	5391.902	5395.684	168839	639107	1
2023.11.01	16:00:00	5396.224	5397.304	5385.960	5391.362	69629	316587	1
2023.11.01	17:00:00	5390.822	5392.442	5369.213	5370.834	43190	228742	1
2023.11.03	09:00:00	5349.765	5349.765	5285.479	5305.467	247162	855567	1
2023.11.03	10:00:00	5305.467	5319.513	5290.341	5298.445	156103	532344	1
2023.11.03	11:00:00	5298.445	5311.410	5289.261	5303.307	124512	471333	1
2023.11.03	12:00:00	5303.307	5304.387	5298.445	5299.525	53450	188308	1
2023.11.03	13:00:00	5298.985	5302.226	5290.341	5299.525	52700	194053	1
2023.11.03	14:00:00	5298.985	5314.111	5296.284	5302.766	57462	206421	1
2023.11.03	15:00:00	5302.766	5309.789	5301.686	5305.467	35382	132248	1
2023.11.03	16:00:00	5305.467	5313.030	5305.467	5308.168	25698	97185	1
2023.11.03	17:00:00	5308.168	5315.732	5305.467	5313.571	23150	111804	1
2023.11.06	09:00:00	5303.847	5311.950	5297.364	5309.249	122934	364252	1
2023.11.06	10:00:00	5309.249	5322.754	5303.307	5317.352	114363	393517	1
2023.11.06	11:00:00	5317.352	5320.053	5302.226	5316.272	111735	378719	1
2023.11.06	12:00:00	5316.272	5321.134	5300.065	5300.605	85403	321498	1
2023.11.06	13:00:00	5300.605	5311.950	5296.284	5301.686	63534	232518	1
2023.11.06	14:00:00	5301.686	5307.088	5298.985	5300.065	46697	155060	1
2023.11.06	15:00:00	5300.065	5306.548	5296.284	5300.605	52037	212104	1
2023.11.06	16:00:00	5300.605	5303.307	5293.042	5295.203	35703	143610	1
2023.11.06	17:00:00	5295.744	5300.605	5295.203	5296.824	22135	99085	1
2023.11.06	18:00:00	5296.284	5299.525	5289.261	5294.663	7204	29917	1
2023.11.07	09:00:00	5314.651	5318.973	5273.595	5278.457	182778	648296	1
2023.11.07	10:00:00	5277.916	5280.617	5263.331	5264.951	125291	481044	1
2023.11.07	11:00:00	5265.491	5281.158	5264.411	5273.054	107791	425579	1
2023.11.07	12:00:00	5273.054	5280.077	5270.353	5274.675	60909	331243	1
2023.11.07	13:00:00	5274.135	5275.215	5267.112	5274.135	43909	177389	1
2023.11.07	14:00:00	5274.135	5283.319	5273.054	5278.997	55515	238218	1
2023.11.07	15:00:00	5279.537	5280.077	5268.733	5273.054	50091	223115	1
2023.11.07	16:00:00	5273.595	5279.537	5270.894	5278.457	30959	148364	1
2023.11.07	17:00:00	5278.997	5287.100	5278.457	5285.479	35350	170674	1
2023.11.07	18:00:00	5285.479	5286.560	5276.836	5277.916	6993	40287	1
2023.11.08	09:00:00	5294.663	5309.249	5290.882	5291.422	129833	421717	1
2023.11.08	10:00:00	5290.882	5301.686	5286.560	5292.502	104297	355916	1
2023.11.08	11:00:00	5293.042	5295.744	5275.755	5281.158	105552	383223	1
2023.11.08	12:00:00	5280.617	5291.422	5280.617	5290.882	74253	285803	1
2023.11.08	13:00:00	5290.341	5297.904	5289.261	5296.824	53266	211333	1
2023.11.08	14:00:00	5297.364	5319.513	5296.284	5315.191	79467	336498	1
2023.11.08	15:00:00	5314.651	5325.996	5307.628	5314.111	89162	375751	1
2023.11.08	16:00:00	5314.111	5317.352	5309.249	5315.191	29895	128336	1
2023.11.08	17:00:00	5315.191	5320.053	5313.571	5317.892	24622	108039	1
2023.11.08	18:00:00	5317.892	5320.053	5315.191	5318.433	7001	41160	1
2023.11.09	09:00:00	5317.352	5323.835	5308.709	5314.651	112024	354149	1
2023.11.09	10:00:00	5314.651	5320.053	5300.605	5311.950	133417	454241	1
2023.11.09	11:00:00	5311.950	5314.651	5298.985	5303.847	88205	340253	1
2023.11.09	12:00:00	5303.847	5313.030	5301.686	5301.686	62906	233156	1
2023.11.09	13:00:00	5302.226	5314.651	5300.605	5313.030	44640	180879	1
2023.11.09	14:00:00	5313.571	5324.915	5309.789	5319.513	50978	201430	1
2023.11.09	15:00:00	5320.053	5344.363	5317.892	5332.478	112236	446874	1
2023.11.09	16:00:00	5332.478	5358.409	5331.398	5350.305	101893	405505	1
2023.11.09	17:00:00	5350.305	5353.006	5340.581	5350.846	40103	198531	1
2023.11.09	18:00:00	5350.846	5354.087	5342.202	5344.903	7637	34527	1
2023.11.10	09:00:00	5342.742	5365.431	5332.478	5333.559	146453	461940	1
2023.11.10	10:00:00	5333.559	5336.800	5320.593	5323.835	115739	406195	1
2023.11.10	11:00:00	5323.835	5337.340	5323.295	5334.099	80747	311804	1
2023.11.10	12:00:00	5333.018	5340.581	5323.295	5324.915	92080	348744	1
2023.11.10	13:00:00	5325.455	5325.996	5312.490	5313.030	59556	237567	1
2023.11.10	14:00:00	5313.030	5317.892	5309.789	5313.571	46107	170731	1
2023.11.10	15:00:00	5313.571	5323.835	5310.870	5323.295	40001	151619	1
2023.11.10	16:00:00	5323.295	5323.295	5314.111	5320.593	26367	102223	1
2023.11.10	17:00:00	5320.593	5322.214	5314.111	5315.732	19902	86001	1
2023.11.10	18:00:00	5315.191	5315.732	5307.088	5308.168	7700	41855	1
2023.11.13	09:00:00	5315.732	5335.179	5313.030	5334.639	105580	339160	1
2023.11.13	10:00:00	5334.099	5350.846	5331.398	5344.903	109018	412346	1
2023.11.13	11:00:00	5344.903	5347.604	5336.260	5337.880	80943	302295	1
2023.11.13	12:00:00	5337.880	5338.421	5318.973	5320.053	74991	306266	1
2023.11.13	13:00:00	5320.593	5321.674	5311.950	5316.272	57602	313523	1
2023.11.13	14:00:00	5316.272	5322.754	5314.651	5320.053	39354	165745	1
2023.11.13	15:00:00	5320.053	5322.754	5310.870	5315.191	40048	164066	1
2023.11.13	16:00:00	5315.191	5315.191	5311.950	5313.030	22241	107457	1
2023.11.13	17:00:00	5313.030	5317.892	5311.950	5315.732	20184	91720	1
2023.11.13	18:00:00	5315.732	5316.272	5312.490	5313.030	5882	27621	1
2023.11.14	09:00:00	5302.766	5311.410	5296.824	5300.065	104963	309726	1
2023.11.14	10:00:00	5300.065	5300.065	5247.124	5260.629	197347	764095	1
2023.11.14	11:00:00	5261.170	5266.032	5247.664	5255.227	119433	515526	1
2023.11.14	12:00:00	5255.227	5276.836	5253.607	5268.192	84902	370096	1
2023.11.14	13:00:00	5268.192	5270.894	5260.089	5267.112	49804	201727	1
2023.11.14	14:00:00	5267.112	5271.434	5266.032	5269.273	34593	157123	1
2023.11.14	15:00:00	5268.733	5269.273	5260.629	5263.331	34452	134554	1
2023.11.14	16:00:00	5263.871	5268.733	5259.009	5261.170	29837	134482	1
2023.11.14	17:00:00	5261.710	5267.112	5259.549	5265.491	25283	145534	1
2023.11.14	18:00:00	5265.491	5269.273	5264.411	5268.192	9264	41713	1
2023.11.16	09:00:00	5263.331	5267.112	5244.423	5261.170	124578	432662	1
2023.11.16	10:00:00	5261.170	5262.250	5234.699	5240.641	130660	458729	1
2023.11.16	11:00:00	5240.641	5260.089	5240.101	5251.446	129262	489096	1
2023.11.16	12:00:00	5251.446	5260.089	5246.044	5251.986	69994	267674	1
2023.11.16	13:00:00	5251.446	5288.721	5251.446	5281.158	90625	379206	1
2023.11.16	14:00:00	5281.158	5282.778	5262.250	5264.411	56445	235002	1
2023.11.16	15:00:00	5264.951	5266.572	5255.767	5266.032	49506	221191	1
2023.11.16	16:00:00	5266.032	5270.353	5264.411	5269.273	28396	138574	1
2023.11.16	17:00:00	5269.813	5271.974	5265.491	5267.652	19189	83190	1
2023.11.16	18:00:00	5267.112	5268.733	5262.250	5262.250	5890	28305	1
2023.11.17	09:00:00	5253.066	5276.296	5248.745	5266.572	156180	534514	1
2023.11.17	10:00:00	5267.112	5298.445	5260.089	5291.422	152295	620635	1
2023.11.17	11:00:00	5291.422	5301.686	5283.859	5295.744	100493	414245	1
2023.11.17	12:00:00	5295.203	5304.927	5291.422	5293.042	72653	304313	1
2023.11.17	13:00:00	5293.042	5303.847	5291.422	5298.445	46062	206798	1
2023.11.17	14:00:00	5297.904	5298.985	5285.479	5288.721	53474	232033	1
2023.11.17	15:00:00	5288.180	5302.226	5287.100	5302.226	39572	168494	1
2023.11.17	16:00:00	5301.686	5307.088	5298.985	5306.008	32306	165700	1
2023.11.17	17:00:00	5306.548	5314.111	5304.927	5311.410	28440	134979	1
2023.11.17	18:00:00	5311.950	5313.030	5302.226	5307.088	10515	49341	1
2023.11.20	09:00:00	5295.203	5306.008	5290.341	5290.882	86835	340257	1
2023.11.20	10:00:00	5291.422	5291.422	5271.434	5275.215	88908	334812	1
2023.11.20	11:00:00	5275.215	5275.755	5257.928	5259.009	75081	296585	1
2023.11.20	12:00:00	5258.469	5264.951	5253.066	5256.308	56542	234425	1
2023.11.20	13:00:00	5256.848	5263.871	5256.308	5262.790	37884	181277	1
2023.11.20	14:00:00	5262.250	5267.112	5260.089	5263.331	29553	127876	1
2023.11.20	15:00:00	5262.790	5264.951	5241.722	5250.906	76859	325419	1
2023.11.20	16:00:00	5250.906	5254.687	5243.883	5246.584	42754	192507	1
2023.11.20	17:00:00	5247.124	5250.906	5243.883	5250.365	18972	96307	1
2023.11.20	18:00:00	5250.906	5251.446	5243.342	5245.503	9817	45579	1
2023.11.21	09:00:00	5247.124	5271.974	5237.400	5270.894	150461	477436	1
2023.11.21	10:00:00	5270.894	5281.698	5266.572	5277.376	130826	471682	1
2023.11.21	11:00:00	5277.376	5277.376	5262.250	5272.514	96443	341197	1
2023.11.21	12:00:00	5273.054	5288.180	5267.652	5286.020	86645	324717	1
2023.11.21	13:00:00	5286.020	5291.422	5280.617	5290.341	49756	195841	1
2023.11.21	14:00:00	5290.341	5298.985	5288.721	5296.824	53802	220715	1
2023.11.21	15:00:00	5297.364	5306.548	5295.744	5302.766	54170	232937	1
2023.11.21	16:00:00	5303.307	5305.467	5294.123	5294.123	46788	203623	1
2023.11.21	17:00:00	5294.663	5297.904	5293.042	5296.284	25037	109369	1
2023.11.21	18:00:00	5296.824	5301.686	5294.123	5297.904	10636	49731	1
2023.11.22	09:00:00	5298.985	5301.146	5274.135	5295.203	140090	469532	1
2023.11.22	10:00:00	5295.203	5297.904	5280.617	5285.479	137112	525781	1
2023.11.22	11:00:00	5286.020	5295.744	5281.698	5285.479	113445	408859	1
2023.11.22	12:00:00	5286.020	5297.364	5283.859	5291.422	90005	363792	1
2023.11.22	13:00:00	5291.422	5297.364	5284.939	5286.560	51987	207187	1
2023.11.22	14:00:00	5286.020	5320.053	5285.479	5307.088	95859	425852	1
2023.11.22	15:00:00	5307.088	5308.168	5289.801	5297.364	68105	252770	1
2023.11.22	16:00:00	5297.364	5302.766	5295.744	5299.525	32333	130946	1
2023.11.22	17:00:00	5299.525	5308.168	5297.364	5306.548	19621	74447	1
2023.11.22	18:00:00	5307.088	5307.628	5301.146	5305.467	5717	30281	1
2023.11.23	09:00:00	5298.445	5304.927	5283.859	5289.801	87280	269712	1
2023.11.23	10:00:00	5290.341	5296.824	5289.261	5294.123	49213	155829	1
2023.11.23	11:00:00	5294.663	5302.226	5285.479	5289.261	71781	256433	1
2023.11.23	12:00:00	5289.261	5291.962	5283.859	5290.341	38362	139010	1
2023.11.23	13:00:00	5290.341	5295.203	5287.100	5295.203	22365	88295	1
2023.11.23	14:00:00	5294.663	5296.284	5291.422	5294.663	21103	98063	1
2023.11.23	15:00:00	5294.663	5308.168	5293.583	5307.088	32464	143923	1
2023.11.23	16:00:00	5306.548	5307.628	5302.226	5305.467	16175	81933	1
2023.11.23	17:00:00	5305.467	5306.548	5300.605	5303.307	10524	49115	1
2023.11.23	18:00:00	5303.307	5304.927	5298.985	5304.927	4276	25522	1
2023.11.24	09:00:00	5297.904	5302.226	5281.158	5281.698	115130	352180	1
2023.11.24	10:00:00	5282.238	5299.525	5277.916	5292.502	116771	422405	1
2023.11.24	11:00:00	5292.502	5300.065	5283.319	5284.399	87152	311331	1
2023.11.24	12:00:00	5284.399	5303.307	5278.457	5299.525	75026	316739	1
2023.11.24	13:00:00	5299.525	5301.686	5292.502	5296.824	41706	176136	1
2023.11.24	14:00:00	5297.364	5299.525	5290.882	5291.422	26358	100634	1
2023.11.24	15:00:00	5291.422	5294.663	5285.479	5293.583	26131	129515	1
2023.11.24	16:00:00	5293.583	5296.824	5291.962	5294.663	13452	64410	1
2023.11.24	17:00:00	5294.663	5300.065	5294.123	5299.525	9021	42406	1
2023.11.24	18:00:00	5299.525	5299.525	5292.502	5293.583	3361	20533	1
2023.11.27	09:00:00	5296.284	5303.307	5281.698	5285.479	120758	402132	1
2023.11.27	10:00:00	5285.479	5287.640	5264.951	5267.652	121553	471848	1
2023.11.27	11:00:00	5267.652	5298.985	5265.491	5297.364	103028	431796	1
2023.11.27	12:00:00	5296.824	5318.973	5294.123	5309.249	110969	512358	1
2023.11.27	13:00:00	5309.249	5312.490	5302.226	5302.766	49757	228812	1
2023.11.27	14:00:00	5303.307	5303.307	5287.100	5293.583	62772	293492	1
2023.11.27	15:00:00	5293.583	5302.226	5290.341	5298.985	49666	205912	1
2023.11.27	16:00:00	5298.985	5300.605	5290.882	5294.123	28497	130434	1
2023.11.27	17:00:00	5294.663	5297.364	5293.042	5294.663	14739	65941	1
2023.11.27	18:00:00	5294.123	5295.203	5288.721	5292.502	6304	33871	1
2023.11.28	09:00:00	5292.502	5297.904	5275.215	5288.180	154859	476729	1
2023.11.28	10:00:00	5288.180	5304.387	5275.755	5298.985	148738	533093	1
2023.11.28	11:00:00	5298.985	5303.847	5272.514	5274.675	133429	503379	1
2023.11.28	12:00:00	5274.135	5277.916	5249.285	5255.767	143475	665524	1
2023.11.28	13:00:00	5255.767	5261.170	5251.986	5253.066	59752	251854	1
2023.11.28	14:00:00	5253.066	5263.331	5251.986	5259.009	47046	198942	1
2023.11.28	15:00:00	5259.549	5271.434	5257.388	5266.032	55522	254280	1
2023.11.28	16:00:00	5266.032	5267.112	5261.710	5263.871	28577	139415	1
2023.11.28	17:00:00	5263.871	5267.112	5262.790	5264.411	26023	110295	1
2023.11.28	18:00:00	5264.411	5268.192	5263.331	5263.871	6681	36362	1
2023.11.29	09:00:00	5266.032	5280.617	5255.767	5280.617	121289	380843	1
2023.11.29	10:00:00	5280.617	5297.364	5280.077	5293.583	164687	593041	1
2023.11.29	11:00:00	5293.583	5299.525	5267.652	5274.675	121140	472133	1
2023.11.29	12:00:00	5275.215	5281.698	5266.032	5281.158	89888	355647	1
2023.11.29	13:00:00	5281.158	5293.583	5279.537	5289.261	57653	235539	1
2023.11.29	14:00:00	5289.261	5289.801	5272.514	5276.836	50833	219044	1
2023.11.29	15:00:00	5276.836	5288.180	5272.514	5277.376	52705	219456	1
2023.11.29	16:00:00	5277.376	5283.859	5274.135	5278.457	33961	135935	1
2023.11.29	17:00:00	5278.997	5301.146	5278.457	5300.065	38073	154186	1
2023.11.29	18:00:00	5300.065	5301.686	5294.663	5299.525	10381	48986	1
2023.11.30	09:00:00	5312.997	5339.942	5311.920	5329.703	169437	572679	1
2023.11.30	10:00:00	5329.703	5345.331	5320.003	5334.015	171419	634015	1
2023.11.30	11:00:00	5334.553	5345.870	5322.698	5336.709	130482	534615	1
2023.11.30	12:00:00	5336.709	5338.865	5321.620	5333.476	99011	412476	1
2023.11.30	13:00:00	5334.015	5336.170	5328.087	5330.242	56087	251687	1
2023.11.30	14:00:00	5330.242	5332.398	5318.925	5320.003	43063	174694	1
2023.11.30	15:00:00	5320.003	5328.087	5318.925	5320.542	41098	194006	1
2023.11.30	16:00:00	5320.542	5321.081	5313.536	5313.536	39173	174195	1
2023.11.30	17:00:00	5312.997	5325.931	5311.920	5318.925	29569	122941	1
2023.11.30	18:00:00	5318.925	5334.015	5318.386	5328.087	12638	58210	1
2023.12.01	09:00:00	5308.686	5321.620	5299.525	5320.003	109901	358618	1
2023.12.01	10:00:00	5320.003	5333.476	5315.153	5332.398	99467	345674	1
2023.12.01	11:00:00	5332.398	5335.092	5320.003	5320.003	94074	407652	1
2023.12.01	12:00:00	5320.003	5320.003	5291.442	5296.292	142698	571624	1
2023.12.01	13:00:00	5296.292	5301.681	5272.041	5281.741	132140	495770	1
2023.12.01	14:00:00	5281.741	5282.280	5262.880	5265.574	65085	255085	1
2023.12.01	15:00:00	5266.113	5272.580	5261.263	5266.113	48399	176731	1
2023.12.01	16:00:00	5265.574	5275.814	5265.036	5275.275	32327	142076	1
2023.12.01	17:00:00	5274.736	5279.047	5271.502	5277.969	23509	149798	1
2023.12.01	18:00:00	5277.969	5280.125	5273.119	5274.736	7689	42110	1
2023.12.04	09:00:00	5288.747	5297.369	5283.897	5286.053	92988	318475	1
2023.12.04	10:00:00	5286.591	5303.836	5284.975	5301.142	87178	335621	1
2023.12.04	11:00:00	5301.142	5315.153	5297.908	5310.842	91888	369299	1
2023.12.04	12:00:00	5310.842	5329.703	5304.375	5325.931	94545	318039	1
2023.12.04	13:00:00	5326.470	5329.164	5321.081	5327.009	48521	179555	1
2023.12.04	14:00:00	5327.009	5343.176	5326.470	5337.787	69976	291396	1
2023.12.04	15:00:00	5337.787	5352.337	5337.248	5349.643	60684	254957	1
2023.12.04	16:00:00	5349.643	5352.337	5344.792	5346.409	30007	132878	1
2023.12.04	17:00:00	5345.870	5347.487	5340.481	5343.715	25952	118634	1
2023.12.04	18:00:00	5343.715	5349.104	5340.481	5340.481	11875	58940	1
2023.12.05	09:00:00	5350.181	5366.348	5339.404	5344.254	146708	483243	1
2023.12.05	10:00:00	5344.254	5364.732	5339.404	5355.570	165098	597469	1
2023.12.05	11:00:00	5355.570	5358.265	5346.409	5353.415	98349	359772	1
2023.12.05	12:00:00	5353.415	5364.732	5331.320	5355.570	164025	591893	1
2023.12.05	13:00:00	5356.109	5358.265	5342.637	5346.409	61985	213065	1
2023.12.05	14:00:00	5346.409	5347.487	5324.314	5326.470	77424	313861	1
2023.12.05	15:00:00	5326.470	5329.703	5321.081	5323.237	42604	159613	1
2023.12.05	16:00:00	5323.237	5327.009	5318.925	5320.003	25897	125482	1
2023.12.05	17:00:00	5320.542	5324.853	5317.848	5324.314	24885	97374	1
2023.12.05	18:00:00	5324.314	5328.626	5323.775	5325.392	6829	31568	1
2023.12.06	09:00:00	5313.536	5315.692	5304.375	5307.070	96668	313215	1
2023.12.06	10:00:00	5307.070	5315.692	5296.831	5298.447	120424	410423	1
2023.12.06	11:00:00	5298.447	5298.447	5278.508	5287.130	120530	494992	1
2023.12.06	12:00:00	5287.130	5290.903	5280.125	5288.747	65383	247566	1
2023.12.06	13:00:00	5288.208	5294.675	5286.591	5290.364	44738	177719	1
2023.12.06	14:00:00	5289.825	5297.908	5288.208	5296.292	38235	169793	1
2023.12.06	15:00:00	5296.831	5298.447	5287.669	5290.364	44519	189731	1
2023.12.06	16:00:00	5290.364	5297.908	5288.747	5293.058	29397	120991	1
2023.12.06	17:00:00	5293.058	5300.603	5292.519	5294.136	25905	126086	1
2023.12.06	18:00:00	5294.136	5296.831	5292.519	5294.136	7524	35173	1
2023.12.07	09:00:00	5288.747	5302.758	5275.814	5277.430	146033	504071	1
2023.12.07	10:00:00	5277.430	5282.280	5270.425	5276.891	117995	438549	1
2023.12.07	11:00:00	5276.891	5308.147	5276.352	5300.064	137741	540544	1
2023.12.07	12:00:00	5299.525	5307.609	5294.136	5299.525	71759	248974	1
2023.12.07	13:00:00	5299.525	5306.531	5292.519	5296.831	51824	179868	1
2023.12.07	14:00:00	5296.831	5300.603	5288.208	5297.908	46578	170349	1
2023.12.07	15:00:00	5297.369	5302.220	5293.058	5302.220	28989	99273	1
2023.12.07	16:00:00	5302.220	5305.992	5299.525	5301.681	26814	119678	1
2023.12.07	17:00:00	5301.681	5302.220	5294.675	5299.525	19159	89831	1
2023.12.07	18:00:00	5299.525	5307.070	5297.908	5305.992	9151	45854	1
2023.12.08	09:00:00	5287.669	5303.297	5286.591	5301.142	99400	310461	1
2023.12.08	10:00:00	5301.142	5325.931	5291.980	5314.614	186760	662733	1
2023.12.08	11:00:00	5315.153	5329.703	5303.297	5307.609	143492	508346	1
2023.12.08	12:00:00	5307.070	5310.842	5294.136	5310.842	79597	265086	1
2023.12.08	13:00:00	5310.303	5325.931	5309.225	5325.392	50370	199906	1
2023.12.08	14:00:00	5325.392	5327.548	5314.075	5314.614	40263	163686	1
2023.12.08	15:00:00	5314.075	5320.003	5313.536	5320.003	27709	106189	1
2023.12.08	16:00:00	5320.003	5322.159	5315.692	5321.081	21240	93918	1
2023.12.08	17:00:00	5320.542	5325.392	5316.231	5322.698	19643	90259	1
2023.12.08	18:00:00	5323.237	5328.087	5321.081	5322.159	8153	39325	1
2023.12.11	09:00:00	5327.009	5345.331	5320.542	5332.937	111972	362810	1
2023.12.11	10:00:00	5332.937	5352.876	5327.009	5341.559	119339	432567	1
2023.12.11	11:00:00	5341.559	5350.720	5337.787	5342.098	76042	275846	1
2023.12.11	12:00:00	5342.098	5348.026	5332.937	5335.092	61933	232596	1
2023.12.11	13:00:00	5335.631	5338.326	5328.626	5333.476	40370	158009	1
2023.12.11	14:00:00	5332.937	5338.865	5331.320	5338.326	24814	96994	1
2023.12.11	15:00:00	5337.787	5339.942	5323.237	5324.314	42185	166597	1
2023.12.11	16:00:00	5324.314	5329.703	5321.081	5327.548	30732	143176	1
2023.12.11	17:00:00	5328.087	5332.937	5326.470	5329.703	13086	63712	1
2023.12.11	18:00:00	5329.164	5331.859	5325.392	5329.703	7006	29138	1
2023.12.12	09:00:00	5317.309	5328.626	5311.381	5323.775	105817	357180	1
2023.12.12	10:00:00	5324.314	5336.709	5311.381	5334.015	161385	617185	1
2023.12.12	11:00:00	5334.015	5352.337	5325.392	5345.870	119242	474661	1
2023.12.12	12:00:00	5345.870	5355.570	5341.559	5344.792	74119	317014	1
2023.12.12	13:00:00	5345.331	5359.343	5342.637	5356.648	47384	209334	1
2023.12.12	14:00:00	5356.109	5365.810	5353.954	5360.959	49047	246166	1
2023.12.12	15:00:00	5360.959	5361.498	5351.259	5355.570	42994	178065	1
2023.12.12	16:00:00	5356.109	5360.421	5355.032	5358.804	21486	91699	1
2023.12.12	17:00:00	5358.265	5359.343	5354.493	5357.726	16834	86886	1
2023.12.12	18:00:00	5357.726	5358.804	5351.259	5355.032	8182	49376	1
2023.12.13	09:00:00	5353.954	5362.576	5336.170	5349.104	117210	435562	1
2023.12.13	10:00:00	5349.643	5368.504	5346.948	5348.565	136151	528462	1
2023.12.13	11:00:00	5349.104	5358.265	5340.481	5341.559	94362	384184	1
2023.12.13	12:00:00	5341.559	5349.104	5334.015	5347.487	65077	273415	1
2023.12.13	13:00:00	5348.026	5366.348	5346.409	5363.115	51967	232623	1
2023.12.13	14:00:00	5362.576	5368.504	5356.648	5364.732	44783	217510	1
2023.12.13	15:00:00	5365.271	5367.965	5358.265	5365.810	36364	155268	1
2023.12.13	16:00:00	5365.271	5365.271	5300.603	5306.531	173101	734230	1
2023.12.13	17:00:00	5307.070	5317.848	5302.758	5305.453	64666	289883	1
2023.12.13	18:00:00	5305.453	5308.686	5302.220	5303.297	9538	54707	1
2023.12.14	09:00:00	5265.036	5281.202	5260.724	5268.808	155372	581106	1
2023.12.14	10:00:00	5269.347	5293.597	5263.958	5285.514	165477	611662	1
2023.12.14	11:00:00	5286.053	5292.519	5260.185	5269.347	128443	528086	1
2023.12.14	12:00:00	5268.808	5283.358	5267.730	5275.275	83050	355492	1
2023.12.14	13:00:00	5275.275	5288.208	5272.580	5284.975	51748	217606	1
2023.12.14	14:00:00	5284.436	5288.208	5279.586	5280.664	37127	151712	1
2023.12.14	15:00:00	5280.664	5296.831	5279.586	5293.597	45306	219579	1
2023.12.14	16:00:00	5294.136	5304.375	5287.130	5301.681	45196	243300	1
2023.12.14	17:00:00	5301.681	5304.375	5293.597	5298.447	29626	137263	1
2023.12.14	18:00:00	5298.447	5304.914	5297.908	5301.142	8931	38991	1
2023.12.15	09:00:00	5295.214	5328.626	5288.208	5327.009	136156	489443	1
2023.12.15	10:00:00	5327.548	5339.404	5320.003	5324.853	159504	623813	1
2023.12.15	11:00:00	5325.392	5327.009	5302.758	5317.309	135567	559353	1
2023.12.15	12:00:00	5317.309	5332.937	5314.614	5331.320	62934	259451	1
2023.12.15	13:00:00	5331.859	5336.170	5322.698	5327.009	54969	229464	1
2023.12.15	14:00:00	5327.009	5330.242	5322.698	5324.314	28684	143119	1
2023.12.15	15:00:00	5323.775	5333.476	5322.698	5328.087	40758	187362	1
2023.12.15	16:00:00	5328.087	5332.398	5323.775	5323.775	25344	118667	1
2023.12.15	17:00:00	5324.314	5331.859	5320.542	5330.781	24483	125016	1
2023.12.15	18:00:00	5330.781	5330.781	5324.314	5324.314	8140	37546	1
2023.12.18	09:00:00	5323.775	5335.631	5321.620	5326.470	93261	323739	1
2023.12.18	10:00:00	5326.470	5338.326	5312.997	5318.925	129370	464794	1
2023.12.18	11:00:00	5319.464	5334.553	5317.848	5324.314	96233	331451	1
2023.12.18	12:00:00	5324.314	5328.626	5317.309	5320.542	45490	166393	1
2023.12.18	13:00:00	5320.003	5328.626	5319.464	5322.698	33433	141233	1
2023.12.18	14:00:00	5323.237	5325.392	5310.303	5311.920	46876	193291	1
2023.12.18	15:00:00	5311.920	5313.536	5272.041	5286.053	101930	434327	1
2023.12.18	16:00:00	5286.591	5291.980	5282.819	5285.514	34641	147444	1
2023.12.18	17:00:00	5285.514	5287.669	5283.358	5284.975	17088	83940	1
2023.12.18	18:00:00	5284.436	5284.975	5275.275	5277.969	10349	48101	1
2023.12.19	09:00:00	5269.886	5276.891	5240.246	5243.480	168117	633135	1
2023.12.19	10:00:00	5243.480	5249.946	5236.474	5242.941	98013	411883	1
2023.12.19	11:00:00	5243.480	5248.330	5240.246	5244.557	69097	317139	1
2023.12.19	12:00:00	5244.557	5248.869	5229.468	5231.624	72686	330661	1
2023.12.19	13:00:00	5231.624	5242.941	5231.624	5240.785	42065	207498	1
2023.12.19	14:00:00	5240.785	5241.324	5233.779	5235.396	33924	143717	1
2023.12.19	15:00:00	5234.857	5241.863	5226.774	5239.168	57726	313947	1
2023.12.19	16:00:00	5238.630	5240.785	5234.318	5239.707	24169	135870	1
2023.12.19	17:00:00	5239.168	5247.791	5238.091	5239.707	35381	167521	1
2023.12.19	18:00:00	5239.707	5246.713	5239.168	5244.557	8420	32410	1
2023.12.20	09:00:00	5248.869	5251.024	5232.702	5242.402	104743	383921	1
2023.12.20	10:00:00	5242.941	5247.791	5239.707	5244.019	66011	281409	1
2023.12.20	11:00:00	5244.019	5258.030	5244.019	5255.874	86390	355011	1
2023.12.20	12:00:00	5255.874	5261.263	5251.563	5260.185	58201	253728	1
2023.12.20	13:00:00	5259.647	5270.963	5252.102	5268.808	60845	253983	1
2023.12.20	14:00:00	5268.808	5272.041	5262.341	5267.730	41015	169423	1
2023.12.20	15:00:00	5267.730	5277.969	5267.191	5275.814	42506	168751	1
2023.12.20	16:00:00	5275.275	5293.058	5274.736	5290.903	53758	261819	1
2023.12.20	17:00:00	5290.364	5296.831	5286.591	5295.214	52604	224205	1
2023.12.20	18:00:00	5295.214	5299.525	5292.519	5297.369	10956	45614	1
2023.12.21	09:00:00	5267.730	5278.508	5257.491	5258.569	102932	385782	1
2023.12.21	10:00:00	5259.108	5280.125	5255.335	5259.108	138963	512218	1
2023.12.21	11:00:00	5259.647	5265.036	5245.096	5253.719	102073	415726	1
2023.12.21	12:00:00	5253.719	5266.652	5248.330	5249.408	79079	319833	1
2023.12.21	13:00:00	5249.408	5253.719	5241.863	5253.180	57999	243158	1
2023.12.21	14:00:00	5253.180	5272.041	5250.485	5268.269	60677	245874	1
2023.12.21	15:00:00	5268.269	5272.580	5263.958	5267.730	41912	166135	1
2023.12.21	16:00:00	5268.269	5269.886	5262.341	5266.652	30665	145867	1
2023.12.21	17:00:00	5266.652	5268.269	5259.647	5260.185	18729	87002	1
2023.12.21	18:00:00	5260.724	5266.652	5257.491	5266.113	7719	33967	1
2023.12.22	09:00:00	5250.485	5258.569	5242.941	5244.557	93574	335345	1
2023.12.22	10:00:00	5244.557	5248.869	5237.552	5244.019	94889	380476	1
2023.12.22	11:00:00	5244.019	5248.330	5235.396	5242.941	67639	265827	1
2023.12.22	12:00:00	5243.480	5243.480	5228.390	5235.396	74267	332384	1
2023.12.22	13:00:00	5235.935	5237.552	5230.007	5234.318	34088	163750	1
2023.12.22	14:00:00	5233.779	5241.324	5223.540	5227.852	49387	233764	1
2023.12.22	15:00:00	5227.852	5230.546	5223.540	5227.313	31603	164762	1
2023.12.22	16:00:00	5227.313	5240.246	5226.774	5237.013	36496	166885	1
2023.12.22	17:00:00	5236.474	5240.785	5235.935	5238.091	15888	61849	1
2023.12.22	18:00:00	5238.091	5238.091	5233.241	5235.935	7396	33772	1
2023.12.26	09:00:00	5225.157	5235.935	5219.229	5220.307	91083	304355	1
2023.12.26	10:00:00	5220.307	5223.540	5208.451	5210.607	83799	315285	1
2023.12.26	11:00:00	5210.068	5218.690	5208.990	5211.685	53755	222721	1
2023.12.26	12:00:00	5211.146	5212.224	5196.595	5197.673	53190	225760	1
2023.12.26	13:00:00	5197.673	5202.523	5196.595	5198.751	31697	130558	1
2023.12.26	14:00:00	5198.751	5198.751	5188.512	5193.362	46957	189554	1
2023.12.26	15:00:00	5193.362	5199.290	5188.512	5199.290	40180	192790	1
2023.12.26	16:00:00	5199.290	5199.290	5191.745	5192.823	19985	80793	1
2023.12.26	17:00:00	5192.823	5194.979	5191.206	5192.284	19757	163183	1
2023.12.26	18:00:00	5192.284	5192.823	5183.123	5183.123	13276	61980	1
2023.12.27	09:00:00	5182.045	5204.679	5171.806	5204.679	95083	367908	1
2023.12.27	10:00:00	5204.679	5205.757	5196.595	5202.523	68904	257360	1
2023.12.27	11:00:00	5201.984	5206.835	5198.751	5201.984	60232	259976	1
2023.12.27	12:00:00	5201.984	5205.757	5190.129	5192.284	60720	254165	1
2023.12.27	13:00:00	5192.284	5210.068	5191.206	5202.523	63711	239987	1
2023.12.27	14:00:00	5201.984	5203.062	5190.668	5193.362	52621	184576	1
2023.12.27	15:00:00	5193.901	5205.218	5188.512	5203.601	43356	181071	1
2023.12.27	16:00:00	5203.601	5210.068	5199.290	5200.907	37251	149476	1
2023.12.27	17:00:00	5200.907	5204.679	5198.212	5201.446	17567	73892	1
2023.12.27	18:00:00	5201.446	5203.062	5197.134	5198.212	8260	34959	1
2023.12.28	09:00:00	5192.309	5222.360	5189.626	5214.847	126004	414790	1
2023.12.28	10:00:00	5215.384	5222.360	5205.188	5221.823	83449	317504	1
2023.12.28	11:00:00	5221.287	5226.653	5201.968	5210.554	81931	333879	1
2023.12.28	12:00:00	5210.554	5213.774	5201.432	5212.701	55537	252311	1
2023.12.28	13:00:00	5212.701	5229.336	5208.408	5226.116	48213	230735	1
2023.12.28	14:00:00	5226.653	5247.044	5225.043	5230.946	62173	278562	1
2023.12.28	15:00:00	5230.409	5238.995	5218.067	5222.360	51001	211024	1
2023.12.28	16:00:00	5222.360	5227.726	5221.287	5226.116	27196	134164	1
2023.12.28	17:00:00	5225.580	5234.702	5225.043	5232.019	28720	140737	1
2023.12.28	18:00:00	5231.482	5232.019	5222.360	5223.970	8857	38043	1
2024.01.02	09:00:00	5241.678	5260.460	5222.360	5260.460	133751	464963	1
2024.01.02	10:00:00	5259.923	5278.705	5259.387	5277.095	96665	386238	1
2024.01.02	11:00:00	5277.095	5278.168	5251.874	5260.460	97232	348080	1
2024.01.02	12:00:00	5260.460	5285.681	5253.484	5284.071	77351	314382	1
2024.01.02	13:00:00	5284.608	5284.608	5272.265	5273.875	42350	184421	1
2024.01.02	14:00:00	5273.339	5285.681	5272.265	5285.681	35462	153228	1
2024.01.02	15:00:00	5285.144	5300.169	5283.534	5299.633	50456	220838	1
2024.01.02	16:00:00	5300.169	5300.706	5282.998	5295.340	42834	196740	1
2024.01.02	17:00:00	5295.340	5300.706	5293.193	5297.486	25609	135167	1
2024.01.02	18:00:00	5296.950	5307.145	5295.877	5304.999	12238	66915	1
2024.01.03	09:00:00	5320.024	5320.561	5297.486	5311.438	131629	452208	1
2024.01.03	10:00:00	5311.438	5315.195	5292.657	5307.145	116201	385912	1
2024.01.03	11:00:00	5307.682	5309.292	5291.584	5301.779	102808	366020	1
2024.01.03	12:00:00	5302.316	5304.999	5277.095	5301.243	126063	516428	1
2024.01.03	13:00:00	5300.706	5304.462	5293.193	5303.389	48193	197672	1
2024.01.03	14:00:00	5303.926	5309.292	5297.486	5298.560	42191	153577	1
2024.01.03	15:00:00	5299.096	5300.169	5291.584	5298.560	40793	153818	1
2024.01.03	16:00:00	5298.560	5308.219	5286.754	5294.803	70348	294186	1
2024.01.03	17:00:00	5294.267	5300.706	5293.730	5298.023	22782	85958	1
2024.01.03	18:00:00	5298.023	5302.853	5296.950	5300.706	6137	31662	1
2024.01.04	09:00:00	5290.510	5299.096	5282.461	5291.584	105019	366385	1
2024.01.04	10:00:00	5292.120	5307.682	5285.144	5301.779	110184	398070	1
2024.01.04	11:00:00	5301.243	5317.341	5295.877	5309.829	112649	403899	1
2024.01.04	12:00:00	5309.292	5310.365	5289.974	5294.267	71892	289279	1
2024.01.04	13:00:00	5294.267	5296.413	5284.608	5294.803	62726	262438	1
2024.01.04	14:00:00	5294.803	5296.950	5287.291	5291.047	37946	151943	1
2024.01.04	15:00:00	5291.047	5293.193	5286.217	5287.827	27003	99358	1
2024.01.04	16:00:00	5288.364	5292.657	5283.534	5285.681	27088	157965	1
2024.01.04	17:00:00	5285.681	5288.364	5275.485	5279.778	31730	149386	1
2024.01.04	18:00:00	5279.778	5279.778	5272.802	5273.875	8299	44286	1
2024.01.05	09:00:00	5287.827	5304.999	5279.241	5296.950	98818	336500	1
2024.01.05	10:00:00	5296.950	5321.634	5265.289	5270.119	197956	744032	1
2024.01.05	11:00:00	5270.119	5273.339	5252.947	5255.630	125582	438293	1
2024.01.05	12:00:00	5255.630	5255.630	5233.629	5246.508	110009	418536	1
2024.01.05	13:00:00	5246.508	5253.484	5242.751	5249.727	47526	183194	1
2024.01.05	14:00:00	5250.264	5255.094	5245.971	5253.484	43758	180704	1
2024.01.05	15:00:00	5253.484	5255.630	5241.142	5245.971	42319	187234	1
2024.01.05	16:00:00	5245.971	5249.191	5241.678	5247.044	27573	142512	1
2024.01.05	17:00:00	5246.508	5256.167	5245.434	5250.264	23762	102669	1
2024.01.05	18:00:00	5249.727	5252.411	5245.971	5248.118	8056	47313	1
2024.01.08	09:00:00	5252.947	5277.095	5249.191	5274.948	133839	441869	1
2024.01.08	10:00:00	5274.948	5274.948	5261.533	5267.436	87975	274357	1
2024.01.08	11:00:00	5266.899	5267.436	5248.118	5250.801	100988	322991	1
2024.01.08	12:00:00	5250.801	5261.533	5246.508	5246.508	66337	224107	1
2024.01.08	13:00:00	5246.508	5251.874	5239.532	5248.118	52524	186749	1
2024.01.08	14:00:00	5248.654	5255.094	5245.971	5251.337	36207	133206	1
2024.01.08	15:00:00	5251.337	5251.337	5236.312	5248.118	47141	190141	1
2024.01.08	16:00:00	5248.118	5249.191	5241.142	5242.215	26500	103733	1
2024.01.08	17:00:00	5242.751	5250.801	5242.215	5248.654	24308	101424	1
2024.01.08	18:00:00	5248.654	5249.191	5241.678	5242.751	8217	43460	1
2024.01.09	09:00:00	5254.020	5261.533	5248.654	5256.703	107469	331584	1
2024.01.09	10:00:00	5256.167	5268.509	5254.557	5265.289	99444	385829	1
2024.01.09	11:00:00	5265.289	5271.192	5254.557	5260.996	102475	345129	1
2024.01.09	12:00:00	5261.533	5281.388	5260.996	5279.778	77345	326200	1
2024.01.09	13:00:00	5279.241	5281.924	5269.582	5270.655	43379	185491	1
2024.01.09	14:00:00	5270.119	5279.241	5269.046	5273.875	36035	128241	1
2024.01.09	15:00:00	5273.339	5277.095	5266.363	5276.558	46257	191183	1
2024.01.09	16:00:00	5277.095	5284.071	5273.875	5280.851	30251	123732	1
2024.01.09	17:00:00	5281.388	5284.608	5277.632	5281.924	22924	91834	1
2024.01.09	18:00:00	5281.924	5283.534	5277.095	5279.241	9051	41162	1
2024.01.10	09:00:00	5274.948	5277.095	5256.703	5257.777	110803	367413	1
2024.01.10	10:00:00	5257.240	5264.216	5249.191	5258.850	120866	417813	1
2024.01.10	11:00:00	5258.850	5279.778	5257.777	5267.972	106618	405020	1
2024.01.10	12:00:00	5267.972	5277.095	5262.070	5262.606	63633	253719	1
2024.01.10	13:00:00	5262.070	5270.119	5260.460	5266.363	45922	179241	1
2024.01.10	14:00:00	5266.363	5267.972	5260.460	5265.826	31430	118736	1
2024.01.10	15:00:00	5265.289	5269.582	5262.606	5266.899	34220	135259	1
2024.01.10	16:00:00	5266.899	5268.509	5263.143	5263.679	15864	71617	1
2024.01.10	17:00:00	5263.679	5266.899	5261.533	5265.289	20317	81528	1
2024.01.10	18:00:00	5265.289	5266.363	5262.070	5265.826	6096	28547	1
2024.01.11	09:00:00	5262.606	5266.899	5250.801	5255.630	92243	342960	1
2024.01.11	10:00:00	5255.630	5264.216	5237.385	5255.630	199603	773995	1
2024.01.11	11:00:00	5255.630	5265.289	5227.726	5244.361	158481	610622	1
2024.01.11	12:00:00	5243.825	5257.777	5241.678	5247.044	90231	345816	1
2024.01.11	13:00:00	5247.044	5256.703	5241.142	5254.557	58829	225553	1
2024.01.11	14:00:00	5255.094	5262.606	5245.971	5262.070	47229	195229	1
2024.01.11	15:00:00	5262.070	5266.899	5250.264	5254.020	50054	214382	1
2024.01.11	16:00:00	5254.020	5254.557	5244.361	5244.898	27096	133427	1
2024.01.11	17:00:00	5244.898	5249.191	5240.068	5240.605	23374	116724	1
2024.01.11	18:00:00	5241.142	5243.288	5239.532	5241.142	6237	37851	1
2024.01.12	09:00:00	5241.678	5248.118	5236.849	5238.458	106733	364517	1
2024.01.12	10:00:00	5238.458	5242.751	5199.822	5213.774	200533	828725	1
2024.01.12	11:00:00	5213.774	5221.287	5196.602	5207.871	107135	396681	1
2024.01.12	12:00:00	5207.871	5223.433	5206.261	5215.384	71462	309213	1
2024.01.12	13:00:00	5215.921	5224.506	5213.774	5221.287	45994	190970	1
2024.01.12	14:00:00	5221.287	5234.702	5219.677	5228.263	52910	224633	1
2024.01.12	15:00:00	5228.263	5228.799	5221.287	5222.897	35292	141679	1
2024.01.12	16:00:00	5223.433	5225.580	5220.213	5223.970	19882	76752	1
2024.01.12	17:00:00	5223.970	5226.116	5219.140	5221.823	17505	70505	1
2024.01.12	18:00:00	5222.360	5223.433	5218.604	5221.823	6127	31599	1
2024.01.15	09:00:00	5205.188	5241.678	5205.188	5238.995	96431	337541	1
2024.01.15	10:00:00	5238.458	5247.044	5238.458	5242.215	72228	274428	1
2024.01.15	11:00:00	5242.215	5247.044	5241.142	5242.751	38647	160247	1
2024.01.15	12:00:00	5243.288	5255.630	5242.751	5246.508	54497	233795	1
2024.01.15	13:00:00	5246.508	5248.118	5240.068	5240.605	31872	124517	1
2024.01.15	14:00:00	5240.605	5241.678	5233.629	5234.702	31857	139689	1
2024.01.15	15:00:00	5234.166	5236.849	5226.653	5228.263	27804	153118	1
2024.01.15	16:00:00	5228.263	5234.166	5227.726	5233.092	14832	70777	1
2024.01.15	17:00:00	5232.556	5235.239	5231.482	5233.092	9854	45867	1
2024.01.15	18:00:00	5233.092	5233.092	5227.726	5227.726	5127	23634	1
2024.01.16	09:00:00	5267.436	5274.412	5255.630	5258.313	132178	478337	1
2024.01.16	10:00:00	5258.313	5271.729	5254.020	5269.046	150589	557004	1
2024.01.16	11:00:00	5269.046	5279.778	5259.923	5273.875	108033	410848	1
2024.01.16	12:00:00	5274.412	5294.267	5271.729	5285.681	98078	437858	1
2024.01.16	13:00:00	5285.681	5301.243	5279.778	5286.754	115417	482988	1
2024.01.16	14:00:00	5286.754	5301.779	5285.681	5298.560	68119	303304	1
2024.01.16	15:00:00	5298.023	5305.536	5294.803	5301.243	48957	217255	1
2024.01.16	16:00:00	5301.243	5302.316	5294.267	5296.413	32280	145393	1
2024.01.16	17:00:00	5296.950	5303.389	5296.413	5298.023	29120	133472	1
2024.01.16	18:00:00	5297.486	5302.853	5296.413	5297.486	10389	47067	1
2024.01.17	09:00:00	5320.024	5327.000	5294.803	5303.389	162473	543676	1
2024.01.17	10:00:00	5303.926	5320.024	5296.950	5314.658	147240	557428	1
2024.01.17	11:00:00	5314.658	5322.171	5308.219	5313.585	95170	361378	1
2024.01.17	12:00:00	5313.585	5319.488	5300.169	5305.536	86996	327043	1
2024.01.17	13:00:00	5306.072	5306.072	5293.193	5299.096	65556	287422	1
2024.01.17	14:00:00	5299.096	5309.829	5296.950	5302.853	46852	226315	1
2024.01.17	15:00:00	5302.853	5308.755	5300.706	5306.072	35026	135634	1
2024.01.17	16:00:00	5306.609	5306.609	5295.877	5300.169	34684	161800	1
2024.01.17	17:00:00	5300.169	5305.536	5299.633	5302.853	17511	69467	1
2024.01.17	18:00:00	5302.853	5309.292	5302.316	5309.292	6991	35545	1
2024.01.18	09:00:00	5297.486	5298.560	5282.461	5294.803	103187	371113	1
2024.01.18	10:00:00	5294.803	5313.585	5292.120	5313.048	125721	431063	1
2024.01.18	11:00:00	5313.585	5320.561	5302.853	5316.805	101522	386744	1
2024.01.18	12:00:00	5317.341	5328.610	5308.219	5318.951	91773	417767	1
2024.01.18	13:00:00	5318.414	5321.634	5308.755	5316.805	46611	219565	1
2024.01.18	14:00:00	5317.341	5327.000	5310.902	5311.975	50661	228821	1
2024.01.18	15:00:00	5311.438	5314.658	5298.560	5303.389	49122	209930	1
2024.01.18	16:00:00	5302.853	5308.755	5301.243	5302.853	33191	164996	1
2024.01.18	17:00:00	5302.853	5302.853	5294.803	5300.706	24483	102653	1
2024.01.18	18:00:00	5300.706	5303.389	5295.877	5298.023	6972	33431	1
2024.01.19	09:00:00	5284.071	5290.510	5275.485	5282.461	111291	477902	1
2024.01.19	10:00:00	5282.461	5292.657	5269.582	5288.900	123617	434565	1
2024.01.19	11:00:00	5289.437	5304.999	5287.291	5296.950	85037	334513	1
2024.01.19	12:00:00	5296.413	5309.292	5292.120	5298.023	83149	359662	1
2024.01.19	13:00:00	5297.486	5300.706	5293.193	5298.023	32700	142385	1
2024.01.19	14:00:00	5298.023	5301.243	5286.217	5292.120	40179	177487	1
2024.01.19	15:00:00	5292.120	5296.413	5287.827	5295.340	34617	160623	1
2024.01.19	16:00:00	5295.340	5300.706	5294.267	5295.877	26926	119271	1
2024.01.19	17:00:00	5295.877	5301.243	5293.730	5300.169	21149	105358	1
2024.01.19	18:00:00	5299.633	5309.292	5297.486	5300.169	10963	59848	1
2024.01.22	09:00:00	5292.657	5317.878	5290.510	5301.243	135307	507723	1
2024.01.22	10:00:00	5301.243	5314.122	5294.803	5309.292	123543	455768	1
2024.01.22	11:00:00	5309.829	5329.147	5309.292	5315.195	116340	525010	1
2024.01.22	12:00:00	5315.731	5340.952	5315.731	5339.343	85808	370555	1
2024.01.22	13:00:00	5339.343	5365.637	5338.806	5352.758	103394	528346	1
2024.01.22	14:00:00	5352.758	5359.197	5350.611	5353.295	52809	293852	1
2024.01.22	15:00:00	5353.295	5364.564	5350.611	5360.807	58997	299543	1
2024.01.22	16:00:00	5360.807	5365.100	5357.051	5358.661	33470	161369	1
2024.01.22	17:00:00	5359.197	5360.271	5350.611	5357.588	28460	142787	1
2024.01.22	18:00:00	5357.051	5365.100	5356.514	5363.490	11840	58167	1
2024.01.23	09:00:00	5357.588	5373.686	5334.513	5335.050	167123	616369	1
2024.01.23	10:00:00	5334.513	5339.343	5325.390	5335.050	108027	433040	1
2024.01.23	11:00:00	5335.586	5361.344	5333.440	5350.611	123321	502849	1
2024.01.23	12:00:00	5350.611	5355.441	5342.026	5347.928	76096	315705	1
2024.01.23	13:00:00	5347.928	5352.758	5337.196	5344.172	60462	259518	1
2024.01.23	14:00:00	5344.172	5352.221	5332.903	5335.586	49716	214187	1
2024.01.23	15:00:00	5335.050	5337.196	5316.268	5320.561	61545	283286	1
2024.01.23	16:00:00	5320.561	5324.854	5317.341	5323.244	34577	195491	1
2024.01.23	17:00:00	5322.707	5328.074	5317.341	5317.878	22236	116450	1
2024.01.23	18:00:00	5317.878	5323.781	5314.658	5320.561	9770	47744	1
2024.01.24	09:00:00	5296.413	5298.560	5274.948	5277.632	122946	484967	1
2024.01.24	10:00:00	5278.168	5285.681	5272.265	5276.558	99762	399207	1
2024.01.24	11:00:00	5276.022	5294.267	5274.412	5287.291	91928	411993	1
2024.01.24	12:00:00	5287.291	5295.340	5280.851	5285.144	80028	334078	1
2024.01.24	13:00:00	5285.144	5293.730	5282.461	5284.071	46019	208689	1
2024.01.24	14:00:00	5284.071	5289.974	5280.851	5281.924	32437	155636	1
2024.01.24	15:00:00	5282.461	5298.023	5280.851	5295.340	56126	262191	1
2024.01.24	16:00:00	5295.340	5304.462	5294.267	5297.486	37601	189120	1
2024.01.24	17:00:00	5297.486	5299.096	5292.657	5298.023	20476	104547	1
2024.01.24	18:00:00	5298.023	5301.243	5296.950	5298.560	6868	37099	1
2024.01.25	09:00:00	5295.877	5299.633	5291.047	5296.950	69704	239241	1
2024.01.25	10:00:00	5297.486	5308.755	5278.705	5289.974	135221	513104	1
2024.01.25	11:00:00	5290.510	5292.657	5278.705	5279.778	75928	288861	1
2024.01.25	12:00:00	5279.241	5286.754	5271.192	5286.217	76248	328010	1
2024.01.25	13:00:00	5286.217	5295.877	5281.924	5293.193	48204	229722	1
2024.01.25	14:00:00	5292.657	5298.560	5287.827	5289.974	45798	200214	1
2024.01.25	15:00:00	5290.510	5292.657	5284.071	5287.827	34036	129722	1
2024.01.25	16:00:00	5287.827	5291.584	5284.608	5287.827	20406	125270	1
2024.01.25	17:00:00	5287.827	5293.193	5280.315	5281.388	19363	87249	1
2024.01.25	18:00:00	5281.388	5288.364	5280.851	5280.851	4529	27476	1
2024.01.26	09:00:00	5269.046	5282.998	5265.289	5278.705	95472	346688	1
2024.01.26	10:00:00	5278.705	5280.851	5264.753	5269.582	126750	508205	1
2024.01.26	11:00:00	5269.582	5284.071	5267.436	5277.632	90849	351012	1
2024.01.26	12:00:00	5278.168	5284.071	5275.485	5280.315	45621	199843	1
2024.01.26	13:00:00	5280.315	5282.998	5276.558	5278.168	24768	110328	1
2024.01.26	14:00:00	5278.168	5280.851	5273.339	5274.412	33302	159483	1
2024.01.26	15:00:00	5274.412	5277.632	5272.265	5276.558	24805	109517	1
2024.01.26	16:00:00	5276.558	5277.095	5272.265	5274.412	14813	99596	1
2024.01.26	17:00:00	5274.412	5276.558	5271.192	5273.875	14531	79665	1
2024.01.26	18:00:00	5273.875	5282.461	5273.875	5280.315	5489	30035	1
2024.01.29	09:00:00	5279.778	5285.681	5269.582	5271.729	86908	337473	1
2024.01.29	10:00:00	5271.729	5278.168	5267.436	5273.339	83633	328150	1
2024.01.29	11:00:00	5273.339	5295.340	5273.339	5288.364	107054	434424	1
2024.01.29	12:00:00	5288.364	5317.878	5286.754	5313.048	86207	429826	1
2024.01.29	13:00:00	5312.512	5316.268	5304.999	5307.145	72695	409820	1
2024.01.29	14:00:00	5307.145	5315.195	5306.609	5313.048	38101	187258	1
2024.01.29	15:00:00	5312.512	5324.854	5311.975	5318.414	48302	236030	1
2024.01.29	16:00:00	5318.414	5320.561	5313.585	5315.731	28153	148092	1
2024.01.29	17:00:00	5315.731	5315.731	5305.536	5313.048	38039	181835	1
2024.01.29	18:00:00	5313.585	5318.951	5310.902	5317.878	9106	41248	1
2024.01.30	09:00:00	5307.145	5314.122	5296.950	5313.048	100708	375651	1
2024.01.30	10:00:00	5313.585	5336.659	5311.975	5329.147	105491	469941	1
2024.01.30	11:00:00	5329.683	5331.830	5320.024	5322.707	80466	346942	1
2024.01.30	12:00:00	5322.707	5347.928	5320.561	5335.050	112191	565131	1
2024.01.30	13:00:00	5334.513	5337.196	5327.537	5328.610	42749	190988	1
2024.01.30	14:00:00	5328.610	5329.147	5320.024	5325.390	43227	187761	1
2024.01.30	15:00:00	5325.390	5328.074	5306.072	5311.438	52221	255828	1
2024.01.30	16:00:00	5311.438	5311.975	5303.926	5308.219	30134	145108	1
2024.01.30	17:00:00	5308.219	5317.878	5306.609	5313.585	17790	81888	1
2024.01.30	18:00:00	5313.585	5319.488	5312.512	5316.805	6735	33147	1
2024.01.31	09:00:00	5309.313	5325.366	5305.567	5313.059	96477	367649	1
2024.01.31	10:00:00	5312.524	5328.577	5308.778	5317.875	137903	620961	1
2024.01.31	11:00:00	5317.875	5321.621	5287.909	5308.778	129059	610976	1
2024.01.31	12:00:00	5309.313	5313.059	5294.865	5301.287	84207	395183	1
2024.01.31	13:00:00	5301.287	5305.567	5286.304	5299.146	69021	315219	1
2024.01.31	14:00:00	5299.146	5299.681	5286.839	5294.865	32976	145217	1
2024.01.31	15:00:00	5294.865	5308.243	5293.795	5296.471	47400	213220	1
2024.01.31	16:00:00	5297.006	5312.524	5284.163	5297.541	140987	537772	1
2024.01.31	17:00:00	5297.541	5322.691	5295.935	5314.664	101118	383897	1
2024.01.31	18:00:00	5314.664	5320.015	5309.848	5309.848	10612	43459	1
2024.02.01	09:00:00	5309.313	5331.788	5306.638	5313.059	131499	475107	1
2024.02.01	10:00:00	5313.059	5318.410	5293.260	5297.541	116341	441955	1
2024.02.01	11:00:00	5297.541	5300.751	5286.839	5290.584	85171	348496	1
2024.02.01	12:00:00	5291.120	5298.611	5271.321	5277.207	98940	429970	1
2024.02.01	13:00:00	5277.207	5285.233	5273.461	5279.347	58816	269234	1
2024.02.01	14:00:00	5279.347	5282.023	5271.321	5273.996	41766	170024	1
2024.02.01	15:00:00	5273.996	5282.023	5272.926	5276.137	36648	164672	1
2024.02.01	16:00:00	5276.137	5276.672	5270.786	5273.996	28465	134558	1
2024.02.01	17:00:00	5273.996	5275.066	5268.110	5271.856	19544	106935	1
2024.02.01	18:00:00	5271.321	5276.672	5269.715	5275.066	9182	58268	1
2024.02.02	09:00:00	5269.180	5275.066	5266.505	5272.391	58197	218661	1
2024.02.02	10:00:00	5272.391	5321.085	5260.083	5316.805	192810	851485	1
2024.02.02	11:00:00	5316.805	5320.015	5302.357	5307.708	86191	341245	1
2024.02.02	12:00:00	5308.243	5338.209	5305.567	5329.112	104106	455893	1
2024.02.02	13:00:00	5329.112	5334.998	5326.972	5332.323	39039	187354	1
2024.02.02	14:00:00	5331.788	5338.209	5331.252	5334.998	34390	165908	1
2024.02.02	15:00:00	5334.998	5337.674	5326.436	5327.507	36966	187130	1
2024.02.02	16:00:00	5327.507	5331.252	5323.226	5328.577	32260	160330	1
2024.02.02	17:00:00	5328.577	5332.858	5325.366	5329.647	25489	128665	1
2024.02.02	18:00:00	5329.112	5333.928	5326.972	5333.928	8299	48387	1
2024.02.05	09:00:00	5339.279	5351.051	5330.182	5349.981	98706	375022	1
2024.02.05	10:00:00	5349.446	5363.894	5349.446	5361.753	108593	446024	1
2024.02.05	11:00:00	5361.753	5363.359	5355.332	5359.613	56225	242345	1
2024.02.05	12:00:00	5359.613	5382.087	5359.613	5372.456	104908	507396	1
2024.02.05	13:00:00	5372.456	5374.596	5363.894	5364.964	40759	201008	1
2024.02.05	14:00:00	5364.429	5364.964	5346.770	5352.122	53444	261479	1
2024.02.05	15:00:00	5352.122	5354.797	5345.700	5349.446	37030	179768	1
2024.02.05	16:00:00	5349.446	5351.051	5340.349	5343.025	28757	153224	1
2024.02.05	17:00:00	5343.025	5344.630	5338.209	5343.560	21396	118121	1
2024.02.05	18:00:00	5344.095	5348.911	5343.560	5347.841	7140	41437	1
2024.02.06	09:00:00	5337.139	5338.209	5331.252	5333.928	73312	305058	1
2024.02.06	10:00:00	5333.393	5335.533	5320.550	5331.788	113531	469297	1
2024.02.06	11:00:00	5331.788	5341.419	5316.805	5318.945	97059	429051	1
2024.02.06	12:00:00	5319.480	5323.226	5309.313	5315.734	69374	343021	1
2024.02.06	13:00:00	5316.269	5320.015	5309.313	5312.524	41114	180857	1
2024.02.06	14:00:00	5313.059	5317.875	5308.778	5317.340	35866	174255	1
2024.02.06	15:00:00	5317.875	5328.577	5315.199	5317.340	53170	249718	1
2024.02.06	16:00:00	5316.805	5324.831	5316.269	5320.550	27624	138566	1
2024.02.06	17:00:00	5321.085	5322.691	5316.805	5317.340	15997	78390	1
2024.02.06	18:00:00	5317.340	5324.831	5316.269	5323.761	6914	38577	1
2024.02.07	09:00:00	5322.156	5326.436	5313.594	5317.340	83790	311682	1
2024.02.07	10:00:00	5316.805	5326.436	5312.524	5323.226	79665	302663	1
2024.02.07	11:00:00	5323.226	5328.042	5309.313	5313.059	98736	390750	1
2024.02.07	12:00:00	5313.059	5322.691	5311.454	5319.480	52760	225256	1
2024.02.07	13:00:00	5318.945	5323.226	5317.340	5321.085	28626	119707	1
2024.02.07	14:00:00	5320.550	5328.577	5317.875	5324.831	34397	157421	1
2024.02.07	15:00:00	5325.366	5332.858	5317.340	5328.577	53092	226124	1
2024.02.07	16:00:00	5328.577	5329.647	5322.691	5325.901	21612	123285	1
2024.02.07	17:00:00	5325.366	5330.182	5323.761	5328.577	14337	76163	1
2024.02.07	18:00:00	5328.042	5330.717	5325.901	5328.577	5306	33912	1
2024.02.08	09:00:00	5334.998	5345.700	5332.323	5336.068	111008	455776	1
2024.02.08	10:00:00	5336.603	5344.095	5335.533	5338.209	66654	292297	1
2024.02.08	11:00:00	5338.744	5348.911	5332.858	5342.490	69698	292540	1
2024.02.08	12:00:00	5342.490	5360.148	5338.209	5346.235	72202	347518	1
2024.02.08	13:00:00	5345.700	5363.894	5345.700	5356.402	54927	292014	1
2024.02.08	14:00:00	5355.867	5361.753	5348.376	5360.683	42809	217791	1
2024.02.08	15:00:00	5361.218	5361.218	5348.911	5351.586	44836	254228	1
2024.02.08	16:00:00	5351.586	5356.937	5347.306	5355.867	25335	134157	1
2024.02.08	17:00:00	5356.402	5359.613	5352.657	5358.008	17192	91978	1
2024.02.08	18:00:00	5358.543	5360.683	5352.657	5355.332	6764	41027	1
2024.02.09	09:00:00	5349.981	5351.051	5340.884	5344.095	74688	290760	1
2024.02.09	10:00:00	5343.560	5344.630	5315.199	5331.788	138871	594694	1
2024.02.09	11:00:00	5331.788	5341.419	5323.226	5326.436	84897	362423	1
2024.02.09	12:00:00	5326.436	5331.252	5320.550	5324.296	48770	216441	1
2024.02.09	13:00:00	5324.296	5329.112	5323.761	5326.972	20978	113502	1
2024.02.09	14:00:00	5327.507	5328.042	5311.989	5313.594	39221	208354	1
2024.02.09	15:00:00	5313.059	5317.340	5308.243	5312.524	42812	224547	1
2024.02.09	16:00:00	5311.989	5319.480	5311.454	5318.410	20864	118246	1
2024.02.09	17:00:00	5318.945	5321.621	5310.918	5311.454	19228	106808	1
2024.02.09	18:00:00	5311.454	5313.594	5307.173	5311.454	8464	46299	1
2024.02.14	13:00:00	5328.577	5330.717	5320.015	5323.226	75605	396523	1
2024.02.14	14:00:00	5322.691	5337.139	5322.691	5329.647	52958	230182	1
2024.02.14	15:00:00	5329.647	5331.788	5324.831	5328.042	33578	157911	1
2024.02.14	16:00:00	5328.042	5329.647	5325.366	5328.577	18574	108234	1
2024.02.14	17:00:00	5329.112	5333.393	5328.042	5331.252	14398	78169	1
2024.02.14	18:00:00	5331.252	5331.788	5325.366	5325.366	6775	35645	1
2024.02.15	09:00:00	5313.594	5324.831	5313.594	5324.296	70184	271476	1
2024.02.15	10:00:00	5324.296	5329.647	5312.524	5322.691	106676	481565	1
2024.02.15	11:00:00	5322.691	5326.972	5317.340	5323.761	71790	337957	1
2024.02.15	12:00:00	5323.226	5337.139	5320.015	5333.928	66452	318546	1
2024.02.15	13:00:00	5334.463	5340.349	5330.717	5330.717	48731	388825	1
2024.02.15	14:00:00	5331.252	5333.928	5327.507	5332.323	24486	115801	1
2024.02.15	15:00:00	5332.323	5332.323	5324.296	5324.831	23465	137321	1
2024.02.15	16:00:00	5325.366	5326.972	5322.156	5324.831	21850	113349	1
2024.02.15	17:00:00	5324.296	5332.323	5323.761	5330.717	19924	126799	1
2024.02.15	18:00:00	5330.182	5332.323	5329.112	5330.182	4790	29378	1
2024.02.16	09:00:00	5325.366	5330.182	5322.156	5328.577	49475	209007	1
2024.02.16	10:00:00	5328.577	5345.165	5325.366	5337.139	93772	440323	1
2024.02.16	11:00:00	5337.674	5345.700	5331.788	5333.928	68915	288606	1
2024.02.16	12:00:00	5333.928	5334.998	5313.594	5319.480	75642	370691	1
2024.02.16	13:00:00	5320.015	5328.042	5318.945	5325.366	29362	148508	1
2024.02.16	14:00:00	5325.366	5328.042	5323.761	5326.436	22162	105613	1
2024.02.16	15:00:00	5326.436	5333.393	5322.691	5324.831	35661	188619	1
2024.02.16	16:00:00	5324.831	5325.366	5319.480	5321.621	21246	123341	1
2024.02.16	17:00:00	5321.085	5324.296	5318.945	5320.550	16402	91531	1
2024.02.16	18:00:00	5320.550	5324.296	5319.480	5323.226	4802	31618	1
2024.02.19	09:00:00	5323.226	5326.436	5309.848	5313.594	74437	288169	1
2024.02.19	10:00:00	5314.129	5315.199	5308.778	5310.918	36520	162693	1
2024.02.19	11:00:00	5310.918	5315.734	5305.032	5314.664	52399	236175	1
2024.02.19	12:00:00	5314.664	5317.875	5313.059	5315.734	27463	150453	1
2024.02.19	13:00:00	5315.734	5317.340	5312.524	5315.734	16559	74427	1
2024.02.19	14:00:00	5316.269	5317.340	5313.059	5314.664	11452	64195	1
2024.02.19	15:00:00	5314.129	5317.340	5312.524	5316.269	10918	62286	1
2024.02.19	16:00:00	5316.269	5317.340	5314.664	5315.734	6764	39387	1
2024.02.19	17:00:00	5315.734	5316.805	5312.524	5315.734	8052	48857	1
2024.02.19	18:00:00	5315.734	5315.734	5311.454	5311.454	4144	30167	1
2024.02.20	09:00:00	5316.805	5317.875	5303.962	5313.059	101844	417001	1
2024.02.20	10:00:00	5313.059	5314.129	5285.768	5289.514	122642	599290	1
2024.02.20	11:00:00	5289.514	5291.655	5277.742	5280.417	76428	403743	1
2024.02.20	12:00:00	5280.417	5288.444	5279.882	5285.768	47884	264282	1
2024.02.20	13:00:00	5285.768	5288.979	5282.023	5283.628	29598	176793	1
2024.02.20	14:00:00	5283.628	5284.163	5275.066	5278.277	40246	219333	1
2024.02.20	15:00:00	5278.277	5280.953	5277.207	5279.882	23137	128087	1
2024.02.20	16:00:00	5279.347	5283.093	5277.742	5281.488	24399	131025	1
2024.02.20	17:00:00	5281.488	5283.093	5276.137	5278.277	22733	112392	1
2024.02.20	18:00:00	5278.277	5279.882	5275.601	5276.137	9449	52470	1
2024.02.21	09:00:00	5280.953	5283.628	5271.856	5276.672	80352	327391	1
2024.02.21	10:00:00	5276.672	5281.488	5270.786	5279.347	80193	346145	1
2024.02.21	11:00:00	5279.347	5281.488	5274.531	5277.742	54138	249539	1
2024.02.21	12:00:00	5277.742	5286.304	5275.601	5283.093	46520	225355	1
2024.02.21	13:00:00	5283.628	5285.768	5273.461	5277.207	46357	231738	1
2024.02.21	14:00:00	5277.207	5288.979	5277.207	5288.444	37272	185149	1
2024.02.21	15:00:00	5288.444	5294.865	5286.304	5292.725	44197	214420	1
2024.02.21	16:00:00	5293.260	5297.541	5285.233	5287.374	39954	171562	1
2024.02.21	17:00:00	5287.909	5292.190	5285.233	5285.768	19396	96935	1
2024.02.21	18:00:00	5285.233	5288.444	5284.163	5285.233	6692	37832	1
2024.02.22	09:00:00	5276.137	5284.698	5267.575	5280.953	91910	375190	1
2024.02.22	10:00:00	5280.953	5293.795	5279.882	5291.655	83581	360574	1
2024.02.22	11:00:00	5291.655	5302.357	5290.049	5293.260	91706	445413	1
2024.02.22	12:00:00	5293.260	5298.611	5290.049	5295.400	54655	244276	1
2024.02.22	13:00:00	5295.400	5295.400	5288.979	5291.120	31852	155438	1
2024.02.22	14:00:00	5291.655	5299.681	5291.120	5297.541	33124	194738	1
2024.02.22	15:00:00	5297.006	5301.822	5295.400	5299.146	37293	203864	1
2024.02.22	16:00:00	5299.681	5305.567	5298.611	5303.427	24773	139402	1
2024.02.22	17:00:00	5303.427	5317.875	5302.892	5316.805	34703	225044	1
2024.02.22	18:00:00	5316.805	5317.875	5310.383	5312.524	11388	65499	1
2024.02.23	09:00:00	5311.454	5321.621	5309.313	5317.875	103090	472103	1
2024.02.23	10:00:00	5317.340	5334.463	5315.734	5331.788	107058	521738	1
2024.02.23	11:00:00	5332.323	5348.911	5330.717	5348.376	102861	554789	1
2024.02.23	12:00:00	5348.376	5350.516	5338.209	5345.165	67944	367905	1
2024.02.23	13:00:00	5344.630	5345.700	5325.366	5328.042	49979	260071	1
2024.02.23	14:00:00	5327.507	5337.139	5326.972	5334.463	36950	180742	1
2024.02.23	15:00:00	5333.928	5341.955	5331.788	5339.279	32724	159317	1
2024.02.23	16:00:00	5339.814	5348.376	5339.279	5345.165	26455	132893	1
2024.02.23	17:00:00	5345.165	5349.446	5344.095	5347.306	20410	115189	1
2024.02.23	18:00:00	5346.770	5350.516	5342.490	5349.981	7849	50122	1
2024.02.26	09:00:00	5336.068	5340.349	5329.647	5338.744	65985	241680	1
2024.02.26	10:00:00	5338.744	5347.841	5334.463	5336.603	86632	344221	1
2024.02.26	11:00:00	5336.603	5342.490	5320.550	5325.901	94494	379490	1
2024.02.26	12:00:00	5325.901	5339.279	5323.226	5330.182	59280	246818	1
2024.02.26	13:00:00	5329.647	5342.490	5329.112	5340.349	35003	153362	1
2024.02.26	14:00:00	5340.884	5343.025	5335.533	5337.674	30965	134120	1
2024.02.26	15:00:00	5338.209	5340.884	5328.042	5328.577	33173	146620	1
2024.02.26	16:00:00	5328.577	5332.323	5326.972	5331.788	22186	105965	1
2024.02.26	17:00:00	5331.788	5333.393	5328.577	5331.252	17417	98503	1
2024.02.26	18:00:00	5331.252	5335.533	5330.717	5335.533	5097	26152	1
2024.02.27	09:00:00	5328.577	5329.647	5311.989	5317.340	110190	414347	1
2024.02.27	10:00:00	5317.875	5323.761	5316.269	5318.410	67789	289430	1
2024.02.27	11:00:00	5318.410	5318.945	5297.541	5297.541	106079	442141	1
2024.02.27	12:00:00	5297.541	5298.076	5284.698	5292.190	82485	420221	1
2024.02.27	13:00:00	5292.190	5294.330	5288.979	5290.584	38806	182306	1
2024.02.27	14:00:00	5290.049	5294.330	5282.558	5286.839	45520	212612	1
2024.02.27	15:00:00	5286.304	5287.909	5274.531	5280.417	54726	303531	1
2024.02.27	16:00:00	5280.417	5283.093	5278.812	5278.812	24853	145157	1
2024.02.27	17:00:00	5279.347	5284.698	5278.812	5279.882	23472	132964	1
2024.02.27	18:00:00	5280.417	5284.698	5279.882	5280.953	8138	44084	1
2024.02.28	09:00:00	5290.584	5301.822	5288.444	5298.076	72828	301627	1
2024.02.28	10:00:00	5297.541	5302.357	5288.444	5298.076	101525	403375	1
2024.02.28	11:00:00	5298.076	5311.989	5298.076	5309.313	94188	408977	1
2024.02.28	12:00:00	5309.313	5310.383	5301.287	5302.357	50070	212286	1
2024.02.28	13:00:00	5301.822	5309.848	5298.611	5299.146	35929	166015	1
2024.02.28	14:00:00	5298.611	5309.848	5296.471	5309.848	45431	202883	1
2024.02.28	15:00:00	5309.848	5320.550	5304.497	5318.945	61604	311019	1
2024.02.28	16:00:00	5318.945	5324.296	5315.199	5318.945	38610	203946	1
2024.02.28	17:00:00	5318.410	5321.085	5315.734	5319.480	21333	116258	1
2024.02.28	18:00:00	5320.015	5324.296	5313.594	5313.594	8340	43906	1
2024.02.29	09:00:00	5305.592	5347.201	5303.992	5346.667	118946	465560	1
2024.02.29	10:00:00	5346.667	5348.268	5327.463	5340.266	115109	549222	1
2024.02.29	11:00:00	5340.266	5340.799	5317.328	5321.596	107158	540735	1
2024.02.29	12:00:00	5321.062	5324.263	5309.326	5317.328	91276	580142	1
2024.02.29	13:00:00	5316.795	5323.729	5314.127	5318.928	37747	219263	1
2024.02.29	14:00:00	5319.462	5324.796	5316.795	5319.462	31258	165551	1
2024.02.29	15:00:00	5319.462	5322.662	5313.061	5318.928	31418	163426	1
2024.02.29	16:00:00	5318.395	5324.796	5316.795	5319.995	28662	152816	1
2024.02.29	17:00:00	5319.995	5322.662	5315.194	5318.395	25348	122745	1
2024.02.29	18:00:00	5318.395	5323.729	5315.194	5316.261	9861	56984	1
2024.03.01	09:00:00	5306.126	5310.393	5301.325	5307.193	60456	217122	1
2024.03.01	10:00:00	5307.193	5320.529	5301.858	5309.860	104064	414293	1
2024.03.01	11:00:00	5309.860	5319.462	5298.658	5316.795	101604	428699	1
2024.03.01	12:00:00	5316.261	5317.328	5290.123	5293.323	99609	427160	1
2024.03.01	13:00:00	5293.323	5295.990	5290.656	5292.790	29658	140280	1
2024.03.01	14:00:00	5292.790	5295.990	5290.123	5294.390	25512	113550	1
2024.03.01	15:00:00	5294.924	5301.858	5291.723	5297.057	34904	172004	1
2024.03.01	16:00:00	5297.591	5299.191	5295.990	5298.658	16024	80607	1
2024.03.01	17:00:00	5298.658	5303.992	5298.658	5298.658	15576	88813	1
2024.03.01	18:00:00	5298.658	5303.992	5297.591	5300.258	6302	35575	1
2024.03.04	09:00:00	5297.057	5301.858	5292.256	5293.857	62085	234877	1
2024.03.04	10:00:00	5293.857	5297.057	5286.389	5289.589	60145	295263	1
2024.03.04	11:00:00	5289.589	5293.323	5284.788	5289.056	55816	242090	1
2024.03.04	12:00:00	5289.056	5292.256	5285.855	5288.522	28032	143980	1
2024.03.04	13:00:00	5288.522	5289.589	5282.654	5285.855	29532	152040	1
2024.03.04	14:00:00	5286.389	5290.123	5285.322	5289.056	19149	98753	1
2024.03.04	15:00:00	5288.522	5291.723	5287.455	5290.656	17965	87848	1
2024.03.04	16:00:00	5291.189	5291.723	5286.389	5290.656	18880	92885	1
2024.03.04	17:00:00	5290.656	5292.790	5289.589	5291.189	15706	72372	1
2024.03.04	18:00:00	5290.656	5292.256	5287.455	5290.123	6750	33221	1
2024.03.05	09:00:00	5295.990	5302.925	5290.656	5295.990	71164	266670	1
2024.03.05	10:00:00	5295.457	5295.990	5289.589	5294.390	62116	251975	1
2024.03.05	11:00:00	5294.390	5303.992	5292.790	5301.325	51544	227425	1
2024.03.05	12:00:00	5300.791	5301.325	5281.588	5285.855	85196	371533	1
2024.03.05	13:00:00	5285.322	5305.592	5285.322	5299.725	50752	248201	1
2024.03.05	14:00:00	5299.725	5305.059	5295.457	5297.591	35289	174745	1
2024.03.05	15:00:00	5297.057	5299.725	5294.390	5298.658	21442	92549	1
2024.03.05	16:00:00	5299.191	5301.325	5295.457	5298.124	23255	110692	1
2024.03.05	17:00:00	5297.591	5302.392	5297.057	5301.325	19180	97484	1
2024.03.05	18:00:00	5301.325	5302.392	5298.124	5298.124	5262	29887	1
2024.03.06	09:00:00	5286.389	5287.989	5277.320	5285.855	79769	305337	1
2024.03.06	10:00:00	5285.322	5286.389	5275.186	5275.186	85871	317311	1
2024.03.06	11:00:00	5275.720	5283.188	5273.053	5281.054	55437	248122	1
2024.03.06	12:00:00	5281.054	5287.455	5276.787	5279.987	61915	261549	1
2024.03.06	13:00:00	5279.454	5282.654	5274.119	5275.720	31639	164218	1
2024.03.06	14:00:00	5275.720	5282.654	5274.653	5281.054	24645	112425	1
2024.03.06	15:00:00	5281.054	5285.855	5278.387	5284.255	27741	139047	1
2024.03.06	16:00:00	5283.721	5287.455	5283.188	5285.855	25499	115681	1
2024.03.06	17:00:00	5285.855	5291.189	5285.322	5285.855	20891	106702	1
2024.03.06	18:00:00	5286.389	5289.589	5284.788	5289.589	6943	34773	1
2024.03.07	09:00:00	5278.387	5284.255	5276.787	5280.521	43748	181626	1
2024.03.07	10:00:00	5280.521	5282.654	5275.720	5279.987	44758	208244	1
2024.03.07	11:00:00	5279.987	5281.588	5273.586	5277.320	59786	274976	1
2024.03.07	12:00:00	5277.320	5279.987	5272.519	5275.186	32733	152412	1
2024.03.07	13:00:00	5275.720	5276.787	5271.452	5273.053	28907	163521	1
2024.03.07	14:00:00	5273.053	5280.521	5271.452	5278.387	29694	152192	1
2024.03.07	15:00:00	5278.920	5279.454	5273.053	5274.119	22088	115414	1
2024.03.07	16:00:00	5274.119	5276.787	5272.519	5273.053	19632	122084	1
2024.03.07	17:00:00	5273.053	5276.253	5272.519	5275.186	16783	108099	1
2024.03.07	18:00:00	5275.186	5276.253	5272.519	5275.186	7034	36460	1
2024.03.08	09:00:00	5291.723	5316.261	5291.189	5303.992	127238	540621	1
2024.03.08	10:00:00	5303.992	5332.798	5301.325	5326.397	183316	785410	1
2024.03.08	11:00:00	5326.930	5334.398	5311.994	5317.861	124374	534066	1
2024.03.08	12:00:00	5317.861	5320.529	5308.260	5313.061	62773	304118	1
2024.03.08	13:00:00	5312.527	5322.662	5311.460	5318.928	40026	166400	1
2024.03.08	14:00:00	5318.928	5325.330	5317.328	5324.796	32335	149265	1
2024.03.08	15:00:00	5324.263	5326.397	5319.462	5324.796	31394	144135	1
2024.03.08	16:00:00	5324.263	5325.330	5319.995	5323.196	24550	119322	1
2024.03.08	17:00:00	5322.662	5329.064	5322.662	5325.330	21984	123324	1
2024.03.08	18:00:00	5324.796	5325.863	5320.529	5323.729	7521	46532	1
2024.03.11	09:00:00	5323.729	5341.866	5320.529	5337.065	106332	472645	1
2024.03.11	10:00:00	5337.065	5338.132	5311.460	5314.127	108768	470111	1
2024.03.11	11:00:00	5314.127	5316.261	5299.191	5305.592	74545	377897	1
2024.03.11	12:00:00	5305.592	5313.594	5305.059	5307.193	38188	185416	1
2024.03.11	13:00:00	5307.726	5317.861	5306.659	5315.194	39980	217448	1
2024.03.11	14:00:00	5315.194	5316.795	5311.460	5312.527	25018	133050	1
2024.03.11	15:00:00	5312.527	5316.795	5311.460	5316.795	18921	102471	1
2024.03.11	16:00:00	5316.795	5322.662	5314.127	5318.395	30003	148322	1
2024.03.11	17:00:00	5318.395	5321.062	5316.795	5318.395	12133	67220	1
2024.03.11	18:00:00	5318.395	5319.462	5315.194	5318.928	3952	20186	1
2024.03.12	09:00:00	5313.061	5333.331	5295.457	5318.928	162330	670051	1
2024.03.12	10:00:00	5318.395	5334.398	5316.261	5321.596	148852	600749	1
2024.03.12	11:00:00	5321.596	5324.263	5308.793	5319.462	82362	335425	1
2024.03.12	12:00:00	5319.995	5324.263	5315.728	5321.596	41307	173692	1
2024.03.12	13:00:00	5321.596	5325.863	5319.462	5325.863	22223	90217	1
2024.03.12	14:00:00	5325.863	5328.530	5317.328	5317.328	35606	176955	1
2024.03.12	15:00:00	5317.328	5318.928	5302.925	5308.793	53223	287686	1
2024.03.12	16:00:00	5308.793	5313.061	5308.260	5313.061	22777	112531	1
2024.03.12	17:00:00	5313.061	5313.594	5308.793	5310.393	11826	57675	1
2024.03.12	18:00:00	5310.393	5311.994	5305.592	5308.260	3795	19653	1
2024.03.13	09:00:00	5302.392	5323.196	5299.191	5319.462	84794	355697	1
2024.03.13	10:00:00	5319.462	5326.397	5316.261	5323.196	88245	385786	1
2024.03.13	11:00:00	5323.196	5324.263	5314.127	5316.261	57039	263358	1
2024.03.13	12:00:00	5316.795	5322.129	5313.594	5314.661	39094	193106	1
2024.03.13	13:00:00	5314.661	5317.861	5310.393	5312.527	33208	174349	1
2024.03.13	14:00:00	5313.061	5314.127	5305.059	5309.326	43296	198709	1
2024.03.13	15:00:00	5309.326	5311.994	5306.659	5306.659	23476	117035	1
2024.03.13	16:00:00	5306.659	5313.594	5306.659	5313.061	21061	112355	1
2024.03.13	17:00:00	5313.061	5313.594	5307.726	5308.260	13392	69510	1
2024.03.13	18:00:00	5308.260	5310.393	5306.126	5306.126	3527	20271	1
2024.03.14	09:00:00	5301.325	5307.726	5289.589	5301.858	131660	585378	1
2024.03.14	10:00:00	5301.325	5319.995	5300.791	5318.395	113524	511954	1
2024.03.14	11:00:00	5318.395	5319.462	5303.459	5316.795	72963	359409	1
2024.03.14	12:00:00	5316.261	5322.129	5314.661	5320.529	45625	238440	1
2024.03.14	13:00:00	5320.529	5322.129	5311.994	5321.596	36478	182969	1
2024.03.14	14:00:00	5321.596	5329.597	5320.529	5324.796	43167	227768	1
2024.03.14	15:00:00	5325.330	5333.331	5323.196	5331.197	37776	206132	1
2024.03.14	16:00:00	5331.197	5332.798	5325.330	5326.397	32426	199267	1
2024.03.14	17:00:00	5325.863	5330.131	5323.729	5329.064	16271	100086	1
2024.03.14	18:00:00	5328.530	5339.733	5328.530	5334.398	7444	34509	1
2024.03.15	09:00:00	5326.397	5338.666	5319.462	5337.599	88383	425578	1
2024.03.15	10:00:00	5337.599	5340.266	5327.463	5331.731	95455	455631	1
2024.03.15	11:00:00	5332.264	5332.264	5319.462	5324.263	75851	365489	1
2024.03.15	12:00:00	5324.263	5334.398	5323.196	5333.331	32605	202512	1
2024.03.15	13:00:00	5333.865	5336.532	5331.731	5333.865	31073	188891	1
2024.03.15	14:00:00	5333.865	5337.599	5331.197	5335.998	22753	131402	1
2024.03.15	15:00:00	5335.465	5335.465	5331.197	5331.731	16040	89330	1
2024.03.15	16:00:00	5331.731	5336.532	5329.597	5336.532	18461	109088	1
2024.03.15	17:00:00	5336.532	5338.132	5332.798	5334.398	13418	78321	1
2024.03.15	18:00:00	5333.865	5339.733	5333.331	5338.132	3933	20682	1
2024.03.18	09:00:00	5326.930	5331.731	5319.995	5329.597	63370	261757	1
2024.03.18	10:00:00	5329.064	5350.401	5324.796	5347.734	100487	464376	1
2024.03.18	11:00:00	5347.734	5371.205	5343.467	5363.737	104305	553049	1
2024.03.18	12:00:00	5363.737	5366.938	5357.869	5357.869	49832	268954	1
2024.03.18	13:00:00	5358.403	5364.271	5354.669	5357.869	42147	221445	1
2024.03.18	14:00:00	5357.869	5364.804	5357.336	5361.604	35797	187363	1
2024.03.18	15:00:00	5361.070	5369.072	5360.537	5364.271	31440	172506	1
2024.03.18	16:00:00	5364.271	5368.005	5363.204	5364.271	21844	132989	1
2024.03.18	17:00:00	5364.271	5365.871	5361.070	5364.804	16247	89149	1
2024.03.18	18:00:00	5364.804	5376.540	5362.137	5370.139	10069	46672	1
2024.03.19	09:00:00	5384.541	5395.210	5378.674	5384.541	123421	538757	1
2024.03.19	10:00:00	5385.075	5386.675	5374.406	5376.540	87648	408501	1
2024.03.19	11:00:00	5376.540	5377.073	5360.003	5363.737	86025	460368	1
2024.03.19	12:00:00	5363.737	5371.205	5355.202	5359.470	58590	328679	1
2024.03.19	13:00:00	5359.470	5365.338	5358.403	5358.403	36520	218693	1
2024.03.19	14:00:00	5358.403	5359.470	5346.667	5349.868	53586	315386	1
2024.03.19	15:00:00	5350.401	5357.336	5349.334	5353.602	26636	137250	1
2024.03.19	16:00:00	5353.602	5371.205	5353.602	5367.471	48416	263208	1
2024.03.19	17:00:00	5367.471	5371.739	5363.737	5369.605	20196	113460	1
2024.03.19	18:00:00	5369.605	5374.406	5368.538	5368.538	7358	32638	1
2024.03.20	09:00:00	5369.605	5371.739	5351.468	5354.135	109378	440103	1
2024.03.20	10:00:00	5354.135	5358.936	5346.134	5352.535	81612	364304	1
2024.03.20	11:00:00	5352.535	5356.269	5341.333	5344.000	63390	310012	1
2024.03.20	12:00:00	5343.467	5345.067	5338.666	5340.799	37154	200509	1
2024.03.20	13:00:00	5340.266	5344.000	5337.599	5342.400	27699	144481	1
2024.03.20	14:00:00	5342.400	5342.933	5329.597	5332.798	43203	222811	1
2024.03.20	15:00:00	5332.798	5333.865	5305.592	5307.193	171554	764228	1
2024.03.20	16:00:00	5307.193	5313.594	5304.525	5307.193	49953	234682	1
2024.03.20	17:00:00	5307.726	5307.726	5297.591	5301.858	25834	152233	1
2024.03.20	18:00:00	5302.392	5303.459	5297.591	5303.459	7797	38087	1
2024.03.21	09:00:00	5288.522	5313.061	5286.922	5303.992	116665	545469	1
2024.03.21	10:00:00	5303.992	5318.395	5300.791	5315.194	90175	438834	1
2024.03.21	11:00:00	5314.661	5320.529	5310.927	5316.795	55056	291289	1
2024.03.21	12:00:00	5316.795	5319.462	5311.994	5314.127	32217	174193	1
2024.03.21	13:00:00	5314.127	5314.661	5308.793	5313.061	27501	147770	1
2024.03.21	14:00:00	5312.527	5315.728	5303.992	5308.793	34499	181586	1
2024.03.21	15:00:00	5309.326	5310.393	5305.592	5308.260	21100	111232	1
2024.03.21	16:00:00	5308.260	5316.795	5306.126	5314.127	26964	138903	1
2024.03.21	17:00:00	5314.127	5315.194	5311.994	5312.527	11630	60399	1
2024.03.21	18:00:00	5312.527	5314.127	5307.193	5308.793	4326	19465	1
2024.03.22	09:00:00	5329.064	5344.533	5327.463	5332.264	113827	474134	1
2024.03.22	10:00:00	5332.798	5338.666	5315.194	5319.995	105752	455555	1
2024.03.22	11:00:00	5319.995	5323.196	5314.661	5321.062	60266	295811	1
2024.03.22	12:00:00	5321.062	5326.397	5319.462	5322.129	39173	194756	1
2024.03.22	13:00:00	5321.596	5326.397	5318.928	5324.263	29649	148309	1
2024.03.22	14:00:00	5323.729	5333.865	5323.729	5330.664	38816	198041	1
2024.03.22	15:00:00	5331.197	5338.666	5329.064	5337.599	29987	159846	1
2024.03.22	16:00:00	5337.065	5340.266	5332.798	5333.331	23767	125592	1
2024.03.22	17:00:00	5333.331	5337.599	5328.530	5335.465	17114	85328	1
2024.03.22	18:00:00	5335.465	5340.266	5334.932	5338.666	5103	24080	1
2024.03.25	09:00:00	5327.463	5333.331	5319.462	5332.264	74077	288744	1
2024.03.25	10:00:00	5332.798	5340.266	5309.860	5313.061	137469	661458	1
2024.03.25	11:00:00	5313.061	5319.995	5307.726	5315.728	51791	231920	1
2024.03.25	12:00:00	5316.261	5320.529	5311.460	5318.928	36058	180045	1
2024.03.25	13:00:00	5318.928	5318.928	5309.860	5313.061	20867	105798	1
2024.03.25	14:00:00	5312.527	5313.061	5303.992	5309.326	33348	172250	1
2024.03.25	15:00:00	5309.326	5310.927	5304.525	5307.193	23503	126926	1
2024.03.25	16:00:00	5306.659	5309.326	5304.525	5305.592	16613	97322	1
2024.03.25	17:00:00	5306.126	5308.793	5305.059	5307.726	13066	69851	1
2024.03.25	18:00:00	5307.193	5308.793	5304.525	5305.592	5550	21505	1
2024.03.26	09:00:00	5301.858	5314.127	5294.924	5311.460	105454	449268	1
2024.03.26	10:00:00	5311.460	5319.462	5308.793	5318.395	76398	374455	1
2024.03.26	11:00:00	5318.928	5322.129	5314.661	5319.995	68450	377666	1
2024.03.26	12:00:00	5320.529	5326.397	5318.928	5323.729	54273	244804	1
2024.03.26	13:00:00	5323.729	5324.263	5316.795	5321.062	33405	176205	1
2024.03.26	14:00:00	5320.529	5322.129	5309.326	5313.061	45716	222647	1
2024.03.26	15:00:00	5312.527	5316.795	5311.994	5316.795	22004	123899	1
2024.03.26	16:00:00	5316.795	5317.861	5314.661	5315.194	15911	91885	1
2024.03.26	17:00:00	5315.194	5315.728	5310.393	5313.594	13346	73496	1
2024.03.26	18:00:00	5313.594	5314.127	5307.726	5307.726	4667	21612	1
2024.03.27	09:00:00	5304.525	5323.196	5303.459	5319.995	101881	428943	1
2024.03.27	10:00:00	5319.995	5329.064	5318.395	5321.062	90560	381752	1
2024.03.27	11:00:00	5321.596	5325.863	5310.393	5316.261	78714	390214	1
2024.03.27	12:00:00	5316.261	5318.395	5307.726	5310.393	45948	233009	1
2024.03.27	13:00:00	5310.393	5313.061	5308.793	5310.393	29924	169071	1
2024.03.27	14:00:00	5310.393	5313.061	5308.260	5310.393	24727	136506	1
2024.03.27	15:00:00	5310.927	5314.127	5308.793	5310.393	26090	138749	1
2024.03.27	16:00:00	5309.860	5316.261	5308.260	5314.127	26854	141634	1
2024.03.27	17:00:00	5314.127	5324.263	5311.994	5322.662	32068	178500	1
2024.03.27	18:00:00	5322.662	5327.997	5319.462	5327.997	5734	22970	1
2024.03.28	09:00:00	5332.787	5339.173	5329.594	5336.512	86015	383692	1
2024.03.28	10:00:00	5336.512	5346.092	5320.546	5324.271	116677	577799	1
2024.03.28	11:00:00	5324.271	5329.061	5317.353	5328.529	62256	312449	1
2024.03.28	12:00:00	5327.997	5345.560	5327.997	5343.963	63717	375441	1
2024.03.28	13:00:00	5344.496	5346.624	5337.577	5338.641	43549	291041	1
2024.03.28	14:00:00	5339.173	5348.753	5338.641	5348.753	35113	192402	1
2024.03.28	15:00:00	5348.753	5349.285	5343.431	5348.753	26344	149379	1
2024.03.28	16:00:00	5348.221	5358.333	5345.560	5355.140	36641	249151	1
2024.03.28	17:00:00	5355.672	5358.333	5353.543	5354.608	14810	78218	1
2024.03.28	18:00:00	5354.608	5364.720	5354.075	5361.526	8528	33882	1
2024.04.01	09:00:00	5348.221	5384.412	5347.689	5378.557	122465	540730	1
2024.04.01	10:00:00	5379.089	5389.734	5369.510	5381.751	105553	467543	1
2024.04.01	11:00:00	5381.751	5397.717	5381.751	5394.524	93938	449399	1
2024.04.01	12:00:00	5394.524	5413.683	5393.459	5409.958	60918	294936	1
2024.04.01	13:00:00	5409.958	5411.022	5401.442	5405.168	35804	183442	1
2024.04.01	14:00:00	5405.168	5406.232	5396.652	5398.781	32879	175967	1
2024.04.01	15:00:00	5399.314	5411.554	5394.524	5410.490	43319	222461	1
2024.04.01	16:00:00	5409.958	5412.619	5399.314	5400.378	34848	183199	1
2024.04.01	17:00:00	5400.378	5404.636	5395.588	5396.652	22088	117754	1
2024.04.01	18:00:00	5396.652	5400.910	5393.991	5394.524	7569	30056	1
2024.04.02	09:00:00	5370.042	5391.863	5369.510	5389.734	138250	595961	1
2024.04.02	10:00:00	5389.734	5394.524	5381.751	5383.879	90514	390604	1
2024.04.02	11:00:00	5384.412	5401.975	5372.171	5390.266	140589	670364	1
2024.04.02	12:00:00	5390.266	5397.717	5381.751	5393.459	62928	314408	1
2024.04.02	13:00:00	5393.991	5396.120	5388.669	5393.991	26878	129745	1
2024.04.02	14:00:00	5393.991	5404.103	5393.991	5397.717	48260	226337	1
2024.04.02	15:00:00	5397.717	5401.442	5392.395	5400.378	32780	153499	1
2024.04.02	16:00:00	5399.846	5401.442	5398.249	5399.314	16277	76555	1
2024.04.02	17:00:00	5399.314	5401.442	5398.781	5399.846	11877	60790	1
2024.04.02	18:00:00	5399.846	5409.958	5399.314	5408.361	8176	42861	1
2024.04.03	09:00:00	5412.087	5425.392	5409.426	5417.409	133801	551296	1
2024.04.03	10:00:00	5417.941	5433.907	5408.361	5430.182	118192	543155	1
2024.04.03	11:00:00	5430.182	5433.375	5414.216	5419.538	112214	539411	1
2024.04.03	12:00:00	5419.538	5422.731	5398.249	5403.571	67106	312215	1
2024.04.03	13:00:00	5403.571	5405.700	5383.879	5384.412	66174	302029	1
2024.04.03	14:00:00	5384.412	5386.008	5375.364	5381.751	52220	259720	1
2024.04.03	15:00:00	5381.751	5383.879	5373.767	5376.428	34241	189572	1
2024.04.03	16:00:00	5376.961	5383.879	5376.428	5379.089	29536	128401	1
2024.04.03	17:00:00	5379.089	5379.622	5373.767	5378.557	14282	74527	1
2024.04.03	18:00:00	5378.025	5383.879	5375.896	5383.879	5856	24678	1
2024.04.04	09:00:00	5380.686	5388.669	5371.638	5378.557	112538	410834	1
2024.04.04	10:00:00	5378.557	5380.686	5357.801	5361.526	100180	406510	1
2024.04.04	11:00:00	5361.526	5372.703	5351.414	5366.849	104396	486068	1
2024.04.04	12:00:00	5366.849	5370.574	5341.834	5346.624	80191	403872	1
2024.04.04	13:00:00	5347.157	5354.075	5345.028	5353.011	28908	130263	1
2024.04.04	14:00:00	5353.543	5366.316	5352.479	5366.316	35769	182024	1
2024.04.04	15:00:00	5365.784	5382.283	5363.655	5379.089	57942	296435	1
2024.04.04	16:00:00	5379.622	5394.524	5379.089	5391.330	66848	318082	1
2024.04.04	17:00:00	5390.798	5397.185	5387.073	5395.056	18755	97266	1
2024.04.04	18:00:00	5395.056	5398.781	5394.524	5397.717	5670	23140	1
2024.04.05	09:00:00	5391.330	5396.120	5365.784	5381.218	192078	720810	1
2024.04.05	10:00:00	5381.218	5393.991	5379.622	5383.347	117637	448547	1
2024.04.05	11:00:00	5382.815	5395.056	5377.493	5389.734	83765	357526	1
2024.04.05	12:00:00	5389.734	5406.232	5388.137	5404.103	69059	265688	1
2024.04.05	13:00:00	5404.103	5413.683	5398.249	5402.507	58279	257816	1
2024.04.05	14:00:00	5402.507	5413.151	5400.910	5406.765	40950	211368	1
2024.04.05	15:00:00	5407.297	5415.280	5402.507	5411.022	52384	265967	1
2024.04.05	16:00:00	5410.490	5412.087	5401.442	5404.636	25580	124372	1
2024.04.05	17:00:00	5404.103	5409.958	5404.103	5406.232	14453	72258	1
2024.04.05	18:00:00	5405.700	5409.958	5405.168	5407.297	3501	16110	1
2024.04.08	09:00:00	5409.426	5414.216	5397.185	5397.185	100077	343857	1
2024.04.08	10:00:00	5397.717	5402.507	5372.703	5375.896	113286	439247	1
2024.04.08	11:00:00	5376.428	5380.686	5372.703	5379.622	63354	268276	1
2024.04.08	12:00:00	5379.622	5380.154	5365.784	5365.784	50253	212726	1
2024.04.08	13:00:00	5366.316	5371.638	5364.720	5366.849	29658	124575	1
2024.04.08	14:00:00	5367.381	5368.977	5360.994	5367.381	36337	152610	1
2024.04.08	15:00:00	5367.913	5370.042	5362.059	5365.784	32197	153601	1
2024.04.08	16:00:00	5365.784	5368.445	5363.655	5366.849	20514	89672	1
2024.04.08	17:00:00	5366.849	5368.445	5363.123	5364.187	15709	84197	1
2024.04.08	18:00:00	5363.655	5365.784	5359.398	5359.930	6625	26235	1
2024.04.09	09:00:00	5359.930	5362.059	5339.173	5340.770	121763	440895	1
2024.04.09	10:00:00	5340.238	5348.753	5338.641	5342.899	86126	336158	1
2024.04.09	11:00:00	5342.899	5351.947	5333.319	5339.173	100016	410909	1
2024.04.09	12:00:00	5339.173	5341.834	5332.787	5338.641	50249	234663	1
2024.04.09	13:00:00	5338.109	5340.238	5333.319	5340.238	29930	139020	1
2024.04.09	14:00:00	5340.238	5345.028	5338.109	5341.302	33184	161048	1
2024.04.09	15:00:00	5340.770	5343.963	5338.109	5340.770	26002	111409	1
2024.04.09	16:00:00	5341.302	5343.963	5338.641	5339.173	21371	98362	1
2024.04.09	17:00:00	5339.173	5345.028	5338.109	5342.367	14429	76538	1
2024.04.09	18:00:00	5342.367	5343.431	5338.641	5339.706	5258	22374	1
2024.04.10	09:00:00	5337.045	5385.476	5329.594	5383.879	203221	815217	1
2024.04.10	10:00:00	5383.879	5403.039	5383.347	5397.185	149396	601525	1
2024.04.10	11:00:00	5396.652	5405.168	5389.201	5401.442	102613	439288	1
2024.04.10	12:00:00	5401.442	5418.473	5400.910	5411.554	86645	426386	1
2024.04.10	13:00:00	5411.554	5416.877	5408.893	5415.280	36476	171236	1
2024.04.10	14:00:00	5415.280	5423.795	5406.232	5412.619	90037	445352	1
2024.04.10	15:00:00	5412.087	5420.602	5410.490	5419.538	44312	175856	1
2024.04.10	16:00:00	5420.070	5420.070	5413.151	5415.280	28719	168617	1
2024.04.10	17:00:00	5415.812	5415.812	5409.426	5411.554	18535	89127	1
2024.04.10	18:00:00	5411.022	5412.087	5403.571	5405.168	7797	39981	1
2024.04.11	09:00:00	5410.490	5428.053	5394.524	5400.910	175953	680294	1
2024.04.11	10:00:00	5401.442	5423.263	5399.314	5421.667	123025	474881	1
2024.04.11	11:00:00	5422.199	5430.182	5418.473	5421.667	83355	374100	1
2024.04.11	12:00:00	5421.667	5426.456	5415.280	5415.280	53679	228629	1
2024.04.11	13:00:00	5415.812	5426.989	5413.683	5424.328	37721	164383	1
2024.04.11	14:00:00	5424.328	5428.053	5417.941	5418.473	42556	204605	1
2024.04.11	15:00:00	5419.005	5430.714	5414.216	5429.118	44655	218360	1
2024.04.11	16:00:00	5429.118	5430.714	5425.392	5429.118	27501	132948	1
2024.04.11	17:00:00	5429.650	5432.311	5426.989	5430.714	15308	83160	1
2024.04.11	18:00:00	5430.182	5432.843	5428.585	5430.714	6407	32528	1
2024.04.12	09:00:00	5452.535	5467.969	5446.148	5467.437	149256	568604	1
2024.04.12	10:00:00	5467.969	5475.420	5461.583	5474.356	121972	514768	1
2024.04.12	11:00:00	5473.824	5488.193	5470.630	5486.597	110774	539336	1
2024.04.12	12:00:00	5487.129	5489.790	5475.420	5478.613	72449	459797	1
2024.04.12	13:00:00	5478.613	5479.146	5465.308	5471.162	68883	364219	1
2024.04.12	14:00:00	5471.162	5480.210	5466.373	5468.501	58432	282735	1
2024.04.12	15:00:00	5469.034	5474.356	5466.373	5469.566	39887	192841	1
2024.04.12	16:00:00	5469.566	5470.630	5458.389	5461.050	37025	210537	1
2024.04.12	17:00:00	5460.518	5461.583	5457.325	5457.325	14356	76491	1
2024.04.12	18:00:00	5457.857	5459.454	5455.196	5457.857	5316	32047	1
2024.04.15	09:00:00	5446.681	5497.241	5441.891	5495.112	197098	762719	1
2024.04.15	10:00:00	5494.580	5534.496	5490.854	5521.723	183727	799653	1
2024.04.15	11:00:00	5521.191	5528.642	5511.611	5524.384	114895	460082	1
2024.04.15	12:00:00	5524.384	5529.174	5517.997	5522.255	58222	264143	1
2024.04.15	13:00:00	5522.255	5533.432	5521.723	5524.384	48156	199224	1
2024.04.15	14:00:00	5524.384	5560.042	5524.384	5529.706	103331	514293	1
2024.04.15	15:00:00	5529.174	5533.964	5519.062	5520.126	61215	282675	1
2024.04.15	16:00:00	5520.658	5535.028	5520.126	5525.981	43282	204850	1
2024.04.15	17:00:00	5525.981	5531.835	5521.191	5528.109	25143	114422	1
2024.04.15	18:00:00	5527.577	5534.496	5525.981	5528.109	7869	32828	1
2024.04.16	09:00:00	5542.479	5597.297	5540.350	5583.460	216508	823305	1
2024.04.16	10:00:00	5583.992	5618.054	5580.799	5610.603	177168	714796	1
2024.04.16	11:00:00	5610.603	5636.149	5598.894	5631.359	144571	638116	1
2024.04.16	12:00:00	5630.827	5631.891	5612.199	5615.925	85457	385416	1
2024.04.16	13:00:00	5615.393	5620.715	5600.491	5602.619	68577	396154	1
2024.04.16	14:00:00	5602.087	5624.440	5601.555	5609.006	106334	436272	1
2024.04.16	15:00:00	5609.006	5612.199	5586.653	5599.958	106353	464936	1
2024.04.16	16:00:00	5599.958	5616.457	5598.894	5615.393	39456	182340	1
2024.04.16	17:00:00	5615.925	5635.617	5614.860	5631.359	33179	154113	1
2024.04.16	18:00:00	5631.359	5640.939	5629.762	5635.617	9300	37902	1
2024.04.17	09:00:00	5628.698	5630.827	5596.233	5603.152	181894	625252	1
2024.04.17	10:00:00	5603.684	5604.748	5569.090	5585.056	173335	700880	1
2024.04.17	11:00:00	5585.056	5591.443	5574.412	5583.992	111478	453121	1
2024.04.17	12:00:00	5584.524	5587.717	5569.090	5585.589	81078	324335	1
2024.04.17	13:00:00	5585.056	5627.101	5583.460	5604.216	124539	502811	1
2024.04.17	14:00:00	5603.684	5604.748	5570.687	5572.283	86147	381288	1
2024.04.17	15:00:00	5572.815	5576.541	5562.171	5574.944	65776	261442	1
2024.04.17	16:00:00	5575.476	5589.314	5574.944	5587.717	40246	160018	1
2024.04.17	17:00:00	5587.185	5589.314	5583.460	5586.653	16979	68299	1
2024.04.17	18:00:00	5587.185	5587.185	5571.751	5576.009	8363	31299	1
2024.04.18	09:00:00	5573.880	5602.087	5571.751	5588.250	164949	553117	1
2024.04.18	10:00:00	5587.717	5595.168	5576.009	5584.524	158637	560501	1
2024.04.18	11:00:00	5584.524	5602.087	5577.073	5593.572	100451	418899	1
2024.04.18	12:00:00	5593.040	5611.135	5591.443	5603.152	93450	433330	1
2024.04.18	13:00:00	5602.619	5619.650	5602.087	5615.393	51310	215702	1
2024.04.18	14:00:00	5615.925	5625.505	5607.409	5611.667	61065	259693	1
2024.04.18	15:00:00	5611.135	5612.199	5595.701	5602.087	58308	265057	1
2024.04.18	16:00:00	5602.087	5602.619	5590.378	5596.233	36648	161392	1
2024.04.18	17:00:00	5596.233	5597.297	5590.911	5594.104	16095	80157	1
2024.04.18	18:00:00	5593.572	5594.104	5583.992	5586.121	6949	27314	1
2024.04.19	09:00:00	5615.925	5623.908	5592.507	5595.701	159364	564846	1
2024.04.19	10:00:00	5595.701	5599.426	5575.476	5579.202	129300	467321	1
2024.04.19	11:00:00	5579.202	5581.331	5551.527	5555.785	107809	468359	1
2024.04.19	12:00:00	5555.785	5559.510	5543.011	5552.059	63508	304193	1
2024.04.19	13:00:00	5552.059	5557.913	5538.754	5541.415	53293	237041	1
2024.04.19	14:00:00	5541.947	5543.544	5530.238	5532.367	51645	240427	1
2024.04.19	15:00:00	5532.367	5536.625	5524.916	5534.496	59103	263010	1
2024.04.19	16:00:00	5533.964	5543.011	5533.964	5539.818	34647	147689	1
2024.04.19	17:00:00	5539.818	5547.269	5535.560	5544.076	24778	129177	1
2024.04.19	18:00:00	5544.076	5550.995	5543.011	5547.801	6176	27391	1
2024.04.22	09:00:00	5547.801	5555.252	5533.964	5552.591	147509	529633	1
2024.04.22	10:00:00	5553.123	5558.446	5544.076	5552.059	121541	449522	1
2024.04.22	11:00:00	5551.527	5554.188	5525.448	5533.432	112803	458688	1
2024.04.22	12:00:00	5533.432	5537.689	5527.045	5532.367	45964	192977	1
2024.04.22	13:00:00	5531.835	5533.964	5517.465	5518.530	44524	202026	1
2024.04.22	14:00:00	5518.530	5518.530	5508.950	5512.675	44292	200581	1
2024.04.22	15:00:00	5512.143	5515.868	5511.079	5512.143	25062	113641	1
2024.04.22	16:00:00	5512.143	5513.207	5506.289	5506.821	26667	131028	1
2024.04.22	17:00:00	5506.821	5507.885	5500.434	5504.692	21401	109601	1
2024.04.22	18:00:00	5504.160	5507.885	5500.966	5506.289	5310	24098	1
2024.04.23	09:00:00	5510.014	5522.787	5504.160	5521.723	132186	455336	1
2024.04.23	10:00:00	5521.723	5526.513	5487.129	5490.854	147554	548060	1
2024.04.23	11:00:00	5490.854	5496.177	5477.549	5491.387	114426	480705	1
2024.04.23	12:00:00	5491.919	5492.983	5485.532	5487.661	38401	164217	1
2024.04.23	13:00:00	5487.661	5488.193	5466.905	5470.630	49892	222349	1
2024.04.23	14:00:00	5470.098	5471.695	5452.003	5457.325	53210	255672	1
2024.04.23	15:00:00	5456.793	5461.050	5452.003	5458.389	38893	186166	1
2024.04.23	16:00:00	5457.857	5464.776	5457.857	5462.647	24765	107266	1
2024.04.23	17:00:00	5463.179	5467.969	5458.922	5459.986	15661	77617	1
2024.04.23	18:00:00	5459.454	5466.905	5459.454	5465.840	5474	22289	1
2024.04.24	09:00:00	5466.373	5489.790	5456.260	5486.597	155785	588370	1
2024.04.24	10:00:00	5486.597	5495.112	5482.339	5491.387	95683	373958	1
2024.04.24	11:00:00	5491.387	5507.353	5490.322	5497.773	82550	359099	1
2024.04.24	12:00:00	5498.305	5500.966	5488.726	5491.919	50849	233506	1
2024.04.24	13:00:00	5491.919	5499.370	5486.064	5487.661	41331	188165	1
2024.04.24	14:00:00	5487.661	5489.790	5476.485	5483.403	67768	314072	1
2024.04.24	15:00:00	5483.403	5488.726	5479.678	5485.532	31620	145123	1
2024.04.24	16:00:00	5485.532	5486.597	5478.081	5481.807	24080	109105	1
2024.04.24	17:00:00	5481.275	5487.129	5480.210	5480.742	16205	77172	1
2024.04.24	18:00:00	5480.742	5488.726	5480.210	5488.726	4170	17464	1
2024.04.25	09:00:00	5487.661	5504.692	5440.294	5498.838	220223	893694	1
2024.04.25	10:00:00	5498.838	5530.770	5495.644	5508.950	178441	754805	1
2024.04.25	11:00:00	5509.482	5511.079	5497.241	5506.821	99570	439188	1
2024.04.25	12:00:00	5506.289	5510.546	5498.305	5499.370	47538	208623	1
2024.04.25	13:00:00	5499.902	5509.482	5497.773	5500.434	39385	166047	1
2024.04.25	14:00:00	5500.966	5502.031	5487.129	5494.048	50165	210147	1
2024.04.25	15:00:00	5494.048	5502.031	5493.515	5498.305	38860	174807	1
2024.04.25	16:00:00	5498.305	5502.563	5495.644	5498.838	25045	110327	1
2024.04.25	17:00:00	5499.370	5499.902	5492.983	5496.177	18258	88709	1
2024.04.25	18:00:00	5496.177	5497.773	5492.983	5497.773	4545	19077	1
2024.04.26	09:00:00	5502.563	5504.160	5454.132	5454.664	183081	649812	1
2024.04.26	10:00:00	5454.132	5466.905	5446.148	5450.938	127246	499056	1
2024.04.26	11:00:00	5450.938	5462.647	5441.891	5458.922	84840	401621	1
2024.04.26	12:00:00	5459.454	5462.647	5445.084	5445.084	55633	280676	1
2024.04.26	13:00:00	5445.616	5448.277	5440.826	5446.148	32574	148789	1
2024.04.26	14:00:00	5446.148	5449.874	5442.955	5448.277	28805	123987	1
2024.04.26	15:00:00	5448.277	5448.277	5439.230	5446.148	32975	160069	1
2024.04.26	16:00:00	5446.148	5449.874	5446.148	5447.213	18633	92406	1
2024.04.26	17:00:00	5447.213	5450.406	5445.616	5447.745	12586	62924	1
2024.04.26	18:00:00	5447.745	5456.260	5445.084	5455.196	4862	24405	1
2024.04.29	09:00:00	5439.230	5449.874	5432.311	5445.084	130996	462445	1
2024.04.29	10:00:00	5445.084	5450.406	5432.843	5445.084	115348	448469	1
2024.04.29	11:00:00	5445.616	5452.003	5437.633	5444.020	75377	336510	1
2024.04.29	12:00:00	5444.020	5451.471	5440.294	5448.277	48900	247846	1
2024.04.29	13:00:00	5447.745	5451.471	5436.569	5440.294	46215	233632	1
2024.04.29	14:00:00	5440.294	5444.020	5437.633	5441.891	28318	113838	1
2024.04.29	15:00:00	5441.891	5446.681	5436.569	5442.955	37456	179154	1
2024.04.29	16:00:00	5442.955	5450.938	5441.358	5445.616	36019	167573	1
2024.04.29	17:00:00	5445.616	5454.132	5443.487	5450.406	21431	112307	1
2024.04.29	18:00:00	5450.406	5453.599	5447.213	5449.874	4493	16052	1
2024.04.30	09:00:00	5447.751	5490.216	5445.627	5489.685	161658	589478	1
2024.04.30	10:00:00	5489.154	5506.140	5481.192	5505.079	129923	621947	1
2024.04.30	11:00:00	5504.548	5519.411	5499.240	5519.411	100161	501315	1
2024.04.30	12:00:00	5519.411	5519.941	5506.140	5510.918	56880	297591	1
2024.04.30	13:00:00	5510.918	5521.534	5508.794	5518.349	39512	190064	1
2024.04.30	14:00:00	5518.880	5527.373	5516.226	5524.719	50377	243423	1
2024.04.30	15:00:00	5524.719	5525.250	5515.695	5521.534	41912	214880	1
2024.04.30	16:00:00	5522.065	5529.496	5520.472	5527.373	29218	138567	1
2024.04.30	17:00:00	5527.904	5532.150	5524.188	5528.965	24199	113169	1
2024.04.30	18:00:00	5528.965	5543.828	5527.904	5539.582	10855	41778	1
2024.05.02	09:00:00	5491.808	5492.339	5459.959	5465.798	148566	582931	1
2024.05.02	10:00:00	5465.798	5468.983	5438.727	5441.912	129829	586240	1
2024.05.02	11:00:00	5441.912	5448.812	5432.888	5443.504	100201	484126	1
2024.05.02	12:00:00	5444.035	5446.689	5439.258	5444.566	43711	251792	1
2024.05.02	13:00:00	5444.566	5446.689	5437.665	5438.196	29759	143795	1
2024.05.02	14:00:00	5437.665	5439.258	5429.703	5433.419	40822	203107	1
2024.05.02	15:00:00	5433.419	5440.319	5432.888	5438.196	35584	172213	1
2024.05.02	16:00:00	5438.727	5445.627	5437.665	5442.973	30742	146472	1
2024.05.02	17:00:00	5442.973	5447.220	5439.258	5441.912	21766	104878	1
2024.05.02	18:00:00	5441.381	5447.751	5440.850	5442.973	6182	27584	1
2024.05.03	09:00:00	5431.295	5446.158	5369.190	5378.214	243028	944566	1
2024.05.03	10:00:00	5378.214	5397.854	5376.621	5395.731	122025	530923	1
2024.05.03	11:00:00	5395.200	5412.717	5378.214	5396.262	143987	637705	1
2024.05.03	12:00:00	5396.262	5399.977	5390.953	5399.447	41914	200782	1
2024.05.03	13:00:00	5398.916	5399.447	5392.546	5397.323	25446	119562	1
2024.05.03	14:00:00	5397.323	5401.039	5393.608	5397.854	27501	127020	1
2024.05.03	15:00:00	5397.854	5397.854	5387.769	5394.669	33921	148991	1
2024.05.03	16:00:00	5394.669	5397.323	5394.138	5395.200	21847	94819	1
2024.05.03	17:00:00	5394.669	5399.447	5394.669	5398.385	12071	59712	1
2024.05.03	18:00:00	5398.385	5403.693	5398.385	5401.570	5342	23648	1
2024.05.06	09:00:00	5387.769	5418.025	5387.238	5415.371	110453	394289	1
2024.05.06	10:00:00	5414.840	5415.371	5396.792	5397.854	88441	327815	1
2024.05.06	11:00:00	5398.385	5402.101	5392.546	5394.669	63973	262789	1
2024.05.06	12:00:00	5394.669	5398.916	5389.892	5390.953	33341	160892	1
2024.05.06	13:00:00	5391.484	5396.262	5389.361	5391.484	31717	149483	1
2024.05.06	14:00:00	5391.484	5394.138	5386.176	5387.769	36922	159281	1
2024.05.06	15:00:00	5387.769	5396.792	5384.584	5394.669	37623	179431	1
2024.05.06	16:00:00	5394.669	5401.039	5393.077	5399.977	24814	117728	1
2024.05.06	17:00:00	5399.447	5403.693	5398.385	5402.101	16136	80869	1
2024.05.06	18:00:00	5402.101	5404.224	5400.508	5403.693	4138	16449	1
2024.05.07	09:00:00	5403.162	5409.001	5381.930	5381.930	147476	559471	1
2024.05.07	10:00:00	5381.930	5392.546	5378.745	5391.484	93448	401773	1
2024.05.07	11:00:00	5392.015	5394.138	5371.313	5373.437	80164	335843	1
2024.05.07	12:00:00	5373.967	5390.423	5372.906	5389.361	52141	254159	1
2024.05.07	13:00:00	5389.892	5391.484	5385.115	5387.769	27722	131226	1
2024.05.07	14:00:00	5388.299	5398.385	5385.645	5397.323	31626	149328	1
2024.05.07	15:00:00	5397.323	5400.508	5393.608	5395.200	34671	162940	1
2024.05.07	16:00:00	5395.200	5396.792	5389.361	5390.953	25321	116736	1
2024.05.07	17:00:00	5390.953	5396.262	5390.423	5395.200	12846	60496	1
2024.05.07	18:00:00	5394.669	5402.631	5394.669	5398.385	6333	33085	1
2024.05.08	09:00:00	5399.977	5431.826	5399.447	5429.172	121154	484180	1
2024.05.08	10:00:00	5428.641	5433.419	5410.063	5411.655	111760	450547	1
2024.05.08	11:00:00	5411.124	5415.902	5402.631	5407.409	75878	355184	1
2024.05.08	12:00:00	5407.409	5412.186	5403.693	5406.347	35277	159743	1
2024.05.08	13:00:00	5406.347	5413.779	5405.816	5412.717	23249	111142	1
2024.05.08	14:00:00	5412.717	5419.617	5410.594	5418.556	33337	162349	1
2024.05.08	15:00:00	5418.556	5423.333	5418.025	5421.210	32689	169124	1
2024.05.08	16:00:00	5420.679	5421.741	5413.248	5415.371	28198	150951	1
2024.05.08	17:00:00	5414.840	5415.902	5408.470	5415.371	18181	93091	1
2024.05.08	18:00:00	5415.902	5419.617	5411.124	5413.248	6025	25638	1
2024.05.09	09:00:00	5470.045	5491.277	5463.675	5473.230	223391	942007	1
2024.05.09	10:00:00	5472.699	5507.202	5472.168	5504.548	123459	554403	1
2024.05.09	11:00:00	5504.548	5506.140	5484.377	5484.908	114525	508561	1
2024.05.09	12:00:00	5484.377	5489.154	5480.130	5486.500	61703	289280	1
2024.05.09	13:00:00	5485.969	5498.709	5485.438	5497.116	41474	191786	1
2024.05.09	14:00:00	5497.647	5501.894	5486.500	5488.093	53227	247320	1
2024.05.09	15:00:00	5487.562	5488.623	5470.576	5472.699	47845	245649	1
2024.05.09	16:00:00	5472.168	5473.230	5467.922	5470.576	29911	142044	1
2024.05.09	17:00:00	5471.107	5474.291	5466.329	5470.045	17036	84158	1
2024.05.09	18:00:00	5470.576	5471.107	5463.675	5464.206	5831	25068	1
2024.05.10	09:00:00	5465.798	5469.514	5443.504	5468.983	166806	603365	1
2024.05.10	10:00:00	5468.452	5472.168	5456.244	5463.144	112671	449368	1
2024.05.10	11:00:00	5462.613	5478.538	5459.959	5475.353	96620	425918	1
2024.05.10	12:00:00	5475.884	5485.969	5474.291	5482.784	49250	210010	1
2024.05.10	13:00:00	5482.254	5488.093	5480.661	5484.377	28629	119856	1
2024.05.10	14:00:00	5484.908	5489.154	5479.069	5480.661	33359	253442	1
2024.05.10	15:00:00	5480.661	5485.969	5475.884	5484.908	34247	189601	1
2024.05.10	16:00:00	5484.377	5488.093	5482.784	5485.969	17077	80827	1
2024.05.10	17:00:00	5485.438	5487.562	5481.723	5487.031	15588	75031	1
2024.05.10	18:00:00	5487.031	5492.339	5483.846	5492.339	6452	26189	1
2024.05.13	09:00:00	5472.699	5473.230	5453.590	5453.590	135246	488750	1
2024.05.13	10:00:00	5453.590	5458.367	5448.281	5454.120	87229	355114	1
2024.05.13	11:00:00	5454.651	5472.699	5453.059	5466.329	81582	332408	1
2024.05.13	12:00:00	5466.329	5491.808	5465.798	5489.154	64531	272502	1
2024.05.13	13:00:00	5489.154	5490.216	5482.254	5484.377	34498	156096	1
2024.05.13	14:00:00	5483.846	5487.031	5479.069	5480.130	29565	145332	1
2024.05.13	15:00:00	5480.130	5480.661	5474.291	5477.476	26197	119566	1
2024.05.13	16:00:00	5476.945	5480.130	5475.353	5477.476	18660	78007	1
2024.05.13	17:00:00	5477.476	5479.069	5474.291	5478.007	13909	61781	1
2024.05.13	18:00:00	5478.538	5483.846	5476.415	5483.846	4639	24199	1
2024.05.14	09:00:00	5473.761	5487.562	5447.751	5461.021	211968	815526	1
2024.05.14	10:00:00	5461.552	5467.391	5451.466	5457.836	123989	500077	1
2024.05.14	11:00:00	5457.836	5464.206	5447.751	5457.305	78248	327442	1
2024.05.14	12:00:00	5457.836	5462.613	5456.244	5459.429	29761	134279	1
2024.05.14	13:00:00	5459.429	5460.490	5449.343	5452.528	30752	153728	1
2024.05.14	14:00:00	5452.528	5458.898	5451.997	5458.367	25014	124325	1
2024.05.14	15:00:00	5458.367	5459.429	5451.997	5454.120	25536	115275	1
2024.05.14	16:00:00	5454.120	5455.713	5453.590	5454.120	12535	56468	1
2024.05.14	17:00:00	5454.120	5454.651	5451.466	5453.590	10730	59277	1
2024.05.14	18:00:00	5454.120	5454.651	5449.343	5449.343	5578	25718	1
2024.05.15	09:00:00	5488.623	5493.932	5447.220	5467.391	212834	805932	1
2024.05.15	10:00:00	5466.860	5488.623	5462.613	5484.377	127111	475814	1
2024.05.15	11:00:00	5484.377	5488.623	5454.651	5456.244	95516	420640	1
2024.05.15	12:00:00	5456.244	5457.305	5442.973	5452.528	66389	323978	1
2024.05.15	13:00:00	5452.528	5458.898	5446.689	5448.281	41665	178477	1
2024.05.15	14:00:00	5447.751	5465.798	5447.220	5457.305	45512	217168	1
2024.05.15	15:00:00	5457.305	5466.329	5456.244	5464.206	33263	154988	1
2024.05.15	16:00:00	5464.206	5464.737	5457.305	5459.429	25098	110715	1
2024.05.15	17:00:00	5459.959	5462.613	5458.367	5460.490	10393	48203	1
2024.05.15	18:00:00	5460.490	5461.552	5456.775	5461.021	4439	17380	1
2024.05.16	09:00:00	5463.144	5463.144	5426.518	5441.381	156729	624840	1
2024.05.16	10:00:00	5441.381	5456.244	5438.196	5454.120	118576	503257	1
2024.05.16	11:00:00	5454.120	5455.713	5442.443	5449.874	76155	351829	1
2024.05.16	12:00:00	5449.874	5454.120	5448.812	5450.936	26650	126106	1
2024.05.16	13:00:00	5451.466	5455.182	5446.158	5449.343	27783	130094	1
2024.05.16	14:00:00	5449.343	5459.959	5448.281	5457.305	34703	161120	1
2024.05.16	15:00:00	5457.305	5457.836	5448.812	5451.997	29671	160360	1
2024.05.16	16:00:00	5451.997	5455.182	5450.936	5453.590	18714	87224	1
2024.05.16	17:00:00	5453.059	5456.244	5451.466	5453.059	10251	50385	1
2024.05.16	18:00:00	5452.528	5457.305	5451.997	5456.775	3904	19863	1
2024.05.17	09:00:00	5458.898	5461.021	5439.258	5442.973	138523	542785	1
2024.05.17	10:00:00	5442.443	5449.874	5436.073	5444.035	100715	415571	1
2024.05.17	11:00:00	5444.035	5444.035	5425.987	5433.419	88497	422129	1
2024.05.17	12:00:00	5433.949	5438.727	5430.234	5436.604	33265	169421	1
2024.05.17	13:00:00	5436.604	5437.134	5426.518	5427.580	28592	139711	1
2024.05.17	14:00:00	5427.580	5430.765	5425.987	5428.641	24729	135659	1
2024.05.17	15:00:00	5428.641	5428.641	5422.272	5423.333	34536	190348	1
2024.05.17	16:00:00	5423.333	5425.987	5420.148	5422.272	21833	115123	1
2024.05.17	17:00:00	5421.741	5426.518	5421.210	5424.926	16200	77714	1
2024.05.17	18:00:00	5424.926	5425.987	5419.617	5419.617	5909	27659	1
2024.05.20	09:00:00	5422.802	5449.874	5422.802	5445.627	116010	479684	1
2024.05.20	10:00:00	5445.627	5450.405	5433.419	5435.011	103886	414154	1
2024.05.20	11:00:00	5435.542	5435.542	5408.470	5409.532	103672	496652	1
2024.05.20	12:00:00	5409.532	5420.148	5409.001	5416.433	44025	210422	1
2024.05.20	13:00:00	5416.433	5422.802	5415.371	5419.617	26724	139907	1
2024.05.20	14:00:00	5419.617	5433.419	5417.494	5430.765	37227	214445	1
2024.05.20	15:00:00	5430.234	5432.357	5426.518	5427.580	28695	133633	1
2024.05.20	16:00:00	5427.580	5429.172	5423.333	5423.864	19395	86630	1
2024.05.20	17:00:00	5423.864	5424.926	5421.210	5422.802	12567	56304	1
2024.05.20	18:00:00	5422.802	5424.926	5421.210	5421.741	3703	19321	1
2024.05.21	09:00:00	5415.371	5421.210	5407.940	5417.494	129869	451830	1
2024.05.21	10:00:00	5417.494	5424.926	5400.508	5410.594	173949	700176	1
2024.05.21	11:00:00	5411.124	5429.172	5402.101	5428.111	92609	434572	1
2024.05.21	12:00:00	5428.111	5431.826	5421.741	5431.295	50187	226107	1
2024.05.21	13:00:00	5430.765	5444.035	5428.111	5437.134	61006	294708	1
2024.05.21	14:00:00	5437.134	5440.850	5431.295	5432.357	33213	142297	1
2024.05.21	15:00:00	5432.888	5437.665	5430.765	5433.949	27821	128405	1
2024.05.21	16:00:00	5433.949	5435.542	5431.295	5435.011	16946	89531	1
2024.05.21	17:00:00	5435.011	5443.504	5434.480	5441.381	17186	88347	1
2024.05.21	18:00:00	5441.381	5444.035	5440.850	5443.504	4846	23232	1
2024.05.22	09:00:00	5456.775	5467.391	5452.528	5465.798	123201	524999	1
2024.05.22	10:00:00	5465.798	5473.230	5462.613	5465.798	98623	436329	1
2024.05.22	11:00:00	5465.798	5484.908	5464.737	5475.353	110358	552714	1
2024.05.22	12:00:00	5475.353	5476.415	5463.144	5465.798	57941	303363	1
2024.05.22	13:00:00	5465.798	5467.391	5459.959	5466.329	34408	170703	1
2024.05.22	14:00:00	5466.860	5476.945	5460.490	5470.576	44360	212043	1
2024.05.22	15:00:00	5470.045	5479.600	5468.452	5474.822	57921	277066	1
2024.05.22	16:00:00	5474.822	5479.069	5471.637	5474.822	26227	107543	1
2024.05.22	17:00:00	5474.822	5478.007	5470.045	5470.576	17101	85680	1
2024.05.22	18:00:00	5470.576	5475.353	5468.983	5472.168	5635	25584	1
2024.05.23	09:00:00	5463.144	5463.144	5445.627	5454.120	102724	399629	1
2024.05.23	10:00:00	5453.590	5466.860	5442.973	5462.083	136372	584439	1
2024.05.23	11:00:00	5461.552	5476.415	5456.775	5472.168	106559	495930	1
2024.05.23	12:00:00	5472.168	5475.884	5466.860	5469.514	40061	207230	1
2024.05.23	13:00:00	5469.514	5471.107	5464.206	5471.107	29667	163231	1
2024.05.23	14:00:00	5471.107	5480.130	5470.576	5478.007	37613	190981	1
2024.05.23	15:00:00	5477.476	5480.130	5472.699	5478.538	32686	184882	1
2024.05.23	16:00:00	5478.538	5478.538	5471.637	5472.699	20674	100734	1
2024.05.23	17:00:00	5472.168	5473.761	5462.613	5463.675	22251	133144	1
2024.05.23	18:00:00	5463.675	5464.206	5459.429	5460.490	3822	17707	1
2024.05.24	09:00:00	5456.775	5462.613	5447.220	5460.490	105804	403395	1
2024.05.24	10:00:00	5460.490	5475.353	5460.490	5473.761	98696	404924	1
2024.05.24	11:00:00	5473.230	5473.230	5457.836	5468.983	91873	410543	1
2024.05.24	12:00:00	5468.983	5470.576	5464.206	5467.922	28503	140518	1
2024.05.24	13:00:00	5467.922	5471.107	5464.206	5470.045	23471	113676	1
2024.05.24	14:00:00	5470.045	5475.884	5467.391	5471.637	31072	164477	1
2024.05.24	15:00:00	5471.107	5495.524	5471.107	5492.339	68344	380663	1
2024.05.24	16:00:00	5492.339	5492.339	5485.969	5486.500	21416	98526	1
2024.05.24	17:00:00	5487.031	5488.093	5482.784	5484.908	13741	69466	1
2024.05.24	18:00:00	5484.908	5494.993	5483.846	5490.747	5818	24754	1
2024.05.27	09:00:00	5478.007	5488.623	5474.291	5476.945	75577	287127	1
2024.05.27	10:00:00	5476.945	5483.846	5473.761	5483.315	55886	212517	1
2024.05.27	11:00:00	5483.846	5504.548	5482.784	5497.116	84413	417221	1
2024.05.27	12:00:00	5497.116	5498.178	5490.216	5493.401	28686	140390	1
2024.05.27	13:00:00	5493.401	5493.932	5485.438	5485.438	19607	92953	1
2024.05.27	14:00:00	5485.969	5495.524	5483.846	5491.808	23818	108057	1
2024.05.27	15:00:00	5491.808	5494.462	5491.277	5491.808	7902	45536	1
2024.05.27	16:00:00	5492.339	5492.339	5488.623	5490.747	10332	51391	1
2024.05.27	17:00:00	5490.747	5492.339	5489.154	5490.216	7432	44191	1
2024.05.27	18:00:00	5490.747	5492.870	5489.154	5492.339	4150	18844	1
2024.05.28	09:00:00	5484.908	5488.093	5453.590	5461.552	129952	535189	1
2024.05.28	10:00:00	5461.552	5466.860	5451.466	5464.737	89347	419831	1
2024.05.28	11:00:00	5464.206	5483.846	5463.675	5478.538	85717	369747	1
2024.05.28	12:00:00	5478.538	5481.192	5470.045	5471.637	45162	244665	1
2024.05.28	13:00:00	5471.637	5476.415	5470.045	5474.822	26518	143152	1
2024.05.28	14:00:00	5474.291	5484.377	5471.637	5482.254	44132	231851	1
2024.05.28	15:00:00	5482.784	5483.846	5475.884	5478.007	31823	162984	1
2024.05.28	16:00:00	5477.476	5480.130	5471.107	5471.107	24117	125116	1
2024.05.28	17:00:00	5471.107	5481.192	5470.576	5479.600	17235	98699	1
2024.05.28	18:00:00	5480.130	5487.031	5478.007	5482.254	6100	28063	1
2024.05.29	09:00:00	5495.524	5506.140	5488.623	5504.017	117941	452042	1
2024.05.29	10:00:00	5503.486	5521.003	5501.894	5517.818	109863	544465	1
2024.05.29	11:00:00	5518.349	5519.411	5510.387	5515.164	69119	334812	1
2024.05.29	12:00:00	5514.633	5528.965	5512.510	5524.188	61311	327512	1
2024.05.29	13:00:00	5524.188	5532.681	5524.188	5527.373	40304	218902	1
2024.05.29	14:00:00	5527.373	5535.335	5525.780	5528.965	45086	254337	1
2024.05.29	15:00:00	5528.434	5530.558	5520.472	5526.842	36285	189034	1
2024.05.29	16:00:00	5527.373	5532.150	5523.126	5531.089	26709	122995	1
2024.05.29	17:00:00	5530.558	5532.681	5523.657	5524.188	20273	109246	1
2024.05.29	18:00:00	5524.188	5528.434	5523.657	5525.250	6956	30053	1
2024.05.31	09:00:00	5519.425	5545.900	5515.189	5542.193	166973	672806	1
2024.05.31	10:00:00	5542.723	5562.844	5542.193	5561.785	103602	469787	1
2024.05.31	11:00:00	5561.785	5582.435	5553.313	5579.258	112292	583545	1
2024.05.31	12:00:00	5579.787	5582.435	5559.137	5564.961	74154	375203	1
2024.05.31	13:00:00	5564.432	5566.020	5557.019	5560.196	44731	230422	1
2024.05.31	14:00:00	5560.726	5572.904	5558.608	5567.079	33362	162756	1
2024.05.31	15:00:00	5567.609	5573.433	5563.903	5571.315	28992	140449	1
2024.05.31	16:00:00	5571.845	5582.435	5571.315	5573.433	38945	190874	1
2024.05.31	17:00:00	5573.963	5576.081	5566.550	5568.668	20570	106140	1
2024.05.31	18:00:00	5568.668	5579.787	5568.668	5571.315	8234	32781	1
2024.06.03	09:00:00	5578.199	5591.966	5562.844	5564.961	185161	685966	1
2024.06.03	10:00:00	5565.491	5590.377	5560.726	5582.435	127953	503048	1
2024.06.03	11:00:00	5581.905	5581.905	5541.134	5554.901	153070	703235	1
2024.06.03	12:00:00	5554.901	5562.844	5544.841	5558.078	57320	240646	1
2024.06.03	13:00:00	5558.078	5563.373	5553.842	5561.785	39179	161403	1
2024.06.03	14:00:00	5562.314	5565.491	5539.546	5542.193	54484	242144	1
2024.06.03	15:00:00	5541.664	5547.488	5535.310	5546.959	43703	179606	1
2024.06.03	16:00:00	5546.429	5560.196	5544.311	5557.019	30285	144909	1
2024.06.03	17:00:00	5557.549	5572.904	5555.960	5570.256	24895	133212	1
2024.06.03	18:00:00	5570.256	5577.669	5568.668	5575.551	6390	29446	1
2024.06.04	09:00:00	5584.023	5600.967	5577.669	5585.082	183166	700903	1
2024.06.04	10:00:00	5585.612	5596.202	5572.904	5585.082	145253	551078	1
2024.06.04	11:00:00	5585.082	5597.261	5571.845	5595.143	141166	629143	1
2024.06.04	12:00:00	5595.143	5615.793	5591.436	5614.734	92598	446550	1
2024.06.04	13:00:00	5614.734	5622.147	5607.321	5609.439	82556	400611	1
2024.06.04	14:00:00	5609.439	5616.852	5599.908	5605.732	54306	234953	1
2024.06.04	15:00:00	5606.262	5621.617	5605.732	5616.322	55987	251257	1
2024.06.04	16:00:00	5616.322	5617.381	5609.439	5609.968	25188	98959	1
2024.06.04	17:00:00	5609.439	5614.204	5609.439	5611.557	16618	82481	1
2024.06.04	18:00:00	5611.557	5615.793	5610.498	5615.793	6450	25197	1
2024.06.05	09:00:00	5596.202	5603.085	5582.964	5594.084	148423	559477	1
2024.06.05	10:00:00	5594.084	5608.909	5594.084	5602.555	113456	498337	1
2024.06.05	11:00:00	5602.026	5628.501	5594.613	5615.793	165802	752506	1
2024.06.05	12:00:00	5615.793	5615.793	5602.555	5606.262	59970	291863	1
2024.06.05	13:00:00	5606.262	5618.440	5603.614	5614.734	37321	180440	1
2024.06.05	14:00:00	5614.734	5624.265	5613.145	5621.617	35717	155581	1
2024.06.05	15:00:00	5621.617	5630.619	5620.558	5625.853	41432	206165	1
2024.06.05	16:00:00	5625.853	5625.853	5620.558	5621.088	24468	117633	1
2024.06.05	17:00:00	5621.088	5628.501	5621.088	5622.147	18699	92778	1
2024.06.05	18:00:00	5621.617	5628.501	5621.088	5625.324	6298	31099	1
2024.06.06	09:00:00	5617.911	5634.325	5604.673	5607.321	169789	643893	1
2024.06.06	10:00:00	5606.791	5612.086	5584.023	5596.202	133150	581988	1
2024.06.06	11:00:00	5596.731	5598.849	5578.728	5586.141	74089	364841	1
2024.06.06	12:00:00	5586.141	5586.671	5575.022	5577.669	48921	249489	1
2024.06.06	13:00:00	5577.669	5580.317	5570.256	5575.022	40017	212180	1
2024.06.06	14:00:00	5574.492	5575.551	5562.314	5568.668	43966	220162	1
2024.06.06	15:00:00	5568.138	5573.433	5563.903	5566.550	33617	156434	1
2024.06.06	16:00:00	5566.550	5584.023	5566.020	5572.374	66369	297623	1
2024.06.06	17:00:00	5572.374	5580.317	5570.786	5579.258	23112	112657	1
2024.06.06	18:00:00	5579.787	5585.612	5577.669	5582.435	6225	30075	1
2024.06.07	09:00:00	5576.081	5621.088	5561.255	5616.322	205515	772585	1
2024.06.07	10:00:00	5616.322	5620.029	5594.613	5604.673	148283	533293	1
2024.06.07	11:00:00	5604.673	5606.791	5585.612	5596.202	125669	528807	1
2024.06.07	12:00:00	5596.731	5602.555	5588.789	5596.731	54836	217733	1
2024.06.07	13:00:00	5596.731	5606.791	5595.143	5601.496	39032	152090	1
2024.06.07	14:00:00	5600.967	5616.852	5600.437	5614.204	47110	193897	1
2024.06.07	15:00:00	5614.204	5631.148	5613.675	5627.442	62567	271668	1
2024.06.07	16:00:00	5627.971	5653.916	5626.383	5650.739	110315	531537	1
2024.06.07	17:00:00	5650.739	5676.155	5642.797	5672.448	65919	320867	1
2024.06.07	18:00:00	5671.919	5691.510	5671.389	5681.979	11143	47898	1
2024.06.10	09:00:00	5671.919	5693.628	5639.620	5689.392	197412	736927	1
2024.06.10	10:00:00	5689.392	5717.985	5685.686	5702.100	191798	768817	1
2024.06.10	11:00:00	5702.629	5703.688	5689.922	5695.217	75581	293175	1
2024.06.10	12:00:00	5695.217	5695.217	5681.979	5692.569	74056	301119	1
2024.06.10	13:00:00	5692.569	5696.805	5686.745	5688.863	38430	155420	1
2024.06.10	14:00:00	5689.392	5693.099	5683.038	5689.392	50691	190184	1
2024.06.10	15:00:00	5689.392	5700.511	5671.919	5683.568	75837	337243	1
2024.06.10	16:00:00	5683.568	5688.333	5676.155	5684.097	38794	160217	1
2024.06.10	17:00:00	5684.097	5686.745	5677.214	5681.979	21937	97916	1
2024.06.10	18:00:00	5681.450	5685.686	5679.861	5681.979	5966	27184	1
2024.06.11	09:00:00	5685.686	5700.511	5672.978	5677.214	189824	651705	1
2024.06.11	10:00:00	5677.214	5687.804	5666.624	5678.802	140916	582032	1
2024.06.11	11:00:00	5679.332	5680.920	5660.800	5672.448	107201	443751	1
2024.06.11	12:00:00	5672.448	5684.097	5668.742	5679.332	51631	208075	1
2024.06.11	13:00:00	5679.332	5693.628	5678.273	5687.274	51350	220644	1
2024.06.11	14:00:00	5686.745	5700.511	5679.861	5692.040	69774	315877	1
2024.06.11	15:00:00	5692.040	5693.628	5683.568	5684.627	39472	168997	1
2024.06.11	16:00:00	5684.097	5687.274	5681.450	5686.215	22604	103764	1
2024.06.11	17:00:00	5686.215	5695.217	5686.215	5694.687	20788	92749	1
2024.06.11	18:00:00	5694.687	5697.335	5691.510	5696.276	5834	21122	1
2024.06.12	09:00:00	5696.276	5713.749	5660.270	5669.271	253628	895663	1
2024.06.12	10:00:00	5669.271	5759.285	5661.859	5739.164	287043	1089295	1
2024.06.12	11:00:00	5739.164	5753.990	5721.691	5730.163	146190	537042	1
2024.06.12	12:00:00	5730.693	5738.635	5716.396	5719.573	66027	248128	1
2024.06.12	13:00:00	5719.573	5724.868	5704.218	5708.983	61613	253098	1
2024.06.12	14:00:00	5708.983	5716.926	5681.450	5695.746	47583	187428	1
2024.06.12	15:00:00	5695.217	5721.162	5681.450	5711.631	143260	494309	1
2024.06.12	16:00:00	5711.631	5738.635	5710.572	5730.693	74529	280893	1
2024.06.12	17:00:00	5730.693	5745.518	5730.163	5741.812	29295	135984	1
2024.06.12	18:00:00	5741.812	5741.812	5728.575	5731.751	4781	24384	1
2024.06.13	09:00:00	5719.044	5744.989	5710.572	5729.634	225161	735718	1
2024.06.13	10:00:00	5730.163	5740.753	5722.750	5735.987	134130	472519	1
2024.06.13	11:00:00	5735.987	5743.930	5727.516	5730.163	90472	368397	1
2024.06.13	12:00:00	5730.163	5735.987	5691.510	5705.277	123758	532676	1
2024.06.13	13:00:00	5705.277	5716.926	5690.451	5694.158	80823	331745	1
2024.06.13	14:00:00	5694.158	5708.983	5687.804	5696.805	58898	224261	1
2024.06.13	15:00:00	5697.335	5701.041	5688.333	5696.276	42723	167547	1
2024.06.13	16:00:00	5696.276	5701.041	5692.569	5693.099	24593	96721	1
2024.06.13	17:00:00	5693.628	5695.746	5688.863	5690.451	19537	88716	1
2024.06.13	18:00:00	5690.981	5691.510	5685.156	5689.922	6004	30883	1
2024.06.14	09:00:00	5702.629	5707.924	5667.683	5684.097	193805	666584	1
2024.06.14	10:00:00	5683.568	5703.159	5680.391	5695.217	138140	484769	1
2024.06.14	11:00:00	5694.687	5701.570	5677.214	5677.743	107083	442607	1
2024.06.14	12:00:00	5677.743	5686.215	5672.978	5680.391	59280	243515	1
2024.06.14	13:00:00	5680.391	5700.511	5680.391	5695.746	48342	191491	1
2024.06.14	14:00:00	5695.746	5710.042	5694.687	5706.865	55244	225745	1
2024.06.14	15:00:00	5706.865	5712.690	5699.452	5704.218	44124	173811	1
2024.06.14	16:00:00	5704.218	5708.454	5699.982	5706.336	25659	101999	1
2024.06.14	17:00:00	5705.806	5710.042	5700.511	5701.041	17171	67696	1
2024.06.14	18:00:00	5701.570	5705.806	5698.923	5699.982	5574	22633	1
2024.06.17	09:00:00	5697.335	5738.635	5695.217	5733.340	150067	484245	1
2024.06.17	10:00:00	5732.810	5737.576	5721.691	5733.340	104270	368641	1
2024.06.17	11:00:00	5733.340	5745.518	5732.281	5741.282	71251	264410	1
2024.06.17	12:00:00	5740.223	5752.931	5737.576	5742.871	62286	253747	1
2024.06.17	13:00:00	5742.871	5743.400	5728.575	5731.751	46687	188215	1
2024.06.17	14:00:00	5731.222	5741.282	5730.693	5738.105	31429	123708	1
2024.06.17	15:00:00	5738.105	5756.638	5737.576	5749.225	55880	220841	1
2024.06.17	16:00:00	5749.754	5752.402	5746.577	5746.577	22120	85076	1
2024.06.17	17:00:00	5746.577	5748.695	5743.930	5743.930	15208	60239	1
2024.06.17	18:00:00	5743.930	5752.931	5743.400	5751.872	7568	32918	1
2024.06.18	09:00:00	5761.403	5771.463	5735.987	5747.107	181586	691580	1
2024.06.18	10:00:00	5747.636	5753.461	5716.926	5720.632	154964	612122	1
2024.06.18	11:00:00	5720.632	5739.164	5714.808	5733.340	99403	382618	1
2024.06.18	12:00:00	5733.340	5737.576	5723.280	5729.104	44388	187465	1
2024.06.18	13:00:00	5728.575	5735.458	5724.339	5731.751	30426	141442	1
2024.06.18	14:00:00	5731.222	5738.635	5725.927	5734.928	43512	170605	1
2024.06.18	15:00:00	5734.928	5752.402	5731.751	5748.695	66151	298213	1
2024.06.18	16:00:00	5748.695	5764.580	5748.695	5758.226	55623	271584	1
2024.06.18	17:00:00	5758.226	5765.109	5757.697	5760.874	21464	95592	1
2024.06.18	18:00:00	5760.874	5769.345	5759.815	5766.168	7909	31987	1
2024.06.19	09:00:00	5759.285	5783.112	5750.813	5780.994	125729	452066	1
2024.06.19	10:00:00	5780.994	5799.526	5779.935	5798.467	104783	411728	1
2024.06.19	11:00:00	5798.467	5799.526	5788.407	5792.643	72196	292882	1
2024.06.19	12:00:00	5792.643	5794.761	5784.171	5789.996	43268	188254	1
2024.06.19	13:00:00	5789.996	5802.174	5789.466	5796.879	39061	176150	1
2024.06.19	14:00:00	5796.350	5811.175	5796.350	5800.585	45501	229897	1
2024.06.19	15:00:00	5801.115	5802.174	5780.994	5781.524	38448	199459	1
2024.06.19	16:00:00	5782.053	5783.112	5760.874	5765.639	50692	286892	1
2024.06.19	17:00:00	5766.168	5768.286	5754.520	5761.403	21795	123074	1
2024.06.19	18:00:00	5761.403	5761.933	5739.694	5740.223	9221	45814	1
2024.06.20	09:00:00	5700.511	5736.517	5700.511	5734.399	206167	830703	1
2024.06.20	10:00:00	5734.399	5745.518	5725.927	5737.576	136237	571876	1
2024.06.20	11:00:00	5738.105	5759.815	5732.810	5753.461	105101	502372	1
2024.06.20	12:00:00	5753.461	5779.406	5751.343	5772.522	100698	497567	1
2024.06.20	13:00:00	5773.052	5796.350	5771.993	5787.348	72196	330009	1
2024.06.20	14:00:00	5787.348	5788.937	5764.051	5774.111	80226	351302	1
2024.06.20	15:00:00	5774.111	5778.876	5765.109	5769.345	54123	226187	1
2024.06.20	16:00:00	5769.345	5791.055	5768.286	5788.407	53914	241008	1
2024.06.20	17:00:00	5787.878	5789.466	5774.111	5774.640	26672	116869	1
2024.06.20	18:00:00	5775.170	5785.230	5774.111	5776.229	8256	32760	1
2024.06.21	09:00:00	5771.463	5779.406	5758.226	5765.109	155472	574416	1
2024.06.21	10:00:00	5765.109	5776.229	5753.990	5756.108	121462	481525	1
2024.06.21	11:00:00	5756.638	5771.463	5746.048	5771.463	109403	466956	1
2024.06.21	12:00:00	5770.934	5786.819	5766.698	5779.406	77441	358698	1
2024.06.21	13:00:00	5778.876	5780.465	5761.933	5763.521	43633	184652	1
2024.06.21	14:00:00	5763.521	5772.522	5756.638	5767.227	55008	238087	1
2024.06.21	15:00:00	5767.227	5787.878	5755.049	5773.052	87589	393833	1
2024.06.21	16:00:00	5773.581	5775.170	5764.580	5765.109	40103	186308	1
2024.06.21	17:00:00	5765.109	5767.227	5753.461	5753.990	25384	112897	1
2024.06.21	18:00:00	5754.520	5758.756	5752.402	5758.756	4731	20828	1
2024.06.24	09:00:00	5753.461	5760.874	5734.399	5735.458	135962	478476	1
2024.06.24	10:00:00	5735.458	5737.576	5695.217	5696.805	144513	609348	1
2024.06.24	11:00:00	5697.335	5714.278	5697.335	5712.690	78876	361397	1
2024.06.24	12:00:00	5712.690	5730.163	5711.101	5723.809	57649	264473	1
2024.06.24	13:00:00	5723.809	5730.163	5713.219	5714.278	46909	193901	1
2024.06.24	14:00:00	5714.278	5719.044	5703.688	5708.454	47217	192094	1
2024.06.24	15:00:00	5708.983	5714.278	5705.277	5711.631	33253	148684	1
2024.06.24	16:00:00	5711.631	5716.926	5708.983	5710.042	30064	133114	1
2024.06.24	17:00:00	5710.042	5715.337	5708.983	5714.808	17995	79352	1
2024.06.24	18:00:00	5714.808	5714.808	5708.983	5714.808	6106	21717	1
2024.06.25	09:00:00	5732.810	5742.341	5725.398	5742.341	159452	562208	1
2024.06.25	10:00:00	5742.341	5758.756	5727.516	5752.402	152219	574584	1
2024.06.25	11:00:00	5752.931	5764.051	5748.166	5755.049	103918	401938	1
2024.06.25	12:00:00	5754.520	5769.345	5751.872	5758.226	81473	341673	1
2024.06.25	13:00:00	5758.226	5773.581	5757.167	5771.993	54119	219286	1
2024.06.25	14:00:00	5771.993	5775.699	5765.639	5769.345	54840	214573	1
2024.06.25	15:00:00	5769.875	5775.699	5766.698	5773.052	34810	156294	1
2024.06.25	16:00:00	5773.581	5779.406	5771.463	5776.758	33030	135395	1
2024.06.25	17:00:00	5777.288	5777.288	5771.993	5774.111	23511	94075	1
2024.06.25	18:00:00	5773.581	5785.230	5773.052	5780.994	12718	41297	1
2024.06.26	09:00:00	5789.996	5838.709	5782.053	5836.061	253703	960868	1
2024.06.26	10:00:00	5836.061	5847.181	5831.825	5835.532	145785	631284	1
2024.06.26	11:00:00	5836.061	5837.120	5821.236	5830.237	108468	453704	1
2024.06.26	12:00:00	5829.708	5834.473	5819.647	5833.943	65355	272204	1
2024.06.26	13:00:00	5833.943	5844.004	5832.884	5840.827	54642	240715	1
2024.06.26	14:00:00	5840.297	5844.004	5835.002	5838.179	40106	175641	1
2024.06.26	15:00:00	5838.179	5849.299	5834.473	5847.710	43863	197435	1
2024.06.26	16:00:00	5848.240	5853.005	5839.238	5844.533	52566	257114	1
2024.06.26	17:00:00	5844.533	5847.710	5838.709	5845.063	23963	101604	1
2024.06.26	18:00:00	5845.592	5864.124	5843.474	5856.182	11674	49246	1
2024.06.27	09:00:00	5848.769	5850.358	5807.469	5829.178	198073	671098	1
2024.06.27	10:00:00	5829.178	5848.769	5828.119	5844.004	158281	555237	1
2024.06.27	11:00:00	5844.533	5856.182	5836.061	5854.594	124372	520484	1
2024.06.27	12:00:00	5855.123	5866.772	5852.476	5857.771	89767	424429	1
2024.06.27	13:00:00	5857.771	5863.066	5853.005	5855.653	39819	173216	1
2024.06.27	14:00:00	5855.653	5858.830	5837.650	5841.356	60523	283281	1
2024.06.27	15:00:00	5841.356	5858.300	5818.059	5820.706	96585	400770	1
2024.06.27	16:00:00	5820.706	5835.002	5817.000	5834.473	62390	262337	1
2024.06.27	17:00:00	5833.943	5835.002	5822.295	5828.119	27176	107986	1
2024.06.27	18:00:00	5827.590	5832.884	5824.942	5827.590	6351	21181	1
2024.06.28	09:00:00	5812.291	5861.879	5804.906	5861.879	194556	669081	1
2024.06.28	10:00:00	5861.879	5907.774	5860.824	5907.774	176866	763205	1
2024.06.28	11:00:00	5907.246	5913.049	5877.177	5882.452	136489	627631	1
2024.06.28	12:00:00	5882.980	5887.200	5865.044	5886.673	97975	458011	1
2024.06.28	13:00:00	5886.673	5903.553	5880.870	5895.641	63985	281677	1
2024.06.28	14:00:00	5896.168	5904.608	5886.145	5900.916	55642	221909	1
2024.06.28	15:00:00	5901.443	5927.292	5900.916	5912.521	79711	342373	1
2024.06.28	16:00:00	5912.521	5922.017	5907.774	5917.797	50510	211395	1
2024.06.28	17:00:00	5917.797	5927.820	5914.104	5920.434	35661	149265	1
2024.06.28	18:00:00	5920.434	5927.292	5919.907	5919.907	8680	36227	1
2024.07.01	09:00:00	5908.301	5932.567	5895.113	5919.907	215145	749452	1
2024.07.01	10:00:00	5919.907	5928.875	5891.948	5903.026	142682	507990	1
2024.07.01	11:00:00	5903.553	5920.962	5894.585	5916.214	112900	453066	1
2024.07.01	12:00:00	5915.687	5918.852	5898.278	5916.214	76345	317004	1
2024.07.01	13:00:00	5916.214	5935.733	5912.521	5930.985	61711	246031	1
2024.07.01	14:00:00	5930.985	5937.843	5923.599	5933.095	47642	174944	1
2024.07.01	15:00:00	5933.095	5958.416	5932.567	5958.416	82415	340444	1
2024.07.01	16:00:00	5958.416	5988.485	5957.361	5983.738	80467	403210	1
2024.07.01	17:00:00	5984.265	5995.871	5976.880	5992.178	48419	224180	1
2024.07.01	18:00:00	5991.650	5994.288	5982.155	5984.793	13649	47698	1
2024.07.02	09:00:00	5986.903	5988.485	5956.834	5978.990	177732	652071	1
2024.07.02	10:00:00	5978.462	6003.784	5972.659	5986.375	186969	731332	1
2024.07.02	11:00:00	5985.848	6016.972	5977.407	5992.705	189550	769819	1
2024.07.02	12:00:00	5992.178	6015.917	5991.123	6006.949	78118	330594	1
2024.07.02	13:00:00	6006.421	6031.215	6006.421	6026.467	72689	303824	1
2024.07.02	14:00:00	6026.467	6031.742	6020.137	6025.940	60763	257432	1
2024.07.02	15:00:00	6026.467	6030.160	6001.146	6002.728	72558	304483	1
2024.07.02	16:00:00	6002.201	6005.366	5974.242	5994.816	108468	458620	1
2024.07.02	17:00:00	5994.288	6011.169	5987.430	6007.476	44030	179653	1
2024.07.02	18:00:00	6006.949	6009.586	5997.453	6006.421	9363	30262	1
2024.07.03	09:00:00	5993.233	5998.508	5946.811	5947.866	174193	640665	1
2024.07.03	10:00:00	5947.866	5949.448	5901.971	5914.631	174995	726685	1
2024.07.03	11:00:00	5914.104	5914.104	5888.255	5899.333	149734	635952	1
2024.07.03	12:00:00	5899.333	5928.347	5895.113	5896.696	105676	455234	1
2024.07.03	13:00:00	5896.696	5900.388	5863.461	5865.044	94357	427923	1
2024.07.03	14:00:00	5865.044	5889.310	5864.516	5884.562	55558	222019	1
2024.07.03	15:00:00	5884.562	5897.223	5878.760	5879.815	59725	220684	1
2024.07.03	16:00:00	5879.815	5895.641	5879.815	5893.003	31316	119814	1
2024.07.03	17:00:00	5893.530	5894.058	5875.594	5880.870	31433	133966	1
2024.07.03	18:00:00	5881.397	5887.200	5874.539	5877.177	8552	31154	1
2024.07.04	09:00:00	5833.392	5836.558	5784.860	5787.498	202467	699071	1
2024.07.04	10:00:00	5787.498	5799.631	5785.387	5795.938	111816	414159	1
2024.07.04	11:00:00	5795.938	5814.929	5789.608	5814.401	99264	377211	1
2024.07.04	12:00:00	5814.929	5820.204	5803.851	5820.204	58313	239201	1
2024.07.04	13:00:00	5820.204	5823.897	5813.346	5813.874	37739	153806	1
2024.07.04	14:00:00	5814.401	5818.622	5800.158	5804.906	43029	152227	1
2024.07.04	15:00:00	5804.906	5821.787	5800.686	5810.181	47567	179844	1
2024.07.04	16:00:00	5810.181	5812.291	5801.213	5805.433	24782	117302	1
2024.07.04	17:00:00	5805.961	5810.181	5801.741	5810.181	15526	72471	1
2024.07.04	18:00:00	5809.654	5810.181	5800.686	5800.686	4899	20336	1
2024.07.05	09:00:00	5786.970	5824.952	5781.167	5818.622	242148	836336	1
2024.07.05	10:00:00	5818.622	5855.548	5809.126	5846.053	181500	648245	1
2024.07.05	11:00:00	5846.053	5848.163	5808.071	5808.599	120233	449453	1
2024.07.05	12:00:00	5808.599	5813.346	5795.410	5799.103	74467	280036	1
2024.07.05	13:00:00	5799.103	5805.433	5788.553	5801.741	59942	227856	1
2024.07.05	14:00:00	5801.741	5803.851	5780.112	5784.332	55918	218627	1
2024.07.05	15:00:00	5783.805	5789.080	5775.364	5776.947	56891	204091	1
2024.07.05	16:00:00	5776.419	5785.387	5772.727	5779.585	38945	151484	1
2024.07.05	17:00:00	5779.057	5786.970	5775.364	5776.947	24460	109961	1
2024.07.05	18:00:00	5776.419	5779.585	5772.727	5775.364	5378	19591	1
2024.07.08	09:00:00	5771.144	5798.576	5770.617	5790.135	146286	499967	1
2024.07.08	10:00:00	5790.663	5812.291	5789.608	5805.433	120557	431124	1
2024.07.08	11:00:00	5805.961	5812.291	5794.355	5794.883	110505	375570	1
2024.07.08	12:00:00	5794.883	5796.465	5773.254	5774.309	101678	400850	1
2024.07.08	13:00:00	5774.837	5783.277	5772.199	5781.167	40551	148141	1
2024.07.08	14:00:00	5781.167	5789.080	5776.947	5783.277	40252	142622	1
2024.07.08	15:00:00	5783.277	5794.883	5781.167	5792.773	35563	135061	1
2024.07.08	16:00:00	5792.773	5796.465	5788.025	5793.828	30729	123120	1
2024.07.08	17:00:00	5793.300	5794.355	5785.915	5786.442	15704	64768	1
2024.07.08	18:00:00	5786.970	5790.135	5785.387	5789.080	4643	20952	1
2024.07.09	09:00:00	5789.080	5794.355	5764.286	5770.617	151231	516729	1
2024.07.09	10:00:00	5770.617	5771.144	5747.405	5750.571	134224	497825	1
2024.07.09	11:00:00	5750.571	5764.286	5746.350	5752.681	96408	395179	1
2024.07.09	12:00:00	5753.208	5762.704	5743.713	5745.295	62450	263980	1
2024.07.09	13:00:00	5745.295	5745.823	5731.052	5738.438	57150	249699	1
2024.07.09	14:00:00	5738.438	5738.965	5726.832	5732.107	43619	178714	1
2024.07.09	15:00:00	5732.107	5732.635	5725.777	5728.942	27561	112068	1
2024.07.09	16:00:00	5728.414	5732.635	5726.304	5726.832	21616	97996	1
2024.07.09	17:00:00	5726.832	5737.382	5722.612	5735.800	27131	112705	1
2024.07.09	18:00:00	5736.327	5736.855	5729.470	5730.525	5879	23540	1
2024.07.10	09:00:00	5717.336	5728.414	5680.410	5685.685	225462	861898	1
2024.07.10	10:00:00	5686.212	5713.116	5685.157	5711.534	125123	506717	1
2024.07.10	11:00:00	5711.006	5715.226	5700.456	5709.424	94303	375577	1
2024.07.10	12:00:00	5709.424	5716.281	5707.313	5713.644	37124	144152	1
2024.07.10	13:00:00	5713.644	5733.690	5709.951	5732.107	61418	273965	1
2024.07.10	14:00:00	5732.635	5738.438	5721.557	5727.359	69399	323553	1
2024.07.10	15:00:00	5727.359	5728.942	5716.809	5722.084	45349	194163	1
2024.07.10	16:00:00	5722.612	5726.304	5719.974	5723.667	26131	108822	1
2024.07.10	17:00:00	5723.667	5733.162	5721.557	5726.832	22959	102589	1
2024.07.10	18:00:00	5727.359	5729.997	5724.722	5727.887	4844	22289	1
2024.07.11	09:00:00	5718.919	5734.745	5679.354	5715.226	234018	806420	1
2024.07.11	10:00:00	5715.754	5732.107	5690.433	5718.391	191924	711898	1
2024.07.11	11:00:00	5718.919	5746.350	5705.731	5735.800	148101	604775	1
2024.07.11	12:00:00	5736.327	5747.405	5732.635	5739.493	67586	277847	1
2024.07.11	13:00:00	5740.020	5767.451	5737.382	5757.428	73893	328653	1
2024.07.11	14:00:00	5756.901	5764.814	5746.878	5754.791	60969	266265	1
2024.07.11	15:00:00	5754.791	5758.484	5748.988	5750.043	38388	166255	1
2024.07.11	16:00:00	5750.571	5758.484	5749.516	5754.791	21711	93622	1
2024.07.11	17:00:00	5755.318	5762.176	5751.098	5751.626	20795	92651	1
2024.07.11	18:00:00	5752.153	5756.373	5745.823	5751.098	6440	21899	1
2024.07.12	09:00:00	5736.327	5747.405	5725.777	5745.295	182347	607478	1
2024.07.12	10:00:00	5744.768	5779.057	5740.548	5773.254	181030	631938	1
2024.07.12	11:00:00	5773.254	5776.419	5756.373	5773.254	106512	394593	1
2024.07.12	12:00:00	5773.254	5774.837	5763.759	5769.562	45664	180366	1
2024.07.12	13:00:00	5769.562	5771.144	5746.878	5746.878	48757	224544	1
2024.07.12	14:00:00	5747.405	5752.153	5732.635	5735.800	44331	186660	1
2024.07.12	15:00:00	5735.800	5750.043	5732.107	5742.658	53387	220436	1
2024.07.12	16:00:00	5742.658	5745.823	5740.548	5741.603	21318	87435	1
2024.07.12	17:00:00	5741.603	5743.185	5738.438	5740.548	11949	53760	1
2024.07.12	18:00:00	5741.075	5742.658	5738.965	5740.020	3406	14343	1
2024.07.15	09:00:00	5765.869	5790.135	5749.516	5781.167	162992	547928	1
2024.07.15	10:00:00	5781.167	5785.387	5764.286	5775.892	157834	508143	1
2024.07.15	11:00:00	5775.892	5782.750	5759.539	5764.814	88897	331917	1
2024.07.15	12:00:00	5764.814	5766.396	5746.350	5750.571	51186	193312	1
2024.07.15	13:00:00	5750.571	5764.286	5739.493	5760.066	73145	300070	1
2024.07.15	14:00:00	5760.066	5771.144	5759.539	5763.231	56012	213097	1
2024.07.15	15:00:00	5762.704	5765.869	5749.516	5753.208	42868	160815	1
2024.07.15	16:00:00	5753.208	5757.956	5750.571	5756.901	28513	108397	1
2024.07.15	17:00:00	5756.901	5757.428	5752.153	5756.901	13015	52999	1
2024.07.15	18:00:00	5757.428	5760.594	5755.846	5760.594	4946	17001	1
2024.07.16	09:00:00	5746.350	5750.571	5729.470	5744.768	201227	666962	1
2024.07.16	10:00:00	5745.295	5746.878	5713.116	5721.029	169974	609574	1
2024.07.16	11:00:00	5721.557	5735.800	5719.974	5725.777	92911	342204	1
2024.07.16	12:00:00	5725.249	5771.144	5721.029	5766.924	104380	450521	1
2024.07.16	13:00:00	5766.924	5773.254	5756.901	5760.594	77198	318527	1
2024.07.16	14:00:00	5760.066	5765.869	5737.910	5741.075	79553	340215	1
2024.07.16	15:00:00	5741.075	5741.603	5730.525	5737.910	44829	187803	1
2024.07.16	16:00:00	5737.910	5743.185	5734.217	5737.910	32357	140368	1
2024.07.16	17:00:00	5737.382	5741.603	5736.855	5737.382	11723	51607	1
2024.07.16	18:00:00	5737.382	5742.130	5732.635	5733.162	4290	15693	1
2024.07.17	09:00:00	5750.043	5765.341	5742.658	5763.759	155072	534183	1
2024.07.17	10:00:00	5763.759	5785.915	5763.231	5776.419	164979	654141	1
2024.07.17	11:00:00	5776.947	5786.442	5768.507	5773.782	104383	420584	1
2024.07.17	12:00:00	5773.782	5790.663	5770.617	5786.970	67823	280135	1
2024.07.17	13:00:00	5786.970	5798.048	5785.387	5791.190	57441	264201	1
2024.07.17	14:00:00	5790.663	5793.300	5782.222	5785.387	50586	201978	1
2024.07.17	15:00:00	5785.387	5798.048	5780.640	5798.048	51886	239635	1
2024.07.17	16:00:00	5798.576	5798.576	5791.718	5795.410	28963	116055	1
2024.07.17	17:00:00	5794.883	5795.410	5788.553	5793.300	22919	115518	1
2024.07.17	18:00:00	5792.245	5801.741	5791.718	5801.213	8825	40247	1
2024.07.18	09:00:00	5794.883	5852.911	5791.190	5849.746	209033	775765	1
2024.07.18	10:00:00	5849.746	5862.934	5846.053	5850.273	145714	544427	1
2024.07.18	11:00:00	5849.746	5867.154	5846.053	5858.714	111763	427245	1
2024.07.18	12:00:00	5858.714	5863.461	5852.383	5854.493	47245	186911	1
2024.07.18	13:00:00	5853.966	5884.562	5851.328	5878.760	76529	341612	1
2024.07.18	14:00:00	5878.760	5887.200	5877.705	5882.452	54264	231020	1
2024.07.18	15:00:00	5882.980	5903.026	5882.452	5891.948	82297	378143	1
2024.07.18	16:00:00	5891.948	5906.191	5889.838	5906.191	41685	181885	1
2024.07.18	17:00:00	5906.191	5906.191	5851.856	5861.351	68457	313050	1
2024.07.18	18:00:00	5860.824	5874.012	5854.493	5864.516	17497	56799	1
2024.07.19	09:00:00	5853.438	5867.154	5833.920	5861.879	129734	449909	1
2024.07.19	10:00:00	5861.879	5884.562	5845.525	5856.604	118157	441011	1
2024.07.19	11:00:00	5856.604	5872.957	5847.108	5863.461	70274	272674	1
2024.07.19	12:00:00	5863.989	5889.310	5863.461	5871.374	55339	228376	1
2024.07.19	13:00:00	5871.374	5898.806	5868.737	5893.530	65015	270554	1
2024.07.19	14:00:00	5893.003	5896.696	5884.035	5893.530	62710	243808	1
2024.07.19	15:00:00	5893.003	5917.269	5893.003	5915.159	63435	270911	1
2024.07.19	16:00:00	5915.159	5924.127	5908.829	5920.434	45870	185385	1
2024.07.19	17:00:00	5920.434	5926.237	5911.466	5912.521	28449	120979	1
2024.07.19	18:00:00	5912.521	5930.985	5910.411	5928.347	11609	39624	1
2024.07.22	09:00:00	5908.301	5926.765	5884.035	5886.145	223397	738422	1
2024.07.22	10:00:00	5886.673	5890.893	5871.374	5874.012	135834	480016	1
2024.07.22	11:00:00	5874.539	5881.925	5861.351	5866.099	104407	391530	1
2024.07.22	12:00:00	5866.099	5874.012	5858.714	5861.351	73399	296582	1
2024.07.22	13:00:00	5860.824	5865.571	5847.108	5859.241	69977	292149	1
2024.07.22	14:00:00	5859.241	5867.682	5856.076	5866.627	44183	174222	1
2024.07.22	15:00:00	5866.099	5887.728	5865.044	5882.980	67958	278964	1
2024.07.22	16:00:00	5882.980	5888.783	5878.760	5882.452	43530	179829	1
2024.07.22	17:00:00	5881.925	5892.475	5878.232	5891.948	22582	96354	1
2024.07.22	18:00:00	5892.475	5892.475	5881.925	5885.618	6871	26609	1
2024.07.23	09:00:00	5897.223	5922.017	5889.310	5903.026	205088	734223	1
2024.07.23	10:00:00	5903.553	5917.269	5894.585	5906.719	167311	607031	1
2024.07.23	11:00:00	5906.719	5908.301	5870.319	5877.177	164197	670106	1
2024.07.23	12:00:00	5877.705	5890.893	5875.067	5880.870	75374	329028	1
2024.07.23	13:00:00	5880.870	5902.498	5879.287	5891.948	69841	296826	1
2024.07.23	14:00:00	5891.948	5910.939	5883.507	5909.884	79681	331262	1
2024.07.23	15:00:00	5909.356	5911.466	5900.916	5906.191	47366	214289	1
2024.07.23	16:00:00	5906.191	5910.411	5898.806	5900.388	28928	129366	1
2024.07.23	17:00:00	5900.388	5904.608	5898.278	5900.388	20139	87565	1
2024.07.23	18:00:00	5900.916	5905.664	5899.861	5900.916	6894	25087	1
2024.07.24	09:00:00	5913.576	5954.196	5910.411	5942.590	202858	685409	1
2024.07.24	10:00:00	5942.590	5964.219	5940.480	5955.779	165556	624530	1
2024.07.24	11:00:00	5955.779	5957.889	5929.402	5931.512	125207	458340	1
2024.07.24	12:00:00	5930.985	5951.558	5917.797	5951.031	111890	433920	1
2024.07.24	13:00:00	5951.031	5958.944	5933.095	5942.063	81457	309544	1
2024.07.24	14:00:00	5941.535	5952.613	5935.205	5951.558	65246	252201	1
2024.07.24	15:00:00	5951.558	5977.935	5951.558	5975.297	89866	382402	1
2024.07.24	16:00:00	5975.297	5976.352	5967.384	5972.659	37165	144872	1
2024.07.24	17:00:00	5972.659	5975.297	5968.967	5970.022	19494	82860	1
2024.07.24	18:00:00	5970.549	5975.297	5968.967	5970.549	6989	28794	1
2024.07.25	09:00:00	6004.311	6013.279	5949.448	5955.251	258697	916541	1
2024.07.25	10:00:00	5955.779	5968.439	5946.811	5966.857	170413	595921	1
2024.07.25	11:00:00	5966.857	5980.045	5955.251	5958.416	153303	550869	1
2024.07.25	12:00:00	5957.889	5961.581	5939.953	5940.480	70327	267880	1
2024.07.25	13:00:00	5939.953	5949.976	5933.095	5939.425	65718	248724	1
2024.07.25	14:00:00	5939.425	5959.471	5936.788	5949.976	78750	311086	1
2024.07.25	15:00:00	5949.976	5970.549	5944.701	5965.802	84029	335238	1
2024.07.25	16:00:00	5966.329	5966.329	5953.141	5963.691	42726	161045	1
2024.07.25	17:00:00	5963.164	5969.494	5956.306	5961.054	22722	87812	1
2024.07.25	18:00:00	5961.054	5962.636	5950.503	5951.031	5607	22584	1
2024.07.26	09:00:00	5929.930	5966.329	5928.875	5939.953	213621	766679	1
2024.07.26	10:00:00	5939.953	5965.802	5935.733	5954.196	173592	646903	1
2024.07.26	11:00:00	5954.724	5973.714	5944.173	5971.604	146280	581856	1
2024.07.26	12:00:00	5971.604	5981.627	5963.691	5971.604	80803	330439	1
2024.07.26	13:00:00	5971.604	5976.880	5967.912	5968.967	44204	169681	1
2024.07.26	14:00:00	5968.967	5988.485	5966.857	5983.738	68772	287220	1
2024.07.26	15:00:00	5983.738	5984.265	5973.187	5982.682	45119	185736	1
2024.07.26	16:00:00	5982.682	5983.210	5972.132	5972.659	34099	162864	1
2024.07.26	17:00:00	5972.659	5974.242	5966.857	5971.077	24917	126434	1
2024.07.26	18:00:00	5970.549	5983.210	5967.384	5981.100	8228	34193	1
2024.07.29	09:00:00	5978.462	5978.990	5945.228	5959.999	166156	592236	1
2024.07.29	10:00:00	5959.471	5965.274	5946.811	5960.526	158063	539282	1
2024.07.29	11:00:00	5959.999	5979.517	5955.779	5977.407	105794	428756	1
2024.07.29	12:00:00	5976.880	5983.210	5965.274	5966.329	81434	351082	1
2024.07.29	13:00:00	5966.329	5967.384	5945.756	5954.724	74839	318916	1
2024.07.29	14:00:00	5954.196	5963.164	5940.480	5943.645	66504	284051	1
2024.07.29	15:00:00	5943.645	5948.393	5938.370	5945.228	46420	195778	1
2024.07.29	16:00:00	5945.756	5945.756	5935.733	5937.315	29584	121414	1
2024.07.29	17:00:00	5937.843	5938.898	5925.710	5928.875	25461	107971	1
2024.07.29	18:00:00	5928.875	5929.402	5924.127	5925.182	6109	24250	1
2024.07.30	09:00:00	5926.237	5970.022	5922.017	5968.967	157455	544842	1
2024.07.30	10:00:00	5968.967	5976.352	5954.196	5966.857	161229	604999	1
2024.07.30	11:00:00	5966.857	5974.770	5943.118	5951.558	147470	553282	1
2024.07.30	12:00:00	5952.086	5968.439	5946.283	5967.912	81231	316364	1
2024.07.30	13:00:00	5967.912	5968.439	5956.834	5961.054	47510	196787	1
2024.07.30	14:00:00	5960.526	5961.581	5934.150	5935.205	64473	280740	1
2024.07.30	15:00:00	5935.205	5939.425	5932.040	5936.260	45540	161006	1
2024.07.30	16:00:00	5935.733	5940.480	5927.820	5929.402	32586	151744	1
2024.07.30	17:00:00	5929.402	5931.512	5921.489	5923.072	25891	101142	1
2024.07.30	18:00:00	5923.599	5925.710	5918.852	5920.434	6990	30625	1
2024.07.31	09:00:00	5918.856	5987.754	5913.071	5987.228	248066	865346	1
2024.07.31	10:00:00	5986.702	5997.747	5952.516	5962.509	207188	799904	1
2024.07.31	11:00:00	5963.035	5970.924	5940.946	5966.191	137490	545561	1
2024.07.31	12:00:00	5966.716	5977.235	5953.568	5975.657	87669	396758	1
2024.07.31	13:00:00	5975.657	5976.709	5957.776	5962.509	65806	276138	1
2024.07.31	14:00:00	5963.035	5990.383	5959.353	5971.976	60457	216847	1
2024.07.31	15:00:00	5971.976	5981.443	5938.842	5947.783	123800	469728	1
2024.07.31	16:00:00	5947.783	5978.287	5944.101	5967.242	90247	356702	1
2024.07.31	17:00:00	5967.768	5970.398	5956.198	5962.509	31561	125980	1
2024.07.31	18:00:00	5962.509	5974.605	5961.457	5971.976	6796	26679	1
2024.08.01	09:00:00	5985.650	6009.317	5974.080	5984.072	276417	914754	1
2024.08.01	10:00:00	5984.072	5990.383	5950.938	5954.094	182562	659444	1
2024.08.01	11:00:00	5953.568	5984.072	5944.101	5978.287	147406	566270	1
2024.08.01	12:00:00	5978.287	6010.895	5972.502	6009.317	101430	384245	1
2024.08.01	13:00:00	6009.317	6050.340	6008.791	6038.243	134356	579887	1
2024.08.01	14:00:00	6037.717	6053.495	6031.932	6039.821	92873	390344	1
2024.08.01	15:00:00	6039.821	6060.859	6039.295	6059.807	78732	334737	1
2024.08.01	16:00:00	6059.807	6060.859	6048.236	6052.444	49676	210356	1
2024.08.01	17:00:00	6052.444	6069.799	6050.866	6065.066	52079	221303	1
2024.08.01	18:00:00	6064.014	6073.481	6063.488	6069.799	10885	46367	1
2024.08.02	09:00:00	6077.688	6112.926	6057.703	6071.903	334654	1115189	1
2024.08.02	10:00:00	6071.903	6076.637	6019.836	6032.458	282999	1022512	1
2024.08.02	11:00:00	6032.458	6066.644	6025.095	6065.592	163819	605463	1
2024.08.02	12:00:00	6065.592	6070.851	6048.762	6052.970	107207	382416	1
2024.08.02	13:00:00	6053.495	6057.177	6028.251	6028.777	81269	296446	1
2024.08.02	14:00:00	6028.777	6036.666	6012.999	6031.932	90683	333266	1
2024.08.02	15:00:00	6031.932	6044.029	6018.784	6042.977	82445	304659	1
2024.08.02	16:00:00	6043.503	6043.503	6022.991	6024.569	48698	172311	1
2024.08.02	17:00:00	6025.095	6045.606	6022.465	6044.555	28615	109099	1
2024.08.02	18:00:00	6044.029	6047.710	6039.295	6047.184	6587	26090	1
2024.08.05	09:00:00	6184.979	6188.134	6091.363	6095.044	400363	1124048	1
2024.08.05	10:00:00	6095.570	6126.600	6078.214	6121.341	236818	720615	1
2024.08.05	11:00:00	6120.815	6125.022	6087.681	6091.889	192232	643671	1
2024.08.05	12:00:00	6092.415	6095.570	6059.807	6066.644	125381	444958	1
2024.08.05	13:00:00	6066.644	6071.377	6045.081	6064.540	102395	358113	1
2024.08.05	14:00:00	6065.066	6066.118	6027.199	6040.873	110089	380653	1
2024.08.05	15:00:00	6040.347	6056.651	6030.880	6055.599	87200	302998	1
2024.08.05	16:00:00	6055.599	6057.177	6045.606	6054.547	46604	152389	1
2024.08.05	17:00:00	6055.073	6057.703	6031.406	6039.821	38138	130168	1
2024.08.05	18:00:00	6039.821	6041.925	6029.303	6033.510	7697	27215	1
2024.08.06	09:00:00	6025.621	6026.673	5969.346	5981.969	302890	1029147	1
2024.08.06	10:00:00	5981.969	5991.961	5955.672	5973.554	252260	937784	1
2024.08.06	11:00:00	5973.554	5984.598	5960.405	5975.131	166655	638161	1
2024.08.06	12:00:00	5975.657	5985.650	5948.835	5951.464	113674	418236	1
2024.08.06	13:00:00	5950.938	5960.931	5939.368	5958.827	94835	385265	1
2024.08.06	14:00:00	5958.302	5964.087	5948.309	5957.250	75215	294131	1
2024.08.06	15:00:00	5957.250	5963.035	5949.887	5961.457	56044	220497	1
2024.08.06	16:00:00	5961.983	5972.502	5956.198	5969.346	56153	211978	1
2024.08.06	17:00:00	5968.820	5974.605	5964.087	5973.028	26098	104444	1
2024.08.06	18:00:00	5973.028	5973.554	5964.087	5966.716	8593	33500	1
2024.08.07	09:00:00	5924.116	5948.309	5914.123	5931.479	268367	872843	1
2024.08.07	10:00:00	5931.479	5932.005	5902.553	5909.390	194315	677014	1
2024.08.07	11:00:00	5908.864	5934.109	5907.812	5918.331	131020	482761	1
2024.08.07	12:00:00	5918.331	5919.382	5902.553	5906.234	88556	337349	1
2024.08.07	13:00:00	5906.234	5923.590	5905.708	5917.805	60302	228329	1
2024.08.07	14:00:00	5918.331	5924.642	5907.286	5918.331	72690	274687	1
2024.08.07	15:00:00	5918.331	5939.894	5917.805	5932.005	84959	318141	1
2024.08.07	16:00:00	5932.005	5935.160	5927.271	5930.427	43670	146758	1
2024.08.07	17:00:00	5929.901	5943.049	5929.901	5942.524	29478	110424	1
2024.08.07	18:00:00	5941.998	5947.257	5940.420	5947.257	5649	27302	1
2024.08.08	09:00:00	5938.842	5964.087	5931.479	5957.250	261548	834072	1
2024.08.08	10:00:00	5957.250	5957.776	5923.590	5923.590	221859	792100	1
2024.08.08	11:00:00	5924.116	5929.375	5907.812	5914.649	130104	502850	1
2024.08.08	12:00:00	5915.175	5923.064	5904.656	5907.286	83186	339598	1
2024.08.08	13:00:00	5907.286	5907.812	5889.404	5895.189	73223	306282	1
2024.08.08	14:00:00	5894.664	5900.975	5884.145	5892.560	60801	233607	1
2024.08.08	15:00:00	5892.560	5897.293	5867.315	5873.626	77325	318062	1
2024.08.08	16:00:00	5873.626	5880.989	5871.522	5877.308	42354	163189	1
2024.08.08	17:00:00	5877.308	5880.463	5846.278	5852.063	52594	202583	1
2024.08.08	18:00:00	5852.589	5856.796	5833.655	5835.233	13224	55991	1
2024.08.09	09:00:00	5835.759	5856.270	5803.677	5814.196	261597	862060	1
2024.08.09	10:00:00	5814.196	5833.655	5803.677	5817.351	178262	675450	1
2024.08.09	11:00:00	5817.351	5825.240	5791.055	5794.210	150575	605852	1
2024.08.09	12:00:00	5794.736	5812.092	5792.107	5809.988	80012	328529	1
2024.08.09	13:00:00	5809.988	5814.196	5801.573	5808.410	39209	161856	1
2024.08.09	14:00:00	5808.410	5811.566	5789.477	5807.359	73917	288561	1
2024.08.09	15:00:00	5807.359	5819.981	5802.625	5807.359	62317	261398	1
2024.08.09	16:00:00	5807.885	5818.929	5806.307	5814.196	36763	155553	1
2024.08.09	17:00:00	5814.722	5815.774	5801.573	5806.307	24952	114884	1
2024.08.09	18:00:00	5806.833	5810.514	5804.203	5807.359	5866	24065	1
2024.08.12	09:00:00	5805.781	5806.307	5777.380	5784.743	215623	709109	1
2024.08.12	10:00:00	5784.743	5799.996	5767.914	5796.314	210254	735725	1
2024.08.12	11:00:00	5796.840	5797.892	5774.225	5781.062	130537	487153	1
2024.08.12	12:00:00	5780.536	5822.611	5779.484	5804.203	119202	473056	1
2024.08.12	13:00:00	5804.203	5814.722	5788.425	5794.210	79265	334226	1
2024.08.12	14:00:00	5794.736	5816.299	5794.210	5805.255	68580	276827	1
2024.08.12	15:00:00	5805.781	5812.092	5795.262	5796.314	54155	201974	1
2024.08.12	16:00:00	5796.314	5805.781	5794.210	5795.788	38006	138805	1
2024.08.12	17:00:00	5795.788	5801.573	5789.477	5797.892	25161	103890	1
2024.08.12	18:00:00	5797.892	5802.099	5787.373	5791.581	7226	26305	1
2024.08.13	09:00:00	5768.439	5793.684	5761.076	5782.640	226815	817575	1
2024.08.13	10:00:00	5783.166	5799.470	5776.854	5787.899	181140	713199	1
2024.08.13	11:00:00	5787.899	5796.314	5772.647	5781.588	122322	517597	1
2024.08.13	12:00:00	5782.114	5788.425	5775.803	5783.692	51829	206968	1
2024.08.13	13:00:00	5783.692	5785.269	5764.758	5765.284	43962	193310	1
2024.08.13	14:00:00	5764.758	5773.699	5751.084	5757.921	82238	360012	1
2024.08.13	15:00:00	5757.921	5759.499	5747.928	5751.610	45392	170032	1
2024.08.13	16:00:00	5751.610	5753.713	5741.617	5742.669	43856	211898	1
2024.08.13	17:00:00	5742.669	5751.610	5741.091	5748.980	23360	93959	1
2024.08.13	18:00:00	5748.980	5752.661	5743.721	5751.610	6036	24331	1
2024.08.14	09:00:00	5740.039	5753.713	5718.476	5738.461	244340	811405	1
2024.08.14	10:00:00	5738.461	5758.447	5735.832	5742.143	188476	704842	1
2024.08.14	11:00:00	5741.617	5747.402	5724.787	5733.202	122220	456993	1
2024.08.14	12:00:00	5733.728	5752.661	5730.046	5751.084	68433	263449	1
2024.08.14	13:00:00	5751.084	5774.225	5748.980	5769.491	85731	340616	1
2024.08.14	14:00:00	5769.491	5782.114	5765.284	5766.862	64855	244689	1
2024.08.14	15:00:00	5767.388	5774.225	5757.921	5762.654	47041	199945	1
2024.08.14	16:00:00	5763.180	5769.491	5760.025	5763.180	33123	136865	1
2024.08.14	17:00:00	5763.180	5768.965	5762.128	5767.388	22004	94251	1
2024.08.14	18:00:00	5767.388	5770.017	5762.654	5763.180	5946	25647	1
2024.08.15	09:00:00	5762.654	5782.114	5746.350	5760.550	211277	772617	1
2024.08.15	10:00:00	5760.550	5779.484	5746.350	5748.454	161270	587316	1
2024.08.15	11:00:00	5748.980	5770.017	5748.454	5767.388	95462	348566	1
2024.08.15	12:00:00	5767.388	5767.914	5743.721	5755.291	69189	265229	1
2024.08.15	13:00:00	5755.817	5762.654	5748.980	5760.025	37738	143614	1
2024.08.15	14:00:00	5760.025	5776.854	5759.499	5776.329	57975	235257	1
2024.08.15	15:00:00	5776.329	5790.529	5772.121	5777.906	69157	286568	1
2024.08.15	16:00:00	5777.906	5783.166	5776.329	5778.432	24714	93429	1
2024.08.15	17:00:00	5778.432	5783.166	5776.329	5778.432	18246	76525	1
2024.08.15	18:00:00	5778.432	5782.640	5774.751	5780.536	6953	32601	1
2024.08.16	09:00:00	5770.543	5777.906	5728.469	5733.202	198744	718385	1
2024.08.16	10:00:00	5733.202	5754.239	5727.943	5746.876	129503	477536	1
2024.08.16	11:00:00	5747.402	5780.010	5744.772	5773.699	132834	515253	1
2024.08.16	12:00:00	5773.173	5776.854	5767.388	5769.491	45582	193506	1
2024.08.16	13:00:00	5768.965	5770.017	5756.869	5762.128	45416	197565	1
2024.08.16	14:00:00	5762.128	5774.751	5760.550	5765.810	45929	176183	1
2024.08.16	15:00:00	5765.810	5774.751	5760.025	5762.128	40020	168014	1
2024.08.16	16:00:00	5762.128	5767.914	5757.921	5758.973	30463	133479	1
2024.08.16	17:00:00	5759.499	5770.017	5758.447	5768.439	19654	80895	1
2024.08.16	18:00:00	5768.439	5769.491	5764.232	5768.965	4994	23143	1
2024.08.19	09:00:00	5764.232	5765.810	5741.091	5747.928	166142	572137	1
2024.08.19	10:00:00	5747.928	5748.980	5717.424	5720.580	182071	670911	1
2024.08.19	11:00:00	5720.580	5725.839	5693.231	5700.068	138974	567456	1
2024.08.19	12:00:00	5700.068	5707.957	5690.075	5694.283	70226	313844	1
2024.08.19	13:00:00	5693.757	5711.639	5689.549	5692.179	71324	277374	1
2024.08.19	14:00:00	5692.179	5693.231	5670.616	5674.297	90150	382401	1
2024.08.19	15:00:00	5674.823	5695.861	5663.253	5693.231	78270	351177	1
2024.08.19	16:00:00	5692.705	5703.750	5691.653	5702.698	44656	202280	1
2024.08.19	17:00:00	5702.698	5704.802	5697.964	5701.646	20980	91487	1
2024.08.19	18:00:00	5701.120	5702.172	5693.757	5695.335	7929	39697	1
2024.08.20	09:00:00	5728.469	5752.661	5722.683	5733.202	233081	841206	1
2024.08.20	10:00:00	5733.202	5747.402	5725.313	5727.417	158152	558286	1
2024.08.20	11:00:00	5727.417	5760.025	5725.839	5751.610	129802	514606	1
2024.08.20	12:00:00	5752.136	5767.388	5752.136	5763.706	71904	296239	1
2024.08.20	13:00:00	5763.706	5773.699	5761.076	5772.121	60334	243877	1
2024.08.20	14:00:00	5772.121	5784.218	5770.017	5777.906	64297	279249	1
2024.08.20	15:00:00	5777.906	5784.218	5768.965	5774.225	64145	260110	1
2024.08.20	16:00:00	5774.225	5777.906	5756.343	5777.906	63037	280003	1
2024.08.20	17:00:00	5777.380	5777.906	5766.336	5768.439	28978	129908	1
2024.08.20	18:00:00	5768.439	5776.854	5767.388	5769.491	9549	36854	1
2024.08.21	09:00:00	5762.654	5775.803	5747.402	5763.706	190650	614596	1
2024.08.21	10:00:00	5763.180	5770.543	5750.032	5760.025	167142	584861	1
2024.08.21	11:00:00	5759.499	5772.647	5748.454	5766.862	162735	575250	1
2024.08.21	12:00:00	5766.862	5769.491	5751.610	5764.758	72828	276092	1
2024.08.21	13:00:00	5764.758	5786.321	5761.076	5782.640	63340	247769	1
2024.08.21	14:00:00	5782.640	5802.099	5782.640	5792.632	89664	354369	1
2024.08.21	15:00:00	5792.632	5794.210	5765.284	5766.862	102989	427586	1
2024.08.21	16:00:00	5766.336	5774.225	5760.025	5772.121	37482	156438	1
2024.08.21	17:00:00	5772.121	5783.166	5770.543	5776.329	24219	103670	1
2024.08.21	18:00:00	5776.854	5778.958	5768.439	5768.439	6077	21994	1
2024.08.22	09:00:00	5774.751	5839.441	5770.017	5837.863	231407	822823	1
2024.08.22	10:00:00	5837.337	5853.641	5822.611	5840.492	177786	692727	1
2024.08.22	11:00:00	5839.966	5858.374	5833.129	5847.855	128513	494702	1
2024.08.22	12:00:00	5847.855	5869.945	5843.122	5863.633	86088	365113	1
2024.08.22	13:00:00	5863.633	5877.308	5863.108	5863.633	56002	230596	1
2024.08.22	14:00:00	5864.159	5876.256	5841.544	5873.626	110612	436135	1
2024.08.22	15:00:00	5873.626	5893.612	5866.263	5890.456	108782	428350	1
2024.08.22	16:00:00	5890.456	5891.508	5880.989	5886.249	38191	153906	1
2024.08.22	17:00:00	5886.249	5889.404	5874.678	5882.041	39601	157042	1
2024.08.22	18:00:00	5880.989	5905.182	5879.937	5897.293	7982	33634	1
2024.08.23	09:00:00	5878.886	5878.886	5851.537	5860.478	194621	626315	1
2024.08.23	10:00:00	5860.478	5866.789	5842.596	5847.330	135801	472603	1
2024.08.23	11:00:00	5847.330	5849.959	5781.062	5791.055	238166	889588	1
2024.08.23	12:00:00	5791.055	5806.833	5782.640	5803.151	78555	313860	1
2024.08.23	13:00:00	5803.677	5803.677	5772.647	5783.166	70134	262442	1
2024.08.23	14:00:00	5783.692	5797.366	5780.010	5782.114	59419	230833	1
2024.08.23	15:00:00	5782.114	5785.795	5768.439	5769.491	55233	208972	1
2024.08.23	16:00:00	5769.491	5774.225	5763.706	5768.965	43258	173418	1
2024.08.23	17:00:00	5769.491	5781.588	5768.439	5777.380	28468	110487	1
2024.08.23	18:00:00	5777.380	5777.906	5765.284	5768.965	5573	25566	1
2024.08.26	09:00:00	5781.588	5790.003	5758.447	5775.277	213192	665349	1
2024.08.26	10:00:00	5775.277	5794.210	5766.336	5772.647	171472	579414	1
2024.08.26	11:00:00	5773.173	5788.951	5768.965	5784.743	113622	392552	1
2024.08.26	12:00:00	5784.218	5803.151	5780.536	5788.425	85737	307176	1
2024.08.26	13:00:00	5788.425	5790.529	5773.173	5781.062	49936	177842	1
2024.08.26	14:00:00	5781.062	5781.062	5764.758	5770.543	65146	248403	1
2024.08.26	15:00:00	5770.543	5776.854	5762.654	5773.173	53871	211230	1
2024.08.26	16:00:00	5773.699	5781.062	5767.914	5780.010	32327	130360	1
2024.08.26	17:00:00	5780.536	5792.107	5779.484	5785.795	34902	131731	1
2024.08.26	18:00:00	5785.269	5790.003	5782.640	5785.269	7028	27401	1
2024.08.27	09:00:00	5768.439	5799.470	5763.180	5778.432	222645	693171	1
2024.08.27	10:00:00	5777.906	5792.632	5775.277	5783.692	151923	502203	1
2024.08.27	11:00:00	5783.692	5786.847	5771.595	5783.692	93284	349132	1
2024.08.27	12:00:00	5784.218	5808.410	5776.329	5793.158	90001	356728	1
2024.08.27	13:00:00	5793.158	5798.944	5785.795	5792.107	54622	185523	1
2024.08.27	14:00:00	5792.107	5802.625	5785.795	5787.373	58861	194347	1
2024.08.27	15:00:00	5787.373	5792.632	5781.588	5788.951	44751	155478	1
2024.08.27	16:00:00	5788.951	5793.158	5786.321	5791.055	21533	82231	1
2024.08.27	17:00:00	5790.529	5806.307	5790.003	5797.892	35930	126555	1
2024.08.27	18:00:00	5797.892	5803.677	5793.684	5798.418	7642	33759	1
2024.08.28	09:00:00	5799.470	5835.233	5798.944	5829.448	193963	601781	1
2024.08.28	10:00:00	5829.448	5829.448	5808.410	5818.929	166884	578816	1
2024.08.28	11:00:00	5818.929	5824.188	5802.099	5814.196	113241	402600	1
2024.08.28	12:00:00	5814.722	5833.655	5808.936	5824.714	84389	310296	1
2024.08.28	13:00:00	5825.240	5842.070	5823.663	5830.500	69534	249010	1
2024.08.28	14:00:00	5831.026	5839.441	5826.292	5833.129	60269	192478	1
2024.08.28	15:00:00	5832.603	5844.174	5818.929	5837.337	81075	285732	1
2024.08.28	16:00:00	5837.863	5854.693	5835.233	5845.226	58528	203647	1
2024.08.28	17:00:00	5844.700	5861.004	5842.596	5855.744	39736	148739	1
2024.08.28	18:00:00	5855.744	5859.952	5852.589	5855.219	7902	32978	1
2024.08.29	09:00:00	5847.855	5895.715	5845.226	5893.612	201684	630123	1
2024.08.29	10:00:00	5894.138	5939.894	5893.612	5934.109	210975	726236	1
2024.08.29	11:00:00	5934.109	5958.302	5928.323	5931.479	159307	594711	1
2024.08.29	12:00:00	5931.479	5947.783	5926.746	5929.901	106084	348551	1
2024.08.29	13:00:00	5929.375	5941.998	5924.116	5927.271	90284	290863	1
2024.08.29	14:00:00	5926.746	5929.901	5905.708	5913.071	84882	281455	1
2024.08.29	15:00:00	5913.071	5922.012	5910.442	5914.649	75841	260662	1
2024.08.29	16:00:00	5915.175	5926.746	5908.338	5914.123	52564	197749	1
2024.08.29	17:00:00	5914.649	5927.797	5914.123	5920.960	31767	121944	1
2024.08.29	18:00:00	5920.434	5927.271	5919.908	5920.960	7193	24697	1
2024.08.30	09:00:00	5868.006	5962.905	5861.714	5946.651	282905	953460	1
2024.08.30	10:00:00	5947.175	5987.022	5942.981	5958.710	225356	809286	1
2024.08.30	11:00:00	5958.710	5980.207	5923.582	5961.332	216517	794276	1
2024.08.30	12:00:00	5961.332	5961.856	5901.037	5911.523	144607	586919	1
2024.08.30	13:00:00	5911.523	5947.700	5907.853	5947.175	100417	373815	1
2024.08.30	14:00:00	5946.651	5962.905	5926.203	5948.224	67086	213314	1
2024.08.30	15:00:00	5948.748	5953.991	5931.971	5942.457	50984	168166	1
2024.08.30	16:00:00	5942.457	5951.894	5922.009	5927.252	41071	155879	1
2024.08.30	17:00:00	5927.252	5929.349	5870.103	5901.561	78927	285501	1
2024.08.30	18:00:00	5902.085	5905.755	5892.124	5903.134	5953	18358	1
2024.09.02	09:00:00	5916.766	5937.738	5903.658	5913.096	248977	753530	1
2024.09.02	10:00:00	5913.096	5948.224	5906.280	5932.495	168772	515066	1
2024.09.02	11:00:00	5932.495	5953.467	5927.776	5930.398	108957	340060	1
2024.09.02	12:00:00	5930.398	5931.971	5907.328	5907.328	81612	274701	1
2024.09.02	13:00:00	5907.328	5915.717	5897.891	5909.950	61127	190287	1
2024.09.02	14:00:00	5910.474	5918.863	5893.696	5904.707	54959	167989	1
2024.09.02	15:00:00	5904.707	5916.242	5902.085	5913.620	31655	97182	1
2024.09.02	16:00:00	5913.620	5913.620	5897.891	5907.328	34608	116105	1
2024.09.02	17:00:00	5907.328	5910.474	5901.561	5908.901	16935	54751	1
2024.09.02	18:00:00	5908.901	5908.901	5903.658	5905.755	4761	14581	1
2024.09.03	09:00:00	5930.922	5931.971	5866.957	5875.346	235656	752621	1
2024.09.03	10:00:00	5875.346	5921.485	5863.811	5918.339	207814	700499	1
2024.09.03	11:00:00	5918.339	5944.554	5910.998	5923.582	191338	633980	1
2024.09.03	12:00:00	5923.582	5942.981	5921.485	5941.932	83217	284101	1
2024.09.03	13:00:00	5941.932	5942.457	5924.630	5929.873	57023	185734	1
2024.09.03	14:00:00	5929.873	5937.214	5923.057	5933.019	55504	176050	1
2024.09.03	15:00:00	5933.544	5936.165	5924.106	5933.019	48027	176307	1
2024.09.03	16:00:00	5932.495	5940.359	5930.398	5933.544	38005	126615	1
2024.09.03	17:00:00	5934.068	5939.311	5927.776	5936.165	29457	99294	1
2024.09.03	18:00:00	5936.689	5944.030	5935.641	5938.787	6094	21028	1
2024.09.04	09:00:00	5936.689	5952.943	5908.377	5924.630	257079	738759	1
2024.09.04	10:00:00	5924.106	5939.835	5919.912	5922.533	167137	554128	1
2024.09.04	11:00:00	5923.057	5934.068	5904.707	5909.426	165821	557960	1
2024.09.04	12:00:00	5908.901	5933.544	5908.377	5930.922	74407	271826	1
2024.09.04	13:00:00	5930.398	5940.884	5926.728	5929.873	53910	191014	1
2024.09.04	14:00:00	5930.398	5934.592	5923.057	5924.630	48934	168760	1
2024.09.04	15:00:00	5924.630	5931.446	5919.387	5924.106	42265	151971	1
2024.09.04	16:00:00	5924.106	5933.019	5923.582	5928.300	34231	124362	1
2024.09.04	17:00:00	5928.825	5935.116	5928.300	5930.398	20898	76983	1
2024.09.04	18:00:00	5930.922	5935.116	5929.873	5931.971	5912	25539	1
2024.09.05	09:00:00	5928.825	5940.359	5892.124	5905.231	247916	767780	1
2024.09.05	10:00:00	5905.231	5908.377	5885.832	5892.124	153232	483327	1
2024.09.05	11:00:00	5892.124	5910.998	5889.502	5899.464	111331	386953	1
2024.09.05	12:00:00	5898.939	5904.183	5879.540	5880.589	79794	291606	1
2024.09.05	13:00:00	5880.589	5885.832	5857.520	5870.103	99011	355690	1
2024.09.05	14:00:00	5870.103	5877.443	5864.860	5870.627	52506	179986	1
2024.09.05	15:00:00	5870.627	5872.724	5862.763	5869.578	32947	117580	1
2024.09.05	16:00:00	5869.578	5869.578	5856.995	5859.092	33533	125197	1
2024.09.05	17:00:00	5859.092	5871.151	5857.520	5861.714	30428	103329	1
2024.09.05	18:00:00	5862.238	5862.238	5851.228	5857.520	5988	26334	1
2024.09.06	09:00:00	5864.335	5871.676	5812.429	5831.829	282040	830604	1
2024.09.06	10:00:00	5831.829	5850.179	5819.770	5847.558	178039	571393	1
2024.09.06	11:00:00	5847.558	5883.210	5847.558	5876.919	155255	508532	1
2024.09.06	12:00:00	5876.919	5886.356	5845.461	5876.394	142529	472706	1
2024.09.06	13:00:00	5876.394	5888.453	5867.481	5877.443	59860	195402	1
2024.09.06	14:00:00	5877.443	5879.016	5867.481	5874.297	46571	161046	1
2024.09.06	15:00:00	5873.773	5888.978	5871.151	5876.394	52239	188665	1
2024.09.06	16:00:00	5876.919	5883.210	5875.346	5875.870	24594	83137	1
2024.09.06	17:00:00	5876.394	5887.405	5874.297	5886.881	20272	72820	1
2024.09.06	18:00:00	5886.881	5887.929	5880.065	5886.881	5312	22382	1
2024.09.09	09:00:00	5872.200	5928.825	5868.006	5919.912	205377	632366	1
2024.09.09	10:00:00	5920.436	5920.436	5899.464	5902.085	163037	536073	1
2024.09.09	11:00:00	5902.610	5906.280	5885.308	5885.308	114020	367237	1
2024.09.09	12:00:00	5885.832	5896.318	5882.686	5891.075	55736	193379	1
2024.09.09	13:00:00	5890.551	5891.599	5877.443	5881.637	41153	151837	1
2024.09.09	14:00:00	5881.637	5882.162	5859.617	5873.773	69151	257398	1
2024.09.09	15:00:00	5873.249	5876.919	5864.335	5867.481	44381	162141	1
2024.09.09	16:00:00	5867.481	5871.676	5861.714	5865.908	27650	100213	1
2024.09.09	17:00:00	5865.908	5873.249	5865.384	5870.103	22209	75446	1
2024.09.09	18:00:00	5870.627	5871.676	5866.433	5871.151	4832	17909	1
2024.09.10	09:00:00	5860.141	5891.599	5852.276	5887.405	250504	766885	1
2024.09.10	10:00:00	5887.405	5903.658	5880.065	5902.610	147481	492443	1
2024.09.10	11:00:00	5902.610	5921.485	5896.842	5914.669	144435	540665	1
2024.09.10	12:00:00	5914.669	5937.738	5910.998	5936.165	96544	350643	1
2024.09.10	13:00:00	5935.641	5939.835	5922.533	5933.019	68079	237856	1
2024.09.10	14:00:00	5933.019	5949.273	5931.971	5944.554	64204	234089	1
2024.09.10	15:00:00	5945.078	5960.283	5937.738	5941.408	77115	298592	1
2024.09.10	16:00:00	5941.932	5948.748	5935.641	5940.884	40797	152473	1
2024.09.10	17:00:00	5940.884	5950.846	5940.359	5947.700	23893	89567	1
2024.09.10	18:00:00	5947.700	5958.186	5947.175	5952.418	8832	37354	1
2024.09.11	09:00:00	5921.485	5941.932	5907.328	5912.571	275355	815812	1
2024.09.11	10:00:00	5913.096	5929.349	5890.551	5927.776	204867	671128	1
2024.09.11	11:00:00	5927.252	5961.856	5916.242	5945.603	178960	594045	1
2024.09.11	12:00:00	5945.603	5949.273	5928.825	5930.398	86593	292369	1
2024.09.11	13:00:00	5930.922	5941.932	5917.290	5928.825	70986	246435	1
2024.09.11	14:00:00	5928.825	5940.359	5917.290	5934.592	63511	222586	1
2024.09.11	15:00:00	5934.592	5939.835	5925.679	5935.116	44229	148717	1
2024.09.11	16:00:00	5934.592	5941.932	5933.019	5935.641	29077	99000	1
2024.09.11	17:00:00	5935.116	5950.846	5934.592	5949.273	26084	86774	1
2024.09.11	18:00:00	5949.797	5957.137	5949.273	5953.991	7417	27826	1
2024.09.12	09:00:00	5934.592	5944.554	5918.863	5929.349	189627	570810	1
2024.09.12	10:00:00	5929.349	5952.943	5924.630	5945.078	160768	508004	1
2024.09.12	11:00:00	5944.554	5964.477	5930.398	5957.661	140313	458592	1
2024.09.12	12:00:00	5957.661	5957.661	5935.641	5937.738	77482	284210	1
2024.09.12	13:00:00	5937.738	5938.787	5920.960	5924.630	72645	252610	1
2024.09.12	14:00:00	5924.630	5931.446	5919.912	5923.057	52791	185953	1
2024.09.12	15:00:00	5922.533	5926.203	5908.377	5909.426	64513	215915	1
2024.09.12	16:00:00	5909.426	5910.474	5898.939	5902.610	43276	157087	1
2024.09.12	17:00:00	5902.610	5917.814	5902.610	5913.620	33755	118582	1
2024.09.12	18:00:00	5913.620	5916.766	5909.426	5909.426	4980	20841	1
2024.09.13	09:00:00	5893.172	5903.134	5873.249	5883.210	199764	591074	1
2024.09.13	10:00:00	5882.686	5895.269	5845.985	5855.422	194688	663409	1
2024.09.13	11:00:00	5855.947	5863.811	5823.964	5829.207	145669	551837	1
2024.09.13	12:00:00	5829.731	5842.315	5828.159	5832.877	60424	229700	1
2024.09.13	13:00:00	5832.877	5839.693	5825.013	5828.159	51446	193767	1
2024.09.13	14:00:00	5828.683	5835.499	5826.061	5833.402	34847	132607	1
2024.09.13	15:00:00	5833.926	5853.325	5833.402	5847.558	68882	266209	1
2024.09.13	16:00:00	5847.558	5850.179	5842.315	5848.082	27002	89344	1
2024.09.13	17:00:00	5848.082	5854.374	5844.936	5846.509	21276	74391	1
2024.09.13	18:00:00	5845.985	5846.509	5842.315	5845.461	4877	19933	1
2024.09.16	09:00:00	5843.363	5861.714	5828.159	5842.315	208402	656441	1
2024.09.16	10:00:00	5842.315	5842.839	5773.631	5788.836	238932	860726	1
2024.09.16	11:00:00	5788.836	5800.370	5780.971	5786.214	109433	405750	1
2024.09.16	12:00:00	5786.214	5796.176	5776.777	5788.836	75554	262101	1
2024.09.16	13:00:00	5788.836	5796.176	5786.739	5795.652	29523	100153	1
2024.09.16	14:00:00	5795.652	5799.322	5784.117	5786.214	46474	158487	1
2024.09.16	15:00:00	5786.214	5798.798	5782.544	5789.884	43568	163236	1
2024.09.16	16:00:00	5789.884	5794.603	5785.166	5787.263	32081	117681	1
2024.09.16	17:00:00	5787.787	5789.360	5783.068	5787.787	18994	66221	1
2024.09.16	18:00:00	5787.787	5789.360	5779.923	5780.971	5680	26609	1
2024.09.17	09:00:00	5787.263	5790.933	5761.048	5778.874	221815	712714	1
2024.09.17	10:00:00	5778.874	5785.690	5764.718	5769.961	144599	504797	1
2024.09.17	11:00:00	5769.437	5791.982	5767.339	5779.923	107998	392800	1
2024.09.17	12:00:00	5779.398	5783.068	5773.107	5777.825	53003	185985	1
2024.09.17	13:00:00	5777.301	5781.495	5759.999	5774.680	65326	248370	1
2024.09.17	14:00:00	5774.155	5782.020	5762.096	5762.621	53522	206078	1
2024.09.17	15:00:00	5762.621	5777.301	5752.659	5754.756	88188	340476	1
2024.09.17	16:00:00	5754.756	5764.193	5753.707	5761.048	34098	126158	1
2024.09.17	17:00:00	5761.048	5763.669	5756.329	5757.378	18030	66311	1
2024.09.17	18:00:00	5757.378	5757.902	5752.659	5754.756	7102	31086	1
2024.09.18	09:00:00	5749.513	5770.485	5741.648	5757.378	195200	581484	1
2024.09.18	10:00:00	5757.902	5765.766	5734.308	5741.124	153606	512472	1
2024.09.18	11:00:00	5741.648	5750.037	5730.114	5740.076	94312	340091	1
2024.09.18	12:00:00	5740.076	5759.475	5737.454	5754.756	65302	250082	1
2024.09.18	13:00:00	5754.756	5761.048	5747.416	5757.378	47160	165891	1
2024.09.18	14:00:00	5757.378	5758.950	5743.221	5751.086	55724	197502	1
2024.09.18	15:00:00	5751.610	5752.134	5680.305	5712.812	240546	877117	1
2024.09.18	16:00:00	5712.812	5739.027	5708.617	5731.687	144658	463650	1
2024.09.18	17:00:00	5731.687	5735.881	5715.433	5733.260	38599	126270	1
2024.09.18	18:00:00	5733.260	5737.978	5729.065	5733.260	7062	30982	1
2024.09.19	09:00:00	5670.867	5712.287	5664.051	5710.715	247159	769066	1
2024.09.19	10:00:00	5710.190	5711.239	5681.878	5693.937	170265	582957	1
2024.09.19	11:00:00	5693.937	5705.471	5676.110	5693.412	132381	506352	1
2024.09.19	12:00:00	5692.888	5696.558	5672.965	5674.538	81426	289792	1
2024.09.19	13:00:00	5674.538	5692.364	5673.489	5687.645	48656	176304	1
2024.09.19	14:00:00	5687.645	5699.180	5679.781	5694.985	51947	218664	1
2024.09.19	15:00:00	5695.510	5703.374	5693.412	5696.558	45637	180437	1
2024.09.19	16:00:00	5696.034	5701.277	5692.364	5693.412	24579	105619	1
2024.09.19	17:00:00	5692.888	5702.326	5691.315	5696.034	21240	79004	1
2024.09.19	18:00:00	5696.034	5697.083	5691.840	5691.840	4056	19193	1
2024.09.20	09:00:00	5703.899	5714.909	5686.597	5713.860	214800	678660	1
2024.09.20	10:00:00	5713.336	5762.096	5711.763	5750.562	219723	827496	1
2024.09.20	11:00:00	5750.562	5767.339	5743.746	5765.766	110805	412930	1
2024.09.20	12:00:00	5766.291	5771.534	5752.134	5761.572	84698	317722	1
2024.09.20	13:00:00	5761.572	5785.690	5758.426	5782.544	82651	314076	1
2024.09.20	14:00:00	5782.544	5790.933	5773.107	5782.020	64047	255743	1
2024.09.20	15:00:00	5782.020	5796.700	5779.923	5788.311	49473	192941	1
2024.09.20	16:00:00	5787.787	5797.749	5787.787	5793.030	37912	148185	1
2024.09.20	17:00:00	5793.554	5797.225	5782.020	5783.593	27239	94342	1
2024.09.20	18:00:00	5783.068	5792.506	5782.020	5787.263	7752	32447	1
2024.09.23	09:00:00	5843.888	5875.870	5830.256	5836.023	271094	870470	1
2024.09.23	10:00:00	5836.547	5838.120	5813.478	5829.731	163705	553577	1
2024.09.23	11:00:00	5830.256	5832.877	5805.089	5806.138	111069	390144	1
2024.09.23	12:00:00	5806.138	5814.002	5801.943	5808.235	58408	211598	1
2024.09.23	13:00:00	5808.235	5825.537	5808.235	5814.527	60417	211162	1
2024.09.23	14:00:00	5814.527	5816.100	5798.798	5804.565	52163	181605	1
2024.09.23	15:00:00	5804.041	5811.381	5801.943	5804.565	41290	160247	1
2024.09.23	16:00:00	5805.089	5810.332	5801.419	5806.662	27334	96448	1
2024.09.23	17:00:00	5807.186	5815.051	5803.516	5810.332	26376	98898	1
2024.09.23	18:00:00	5809.808	5816.100	5807.186	5810.332	5748	21409	1
2024.09.24	09:00:00	5790.409	5798.798	5739.551	5748.464	244376	807276	1
2024.09.24	10:00:00	5747.940	5751.086	5717.530	5731.162	166908	620157	1
2024.09.24	11:00:00	5731.162	5734.832	5712.812	5733.260	133348	509599	1
2024.09.24	12:00:00	5733.260	5740.076	5722.249	5733.784	67490	260480	1
2024.09.24	13:00:00	5733.784	5735.881	5719.628	5721.725	49656	195277	1
2024.09.24	14:00:00	5721.725	5733.260	5719.103	5727.492	41661	160311	1
2024.09.24	15:00:00	5727.492	5728.017	5719.103	5720.152	37775	138269	1
2024.09.24	16:00:00	5720.152	5730.638	5719.103	5728.017	27552	105104	1
2024.09.24	17:00:00	5727.492	5735.357	5718.579	5722.249	33252	132912	1
2024.09.24	18:00:00	5721.725	5723.298	5715.433	5718.055	6183	24262	1
2024.09.25	09:00:00	5720.676	5745.843	5705.471	5737.978	221063	697334	1
2024.09.25	10:00:00	5737.978	5742.697	5729.589	5734.308	112986	387913	1
2024.09.25	11:00:00	5734.308	5762.096	5733.784	5758.426	113645	452521	1
2024.09.25	12:00:00	5758.426	5764.718	5745.843	5748.989	77973	289226	1
2024.09.25	13:00:00	5748.989	5752.134	5740.076	5747.416	43132	161231	1
2024.09.25	14:00:00	5747.416	5760.523	5735.357	5739.027	63899	263188	1
2024.09.25	15:00:00	5739.027	5747.940	5734.832	5745.319	42304	160921	1
2024.09.25	16:00:00	5745.319	5746.891	5741.124	5743.746	20001	82317	1
2024.09.25	17:00:00	5743.221	5750.562	5740.600	5742.173	21883	88101	1
2024.09.25	18:00:00	5742.173	5745.319	5739.027	5741.124	5701	26163	1
2024.09.26	09:00:00	5709.666	5710.715	5669.295	5704.947	237823	792450	1
2024.09.26	10:00:00	5705.471	5713.336	5693.937	5713.336	133419	494090	1
2024.09.26	11:00:00	5713.336	5715.958	5699.704	5705.996	106723	406924	1
2024.09.26	12:00:00	5705.471	5711.239	5688.169	5700.228	74094	300839	1
2024.09.26	13:00:00	5700.228	5710.190	5698.131	5706.520	53965	212078	1
2024.09.26	14:00:00	5707.044	5721.201	5702.850	5706.520	61208	226500	1
2024.09.26	15:00:00	5706.520	5710.715	5702.850	5707.044	39112	126185	1
2024.09.26	16:00:00	5707.044	5716.482	5702.850	5711.763	36607	149699	1
2024.09.26	17:00:00	5711.763	5713.860	5702.326	5704.947	21656	91895	1
2024.09.26	18:00:00	5704.423	5706.520	5701.277	5702.326	4723	22469	1
2024.09.27	09:00:00	5693.937	5724.346	5690.267	5720.676	200404	603729	1
2024.09.27	10:00:00	5720.676	5722.249	5701.277	5711.239	124091	403124	1
2024.09.27	11:00:00	5711.239	5714.909	5694.461	5701.277	106308	377594	1
2024.09.27	12:00:00	5701.801	5704.423	5693.937	5697.607	51028	188775	1
2024.09.27	13:00:00	5697.607	5712.287	5694.461	5696.034	55824	214137	1
2024.09.27	14:00:00	5696.034	5708.617	5694.461	5698.656	53274	196596	1
2024.09.27	15:00:00	5698.131	5702.850	5694.461	5699.180	33943	143625	1
2024.09.27	16:00:00	5699.704	5704.423	5699.180	5701.277	22153	99635	1
2024.09.27	17:00:00	5700.753	5702.326	5691.840	5691.840	15269	42419	1
2024.09.30	09:00:00	5688.186	5692.883	5659.482	5681.402	158388	514022	1
2024.09.30	10:00:00	5681.923	5734.113	5681.402	5729.416	141176	558525	1
2024.09.30	11:00:00	5729.416	5732.548	5697.059	5704.887	87343	347699	1
2024.09.30	12:00:00	5705.409	5715.847	5697.059	5710.628	50140	210756	1
2024.09.30	13:00:00	5710.628	5711.672	5700.190	5700.190	33434	127946	1
2024.09.30	14:00:00	5700.190	5714.803	5700.190	5709.062	31024	117520	1
2024.09.30	15:00:00	5709.062	5726.807	5705.931	5707.497	65901	261423	1
2024.09.30	16:00:00	5707.497	5717.413	5705.931	5708.018	31082	135442	1
2024.09.30	17:00:00	5708.018	5711.672	5702.278	5708.540	23464	90307	1
2024.09.30	18:00:00	5708.018	5713.759	5705.931	5710.628	4543	21431	1
2024.10.01	09:00:00	5737.767	5738.289	5687.142	5692.883	203342	713310	1
2024.10.01	10:00:00	5693.405	5735.157	5687.664	5727.851	189430	704624	1
2024.10.01	11:00:00	5728.373	5737.767	5715.847	5723.154	151571	556252	1
2024.10.01	12:00:00	5723.154	5729.416	5702.799	5704.887	71656	295246	1
2024.10.01	13:00:00	5704.887	5724.197	5700.190	5714.803	75656	305619	1
2024.10.01	14:00:00	5714.803	5738.289	5714.281	5725.241	97913	394073	1
2024.10.01	15:00:00	5725.241	5725.241	5713.759	5720.022	44977	169145	1
2024.10.01	16:00:00	5720.022	5724.719	5715.325	5722.110	31779	114280	1
2024.10.01	17:00:00	5722.632	5727.851	5691.318	5695.493	52582	225303	1
2024.10.01	18:00:00	5695.493	5697.580	5678.270	5681.923	12854	60940	1
2024.10.02	09:00:00	5673.051	5686.099	5660.004	5670.964	213672	669044	1
2024.10.02	10:00:00	5670.964	5696.015	5669.920	5690.796	146513	487676	1
2024.10.02	11:00:00	5690.796	5693.927	5674.095	5692.361	95210	323211	1
2024.10.02	12:00:00	5692.361	5704.365	5688.708	5692.883	74132	289590	1
2024.10.02	13:00:00	5693.405	5703.843	5689.752	5699.668	36746	137035	1
2024.10.02	14:00:00	5699.668	5708.540	5696.015	5700.712	42782	170667	1
2024.10.02	15:00:00	5701.234	5705.931	5697.580	5702.799	39866	149432	1
2024.10.02	16:00:00	5702.799	5705.409	5699.668	5701.756	17709	65578	1
2024.10.02	17:00:00	5701.756	5702.799	5690.274	5698.624	22661	82121	1
2024.10.02	18:00:00	5698.624	5701.234	5696.015	5698.102	5190	24834	1
2024.10.03	09:00:00	5712.194	5743.508	5707.497	5732.026	184492	597786	1
2024.10.03	10:00:00	5732.548	5750.814	5725.763	5742.464	123696	401860	1
2024.10.03	11:00:00	5741.942	5772.212	5740.376	5754.989	149203	561882	1
2024.10.03	12:00:00	5754.989	5757.077	5744.551	5751.858	53526	202411	1
2024.10.03	13:00:00	5752.380	5754.468	5738.811	5738.811	41003	159009	1
2024.10.03	14:00:00	5738.811	5751.336	5737.767	5744.030	35742	144408	1
2024.10.03	15:00:00	5744.551	5745.073	5722.110	5726.807	56124	241311	1
2024.10.03	16:00:00	5726.807	5734.635	5725.763	5732.548	32505	137544	1
2024.10.03	17:00:00	5733.070	5739.854	5731.504	5736.723	22497	83688	1
2024.10.03	18:00:00	5737.245	5738.811	5733.592	5735.679	5474	22385	1
2024.10.04	09:00:00	5730.460	5780.563	5719.500	5772.212	233223	750671	1
2024.10.04	10:00:00	5772.212	5772.734	5726.285	5733.070	193588	656713	1
2024.10.04	11:00:00	5732.548	5739.332	5712.194	5712.716	120358	450323	1
2024.10.04	12:00:00	5713.237	5728.373	5709.584	5717.413	65225	250829	1
2024.10.04	13:00:00	5716.891	5721.066	5710.106	5720.022	38365	147817	1
2024.10.04	14:00:00	5720.544	5725.763	5714.803	5725.241	37165	155757	1
2024.10.04	15:00:00	5725.241	5726.285	5715.325	5720.022	30952	127221	1
2024.10.04	16:00:00	5720.544	5722.110	5712.194	5713.237	28151	103364	1
2024.10.04	17:00:00	5712.716	5718.456	5711.150	5713.237	15252	58992	1
2024.10.04	18:00:00	5713.237	5714.803	5704.365	5704.365	4910	25862	1
2024.10.07	09:00:00	5726.285	5728.373	5675.139	5693.405	190719	598134	1
2024.10.07	10:00:00	5693.405	5722.110	5688.708	5712.194	160859	567357	1
2024.10.07	11:00:00	5712.194	5735.679	5703.843	5734.113	100097	370349	1
2024.10.07	12:00:00	5733.592	5750.814	5731.504	5743.508	78935	312444	1
2024.10.07	13:00:00	5743.508	5746.639	5733.592	5735.157	36566	138452	1
2024.10.07	14:00:00	5735.157	5741.420	5733.592	5735.679	36079	157116	1
2024.10.07	15:00:00	5735.157	5750.292	5734.635	5747.683	53491	211921	1
2024.10.07	16:00:00	5747.683	5750.292	5740.376	5742.986	32196	128494	1
2024.10.07	17:00:00	5742.986	5748.205	5742.464	5748.205	17296	64548	1
2024.10.07	18:00:00	5747.683	5756.555	5747.161	5755.511	8871	35631	1
2024.10.08	09:00:00	5762.818	5780.563	5756.555	5760.730	226511	701315	1
2024.10.08	10:00:00	5761.252	5774.822	5752.902	5769.081	162285	557372	1
2024.10.08	11:00:00	5769.081	5792.566	5764.906	5784.738	123182	469877	1
2024.10.08	12:00:00	5784.216	5791.001	5783.694	5788.391	47081	188928	1
2024.10.08	13:00:00	5788.913	5789.957	5774.300	5783.694	53354	200055	1
2024.10.08	14:00:00	5784.216	5795.698	5777.953	5787.347	61984	224043	1
2024.10.08	15:00:00	5787.869	5789.435	5781.084	5786.825	32925	127684	1
2024.10.08	16:00:00	5786.825	5792.044	5785.782	5789.957	24928	99731	1
2024.10.08	17:00:00	5790.479	5797.785	5788.391	5794.132	23308	93580	1
2024.10.08	18:00:00	5793.610	5800.395	5793.088	5794.132	7078	35742	1
2024.10.09	09:00:00	5791.001	5825.968	5787.869	5820.227	202366	632936	1
2024.10.09	10:00:00	5820.749	5844.234	5817.617	5833.274	139697	503328	1
2024.10.09	11:00:00	5833.274	5849.975	5828.055	5839.537	101355	384447	1
2024.10.09	12:00:00	5840.059	5843.712	5829.621	5841.625	54537	208758	1
2024.10.09	13:00:00	5842.147	5854.150	5836.928	5848.931	55140	236429	1
2024.10.09	14:00:00	5848.410	5852.585	5846.844	5849.453	32504	140927	1
2024.10.09	15:00:00	5849.453	5859.369	5847.366	5852.585	54897	224499	1
2024.10.09	16:00:00	5852.585	5852.585	5840.059	5846.322	36529	147846	1
2024.10.09	17:00:00	5846.322	5855.194	5845.278	5854.150	24771	105460	1
2024.10.09	18:00:00	5854.672	5860.935	5852.585	5855.716	8896	33018	1
2024.10.10	09:00:00	5840.059	5864.588	5829.621	5842.669	292276	848687	1
2024.10.10	10:00:00	5842.147	5856.238	5824.402	5854.150	169773	585579	1
2024.10.10	11:00:00	5854.672	5854.672	5827.012	5839.015	116935	423821	1
2024.10.10	12:00:00	5839.537	5845.800	5835.884	5842.147	45202	182270	1
2024.10.10	13:00:00	5841.625	5852.063	5836.928	5847.888	55240	215315	1
2024.10.10	14:00:00	5847.366	5858.326	5838.493	5838.493	59740	218451	1
2024.10.10	15:00:00	5839.015	5846.322	5834.318	5842.147	37749	149306	1
2024.10.10	16:00:00	5842.147	5844.756	5839.537	5843.712	23802	95954	1
2024.10.10	17:00:00	5843.191	5849.453	5840.059	5842.147	22307	83138	1
2024.10.10	18:00:00	5842.147	5844.234	5840.581	5843.191	4694	15297	1
2024.10.11	09:00:00	5832.231	5858.326	5814.486	5853.629	218746	671943	1
2024.10.11	10:00:00	5853.629	5914.691	5849.975	5905.818	211149	838760	1
2024.10.11	11:00:00	5905.818	5906.862	5884.943	5897.990	135069	529387	1
2024.10.11	12:00:00	5897.990	5900.599	5885.986	5894.337	59410	247648	1
2024.10.11	13:00:00	5894.859	5905.818	5889.640	5895.902	45634	193126	1
2024.10.11	14:00:00	5895.902	5896.424	5880.767	5885.986	45325	188990	1
2024.10.11	15:00:00	5886.508	5896.424	5883.377	5887.030	41730	180924	1
2024.10.11	16:00:00	5887.030	5888.596	5871.895	5872.417	40666	188022	1
2024.10.11	17:00:00	5872.417	5875.548	5863.545	5870.851	29102	125220	1
2024.10.11	18:00:00	5870.851	5871.895	5860.413	5861.979	7656	30947	1
2024.10.14	09:00:00	5873.461	5912.603	5872.417	5894.337	181624	587060	1
2024.10.14	10:00:00	5894.337	5896.424	5848.931	5861.457	186426	620131	1
2024.10.14	11:00:00	5861.457	5873.983	5856.238	5859.369	105582	370133	1
2024.10.14	12:00:00	5859.369	5867.720	5838.493	5841.625	82684	331764	1
2024.10.14	13:00:00	5842.147	5842.669	5827.012	5835.362	63262	238635	1
2024.10.14	14:00:00	5835.884	5841.103	5819.705	5832.753	60280	231795	1
2024.10.14	15:00:00	5832.231	5839.537	5825.446	5834.840	45680	184747	1
2024.10.14	16:00:00	5834.318	5843.191	5834.318	5838.493	36014	134175	1
2024.10.14	17:00:00	5838.493	5854.672	5837.450	5852.585	36195	134042	1
2024.10.14	18:00:00	5852.063	5855.716	5840.059	5842.669	5375	23597	1
2024.10.15	09:00:00	5847.888	5882.333	5836.406	5878.158	242719	764103	1
2024.10.15	10:00:00	5878.680	5904.775	5871.895	5895.380	176276	632950	1
2024.10.15	11:00:00	5895.380	5915.735	5895.380	5901.121	118729	443211	1
2024.10.15	12:00:00	5901.643	5905.818	5892.771	5903.731	64705	252440	1
2024.10.15	13:00:00	5903.731	5924.607	5903.731	5918.344	76082	310495	1
2024.10.15	14:00:00	5918.344	5923.563	5909.472	5912.081	53892	216924	1
2024.10.15	15:00:00	5911.559	5921.997	5911.037	5914.169	43885	168282	1
2024.10.15	16:00:00	5913.647	5921.475	5909.472	5917.822	38893	158557	1
2024.10.15	17:00:00	5917.300	5918.344	5900.078	5910.516	53553	211465	1
2024.10.15	18:00:00	5911.037	5917.300	5909.472	5914.169	7604	33675	1
2024.10.16	09:00:00	5913.125	5960.096	5887.552	5950.180	301502	1003764	1
2024.10.16	10:00:00	5950.180	5957.487	5939.220	5948.614	155735	541119	1
2024.10.16	11:00:00	5948.614	5948.614	5917.822	5919.388	139773	502259	1
2024.10.16	12:00:00	5918.866	5925.129	5909.994	5916.778	81365	305650	1
2024.10.16	13:00:00	5917.300	5925.651	5910.516	5920.432	45627	162965	1
2024.10.16	14:00:00	5920.432	5924.085	5901.121	5907.906	51879	204555	1
2024.10.16	15:00:00	5908.428	5931.392	5906.862	5921.475	59524	244862	1
2024.10.16	16:00:00	5921.997	5926.694	5917.822	5920.954	25290	104208	1
2024.10.16	17:00:00	5921.475	5929.304	5916.778	5923.563	25409	96221	1
2024.10.16	18:00:00	5923.041	5927.738	5920.432	5927.738	5198	20124	1
2024.10.17	09:00:00	5939.742	5948.092	5929.826	5937.132	227240	697794	1
2024.10.17	10:00:00	5937.132	5947.570	5919.388	5928.782	174650	567398	1
2024.10.17	11:00:00	5928.782	5941.308	5920.432	5934.523	101547	366765	1
2024.10.17	12:00:00	5934.523	5942.873	5923.041	5935.567	58034	219857	1
2024.10.17	13:00:00	5935.045	5941.308	5931.392	5934.523	29932	117461	1
2024.10.17	14:00:00	5934.001	5937.132	5929.304	5931.392	26962	109925	1
2024.10.17	15:00:00	5931.392	5931.392	5920.432	5928.782	44636	190991	1
2024.10.17	16:00:00	5928.782	5930.870	5915.213	5917.300	35166	148542	1
2024.10.17	17:00:00	5916.778	5918.866	5908.950	5912.603	27111	111555	1
2024.10.17	18:00:00	5912.081	5913.125	5908.428	5908.428	5391	23904	1
2024.10.18	09:00:00	5891.727	5915.735	5884.421	5908.950	195678	604570	1
2024.10.18	10:00:00	5908.950	5929.304	5903.731	5928.782	152344	511333	1
2024.10.18	11:00:00	5928.260	5936.611	5916.256	5927.216	105933	380465	1
2024.10.18	12:00:00	5927.738	5945.483	5924.607	5936.089	70703	273814	1
2024.10.18	13:00:00	5936.611	5941.308	5932.957	5937.132	31480	119066	1
2024.10.18	14:00:00	5937.654	5951.224	5932.435	5948.614	44605	198101	1
2024.10.18	15:00:00	5949.136	5952.268	5943.917	5948.092	32129	134547	1
2024.10.18	16:00:00	5947.570	5961.662	5946.005	5958.008	59005	247263	1
2024.10.18	17:00:00	5958.008	5958.530	5947.570	5950.702	32077	129639	1
2024.10.18	18:00:00	5951.224	5959.052	5949.658	5958.530	7244	33359	1
2024.10.21	09:00:00	5961.140	5994.020	5954.877	5977.841	230820	743430	1
2024.10.21	10:00:00	5977.319	5992.976	5967.925	5968.968	172949	559820	1
2024.10.21	11:00:00	5968.968	5972.100	5952.789	5959.574	143690	489794	1
2024.10.21	12:00:00	5959.574	5964.271	5948.614	5960.096	62031	234409	1
2024.10.21	13:00:00	5960.096	5969.490	5958.008	5960.618	57115	235440	1
2024.10.21	14:00:00	5960.096	5961.662	5953.833	5956.965	30420	117202	1
2024.10.21	15:00:00	5956.965	5964.793	5955.399	5961.140	35032	130585	1
2024.10.21	16:00:00	5961.140	5961.662	5942.873	5949.658	33660	144724	1
2024.10.21	17:00:00	5949.136	5955.921	5942.873	5950.702	25293	100671	1
2024.10.21	18:00:00	5951.224	5952.789	5944.439	5946.005	5939	25003	1
2024.10.22	09:00:00	5940.786	5969.490	5939.742	5964.793	176215	521320	1
2024.10.22	10:00:00	5964.271	5974.187	5928.782	5951.224	216753	734253	1
2024.10.22	11:00:00	5951.746	5961.662	5940.786	5949.136	109547	383234	1
2024.10.22	12:00:00	5949.136	5959.574	5943.917	5947.570	65791	238064	1
2024.10.22	13:00:00	5947.570	5950.180	5936.611	5942.873	45875	172643	1
2024.10.22	14:00:00	5942.351	5960.618	5939.742	5959.574	43639	178785	1
2024.10.22	15:00:00	5959.574	5971.578	5957.487	5960.618	71526	279018	1
2024.10.22	16:00:00	5960.618	5961.662	5951.224	5951.224	27289	112980	1
2024.10.22	17:00:00	5951.746	5953.311	5942.873	5944.439	27466	110546	1
2024.10.22	18:00:00	5944.439	5949.658	5944.439	5948.092	4675	19094	1
2024.10.23	09:00:00	5972.622	5985.669	5966.359	5976.797	188663	562579	1
2024.10.23	10:00:00	5977.319	5977.319	5959.052	5975.753	152755	520096	1
2024.10.23	11:00:00	5975.231	5987.757	5971.578	5981.494	111614	414350	1
2024.10.23	12:00:00	5982.016	5983.060	5958.008	5959.052	91531	384412	1
2024.10.23	13:00:00	5959.052	5967.925	5953.311	5967.403	55776	208391	1
2024.10.23	14:00:00	5967.403	5969.490	5957.487	5961.140	54038	219188	1
2024.10.23	15:00:00	5961.140	5964.271	5939.220	5947.049	74551	298403	1
2024.10.23	16:00:00	5947.049	5947.570	5938.176	5946.527	37657	144905	1
2024.10.23	17:00:00	5946.527	5951.224	5939.742	5942.351	24658	103240	1
2024.10.23	18:00:00	5942.351	5942.351	5939.220	5940.264	4442	16373	1
2024.10.24	09:00:00	5937.654	5972.622	5927.738	5958.008	221380	700126	1
2024.10.24	10:00:00	5958.008	5975.231	5956.965	5963.749	132954	451546	1
2024.10.24	11:00:00	5963.749	5967.403	5952.268	5958.008	102129	390330	1
2024.10.24	12:00:00	5957.487	5963.227	5953.833	5962.184	51465	205346	1
2024.10.24	13:00:00	5962.184	5968.446	5956.965	5965.837	39026	169611	1
2024.10.24	14:00:00	5966.359	5967.403	5926.694	5946.527	110421	466909	1
2024.10.24	15:00:00	5947.049	5954.355	5937.654	5943.395	52718	207763	1
2024.10.24	16:00:00	5943.395	5946.005	5914.169	5916.256	64451	279289	1
2024.10.24	17:00:00	5915.735	5922.519	5913.125	5917.822	26278	93571	1
2024.10.24	18:00:00	5917.822	5919.388	5913.647	5919.388	5449	23585	1
2024.10.25	09:00:00	5923.563	5946.527	5920.954	5942.873	170108	518904	1
2024.10.25	10:00:00	5942.873	5957.487	5937.654	5949.136	139142	450927	1
2024.10.25	11:00:00	5948.614	5949.658	5924.085	5946.527	126677	476369	1
2024.10.25	12:00:00	5946.527	5957.487	5941.830	5955.921	61323	220223	1
2024.10.25	13:00:00	5955.399	5960.096	5942.873	5953.833	56271	221216	1
2024.10.25	14:00:00	5953.311	5967.403	5950.702	5962.706	56896	229278	1
2024.10.25	15:00:00	5962.184	5964.793	5956.443	5959.052	37575	158450	1
2024.10.25	16:00:00	5959.052	5963.749	5957.487	5959.052	27433	114508	1
2024.10.25	17:00:00	5958.530	5962.184	5954.877	5961.140	21835	93684	1
2024.10.25	18:00:00	5961.662	5969.490	5959.574	5964.271	9789	39593	1
2024.10.28	09:00:00	5954.877	5973.144	5937.132	5938.698	201165	630933	1
2024.10.28	10:00:00	5938.176	5957.487	5936.611	5947.049	125086	434774	1
2024.10.28	11:00:00	5947.570	5959.052	5945.483	5953.833	72361	263233	1
2024.10.28	12:00:00	5953.833	5961.140	5949.658	5958.008	49443	189591	1
2024.10.28	13:00:00	5958.008	5963.749	5955.399	5956.965	38878	155232	1
2024.10.28	14:00:00	5956.443	5962.184	5941.308	5946.527	59623	250336	1
2024.10.28	15:00:00	5946.527	5956.443	5943.395	5953.833	40320	167460	1
2024.10.28	16:00:00	5953.311	5964.271	5952.268	5959.574	34370	137366	1
2024.10.28	17:00:00	5960.096	5964.271	5956.443	5961.662	24172	84586	1
2024.10.28	18:00:00	5961.662	5965.315	5960.096	5964.271	7381	27555	1
2024.10.29	09:00:00	5960.096	5990.366	5956.965	5969.490	214416	689257	1
2024.10.29	10:00:00	5969.490	5974.709	5957.487	5964.793	152874	545287	1
2024.10.29	11:00:00	5964.793	5965.315	5947.570	5956.965	134940	474565	1
2024.10.29	12:00:00	5956.965	5984.103	5955.399	5976.797	88937	389717	1
2024.10.29	13:00:00	5977.319	6016.461	5974.187	6002.892	137983	578453	1
2024.10.29	14:00:00	6002.892	6013.330	5991.932	6007.067	82298	327195	1
2024.10.29	15:00:00	6007.067	6018.027	5993.498	6012.286	76158	309637	1
2024.10.29	16:00:00	6012.286	6020.636	6008.111	6014.896	48710	182174	1
2024.10.29	17:00:00	6015.417	6017.505	6008.111	6014.374	29501	120610	1
2024.10.29	18:00:00	6014.374	6019.593	6011.242	6016.983	9994	42351	1
2024.10.30	09:00:00	6014.374	6043.078	6013.330	6035.772	217166	676885	1
2024.10.30	10:00:00	6035.772	6046.210	6023.768	6028.987	169139	553919	1
2024.10.30	11:00:00	6028.465	6032.640	6016.461	6023.246	125535	420886	1
2024.10.30	12:00:00	6023.246	6039.425	6022.202	6031.596	92337	332590	1
2024.10.30	13:00:00	6031.596	6035.250	6028.465	6031.596	42607	160245	1
2024.10.30	14:00:00	6031.596	6036.293	6017.505	6022.724	62892	254554	1
2024.10.30	15:00:00	6022.202	6024.290	6011.242	6012.808	50440	204021	1
2024.10.30	16:00:00	6012.808	6019.071	6006.023	6015.939	47115	203118	1
2024.10.30	17:00:00	6015.939	6018.549	6013.852	6015.939	18083	86643	1
2024.10.30	18:00:00	6015.939	6022.724	6013.852	6020.115	5505	27481	1
2024.10.31	09:00:00	6019.594	6033.126	6007.103	6021.676	179485	536204	1
2024.10.31	10:00:00	6021.676	6038.330	6006.062	6034.167	166917	579494	1
2024.10.31	11:00:00	6034.167	6039.371	6027.401	6035.208	82387	309307	1
2024.10.31	12:00:00	6034.687	6048.740	6032.085	6044.576	75789	280770	1
2024.10.31	13:00:00	6045.096	6049.781	6034.167	6035.208	63776	277238	1
2024.10.31	14:00:00	6035.208	6045.096	6031.044	6036.249	57029	232326	1
2024.10.31	15:00:00	6036.249	6039.371	6028.442	6033.646	42898	159107	1
2024.10.31	16:00:00	6033.646	6038.851	6032.085	6037.290	27463	101548	1
2024.10.31	17:00:00	6036.769	6046.137	6035.728	6044.576	30864	116047	1
2024.10.31	18:00:00	6044.576	6051.342	6041.974	6049.260	9662	41014	1
2024.11.01	09:00:00	6043.015	6060.190	6015.951	6022.717	196529	642259	1
2024.11.01	10:00:00	6022.196	6068.517	6021.155	6054.985	188740	670512	1
2024.11.01	11:00:00	6054.465	6091.417	6049.781	6081.528	157326	581933	1
2024.11.01	12:00:00	6081.528	6089.335	6075.283	6086.733	59740	239001	1
2024.11.01	13:00:00	6086.212	6088.815	6078.926	6086.212	48691	203264	1
2024.11.01	14:00:00	6086.733	6111.715	6083.090	6107.031	76365	328407	1
2024.11.01	15:00:00	6107.031	6129.931	6103.908	6129.410	88896	404451	1
2024.11.01	16:00:00	6129.410	6134.615	6121.603	6127.849	57563	236070	1
2024.11.01	17:00:00	6128.369	6132.533	6123.165	6127.328	31496	134727	1
2024.11.01	18:00:00	6126.808	6146.065	6126.288	6136.176	14100	64251	1
2024.11.04	09:00:00	6091.937	6095.581	6052.903	6056.026	230453	667348	1
2024.11.04	10:00:00	6056.026	6072.160	6053.944	6057.067	142829	458471	1
2024.11.04	11:00:00	6057.587	6060.190	6023.758	6032.605	151997	536803	1
2024.11.04	12:00:00	6032.085	6038.330	6009.705	6019.594	104606	376943	1
2024.11.04	13:00:00	6019.594	6028.442	6008.144	6023.758	64916	241576	1
2024.11.04	14:00:00	6024.278	6032.085	6019.074	6025.840	50020	174339	1
2024.11.04	15:00:00	6025.840	6039.892	6015.430	6021.676	67173	250665	1
2024.11.04	16:00:00	6022.196	6036.769	6020.635	6036.249	31336	125898	1
2024.11.04	17:00:00	6036.249	6047.178	6035.208	6036.769	45583	170783	1
2024.11.04	18:00:00	6036.769	6047.699	6036.249	6046.658	10038	41161	1
2024.11.05	09:00:00	6037.290	6058.108	6031.565	6037.290	227931	669592	1
2024.11.05	10:00:00	6037.290	6045.617	6024.278	6035.728	153857	508670	1
2024.11.05	11:00:00	6036.249	6056.026	6028.962	6034.167	136519	510657	1
2024.11.05	12:00:00	6034.167	6047.178	6032.085	6044.576	80120	305986	1
2024.11.05	13:00:00	6044.056	6050.301	6022.717	6023.758	67574	270705	1
2024.11.05	14:00:00	6023.758	6027.401	5996.174	6003.460	100692	375867	1
2024.11.05	15:00:00	6003.460	6006.062	5989.928	6003.460	53856	202982	1
2024.11.05	16:00:00	6003.460	6006.062	5988.887	5996.694	38456	144594	1
2024.11.05	17:00:00	5996.174	5998.776	5990.969	5994.612	23524	89755	1
2024.11.05	18:00:00	5994.612	6002.939	5994.092	6001.378	9382	43505	1
2024.11.06	09:00:00	6108.072	6115.358	6053.424	6059.669	326266	930840	1
2024.11.06	10:00:00	6059.669	6063.833	6021.676	6024.799	216098	735656	1
2024.11.06	11:00:00	6024.278	6044.576	6009.185	6023.758	176469	624286	1
2024.11.06	12:00:00	6023.758	6024.799	5962.864	5963.385	176952	646670	1
2024.11.06	13:00:00	5963.905	5970.671	5942.046	5951.414	118649	465784	1
2024.11.06	14:00:00	5951.414	5960.783	5936.842	5938.923	78906	328253	1
2024.11.06	15:00:00	5938.923	5940.485	5909.257	5931.637	119669	486478	1
2024.11.06	16:00:00	5931.637	5935.801	5920.187	5922.269	58138	205677	1
2024.11.06	17:00:00	5922.789	5923.830	5913.421	5922.269	32389	118664	1
2024.11.06	18:00:00	5922.269	5963.905	5916.544	5961.303	23483	114727	1
2024.11.07	09:00:00	5940.485	5956.619	5912.380	5940.485	279131	840476	1
2024.11.07	10:00:00	5941.005	5947.251	5877.510	5888.439	265412	897035	1
2024.11.07	11:00:00	5888.439	5910.298	5875.948	5903.012	148068	516673	1
2024.11.07	12:00:00	5903.012	5926.432	5890.001	5921.228	95685	365801	1
2024.11.07	13:00:00	5921.748	5960.262	5920.187	5948.812	127734	459370	1
2024.11.07	14:00:00	5949.333	5970.151	5927.994	5958.180	139584	540948	1
2024.11.07	15:00:00	5958.180	5964.946	5920.707	5924.351	80148	299073	1
2024.11.07	16:00:00	5924.351	5939.964	5911.860	5920.187	108232	359217	1
2024.11.07	17:00:00	5919.667	5942.567	5907.176	5937.882	56463	180460	1
2024.11.07	18:00:00	5937.362	5947.771	5931.117	5940.485	14306	45676	1
2024.11.08	09:00:00	5978.478	5999.817	5971.192	5993.051	205188	580797	1
2024.11.08	10:00:00	5993.051	6015.430	5992.530	6003.980	158277	507398	1
2024.11.08	11:00:00	6003.460	6022.717	5992.530	6016.992	119201	398036	1
2024.11.08	12:00:00	6017.512	6033.646	6011.267	6030.524	85484	314226	1
2024.11.08	13:00:00	6030.524	6037.290	6021.155	6037.290	70995	259000	1
2024.11.08	14:00:00	6036.769	6038.851	6014.390	6016.992	81751	324755	1
2024.11.08	15:00:00	6016.992	6022.196	6002.939	6008.664	75819	279415	1
2024.11.08	16:00:00	6008.144	6011.267	5978.478	5981.601	62460	229662	1
2024.11.08	17:00:00	5981.601	5985.764	5967.028	5979.519	59860	204654	1
2024.11.08	18:00:00	5979.519	5995.133	5978.478	5992.530	10801	43965	1
2024.11.11	09:00:00	6023.758	6061.231	6017.512	6054.465	186094	588320	1
2024.11.11	10:00:00	6054.465	6065.394	6040.412	6047.178	148919	473772	1
2024.11.11	11:00:00	6047.178	6053.424	6026.880	6049.260	130554	416870	1
2024.11.11	12:00:00	6049.260	6052.903	6029.483	6034.167	77693	259671	1
2024.11.11	13:00:00	6034.167	6037.290	6016.992	6021.155	50189	182090	1
2024.11.11	14:00:00	6020.635	6021.676	6010.746	6014.390	49712	187426	1
2024.11.11	15:00:00	6014.390	6021.676	6008.664	6014.390	48863	180446	1
2024.11.11	16:00:00	6013.869	6021.676	6013.869	6016.471	33816	130365	1
2024.11.11	17:00:00	6016.471	6016.471	5994.612	6002.939	49440	184752	1
2024.11.11	18:00:00	6002.939	6012.308	5999.817	6008.144	12038	47872	1
2024.11.12	09:00:00	6032.085	6041.453	6000.337	6009.185	197419	613257	1
2024.11.12	10:00:00	6009.705	6030.003	5997.214	6027.921	162166	540373	1
2024.11.12	11:00:00	6027.921	6035.208	6006.583	6008.664	146235	541568	1
2024.11.12	12:00:00	6008.664	6031.565	6002.419	6026.880	108980	410976	1
2024.11.12	13:00:00	6026.880	6027.401	6011.787	6023.237	71538	253756	1
2024.11.12	14:00:00	6023.758	6044.576	6022.717	6037.290	87689	318748	1
2024.11.12	15:00:00	6037.290	6038.330	6005.021	6011.267	84582	342991	1
2024.11.12	16:00:00	6011.267	6019.074	6009.185	6017.512	37448	149817	1
2024.11.12	17:00:00	6017.512	6018.033	5998.776	6000.858	29759	122544	1
2024.11.12	18:00:00	6000.337	6000.858	5984.203	5993.571	13631	67466	1
2024.11.13	09:00:00	5974.835	6004.501	5970.151	5989.928	176895	513145	1
2024.11.13	10:00:00	5989.928	6001.378	5968.069	5989.408	200887	685895	1
2024.11.13	11:00:00	5988.887	6037.810	5988.367	6032.605	165639	564013	1
2024.11.13	12:00:00	6032.605	6059.669	6027.921	6050.301	121381	449941	1
2024.11.13	13:00:00	6050.301	6064.353	6047.178	6061.751	76612	276867	1
2024.11.13	14:00:00	6061.751	6062.792	6049.781	6058.108	59963	227624	1
2024.11.13	15:00:00	6058.628	6067.476	6052.903	6062.271	48464	196270	1
2024.11.13	16:00:00	6061.751	6063.833	6037.810	6040.412	78083	303648	1
2024.11.13	17:00:00	6040.412	6048.740	6036.249	6045.096	42026	149824	1
2024.11.13	18:00:00	6045.096	6058.108	6044.576	6055.506	16142	62799	1
2024.11.14	09:00:00	6052.903	6077.885	6041.974	6060.190	232137	661469	1
2024.11.14	10:00:00	6060.190	6066.435	6024.278	6028.962	189950	645611	1
2024.11.14	11:00:00	6028.962	6039.892	6021.155	6036.249	110002	395527	1
2024.11.14	12:00:00	6036.249	6036.249	6008.144	6027.921	100552	360058	1
2024.11.14	13:00:00	6027.921	6030.003	6016.992	6023.758	54429	207314	1
2024.11.14	14:00:00	6023.237	6041.453	6015.951	6023.237	69071	268092	1
2024.11.14	15:00:00	6023.237	6033.646	6020.115	6027.401	51900	191073	1
2024.11.14	16:00:00	6027.401	6037.290	6019.074	6034.167	40776	150493	1
2024.11.14	17:00:00	6034.687	6054.465	6031.565	6041.974	69459	249743	1
2024.11.14	18:00:00	6041.974	6047.178	6025.319	6026.360	11432	46884	1
2024.11.18	09:00:00	6021.676	6046.137	6012.308	6034.167	167400	503320	1
2024.11.18	10:00:00	6034.167	6041.453	6007.624	6012.828	144816	486835	1
2024.11.18	11:00:00	6012.308	6014.910	5983.683	5986.805	117785	418559	1
2024.11.18	12:00:00	5986.805	5996.694	5979.519	5983.683	73195	250457	1
2024.11.18	13:00:00	5983.162	6000.337	5983.162	5989.928	60656	223435	1
2024.11.18	14:00:00	5989.408	6006.062	5985.244	5987.846	63914	243979	1
2024.11.18	15:00:00	5988.367	5990.969	5978.999	5984.203	50728	181560	1
2024.11.18	16:00:00	5983.683	5993.051	5980.039	5990.969	31501	112789	1
2024.11.18	17:00:00	5990.969	6001.378	5985.764	5994.612	29809	100757	1
2024.11.18	18:00:00	5995.133	5995.653	5988.367	5989.928	9069	44798	1
2024.11.19	09:00:00	6006.062	6018.033	5989.408	6016.992	197750	605605	1
2024.11.19	10:00:00	6016.992	6041.453	6008.664	6012.828	171172	651520	1
2024.11.19	11:00:00	6012.308	6021.676	5995.653	6020.115	135173	505296	1
2024.11.19	12:00:00	6020.115	6032.085	6012.308	6017.512	74185	269501	1
2024.11.19	13:00:00	6017.512	6021.676	6000.337	6001.899	51121	190530	1
2024.11.19	14:00:00	6001.899	6019.594	5999.817	6018.553	47184	182816	1
2024.11.19	15:00:00	6018.553	6029.483	6013.349	6017.512	56582	233173	1
2024.11.19	16:00:00	6018.033	6019.074	6008.144	6010.746	30072	123663	1
2024.11.19	17:00:00	6010.746	6018.033	6007.624	6015.430	22871	97309	1
2024.11.19	18:00:00	6015.430	6015.951	6008.144	6011.787	8320	38048	1
2024.11.21	09:00:00	6026.880	6067.996	6024.799	6057.587	220057	691185	1
2024.11.21	10:00:00	6057.587	6073.201	6050.301	6063.312	176089	624140	1
2024.11.21	11:00:00	6063.312	6070.078	6053.944	6062.792	100711	377216	1
2024.11.21	12:00:00	6062.792	6065.394	6047.178	6058.628	83634	325733	1
2024.11.21	13:00:00	6058.108	6079.447	6054.985	6074.762	88955	307203	1
2024.11.21	14:00:00	6074.242	6078.406	6050.821	6054.465	72581	275752	1
2024.11.21	15:00:00	6054.985	6065.394	6049.781	6058.628	59287	223551	1
2024.11.21	16:00:00	6059.149	6064.874	6056.026	6056.546	30216	117737	1
2024.11.21	17:00:00	6056.026	6062.271	6054.465	6058.108	24466	90801	1
2024.11.21	18:00:00	6058.108	6063.312	6056.546	6060.710	9382	43618	1
2024.11.22	09:00:00	6066.435	6071.119	6031.044	6034.167	222747	654346	1
2024.11.22	10:00:00	6034.167	6076.844	6032.605	6074.242	190029	662940	1
2024.11.22	11:00:00	6074.762	6076.324	6056.546	6074.242	102860	382738	1
2024.11.22	12:00:00	6073.721	6074.762	6045.617	6054.985	97773	348643	1
2024.11.22	13:00:00	6054.985	6056.546	6041.453	6048.219	52406	201922	1
2024.11.22	14:00:00	6048.219	6066.435	6046.137	6062.271	50885	189308	1
2024.11.22	15:00:00	6062.792	6063.312	6051.342	6052.903	42091	161790	1
2024.11.22	16:00:00	6052.903	6057.587	6049.781	6057.067	26060	106225	1
2024.11.22	17:00:00	6056.546	6059.149	6047.178	6047.699	23195	91384	1
2024.11.22	18:00:00	6047.699	6049.260	6039.892	6047.699	15311	68818	1
2024.11.25	09:00:00	6026.880	6046.658	6018.033	6045.617	212559	627160	1
2024.11.25	10:00:00	6046.137	6052.903	6026.360	6038.851	166432	506245	1
2024.11.25	11:00:00	6038.851	6039.371	6015.430	6033.646	125206	423566	1
2024.11.25	12:00:00	6033.646	6061.231	6024.278	6059.669	115217	470468	1
2024.11.25	13:00:00	6059.669	6061.231	6046.137	6053.424	74501	294633	1
2024.11.25	14:00:00	6052.903	6062.271	6049.260	6050.821	43066	172587	1
2024.11.25	15:00:00	6050.821	6059.149	6045.617	6046.658	44656	163840	1
2024.11.25	16:00:00	6046.658	6053.944	6038.330	6043.535	45647	186797	1
2024.11.25	17:00:00	6044.056	6056.546	6043.535	6052.903	31427	113356	1
2024.11.25	18:00:00	6052.903	6053.944	6036.249	6038.851	14117	61431	1
2024.11.26	09:00:00	6053.424	6066.956	6019.594	6026.360	205762	631945	1
2024.11.26	10:00:00	6026.360	6048.740	6022.717	6041.974	163008	549724	1
2024.11.26	11:00:00	6041.974	6050.301	6036.769	6038.330	102700	408032	1
2024.11.26	12:00:00	6038.851	6044.576	6030.524	6040.412	74262	294922	1
2024.11.26	13:00:00	6039.892	6050.821	6038.851	6048.219	48973	191910	1
2024.11.26	14:00:00	6048.219	6059.669	6038.851	6056.026	61569	259400	1
2024.11.26	15:00:00	6056.546	6061.231	6040.933	6044.576	55906	229435	1
2024.11.26	16:00:00	6044.056	6049.260	6041.453	6046.658	30031	115834	1
2024.11.26	17:00:00	6046.658	6073.201	6045.096	6051.342	64799	244495	1
2024.11.26	18:00:00	6051.342	6051.862	6042.494	6048.740	10683	45767	1
2024.11.27	09:00:00	6044.056	6072.681	6042.494	6070.078	192370	587164	1
2024.11.27	10:00:00	6070.078	6072.681	6054.985	6064.874	134741	526843	1
2024.11.27	11:00:00	6064.874	6064.874	6052.903	6062.271	82209	345119	1
2024.11.27	12:00:00	6062.792	6088.815	6061.751	6082.049	113607	455583	1
2024.11.27	13:00:00	6082.049	6144.504	6070.599	6114.317	162940	656464	1
2024.11.27	14:00:00	6113.797	6149.188	6113.276	6133.053	189750	647300	1
2024.11.27	15:00:00	6133.053	6173.649	6123.685	6162.719	125339	461848	1
2024.11.27	16:00:00	6162.719	6168.444	6146.585	6157.515	71747	257358	1
2024.11.27	17:00:00	6157.515	6186.660	6139.299	6179.374	72784	275257	1
2024.11.27	18:00:00	6179.374	6210.081	6171.567	6207.479	31047	115385	1
2024.11.28	09:00:00	6222.051	6248.595	6190.304	6219.970	267684	793772	1
2024.11.28	10:00:00	6220.490	6239.227	6203.315	6233.501	144934	457580	1
2024.11.28	11:00:00	6233.501	6247.554	6227.776	6236.104	108382	378187	1
2024.11.28	12:00:00	6236.104	6243.390	6227.256	6239.747	55304	211449	1
2024.11.28	13:00:00	6240.267	6252.758	6232.461	6240.788	74094	281260	1
2024.11.28	14:00:00	6240.267	6242.349	6219.970	6230.379	63599	245040	1
2024.11.28	15:00:00	6230.379	6235.063	6224.654	6231.420	31484	128229	1
2024.11.28	16:00:00	6230.899	6245.992	6226.215	6236.104	35693	142505	1
2024.11.28	17:00:00	6236.624	6273.056	6235.063	6262.127	43996	149966	1
2024.11.28	18:00:00	6261.606	6276.699	6255.881	6270.454	15057	61915	1
2024.11.29	09:00:00	6246.608	6316.591	6236.758	6316.072	269619	819547	1
2024.11.29	10:00:00	6316.072	6363.764	6316.072	6339.918	218296	805124	1
2024.11.29	11:00:00	6339.918	6345.621	6276.156	6300.002	213894	710384	1
2024.11.29	12:00:00	6300.002	6303.631	6196.842	6212.913	246217	779078	1
2024.11.29	13:00:00	6212.913	6255.421	6209.802	6239.869	126482	389855	1
2024.11.29	14:00:00	6239.350	6265.788	6234.167	6260.086	94263	291532	1
2024.11.29	15:00:00	6260.086	6261.123	6246.608	6258.531	42822	137828	1
2024.11.29	16:00:00	6258.531	6267.344	6223.280	6244.534	70655	239798	1
2024.11.29	17:00:00	6244.534	6246.090	6202.545	6217.578	56114	180650	1
2024.11.29	18:00:00	6217.578	6231.056	6210.321	6228.983	11362	44420	1
2024.12.02	09:00:00	6247.645	6279.785	6244.534	6267.862	219488	650379	1
2024.12.02	10:00:00	6267.862	6318.664	6264.233	6308.296	179689	583057	1
2024.12.02	11:00:00	6308.296	6331.106	6306.741	6310.888	157601	520589	1
2024.12.02	12:00:00	6310.888	6330.587	6300.002	6319.701	121981	410821	1
2024.12.02	13:00:00	6319.701	6335.253	6306.741	6317.109	105021	364430	1
2024.12.02	14:00:00	6317.627	6323.848	6287.042	6291.190	81737	288593	1
2024.12.02	15:00:00	6290.671	6315.035	6289.116	6307.260	64539	239796	1
2024.12.02	16:00:00	6307.778	6316.072	6300.521	6310.370	61327	222709	1
2024.12.02	17:00:00	6310.888	6319.701	6308.815	6310.370	51349	169262	1
2024.12.02	18:00:00	6310.370	6315.554	6297.929	6304.149	18251	62185	1
2024.12.03	09:00:00	6291.708	6314.517	6272.009	6309.852	212071	603918	1
2024.12.03	10:00:00	6309.852	6324.367	6294.300	6313.999	178493	544426	1
2024.12.03	11:00:00	6313.999	6337.845	6311.925	6318.146	139567	504536	1
2024.12.03	12:00:00	6318.664	6326.958	6296.892	6297.410	110321	390212	1
2024.12.03	13:00:00	6297.410	6311.407	6291.190	6306.223	73047	253848	1
2024.12.03	14:00:00	6306.223	6323.330	6303.631	6314.517	59339	209256	1
2024.12.03	15:00:00	6315.035	6318.664	6277.711	6281.340	74685	286418	1
2024.12.03	16:00:00	6281.340	6304.668	6280.822	6302.076	72078	278451	1
2024.12.03	17:00:00	6301.557	6302.076	6287.042	6289.634	46957	168206	1
2024.12.03	18:00:00	6289.116	6292.226	6281.340	6281.858	12676	47751	1
2024.12.04	09:00:00	6293.263	6313.480	6288.079	6306.223	182808	524304	1
2024.12.04	10:00:00	6306.223	6310.888	6283.932	6298.965	155858	505416	1
2024.12.04	11:00:00	6298.965	6305.186	6289.634	6300.002	103459	359182	1
2024.12.04	12:00:00	6299.484	6305.186	6268.899	6273.046	126715	478708	1
2024.12.04	13:00:00	6273.046	6281.858	6265.788	6270.972	70213	250462	1
2024.12.04	14:00:00	6270.972	6277.711	6258.013	6260.086	57460	223047	1
2024.12.04	15:00:00	6260.604	6288.598	6259.568	6282.377	82377	317757	1
2024.12.04	16:00:00	6282.377	6285.487	6271.491	6283.932	49866	184055	1
2024.12.04	17:00:00	6283.414	6288.598	6274.083	6278.230	30259	122932	1
2024.12.04	18:00:00	6277.711	6282.895	6276.156	6278.748	6310	28067	1
2024.12.05	09:00:00	6271.491	6275.119	6239.350	6241.942	196731	564136	1
2024.12.05	10:00:00	6241.424	6242.461	6225.872	6232.093	150085	533890	1
2024.12.05	11:00:00	6231.575	6232.611	6195.806	6198.916	153595	598277	1
2024.12.05	12:00:00	6198.916	6218.615	6195.287	6208.765	85195	340257	1
2024.12.05	13:00:00	6208.765	6214.468	6202.026	6211.876	47354	205604	1
2024.12.05	14:00:00	6211.357	6235.203	6211.357	6230.019	71215	273444	1
2024.12.05	15:00:00	6229.501	6240.387	6227.427	6232.611	55092	206016	1
2024.12.05	16:00:00	6232.093	6248.681	6229.501	6245.571	48460	190276	1
2024.12.05	17:00:00	6246.090	6251.792	6240.906	6246.090	33312	125771	1
2024.12.05	18:00:00	6246.090	6251.792	6240.387	6251.792	11325	46822	1
2024.12.06	09:00:00	6256.976	6267.344	6228.983	6233.648	202395	599497	1
2024.12.06	10:00:00	6233.648	6249.718	6219.133	6242.461	169858	538278	1
2024.12.06	11:00:00	6242.461	6286.006	6237.795	6282.895	152645	569440	1
2024.12.06	12:00:00	6282.895	6310.370	6278.748	6301.039	117814	453077	1
2024.12.06	13:00:00	6301.557	6313.999	6295.337	6313.480	56978	214773	1
2024.12.06	14:00:00	6313.480	6330.587	6311.925	6320.738	80131	326926	1
2024.12.06	15:00:00	6320.738	6331.624	6316.591	6327.477	65316	274443	1
2024.12.06	16:00:00	6327.477	6332.142	6312.962	6313.999	47787	196928	1
2024.12.06	17:00:00	6313.999	6329.550	6308.815	6328.514	40530	150899	1
2024.12.06	18:00:00	6329.032	6333.179	6325.403	6325.922	15005	63065	1
2024.12.09	09:00:00	6316.072	6320.219	6278.748	6291.708	180737	558817	1
2024.12.09	10:00:00	6291.708	6304.149	6275.638	6302.076	130515	405413	1
2024.12.09	11:00:00	6302.076	6305.186	6273.046	6283.414	120400	410177	1
2024.12.09	12:00:00	6283.414	6313.480	6281.858	6301.557	106813	404020	1
2024.12.09	13:00:00	6301.557	6309.852	6295.855	6302.594	61894	210895	1
2024.12.09	14:00:00	6302.076	6318.664	6299.484	6318.664	57608	200788	1
2024.12.09	15:00:00	6318.146	6324.885	6307.778	6324.885	51391	179374	1
2024.12.09	16:00:00	6324.885	6328.514	6315.554	6319.701	50412	193451	1
2024.12.09	17:00:00	6319.701	6324.885	6317.627	6321.256	22990	79896	1
2024.12.09	18:00:00	6320.738	6323.330	6316.072	6316.072	9384	41199	1
2024.12.10	09:00:00	6290.153	6307.260	6251.273	6285.487	281176	904924	1
2024.12.10	10:00:00	6285.487	6303.631	6268.899	6281.340	146725	494223	1
2024.12.10	11:00:00	6281.858	6293.263	6264.233	6275.638	119368	395138	1
2024.12.10	12:00:00	6276.156	6289.116	6274.083	6284.450	75520	278583	1
2024.12.10	13:00:00	6284.969	6296.892	6282.377	6289.634	63648	247794	1
2024.12.10	14:00:00	6289.634	6301.039	6279.267	6298.447	55441	196638	1
2024.12.10	15:00:00	6297.929	6302.076	6289.634	6294.818	41830	148753	1
2024.12.10	16:00:00	6294.300	6299.484	6279.267	6281.858	38211	147998	1
2024.12.10	17:00:00	6281.340	6289.116	6274.083	6287.042	35026	135806	1
2024.12.10	18:00:00	6287.042	6290.671	6279.267	6280.303	10238	49935	1
2024.12.11	09:00:00	6303.631	6307.778	6275.119	6295.337	186091	582256	1
2024.12.11	10:00:00	6295.337	6295.855	6258.531	6264.233	202726	685071	1
2024.12.11	11:00:00	6264.233	6266.307	6244.534	6258.531	134390	511424	1
2024.12.11	12:00:00	6258.531	6284.969	6255.939	6270.972	105011	393591	1
2024.12.11	13:00:00	6271.491	6273.564	6235.203	6239.869	92677	388480	1
2024.12.11	14:00:00	6239.869	6247.126	6233.648	6245.053	49751	180562	1
2024.12.11	15:00:00	6245.571	6260.086	6242.979	6247.126	61074	236089	1
2024.12.11	16:00:00	6247.126	6248.163	6178.699	6184.919	159328	589084	1
2024.12.11	17:00:00	6185.438	6219.652	6166.776	6190.103	116421	385830	1
2024.12.11	18:00:00	6189.585	6196.324	6167.813	6184.401	21834	77056	1
2024.12.12	09:00:00	6115.973	6138.783	6093.164	6126.860	278468	927111	1
2024.12.12	10:00:00	6126.341	6150.706	6112.863	6149.669	170089	562861	1
2024.12.12	11:00:00	6149.669	6178.180	6140.856	6171.960	163069	633354	1
2024.12.12	12:00:00	6171.960	6245.571	6168.331	6236.758	163050	648988	1
2024.12.12	13:00:00	6236.240	6248.163	6214.468	6241.942	95071	370020	1
2024.12.12	14:00:00	6241.942	6281.858	6241.424	6264.233	137282	534164	1
2024.12.12	15:00:00	6263.715	6271.491	6256.976	6263.196	66252	236878	1
2024.12.12	16:00:00	6263.196	6272.009	6214.986	6242.979	104710	423861	1
2024.12.12	17:00:00	6242.461	6248.681	6221.725	6228.983	68544	219430	1
2024.12.12	18:00:00	6228.983	6234.167	6200.471	6204.618	21633	88761	1
2024.12.13	09:00:00	6212.913	6267.344	6200.471	6266.825	226122	652398	1
2024.12.13	10:00:00	6266.825	6275.119	6234.167	6249.200	197396	621317	1
2024.12.13	11:00:00	6249.200	6261.123	6241.424	6258.013	136605	417957	1
2024.12.13	12:00:00	6258.013	6279.785	6255.939	6279.267	122117	386593	1
2024.12.13	13:00:00	6279.267	6304.668	6278.230	6296.892	103399	364339	1
2024.12.13	14:00:00	6297.410	6309.333	6236.758	6265.788	161700	607363	1
2024.12.13	15:00:00	6266.307	6282.377	6251.792	6279.785	90138	303599	1
2024.12.13	16:00:00	6279.785	6285.487	6254.902	6260.604	65907	229422	1
2024.12.13	17:00:00	6260.086	6292.226	6260.086	6289.634	52062	184443	1
2024.12.13	18:00:00	6289.116	6292.226	6254.384	6270.972	18838	64628	1
2024.12.16	09:00:00	6302.076	6331.624	6255.421	6279.785	337277	1070409	1
2024.12.16	10:00:00	6279.267	6288.079	6254.384	6272.527	157169	467142	1
2024.12.16	11:00:00	6272.527	6316.072	6272.527	6287.042	159626	509050	1
2024.12.16	12:00:00	6287.561	6310.370	6284.450	6301.039	99222	309603	1
2024.12.16	13:00:00	6301.039	6303.113	6282.895	6291.190	74070	237282	1
2024.12.16	14:00:00	6291.708	6318.146	6289.116	6315.035	78733	256925	1
2024.12.16	15:00:00	6315.035	6324.367	6307.778	6310.370	71214	245087	1
2024.12.16	16:00:00	6310.370	6329.032	6306.223	6325.922	51988	170890	1
2024.12.16	17:00:00	6325.922	6376.206	6325.403	6367.393	98174	333437	1
2024.12.16	18:00:00	6367.393	6387.610	6365.838	6387.092	23579	105645	1
2024.12.17	09:00:00	6381.389	6399.533	6328.514	6373.095	377528	1066939	1
2024.12.17	10:00:00	6373.614	6411.456	6373.095	6384.500	213754	654622	1
2024.12.17	11:00:00	6385.018	6424.934	6382.945	6423.379	162314	502539	1
2024.12.17	12:00:00	6423.898	6446.188	6391.757	6404.717	259738	926975	1
2024.12.17	13:00:00	6404.717	6410.938	6337.326	6347.694	194503	550928	1
2024.12.17	14:00:00	6347.694	6363.246	6324.367	6325.403	143044	398922	1
2024.12.17	15:00:00	6325.403	6338.363	6290.671	6325.922	180190	486773	1
2024.12.17	16:00:00	6325.922	6336.808	6304.668	6329.550	111715	298617	1
2024.12.17	17:00:00	6329.550	6346.657	6321.256	6339.918	75891	189925	1
2024.12.17	18:00:00	6339.918	6343.029	6330.069	6338.881	18616	67609	1
2024.12.18	09:00:00	6332.142	6378.279	6324.367	6374.650	309651	802675	1
2024.12.18	10:00:00	6374.650	6394.868	6374.132	6393.831	146989	440052	1
2024.12.18	11:00:00	6393.831	6402.125	6364.801	6386.573	184866	577375	1
2024.12.18	12:00:00	6386.573	6422.861	6381.389	6418.714	135411	450751	1
2024.12.18	13:00:00	6418.714	6432.192	6415.603	6427.008	107637	375650	1
2024.12.18	14:00:00	6426.489	6441.523	6416.122	6435.821	86439	279497	1
2024.12.18	15:00:00	6435.821	6459.148	6432.710	6450.854	101216	336461	1
2024.12.18	16:00:00	6450.335	6509.432	6448.780	6503.730	183594	544652	1
2024.12.18	17:00:00	6503.211	6557.124	6495.435	6529.131	160361	422490	1
2024.12.18	18:00:00	6529.131	6542.091	6483.512	6483.512	30839	109762	1
2024.12.19	09:00:00	6479.884	6535.870	6470.553	6501.138	325283	875048	1
2024.12.19	10:00:00	6501.656	6540.535	6417.677	6423.898	447572	1436160	1
2024.12.19	11:00:00	6423.898	6432.192	6373.614	6383.981	298431	980645	1
2024.12.19	12:00:00	6383.981	6420.787	6365.838	6366.356	200083	616735	1
2024.12.19	13:00:00	6366.875	6383.981	6351.841	6375.687	152208	523742	1
2024.12.19	14:00:00	6376.206	6384.500	6351.841	6355.988	123354	314238	1
2024.12.19	15:00:00	6355.988	6362.209	6336.808	6344.584	117538	325064	1
2024.12.19	16:00:00	6344.584	6363.246	6341.473	6357.025	95534	288282	1
2024.12.19	17:00:00	6357.025	6381.389	6346.139	6377.761	91566	252551	1
2024.12.19	18:00:00	6378.279	6394.868	6376.206	6391.239	25365	85170	1
2024.12.20	09:00:00	6330.587	6343.547	6279.267	6288.598	309251	785079	1
2024.12.20	10:00:00	6289.116	6346.657	6287.561	6326.440	243037	660166	1
2024.12.20	11:00:00	6326.440	6331.624	6302.076	6309.852	199670	519945	1
2024.12.20	12:00:00	6310.370	6325.922	6297.929	6313.999	158411	509224	1
2024.12.20	13:00:00	6313.999	6330.069	6297.410	6313.999	116187	363400	1
2024.12.20	14:00:00	6313.480	6326.440	6300.002	6322.811	91819	261045	1
2024.12.20	15:00:00	6323.330	6336.808	6273.564	6286.006	184184	538360	1
2024.12.20	16:00:00	6285.487	6304.668	6283.414	6300.002	69957	207343	1
2024.12.20	17:00:00	6300.521	6317.109	6293.781	6313.999	52877	151677	1
2024.12.20	18:00:00	6313.480	6332.661	6305.704	6324.885	18515	69772	1
2024.12.23	09:00:00	6348.212	6388.129	6337.845	6385.018	230985	594709	1
2024.12.23	10:00:00	6384.500	6392.794	6371.022	6386.055	121935	328324	1
2024.12.23	11:00:00	6386.055	6401.088	6375.169	6390.202	128445	352382	1
2024.12.23	12:00:00	6390.202	6409.901	6386.055	6400.052	116273	345249	1
2024.12.23	13:00:00	6400.052	6417.158	6395.904	6411.456	66237	201224	1
2024.12.23	14:00:00	6410.938	6428.563	6409.901	6419.232	66846	203634	1
2024.12.23	15:00:00	6419.232	6434.265	6413.011	6422.861	79282	248533	1
2024.12.23	16:00:00	6422.861	6425.971	6413.011	6417.158	55149	170522	1
2024.12.23	17:00:00	6417.158	6431.673	6413.530	6423.379	53442	142298	1
2024.12.23	18:00:00	6423.898	6432.710	6417.677	6429.600	17207	53622	1
2024.12.26	09:00:00	6391.757	6425.971	6378.279	6395.904	228238	615884	1
2024.12.26	10:00:00	6395.386	6430.118	6390.202	6406.272	182292	517610	1
2024.12.26	11:00:00	6406.272	6422.342	6392.276	6394.349	119999	374315	1
2024.12.26	12:00:00	6394.349	6404.199	6376.724	6381.389	98442	325195	1
2024.12.26	13:00:00	6381.389	6393.312	6378.279	6389.165	67517	217404	1
2024.12.26	14:00:00	6389.165	6410.938	6387.092	6402.644	83687	238118	1
2024.12.26	15:00:00	6402.644	6409.383	6390.721	6404.199	72188	222029	1
2024.12.26	16:00:00	6404.717	6415.085	6403.162	6409.383	56316	152965	1
2024.12.26	17:00:00	6408.864	6414.566	6405.754	6411.456	35748	103962	1
2024.12.26	18:00:00	6410.938	6415.603	6406.791	6413.530	12835	40007	1
2024.12.27	09:00:00	6428.045	6446.707	6399.015	6410.419	219859	558610	1
2024.12.27	10:00:00	6410.938	6445.670	6410.419	6438.931	159815	435460	1
2024.12.27	11:00:00	6438.412	6444.115	6417.677	6428.045	112434	301668	1
2024.12.27	12:00:00	6428.045	6441.523	6417.677	6432.192	109697	303588	1
2024.12.27	13:00:00	6431.673	6441.523	6428.563	6432.710	68222	179443	1
2024.12.27	14:00:00	6433.229	6434.784	6418.714	6426.489	68619	184979	1
2024.12.27	15:00:00	6425.971	6436.339	6420.787	6432.710	50895	148900	1
2024.12.27	16:00:00	6432.192	6433.229	6416.122	6421.824	49378	143257	1
2024.12.27	17:00:00	6421.824	6424.934	6402.125	6418.195	53654	145568	1
2024.12.27	18:00:00	6418.714	6427.008	6418.195	6426.489	9359	27166	1
2024.12.30	09:00:00	6435.772	6450.727	6401.221	6411.535	184142	470598	1
2024.12.30	10:00:00	6411.019	6432.162	6380.593	6400.189	170164	498624	1
2024.12.30	11:00:00	6400.189	6416.691	6392.970	6414.113	112319	357179	1
2024.12.30	12:00:00	6413.597	6457.946	6403.799	6452.790	111114	358073	1
2024.12.30	13:00:00	6453.305	6474.448	6413.082	6432.678	127360	397431	1
2024.12.30	14:00:00	6432.678	6435.772	6390.391	6408.440	119260	356784	1
2024.12.30	15:00:00	6408.440	6424.427	6405.862	6413.082	54748	171090	1
2024.12.30	16:00:00	6413.082	6415.144	6400.189	6409.988	44716	128805	1
2024.12.30	17:00:00	6409.988	6413.082	6403.799	6407.409	33420	89899	1
2024.12.30	18:00:00	6407.409	6410.503	6397.095	6398.642	8237	32050	1
2025.01.02	09:00:00	6414.629	6457.431	6386.782	6443.507	203726	555766	1
2025.01.02	10:00:00	6444.023	6455.884	6432.162	6438.350	121671	331368	1
2025.01.02	11:00:00	6437.835	6449.180	6423.911	6432.678	125383	371241	1
2025.01.02	12:00:00	6433.193	6439.897	6411.535	6414.629	100128	317417	1
2025.01.02	13:00:00	6415.144	6421.848	6378.015	6382.140	130121	383329	1
2025.01.02	14:00:00	6381.625	6406.378	6380.593	6392.454	82538	231505	1
2025.01.02	15:00:00	6392.454	6404.315	6384.203	6385.235	67033	181719	1
2025.01.02	16:00:00	6384.719	6401.221	6382.140	6391.938	55651	168144	1
2025.01.02	17:00:00	6391.938	6394.517	6368.733	6379.046	48447	135065	1
2025.01.02	18:00:00	6379.046	6385.235	6375.437	6379.046	12231	37008	1
2025.01.03	09:00:00	6373.889	6427.521	6370.795	6413.082	203466	549641	1
2025.01.03	10:00:00	6413.597	6416.691	6359.966	6368.733	220654	644819	1
2025.01.03	11:00:00	6368.217	6384.203	6361.513	6380.593	111755	310694	1
2025.01.03	12:00:00	6381.109	6402.252	6380.078	6383.688	108072	319301	1
2025.01.03	13:00:00	6383.172	6405.346	6376.984	6402.252	63859	188550	1
2025.01.03	14:00:00	6402.768	6415.144	6390.907	6412.566	85412	244086	1
2025.01.03	15:00:00	6412.566	6416.691	6404.315	6412.050	53350	144890	1
2025.01.03	16:00:00	6411.535	6412.566	6399.674	6408.956	48653	141894	1
2025.01.03	17:00:00	6408.440	6412.050	6402.768	6411.535	30680	77572	1
2025.01.03	18:00:00	6411.019	6413.082	6394.001	6408.440	12782	39225	1
2025.01.06	09:00:00	6370.280	6373.374	6342.948	6346.042	257040	649494	1
2025.01.06	10:00:00	6346.042	6346.042	6313.038	6328.509	203991	548515	1
2025.01.06	11:00:00	6328.509	6377.499	6325.415	6338.307	205213	578424	1
2025.01.06	12:00:00	6338.307	6341.917	6319.227	6336.244	100034	275970	1
2025.01.06	13:00:00	6336.244	6340.370	6321.805	6331.603	61399	184714	1
2025.01.06	14:00:00	6331.087	6350.684	6323.352	6341.401	66304	198661	1
2025.01.06	15:00:00	6341.917	6348.621	6331.603	6333.150	58029	171066	1
2025.01.06	16:00:00	6332.635	6337.791	6329.540	6335.729	37063	111596	1
2025.01.06	17:00:00	6335.213	6339.854	6327.993	6337.791	39256	107150	1
2025.01.06	18:00:00	6337.791	6339.854	6327.478	6332.635	13810	41154	1
2025.01.07	09:00:00	6335.729	6339.854	6298.599	6318.711	244838	640805	1
2025.01.07	10:00:00	6318.711	6319.742	6281.066	6281.066	193908	541254	1
2025.01.07	11:00:00	6281.066	6308.397	6281.066	6288.801	141655	397442	1
2025.01.07	12:00:00	6288.801	6304.272	6273.846	6282.613	130316	376893	1
2025.01.07	13:00:00	6282.613	6294.474	6271.268	6283.129	94819	273638	1
2025.01.07	14:00:00	6282.613	6301.178	6276.425	6293.442	72422	221163	1
2025.01.07	15:00:00	6293.442	6327.993	6292.927	6324.384	89079	301061	1
2025.01.07	16:00:00	6324.899	6337.791	6322.836	6324.899	73485	238046	1
2025.01.07	17:00:00	6324.384	6331.603	6316.648	6320.774	49805	126556	1
2025.01.07	18:00:00	6320.774	6331.603	6320.258	6323.352	12514	40372	1
2025.01.08	09:00:00	6344.495	6367.186	6341.917	6348.105	237231	610066	1
2025.01.08	10:00:00	6347.589	6375.952	6342.948	6366.670	210821	576778	1
2025.01.08	11:00:00	6366.670	6369.248	6337.791	6352.231	154290	465415	1
2025.01.08	12:00:00	6352.231	6355.840	6330.056	6338.307	99651	298594	1
2025.01.08	13:00:00	6338.307	6354.293	6337.791	6348.105	70381	217203	1
2025.01.08	14:00:00	6348.105	6353.778	6336.244	6339.854	55978	160868	1
2025.01.08	15:00:00	6339.854	6345.527	6331.603	6338.823	70487	206749	1
2025.01.08	16:00:00	6338.823	6340.370	6320.774	6329.025	52579	151425	1
2025.01.08	17:00:00	6328.509	6330.572	6322.836	6329.025	31246	90895	1
2025.01.08	18:00:00	6329.025	6330.056	6319.742	6322.836	13876	41826	1
2025.01.09	09:00:00	6324.384	6340.370	6313.038	6327.993	202278	526228	1
2025.01.09	10:00:00	6328.509	6337.276	6314.070	6322.836	154553	466051	1
2025.01.09	11:00:00	6322.321	6332.635	6291.380	6293.442	143627	460749	1
2025.01.09	12:00:00	6292.927	6303.756	6271.268	6286.738	111048	371329	1
2025.01.09	13:00:00	6286.223	6294.474	6279.519	6286.223	63832	218076	1
2025.01.09	14:00:00	6286.223	6298.083	6280.034	6288.285	54584	175829	1
2025.01.09	15:00:00	6288.285	6288.801	6263.017	6270.236	77617	289396	1
2025.01.09	16:00:00	6270.752	6273.846	6250.125	6258.891	49240	187355	1
2025.01.09	17:00:00	6258.376	6258.891	6250.640	6251.672	34496	115639	1
2025.01.09	18:00:00	6251.156	6254.766	6245.999	6251.156	15448	51642	1
2025.01.10	09:00:00	6254.250	6277.972	6244.968	6267.142	158660	402331	1
2025.01.10	10:00:00	6267.658	6342.948	6264.048	6319.742	268688	1036251	1
2025.01.10	11:00:00	6319.742	6327.993	6306.334	6317.164	141019	434638	1
2025.01.10	12:00:00	6317.164	6331.087	6310.976	6327.478	103011	320455	1
2025.01.10	13:00:00	6326.962	6337.276	6319.227	6329.025	76410	223183	1
2025.01.10	14:00:00	6328.509	6334.182	6317.164	6318.711	56610	166865	1
2025.01.10	15:00:00	6319.227	6325.931	6309.429	6310.976	60409	208016	1
2025.01.10	16:00:00	6310.460	6318.711	6307.882	6318.711	43637	149148	1
2025.01.10	17:00:00	6318.711	6326.962	6316.133	6325.931	32927	100417	1
2025.01.10	18:00:00	6325.931	6327.478	6309.944	6320.774	17279	52048	1
2025.01.13	09:00:00	6342.433	6352.231	6288.801	6312.007	215489	571680	1
2025.01.13	10:00:00	6312.007	6337.276	6293.958	6331.603	181387	496428	1
2025.01.13	11:00:00	6332.119	6346.042	6319.742	6329.025	159225	466208	1
2025.01.13	12:00:00	6328.509	6334.182	6309.429	6320.774	89349	260994	1
2025.01.13	13:00:00	6321.289	6326.446	6306.850	6323.868	72148	225765	1
2025.01.13	14:00:00	6323.352	6324.899	6304.787	6307.366	59892	173677	1
2025.01.13	15:00:00	6307.366	6308.913	6292.411	6301.178	69093	218736	1
2025.01.13	16:00:00	6301.178	6317.164	6300.662	6311.491	48024	147191	1
2025.01.13	17:00:00	6310.976	6313.038	6305.819	6311.491	23489	66992	1
2025.01.13	18:00:00	6310.976	6312.007	6305.303	6308.397	8136	28109	1
2025.01.14	09:00:00	6305.303	6305.303	6279.003	6291.895	209564	553040	1
2025.01.14	10:00:00	6291.380	6299.115	6251.672	6269.721	244652	745932	1
2025.01.14	11:00:00	6269.721	6285.707	6263.017	6281.582	152547	473436	1
2025.01.14	12:00:00	6281.582	6287.254	6258.376	6260.954	100124	341399	1
2025.01.14	13:00:00	6260.954	6269.205	6253.734	6261.985	70476	224017	1
2025.01.14	14:00:00	6261.470	6273.846	6253.734	6272.299	64768	216706	1
2025.01.14	15:00:00	6272.299	6273.331	6255.281	6261.470	54799	217331	1
2025.01.14	16:00:00	6261.470	6264.564	6250.640	6255.797	40473	124667	1
2025.01.14	17:00:00	6255.797	6267.658	6254.250	6266.111	33662	103538	1
2025.01.14	18:00:00	6266.111	6272.815	6264.564	6271.268	8673	27299	1
2025.01.15	09:00:00	6255.281	6271.783	6241.874	6265.595	186436	469511	1
2025.01.15	10:00:00	6266.111	6277.972	6219.183	6221.246	275147	845287	1
2025.01.15	11:00:00	6221.762	6248.062	6217.121	6247.030	120306	378960	1
2025.01.15	12:00:00	6247.030	6268.689	6242.905	6248.062	114602	375354	1
2025.01.15	13:00:00	6248.062	6267.142	6246.515	6254.766	81045	255946	1
2025.01.15	14:00:00	6255.281	6260.438	6240.842	6249.093	64792	205512	1
2025.01.15	15:00:00	6249.093	6252.703	6229.497	6231.560	62652	197953	1
2025.01.15	16:00:00	6231.560	6234.654	6223.825	6231.044	50783	154688	1
2025.01.15	17:00:00	6231.044	6232.591	6214.542	6219.699	44501	133599	1
2025.01.15	18:00:00	6219.699	6220.215	6208.870	6217.121	17122	57627	1
2025.01.16	09:00:00	6229.497	6234.654	6199.587	6233.107	249185	697438	1
2025.01.16	10:00:00	6233.107	6255.281	6232.076	6252.187	178169	543326	1
2025.01.16	11:00:00	6252.703	6254.766	6226.403	6226.403	130492	434237	1
2025.01.16	12:00:00	6226.403	6241.358	6208.870	6228.981	148596	500942	1
2025.01.16	13:00:00	6229.497	6257.860	6226.919	6251.156	103566	355595	1
2025.01.16	14:00:00	6250.640	6265.080	6241.874	6261.470	72561	235168	1
2025.01.16	15:00:00	6261.470	6276.940	6260.954	6274.362	58978	196548	1
2025.01.16	16:00:00	6274.362	6274.878	6259.923	6260.438	45014	145607	1
2025.01.16	17:00:00	6260.438	6265.080	6254.250	6261.470	34063	98106	1
2025.01.16	18:00:00	6261.470	6263.532	6253.734	6254.766	11606	33620	1
2025.01.17	09:00:00	6262.501	6266.111	6231.044	6259.923	188676	536212	1
2025.01.17	10:00:00	6259.923	6290.348	6257.860	6288.801	182023	556403	1
2025.01.17	11:00:00	6289.317	6296.021	6251.156	6260.954	174739	577527	1
2025.01.17	12:00:00	6260.954	6263.532	6233.107	6241.358	109297	352450	1
2025.01.17	13:00:00	6240.842	6250.125	6234.654	6240.842	73350	237802	1
2025.01.17	14:00:00	6241.358	6263.017	6236.201	6257.344	64219	221254	1
2025.01.17	15:00:00	6257.344	6272.815	6255.797	6262.501	63243	216029	1
2025.01.17	16:00:00	6263.017	6270.752	6261.470	6268.689	28417	87843	1
2025.01.17	17:00:00	6268.689	6285.707	6268.689	6283.129	49057	144688	1
2025.01.17	18:00:00	6283.129	6283.129	6267.658	6275.909	13281	38735	1
2025.01.20	09:00:00	6270.752	6291.380	6258.376	6286.223	185983	464858	1
2025.01.20	10:00:00	6285.707	6290.864	6245.999	6251.156	211060	603321	1
2025.01.20	11:00:00	6251.672	6262.501	6232.076	6237.232	142066	427021	1
2025.01.20	12:00:00	6237.748	6251.156	6233.623	6250.125	75777	227121	1
2025.01.20	13:00:00	6250.125	6251.156	6240.327	6247.030	46184	138511	1
2025.01.20	14:00:00	6247.546	6270.236	6240.842	6252.703	104756	332243	1
2025.01.20	15:00:00	6252.703	6252.703	6234.654	6244.452	56612	179830	1
2025.01.20	16:00:00	6244.452	6253.219	6240.842	6245.483	32004	98380	1
2025.01.20	17:00:00	6245.999	6247.546	6230.529	6237.232	30155	93026	1
2025.01.20	18:00:00	6236.717	6238.264	6224.340	6224.340	10905	35237	1
2025.01.21	09:00:00	6255.281	6270.752	6243.936	6245.999	230982	623308	1
2025.01.21	10:00:00	6245.999	6260.438	6245.483	6256.313	141074	440450	1
2025.01.21	11:00:00	6256.829	6261.985	6244.968	6251.672	116478	389978	1
2025.01.21	12:00:00	6251.672	6256.313	6227.950	6232.591	106461	352453	1
2025.01.21	13:00:00	6233.107	6236.717	6224.340	6229.497	69755	240437	1
2025.01.21	14:00:00	6229.497	6237.232	6224.856	6235.685	48575	160961	1
2025.01.21	15:00:00	6235.685	6238.264	6218.152	6228.466	63210	223241	1
2025.01.21	16:00:00	6228.981	6237.748	6223.825	6233.107	41608	146531	1
2025.01.21	17:00:00	6232.591	6234.138	6220.730	6226.403	31441	96636	1
2025.01.21	18:00:00	6225.887	6227.434	6219.183	6224.340	10914	36833	1
2025.01.22	09:00:00	6211.964	6219.183	6194.430	6200.103	230111	648358	1
2025.01.22	10:00:00	6200.103	6213.511	6185.148	6187.727	152910	488132	1
2025.01.22	11:00:00	6188.242	6191.336	6123.266	6136.158	241348	907572	1
2025.01.22	12:00:00	6136.158	6141.315	6126.360	6138.221	107399	408155	1
2025.01.22	13:00:00	6138.221	6141.830	6110.889	6121.203	102010	410654	1
2025.01.22	14:00:00	6121.203	6135.126	6116.562	6131.517	75657	277850	1
2025.01.22	15:00:00	6131.517	6133.579	6123.781	6127.391	55646	272783	1
2025.01.22	16:00:00	6127.391	6143.377	6126.360	6142.862	53144	215404	1
2025.01.22	17:00:00	6142.862	6143.893	6135.642	6138.221	31004	100696	1
2025.01.22	18:00:00	6138.736	6143.377	6136.674	6137.705	12023	42122	1
2025.01.23	09:00:00	6138.736	6167.615	6134.611	6156.785	207324	550699	1
2025.01.23	10:00:00	6156.785	6161.426	6136.674	6143.893	171423	518250	1
2025.01.23	11:00:00	6143.893	6152.144	6133.579	6138.221	105139	345408	1
2025.01.23	12:00:00	6138.736	6139.252	6105.732	6115.015	120735	420795	1
2025.01.23	13:00:00	6115.015	6125.844	6093.871	6102.122	128729	426459	1
2025.01.23	14:00:00	6102.122	6104.185	6067.056	6078.917	98572	363621	1
2025.01.23	15:00:00	6078.917	6104.701	6076.854	6103.154	73319	266475	1
2025.01.23	16:00:00	6103.154	6128.423	6101.091	6120.172	102333	389896	1
2025.01.23	17:00:00	6120.172	6133.579	6109.858	6119.656	62990	215416	1
2025.01.23	18:00:00	6120.172	6122.234	6113.983	6117.077	14479	53970	1
2025.01.24	09:00:00	6097.481	6107.279	6077.885	6092.840	195699	519473	1
2025.01.24	10:00:00	6092.324	6105.732	6063.962	6072.213	178825	550135	1
2025.01.24	11:00:00	6072.213	6094.387	6070.150	6082.526	126320	409420	1
2025.01.24	12:00:00	6083.042	6086.136	6059.320	6076.854	99324	364992	1
2025.01.24	13:00:00	6076.854	6077.885	6059.320	6073.244	73208	254671	1
2025.01.24	14:00:00	6073.760	6089.746	6069.634	6088.715	56622	191280	1
2025.01.24	15:00:00	6088.715	6099.028	6083.042	6098.513	51112	174185	1
2025.01.24	16:00:00	6097.997	6118.624	6095.419	6110.889	55416	207666	1
2025.01.24	17:00:00	6111.405	6115.015	6103.670	6107.795	34112	118754	1
2025.01.24	18:00:00	6107.795	6112.952	6100.575	6103.670	11253	40453	1
2025.01.27	09:00:00	6137.189	6149.050	6117.077	6125.844	203757	583371	1
2025.01.27	10:00:00	6126.360	6128.938	6093.871	6104.185	178716	551535	1
2025.01.27	11:00:00	6104.701	6129.454	6100.575	6113.983	123330	394930	1
2025.01.27	12:00:00	6113.983	6134.611	6112.952	6124.813	84631	270282	1
2025.01.27	13:00:00	6124.813	6134.095	6104.701	6107.795	84374	270738	1
2025.01.27	14:00:00	6107.795	6117.593	6095.934	6102.122	76261	239619	1
2025.01.27	15:00:00	6102.122	6106.764	6088.199	6105.217	55622	195031	1
2025.01.27	16:00:00	6104.701	6108.311	6100.575	6104.185	35350	112598	1
2025.01.27	17:00:00	6104.185	6105.217	6083.558	6099.028	50943	159363	1
2025.01.27	18:00:00	6099.028	6099.544	6083.558	6084.589	15158	48692	1
2025.01.28	09:00:00	6102.122	6110.889	6085.105	6097.481	182859	501340	1
2025.01.28	10:00:00	6097.481	6105.732	6090.777	6100.060	134894	479467	1
2025.01.28	11:00:00	6100.575	6100.575	6070.666	6072.728	142100	468350	1
2025.01.28	12:00:00	6072.728	6072.728	6055.711	6063.962	122955	417661	1
2025.01.28	13:00:00	6063.962	6064.993	6047.460	6047.975	70792	236999	1
2025.01.28	14:00:00	6047.975	6062.930	6044.881	6056.742	69887	243818	1
2025.01.28	15:00:00	6056.742	6060.352	6045.397	6054.164	66538	229754	1
2025.01.28	16:00:00	6054.679	6061.383	6052.617	6057.773	42140	150813	1
2025.01.28	17:00:00	6057.773	6061.899	6050.038	6055.195	36887	116084	1
2025.01.28	18:00:00	6055.711	6057.258	6043.850	6048.491	17510	61350	1
2025.01.29	09:00:00	6050.038	6061.899	6029.926	6031.473	176814	527787	1
2025.01.29	10:00:00	6030.958	6075.822	6028.379	6066.024	172322	589534	1
2025.01.29	11:00:00	6066.024	6071.181	6039.724	6041.787	137799	451681	1
2025.01.29	12:00:00	6041.271	6061.899	6028.379	6055.711	114813	452505	1
2025.01.29	13:00:00	6055.711	6069.634	6045.913	6068.603	79394	317752	1
2025.01.29	14:00:00	6068.603	6069.119	6052.101	6064.477	60707	213529	1
2025.01.29	15:00:00	6064.993	6067.056	6053.132	6056.226	41851	132691	1
2025.01.29	16:00:00	6057.258	6072.728	6047.460	6053.648	93268	266757	1
2025.01.29	17:00:00	6054.164	6057.773	6046.944	6052.101	41293	108482	1
2025.01.29	18:00:00	6051.585	6052.101	6033.536	6035.599	11720	40792	1
2025.01.30	09:00:00	6047.975	6144.409	6047.460	6103.154	281207	788122	1
2025.01.30	10:00:00	6102.638	6107.279	6082.526	6086.136	132644	419765	1
2025.01.30	11:00:00	6086.136	6104.185	6068.087	6085.621	156530	543167	1
2025.01.30	12:00:00	6085.105	6089.230	6060.868	6070.666	97192	331673	1
2025.01.30	13:00:00	6070.666	6087.168	6060.352	6083.042	66636	208908	1
2025.01.30	14:00:00	6083.558	6084.073	6051.069	6058.289	67575	245911	1
2025.01.30	15:00:00	6058.289	6059.836	6044.881	6049.522	68543	246611	1
2025.01.30	16:00:00	6049.522	6058.289	6037.146	6038.693	49677	198731	1
2025.01.30	17:00:00	6039.209	6082.526	6033.536	6068.087	95929	309138	1
2025.01.30	18:00:00	6067.571	6075.822	6054.164	6061.899	25076	98926	1
2025.01.31	09:00:00	6054.203	6059.334	6034.193	6042.402	176228	467384	1
2025.01.31	10:00:00	6041.889	6041.889	5994.687	5998.278	203868	659552	1
2025.01.31	11:00:00	5998.278	6021.880	5996.226	6001.357	128824	445310	1
2025.01.31	12:00:00	6001.357	6036.246	6000.844	6025.984	107084	426098	1
2025.01.31	13:00:00	6025.984	6039.324	6014.697	6021.880	81181	315165	1
2025.01.31	14:00:00	6021.880	6030.602	6001.357	6022.393	99864	339195	1
2025.01.31	15:00:00	6022.393	6042.402	6014.697	6023.932	99072	308673	1
2025.01.31	16:00:00	6023.932	6027.523	6017.775	6020.340	46868	146114	1
2025.01.31	17:00:00	6020.340	6032.141	6020.340	6031.115	37485	116277	1
2025.01.31	18:00:00	6030.602	6031.115	6020.853	6025.984	15184	45851	1
2025.02.03	09:00:00	6051.124	6073.186	6032.141	6042.402	146471	408235	1
2025.02.03	10:00:00	6042.402	6078.830	6026.497	6064.977	184468	561434	1
2025.02.03	11:00:00	6065.490	6090.118	6061.899	6084.474	152516	471132	1
2025.02.03	12:00:00	6083.961	6090.118	6005.461	6008.027	233451	725306	1
2025.02.03	13:00:00	6008.027	6020.853	5998.278	6015.723	101904	310600	1
2025.02.03	14:00:00	6015.723	6021.880	6001.357	6016.749	89733	291916	1
2025.02.03	15:00:00	6016.236	6019.827	5997.765	6000.844	68210	221130	1
2025.02.03	16:00:00	6000.844	6001.870	5994.174	5998.792	37468	130888	1
2025.02.03	17:00:00	5998.792	5998.792	5975.703	5994.174	61780	227211	1
2025.02.03	18:00:00	5994.174	5995.200	5984.426	5989.556	13923	51869	1
2025.02.04	09:00:00	5980.834	6007.514	5978.782	5990.069	194769	546968	1
2025.02.04	10:00:00	5989.556	6003.922	5988.530	5990.582	144410	434770	1
2025.02.04	11:00:00	5991.096	5994.174	5968.007	5971.599	145782	472939	1
2025.02.04	12:00:00	5971.599	5972.112	5934.145	5942.354	165646	586839	1
2025.02.04	13:00:00	5942.354	5945.946	5935.171	5939.276	57847	197392	1
2025.02.04	14:00:00	5939.276	5958.259	5938.763	5950.563	80313	268306	1
2025.02.04	15:00:00	5950.563	5956.207	5943.893	5954.155	50300	156686	1
2025.02.04	16:00:00	5954.668	5954.668	5945.946	5949.537	38146	127239	1
2025.02.04	17:00:00	5949.537	5952.615	5935.684	5937.223	40444	143906	1
2025.02.04	18:00:00	5936.710	5941.328	5927.475	5931.067	19070	76193	1
2025.02.05	09:00:00	5938.250	5966.468	5925.936	5964.929	215136	580603	1
2025.02.05	10:00:00	5964.929	5984.426	5963.903	5982.373	139214	433490	1
2025.02.05	11:00:00	5982.373	5996.739	5972.112	5974.677	135133	441914	1
2025.02.05	12:00:00	5974.164	5985.452	5957.746	5981.347	135497	441571	1
2025.02.05	13:00:00	5981.860	5986.991	5969.034	5977.756	61550	201521	1
2025.02.05	14:00:00	5977.243	5977.243	5945.432	5949.024	74430	239312	1
2025.02.05	15:00:00	5949.024	5968.007	5946.972	5967.494	57928	213038	1
2025.02.05	16:00:00	5967.494	5973.651	5963.390	5971.599	42557	129545	1
2025.02.05	17:00:00	5971.086	5989.556	5971.086	5985.452	41395	141359	1
2025.02.05	18:00:00	5985.452	5987.504	5970.060	5970.573	15723	56403	1
2025.02.06	09:00:00	5982.886	6002.896	5975.703	5978.782	206607	578069	1
2025.02.06	10:00:00	5979.295	5997.252	5961.851	5962.877	177863	537063	1
2025.02.06	11:00:00	5962.877	5974.164	5939.276	5956.720	160090	550350	1
2025.02.06	12:00:00	5956.207	5967.494	5949.024	5951.589	93744	328650	1
2025.02.06	13:00:00	5951.589	5956.720	5943.380	5951.076	58894	192095	1
2025.02.06	14:00:00	5951.589	5952.615	5924.397	5934.658	81550	317076	1
2025.02.06	15:00:00	5935.171	5937.223	5925.936	5932.606	58944	206317	1
2025.02.06	16:00:00	5932.093	5951.589	5931.580	5941.841	67507	252977	1
2025.02.06	17:00:00	5941.328	5945.946	5936.710	5939.789	30698	93705	1
2025.02.06	18:00:00	5939.789	5943.893	5937.736	5937.736	12425	40322	1
2025.02.07	09:00:00	5947.998	5952.615	5935.684	5944.406	145059	387389	1
2025.02.07	10:00:00	5944.919	5950.050	5910.544	5920.292	231310	696953	1
2025.02.07	11:00:00	5919.779	5939.789	5912.596	5920.292	147501	446639	1
2025.02.07	12:00:00	5920.805	5944.919	5908.492	5931.067	158986	501363	1
2025.02.07	13:00:00	5930.554	5966.468	5930.040	5960.311	132450	459751	1
2025.02.07	14:00:00	5960.311	5964.416	5941.841	5952.102	102208	325558	1
2025.02.07	15:00:00	5952.102	5984.426	5946.972	5978.269	90117	317903	1
2025.02.07	16:00:00	5978.269	5979.295	5958.259	5967.494	78590	273162	1
2025.02.07	17:00:00	5966.981	5987.504	5966.468	5984.939	39694	144741	1
2025.02.07	18:00:00	5985.452	5989.556	5976.730	5982.886	15540	51123	1
2025.02.10	09:00:00	5983.913	5998.792	5961.851	5962.877	192038	539234	1
2025.02.10	10:00:00	5962.877	5964.416	5936.710	5953.128	177576	595379	1
2025.02.10	11:00:00	5952.615	5978.782	5952.615	5963.903	137026	422826	1
2025.02.10	12:00:00	5964.416	5964.929	5944.919	5948.511	74825	255240	1
2025.02.10	13:00:00	5949.024	5960.825	5946.972	5948.511	62861	206774	1
2025.02.10	14:00:00	5948.511	5957.233	5943.380	5951.076	46454	150893	1
2025.02.10	15:00:00	5951.076	5956.207	5947.485	5955.694	31520	103759	1
2025.02.10	16:00:00	5955.694	5964.929	5955.181	5957.746	42904	147666	1
2025.02.10	17:00:00	5957.746	5965.442	5957.233	5960.825	28586	90777	1
2025.02.10	18:00:00	5960.311	5962.877	5958.259	5961.851	9688	32824	1
2025.02.11	09:00:00	5970.060	5975.190	5948.511	5960.825	219280	606916	1
2025.02.11	10:00:00	5960.825	5978.269	5956.720	5959.285	174021	507287	1
2025.02.11	11:00:00	5959.285	5960.825	5933.119	5945.946	156830	482710	1
2025.02.11	12:00:00	5946.459	5947.485	5926.962	5934.145	100244	305756	1
2025.02.11	13:00:00	5934.145	5937.736	5928.501	5932.606	54079	182246	1
2025.02.11	14:00:00	5932.606	5940.302	5926.962	5938.250	44754	168306	1
2025.02.11	15:00:00	5938.250	5941.328	5930.554	5938.250	40602	139339	1
2025.02.11	16:00:00	5937.736	5940.815	5927.475	5937.223	44307	161644	1
2025.02.11	17:00:00	5937.223	5941.328	5932.093	5935.171	26924	88528	1
2025.02.11	18:00:00	5934.658	5937.223	5931.580	5932.093	9373	32481	1
2025.02.12	09:00:00	5938.250	5941.328	5924.397	5937.736	179386	488909	1
2025.02.12	10:00:00	5938.250	5956.720	5916.188	5934.658	266682	830871	1
2025.02.12	11:00:00	5934.658	5942.354	5918.240	5935.171	130970	429884	1
2025.02.12	12:00:00	5935.171	5951.589	5925.936	5935.684	126455	452062	1
2025.02.12	13:00:00	5935.684	5940.815	5925.936	5928.501	46450	150992	1
2025.02.12	14:00:00	5928.501	5934.145	5922.857	5925.423	55841	196044	1
2025.02.12	15:00:00	5924.910	5936.197	5910.544	5927.475	89518	336454	1
2025.02.12	16:00:00	5926.962	5931.580	5923.884	5930.554	33313	113100	1
2025.02.12	17:00:00	5931.067	5931.580	5923.884	5927.988	23837	82731	1
2025.02.12	18:00:00	5928.501	5936.197	5926.449	5931.067	15633	57974	1
2025.02.13	09:00:00	5925.936	5950.563	5921.318	5936.710	177919	483553	1
2025.02.13	10:00:00	5936.710	5959.798	5932.093	5957.233	190946	586672	1
2025.02.13	11:00:00	5956.720	5965.955	5949.024	5952.615	118722	347852	1
2025.02.13	12:00:00	5952.615	5953.642	5924.397	5925.423	116502	396752	1
2025.02.13	13:00:00	5925.423	5932.606	5924.910	5927.988	41271	130059	1
2025.02.13	14:00:00	5928.501	5938.250	5925.423	5938.250	54428	181550	1
2025.02.13	15:00:00	5938.250	5959.798	5932.093	5944.406	127695	441568	1
2025.02.13	16:00:00	5944.919	5945.432	5928.501	5932.606	51519	179034	1
2025.02.13	17:00:00	5933.119	5936.197	5927.988	5933.632	28831	121918	1
2025.02.13	18:00:00	5933.632	5933.632	5926.962	5926.962	9901	34736	1
2025.02.14	09:00:00	5929.527	5934.658	5892.073	5902.335	176041	573571	1
2025.02.14	10:00:00	5902.335	5904.387	5882.838	5893.100	149461	512078	1
2025.02.14	11:00:00	5893.100	5896.178	5884.377	5885.404	90015	307856	1
2025.02.14	12:00:00	5885.404	5888.482	5869.498	5883.351	99218	360344	1
2025.02.14	13:00:00	5883.864	5885.917	5875.142	5877.194	37939	134178	1
2025.02.14	14:00:00	5876.681	5880.786	5866.420	5878.734	55037	203234	1
2025.02.14	15:00:00	5878.221	5879.760	5871.551	5876.681	36506	131250	1
2025.02.14	16:00:00	5876.681	5878.734	5855.646	5858.724	76349	299302	1
2025.02.14	17:00:00	5859.237	5866.933	5854.106	5861.802	43000	156086	1
2025.02.14	18:00:00	5861.289	5868.472	5858.211	5867.446	17028	62638	1
2025.02.17	09:00:00	5874.116	5884.377	5861.289	5871.038	147038	439179	1
2025.02.17	10:00:00	5871.038	5877.194	5856.672	5866.420	120015	357998	1
2025.02.17	11:00:00	5866.933	5872.577	5859.750	5867.959	75734	239281	1
2025.02.17	12:00:00	5867.959	5879.247	5865.394	5877.194	51047	189905	1
2025.02.17	13:00:00	5877.707	5878.221	5867.446	5872.064	46781	161135	1
2025.02.17	14:00:00	5872.064	5875.142	5867.959	5870.011	28761	111761	1
2025.02.17	15:00:00	5870.011	5875.655	5867.959	5872.064	23477	91886	1
2025.02.17	16:00:00	5872.577	5874.629	5869.498	5874.116	15316	59221	1
2025.02.17	17:00:00	5873.603	5879.760	5873.603	5874.629	22670	85541	1
2025.02.17	18:00:00	5875.142	5877.194	5872.577	5874.629	7985	30377	1
2025.02.18	09:00:00	5873.603	5882.325	5860.776	5865.394	158035	450149	1
2025.02.18	10:00:00	5865.394	5875.655	5859.750	5872.577	128081	413113	1
2025.02.18	11:00:00	5872.577	5884.890	5850.002	5852.567	152555	544267	1
2025.02.18	12:00:00	5852.567	5854.106	5834.610	5837.688	101635	399890	1
2025.02.18	13:00:00	5837.688	5850.002	5837.175	5847.436	51601	193437	1
2025.02.18	14:00:00	5847.436	5857.185	5845.384	5855.646	53724	219417	1
2025.02.18	15:00:00	5855.646	5860.263	5848.976	5851.541	44678	164057	1
2025.02.18	16:00:00	5851.541	5852.054	5845.897	5848.463	26530	91545	1
2025.02.18	17:00:00	5848.463	5848.976	5837.175	5844.358	40304	167618	1
2025.02.18	18:00:00	5844.358	5850.515	5842.819	5848.463	12619	50960	1
2025.02.19	09:00:00	5861.289	5881.299	5842.819	5878.221	196838	611797	1
2025.02.19	10:00:00	5877.707	5891.560	5863.342	5864.881	146196	500091	1
2025.02.19	11:00:00	5864.881	5871.551	5846.923	5849.489	130537	474137	1
2025.02.19	12:00:00	5848.976	5861.289	5839.740	5854.619	93477	339188	1
2025.02.19	13:00:00	5854.619	5873.603	5853.593	5872.577	72352	254369	1
2025.02.19	14:00:00	5872.577	5874.629	5862.315	5869.498	46117	168138	1
2025.02.19	15:00:00	5869.498	5877.707	5867.446	5873.603	38739	159170	1
2025.02.19	16:00:00	5873.603	5889.508	5871.038	5884.377	47039	185770	1
2025.02.19	17:00:00	5883.864	5885.917	5871.038	5880.273	35186	142581	1
2025.02.19	18:00:00	5880.273	5885.404	5876.681	5880.786	9218	41309	1
2025.02.20	09:00:00	5861.289	5872.064	5848.463	5855.646	164282	480009	1
2025.02.20	10:00:00	5855.646	5874.629	5852.567	5869.498	157648	512336	1
2025.02.20	11:00:00	5868.985	5871.551	5847.950	5851.028	135121	442819	1
2025.02.20	12:00:00	5851.028	5865.907	5846.923	5855.646	99651	350704	1
2025.02.20	13:00:00	5855.132	5860.776	5853.080	5855.132	37964	143782	1
2025.02.20	14:00:00	5855.132	5858.211	5843.845	5851.028	49098	193675	1
2025.02.20	15:00:00	5851.541	5858.211	5851.028	5857.185	35284	144698	1
2025.02.20	16:00:00	5857.185	5867.959	5855.646	5862.315	48497	219451	1
2025.02.20	17:00:00	5862.315	5862.829	5855.646	5860.776	25670	95679	1
2025.02.20	18:00:00	5861.289	5865.907	5859.237	5862.315	8902	42846	1
2025.02.21	09:00:00	5860.776	5874.629	5859.750	5864.881	146474	453465	1
2025.02.21	10:00:00	5864.368	5873.090	5855.132	5858.211	115737	414758	1
2025.02.21	11:00:00	5858.211	5868.472	5852.567	5857.185	117655	428325	1
2025.02.21	12:00:00	5857.698	5864.368	5849.489	5854.106	83100	307377	1
2025.02.21	13:00:00	5854.106	5860.263	5850.515	5854.106	39990	165958	1
2025.02.21	14:00:00	5853.593	5864.368	5852.567	5858.724	48036	188107	1
2025.02.21	15:00:00	5859.237	5893.100	5858.724	5887.969	130213	499416	1
2025.02.21	16:00:00	5887.456	5888.995	5880.786	5886.943	43277	152988	1
2025.02.21	17:00:00	5886.430	5889.508	5882.838	5887.456	29942	110896	1
2025.02.21	18:00:00	5886.943	5890.534	5883.351	5888.995	13994	50337	1
2025.02.24	09:00:00	5873.603	5877.194	5861.802	5865.394	140762	444033	1
2025.02.24	10:00:00	5864.881	5884.890	5864.881	5879.247	118017	399290	1
2025.02.24	11:00:00	5879.247	5890.021	5876.681	5887.456	95236	341760	1
2025.02.24	12:00:00	5887.456	5891.047	5879.760	5885.917	66912	230598	1
2025.02.24	13:00:00	5885.917	5896.691	5880.273	5888.482	67807	241793	1
2025.02.24	14:00:00	5888.482	5896.691	5884.377	5890.021	66045	247095	1
2025.02.24	15:00:00	5890.021	5905.413	5885.917	5903.361	62185	252324	1
2025.02.24	16:00:00	5903.874	5910.544	5900.796	5910.031	49525	204120	1
2025.02.24	17:00:00	5910.031	5933.119	5909.518	5930.554	70846	261567	1
2025.02.24	18:00:00	5931.067	5940.815	5930.040	5933.119	16845	70938	1
2025.02.25	09:00:00	5919.266	5968.521	5918.240	5964.416	257465	812228	1
2025.02.25	10:00:00	5964.416	5965.442	5931.067	5935.171	169438	559974	1
2025.02.25	11:00:00	5935.684	5941.328	5919.266	5930.040	120515	405486	1
2025.02.25	12:00:00	5930.040	5932.606	5909.518	5912.596	95713	324845	1
2025.02.25	13:00:00	5912.083	5929.014	5910.544	5922.344	85698	323092	1
2025.02.25	14:00:00	5921.831	5926.449	5910.544	5912.596	48918	183972	1
2025.02.25	15:00:00	5912.596	5918.753	5895.152	5901.822	69570	265296	1
2025.02.25	16:00:00	5901.822	5911.057	5899.769	5906.439	51536	191758	1
2025.02.25	17:00:00	5905.926	5911.057	5904.387	5905.413	29619	90086	1
2025.02.25	18:00:00	5905.413	5905.926	5892.073	5892.586	16051	69478	1
2025.02.26	09:00:00	5892.586	5906.439	5884.890	5895.152	169436	500004	1
2025.02.26	10:00:00	5894.639	5930.040	5890.534	5927.988	154752	534284	1
2025.02.26	11:00:00	5927.475	5958.259	5924.910	5952.615	150980	575421	1
2025.02.26	12:00:00	5953.128	5956.720	5927.475	5932.606	121665	493018	1
2025.02.26	13:00:00	5933.119	5935.684	5922.857	5932.606	69988	256753	1
2025.02.26	14:00:00	5932.093	5940.815	5922.344	5936.710	91320	321840	1
2025.02.26	15:00:00	5937.223	5945.432	5932.606	5943.893	55283	197728	1
2025.02.26	16:00:00	5943.893	5954.155	5942.354	5954.155	61392	219543	1
2025.02.26	17:00:00	5954.155	5971.086	5953.128	5963.903	71524	300362	1
2025.02.26	18:00:00	5963.390	5969.034	5952.615	5955.694	14417	60494	1
2025.02.27	09:00:00	5971.086	5977.756	5949.024	5959.798	208817	568512	1
2025.02.27	10:00:00	5959.285	5981.860	5951.076	5977.243	180220	579796	1
2025.02.27	11:00:00	5977.243	5985.452	5960.825	5983.400	161404	508105	1
2025.02.27	12:00:00	5982.886	5989.556	5977.243	5982.373	104140	336167	1
2025.02.27	13:00:00	5982.373	5991.609	5980.834	5982.886	67007	231906	1
2025.02.27	14:00:00	5982.886	5988.530	5973.651	5980.321	64486	202038	1
2025.02.27	15:00:00	5980.321	5990.582	5974.677	5976.217	55751	176949	1
2025.02.27	16:00:00	5976.217	5991.609	5972.112	5982.886	58982	190449	1
2025.02.27	17:00:00	5983.400	5988.530	5977.243	5984.426	39201	135699	1
2025.02.27	18:00:00	5984.426	5995.713	5983.400	5985.452	11918	44721	1
2025.02.28	09:00:00	5978.828	6006.343	5975.771	5987.490	179210	550116	1
2025.02.28	10:00:00	5987.490	5990.547	5966.599	5979.847	137809	448210	1
2025.02.28	11:00:00	5979.337	5993.095	5971.694	5987.490	114196	489758	1
2025.02.28	12:00:00	5987.999	6018.062	5986.980	6014.495	108036	432484	1
2025.02.28	13:00:00	6014.495	6038.952	6000.738	6029.271	111208	410877	1
2025.02.28	14:00:00	6029.271	6037.424	6013.985	6031.310	95247	353121	1
2025.02.28	15:00:00	6031.310	6053.219	6031.310	6050.162	95410	326500	1
2025.02.28	16:00:00	6050.162	6064.429	6037.933	6061.881	66205	244845	1
2025.02.28	17:00:00	6061.881	6063.919	6028.252	6030.800	63599	224696	1
2025.02.28	18:00:00	6030.290	6042.010	6020.609	6024.686	21064	71127	1
2025.03.05	13:00:00	5983.414	5985.452	5934.499	5949.785	228540	823787	1
2025.03.05	14:00:00	5950.294	5958.447	5933.480	5934.499	96430	321550	1
2025.03.05	15:00:00	5933.989	5937.556	5910.551	5916.156	117681	394468	1
2025.03.05	16:00:00	5916.156	5917.175	5891.698	5896.284	84843	339885	1
2025.03.05	17:00:00	5895.774	5906.475	5888.132	5897.303	63175	230079	1
2025.03.05	18:00:00	5897.813	5897.813	5877.941	5880.998	22245	98416	1
2025.03.06	09:00:00	5891.189	5906.984	5883.546	5884.055	181065	519781	1
2025.03.06	10:00:00	5884.055	5894.755	5874.884	5878.960	144981	459748	1
2025.03.06	11:00:00	5878.960	5908.513	5871.827	5898.832	147395	485273	1
2025.03.06	12:00:00	5898.322	5902.398	5874.884	5892.208	136819	440881	1
2025.03.06	13:00:00	5892.208	5921.251	5890.170	5919.213	110247	360145	1
2025.03.06	14:00:00	5918.703	5920.232	5902.398	5910.041	73499	243927	1
2025.03.06	15:00:00	5910.041	5910.551	5891.189	5899.341	62577	200933	1
2025.03.06	16:00:00	5899.341	5907.494	5894.755	5899.341	48180	154769	1
2025.03.06	17:00:00	5899.341	5906.984	5895.265	5903.417	37810	128130	1
2025.03.06	18:00:00	5903.417	5905.456	5898.322	5904.946	8521	40232	1
2025.03.07	09:00:00	5898.322	5913.608	5890.679	5906.475	147488	416704	1
2025.03.07	10:00:00	5906.984	5917.684	5893.227	5910.041	165829	502372	1
2025.03.07	11:00:00	5910.041	5920.741	5900.360	5911.060	143194	417640	1
2025.03.07	12:00:00	5911.060	5923.289	5899.851	5903.927	105523	331681	1
2025.03.07	13:00:00	5903.417	5931.442	5902.398	5925.327	82343	282552	1
2025.03.07	14:00:00	5925.327	5934.499	5922.780	5930.932	74456	248663	1
2025.03.07	15:00:00	5930.423	5933.989	5922.780	5933.480	57868	194172	1
2025.03.07	16:00:00	5933.480	5938.575	5926.346	5927.365	47415	157151	1
2025.03.07	17:00:00	5927.365	5931.951	5926.346	5927.875	26874	90795	1
2025.03.07	18:00:00	5927.875	5930.423	5924.818	5925.327	10107	45669	1
2025.03.10	09:00:00	5928.894	5950.804	5920.741	5937.556	178017	518571	1
2025.03.10	10:00:00	5938.065	5941.123	5920.741	5926.346	127379	399437	1
2025.03.10	11:00:00	5925.837	5929.403	5908.513	5914.627	118218	381478	1
2025.03.10	12:00:00	5914.627	5936.027	5912.589	5934.499	85525	293021	1
2025.03.10	13:00:00	5933.989	5956.918	5933.480	5953.351	93651	324266	1
2025.03.10	14:00:00	5953.861	5980.357	5948.766	5978.318	91658	321552	1
2025.03.10	15:00:00	5978.318	6007.871	5974.752	6004.814	112723	430960	1
2025.03.10	16:00:00	6004.814	6011.438	5989.019	5992.585	84532	299076	1
2025.03.10	17:00:00	5992.585	6001.247	5986.980	5994.623	35233	114768	1
2025.03.10	18:00:00	5994.114	5996.661	5992.585	5992.585	5460	26303	1
2025.03.11	09:00:00	5975.771	5985.452	5967.109	5976.280	173088	496420	1
2025.03.11	10:00:00	5975.771	5978.828	5958.447	5963.542	161923	506262	1
2025.03.11	11:00:00	5963.542	5981.885	5960.994	5976.790	141846	468208	1
2025.03.11	12:00:00	5976.790	5977.299	5955.899	5961.504	78702	277156	1
2025.03.11	13:00:00	5961.504	5970.166	5957.428	5969.147	52620	186873	1
2025.03.11	14:00:00	5969.656	5978.828	5966.599	5967.618	70674	236357	1
2025.03.11	15:00:00	5967.618	5971.185	5942.651	5944.180	85906	295066	1
2025.03.11	16:00:00	5944.180	5950.804	5939.085	5946.218	54765	200044	1
2025.03.11	17:00:00	5946.728	5952.332	5944.180	5946.728	22841	84380	1
2025.03.11	18:00:00	5946.728	5948.766	5940.613	5945.199	4963	26222	1
2025.03.12	09:00:00	5947.237	5979.337	5935.008	5978.828	202975	620929	1
2025.03.12	10:00:00	5978.828	5981.885	5940.613	5944.689	159734	519670	1
2025.03.12	11:00:00	5945.199	5966.599	5941.123	5957.428	114325	373135	1
2025.03.12	12:00:00	5957.937	5963.032	5947.237	5955.390	61248	197280	1
2025.03.12	13:00:00	5955.899	5958.956	5946.218	5952.332	42285	131164	1
2025.03.12	14:00:00	5952.332	5958.447	5936.537	5943.161	56356	187416	1
2025.03.12	15:00:00	5942.651	5944.180	5918.703	5935.008	104246	406952	1
2025.03.12	16:00:00	5935.008	5942.651	5932.970	5941.632	46402	149984	1
2025.03.12	17:00:00	5941.632	5942.142	5929.403	5932.461	26763	86973	1
2025.03.12	18:00:00	5932.461	5938.575	5931.951	5938.065	5375	24647	1
2025.03.13	09:00:00	5954.880	5957.937	5942.651	5947.237	145915	426098	1
2025.03.13	10:00:00	5947.237	5969.656	5942.651	5958.956	139234	427024	1
2025.03.13	11:00:00	5959.466	5960.485	5937.556	5940.613	110294	363823	1
2025.03.13	12:00:00	5940.104	5944.689	5927.875	5937.046	76388	267271	1
2025.03.13	13:00:00	5936.537	5941.123	5931.951	5933.989	36526	118447	1
2025.03.13	14:00:00	5933.989	5945.199	5928.894	5944.689	46165	180309	1
2025.03.13	15:00:00	5944.689	5944.689	5936.027	5942.651	32416	116883	1
2025.03.13	16:00:00	5943.161	5943.161	5924.308	5930.423	46095	179347	1
2025.03.13	17:00:00	5929.913	5937.556	5929.913	5932.970	21697	98263	1
2025.03.13	18:00:00	5933.480	5934.499	5929.913	5933.989	5365	20319	1
2025.03.14	09:00:00	5920.741	5922.780	5886.093	5889.151	185319	570196	1
2025.03.14	10:00:00	5889.151	5892.208	5866.731	5871.317	164908	578867	1
2025.03.14	11:00:00	5871.317	5877.431	5856.031	5862.145	135267	473487	1
2025.03.14	12:00:00	5862.655	5866.731	5850.936	5859.598	67169	223738	1
2025.03.14	13:00:00	5860.107	5862.655	5843.802	5845.841	65420	231939	1
2025.03.14	14:00:00	5845.841	5861.126	5841.255	5859.598	67459	250197	1
2025.03.14	15:00:00	5860.107	5871.827	5853.483	5867.241	71010	257172	1
2025.03.14	16:00:00	5866.731	5874.884	5861.636	5874.884	51206	180097	1
2025.03.14	17:00:00	5874.374	5880.489	5868.769	5872.336	31827	126420	1
2025.03.14	18:00:00	5872.336	5876.412	5870.807	5875.903	6424	24207	1
2025.03.17	09:00:00	5865.712	5870.807	5826.988	5834.121	170776	515810	1
2025.03.17	10:00:00	5834.631	5853.993	5832.593	5852.974	132841	424241	1
2025.03.17	11:00:00	5852.974	5855.522	5829.026	5833.612	118605	386170	1
2025.03.17	12:00:00	5834.121	5834.631	5811.192	5813.740	93584	346319	1
2025.03.17	13:00:00	5814.250	5818.835	5807.116	5811.192	62908	255983	1
2025.03.17	14:00:00	5811.702	5821.383	5807.626	5820.874	48123	185584	1
2025.03.17	15:00:00	5820.874	5821.383	5792.849	5793.868	74129	258153	1
2025.03.17	16:00:00	5794.378	5813.231	5791.830	5811.702	60494	221247	1
2025.03.17	17:00:00	5811.702	5814.759	5805.588	5809.664	27724	102494	1
2025.03.17	18:00:00	5810.173	5814.759	5808.135	5813.740	6430	25821	1
2025.03.18	09:00:00	5828.007	5839.726	5815.269	5815.269	183370	547228	1
2025.03.18	10:00:00	5815.269	5819.345	5804.059	5816.288	155422	473638	1
2025.03.18	11:00:00	5816.797	5824.950	5809.664	5813.231	101456	339510	1
2025.03.18	12:00:00	5813.231	5816.288	5792.849	5795.907	93487	329744	1
2025.03.18	13:00:00	5795.907	5797.435	5779.092	5791.830	84693	299544	1
2025.03.18	14:00:00	5791.830	5794.887	5783.678	5789.283	55591	192719	1
2025.03.18	15:00:00	5789.283	5794.378	5786.225	5791.321	41178	138989	1
2025.03.18	16:00:00	5791.321	5798.964	5790.811	5796.926	36309	118014	1
2025.03.18	17:00:00	5796.926	5798.454	5793.359	5794.887	18564	63269	1
2025.03.18	18:00:00	5795.397	5797.435	5789.792	5797.435	6874	26004	1
2025.03.19	09:00:00	5807.116	5813.231	5792.340	5807.116	155550	451232	1
2025.03.19	10:00:00	5807.116	5807.626	5794.887	5801.511	111343	367099	1
2025.03.19	11:00:00	5801.511	5803.550	5776.544	5782.149	115464	410329	1
2025.03.19	12:00:00	5781.640	5783.678	5769.921	5769.921	71654	269505	1
2025.03.19	13:00:00	5769.921	5780.111	5767.882	5777.563	54371	207388	1
2025.03.19	14:00:00	5777.563	5786.735	5777.054	5782.659	44531	172712	1
2025.03.19	15:00:00	5782.149	5783.168	5753.106	5756.673	104699	361812	1
2025.03.19	16:00:00	5756.163	5773.997	5753.616	5769.411	73310	254263	1
2025.03.19	17:00:00	5768.901	5772.468	5763.297	5770.430	27164	93104	1
2025.03.19	18:00:00	5770.940	5772.978	5765.844	5770.940	5830	23390	1
2025.03.20	09:00:00	5783.168	5783.678	5769.411	5777.054	139981	398043	1
2025.03.20	10:00:00	5777.054	5800.492	5767.882	5792.849	176464	561471	1
2025.03.20	11:00:00	5792.340	5798.454	5785.716	5787.245	99816	330557	1
2025.03.20	12:00:00	5787.754	5802.530	5781.130	5794.887	78854	276236	1
2025.03.20	13:00:00	5794.887	5803.550	5786.225	5793.359	59592	221802	1
2025.03.20	14:00:00	5793.868	5794.378	5781.130	5784.697	49751	181063	1
2025.03.20	15:00:00	5785.206	5796.416	5775.016	5793.868	69656	264272	1
2025.03.20	16:00:00	5793.868	5798.964	5784.697	5797.435	48499	174499	1
2025.03.20	17:00:00	5797.945	5802.530	5788.773	5802.021	31658	120499	1
2025.03.20	18:00:00	5801.511	5803.550	5796.416	5796.926	6040	28927	1
2025.03.21	09:00:00	5808.135	5842.274	5801.002	5838.707	207961	662227	1
2025.03.21	10:00:00	5838.707	5851.445	5833.102	5845.841	135214	451332	1
2025.03.21	11:00:00	5845.841	5852.974	5841.764	5851.445	88863	300937	1
2025.03.21	12:00:00	5850.936	5855.012	5842.274	5844.821	67267	260382	1
2025.03.21	13:00:00	5844.821	5845.331	5826.478	5827.497	66993	250752	1
2025.03.21	14:00:00	5827.497	5840.745	5823.931	5835.140	60642	211858	1
2025.03.21	15:00:00	5835.140	5842.274	5832.083	5842.274	41798	142478	1
2025.03.21	16:00:00	5841.764	5842.274	5833.102	5835.140	27142	94096	1
2025.03.21	17:00:00	5835.140	5851.955	5834.631	5848.898	32216	124424	1
2025.03.21	18:00:00	5848.898	5857.560	5847.879	5847.879	8675	39330	1
2025.03.24	09:00:00	5831.574	5891.698	5820.364	5875.393	207926	699138	1
2025.03.24	10:00:00	5875.393	5879.979	5840.236	5854.503	151517	513735	1
2025.03.24	11:00:00	5855.012	5862.655	5841.764	5858.579	97339	324178	1
2025.03.24	12:00:00	5858.579	5860.617	5846.350	5847.879	53308	181760	1
2025.03.24	13:00:00	5847.879	5853.993	5842.783	5848.898	39899	149585	1
2025.03.24	14:00:00	5848.898	5868.769	5845.331	5867.241	58628	221182	1
2025.03.24	15:00:00	5867.241	5879.979	5865.203	5870.807	73231	276061	1
2025.03.24	16:00:00	5870.807	5874.374	5868.769	5870.298	30588	103934	1
2025.03.24	17:00:00	5869.788	5884.565	5869.788	5884.055	29282	114773	1
2025.03.24	18:00:00	5883.546	5884.055	5878.960	5879.470	8124	29459	1
2025.03.25	09:00:00	5870.807	5871.317	5842.274	5845.841	180985	528942	1
2025.03.25	10:00:00	5845.331	5851.955	5822.402	5824.440	154108	519899	1
2025.03.25	11:00:00	5823.931	5828.516	5796.926	5797.945	143590	552480	1
2025.03.25	12:00:00	5797.945	5805.588	5792.849	5799.473	72055	268928	1
2025.03.25	13:00:00	5799.473	5816.797	5796.926	5814.250	61928	262521	1
2025.03.25	14:00:00	5814.250	5822.912	5805.078	5809.664	68586	263107	1
2025.03.25	15:00:00	5809.664	5812.721	5799.473	5812.721	48583	174273	1
2025.03.25	16:00:00	5812.721	5824.950	5809.664	5822.912	44032	153033	1
2025.03.25	17:00:00	5822.912	5828.007	5814.250	5814.759	35972	132309	1
2025.03.25	18:00:00	5815.269	5818.326	5813.740	5814.759	7153	26344	1
2025.03.26	09:00:00	5819.854	5843.293	5807.626	5838.198	164285	497509	1
2025.03.26	10:00:00	5838.198	5851.955	5833.612	5842.783	152687	523266	1
2025.03.26	11:00:00	5843.293	5847.879	5831.574	5842.274	85369	276342	1
2025.03.26	12:00:00	5842.274	5857.050	5838.198	5852.464	81926	296862	1
2025.03.26	13:00:00	5852.464	5862.145	5844.312	5847.369	60024	231157	1
2025.03.26	14:00:00	5846.860	5860.107	5846.350	5854.503	53138	176963	1
2025.03.26	15:00:00	5854.503	5855.012	5843.293	5846.860	45215	161943	1
2025.03.26	16:00:00	5846.860	5851.445	5840.745	5847.369	39323	155476	1
2025.03.26	17:00:00	5847.879	5853.483	5844.312	5850.426	22938	103481	1
2025.03.26	18:00:00	5850.936	5853.483	5848.388	5851.445	7987	28002	1
2025.03.27	09:00:00	5838.198	5874.374	5835.140	5871.827	177995	543635	1
2025.03.27	10:00:00	5871.827	5885.584	5862.655	5864.693	134928	462464	1
2025.03.27	11:00:00	5864.184	5870.298	5840.745	5854.503	139732	467637	1
2025.03.27	12:00:00	5853.993	5858.069	5844.312	5847.879	63272	228582	1
2025.03.27	13:00:00	5848.388	5852.464	5846.350	5851.445	37793	138404	1
2025.03.27	14:00:00	5850.936	5878.960	5845.331	5863.165	58364	234192	1
2025.03.27	15:00:00	5863.165	5867.241	5852.974	5865.712	60510	224106	1
2025.03.27	16:00:00	5865.712	5876.922	5861.636	5871.317	49857	180544	1
2025.03.27	17:00:00	5871.827	5872.336	5856.541	5859.598	29101	105658	1
2025.03.27	18:00:00	5859.598	5861.126	5851.445	5853.993	6021	27593	1
2025.03.28	09:00:00	5860.107	5890.170	5859.088	5879.979	173737	550786	1
2025.03.28	10:00:00	5879.979	5890.170	5865.712	5867.241	157601	489003	1
2025.03.28	11:00:00	5867.241	5894.246	5864.693	5880.489	136452	464412	1
2025.03.28	12:00:00	5879.979	5882.527	5866.222	5879.470	70908	247590	1
2025.03.28	13:00:00	5879.470	5885.074	5877.431	5880.998	39980	136013	1
2025.03.28	14:00:00	5880.489	5883.036	5866.731	5868.769	74957	281462	1
2025.03.28	15:00:00	5869.279	5873.355	5857.560	5868.260	70230	258647	1
2025.03.28	16:00:00	5868.769	5874.374	5868.260	5872.846	27866	102022	1
2025.03.28	17:00:00	5872.846	5877.941	5869.788	5872.336	20907	71335	1
2025.03.28	18:00:00	5872.846	5874.884	5868.769	5869.279	4760	18374	1
2025.03.31	09:00:00	5874.346	5894.612	5861.679	5866.746	200132	556156	1
2025.03.31	10:00:00	5866.746	5871.812	5841.919	5849.519	165166	567245	1
2025.03.31	11:00:00	5850.025	5863.706	5829.759	5834.825	128568	468226	1
2025.03.31	12:00:00	5834.825	5850.025	5834.319	5849.519	69233	268636	1
2025.03.31	13:00:00	5849.519	5850.025	5826.719	5830.772	63009	234213	1
2025.03.31	14:00:00	5831.279	5834.319	5825.199	5830.265	37960	133580	1
2025.03.31	15:00:00	5829.759	5831.279	5808.985	5820.638	67792	255070	1
2025.03.31	16:00:00	5820.132	5824.185	5809.492	5814.558	53384	207132	1
2025.03.31	17:00:00	5814.558	5816.585	5809.492	5813.545	24347	97444	1
2025.03.31	18:00:00	5813.545	5814.052	5806.452	5807.465	8381	35569	1
2025.04.01	09:00:00	5820.638	5834.319	5809.492	5833.305	167113	469495	1
2025.04.01	10:00:00	5833.305	5838.879	5814.558	5825.705	153941	475838	1
2025.04.01	11:00:00	5825.199	5829.759	5795.305	5797.838	147578	480409	1
2025.04.01	12:00:00	5797.838	5800.878	5786.692	5794.292	84887	299585	1
2025.04.01	13:00:00	5794.292	5798.345	5778.078	5792.772	76349	265705	1
2025.04.01	14:00:00	5792.265	5799.358	5787.198	5790.745	46953	169517	1
2025.04.01	15:00:00	5791.252	5793.785	5785.171	5787.198	44135	172090	1
2025.04.01	16:00:00	5787.198	5792.265	5785.171	5787.705	31507	107876	1
2025.04.01	17:00:00	5787.705	5792.265	5785.678	5787.198	16505	68191	1
2025.04.01	18:00:00	5787.705	5790.238	5785.171	5787.198	6997	27585	1
2025.04.02	09:00:00	5786.185	5791.252	5766.931	5787.705	192811	544280	1
2025.04.02	10:00:00	5787.705	5796.825	5763.891	5791.252	180379	554044	1
2025.04.02	11:00:00	5791.252	5818.612	5789.732	5805.945	146450	492415	1
2025.04.02	12:00:00	5805.438	5815.065	5793.785	5804.425	88249	300820	1
2025.04.02	13:00:00	5804.425	5805.945	5793.278	5794.798	50665	168940	1
2025.04.02	14:00:00	5794.798	5806.452	5789.732	5798.852	54656	193908	1
2025.04.02	15:00:00	5798.852	5799.358	5787.198	5796.318	52135	180045	1
2025.04.02	16:00:00	5796.318	5803.412	5792.772	5800.372	32340	107950	1
2025.04.02	17:00:00	5800.372	5814.558	5750.718	5766.425	190312	542338	1
2025.04.02	18:00:00	5766.931	5800.372	5765.918	5795.812	10091	46084	1
2025.04.03	09:00:00	5727.918	5747.678	5708.664	5738.558	255821	803685	1
2025.04.03	10:00:00	5738.558	5743.624	5700.051	5715.251	213052	644735	1
2025.04.03	11:00:00	5715.251	5715.251	5694.477	5697.517	144129	440450	1
2025.04.03	12:00:00	5697.517	5716.264	5694.984	5705.117	111299	340512	1
2025.04.03	13:00:00	5704.611	5713.731	5700.557	5708.157	61210	193267	1
2025.04.03	14:00:00	5708.157	5720.318	5706.131	5719.811	56359	176422	1
2025.04.03	15:00:00	5719.304	5728.424	5712.718	5720.318	72346	213509	1
2025.04.03	16:00:00	5720.318	5732.478	5718.291	5730.451	48412	136917	1
2025.04.03	17:00:00	5730.451	5736.024	5728.424	5731.464	35902	119892	1
2025.04.03	18:00:00	5731.464	5738.558	5729.438	5737.038	6043	31455	1
2025.04.04	09:00:00	5802.905	5856.612	5800.372	5838.879	300246	913605	1
2025.04.04	10:00:00	5838.372	5893.599	5829.252	5887.012	217280	700643	1
2025.04.04	11:00:00	5887.012	5926.533	5877.386	5916.399	197666	663081	1
2025.04.04	12:00:00	5915.893	5927.039	5887.519	5907.279	180903	537169	1
2025.04.04	13:00:00	5907.279	5929.066	5903.226	5911.839	91271	301907	1
2025.04.04	14:00:00	5912.346	5945.786	5908.799	5926.026	132755	436804	1
2025.04.04	15:00:00	5926.533	5947.813	5920.453	5944.266	104684	334085	1
2025.04.04	16:00:00	5944.266	5950.346	5931.093	5942.240	74707	213555	1
2025.04.04	17:00:00	5942.240	5957.946	5935.653	5947.306	52864	178350	1
2025.04.04	18:00:00	5947.306	5963.013	5945.786	5961.493	10227	41984	1
2025.04.07	09:00:00	5983.787	6003.547	5959.973	5968.586	285747	892331	1
2025.04.07	10:00:00	5968.586	6012.160	5960.480	5989.360	224242	699963	1
2025.04.07	11:00:00	5989.867	6003.040	5917.413	5978.720	319066	867936	1
2025.04.07	12:00:00	5978.720	6036.480	5965.040	6028.374	181650	537146	1
2025.04.07	13:00:00	6028.880	6038.000	6018.240	6025.334	89669	260807	1
2025.04.07	14:00:00	6024.827	6024.827	5990.880	5996.960	119682	360337	1
2025.04.07	15:00:00	5996.960	6022.294	5989.867	6020.774	93464	286444	1
2025.04.07	16:00:00	6020.774	6021.787	6006.080	6013.680	67305	181609	1
2025.04.07	17:00:00	6013.680	6022.800	6009.120	6017.734	28672	81865	1
2025.04.07	18:00:00	6017.734	6019.254	6013.680	6016.214	5148	23418	1
2025.04.08	09:00:00	5977.200	6003.040	5962.000	5997.973	208816	624611	1
2025.04.08	10:00:00	5997.973	6011.654	5971.626	5992.907	190939	597344	1
2025.04.08	11:00:00	5992.400	6059.787	5986.827	6047.627	188554	664299	1
2025.04.08	12:00:00	6047.120	6092.721	6045.094	6091.201	179262	602422	1
2025.04.08	13:00:00	6091.201	6102.348	6074.481	6094.241	154032	486697	1
2025.04.08	14:00:00	6094.748	6105.388	6077.014	6078.027	117409	360018	1
2025.04.08	15:00:00	6078.027	6093.734	6071.947	6087.148	109136	329823	1
2025.04.08	16:00:00	6087.654	6107.921	6079.547	6099.814	90074	264007	1
2025.04.08	17:00:00	6099.814	6122.615	6095.761	6114.508	50824	171019	1
2025.04.08	18:00:00	6114.508	6120.588	6112.481	6117.548	10710	35355	1
2025.04.09	09:00:00	6130.215	6199.122	6128.188	6184.428	294128	867758	1
2025.04.09	10:00:00	6183.922	6188.988	6131.228	6142.881	268418	809656	1
2025.04.09	11:00:00	6142.881	6173.788	6135.788	6164.162	201635	575472	1
2025.04.09	12:00:00	6163.655	6173.282	6138.828	6156.055	139660	471767	1
2025.04.09	13:00:00	6155.548	6156.561	6111.468	6116.028	120470	409674	1
2025.04.09	14:00:00	6116.028	6134.268	5966.560	5983.787	311304	932008	1
2025.04.09	15:00:00	5983.787	5987.840	5940.213	5958.453	147951	436531	1
2025.04.09	16:00:00	5958.453	5967.066	5926.026	5944.773	90816	294817	1
2025.04.09	17:00:00	5944.266	5947.306	5916.906	5920.453	44582	143437	1
2025.04.09	18:00:00	5920.453	5922.479	5913.866	5921.973	6612	25567	1
2025.04.10	09:00:00	5957.946	5982.773	5920.453	5979.227	262503	730700	1
2025.04.10	10:00:00	5979.733	6009.120	5974.160	5999.493	220937	651394	1
2025.04.10	11:00:00	5999.493	6025.334	5987.840	6021.280	163273	499540	1
2025.04.10	12:00:00	6021.280	6054.214	6012.667	6042.054	135784	447750	1
2025.04.10	13:00:00	6041.547	6054.721	6025.334	6032.934	113475	342227	1
2025.04.10	14:00:00	6032.934	6035.467	5989.867	5997.973	120495	362577	1
2025.04.10	15:00:00	5997.467	6029.387	5982.773	5991.387	127790	402598	1
2025.04.10	16:00:00	5991.387	6008.107	5984.800	5996.453	85395	249544	1
2025.04.10	17:00:00	5996.960	5998.987	5980.240	5983.280	33018	106008	1
2025.04.10	18:00:00	5983.787	5985.813	5977.200	5977.200	5142	21527	1
2025.04.11	09:00:00	5920.959	5967.573	5910.826	5946.800	279539	773594	1
2025.04.11	10:00:00	5946.293	6014.694	5946.293	5979.733	273914	831090	1
2025.04.11	11:00:00	5979.227	6009.120	5963.520	5986.320	170633	506470	1
2025.04.11	12:00:00	5985.813	5992.907	5971.626	5973.653	101834	287175	1
2025.04.11	13:00:00	5973.653	5982.773	5953.893	5976.693	105639	313291	1
2025.04.11	14:00:00	5976.693	5982.267	5944.773	5953.893	113376	341357	1
2025.04.11	15:00:00	5954.400	5977.707	5949.333	5968.080	77079	209199	1
2025.04.11	16:00:00	5968.586	5971.120	5959.973	5963.520	46749	118452	1
2025.04.11	17:00:00	5964.026	5968.586	5955.413	5960.480	27786	80229	1
2025.04.11	18:00:00	5960.480	5962.506	5954.400	5959.466	4929	25031	1
2025.04.14	09:00:00	5937.680	5948.826	5929.066	5947.813	205891	509168	1
2025.04.14	10:00:00	5947.813	5951.866	5919.946	5928.053	187417	516984	1
2025.04.14	11:00:00	5928.053	5938.186	5919.439	5934.133	113612	325024	1
2025.04.14	12:00:00	5934.133	5965.040	5929.066	5957.440	119994	357088	1
2025.04.14	13:00:00	5957.440	5967.066	5943.760	5946.293	81571	218444	1
2025.04.14	14:00:00	5946.293	5957.946	5936.160	5953.893	77343	227426	1
2025.04.14	15:00:00	5954.400	5954.400	5941.733	5945.786	45315	135749	1
2025.04.14	16:00:00	5945.786	5950.346	5939.200	5944.266	35251	113408	1
2025.04.14	17:00:00	5943.760	5950.346	5938.693	5947.813	22158	81397	1
2025.04.14	18:00:00	5948.320	5953.386	5945.786	5952.880	3819	15136	1
2025.04.15	09:00:00	5948.320	5956.933	5922.986	5951.360	214972	601331	1
2025.04.15	10:00:00	5951.360	5966.053	5941.733	5954.400	160733	473872	1
2025.04.15	11:00:00	5954.400	5985.307	5950.346	5968.080	164348	501452	1
2025.04.15	12:00:00	5968.080	5988.347	5967.066	5972.640	88330	256679	1
2025.04.15	13:00:00	5972.640	5994.427	5972.133	5986.827	76100	236758	1
2025.04.15	14:00:00	5986.827	5993.920	5979.227	5982.267	55373	168854	1
2025.04.15	15:00:00	5982.773	5989.867	5978.213	5986.827	56195	185064	1
2025.04.15	16:00:00	5986.320	5987.840	5978.213	5981.253	34907	104369	1
2025.04.15	17:00:00	5981.253	5981.253	5974.667	5977.707	18367	68810	1
2025.04.15	18:00:00	5977.200	5977.707	5966.560	5968.586	4906	26172	1
2025.04.16	09:00:00	5958.453	6002.533	5953.386	5995.440	216565	634299	1
2025.04.16	10:00:00	5995.947	6008.107	5969.600	5973.147	185495	540642	1
2025.04.16	11:00:00	5972.640	5977.200	5961.493	5974.667	133990	409355	1
2025.04.16	12:00:00	5974.160	5976.187	5946.293	5952.880	102295	338300	1
2025.04.16	13:00:00	5952.880	5959.973	5946.293	5949.333	61233	195024	1
2025.04.16	14:00:00	5949.333	5967.066	5943.253	5963.520	84970	262155	1
2025.04.16	15:00:00	5964.026	5964.026	5944.266	5947.813	74718	217932	1
2025.04.16	16:00:00	5947.813	5962.506	5947.306	5956.933	48244	139123	1
2025.04.16	17:00:00	5956.426	5960.986	5949.333	5957.946	23167	73773	1
2025.04.16	18:00:00	5957.946	5963.520	5956.933	5956.933	4594	18005	1
2025.04.17	09:00:00	5964.026	5978.213	5951.360	5957.946	192205	540372	1
2025.04.17	10:00:00	5958.453	5973.147	5942.240	5947.306	165489	501207	1
2025.04.17	11:00:00	5947.306	5960.480	5938.186	5947.813	104670	307058	1
2025.04.17	12:00:00	5947.813	5950.853	5917.919	5919.946	96147	347141	1
2025.04.17	13:00:00	5919.946	5925.519	5888.532	5892.586	131454	436766	1
2025.04.17	14:00:00	5893.092	5908.799	5888.532	5894.612	74731	244527	1
2025.04.17	15:00:00	5894.612	5899.679	5884.479	5889.039	63166	196350	1
2025.04.17	16:00:00	5889.039	5900.186	5887.519	5894.612	37902	114627	1
2025.04.17	17:00:00	5894.612	5897.652	5887.012	5895.626	23009	77564	1
2025.04.17	18:00:00	5895.626	5903.226	5894.612	5901.706	5496	24304	1
2025.04.22	09:00:00	5881.439	5888.026	5856.612	5858.639	169493	504190	1
2025.04.22	10:00:00	5858.639	5861.679	5840.399	5842.425	153666	469107	1
2025.04.22	11:00:00	5842.932	5851.545	5836.345	5837.865	111852	349927	1
2025.04.22	12:00:00	5837.865	5839.892	5820.132	5827.732	91627	313946	1
2025.04.22	13:00:00	5827.732	5828.239	5808.985	5813.545	78724	249909	1
2025.04.22	14:00:00	5813.545	5830.265	5811.518	5822.158	78423	250109	1
2025.04.22	15:00:00	5822.665	5823.679	5802.905	5806.452	70823	246269	1
2025.04.22	16:00:00	5806.452	5813.038	5803.918	5813.038	42089	148485	1
2025.04.22	17:00:00	5813.038	5817.598	5807.465	5810.505	28066	122715	1
2025.04.22	18:00:00	5811.012	5811.518	5801.892	5806.958	6183	26400	1
2025.04.23	09:00:00	5784.158	5792.772	5758.825	5768.451	218339	659483	1
2025.04.23	10:00:00	5767.945	5775.038	5739.571	5760.851	210274	678440	1
2025.04.23	11:00:00	5760.345	5783.651	5748.185	5776.558	156746	473338	1
2025.04.23	12:00:00	5777.065	5794.798	5771.491	5779.598	106288	347562	1
2025.04.23	13:00:00	5779.598	5791.252	5776.051	5791.252	61093	193904	1
2025.04.23	14:00:00	5790.745	5805.438	5785.171	5790.745	80374	262645	1
2025.04.23	15:00:00	5790.238	5798.345	5786.185	5792.772	58045	200503	1
2025.04.23	16:00:00	5792.772	5811.518	5791.252	5799.865	56278	194108	1
2025.04.23	17:00:00	5799.865	5802.905	5789.225	5792.265	26117	99876	1
2025.04.23	18:00:00	5791.758	5794.798	5785.171	5786.185	5330	23158	1
2025.04.24	09:00:00	5787.198	5787.198	5750.718	5760.345	200808	596477	1
2025.04.24	10:00:00	5760.345	5773.011	5744.638	5757.811	193176	612452	1
2025.04.24	11:00:00	5758.318	5774.025	5753.251	5757.811	130907	443197	1
2025.04.24	12:00:00	5758.318	5760.345	5743.118	5753.251	85372	290625	1
2025.04.24	13:00:00	5753.251	5767.945	5746.664	5758.318	86095	286893	1
2025.04.24	14:00:00	5757.811	5764.398	5753.251	5764.398	47386	144861	1
2025.04.24	15:00:00	5764.398	5766.931	5757.811	5764.905	45967	149743	1
2025.04.24	16:00:00	5764.905	5775.038	5762.878	5775.038	38927	126375	1
2025.04.24	17:00:00	5775.038	5775.545	5761.865	5764.905	24947	99618	1
2025.04.24	18:00:00	5765.411	5766.931	5759.838	5764.398	4652	22445	1
2025.04.25	09:00:00	5781.625	5788.212	5759.838	5765.918	209930	574763	1
2025.04.25	10:00:00	5765.918	5780.105	5757.305	5762.878	152730	488599	1
2025.04.25	11:00:00	5762.878	5773.011	5756.798	5757.305	100223	317138	1
2025.04.25	12:00:00	5756.798	5771.998	5755.785	5761.358	69594	237918	1
2025.04.25	13:00:00	5761.358	5768.451	5744.638	5750.211	75724	250341	1
2025.04.25	14:00:00	5750.211	5767.945	5750.211	5763.385	62127	207396	1
2025.04.25	15:00:00	5763.385	5770.985	5759.838	5765.918	46797	168874	1
2025.04.25	16:00:00	5765.918	5769.971	5761.358	5769.465	34383	102050	1
2025.04.25	17:00:00	5769.465	5772.505	5762.878	5764.398	21639	78250	1
2025.04.25	18:00:00	5764.905	5769.971	5761.865	5767.438	5240	20962	1
2025.04.28	09:00:00	5776.051	5778.585	5740.584	5744.638	187874	533308	1
2025.04.28	10:00:00	5744.638	5749.705	5727.918	5727.918	166461	556656	1
2025.04.28	11:00:00	5727.918	5753.758	5725.384	5752.745	125357	435574	1
2025.04.28	12:00:00	5752.238	5765.411	5748.691	5755.785	95398	390532	1
2025.04.28	13:00:00	5755.278	5766.425	5753.251	5756.798	52595	185645	1
2025.04.28	14:00:00	5757.305	5763.891	5739.571	5744.131	76479	269773	1
2025.04.28	15:00:00	5744.131	5744.638	5727.411	5728.931	63904	228157	1
2025.04.28	16:00:00	5728.424	5733.998	5723.864	5724.878	44376	159603	1
2025.04.28	17:00:00	5724.878	5733.491	5723.358	5731.971	22063	81331	1
2025.04.28	18:00:00	5731.971	5733.998	5726.904	5732.478	7120	24991	1
2025.04.29	09:00:00	5737.038	5739.571	5714.238	5721.838	193512	528341	1
2025.04.29	10:00:00	5721.838	5735.518	5719.811	5728.931	169514	513539	1
2025.04.29	11:00:00	5728.931	5732.478	5713.731	5722.851	118086	376886	1
2025.04.29	12:00:00	5722.851	5724.878	5695.491	5709.677	122316	398384	1
2025.04.29	13:00:00	5709.171	5714.744	5703.597	5711.198	51788	163254	1
2025.04.29	14:00:00	5711.704	5716.264	5702.584	5709.171	51157	165396	1
2025.04.29	15:00:00	5709.677	5713.731	5703.091	5708.664	41861	137372	1
2025.04.29	16:00:00	5708.664	5713.224	5706.131	5706.131	36862	118840	1
2025.04.29	17:00:00	5706.637	5709.171	5695.491	5696.504	21411	78993	1
2025.04.29	18:00:00	5696.504	5697.011	5688.904	5690.424	9594	40801	1
2025.04.30	09:00:00	5697.467	5709.037	5678.854	5707.024	212323	609340	1
2025.04.30	10:00:00	5707.527	5752.801	5701.491	5745.759	211409	715660	1
2025.04.30	11:00:00	5745.256	5752.298	5733.686	5735.698	117687	432423	1
2025.04.30	12:00:00	5735.698	5742.740	5726.643	5735.698	101433	374541	1
2025.04.30	13:00:00	5735.698	5761.856	5731.674	5757.329	79117	300456	1
2025.04.30	14:00:00	5757.329	5761.353	5747.771	5751.292	57523	204976	1
2025.04.30	15:00:00	5751.292	5753.304	5735.698	5738.716	70606	248275	1
2025.04.30	16:00:00	5739.219	5756.826	5734.692	5749.783	55779	193550	1
2025.04.30	17:00:00	5750.286	5756.826	5745.256	5749.280	30857	108877	1
2025.04.30	18:00:00	5749.783	5754.814	5743.747	5745.256	5618	30124	1
2025.05.02	09:00:00	5744.753	5749.783	5712.055	5718.594	210752	605410	1
2025.05.02	10:00:00	5718.594	5719.097	5698.473	5704.509	145806	442349	1
2025.05.02	11:00:00	5704.509	5717.588	5698.976	5706.018	113253	355326	1
2025.05.02	12:00:00	5705.515	5728.152	5704.509	5721.110	76679	238520	1
2025.05.02	13:00:00	5720.607	5730.667	5714.570	5727.146	55948	171186	1
2025.05.02	14:00:00	5727.649	5734.189	5721.613	5726.140	46663	150024	1
2025.05.02	15:00:00	5726.140	5728.655	5720.607	5726.140	36318	139504	1
2025.05.02	16:00:00	5726.140	5730.667	5722.619	5727.649	26624	89069	1
2025.05.02	17:00:00	5727.146	5730.667	5722.619	5730.164	19454	77248	1
2025.05.02	18:00:00	5729.661	5732.680	5725.637	5729.661	5138	25895	1
2025.05.05	09:00:00	5726.140	5726.140	5698.976	5706.018	163668	495177	1
2025.05.05	10:00:00	5706.521	5717.588	5703.503	5713.061	121768	388266	1
2025.05.05	11:00:00	5713.061	5727.649	5711.552	5725.637	101277	352912	1
2025.05.05	12:00:00	5725.637	5738.716	5724.128	5737.207	86407	276774	1
2025.05.05	13:00:00	5737.710	5755.820	5734.692	5754.814	76896	263091	1
2025.05.05	14:00:00	5755.317	5755.820	5747.771	5753.807	37463	134996	1
2025.05.05	15:00:00	5754.310	5761.353	5750.789	5758.838	47434	166427	1
2025.05.05	16:00:00	5758.335	5761.353	5754.814	5760.347	35882	131022	1
2025.05.05	17:00:00	5760.347	5761.353	5756.323	5758.838	18467	74011	1
2025.05.05	18:00:00	5759.341	5774.432	5758.335	5767.893	9196	43474	1
2025.05.06	09:00:00	5767.893	5782.481	5761.353	5774.432	224906	665123	1
2025.05.06	10:00:00	5774.432	5807.130	5773.929	5800.087	170596	572473	1
2025.05.06	11:00:00	5800.087	5802.603	5785.499	5787.511	123448	446172	1
2025.05.06	12:00:00	5787.008	5792.039	5774.935	5790.027	92400	322315	1
2025.05.06	13:00:00	5790.027	5797.069	5776.947	5780.972	84606	274865	1
2025.05.06	14:00:00	5780.469	5781.978	5767.893	5769.905	58475	196624	1
2025.05.06	15:00:00	5769.402	5780.972	5765.377	5776.947	54114	189294	1
2025.05.06	16:00:00	5776.444	5780.469	5772.420	5779.966	32794	116425	1
2025.05.06	17:00:00	5779.463	5792.542	5778.457	5782.984	28690	108151	1
2025.05.06	18:00:00	5782.984	5786.002	5778.960	5784.493	5831	25184	1
2025.05.07	09:00:00	5774.935	5797.572	5764.874	5797.069	198586	564573	1
2025.05.07	10:00:00	5797.572	5810.148	5793.548	5809.645	143761	464404	1
2025.05.07	11:00:00	5809.645	5811.657	5795.057	5806.627	110987	366950	1
2025.05.07	12:00:00	5807.130	5815.682	5796.566	5812.160	92960	328716	1
2025.05.07	13:00:00	5812.160	5817.694	5805.621	5808.639	51981	171618	1
2025.05.07	14:00:00	5808.136	5814.173	5802.603	5810.651	47237	169027	1
2025.05.07	15:00:00	5810.651	5821.718	5802.100	5814.173	93140	287341	1
2025.05.07	16:00:00	5814.173	5830.773	5810.651	5812.160	83014	268715	1
2025.05.07	17:00:00	5811.657	5816.688	5806.627	5813.167	28351	114598	1
2025.05.07	18:00:00	5813.167	5815.179	5805.621	5807.633	4743	25505	1
2025.05.08	09:00:00	5787.008	5815.682	5763.365	5767.390	256875	800871	1
2025.05.08	10:00:00	5767.390	5769.402	5746.765	5749.280	154347	505623	1
2025.05.08	11:00:00	5749.280	5754.814	5736.704	5743.244	111397	400620	1
2025.05.08	12:00:00	5743.244	5747.268	5727.146	5747.268	93877	331546	1
2025.05.08	13:00:00	5747.268	5753.807	5736.201	5741.734	66295	242777	1
2025.05.08	14:00:00	5741.734	5749.783	5740.225	5748.274	38503	124394	1
2025.05.08	15:00:00	5747.771	5749.783	5741.231	5742.237	45837	157090	1
2025.05.08	16:00:00	5741.734	5744.250	5727.146	5727.649	54304	202560	1
2025.05.08	17:00:00	5727.649	5737.710	5726.140	5728.655	33758	143727	1
2025.05.08	18:00:00	5728.152	5730.667	5724.128	5725.134	9164	38181	1
2025.05.09	09:00:00	5732.177	5733.183	5709.540	5720.607	191122	541968	1
2025.05.09	10:00:00	5720.104	5732.680	5715.576	5719.097	146552	454516	1
2025.05.09	11:00:00	5719.097	5723.625	5709.037	5710.043	99070	344299	1
2025.05.09	12:00:00	5709.540	5720.607	5700.988	5708.031	86048	301348	1
2025.05.09	13:00:00	5708.031	5716.079	5706.521	5711.552	44671	170017	1
2025.05.09	14:00:00	5712.055	5720.104	5711.049	5715.073	40736	141914	1
2025.05.09	15:00:00	5715.576	5717.085	5704.509	5714.067	46355	183840	1
2025.05.09	16:00:00	5713.564	5720.104	5713.564	5718.594	33050	132075	1
2025.05.09	17:00:00	5718.091	5720.104	5715.073	5719.097	17127	69105	1
2025.05.09	18:00:00	5719.097	5719.600	5705.012	5713.564	6768	34815	1
2025.05.12	09:00:00	5734.692	5759.844	5723.625	5737.207	223592	649261	1
2025.05.12	10:00:00	5737.207	5745.256	5721.613	5738.213	166712	503984	1
2025.05.12	11:00:00	5738.716	5757.329	5734.189	5744.753	131312	456593	1
2025.05.12	12:00:00	5744.753	5753.807	5741.734	5745.759	66017	237436	1
2025.05.12	13:00:00	5746.262	5754.814	5742.740	5753.807	41850	149822	1
2025.05.12	14:00:00	5754.310	5763.365	5751.795	5761.856	45066	149092	1
2025.05.12	15:00:00	5761.353	5767.893	5751.795	5754.310	62507	220280	1
2025.05.12	16:00:00	5754.310	5755.317	5739.219	5743.747	54731	208820	1
2025.05.12	17:00:00	5743.747	5746.765	5736.201	5736.704	24449	92012	1
2025.05.12	18:00:00	5736.704	5737.207	5730.164	5732.177	6175	30776	1
2025.05.13	09:00:00	5721.110	5733.686	5696.964	5697.467	207996	624046	1
2025.05.13	10:00:00	5697.970	5702.497	5680.866	5693.442	195096	623452	1
2025.05.13	11:00:00	5693.442	5699.982	5681.872	5687.909	117093	427832	1
2025.05.13	12:00:00	5687.909	5688.412	5658.732	5661.751	117298	457107	1
2025.05.13	13:00:00	5661.751	5673.824	5658.732	5668.290	65100	247326	1
2025.05.13	14:00:00	5668.793	5676.339	5664.266	5670.302	52997	203457	1
2025.05.13	15:00:00	5669.799	5671.811	5653.199	5655.211	67814	279233	1
2025.05.13	16:00:00	5655.211	5666.278	5653.702	5666.278	45508	189631	1
2025.05.13	17:00:00	5666.278	5668.290	5662.254	5667.284	25283	111908	1
2025.05.13	18:00:00	5667.284	5672.817	5665.775	5672.817	7406	31805	1
2025.05.14	09:00:00	5661.247	5673.321	5638.611	5652.193	258230	760186	1
2025.05.14	10:00:00	5652.193	5669.296	5651.187	5657.726	172793	570530	1
2025.05.14	11:00:00	5658.229	5673.824	5651.690	5670.302	125588	400529	1
2025.05.14	12:00:00	5670.302	5677.345	5659.738	5669.799	95111	313188	1
2025.05.14	13:00:00	5669.799	5673.321	5664.769	5667.284	44013	152069	1
2025.05.14	14:00:00	5667.284	5681.369	5667.284	5673.824	51054	183606	1
2025.05.14	15:00:00	5673.321	5692.436	5672.817	5678.351	69163	271087	1
2025.05.14	16:00:00	5678.351	5689.418	5677.848	5688.915	41477	145868	1
2025.05.14	17:00:00	5689.418	5695.454	5687.909	5694.448	21672	87635	1
2025.05.14	18:00:00	5694.448	5699.479	5692.436	5696.964	6657	30591	1
2025.05.15	09:00:00	5688.412	5694.448	5669.296	5675.836	182889	531739	1
2025.05.15	10:00:00	5676.339	5684.387	5669.799	5683.884	156757	496029	1
2025.05.15	11:00:00	5683.884	5702.497	5675.836	5700.485	134526	442413	1
2025.05.15	12:00:00	5700.485	5708.031	5692.436	5693.442	87307	297316	1
2025.05.15	13:00:00	5692.939	5697.467	5688.915	5689.921	57475	201186	1
2025.05.15	14:00:00	5689.921	5746.765	5689.921	5734.189	132177	475335	1
2025.05.15	15:00:00	5734.189	5753.807	5714.067	5737.207	125004	453622	1
2025.05.15	16:00:00	5737.207	5748.274	5734.692	5735.698	53609	181395	1
2025.05.15	17:00:00	5735.195	5741.734	5728.655	5738.213	27466	93050	1
2025.05.15	18:00:00	5738.213	5743.244	5735.698	5737.710	6152	25716	1
2025.05.16	09:00:00	5727.649	5762.862	5723.122	5750.286	224984	663757	1
2025.05.16	10:00:00	5750.286	5767.893	5742.740	5743.747	153742	475095	1
2025.05.16	11:00:00	5743.747	5757.329	5739.219	5751.292	102317	355201	1
2025.05.16	12:00:00	5751.292	5753.304	5731.674	5732.177	83255	298190	1
2025.05.16	13:00:00	5732.177	5733.686	5721.613	5728.655	54691	198674	1
2025.05.16	14:00:00	5729.158	5733.183	5725.637	5731.170	42706	153664	1
2025.05.16	15:00:00	5731.674	5731.674	5714.570	5723.625	57881	207585	1
2025.05.16	16:00:00	5724.128	5724.128	5714.570	5722.116	32047	121635	1
2025.05.16	17:00:00	5722.116	5725.134	5715.073	5717.085	18844	78170	1
2025.05.16	18:00:00	5717.588	5723.122	5715.073	5722.619	5122	23942	1
2025.05.19	09:00:00	5711.049	5743.244	5706.521	5733.686	181739	543525	1
2025.05.19	10:00:00	5733.686	5739.219	5711.049	5714.067	205611	550743	1
2025.05.19	11:00:00	5714.067	5720.104	5700.988	5704.509	151847	423511	1
2025.05.19	12:00:00	5704.509	5704.509	5684.387	5694.951	111372	361613	1
2025.05.19	13:00:00	5694.951	5698.473	5688.412	5697.970	38250	125288	1
2025.05.19	14:00:00	5697.467	5703.000	5692.436	5698.473	45457	153241	1
2025.05.19	15:00:00	5698.473	5701.994	5694.951	5695.957	31595	99120	1
2025.05.19	16:00:00	5696.461	5707.527	5692.939	5706.018	48526	176146	1
2025.05.19	17:00:00	5706.018	5707.024	5699.479	5703.000	20739	81797	1
2025.05.19	18:00:00	5703.503	5704.006	5697.467	5697.467	5079	23744	1
2025.05.20	09:00:00	5696.964	5714.067	5691.933	5701.491	226153	649017	1
2025.05.20	10:00:00	5700.988	5719.097	5691.933	5713.061	177300	617973	1
2025.05.20	11:00:00	5713.061	5725.134	5706.018	5717.588	117934	402075	1
2025.05.20	12:00:00	5717.085	5722.619	5707.527	5719.600	87457	326056	1
2025.05.20	13:00:00	5719.600	5724.128	5713.564	5716.582	46272	170891	1
2025.05.20	14:00:00	5716.582	5723.625	5715.073	5718.594	39511	144198	1
2025.05.20	15:00:00	5718.594	5733.183	5717.085	5729.661	54364	215894	1
2025.05.20	16:00:00	5730.164	5730.164	5715.073	5717.085	46831	168405	1
2025.05.20	17:00:00	5717.085	5720.607	5715.073	5717.588	16697	62311	1
2025.05.20	18:00:00	5717.085	5719.600	5711.049	5711.049	4607	25946	1
2025.05.21	09:00:00	5717.588	5725.637	5697.467	5705.012	206397	602494	1
2025.05.21	10:00:00	5705.012	5716.582	5702.497	5703.503	124753	392446	1
2025.05.21	11:00:00	5704.006	5710.043	5691.933	5694.448	101444	335966	1
2025.05.21	12:00:00	5694.448	5712.055	5693.442	5707.024	71253	247824	1
2025.05.21	13:00:00	5706.521	5707.024	5699.479	5700.988	35481	126669	1
2025.05.21	14:00:00	5700.988	5714.067	5693.442	5704.509	98533	350317	1
2025.05.21	15:00:00	5704.509	5707.527	5697.970	5703.000	40354	145640	1
2025.05.21	16:00:00	5703.503	5706.018	5686.903	5687.406	56231	202938	1
2025.05.21	17:00:00	5687.406	5694.448	5686.903	5692.436	20947	81184	1
2025.05.21	18:00:00	5692.939	5693.945	5689.418	5691.933	5070	22376	1
2025.05.22	09:00:00	5694.951	5725.637	5693.442	5703.000	239271	686690	1
2025.05.22	10:00:00	5703.000	5703.000	5682.878	5688.412	169412	570753	1
2025.05.22	11:00:00	5688.412	5694.951	5679.357	5680.866	107288	381194	1
2025.05.22	12:00:00	5681.369	5682.878	5658.732	5665.272	103055	419977	1
2025.05.22	13:00:00	5665.272	5673.321	5660.744	5672.314	49199	185003	1
2025.05.22	14:00:00	5672.314	5677.345	5638.611	5646.156	126747	510152	1
2025.05.22	15:00:00	5646.659	5699.479	5645.653	5698.976	132325	519641	1
2025.05.22	16:00:00	5698.473	5709.037	5673.321	5704.509	109382	381216	1
2025.05.22	17:00:00	5704.006	5762.862	5699.982	5760.347	98862	455029	1
2025.05.22	18:00:00	5760.850	5818.700	5759.341	5800.087	32076	164685	1
2025.05.23	09:00:00	5774.935	5783.487	5724.631	5738.716	284245	893859	1
2025.05.23	10:00:00	5738.213	5787.511	5734.189	5750.286	210209	687300	1
2025.05.23	11:00:00	5749.783	5753.304	5722.116	5725.637	117045	362281	1
2025.05.23	12:00:00	5725.637	5731.674	5713.564	5731.170	77300	263236	1
2025.05.23	13:00:00	5730.667	5731.674	5711.049	5721.110	61517	192574	1
2025.05.23	14:00:00	5721.110	5722.619	5707.024	5712.558	46120	145060	1
2025.05.23	15:00:00	5712.558	5714.570	5693.945	5694.951	62413	221952	1
2025.05.23	16:00:00	5695.454	5697.970	5686.903	5687.406	53313	185225	1
2025.05.23	17:00:00	5687.406	5691.430	5684.891	5688.412	26301	87579	1
2025.05.23	18:00:00	5687.909	5698.473	5687.406	5693.945	6545	32756	1
2025.05.26	09:00:00	5684.387	5703.503	5676.339	5700.485	154675	422276	1
2025.05.26	10:00:00	5699.982	5707.527	5687.406	5697.970	121604	340739	1
2025.05.26	11:00:00	5697.467	5712.558	5693.442	5706.018	80731	254576	1
2025.05.26	12:00:00	5706.521	5717.085	5701.491	5715.576	44178	137231	1
2025.05.26	13:00:00	5715.576	5716.079	5706.521	5708.031	31357	115653	1
2025.05.26	14:00:00	5707.527	5711.552	5704.509	5710.546	28620	100103	1
2025.05.26	15:00:00	5710.546	5720.607	5708.534	5714.570	34024	123407	1
2025.05.26	16:00:00	5714.570	5719.097	5712.055	5716.582	17794	59413	1
2025.05.26	17:00:00	5716.582	5717.588	5707.024	5710.546	14174	50594	1
2025.05.26	18:00:00	5710.546	5711.552	5703.503	5703.503	4218	17813	1
2025.05.27	09:00:00	5699.479	5711.049	5682.878	5694.448	198048	593316	1
2025.05.27	10:00:00	5694.448	5711.552	5687.909	5697.970	148654	461949	1
2025.05.27	11:00:00	5697.467	5708.031	5688.412	5693.442	109846	398698	1
2025.05.27	12:00:00	5693.442	5700.988	5686.400	5690.927	67653	227843	1
2025.05.27	13:00:00	5691.430	5702.497	5687.406	5700.988	42972	174319	1
2025.05.27	14:00:00	5701.491	5702.497	5688.412	5692.939	41684	134980	1
2025.05.27	15:00:00	5693.442	5694.448	5679.860	5683.884	60043	199964	1
2025.05.27	16:00:00	5683.381	5689.921	5681.872	5684.387	33598	106353	1
2025.05.27	17:00:00	5684.387	5687.406	5674.327	5681.369	23986	92052	1
2025.05.27	18:00:00	5680.866	5681.872	5675.836	5677.345	4960	20069	1
2025.05.28	09:00:00	5687.406	5704.509	5681.369	5703.503	154724	465480	1
2025.05.28	10:00:00	5704.006	5724.631	5701.491	5718.594	187802	616803	1
2025.05.28	11:00:00	5718.594	5737.207	5717.588	5734.189	117519	369606	1
2025.05.28	12:00:00	5734.692	5748.777	5730.667	5747.771	91821	316809	1
2025.05.28	13:00:00	5747.771	5755.820	5740.728	5744.250	80658	276716	1
2025.05.28	14:00:00	5744.250	5746.765	5726.140	5732.680	70130	256073	1
2025.05.28	15:00:00	5732.680	5738.213	5719.097	5726.643	70626	249835	1
2025.05.28	16:00:00	5726.140	5735.195	5720.607	5732.680	40976	142216	1
2025.05.28	17:00:00	5732.680	5735.698	5723.625	5726.140	21905	90609	1
2025.05.28	18:00:00	5726.140	5728.655	5723.122	5728.655	4345	19410	1
2025.05.29	09:00:00	5735.195	5740.728	5700.485	5700.988	198687	567843	1
2025.05.29	10:00:00	5700.988	5714.570	5695.454	5703.000	161644	485476	1
2025.05.29	11:00:00	5703.000	5703.503	5679.860	5681.872	125207	433603	1
2025.05.29	12:00:00	5682.375	5690.927	5679.357	5688.412	65891	235771	1
2025.05.29	13:00:00	5688.412	5690.927	5684.387	5688.915	39030	138707	1
2025.05.29	14:00:00	5689.418	5697.970	5686.903	5697.467	64612	220538	1
2025.05.29	15:00:00	5697.970	5697.970	5689.921	5692.436	42435	142391	1
2025.05.29	16:00:00	5692.939	5705.515	5691.430	5702.497	39953	144813	1
2025.05.29	17:00:00	5702.497	5712.055	5701.491	5704.006	23197	96785	1
2025.05.29	18:00:00	5703.503	5705.515	5698.976	5703.000	5494	25151	1
2025.05.30	09:00:00	5707.000	5729.000	5696.000	5715.000	208748	595457	1
2025.05.30	10:00:00	5715.000	5754.000	5711.000	5753.500	149209	517874	1
2025.05.30	11:00:00	5753.500	5777.500	5744.500	5769.000	143708	567787	1
2025.05.30	12:00:00	5768.500	5771.000	5747.500	5757.000	89441	358065	1
2025.05.30	13:00:00	5757.000	5760.500	5748.000	5749.000	49586	176482	1
2025.05.30	14:00:00	5748.500	5753.500	5744.000	5752.500	44484	144111	1
2025.05.30	15:00:00	5752.500	5755.500	5743.000	5749.000	50672	183388	1
2025.05.30	16:00:00	5748.500	5761.000	5748.500	5758.000	40125	150989	1
2025.05.30	17:00:00	5758.500	5761.500	5750.500	5760.000	22127	100832	1
2025.05.30	18:00:00	5760.000	5770.000	5760.000	5769.000	7274	34700	1
2025.06.02	09:00:00	5737.500	5745.000	5712.000	5712.500	205286	597110	1
2025.06.02	10:00:00	5713.000	5727.500	5701.500	5720.000	163374	499536	1
2025.06.02	11:00:00	5720.000	5732.500	5713.000	5724.500	112109	362499	1
2025.06.02	12:00:00	5724.500	5743.000	5721.000	5742.000	83329	260146	1
2025.06.02	13:00:00	5741.500	5745.000	5730.500	5736.500	59596	186031	1
2025.06.02	14:00:00	5737.000	5743.000	5732.000	5733.500	42465	134740	1
2025.06.02	15:00:00	5733.500	5736.000	5716.000	5718.000	54469	176182	1
2025.06.02	16:00:00	5717.500	5722.000	5709.000	5710.000	41403	139461	1
2025.06.02	17:00:00	5709.500	5713.000	5707.500	5709.500	25076	98483	1
2025.06.02	18:00:00	5709.000	5714.000	5708.500	5713.500	4402	20915	1
2025.06.03	09:00:00	5714.000	5745.000	5705.000	5743.000	162916	515629	1
2025.06.03	10:00:00	5743.000	5743.500	5713.500	5724.000	180520	556912	1
2025.06.03	11:00:00	5724.500	5731.500	5675.500	5677.500	184266	651075	1
2025.06.03	12:00:00	5678.000	5692.000	5675.000	5679.500	78043	255794	1
2025.06.03	13:00:00	5680.000	5686.500	5675.000	5676.500	44937	161729	1
2025.06.03	14:00:00	5676.000	5677.000	5666.500	5671.000	52889	173792	1
2025.06.03	15:00:00	5671.000	5679.500	5658.500	5673.000	83971	293321	1
2025.06.03	16:00:00	5673.000	5680.000	5668.000	5670.000	45304	161178	1
2025.06.03	17:00:00	5670.000	5674.000	5666.000	5672.500	25400	88863	1
2025.06.03	18:00:00	5672.500	5675.500	5668.500	5672.000	5724	27064	1
2025.06.04	09:00:00	5670.000	5670.500	5641.500	5656.000	209191	568588	1
2025.06.04	10:00:00	5656.000	5672.000	5653.500	5669.000	141681	447328	1
2025.06.04	11:00:00	5668.500	5674.500	5648.500	5659.000	129910	409260	1
2025.06.04	12:00:00	5659.500	5676.500	5659.500	5671.000	72131	232991	1
2025.06.04	13:00:00	5671.500	5678.500	5668.000	5670.000	54503	185135	1
2025.06.04	14:00:00	5670.000	5675.500	5665.000	5672.500	52298	188724	1
2025.06.04	15:00:00	5673.000	5680.000	5670.000	5678.000	38235	136931	1
2025.06.04	16:00:00	5678.000	5684.000	5673.000	5675.000	37996	134724	1
2025.06.04	17:00:00	5675.000	5676.500	5664.000	5667.500	31468	125756	1
2025.06.04	18:00:00	5668.000	5669.500	5662.000	5662.000	5304	23969	1
2025.06.05	09:00:00	5665.000	5668.500	5635.500	5643.500	209132	603215	1
2025.06.05	10:00:00	5643.500	5644.000	5619.000	5626.000	190025	637562	1
2025.06.05	11:00:00	5626.500	5639.000	5621.000	5627.500	122532	430722	1
2025.06.05	12:00:00	5627.500	5633.500	5620.000	5622.500	68957	248678	1
2025.06.05	13:00:00	5622.500	5628.000	5611.500	5618.000	75429	284329	1
2025.06.05	14:00:00	5618.500	5621.000	5608.000	5616.500	59063	204434	1
2025.06.05	15:00:00	5616.000	5625.500	5615.000	5618.000	48348	172028	1
2025.06.05	16:00:00	5618.500	5624.500	5614.000	5616.500	38364	140096	1
2025.06.05	17:00:00	5616.500	5620.000	5612.500	5618.500	23232	94814	1
2025.06.05	18:00:00	5619.000	5619.500	5611.000	5613.000	6825	29254	1
2025.06.06	09:00:00	5624.000	5627.000	5591.500	5608.500	248319	717445	1
2025.06.06	10:00:00	5608.500	5634.000	5606.500	5621.000	172587	539174	1
2025.06.06	11:00:00	5620.500	5640.000	5610.500	5638.000	116557	384238	1
2025.06.06	12:00:00	5638.000	5645.500	5625.500	5626.500	91039	304916	1
2025.06.06	13:00:00	5626.500	5626.500	5601.000	5609.500	72458	265983	1
2025.06.06	14:00:00	5609.500	5613.000	5595.500	5610.500	62893	220065	1
2025.06.06	15:00:00	5611.000	5614.500	5588.500	5592.500	78609	276457	1
2025.06.06	16:00:00	5593.000	5598.000	5587.500	5597.500	38612	127011	1
2025.06.06	17:00:00	5598.000	5598.500	5585.500	5587.500	24713	96269	1
2025.06.06	18:00:00	5587.500	5593.000	5585.000	5592.000	7047	31146	1
2025.06.09	09:00:00	5596.500	5606.000	5577.500	5596.000	197024	554503	1
2025.06.09	10:00:00	5596.000	5624.500	5590.500	5611.000	170798	534643	1
2025.06.09	11:00:00	5611.000	5618.000	5603.500	5612.000	103150	311174	1
2025.06.09	12:00:00	5612.000	5612.500	5594.000	5602.000	78195	254294	1
2025.06.09	13:00:00	5601.500	5607.500	5596.500	5601.000	46785	148415	1
2025.06.09	14:00:00	5601.000	5604.000	5595.500	5599.500	33453	109183	1
2025.06.09	15:00:00	5600.000	5601.000	5580.500	5583.500	64751	212075	1
2025.06.09	16:00:00	5584.000	5593.000	5582.000	5587.500	46441	149178	1
2025.06.09	17:00:00	5588.000	5588.000	5583.000	5584.500	12929	61953	1
2025.06.09	18:00:00	5584.000	5587.000	5583.500	5584.000	5688	26619	1
2025.06.10	09:00:00	5581.500	5595.500	5568.500	5576.000	219093	687818	1
2025.06.10	10:00:00	5576.500	5584.500	5567.500	5576.000	119215	367195	1
2025.06.10	11:00:00	5576.500	5587.500	5561.500	5584.000	133744	477318	1
2025.06.10	12:00:00	5584.500	5589.000	5575.000	5588.500	63906	206381	1
2025.06.10	13:00:00	5588.500	5598.000	5582.000	5583.000	59902	201557	1
2025.06.10	14:00:00	5582.500	5593.000	5581.500	5590.000	41600	133192	1
2025.06.10	15:00:00	5590.500	5601.000	5588.500	5597.000	42218	140521	1
2025.06.10	16:00:00	5597.500	5600.000	5590.500	5592.000	43834	138810	1
2025.06.10	17:00:00	5591.500	5600.000	5588.500	5597.500	24957	87809	1
2025.06.10	18:00:00	5597.000	5599.000	5592.500	5592.500	4507	20682	1
2025.06.11	09:00:00	5591.000	5602.000	5562.500	5575.000	232483	689022	1
2025.06.11	10:00:00	5574.500	5585.000	5560.000	5560.500	166149	549228	1
2025.06.11	11:00:00	5560.500	5567.500	5552.000	5564.500	120078	439932	1
2025.06.11	12:00:00	5564.500	5566.500	5546.500	5549.500	81196	305023	1
2025.06.11	13:00:00	5550.000	5555.500	5542.500	5552.000	61034	216255	1
2025.06.11	14:00:00	5552.000	5554.500	5548.000	5552.000	33023	113212	1
2025.06.11	15:00:00	5552.000	5567.500	5551.000	5560.500	59681	200055	1
2025.06.11	16:00:00	5560.500	5567.000	5559.000	5559.000	35002	127366	1
2025.06.11	17:00:00	5559.500	5561.500	5555.500	5557.500	17943	90688	1
2025.06.11	18:00:00	5557.500	5560.000	5556.500	5560.000	5780	24071	1
2025.06.12	09:00:00	5550.000	5562.500	5544.500	5550.000	205139	595917	1
2025.06.12	10:00:00	5550.000	5561.000	5546.000	5554.500	125509	397607	1
2025.06.12	11:00:00	5554.500	5579.000	5549.000	5566.500	102373	365458	1
2025.06.12	12:00:00	5566.500	5576.500	5558.000	5565.500	76651	290062	1
2025.06.12	13:00:00	5565.500	5579.500	5563.000	5573.000	46852	167959	1
2025.06.12	14:00:00	5573.000	5575.000	5563.500	5564.500	37738	132478	1
2025.06.12	15:00:00	5564.000	5566.000	5557.000	5563.000	43020	194167	1
2025.06.12	16:00:00	5563.000	5566.500	5560.000	5563.000	28301	103536	1
2025.06.12	17:00:00	5562.500	5563.000	5555.500	5557.500	20203	86622	1
2025.06.12	18:00:00	5557.000	5558.000	5552.000	5553.000	5142	25423	1
2025.06.13	09:00:00	5587.000	5599.500	5576.000	5595.500	175906	562466	1
2025.06.13	10:00:00	5596.000	5612.000	5580.000	5585.500	192932	625526	1
2025.06.13	11:00:00	5585.500	5589.500	5563.500	5569.500	119416	410614	1
2025.06.13	12:00:00	5570.000	5576.500	5554.500	5563.500	85918	298503	1
2025.06.13	13:00:00	5563.500	5571.000	5560.000	5562.000	45634	158219	1
2025.06.13	14:00:00	5562.500	5566.000	5556.000	5559.500	47042	171678	1
2025.06.13	15:00:00	5560.000	5569.500	5551.000	5552.500	55758	247395	1
2025.06.13	16:00:00	5552.500	5560.000	5548.500	5558.000	38557	172243	1
2025.06.13	17:00:00	5558.000	5563.000	5556.500	5561.000	21224	92479	1
2025.06.13	18:00:00	5561.500	5569.500	5561.000	5569.000	5832	27108	1
2025.06.16	09:00:00	5543.000	5553.500	5525.000	5534.500	164054	524351	1
2025.06.16	10:00:00	5534.500	5552.000	5516.500	5517.500	176162	547601	1
2025.06.16	11:00:00	5518.000	5526.000	5512.500	5519.500	96022	350419	1
2025.06.16	12:00:00	5519.000	5536.000	5518.500	5533.500	90029	325384	1
2025.06.16	13:00:00	5533.500	5534.000	5521.500	5526.000	43296	158488	1
2025.06.16	14:00:00	5525.500	5529.000	5514.500	5517.000	47201	179316	1
2025.06.16	15:00:00	5517.000	5518.000	5507.000	5513.000	65059	247396	1
2025.06.16	16:00:00	5513.000	5513.500	5500.500	5502.000	49971	210617	1
2025.06.16	17:00:00	5502.500	5510.000	5501.000	5507.000	28757	133520	1
2025.06.16	18:00:00	5507.500	5508.000	5498.000	5498.500	8564	39842	1
2025.06.17	09:00:00	5508.000	5520.000	5498.500	5505.000	195088	561058	1
2025.06.17	10:00:00	5505.000	5505.500	5481.500	5483.000	163425	549749	1
2025.06.17	11:00:00	5483.000	5507.000	5480.000	5500.000	137732	487798	1
2025.06.17	12:00:00	5500.000	5502.000	5489.500	5490.000	68190	238341	1
2025.06.17	13:00:00	5490.000	5505.000	5483.000	5502.500	79283	299957	1
2025.06.17	14:00:00	5502.000	5517.500	5495.500	5515.000	85312	333730	1
2025.06.17	15:00:00	5515.000	5521.000	5505.500	5516.000	66478	240057	1
2025.06.17	16:00:00	5516.000	5518.500	5507.000	5510.000	48705	172933	1
2025.06.17	17:00:00	5510.500	5516.500	5509.000	5513.500	17956	76589	1
2025.06.17	18:00:00	5514.000	5514.500	5507.500	5507.500	5335	25216	1
2025.06.18	09:00:00	5506.000	5524.500	5491.000	5516.000	196659	616447	1
2025.06.18	10:00:00	5516.000	5517.000	5488.000	5497.500	145586	485358	1
2025.06.18	11:00:00	5497.000	5502.000	5488.000	5495.000	91943	304280	1
2025.06.18	12:00:00	5495.000	5509.000	5494.500	5505.500	60819	212351	1
2025.06.18	13:00:00	5506.000	5522.000	5503.500	5521.000	61184	214194	1
2025.06.18	14:00:00	5520.500	5521.000	5508.000	5510.000	48180	173537	1
2025.06.18	15:00:00	5510.000	5521.000	5500.000	5518.500	82637	296702	1
2025.06.18	16:00:00	5518.500	5519.500	5507.500	5513.500	49509	164387	1
2025.06.18	17:00:00	5513.000	5514.500	5503.000	5504.500	18499	88117	1
2025.06.18	18:00:00	5504.500	5506.000	5493.000	5496.000	5871	33765	1
2025.06.20	09:00:00	5483.000	5509.500	5480.000	5507.000	156930	475553	1
2025.06.20	10:00:00	5507.000	5508.500	5486.500	5498.000	127378	388626	1
2025.06.20	11:00:00	5498.500	5516.500	5490.500	5514.000	111517	399568	1
2025.06.20	12:00:00	5513.500	5525.000	5511.000	5515.000	89382	307538	1
2025.06.20	13:00:00	5515.000	5524.000	5509.500	5522.500	54943	182862	1
2025.06.20	14:00:00	5522.000	5527.500	5514.500	5524.500	43862	151036	1
2025.06.20	15:00:00	5524.000	5535.000	5524.000	5534.000	49265	161815	1
2025.06.20	16:00:00	5534.500	5538.000	5531.500	5536.500	33855	110733	1
2025.06.20	17:00:00	5536.500	5537.000	5522.500	5524.000	34439	124512	1
2025.06.20	18:00:00	5523.000	5530.500	5521.500	5527.000	6418	33518	1
2025.06.23	09:00:00	5545.500	5552.500	5528.500	5530.000	201750	620358	1
2025.06.23	10:00:00	5530.500	5540.500	5520.000	5537.500	147920	462066	1
2025.06.23	11:00:00	5538.000	5542.000	5515.500	5522.000	131634	430234	1
2025.06.23	12:00:00	5522.000	5526.000	5505.000	5525.500	97917	351948	1
2025.06.23	13:00:00	5525.500	5534.000	5518.000	5530.000	81494	291045	1
2025.06.23	14:00:00	5530.000	5531.000	5510.500	5519.500	72931	248044	1
2025.06.23	15:00:00	5520.000	5522.000	5509.000	5510.500	49072	170987	1
2025.06.23	16:00:00	5510.500	5516.500	5509.500	5512.500	27988	96866	1
2025.06.23	17:00:00	5512.500	5513.000	5503.000	5505.500	26456	107236	1
2025.06.23	18:00:00	5505.000	5506.000	5501.000	5505.000	6668	29598	1
2025.06.24	09:00:00	5482.000	5509.500	5482.000	5503.500	194244	630415	1
2025.06.24	10:00:00	5504.000	5513.000	5499.500	5510.500	124580	400174	1
2025.06.24	11:00:00	5510.500	5510.500	5482.000	5502.000	150246	541081	1
2025.06.24	12:00:00	5502.500	5511.500	5493.000	5505.500	83779	300588	1
2025.06.24	13:00:00	5505.500	5516.000	5504.500	5512.500	53834	210988	1
2025.06.24	14:00:00	5513.000	5515.500	5502.000	5512.500	46168	186997	1
2025.06.24	15:00:00	5512.000	5530.000	5508.500	5528.000	63858	262307	1
2025.06.24	16:00:00	5528.000	5528.500	5517.000	5525.000	51039	184346	1
2025.06.24	17:00:00	5525.000	5530.000	5516.000	5518.000	25601	112394	1
2025.06.24	18:00:00	5517.500	5525.000	5517.000	5519.500	5978	28514	1
2025.06.25	09:00:00	5517.500	5553.500	5515.000	5533.000	206161	641903	1
2025.06.25	10:00:00	5533.500	5551.000	5530.000	5544.500	150488	473347	1
2025.06.25	11:00:00	5545.000	5558.000	5542.500	5549.000	114606	429929	1
2025.06.25	12:00:00	5549.000	5579.000	5548.000	5564.000	109051	405484	1
2025.06.25	13:00:00	5563.500	5564.000	5536.000	5541.000	70497	265564	1
2025.06.25	14:00:00	5541.000	5551.000	5540.000	5549.500	52101	190100	1
2025.06.25	15:00:00	5549.000	5557.000	5547.500	5556.500	49876	186129	1
2025.06.25	16:00:00	5556.500	5564.500	5555.000	5562.000	44551	160526	1
2025.06.25	17:00:00	5561.500	5570.000	5558.000	5568.500	28807	127902	1
2025.06.25	18:00:00	5568.500	5569.000	5562.000	5562.000	5540	27192	1
2025.06.26	09:00:00	5552.000	5567.000	5540.000	5541.000	199944	633474	1
2025.06.26	10:00:00	5541.000	5543.500	5514.000	5519.000	175132	584873	1
2025.06.26	11:00:00	5519.000	5524.000	5507.000	5510.000	114241	368569	1
2025.06.26	12:00:00	5510.000	5516.000	5505.000	5509.000	86006	295363	1
2025.06.26	13:00:00	5508.500	5514.500	5499.000	5503.000	65022	207209	1
2025.06.26	14:00:00	5503.500	5506.000	5494.500	5499.500	54912	195495	1
2025.06.26	15:00:00	5499.500	5503.500	5496.000	5498.000	44079	161630	1
2025.06.26	16:00:00	5498.000	5510.500	5498.000	5502.000	53584	179507	1
2025.06.26	17:00:00	5502.000	5505.000	5490.500	5492.000	31514	182707	1
2025.06.26	18:00:00	5491.500	5492.500	5411.500	5483.000	18815	113632	1
2025.06.27	09:00:00	5530.055	5534.589	5501.849	5510.915	196943	645641	1
2025.06.27	10:00:00	5511.419	5535.596	5508.397	5534.085	175086	525141	1
2025.06.27	11:00:00	5533.581	5547.685	5528.544	5529.552	131476	450652	1
2025.06.27	12:00:00	5530.055	5531.063	5513.937	5523.507	103478	378772	1
2025.06.27	13:00:00	5524.011	5525.018	5506.886	5510.411	62313	229926	1
2025.06.27	14:00:00	5510.915	5537.611	5508.397	5527.033	77533	289645	1
2025.06.27	15:00:00	5527.033	5539.122	5524.011	5531.063	62062	234004	1
2025.06.27	16:00:00	5530.559	5533.581	5524.011	5525.018	40677	139898	1
2025.06.27	17:00:00	5525.522	5531.063	5521.996	5528.041	19532	78403	1
2025.06.27	18:00:00	5528.041	5528.544	5519.982	5522.500	5809	25664	1
2025.06.30	09:00:00	5525.500	5547.500	5513.500	5515.500	181403	538851	1
2025.06.30	10:00:00	5516.000	5526.500	5505.000	5514.000	153591	521097	1
2025.06.30	11:00:00	5514.000	5522.500	5496.500	5497.500	132337	488546	1
2025.06.30	12:00:00	5497.500	5501.500	5465.000	5468.500	126088	550603	1
2025.06.30	13:00:00	5468.000	5484.500	5468.000	5478.000	60813	232572	1
2025.06.30	14:00:00	5478.000	5482.500	5474.000	5477.500	43271	156013	1
2025.06.30	15:00:00	5477.500	5477.500	5466.500	5468.500	56969	213812	1
2025.06.30	16:00:00	5468.500	5478.000	5468.000	5476.500	38870	152602	1
2025.06.30	17:00:00	5476.500	5478.000	5472.000	5474.500	18173	91644	1
2025.06.30	18:00:00	5474.000	5475.000	5468.500	5473.500	5895	33493	1
2025.07.01	09:00:00	5467.500	5479.000	5457.500	5478.000	190384	587909	1
2025.07.01	10:00:00	5478.000	5494.500	5473.000	5485.500	156894	518308	1
2025.07.01	11:00:00	5485.500	5499.000	5485.500	5491.000	102865	330204	1
2025.07.01	12:00:00	5491.000	5509.000	5488.500	5499.000	82450	281426	1
2025.07.01	13:00:00	5499.500	5504.000	5491.000	5492.500	49272	162886	1
2025.07.01	14:00:00	5492.500	5505.000	5491.000	5504.000	50011	200270	1
2025.07.01	15:00:00	5504.000	5509.500	5502.500	5507.000	44645	167526	1
2025.07.01	16:00:00	5506.500	5509.000	5492.000	5500.500	47358	181815	1
2025.07.01	17:00:00	5500.500	5502.500	5495.500	5498.500	15958	79210	1
2025.07.01	18:00:00	5498.500	5501.500	5493.000	5495.500	5180	24504	1
2025.07.02	09:00:00	5502.000	5518.500	5488.000	5496.500	210818	631272	1
2025.07.02	10:00:00	5497.000	5510.000	5493.000	5498.500	158729	521216	1
2025.07.02	11:00:00	5498.500	5508.000	5479.500	5483.500	114105	436826	1
2025.07.02	12:00:00	5484.000	5485.000	5464.500	5466.500	101993	379139	1
2025.07.02	13:00:00	5466.500	5470.000	5461.500	5464.500	50487	192198	1
2025.07.02	14:00:00	5464.500	5470.000	5458.000	5468.000	52402	219688	1
2025.07.02	15:00:00	5468.000	5470.000	5456.000	5460.500	51675	194694	1
2025.07.02	16:00:00	5460.000	5464.000	5452.500	5456.000	40299	153874	1
2025.07.02	17:00:00	5455.500	5462.500	5455.500	5462.000	25975	119672	1
2025.07.02	18:00:00	5462.000	5465.000	5457.500	5464.500	7533	39669	1
2025.07.03	09:00:00	5465.000	5482.500	5459.500	5468.500	167230	571888	1
2025.07.03	10:00:00	5468.000	5472.500	5440.000	5450.000	168987	583844	1
2025.07.03	11:00:00	5450.500	5453.500	5440.500	5445.500	94402	336277	1
2025.07.03	12:00:00	5446.000	5457.000	5445.000	5454.000	63969	208468	1
2025.07.03	13:00:00	5453.500	5468.500	5451.000	5452.500	66220	241428	1
2025.07.03	14:00:00	5452.500	5459.000	5452.500	5457.500	34228	127826	1
2025.07.03	15:00:00	5457.000	5459.000	5447.000	5447.500	30561	117708	1
2025.07.03	16:00:00	5447.000	5449.500	5438.500	5439.000	30216	138020	1
2025.07.03	17:00:00	5439.000	5445.000	5437.500	5444.000	21911	93987	1
2025.07.03	18:00:00	5444.500	5449.000	5440.500	5448.000	7075	29358	1
2025.07.04	09:00:00	5455.500	5460.000	5448.500	5451.000	102763	300381	1
2025.07.04	10:00:00	5451.000	5453.000	5437.500	5443.000	103009	297578	1
2025.07.04	11:00:00	5443.000	5448.000	5438.000	5441.000	51431	174264	1
2025.07.04	12:00:00	5441.500	5446.500	5440.000	5442.500	25279	92127	1
2025.07.04	13:00:00	5442.500	5447.000	5442.500	5445.500	14722	63635	1
2025.07.04	14:00:00	5446.000	5457.500	5444.500	5454.000	34335	131804	1
2025.07.04	15:00:00	5454.500	5460.500	5453.000	5458.000	29124	103812	1
2025.07.04	16:00:00	5457.500	5462.000	5457.000	5459.000	16208	59249	1
2025.07.04	17:00:00	5459.500	5460.000	5452.000	5456.000	11218	46776	1
2025.07.04	18:00:00	5455.500	5458.500	5452.500	5455.500	4761	22278	1
2025.07.07	09:00:00	5474.000	5489.500	5470.500	5479.000	152670	479338	1
2025.07.07	10:00:00	5479.000	5491.000	5475.000	5480.500	150865	506932	1
2025.07.07	11:00:00	5480.500	5502.000	5477.500	5489.500	138353	489418	1
2025.07.07	12:00:00	5489.000	5503.500	5488.000	5497.500	77878	294368	1
2025.07.07	13:00:00	5498.000	5517.000	5493.000	5515.500	92050	363295	1
2025.07.07	14:00:00	5516.000	5516.500	5506.000	5510.500	46623	176319	1
2025.07.07	15:00:00	5510.500	5516.500	5506.500	5515.000	44241	156018	1
2025.07.07	16:00:00	5515.500	5516.000	5511.000	5511.500	23319	79128	1
2025.07.07	17:00:00	5512.000	5523.000	5507.500	5521.500	29858	147457	1
2025.07.07	18:00:00	5521.500	5526.000	5518.000	5520.500	8605	38089	1
2025.07.08	09:00:00	5505.500	5510.500	5480.500	5484.500	181573	585271	1
2025.07.08	10:00:00	5484.500	5502.000	5479.500	5485.500	150856	492014	1
2025.07.08	11:00:00	5485.000	5496.500	5481.500	5491.000	97148	337233	1
2025.07.08	12:00:00	5491.000	5496.000	5486.500	5492.500	51189	177380	1
2025.07.08	13:00:00	5492.500	5505.000	5488.500	5493.500	93230	309678	1
2025.07.08	14:00:00	5493.500	5495.000	5478.000	5479.500	65605	235229	1
2025.07.08	15:00:00	5479.000	5480.000	5467.000	5471.500	67733	246710	1
2025.07.08	16:00:00	5471.500	5479.500	5470.500	5477.000	39439	153856	1
2025.07.08	17:00:00	5477.000	5481.000	5472.500	5478.500	20158	81942	1
2025.07.08	18:00:00	5478.500	5485.000	5476.500	5483.500	5941	28524	1
2025.07.09	09:00:00	5488.000	5506.500	5486.000	5496.500	145218	466215	1
2025.07.09	10:00:00	5497.000	5500.000	5479.500	5492.000	107417	368175	1
2025.07.09	11:00:00	5492.500	5502.500	5488.000	5500.500	77654	299605	1
2025.07.09	12:00:00	5500.500	5501.000	5485.000	5485.500	52545	202692	1
2025.07.09	13:00:00	5485.500	5488.000	5480.000	5483.000	37793	146263	1
2025.07.09	14:00:00	5482.500	5520.000	5478.000	5512.500	101307	412708	1
2025.07.09	15:00:00	5512.500	5526.500	5506.500	5516.000	84470	341160	1
2025.07.09	16:00:00	5516.500	5532.500	5515.000	5532.000	48130	169962	1
2025.07.09	17:00:00	5532.000	5638.000	5530.500	5606.000	159171	692814	1
2025.07.09	18:00:00	5606.500	5633.000	5602.000	5608.500	17188	99182	1
2025.07.10	09:00:00	5643.500	5658.000	5598.500	5605.000	102736	1066062	0
2025.07.10	10:00:00	5605.000	5605.500	5553.000	5577.000	89390	943678	0
2025.07.10	11:00:00	5577.000	5582.500	5564.000	5575.500	43486	423381	0
2025.07.10	12:00:00	5576.000	5591.000	5563.500	5564.500	30339	356249	0
2025.07.10	13:00:00	5565.000	5585.500	5555.000	5574.000	26149	307128	0
2025.07.10	14:00:00	5574.000	5593.000	5568.000	5585.000	22855	265440	0
2025.07.10	15:00:00	5585.500	5591.000	5575.000	5578.000	20431	216170	0
2025.07.10	16:00:00	5578.000	5579.500	5565.500	5570.000	18182	193495	0
2025.07.10	17:00:00	5570.000	5574.000	5559.500	5561.000	10347	118008	0
2025.07.10	18:00:00	5560.500	5566.500	5558.000	5561.500	3283	27437	0
2025.07.11	09:00:00	5579.500	5604.000	5577.000	5597.500	60197	516141	0
2025.07.11	10:00:00	5598.000	5619.000	5585.000	5610.500	57019	586043	0
2025.07.11	11:00:00	5611.000	5619.000	5583.500	5598.000	55408	627201	0
2025.07.11	12:00:00	5598.500	5610.000	5591.500	5599.500	22092	272238	0
2025.07.11	13:00:00	5599.000	5602.000	5586.000	5590.500	17466	198103	0
2025.07.11	14:00:00	5590.500	5592.500	5578.000	5579.500	13796	141729	0
2025.07.11	15:00:00	5579.000	5580.000	5569.000	5574.000	16240	166885	0
2025.07.11	16:00:00	5573.500	5574.500	5567.500	5573.500	10899	107208	0
2025.07.11	17:00:00	5574.000	5589.000	5572.000	5585.000	9799	108322	0
2025.07.11	18:00:00	5584.500	5597.000	5584.500	5590.500	3542	31968	0
2025.07.14	09:00:00	5591.500	5599.500	5573.500	5581.500	63797	550222	0
2025.07.14	10:00:00	5581.000	5584.000	5568.500	5570.000	45083	428992	0
2025.07.14	11:00:00	5570.000	5594.000	5569.000	5588.000	35354	354536	0
2025.07.14	12:00:00	5587.500	5601.000	5587.000	5599.000	25405	282192	0
2025.07.14	13:00:00	5599.000	5600.000	5590.000	5593.000	14498	155231	0
2025.07.14	14:00:00	5593.500	5600.000	5588.500	5598.000	11690	118762	0
2025.07.14	15:00:00	5598.000	5614.000	5596.500	5607.000	19635	226449	0
2025.07.14	16:00:00	5607.000	5618.000	5604.000	5610.500	16053	226726	0
2025.07.14	17:00:00	5610.000	5615.000	5605.000	5613.500	9486	119945	0
2025.07.14	18:00:00	5613.000	5621.500	5611.500	5613.000	3911	33810	0
2025.07.15	09:00:00	5599.000	5623.000	5567.500	5573.000	92063	850136	0
2025.07.15	10:00:00	5573.500	5588.000	5556.500	5576.000	62001	633309	0
2025.07.15	11:00:00	5576.000	5588.000	5573.000	5577.000	32689	371295	0
2025.07.15	12:00:00	5577.000	5598.000	5570.000	5589.000	31586	380646	0
2025.07.15	13:00:00	5589.000	5627.000	5585.500	5618.500	37133	457407	0
2025.07.15	14:00:00	5618.500	5618.500	5589.000	5598.000	29475	354997	0
2025.07.15	15:00:00	5598.000	5600.500	5580.000	5583.500	21460	228800	0
2025.07.15	16:00:00	5583.500	5586.500	5574.000	5580.000	14567	160862	0
2025.07.15	17:00:00	5579.500	5584.500	5577.000	5578.000	6959	81223	0
2025.07.15	18:00:00	5578.500	5580.000	5572.500	5574.000	3191	29204	0
2025.07.16	09:00:00	5585.000	5597.000	5576.500	5594.000	177245	532614	1
2025.07.16	10:00:00	5594.000	5613.500	5585.500	5602.500	169664	568934	1
2025.07.16	11:00:00	5602.500	5605.500	5586.000	5590.500	124889	459569	1
2025.07.16	12:00:00	5591.000	5594.000	5571.000	5585.500	167778	647335	1
2025.07.16	13:00:00	5585.500	5590.000	5575.500	5583.000	58338	205945	1
2025.07.16	14:00:00	5583.000	5586.000	5560.000	5569.000	74894	286423	1
2025.07.16	15:00:00	5569.000	5598.000	5567.000	5578.000	93259	365784	1
2025.07.16	16:00:00	5577.500	5583.500	5575.000	5579.500	31833	113495	1
2025.07.16	17:00:00	5579.500	5590.000	5578.500	5588.000	19180	83652	1
2025.07.16	18:00:00	5588.000	5588.000	5583.000	5587.000	4925	20055	1
2025.07.17	09:00:00	5601.000	5629.000	5597.500	5605.000	210249	700322	1
2025.07.17	10:00:00	5605.000	5611.000	5595.000	5599.500	125253	407718	1
2025.07.17	11:00:00	5599.500	5608.000	5575.500	5580.000	117244	420934	1
2025.07.17	12:00:00	5580.000	5588.000	5575.500	5583.500	58725	213693	1
2025.07.17	13:00:00	5583.500	5590.000	5577.500	5582.500	48915	169456	1
2025.07.17	14:00:00	5582.000	5586.500	5573.000	5574.000	40053	152668	1
2025.07.17	15:00:00	5574.000	5577.000	5561.000	5566.500	58776	218689	1
2025.07.17	16:00:00	5566.500	5570.000	5564.500	5566.500	25742	89884	1
2025.07.17	17:00:00	5566.000	5568.500	5556.500	5567.000	30054	152551	1
2025.07.17	18:00:00	5567.000	5572.500	5563.000	5567.000	11073	53737	1
2025.07.18	09:00:00	5581.000	5585.000	5563.500	5574.000	170105	541444	1
2025.07.18	10:00:00	5574.500	5577.500	5544.500	5545.000	163037	573875	1
2025.07.18	11:00:00	5544.500	5563.000	5539.500	5561.500	104882	384486	1
2025.07.18	12:00:00	5561.000	5582.500	5555.500	5580.500	74612	280929	1
2025.07.18	13:00:00	5581.000	5592.500	5577.000	5589.500	65552	262326	1
2025.07.18	14:00:00	5589.500	5597.000	5581.500	5592.500	55959	215198	1
2025.07.18	15:00:00	5592.500	5615.000	5589.500	5611.000	63089	281508	1
2025.07.18	16:00:00	5611.000	5611.000	5600.500	5604.500	47859	206549	1
2025.07.18	17:00:00	5604.500	5606.000	5595.000	5596.500	19565	86964	1
2025.07.18	18:00:00	5596.500	5598.500	5588.000	5592.500	6786	34758	1
2025.07.21	09:00:00	5610.000	5626.500	5573.000	5574.000	186470	624648	1
2025.07.21	10:00:00	5574.000	5593.000	5570.000	5590.000	130550	414649	1
2025.07.21	11:00:00	5590.000	5591.500	5572.500	5574.000	105357	342738	1
2025.07.21	12:00:00	5574.000	5576.000	5565.000	5567.000	63375	233989	1
2025.07.21	13:00:00	5567.000	5576.000	5565.500	5571.500	37838	124403	1
2025.07.21	14:00:00	5571.000	5585.000	5570.000	5579.500	45457	174069	1
2025.07.21	15:00:00	5579.000	5582.000	5576.500	5578.500	31377	108412	1
2025.07.21	16:00:00	5578.000	5584.000	5576.000	5579.500	30084	106531	1
2025.07.21	17:00:00	5579.000	5582.500	5577.000	5582.500	15363	57898	1
2025.07.21	18:00:00	5582.000	5583.500	5580.000	5581.000	5570	26274	1
2025.07.22	09:00:00	5584.500	5599.500	5573.000	5589.000	178819	557560	1
2025.07.22	10:00:00	5589.500	5592.500	5574.000	5590.500	145379	475955	1
2025.07.22	11:00:00	5591.000	5603.500	5576.000	5579.000	127392	463613	1
2025.07.22	12:00:00	5579.500	5584.000	5565.000	5567.500	76156	289584	1
2025.07.22	13:00:00	5567.500	5574.500	5564.000	5574.500	50234	174359	1
2025.07.22	14:00:00	5574.000	5583.500	5572.500	5578.500	53344	206282	1
2025.07.22	15:00:00	5579.000	5584.000	5576.000	5579.000	36838	136714	1
2025.07.22	16:00:00	5578.500	5586.500	5575.500	5578.500	36067	132223	1
2025.07.22	17:00:00	5578.500	5580.000	5572.500	5578.500	18586	82773	1
2025.07.22	18:00:00	5578.000	5578.500	5572.000	5575.000	4644	20451	1
2025.07.23	09:00:00	5575.000	5588.500	5570.000	5573.000	164507	556221	1
2025.07.23	10:00:00	5573.500	5579.000	5565.000	5571.500	124814	417414	1
2025.07.23	11:00:00	5571.500	5580.000	5565.000	5567.000	90216	331263	1
2025.07.23	12:00:00	5567.500	5572.000	5550.000	5552.500	79169	296470	1
2025.07.23	13:00:00	5552.000	5552.500	5541.500	5544.500	64214	251958	1
2025.07.23	14:00:00	5544.500	5545.500	5530.000	5533.000	69561	275487	1
2025.07.23	15:00:00	5533.000	5535.500	5525.500	5529.000	51833	208509	1
2025.07.23	16:00:00	5529.000	5534.000	5527.500	5533.500	28030	107588	1
2025.07.23	17:00:00	5533.000	5533.500	5526.000	5532.000	21899	105742	1
2025.07.23	18:00:00	5531.500	5532.000	5520.500	5521.000	9179	41911	1
2025.07.24	09:00:00	5534.500	5549.000	5529.000	5536.500	144032	502522	1
2025.07.24	10:00:00	5536.500	5549.000	5526.000	5543.500	152151	526991	1
2025.07.24	11:00:00	5543.000	5546.000	5531.000	5537.500	80728	278143	1
2025.07.24	12:00:00	5538.000	5541.000	5530.500	5530.500	54913	225963	1
2025.07.24	13:00:00	5530.500	5545.500	5527.000	5539.000	53951	219423	1
2025.07.24	14:00:00	5539.000	5541.000	5529.500	5540.000	41219	168138	1
2025.07.24	15:00:00	5539.500	5541.000	5530.000	5531.000	31860	118961	1
2025.07.24	16:00:00	5531.500	5532.500	5521.500	5530.000	43118	178862	1
2025.07.24	17:00:00	5530.500	5533.500	5525.500	5531.000	18220	76858	1
2025.07.24	18:00:00	5531.000	5532.500	5526.000	5532.500	4953	18885	1
2025.07.25	09:00:00	5540.000	5545.000	5528.500	5534.500	140128	473085	1
2025.07.25	10:00:00	5534.500	5554.000	5534.000	5546.000	135079	472450	1
2025.07.25	11:00:00	5546.000	5553.000	5536.000	5545.500	77557	291102	1
2025.07.25	12:00:00	5546.000	5581.000	5544.500	5575.000	119563	477575	1
2025.07.25	13:00:00	5575.000	5576.000	5557.000	5567.000	51656	190557	1
2025.07.25	14:00:00	5567.000	5574.000	5565.500	5572.000	31262	118612	1
2025.07.25	15:00:00	5572.500	5577.000	5568.000	5575.500	31695	124363	1
2025.07.25	16:00:00	5575.500	5576.000	5568.000	5569.500	25453	108988	1
2025.07.25	17:00:00	5569.000	5574.000	5565.500	5570.500	19315	90287	1
2025.07.25	18:00:00	5571.000	5574.500	5567.500	5568.000	5010	26463	1
2025.07.28	09:00:00	5592.500	5599.000	5576.000	5579.500	149127	508492	1
2025.07.28	10:00:00	5579.500	5611.500	5573.500	5600.500	154448	619332	1
2025.07.28	11:00:00	5600.000	5604.000	5586.500	5588.500	89225	338094	1
2025.07.28	12:00:00	5588.500	5602.500	5586.500	5599.500	65070	257976	1
2025.07.28	13:00:00	5599.500	5600.000	5592.500	5596.500	34258	128978	1
2025.07.28	14:00:00	5596.000	5609.000	5596.000	5605.000	44725	177820	1
2025.07.28	15:00:00	5605.000	5608.500	5597.000	5604.000	42879	155543	1
2025.07.28	16:00:00	5604.000	5605.500	5597.000	5597.500	29273	108989	1
2025.07.28	17:00:00	5597.000	5598.500	5590.500	5594.000	21865	104696	1
2025.07.28	18:00:00	5594.500	5597.500	5593.000	5594.500	5303	22814	1
2025.07.29	09:00:00	5604.000	5607.500	5589.500	5598.500	147803	522858	1
2025.07.29	10:00:00	5599.000	5606.000	5585.000	5591.500	138167	523792	1
2025.07.29	11:00:00	5592.000	5601.000	5573.000	5596.000	141829	631778	1
2025.07.29	12:00:00	5596.000	5598.000	5572.000	5573.000	81303	348984	1
2025.07.29	13:00:00	5572.500	5573.500	5562.000	5572.500	56564	231214	1
2025.07.29	14:00:00	5572.500	5574.000	5567.500	5573.000	37523	141205	1
2025.07.29	15:00:00	5573.000	5583.000	5568.500	5572.000	54141	218580	1
2025.07.29	16:00:00	5572.000	5576.000	5569.000	5571.500	29243	109945	1
2025.07.29	17:00:00	5571.500	5580.000	5571.500	5577.500	19568	85056	1
2025.07.29	18:00:00	5577.500	5585.000	5577.000	5580.000	5875	32260	1
2025.07.30	09:00:00	5623.496	5640.627	5623.496	5628.535	147229	517470	1
2025.07.30	10:00:00	5628.031	5648.689	5624.504	5639.619	139059	512984	1
2025.07.30	11:00:00	5639.619	5659.270	5636.092	5648.689	110336	427705	1
2025.07.30	12:00:00	5649.193	5670.354	5647.177	5663.804	80335	312301	1
2025.07.30	13:00:00	5663.804	5675.393	5639.619	5641.635	117546	476519	1
2025.07.30	14:00:00	5641.131	5651.208	5630.046	5643.650	77844	291891	1
2025.07.30	15:00:00	5643.146	5674.385	5578.653	5616.442	241318	906168	1
2025.07.30	16:00:00	5616.442	5632.566	5609.892	5632.566	76705	235988	1
2025.07.30	17:00:00	5632.062	5635.589	5613.419	5613.923	29747	101090	1
2025.07.30	18:00:00	5614.427	5627.527	5613.419	5624.000	6104	23467	1
2025.07.31	09:00:00	5610.000	5646.000	5606.000	5642.000	165816	569664	1
2025.07.31	10:00:00	5642.500	5668.000	5641.000	5659.000	147810	584294	1
2025.07.31	11:00:00	5659.000	5661.000	5628.500	5641.000	127957	547473	1
2025.07.31	12:00:00	5641.000	5642.500	5624.500	5628.500	67945	287860	1
2025.07.31	13:00:00	5628.500	5637.000	5623.500	5633.000	39232	156492	1
2025.07.31	14:00:00	5633.500	5648.000	5631.500	5645.500	43938	168516	1
2025.07.31	15:00:00	5645.500	5660.000	5639.500	5640.500	73281	302249	1
2025.07.31	16:00:00	5641.000	5647.000	5637.500	5643.000	37295	142697	1
2025.07.31	17:00:00	5643.000	5645.500	5638.000	5645.500	20970	83491	1
2025.07.31	18:00:00	5645.000	5652.000	5645.000	5649.500	6367	26811	1
2025.08.01	09:00:00	5662.000	5669.500	5586.000	5592.000	249318	929932	1
2025.08.01	10:00:00	5592.000	5599.000	5568.000	5588.500	208958	774207	1
2025.08.01	11:00:00	5588.500	5603.000	5577.000	5589.000	113479	461827	1
2025.08.01	12:00:00	5589.000	5593.000	5581.500	5583.500	64065	246740	1
2025.08.01	13:00:00	5584.000	5594.500	5578.000	5590.500	45588	170215	1
2025.08.01	14:00:00	5590.500	5598.000	5589.000	5592.000	46532	182077	1
2025.08.01	15:00:00	5591.500	5603.000	5584.000	5599.000	64444	253846	1
2025.08.01	16:00:00	5599.500	5599.500	5581.500	5586.500	49948	187827	1
2025.08.01	17:00:00	5586.000	5591.500	5574.000	5584.000	30431	135958	1
2025.08.01	18:00:00	5584.000	5585.000	5578.500	5581.000	6087	25616	1
2025.08.04	09:00:00	5572.000	5583.000	5554.000	5557.000	152307	473567	1
2025.08.04	10:00:00	5557.500	5560.500	5535.000	5537.000	150353	562114	1
2025.08.04	11:00:00	5537.500	5547.500	5534.000	5545.000	77458	315628	1
2025.08.04	12:00:00	5544.500	5555.000	5542.500	5554.500	73114	294672	1
2025.08.04	13:00:00	5554.500	5565.000	5553.000	5559.500	57852	222007	1
2025.08.04	14:00:00	5559.500	5562.000	5555.500	5558.000	28028	103373	1
2025.08.04	15:00:00	5558.500	5560.500	5545.500	5550.500	45806	180125	1
2025.08.04	16:00:00	5550.500	5552.000	5542.500	5545.000	30816	124976	1
2025.08.04	17:00:00	5545.500	5546.000	5536.000	5537.500	25762	117683	1
2025.08.04	18:00:00	5537.000	5559.000	5531.500	5559.000	15840	87946	1
2025.08.05	09:00:00	5570.500	5573.000	5544.500	5555.000	174710	562255	1
2025.08.05	10:00:00	5555.000	5562.500	5535.000	5539.500	160467	567266	1
2025.08.05	11:00:00	5539.000	5551.000	5535.500	5549.000	85333	289740	1
2025.08.05	12:00:00	5549.000	5551.000	5539.000	5544.000	52737	194826	1
2025.08.05	13:00:00	5543.500	5545.500	5538.000	5541.500	35735	143064	1
2025.08.05	14:00:00	5542.000	5548.500	5536.000	5543.500	42982	169551	1
2025.08.05	15:00:00	5543.500	5549.500	5539.500	5542.500	35789	133580	1
2025.08.05	16:00:00	5542.500	5545.000	5541.000	5542.000	20621	68954	1
2025.08.05	17:00:00	5542.000	5545.500	5538.500	5544.500	19403	82409	1
2025.08.05	18:00:00	5544.500	5545.000	5539.000	5541.500	6216	23890	1
2025.08.06	09:00:00	5538.500	5545.500	5519.000	5522.000	163162	529904	1
2025.08.06	10:00:00	5521.500	5526.500	5494.000	5504.000	155622	621957	1
2025.08.06	11:00:00	5503.500	5524.500	5501.500	5515.000	101657	419612	1
2025.08.06	12:00:00	5515.000	5517.500	5506.000	5511.500	65486	270030	1
2025.08.06	13:00:00	5511.500	5515.000	5507.500	5510.500	32553	130553	1
2025.08.06	14:00:00	5510.500	5510.500	5496.000	5497.000	55471	221813	1
2025.08.06	15:00:00	5497.500	5502.500	5492.500	5498.500	46711	193856	1
2025.08.06	16:00:00	5498.500	5501.000	5495.500	5496.500	27321	102814	1
2025.08.06	17:00:00	5496.500	5501.500	5495.000	5498.500	24699	119472	1
2025.08.06	18:00:00	5498.000	5499.000	5492.000	5493.000	8712	37442	1
2025.08.07	09:00:00	5498.000	5504.500	5488.000	5494.000	165194	541541	1
2025.08.07	10:00:00	5494.000	5498.000	5484.000	5496.500	131169	466974	1
2025.08.07	11:00:00	5497.000	5508.000	5495.500	5503.500	115682	437318	1
2025.08.07	12:00:00	5504.000	5509.000	5487.500	5488.500	75077	286032	1
2025.08.07	13:00:00	5488.500	5497.000	5484.000	5489.000	59959	255966	1
2025.08.07	14:00:00	5489.000	5494.500	5485.500	5494.000	34507	125753	1
2025.08.07	15:00:00	5493.500	5494.000	5477.500	5481.500	53368	235822	1
2025.08.07	16:00:00	5481.000	5482.500	5448.000	5455.500	99145	455341	1
2025.08.07	17:00:00	5455.500	5460.500	5453.500	5456.000	24166	114095	1
2025.08.07	18:00:00	5456.000	5457.500	5445.500	5448.000	9509	45338	1
2025.08.08	09:00:00	5457.000	5467.000	5447.500	5461.000	155725	540205	1
2025.08.08	10:00:00	5461.000	5468.500	5445.000	5455.000	128915	442775	1
2025.08.08	11:00:00	5455.000	5460.000	5449.000	5456.000	77682	298846	1
2025.08.08	12:00:00	5456.000	5456.500	5446.500	5452.000	48549	213056	1
2025.08.08	13:00:00	5452.500	5456.500	5449.000	5453.500	31176	129205	1
2025.08.08	14:00:00	5454.000	5458.500	5451.000	5457.500	24236	100714	1
2025.08.08	15:00:00	5457.000	5473.500	5448.000	5464.000	101995	451135	1
2025.08.08	16:00:00	5463.500	5473.000	5460.500	5463.500	46337	177031	1
2025.08.08	17:00:00	5464.000	5471.000	5463.000	5463.500	19275	87729	1
2025.08.08	18:00:00	5464.000	5466.500	5459.500	5462.000	4742	21431	1
2025.08.11	09:00:00	5470.000	5485.500	5464.000	5478.500	130348	441976	1
2025.08.11	10:00:00	5478.000	5480.500	5470.000	5471.500	94043	339150	1
2025.08.11	11:00:00	5471.500	5486.500	5470.000	5481.000	79366	296465	1
2025.08.11	12:00:00	5481.000	5487.500	5470.500	5471.000	57097	216286	1
2025.08.11	13:00:00	5470.500	5474.500	5462.000	5473.500	57457	219780	1
2025.08.11	14:00:00	5473.500	5480.500	5471.000	5476.000	39873	142606	1
2025.08.11	15:00:00	5476.000	5477.000	5467.500	5472.000	33387	145894	1
2025.08.11	16:00:00	5472.000	5474.000	5465.500	5472.000	27860	122331	1
2025.08.11	17:00:00	5471.500	5472.000	5466.000	5471.000	18999	75492	1
2025.08.11	18:00:00	5471.000	5472.000	5467.000	5467.500	4558	22114	1
2025.08.12	09:00:00	5468.500	5470.500	5432.000	5433.500	194399	663187	1
2025.08.12	10:00:00	5433.500	5449.000	5430.500	5443.000	137542	503395	1
2025.08.12	11:00:00	5442.500	5447.000	5431.500	5435.000	81385	333670	1
2025.08.12	12:00:00	5435.000	5435.500	5414.500	5418.500	94561	443887	1
2025.08.12	13:00:00	5419.000	5426.500	5417.000	5420.000	42335	181900	1
2025.08.12	14:00:00	5420.000	5427.000	5416.500	5420.500	40436	166389	1
2025.08.12	15:00:00	5420.500	5421.000	5412.000	5417.000	50574	218255	1
2025.08.12	16:00:00	5417.500	5421.500	5411.500	5412.500	40312	166451	1
2025.08.12	17:00:00	5412.000	5417.000	5411.500	5415.500	22491	115123	1
2025.08.12	18:00:00	5415.500	5430.000	5414.000	5428.500	11218	59575	1
2025.08.13	09:00:00	5413.000	5423.500	5404.000	5409.500	152656	534263	1
2025.08.13	10:00:00	5409.500	5428.000	5408.000	5418.500	126077	479873	1
2025.08.13	11:00:00	5418.500	5421.500	5411.500	5417.500	82550	312197	1
2025.08.13	12:00:00	5417.500	5435.000	5414.000	5429.500	67309	272214	1
2025.08.13	13:00:00	5430.000	5431.500	5420.500	5423.500	43787	187987	1
2025.08.13	14:00:00	5423.500	5425.000	5416.000	5421.000	45438	190275	1
2025.08.13	15:00:00	5421.000	5430.000	5420.000	5428.500	33285	137792	1
2025.08.13	16:00:00	5429.000	5431.000	5424.000	5425.500	30072	113278	1
2025.08.13	17:00:00	5425.000	5426.500	5421.000	5423.000	19366	94290	1
2025.08.13	18:00:00	5423.500	5423.500	5413.000	5415.000	6095	26544	1
2025.08.14	09:00:00	5425.500	5435.500	5417.500	5428.500	162294	557990	1
2025.08.14	10:00:00	5428.500	5446.500	5427.000	5446.000	127569	465239	1
2025.08.14	11:00:00	5446.000	5447.000	5419.500	5422.500	117415	444161	1
2025.08.14	12:00:00	5423.000	5443.000	5422.000	5437.500	69257	298960	1
2025.08.14	13:00:00	5437.500	5448.000	5430.500	5447.500	57414	231214	1
2025.08.14	14:00:00	5447.000	5447.500	5438.500	5443.000	42640	166300	1
2025.08.14	15:00:00	5443.000	5455.500	5432.000	5436.500	64634	284319	1
2025.08.14	16:00:00	5436.500	5441.500	5435.500	5441.000	25007	106471	1
2025.08.14	17:00:00	5440.500	5443.000	5438.500	5439.000	16066	74375	1
2025.08.14	18:00:00	5439.500	5440.000	5433.500	5434.500	5201	27070	1
2025.08.15	09:00:00	5428.000	5429.500	5407.500	5411.500	141345	504930	1
2025.08.15	10:00:00	5411.500	5418.000	5405.500	5416.500	102549	369769	1
2025.08.15	11:00:00	5416.500	5417.000	5410.000	5415.000	59895	218042	1
2025.08.15	12:00:00	5414.500	5421.000	5413.500	5417.500	38804	158535	1
2025.08.15	13:00:00	5417.000	5425.000	5413.000	5421.500	40174	154385	1
2025.08.15	14:00:00	5421.000	5426.000	5414.500	5420.500	41565	173831	1
2025.08.15	15:00:00	5420.500	5424.500	5417.000	5422.000	27064	114168	1
2025.08.15	16:00:00	5421.500	5422.500	5417.500	5419.500	21050	94597	1
2025.08.15	17:00:00	5420.000	5424.000	5415.500	5422.500	20008	87380	1
2025.08.15	18:00:00	5422.000	5423.000	5412.000	5414.000	5653	25183	1
2025.08.18	09:00:00	5422.000	5439.000	5422.000	5429.000	112674	363777	1
2025.08.18	10:00:00	5429.500	5433.500	5423.500	5428.000	90173	313494	1
2025.08.18	11:00:00	5428.500	5441.000	5422.500	5434.000	91550	369110	1
2025.08.18	12:00:00	5434.000	5441.500	5432.000	5439.500	50900	225931	1
2025.08.18	13:00:00	5439.500	5453.500	5439.000	5453.000	59041	238429	1
2025.08.18	14:00:00	5453.000	5459.000	5446.500	5450.000	46849	201383	1
2025.08.18	15:00:00	5449.500	5458.500	5449.500	5453.500	43593	177907	1
2025.08.18	16:00:00	5453.000	5455.000	5449.500	5453.000	27959	115941	1
2025.08.18	17:00:00	5453.000	5455.500	5451.500	5455.000	15560	72459	1
2025.08.18	18:00:00	5455.000	5460.000	5454.000	5456.500	9191	41984	1
2025.08.19	09:00:00	5451.500	5480.000	5446.000	5477.000	167081	633930	1
2025.08.19	10:00:00	5477.000	5506.500	5476.500	5487.000	156050	669594	1
2025.08.19	11:00:00	5487.500	5501.500	5481.000	5497.000	93205	392992	1
2025.08.19	12:00:00	5497.500	5502.500	5485.500	5494.500	75757	312190	1
2025.08.19	13:00:00	5494.000	5495.000	5479.000	5493.000	67905	291678	1
2025.08.19	14:00:00	5492.500	5502.500	5491.500	5499.500	50724	214550	1
2025.08.19	15:00:00	5500.000	5513.000	5499.500	5508.500	65663	295394	1
2025.08.19	16:00:00	5508.500	5522.500	5508.000	5516.000	55901	254845	1
2025.08.19	17:00:00	5516.000	5525.000	5514.500	5520.500	32058	163835	1
2025.08.19	18:00:00	5520.500	5524.000	5514.500	5515.500	9379	45587	1
2025.08.20	09:00:00	5513.000	5519.500	5486.000	5488.500	186960	671522	1
2025.08.20	10:00:00	5488.500	5494.000	5479.500	5489.500	116067	425402	1
2025.08.20	11:00:00	5489.500	5492.000	5480.000	5487.000	80212	332400	1
2025.08.20	12:00:00	5486.500	5491.000	5479.000	5489.000	50287	232126	1
2025.08.20	13:00:00	5489.500	5491.500	5480.000	5480.500	34212	148029	1
2025.08.20	14:00:00	5480.500	5501.500	5476.500	5486.500	100021	430390	1
2025.08.20	15:00:00	5487.000	5490.000	5484.000	5487.500	29332	113960	1
2025.08.20	16:00:00	5487.000	5492.500	5485.500	5486.500	29321	117293	1
2025.08.20	17:00:00	5487.000	5501.500	5486.000	5497.000	30504	147815	1
2025.08.20	18:00:00	5497.000	5498.500	5490.000	5492.500	7457	32446	1
2025.08.21	09:00:00	5503.000	5510.500	5494.000	5495.000	140430	484290	1
2025.08.21	10:00:00	5495.500	5499.500	5480.000	5491.500	178476	636399	1
2025.08.21	11:00:00	5491.500	5504.500	5485.500	5498.000	109792	394712	1
2025.08.21	12:00:00	5498.000	5508.500	5496.500	5501.500	75894	285763	1
2025.08.21	13:00:00	5501.500	5508.500	5496.500	5498.000	43957	173640	1
2025.08.21	14:00:00	5497.500	5498.000	5485.500	5489.500	52726	221711	1
2025.08.21	15:00:00	5489.500	5492.000	5481.000	5488.500	46020	191896	1
2025.08.21	16:00:00	5488.000	5495.000	5488.000	5491.500	24530	101321	1
2025.08.21	17:00:00	5491.500	5495.000	5488.500	5489.000	17698	85991	1
2025.08.21	18:00:00	5489.500	5490.000	5484.500	5484.500	6110	27628	1
2025.08.22	09:00:00	5486.500	5486.500	5473.000	5480.500	132548	464355	1
2025.08.22	10:00:00	5480.500	5488.500	5473.000	5487.500	95584	367159	1
2025.08.22	11:00:00	5487.000	5487.000	5430.000	5434.000	211016	837956	1
2025.08.22	12:00:00	5434.000	5438.500	5423.500	5435.500	76012	331610	1
2025.08.22	13:00:00	5435.000	5439.000	5431.000	5438.000	33174	125547	1
2025.08.22	14:00:00	5437.500	5438.500	5430.500	5432.000	26954	114821	1
2025.08.22	15:00:00	5432.000	5438.000	5428.000	5436.000	36983	141478	1
2025.08.22	16:00:00	5435.500	5440.000	5435.000	5436.500	24802	101084	1
2025.08.22	17:00:00	5436.500	5438.500	5433.000	5437.500	15977	71929	1
2025.08.22	18:00:00	5437.500	5441.000	5435.000	5437.500	5174	25491	1
2025.08.25	09:00:00	5438.500	5446.500	5430.500	5431.500	103926	370535	1
2025.08.25	10:00:00	5431.500	5440.500	5430.000	5434.500	73971	257202	1
2025.08.25	11:00:00	5434.000	5434.500	5410.500	5414.500	98004	400303	1
2025.08.25	12:00:00	5414.000	5420.500	5413.000	5418.500	59103	259415	1
2025.08.25	13:00:00	5418.000	5419.500	5413.500	5415.000	26221	110618	1
2025.08.25	14:00:00	5415.500	5421.500	5414.000	5418.500	29253	131800	1
2025.08.25	15:00:00	5418.500	5422.500	5415.500	5421.500	28906	115655	1
2025.08.25	16:00:00	5421.500	5424.500	5420.500	5424.000	29808	118768	1
2025.08.25	17:00:00	5423.500	5424.500	5420.000	5421.500	16268	72472	1
2025.08.25	18:00:00	5421.000	5421.500	5417.000	5418.500	5735	31008	1
2025.08.26	09:00:00	5410.000	5417.500	5405.500	5413.500	119127	429778	1
2025.08.26	10:00:00	5414.000	5425.500	5411.000	5420.000	89500	339416	1
2025.08.26	11:00:00	5420.000	5440.000	5419.500	5434.500	102062	442690	1
2025.08.26	12:00:00	5434.500	5444.000	5431.000	5441.500	49676	219181	1
2025.08.26	13:00:00	5441.500	5456.000	5440.000	5451.500	58207	272864	1
2025.08.26	14:00:00	5451.500	5454.500	5442.000	5442.500	37080	160398	1
2025.08.26	15:00:00	5442.000	5450.500	5441.000	5442.000	37633	147716	1
2025.08.26	16:00:00	5442.000	5443.500	5438.500	5440.500	27331	128061	1
2025.08.26	17:00:00	5440.500	5442.500	5435.500	5438.500	20871	94714	1
2025.08.26	18:00:00	5438.000	5440.500	5436.000	5439.500	5218	25535	1
2025.08.27	09:00:00	5455.000	5460.000	5432.500	5450.000	158204	610899	1
2025.08.27	10:00:00	5450.000	5455.500	5444.500	5451.000	106517	420247	1
2025.08.27	11:00:00	5451.000	5462.500	5447.500	5450.500	103650	432610	1
2025.08.27	12:00:00	5450.500	5452.500	5437.000	5439.000	67183	255129	1
2025.08.27	13:00:00	5439.000	5442.500	5427.500	5433.000	65492	262527	1
2025.08.27	14:00:00	5432.500	5433.500	5419.500	5425.500	56981	240388	1
2025.08.27	15:00:00	5425.500	5431.000	5423.000	5426.000	43529	189945	1
2025.08.27	16:00:00	5426.500	5428.000	5420.500	5422.000	28825	125107	1
2025.08.27	17:00:00	5421.500	5425.500	5420.500	5423.500	16784	77275	1
2025.08.27	18:00:00	5423.000	5425.000	5419.500	5424.500	5509	26568	1
2025.08.28	09:00:00	5456.482	5459.504	5445.403	5455.978	126162	479647	1
2025.08.28	10:00:00	5455.978	5473.101	5451.950	5457.489	161102	632008	1
2025.08.28	11:00:00	5457.993	5458.496	5445.906	5449.935	104312	405680	1
2025.08.28	12:00:00	5450.439	5456.482	5448.424	5452.957	37907	147991	1
2025.08.28	13:00:00	5452.957	5453.460	5440.367	5446.410	53339	228766	1
2025.08.28	14:00:00	5445.906	5449.432	5437.345	5448.424	59094	252908	1
2025.08.28	15:00:00	5448.424	5449.432	5441.878	5447.921	29543	119604	1
2025.08.28	16:00:00	5447.417	5448.928	5441.878	5447.417	23191	103988	1
2025.08.28	17:00:00	5447.417	5460.007	5444.396	5454.971	20462	95155	1
2025.08.28	18:00:00	5454.971	5459.000	5451.950	5459.000	6445	28191	1
2025.08.29	09:00:00	5460.000	5483.000	5454.000	5478.000	179147	659456	1
2025.08.29	10:00:00	5478.500	5481.500	5452.000	5457.500	125295	487848	1
2025.08.29	11:00:00	5457.500	5469.500	5453.000	5467.500	100084	425077	1
2025.08.29	12:00:00	5467.000	5475.000	5465.500	5469.500	56326	266723	1
2025.08.29	13:00:00	5469.500	5473.000	5463.000	5468.000	35564	165787	1
2025.08.29	14:00:00	5468.500	5472.500	5464.000	5467.500	28315	131386	1
2025.08.29	15:00:00	5467.500	5469.000	5461.000	5463.500	26701	127120	1
2025.08.29	16:00:00	5463.500	5466.000	5457.500	5461.500	32098	140534	1
2025.08.29	17:00:00	5461.500	5470.500	5460.500	5470.500	17740	86715	1
2025.08.29	18:00:00	5470.500	5474.000	5467.000	5467.000	5336	27219	1
2025.09.01	09:00:00	5463.500	5470.000	5454.500	5459.500	81752	282565	1
2025.09.01	10:00:00	5459.500	5476.000	5459.500	5464.500	96455	399705	1
2025.09.01	11:00:00	5464.000	5481.500	5464.000	5479.500	57896	247769	1
2025.09.01	12:00:00	5479.000	5489.000	5478.000	5484.500	50812	221343	1
2025.09.01	13:00:00	5484.500	5488.000	5483.500	5485.500	23853	93826	1
2025.09.01	14:00:00	5486.000	5488.000	5483.500	5485.000	14605	63497	1
2025.09.01	15:00:00	5485.000	5487.000	5482.000	5482.500	21452	92186	1
2025.09.01	16:00:00	5482.500	5485.000	5477.500	5478.500	14565	62278	1
2025.09.01	17:00:00	5478.500	5481.000	5477.000	5479.500	13281	58011	1
2025.09.01	18:00:00	5479.500	5483.000	5477.000	5477.500	4984	24791	1
2025.09.02	09:00:00	5505.000	5536.500	5499.500	5534.500	199413	773157	1
2025.09.02	10:00:00	5534.500	5539.000	5503.500	5507.000	163024	626821	1
2025.09.02	11:00:00	5507.000	5507.500	5491.500	5496.500	98436	384088	1
2025.09.02	12:00:00	5497.000	5507.000	5492.500	5500.500	66934	261178	1
2025.09.02	13:00:00	5501.000	5502.500	5482.500	5485.500	56002	225631	1
2025.09.02	14:00:00	5485.500	5498.000	5485.000	5497.500	29015	112991	1
2025.09.02	15:00:00	5497.500	5513.000	5495.000	5508.000	67861	290460	1
2025.09.02	16:00:00	5508.000	5515.500	5506.000	5511.500	31186	127593	1
2025.09.02	17:00:00	5511.500	5513.500	5501.000	5502.500	21918	106674	1
2025.09.02	18:00:00	5502.000	5508.000	5501.500	5506.000	4967	23312	1
2025.09.03	09:00:00	5499.000	5500.000	5478.000	5482.500	125762	463958	1
2025.09.03	10:00:00	5483.000	5494.000	5482.000	5485.000	113244	426678	1
2025.09.03	11:00:00	5484.500	5485.000	5469.000	5476.000	105737	411548	1
2025.09.03	12:00:00	5476.500	5493.500	5475.500	5492.500	65168	274113	1
2025.09.03	13:00:00	5492.500	5504.000	5492.000	5498.500	60572	243830	1
2025.09.03	14:00:00	5498.500	5500.500	5492.000	5496.500	31224	126458	1
2025.09.03	15:00:00	5496.500	5497.000	5489.000	5494.500	32167	131238	1
2025.09.03	16:00:00	5494.000	5495.000	5488.000	5489.000	23176	93440	1
2025.09.03	17:00:00	5488.500	5492.500	5484.000	5486.500	21008	103961	1
2025.09.03	18:00:00	5486.500	5487.000	5483.000	5484.000	4597	20017	1
2025.09.04	09:00:00	5499.500	5500.000	5481.000	5492.000	144792	532077	1
2025.09.04	10:00:00	5491.500	5495.500	5482.000	5486.000	87510	321314	1
2025.09.04	11:00:00	5486.500	5498.000	5485.500	5495.500	77372	300640	1
2025.09.04	12:00:00	5495.500	5502.000	5493.000	5498.500	51994	210949	1
2025.09.04	13:00:00	5498.500	5507.000	5496.500	5505.000	43925	188010	1
2025.09.04	14:00:00	5504.500	5506.000	5490.000	5491.500	40224	164005	1
2025.09.04	15:00:00	5491.500	5493.500	5476.500	5482.500	61750	262642	1
2025.09.04	16:00:00	5482.500	5483.000	5478.500	5481.500	24114	100691	1
2025.09.04	17:00:00	5481.500	5484.500	5478.500	5481.500	19424	75902	1
2025.09.04	18:00:00	5481.000	5482.500	5478.500	5480.500	5639	23129	1
2025.09.05	09:00:00	5463.500	5472.500	5426.000	5430.500	203313	789512	1
2025.09.05	10:00:00	5431.000	5436.000	5415.000	5415.000	140768	549714	1
2025.09.05	11:00:00	5415.500	5451.500	5415.000	5441.500	120731	503592	1
2025.09.05	12:00:00	5441.500	5451.000	5429.000	5431.000	77480	312525	1
2025.09.05	13:00:00	5431.000	5435.000	5427.000	5432.500	43016	164027	1
2025.09.05	14:00:00	5433.000	5439.500	5430.000	5435.000	34509	149648	1
2025.09.05	15:00:00	5434.500	5444.500	5434.500	5442.500	31165	121983	1
2025.09.05	16:00:00	5442.500	5452.000	5441.500	5446.500	37110	154012	1
2025.09.05	17:00:00	5447.000	5449.000	5442.000	5446.500	22065	93847	1
2025.09.05	18:00:00	5446.500	5452.500	5444.000	5444.000	6500	32309	1
2025.09.08	09:00:00	5439.000	5445.500	5433.000	5442.500	113691	406946	1
2025.09.08	10:00:00	5443.000	5466.000	5441.000	5463.500	114957	466374	1
2025.09.08	11:00:00	5463.500	5478.500	5462.500	5468.500	94977	393841	1
2025.09.08	12:00:00	5469.000	5469.000	5454.500	5458.500	58721	244523	1
2025.09.08	13:00:00	5458.000	5469.000	5457.500	5465.000	35380	145912	1
2025.09.08	14:00:00	5464.500	5465.500	5459.500	5462.000	21668	79381	1
2025.09.08	15:00:00	5462.000	5462.000	5449.000	5450.500	39268	162098	1
2025.09.08	16:00:00	5451.000	5452.500	5446.500	5448.000	28149	118069	1
2025.09.08	17:00:00	5447.500	5454.500	5446.000	5450.000	21295	83008	1
2025.09.08	18:00:00	5450.000	5454.500	5448.500	5452.000	4946	20064	1
2025.09.09	09:00:00	5450.000	5463.500	5447.000	5463.500	122752	438953	1
2025.09.09	10:00:00	5463.500	5467.000	5446.500	5450.500	121878	446272	1
2025.09.09	11:00:00	5450.000	5459.000	5441.000	5451.000	121764	465580	1
2025.09.09	12:00:00	5451.000	5458.000	5450.500	5456.500	42278	166852	1
2025.09.09	13:00:00	5457.000	5467.500	5453.000	5462.000	49920	187702	1
2025.09.09	14:00:00	5462.000	5466.500	5457.500	5464.000	42066	169182	1
2025.09.09	15:00:00	5464.500	5466.500	5458.500	5460.500	28956	116049	1
2025.09.09	16:00:00	5460.000	5464.500	5460.000	5463.000	18642	71734	1
2025.09.09	17:00:00	5463.500	5472.000	5462.500	5467.000	26600	110636	1
2025.09.09	18:00:00	5467.000	5470.000	5460.000	5460.500	6688	34200	1
2025.09.10	09:00:00	5460.500	5465.000	5437.000	5458.000	160295	567039	1
2025.09.10	10:00:00	5458.500	5459.000	5430.500	5439.000	143314	547149	1
2025.09.10	11:00:00	5439.500	5439.500	5426.000	5431.000	83568	316501	1
2025.09.10	12:00:00	5431.000	5436.500	5424.000	5435.000	58916	250704	1
2025.09.10	13:00:00	5434.500	5435.500	5428.500	5431.000	34786	152377	1
2025.09.10	14:00:00	5430.500	5433.000	5427.500	5428.500	27279	107017	1
2025.09.10	15:00:00	5429.000	5432.000	5427.000	5431.500	20850	86168	1
2025.09.10	16:00:00	5431.000	5434.500	5431.000	5431.500	18281	67770	1
2025.09.10	17:00:00	5431.500	5436.500	5430.000	5434.000	22559	98807	1
2025.09.10	18:00:00	5434.000	5434.000	5426.000	5427.500	6410	29709	1
2025.09.11	09:00:00	5435.000	5449.000	5424.000	5425.000	167976	643658	1
2025.09.11	10:00:00	5425.000	5425.500	5410.500	5413.500	126259	454727	1
2025.09.11	11:00:00	5413.500	5417.000	5400.000	5406.000	94675	422671	1
2025.09.11	12:00:00	5406.000	5408.500	5399.000	5408.000	53593	230365	1
2025.09.11	13:00:00	5408.000	5411.000	5402.500	5406.000	34794	168199	1
2025.09.11	14:00:00	5406.500	5408.000	5402.000	5404.000	30624	140188	1
2025.09.11	15:00:00	5404.000	5417.000	5403.000	5412.500	57696	269433	1
2025.09.11	16:00:00	5413.000	5418.500	5410.500	5416.000	30658	138057	1
2025.09.11	17:00:00	5415.500	5417.000	5410.000	5414.500	22773	99747	1
2025.09.11	18:00:00	5415.000	5416.500	5409.000	5414.500	6741	30884	1
2025.09.12	09:00:00	5423.000	5431.500	5410.500	5412.500	135952	475417	1
2025.09.12	10:00:00	5412.000	5413.000	5389.000	5392.000	121391	500583	1
2025.09.12	11:00:00	5391.500	5396.500	5376.000	5385.000	115271	537131	1
2025.09.12	12:00:00	5385.500	5388.000	5373.500	5377.000	78495	388014	1
2025.09.12	13:00:00	5377.000	5383.500	5373.500	5376.500	38045	184568	1
2025.09.12	14:00:00	5376.000	5377.000	5366.000	5372.500	54735	267435	1
2025.09.12	15:00:00	5372.500	5376.500	5368.000	5373.000	33496	160919	1
2025.09.12	16:00:00	5373.000	5378.500	5371.500	5376.000	30283	131189	1
2025.09.12	17:00:00	5375.500	5380.000	5374.000	5377.000	22248	93978	1
2025.09.12	18:00:00	5377.000	5377.500	5363.500	5370.500	11676	58988	1
2025.09.15	09:00:00	5369.500	5371.500	5344.000	5345.500	152765	610474	1
2025.09.15	10:00:00	5345.000	5353.000	5341.500	5345.000	93469	376301	1
2025.09.15	11:00:00	5345.500	5357.500	5335.500	5336.500	105837	464307	1
2025.09.15	12:00:00	5336.500	5339.000	5329.000	5329.500	55191	258694	1
2025.09.15	13:00:00	5329.500	5339.500	5329.000	5339.000	40123	211939	1
2025.09.15	14:00:00	5339.500	5340.500	5332.500	5336.500	31680	135677	1
2025.09.15	15:00:00	5336.500	5340.500	5336.000	5337.000	30318	128173	1
2025.09.15	16:00:00	5337.000	5341.500	5336.500	5341.500	22352	88928	1
2025.09.15	17:00:00	5341.000	5343.000	5336.500	5337.500	21781	94179	1
2025.09.15	18:00:00	5337.500	5340.000	5334.000	5337.500	6897	30131	1
2025.09.16	09:00:00	5324.500	5333.500	5315.500	5320.500	136599	502064	1
2025.09.16	10:00:00	5320.500	5336.000	5319.500	5330.500	126816	487628	1
2025.09.16	11:00:00	5331.000	5340.000	5324.500	5330.000	88955	346030	1
2025.09.16	12:00:00	5330.000	5332.500	5316.000	5318.500	61239	251019	1
2025.09.16	13:00:00	5318.500	5320.500	5313.000	5317.000	40273	171162	1
2025.09.16	14:00:00	5317.500	5318.500	5310.000	5316.000	40440	183186	1
2025.09.16	15:00:00	5316.000	5321.000	5315.000	5319.000	29582	148373	1
2025.09.16	16:00:00	5319.000	5319.500	5312.000	5316.000	30065	139877	1
2025.09.16	17:00:00	5316.500	5317.500	5312.000	5315.500	18712	92727	1
2025.09.16	18:00:00	5315.000	5315.500	5312.500	5313.000	5445	28561	1
2025.09.17	09:00:00	5317.500	5324.500	5314.000	5316.000	95425	349470	1
2025.09.17	10:00:00	5316.000	5319.500	5310.500	5312.500	77645	317020	1
2025.09.17	11:00:00	5312.500	5320.500	5308.500	5318.500	76652	332730	1
2025.09.17	12:00:00	5318.500	5326.000	5315.500	5323.000	41982	170478	1
2025.09.17	13:00:00	5323.000	5328.500	5320.000	5322.000	36542	153389	1
2025.09.17	14:00:00	5322.000	5325.000	5316.000	5318.000	38379	170086	1
2025.09.17	15:00:00	5318.000	5329.000	5291.000	5318.000	210218	840791	1
2025.09.17	16:00:00	5318.500	5321.000	5311.000	5317.500	73904	237331	1
2025.09.17	17:00:00	5317.000	5322.500	5310.000	5321.500	22990	119414	1
2025.09.17	18:00:00	5321.500	5327.500	5320.000	5327.000	5875	27818	1
2025.09.18	09:00:00	5309.500	5309.500	5284.500	5306.000	165441	647010	1
2025.09.18	10:00:00	5306.000	5329.000	5306.000	5320.500	135990	548506	1
2025.09.18	11:00:00	5320.500	5322.000	5305.500	5315.500	102222	428644	1
2025.09.18	12:00:00	5316.000	5322.500	5309.000	5319.500	54994	254330	1
2025.09.18	13:00:00	5319.000	5319.500	5313.500	5313.500	29828	150458	1
2025.09.18	14:00:00	5313.500	5315.500	5309.000	5313.500	29402	142737	1
2025.09.18	15:00:00	5313.500	5319.000	5312.500	5317.000	26621	124757	1
2025.09.18	16:00:00	5317.000	5334.000	5317.000	5333.000	43309	192198	1
2025.09.18	17:00:00	5333.500	5334.000	5324.000	5328.500	22791	90726	1
2025.09.18	18:00:00	5328.500	5328.500	5320.000	5321.000	5982	26223	1
2025.09.19	09:00:00	5338.000	5351.500	5329.500	5341.500	131611	517112	1
2025.09.19	10:00:00	5341.500	5345.000	5334.500	5340.500	100664	382381	1
2025.09.19	11:00:00	5341.000	5341.500	5330.000	5330.500	67208	297258	1
2025.09.19	12:00:00	5330.500	5342.500	5330.500	5338.500	58192	275042	1
2025.09.19	13:00:00	5338.500	5342.000	5333.000	5333.500	24583	105688	1
2025.09.19	14:00:00	5334.000	5337.500	5330.500	5337.000	26224	117081	1
2025.09.19	15:00:00	5337.000	5338.500	5331.000	5332.500	23935	114768	1
2025.09.19	16:00:00	5332.000	5334.000	5328.000	5332.500	26438	110931	1
2025.09.19	17:00:00	5333.000	5338.500	5331.500	5336.000	16485	80138	1
2025.09.19	18:00:00	5336.500	5347.500	5336.000	5346.000	6351	31219	1
2025.09.22	09:00:00	5335.000	5355.000	5331.000	5341.000	125590	508625	1
2025.09.22	10:00:00	5340.500	5359.500	5340.000	5354.000	128867	516976	1
2025.09.22	11:00:00	5354.500	5376.000	5354.000	5364.000	110388	505086	1
2025.09.22	12:00:00	5364.000	5367.000	5358.500	5361.500	51338	227840	1
2025.09.22	13:00:00	5361.500	5362.000	5349.000	5359.000	50190	216681	1
2025.09.22	14:00:00	5359.000	5361.000	5344.000	5348.000	42377	189187	1
2025.09.22	15:00:00	5348.000	5349.500	5341.500	5349.500	31669	133352	1
2025.09.22	16:00:00	5349.000	5350.000	5345.500	5348.000	24422	95918	1
2025.09.22	17:00:00	5348.000	5351.000	5345.000	5346.000	17248	69924	1
2025.09.22	18:00:00	5345.500	5347.000	5343.500	5346.500	4827	26480	1
2025.09.23	09:00:00	5347.500	5354.500	5342.500	5344.500	100113	371295	1
2025.09.23	10:00:00	5344.500	5344.500	5328.500	5328.500	141270	589372	1
2025.09.23	11:00:00	5328.500	5329.000	5300.500	5309.500	123582	605769	1
2025.09.23	12:00:00	5309.500	5312.000	5287.000	5298.500	109694	524922	1
2025.09.23	13:00:00	5298.000	5305.500	5293.500	5297.000	47224	223377	1
2025.09.23	14:00:00	5297.000	5299.000	5285.000	5295.000	56512	262229	1
2025.09.23	15:00:00	5295.000	5296.000	5289.000	5293.000	33101	151040	1
2025.09.23	16:00:00	5292.500	5295.500	5285.000	5286.000	33584	154450	1
2025.09.23	17:00:00	5286.000	5292.000	5285.500	5291.000	21713	114190	1
2025.09.23	18:00:00	5291.500	5292.000	5284.500	5285.000	8772	45279	1
2025.09.24	09:00:00	5302.000	5316.500	5300.000	5311.500	119378	496869	1
2025.09.24	10:00:00	5311.500	5321.000	5310.500	5317.500	86618	361859	1
2025.09.24	11:00:00	5317.500	5324.000	5311.000	5315.000	81891	325192	1
2025.09.24	12:00:00	5315.000	5326.000	5314.000	5324.500	50692	223509	1
2025.09.24	13:00:00	5325.000	5328.000	5322.000	5323.500	37653	155534	1
2025.09.24	14:00:00	5323.000	5332.000	5321.000	5330.000	39569	161908	1
2025.09.24	15:00:00	5330.000	5336.500	5329.500	5335.000	37719	172972	1
2025.09.24	16:00:00	5334.500	5336.500	5331.500	5333.500	25742	117520	1
2025.09.24	17:00:00	5333.500	5341.000	5330.500	5339.000	27215	121108	1
2025.09.24	18:00:00	5339.500	5341.000	5307.000	5313.000	23310	153575	1
2025.09.25	09:00:00	5331.000	5345.500	5314.500	5329.500	169727	668328	1
2025.09.25	10:00:00	5329.500	5350.000	5328.500	5346.500	128966	531703	1
2025.09.25	11:00:00	5346.500	5359.000	5344.500	5356.500	112329	514496	1
2025.09.25	12:00:00	5356.500	5360.500	5349.000	5349.500	55382	275103	1
2025.09.25	13:00:00	5349.500	5355.500	5348.500	5351.000	39127	195918	1
2025.09.25	14:00:00	5350.500	5366.000	5349.000	5360.000	55107	259483	1
2025.09.25	15:00:00	5360.000	5374.000	5359.000	5371.000	60364	279548	1
2025.09.25	16:00:00	5370.500	5377.000	5369.000	5370.000	40772	173325	1
2025.09.25	17:00:00	5370.000	5372.000	5364.500	5369.000	23146	107180	1
2025.09.25	18:00:00	5369.500	5373.000	5368.000	5369.000	6576	29254	1
2025.09.26	09:00:00	5370.000	5370.000	5350.000	5355.500	148610	591363	1
2025.09.26	10:00:00	5355.500	5360.000	5340.000	5357.000	135233	571876	1
2025.09.26	11:00:00	5357.500	5357.500	5345.500	5349.500	86415	349799	1
2025.09.26	12:00:00	5349.500	5351.500	5342.500	5344.500	47100	199478	1
2025.09.26	13:00:00	5344.000	5349.500	5342.500	5345.000	35830	125326	1
2025.09.26	14:00:00	5345.000	5347.500	5339.000	5343.500	35849	167424	1
2025.09.26	15:00:00	5343.000	5344.500	5338.000	5342.000	28964	105610	1
2025.09.26	16:00:00	5341.500	5343.500	5339.000	5339.500	20016	80418	1
2025.09.26	17:00:00	5340.000	5348.000	5339.500	5345.500	17470	80252	1
2025.09.26	18:00:00	5345.500	5355.000	5343.000	5354.500	6540	27281	1
2025.09.29	09:00:00	5386.679	5388.191	5360.981	5366.020	130952	501506	1
2025.09.29	10:00:00	5366.523	5375.594	5347.879	5360.477	147626	622305	1
2025.09.29	11:00:00	5360.477	5371.059	5356.445	5368.539	75159	332665	1
2025.09.29	12:00:00	5368.035	5374.082	5361.988	5369.547	61640	270286	1
2025.09.29	13:00:00	5370.051	5371.059	5358.461	5358.461	35456	155268	1
2025.09.29	14:00:00	5358.965	5364.004	5356.445	5361.988	33779	141376	1
2025.09.29	15:00:00	5361.988	5364.004	5354.430	5356.445	30138	132084	1
2025.09.29	16:00:00	5356.949	5365.516	5355.942	5364.508	24830	107202	1
2025.09.29	17:00:00	5364.508	5367.531	5361.484	5366.523	17063	79527	1
2025.09.29	18:00:00	5366.523	5369.547	5361.988	5363.500	6220	26636	1
2025.09.30	09:00:00	5355.000	5368.500	5346.000	5364.500	152328	560805	1
2025.09.30	10:00:00	5364.500	5364.500	5351.000	5355.500	97409	423042	1
2025.09.30	11:00:00	5355.500	5370.000	5352.500	5370.000	80953	406944	1
2025.09.30	12:00:00	5370.000	5376.000	5363.000	5370.000	68433	347454	1
2025.09.30	13:00:00	5370.000	5371.000	5358.000	5359.500	44404	210165	1
2025.09.30	14:00:00	5359.500	5364.000	5354.000	5363.500	35511	150253	1
2025.09.30	15:00:00	5363.000	5372.000	5359.500	5360.500	41360	187830	1
2025.09.30	16:00:00	5361.000	5367.000	5360.500	5364.500	25304	112152	1
2025.09.30	17:00:00	5364.000	5367.500	5358.000	5365.000	18993	93063	1
2025.09.30	18:00:00	5365.000	5365.000	5358.500	5361.000	4704	20263	1
2025.10.01	09:00:00	5347.500	5356.500	5334.000	5353.000	180095	709396	1
2025.10.01	10:00:00	5353.000	5359.500	5348.000	5351.000	108710	446566	1
2025.10.01	11:00:00	5350.500	5366.500	5348.500	5360.000	93723	397985	1
2025.10.01	12:00:00	5360.500	5376.500	5357.000	5374.500	78280	367296	1
2025.10.01	13:00:00	5374.500	5376.500	5369.000	5373.500	34511	150963	1
2025.10.01	14:00:00	5374.000	5374.500	5369.000	5374.000	20752	86574	1
2025.10.01	15:00:00	5374.000	5376.000	5359.000	5362.000	51357	223138	1
2025.10.01	16:00:00	5362.000	5368.500	5360.000	5368.500	25113	110044	1
2025.10.01	17:00:00	5368.000	5374.000	5368.000	5369.500	20197	92900	1
2025.10.01	18:00:00	5369.500	5371.000	5366.000	5368.000	5190	22830	1
2025.10.02	09:00:00	5359.500	5370.000	5347.000	5368.500	124315	485417	1
2025.10.02	10:00:00	5368.500	5376.000	5359.500	5373.500	113627	437140	1
2025.10.02	11:00:00	5374.000	5393.500	5373.500	5388.000	111818	488603	1
2025.10.02	12:00:00	5388.000	5413.000	5385.500	5405.500	102995	476236	1
2025.10.02	13:00:00	5406.000	5407.000	5384.500	5385.000	56295	254584	1
2025.10.02	14:00:00	5385.500	5388.000	5376.500	5386.500	48204	231502	1
2025.10.02	15:00:00	5386.500	5391.500	5378.500	5379.500	33780	154527	1
2025.10.02	16:00:00	5379.000	5380.500	5374.500	5379.000	28699	139353	1
2025.10.02	17:00:00	5379.000	5382.000	5377.000	5377.500	18059	87395	1
2025.10.02	18:00:00	5378.000	5380.000	5375.500	5379.000	3936	21292	1
2025.10.03	09:00:00	5370.000	5385.500	5361.500	5370.500	156952	606036	1
2025.10.03	10:00:00	5370.000	5392.500	5370.000	5390.000	122755	503747	1
2025.10.03	11:00:00	5390.000	5396.500	5382.500	5391.500	102972	426347	1
2025.10.03	12:00:00	5391.500	5399.000	5382.000	5386.500	64126	266817	1
2025.10.03	13:00:00	5386.500	5392.000	5372.500	5378.000	60415	258274	1
2025.10.03	14:00:00	5377.500	5381.000	5371.500	5379.000	42389	177511	1
2025.10.03	15:00:00	5379.000	5382.500	5371.000	5372.000	28721	119762	1
2025.10.03	16:00:00	5371.500	5373.500	5365.000	5373.000	40442	175650	1
2025.10.03	17:00:00	5373.500	5379.000	5371.500	5374.500	18712	90866	1
2025.10.03	18:00:00	5375.000	5378.500	5374.500	5378.000	4311	17699	1
2025.10.06	09:00:00	5382.000	5386.000	5354.000	5361.500	149140	573469	1
2025.10.06	10:00:00	5362.000	5364.500	5348.500	5355.500	121160	490957	1
2025.10.06	11:00:00	5356.000	5362.500	5348.500	5357.000	104500	460041	1
2025.10.06	12:00:00	5357.500	5359.500	5349.500	5350.500	38685	196409	1
2025.10.06	13:00:00	5351.000	5354.500	5343.000	5347.500	42412	197633	1
2025.10.06	14:00:00	5347.500	5352.000	5346.500	5349.500	25726	101399	1
2025.10.06	15:00:00	5349.000	5350.500	5343.500	5345.500	27468	112812	1
2025.10.06	16:00:00	5346.000	5347.000	5343.000	5345.000	23878	97641	1
2025.10.06	17:00:00	5345.000	5349.500	5344.000	5348.000	20455	95866	1
2025.10.06	18:00:00	5348.000	5349.000	5342.000	5343.000	8321	37937	1
2025.10.07	09:00:00	5354.500	5379.000	5352.000	5368.000	158662	606919	1
2025.10.07	10:00:00	5368.000	5369.500	5357.000	5363.000	115896	423563	1
2025.10.07	11:00:00	5362.500	5375.000	5362.500	5369.500	78997	343464	1
2025.10.07	12:00:00	5369.500	5377.000	5364.000	5374.500	66003	286362	1
2025.10.07	13:00:00	5375.000	5380.000	5370.500	5378.000	39498	166674	1
2025.10.07	14:00:00	5378.000	5383.500	5376.000	5381.500	49032	228029	1
2025.10.07	15:00:00	5381.500	5386.000	5378.000	5383.500	40001	172815	1
2025.10.07	16:00:00	5383.500	5384.000	5379.500	5382.500	22294	99614	1
2025.10.07	17:00:00	5383.000	5390.000	5382.000	5384.000	26366	139600	1
2025.10.07	18:00:00	5383.500	5391.000	5382.500	5388.000	8509	40986	1
2025.10.08	09:00:00	5388.000	5395.000	5366.500	5370.500	155855	588885	1
2025.10.08	10:00:00	5370.000	5373.000	5360.000	5372.000	111199	443914	1
2025.10.08	11:00:00	5371.500	5379.500	5369.500	5378.500	95457	383496	1
2025.10.08	12:00:00	5378.000	5383.500	5374.000	5376.500	57588	245889	1
2025.10.08	13:00:00	5376.500	5380.500	5373.500	5376.000	31988	141173	1
2025.10.08	14:00:00	5376.000	5386.000	5375.000	5381.000	35372	155370	1
2025.10.08	15:00:00	5380.500	5390.000	5379.000	5385.000	52952	237598	1
2025.10.08	16:00:00	5384.500	5385.000	5371.000	5373.000	43123	190297	1
2025.10.08	17:00:00	5373.500	5377.500	5373.000	5374.500	17497	90446	1
2025.10.08	18:00:00	5374.500	5374.500	5364.000	5364.000	7826	43031	1
2025.10.09	09:00:00	5360.000	5369.000	5352.500	5365.500	144175	506889	1
2025.10.09	10:00:00	5365.500	5387.000	5360.000	5382.500	155450	611622	1
2025.10.09	11:00:00	5383.000	5395.500	5380.000	5392.500	97477	420125	1
2025.10.09	12:00:00	5392.500	5397.000	5388.500	5392.000	63910	299187	1
2025.10.09	13:00:00	5392.500	5400.500	5388.500	5399.500	61178	267455	1
2025.10.09	14:00:00	5399.500	5403.500	5393.000	5397.000	52617	236520	1
2025.10.09	15:00:00	5397.500	5408.000	5397.000	5405.000	43178	191704	1
2025.10.09	16:00:00	5404.500	5407.500	5400.000	5403.000	31814	137403	1
2025.10.09	17:00:00	5403.000	5407.000	5396.500	5397.500	20922	108330	1
2025.10.09	18:00:00	5397.500	5409.500	5397.000	5406.500	9153	45579	1
2025.10.10	09:00:00	5399.500	5416.000	5387.500	5415.500	149778	570383	1
2025.10.10	10:00:00	5416.000	5523.000	5415.000	5487.500	246200	1102565	1
2025.10.10	11:00:00	5487.000	5493.500	5450.500	5481.500	230664	888502	1
2025.10.10	12:00:00	5481.000	5517.500	5477.000	5511.000	182052	696791	1
2025.10.10	13:00:00	5511.000	5517.500	5503.000	5516.500	85197	352878	1
2025.10.10	14:00:00	5516.500	5545.500	5514.500	5517.500	124819	478488	1
2025.10.10	15:00:00	5517.500	5531.500	5513.500	5529.000	66307	248234	1
2025.10.10	16:00:00	5528.500	5530.500	5520.500	5529.500	47659	204277	1
2025.10.10	17:00:00	5529.000	5549.500	5527.500	5548.000	45876	236768	1
2025.10.10	18:00:00	5548.000	5560.000	5540.000	5559.500	12607	53237	1
2025.10.13	09:00:00	5520.000	5526.000	5481.000	5486.500	213158	741149	1
2025.10.13	10:00:00	5486.500	5507.500	5482.500	5497.000	144203	509716	1
2025.10.13	11:00:00	5497.000	5507.000	5478.000	5478.000	108232	439541	1
2025.10.13	12:00:00	5478.000	5481.500	5473.000	5479.500	56595	226829	1
2025.10.13	13:00:00	5479.000	5481.500	5472.500	5480.000	42028	167113	1
2025.10.13	14:00:00	5480.500	5482.500	5468.000	5473.000	47366	196937	1
2025.10.13	15:00:00	5473.000	5478.000	5469.000	5474.500	31503	116922	1
2025.10.13	16:00:00	5474.500	5487.500	5473.500	5485.500	34291	141700	1
2025.10.13	17:00:00	5485.500	5494.500	5484.500	5491.000	20000	94762	1
2025.10.13	18:00:00	5491.500	5494.000	5484.000	5484.000	6166	28082	1
2025.10.14	09:00:00	5506.000	5538.500	5506.000	5525.500	217779	829541	1
2025.10.14	10:00:00	5525.500	5543.000	5520.000	5531.500	156871	599312	1
2025.10.14	11:00:00	5531.500	5535.000	5515.500	5523.500	113681	463982	1
2025.10.14	12:00:00	5524.000	5531.000	5500.500	5504.000	83338	341958	1
2025.10.14	13:00:00	5503.500	5512.500	5485.500	5493.000	98611	439761	1
2025.10.14	14:00:00	5492.500	5496.500	5484.000	5485.000	47618	201666	1
2025.10.14	15:00:00	5485.500	5492.500	5480.500	5489.500	47885	188430	1
2025.10.14	16:00:00	5489.500	5504.000	5486.500	5493.500	49221	192779	1
2025.10.14	17:00:00	5493.500	5509.500	5493.000	5505.500	22637	100428	1
2025.10.14	18:00:00	5505.500	5509.500	5500.500	5500.500	5523	24084	1
2025.10.15	09:00:00	5482.500	5493.500	5478.500	5479.000	135895	479327	1
2025.10.15	10:00:00	5479.000	5483.500	5464.000	5466.500	148484	590136	1
2025.10.15	11:00:00	5466.000	5471.500	5454.500	5456.000	91052	377255	1
2025.10.15	12:00:00	5456.000	5469.000	5455.000	5464.500	57524	256635	1
2025.10.15	13:00:00	5465.000	5472.500	5462.000	5468.000	39350	176780	1
2025.10.15	14:00:00	5468.500	5490.000	5468.000	5476.500	77659	319925	1
2025.10.15	15:00:00	5477.000	5479.000	5471.000	5479.000	33331	123118	1
2025.10.15	16:00:00	5479.000	5485.000	5475.500	5484.000	30486	121181	1
2025.10.15	17:00:00	5484.000	5485.000	5475.000	5476.500	20338	100953	1
2025.10.15	18:00:00	5476.500	5477.000	5469.500	5475.000	5678	27765	1
2025.10.16	09:00:00	5470.000	5473.500	5459.000	5467.000	131500	485944	1
2025.10.16	10:00:00	5467.000	5473.000	5455.500	5459.000	119243	467506	1
2025.10.16	11:00:00	5458.500	5464.500	5442.000	5444.000	96564	413409	1
2025.10.16	12:00:00	5444.000	5459.500	5442.500	5456.000	60406	269843	1
2025.10.16	13:00:00	5456.000	5479.500	5452.000	5463.500	96475	411666	1
2025.10.16	14:00:00	5463.500	5472.500	5460.500	5468.500	48026	177276	1
2025.10.16	15:00:00	5468.000	5478.500	5464.500	5466.000	53592	212512	1
2025.10.16	16:00:00	5466.000	5470.000	5460.500	5463.000	32044	130773	1
2025.10.16	17:00:00	5463.500	5467.500	5462.500	5467.000	13369	65706	1
2025.10.16	18:00:00	5466.500	5473.500	5464.500	5473.000	4840	30845	1
2025.10.17	09:00:00	5469.500	5473.000	5450.500	5470.000	143756	545866	1
2025.10.17	10:00:00	5470.500	5479.000	5462.000	5465.500	123286	464253	1
2025.10.17	11:00:00	5466.000	5471.000	5440.500	5449.500	116019	476223	1
2025.10.17	12:00:00	5449.500	5450.000	5433.500	5436.500	65804	281907	1
2025.10.17	13:00:00	5436.000	5439.500	5426.000	5433.500	53072	240615	1
2025.10.17	14:00:00	5433.000	5435.500	5427.000	5431.500	35397	141932	1
2025.10.17	15:00:00	5431.000	5432.000	5422.000	5423.000	35414	146867	1
2025.10.17	16:00:00	5422.500	5426.500	5421.500	5424.500	22163	83810	1
2025.10.17	17:00:00	5425.000	5430.000	5423.500	5427.000	18220	79650	1
2025.10.17	18:00:00	5427.500	5429.500	5421.000	5425.000	6773	33880	1
2025.10.20	09:00:00	5429.500	5429.500	5400.500	5401.000	125801	462257	1
2025.10.20	10:00:00	5401.000	5401.500	5386.500	5398.500	104893	439300	1
2025.10.20	11:00:00	5398.500	5398.500	5383.000	5394.000	79550	333056	1
2025.10.20	12:00:00	5394.000	5398.500	5383.500	5388.000	54661	239158	1
2025.10.20	13:00:00	5387.500	5390.000	5383.000	5387.000	27220	137771	1
2025.10.20	14:00:00	5387.000	5393.500	5386.500	5390.000	24994	112620	1
2025.10.20	15:00:00	5390.000	5391.500	5384.500	5386.500	26624	115237	1
2025.10.20	16:00:00	5386.500	5390.500	5385.500	5387.000	17125	77172	1
2025.10.20	17:00:00	5387.000	5392.500	5386.500	5391.000	16238	77110	1
2025.10.20	18:00:00	5391.500	5392.500	5387.000	5389.500	6700	32614	1
2025.10.21	09:00:00	5404.500	5406.500	5392.500	5400.000	125366	455853	1
2025.10.21	10:00:00	5400.000	5419.500	5398.500	5413.000	125630	495480	1
2025.10.21	11:00:00	5413.000	5415.500	5398.500	5399.500	99260	407479	1
2025.10.21	12:00:00	5399.500	5401.000	5384.000	5386.500	77582	295083	1
2025.10.21	13:00:00	5386.500	5399.000	5384.000	5397.500	57588	243476	1
2025.10.21	14:00:00	5398.000	5404.000	5393.000	5398.000	47836	203843	1
2025.10.21	15:00:00	5398.000	5401.500	5394.500	5398.500	23953	97701	1
2025.10.21	16:00:00	5398.000	5405.500	5398.000	5404.500	23587	102844	1
2025.10.21	17:00:00	5404.000	5405.000	5396.500	5403.000	16210	90709	1
2025.10.21	18:00:00	5403.000	5404.500	5398.500	5402.500	4016	22631	1
2025.10.22	09:00:00	5407.500	5410.000	5389.000	5399.000	113048	405294	1
2025.10.22	10:00:00	5399.500	5409.500	5398.000	5403.000	103558	397016	1
2025.10.22	11:00:00	5403.500	5414.000	5396.500	5406.000	98035	400799	1
2025.10.22	12:00:00	5406.000	5408.500	5399.000	5405.500	57523	258633	1
2025.10.22	13:00:00	5405.000	5426.000	5404.500	5414.500	84251	343763	1
2025.10.22	14:00:00	5414.000	5425.500	5412.500	5419.500	60804	265684	1
2025.10.22	15:00:00	5419.500	5423.500	5413.500	5415.000	35506	148798	1
2025.10.22	16:00:00	5414.500	5416.500	5408.500	5409.500	30075	123788	1
2025.10.22	17:00:00	5410.000	5414.500	5406.500	5413.000	16369	88912	1
2025.10.22	18:00:00	5413.000	5414.000	5410.000	5414.000	4039	20491	1
2025.10.23	09:00:00	5414.000	5415.000	5394.000	5399.500	114992	431788	1
2025.10.23	10:00:00	5399.500	5400.000	5390.500	5393.500	86987	349137	1
2025.10.23	11:00:00	5393.000	5399.000	5391.000	5395.500	58219	251165	1
2025.10.23	12:00:00	5395.500	5407.000	5394.000	5396.000	55590	244513	1
2025.10.23	13:00:00	5396.000	5400.000	5391.000	5398.000	33244	163804	1
2025.10.23	14:00:00	5397.500	5402.500	5389.500	5393.000	37410	183348	1
2025.10.23	15:00:00	5392.500	5394.500	5390.000	5392.000	23679	106204	1
2025.10.23	16:00:00	5392.000	5399.000	5391.000	5397.500	21319	95632	1
2025.10.23	17:00:00	5397.000	5398.500	5394.500	5394.500	10663	47771	1
2025.10.23	18:00:00	5395.000	5395.000	5391.000	5392.000	4868	24331	1
2025.10.24	09:00:00	5397.000	5401.500	5373.000	5377.000	139164	533335	1
2025.10.24	10:00:00	5376.500	5390.000	5372.000	5386.500	92502	338779	1
2025.10.24	11:00:00	5386.000	5401.000	5385.000	5396.500	81353	327001	1
2025.10.24	12:00:00	5396.500	5400.500	5388.000	5392.500	52973	240022	1
2025.10.24	13:00:00	5392.000	5399.000	5390.500	5396.500	22752	92115	1
2025.10.24	14:00:00	5396.500	5401.000	5394.000	5400.500	23992	97822	1
2025.10.24	15:00:00	5400.500	5405.000	5398.000	5399.000	32955	152846	1
2025.10.24	16:00:00	5398.500	5405.000	5397.500	5402.500	20252	74438	1
2025.10.24	17:00:00	5403.000	5403.500	5398.000	5399.000	10554	46909	1
2025.10.24	18:00:00	5399.500	5400.500	5395.500	5395.500	4217	29236	1
2025.10.27	09:00:00	5372.500	5384.500	5368.000	5370.500	106626	399820	1
2025.10.27	10:00:00	5371.000	5387.500	5370.000	5384.000	96594	365209	1
2025.10.27	11:00:00	5383.500	5393.500	5383.500	5385.500	66155	282943	1
2025.10.27	12:00:00	5385.500	5390.500	5378.500	5384.500	58561	285106	1
2025.10.27	13:00:00	5385.000	5388.000	5381.000	5383.500	31825	157446	1
2025.10.27	14:00:00	5383.500	5387.000	5376.000	5378.000	33455	159403	1
2025.10.27	15:00:00	5378.000	5381.500	5375.500	5377.000	26380	126767	1
2025.10.27	16:00:00	5377.000	5381.500	5377.000	5377.500	19733	100066	1
2025.10.27	17:00:00	5377.500	5383.000	5377.500	5381.000	13804	69257	1
2025.10.27	18:00:00	5381.500	5382.500	5379.000	5382.000	3679	17460	1
2025.10.28	09:00:00	5385.500	5393.500	5381.500	5382.500	87163	358945	1
2025.10.28	10:00:00	5383.000	5388.500	5370.000	5377.000	96242	406968	1
2025.10.28	11:00:00	5377.500	5384.000	5370.500	5372.500	81612	365709	1
2025.10.28	12:00:00	5372.500	5374.000	5367.000	5368.500	50144	247023	1
2025.10.28	13:00:00	5369.000	5369.500	5362.500	5366.500	41553	212563	1
2025.10.28	14:00:00	5366.500	5370.500	5362.500	5365.000	28198	128589	1
2025.10.28	15:00:00	5365.000	5365.500	5358.500	5361.500	37516	161375	1
2025.10.28	16:00:00	5362.000	5367.500	5361.500	5365.000	25874	109144	1
2025.10.28	17:00:00	5365.500	5368.000	5363.500	5364.500	13086	59766	1
2025.10.28	18:00:00	5364.000	5367.500	5362.000	5365.000	5105	26703	1
2025.10.29	09:00:00	5367.000	5369.000	5348.500	5350.500	113804	510612	1
2025.10.29	10:00:00	5350.500	5352.500	5340.000	5343.500	98659	455379	1
2025.10.29	11:00:00	5343.500	5349.500	5340.500	5344.000	58878	259337	1
2025.10.29	12:00:00	5344.500	5350.000	5338.000	5349.000	66382	341807	1
2025.10.29	13:00:00	5349.500	5352.500	5345.000	5346.000	37335	191454	1
2025.10.29	14:00:00	5346.000	5350.500	5344.000	5345.000	28806	141627	1
2025.10.29	15:00:00	5345.000	5371.000	5344.000	5362.000	150891	559828	1
2025.10.29	16:00:00	5361.500	5370.500	5359.000	5361.000	71391	257665	1
2025.10.29	17:00:00	5361.000	5366.000	5360.000	5364.500	18443	85980	1
2025.10.29	18:00:00	5364.500	5365.500	5358.000	5359.000	4276	21787	1
2025.10.30	09:00:00	5398.365	5424.021	5398.365	5423.518	108076	437606	1
2025.10.30	10:00:00	5424.021	5431.064	5410.942	5419.494	127791	493336	1
2025.10.30	11:00:00	5418.991	5423.015	5410.439	5418.488	85582	324990	1
2025.10.30	12:00:00	5418.991	5423.518	5412.954	5419.494	56486	225641	1
2025.10.30	13:00:00	5419.494	5423.518	5416.476	5419.494	40422	153180	1
2025.10.30	14:00:00	5419.494	5423.015	5411.445	5412.451	36279	163458	1
2025.10.30	15:00:00	5411.948	5416.979	5410.439	5412.954	36015	143011	1
2025.10.30	16:00:00	5413.457	5417.985	5412.451	5415.469	25736	106071	1
2025.10.30	17:00:00	5415.469	5419.494	5413.457	5416.979	16493	90714	1
2025.10.30	18:00:00	5417.482	5422.009	5414.966	5420.500	3560	16872	1
2025.10.31	09:00:00	5425.000	5431.500	5406.500	5412.500	125721	461851	1
2025.10.31	10:00:00	5412.000	5422.500	5410.000	5417.000	84559	394391	1
2025.10.31	11:00:00	5416.500	5427.000	5414.000	5426.000	74361	377273	1
2025.10.31	12:00:00	5426.000	5434.500	5417.000	5421.500	79088	389722	1
2025.10.31	13:00:00	5421.500	5422.000	5407.000	5415.000	59284	330778	1
2025.10.31	14:00:00	5415.000	5420.000	5410.500	5418.500	38182	176547	1
2025.10.31	15:00:00	5418.500	5419.500	5412.500	5414.000	31015	140705	1
2025.10.31	16:00:00	5413.500	5419.000	5413.500	5416.000	24353	118206	1
2025.10.31	17:00:00	5416.000	5417.000	5410.500	5410.500	14472	66923	1
2025.10.31	18:00:00	5410.500	5414.000	5409.000	5414.000	3779	20161	1
2025.11.03	09:00:00	5409.500	5417.000	5384.000	5388.000	120564	483903	1
2025.11.03	10:00:00	5388.000	5395.000	5380.000	5384.500	89582	365845	1
2025.11.03	11:00:00	5384.500	5391.500	5382.000	5386.500	51842	232167	1
2025.11.03	12:00:00	5386.500	5405.000	5378.000	5393.500	102455	442319	1
2025.11.03	13:00:00	5393.500	5397.000	5387.000	5394.500	39911	182135	1
2025.11.03	14:00:00	5394.000	5399.000	5388.000	5390.000	31609	139193	1
2025.11.03	15:00:00	5389.500	5396.000	5388.500	5390.500	28962	143050	1
2025.11.03	16:00:00	5391.000	5394.000	5388.500	5392.000	21080	91882	1
2025.11.03	17:00:00	5392.000	5395.000	5390.500	5390.500	16399	74695	1
2025.11.03	18:00:00	5390.500	5397.500	5390.500	5396.000	7869	45656	1
2025.11.04	09:00:00	5417.500	5431.500	5414.000	5421.500	133652	545419	1
2025.11.04	10:00:00	5421.000	5429.500	5412.000	5420.500	98170	415434	1
2025.11.04	11:00:00	5421.000	5427.500	5413.000	5414.000	81669	384820	1
2025.11.04	12:00:00	5414.000	5418.000	5410.500	5412.500	52942	257042	1
2025.11.04	13:00:00	5412.500	5420.000	5411.000	5417.000	35699	175961	1
2025.11.04	14:00:00	5417.000	5428.500	5416.500	5427.000	36714	187486	1
2025.11.04	15:00:00	5427.000	5434.000	5425.500	5430.000	42138	186569	1
2025.11.04	16:00:00	5429.500	5432.000	5427.500	5431.000	25208	105393	1
2025.11.04	17:00:00	5431.000	5434.000	5427.500	5433.000	27652	129594	1
2025.11.04	18:00:00	5432.500	5443.500	5430.500	5442.500	11474	69199	1
2025.11.05	09:00:00	5433.000	5435.500	5422.000	5429.500	81442	298467	1
2025.11.05	10:00:00	5429.000	5432.000	5410.500	5413.000	99112	399155	1
2025.11.05	11:00:00	5412.500	5414.500	5396.000	5400.500	95730	425405	1
2025.11.05	12:00:00	5400.500	5406.500	5392.000	5392.000	72697	306508	1
2025.11.05	13:00:00	5392.000	5395.500	5383.000	5388.000	63568	296294	1
2025.11.05	14:00:00	5388.500	5391.500	5384.000	5390.000	32331	152095	1
2025.11.05	15:00:00	5390.500	5395.000	5388.500	5390.500	28882	127833	1
2025.11.05	16:00:00	5390.000	5393.000	5387.500	5390.500	21107	93233	1
2025.11.05	17:00:00	5390.500	5393.000	5385.500	5387.500	19905	89508	1
2025.11.05	18:00:00	5387.500	5389.000	5382.500	5386.000	10329	54409	1
2025.11.06	09:00:00	5380.000	5383.500	5366.000	5370.500	111208	434947	1
2025.11.06	10:00:00	5370.500	5372.000	5359.500	5365.500	93961	410251	1
2025.11.06	11:00:00	5365.500	5382.000	5364.000	5379.500	86903	396177	1
2025.11.06	12:00:00	5379.000	5392.000	5375.500	5383.000	85890	378168	1
2025.11.06	13:00:00	5382.500	5390.000	5380.500	5386.500	43867	185355	1
2025.11.06	14:00:00	5387.000	5393.000	5380.000	5383.000	42639	174002	1
2025.11.06	15:00:00	5383.000	5389.000	5374.500	5381.000	44092	208186	1
2025.11.06	16:00:00	5380.500	5382.500	5374.500	5377.500	27794	132798	1
2025.11.06	17:00:00	5378.000	5381.500	5377.000	5379.000	17123	87730	1
2025.11.06	18:00:00	5379.000	5381.500	5375.500	5378.500	6158	39985	1
2025.11.07	09:00:00	5376.000	5390.500	5369.000	5388.500	105277	377924	1
2025.11.07	10:00:00	5389.000	5390.500	5378.500	5384.500	73684	303207	1
2025.11.07	11:00:00	5384.500	5389.000	5374.000	5376.500	83964	379099	1
2025.11.07	12:00:00	5376.500	5379.000	5366.500	5371.500	69676	341655	1
2025.11.07	13:00:00	5371.500	5375.000	5361.000	5367.500	57125	284258	1
2025.11.07	14:00:00	5367.500	5372.000	5363.000	5364.500	37879	161892	1
2025.11.07	15:00:00	5364.000	5366.000	5360.500	5362.000	27370	107311	1
2025.11.07	16:00:00	5362.000	5362.500	5357.000	5359.000	29322	133625	1
2025.11.07	17:00:00	5358.500	5362.500	5357.500	5357.500	20838	92031	1
2025.11.07	18:00:00	5357.500	5358.000	5352.000	5354.500	10381	66341	1
2025.11.10	09:00:00	5340.000	5344.500	5327.000	5338.000	105900	483897	1
2025.11.10	10:00:00	5338.500	5347.000	5332.000	5341.000	82696	372003	1
2025.11.10	11:00:00	5340.500	5345.500	5335.500	5338.500	59571	259470	1
2025.11.10	12:00:00	5339.000	5345.000	5336.000	5340.500	41252	211387	1
2025.11.10	13:00:00	5341.000	5345.000	5340.000	5342.000	27375	141125	1
2025.11.10	14:00:00	5342.000	5342.500	5328.000	5329.500	45129	204511	1
2025.11.10	15:00:00	5329.000	5331.000	5326.000	5327.500	32354	144681	1
2025.11.10	16:00:00	5327.500	5331.500	5326.500	5329.000	17521	80658	1
2025.11.10	17:00:00	5329.000	5329.500	5321.500	5322.000	28852	133854	1
2025.11.10	18:00:00	5321.500	5322.000	5308.500	5314.500	13005	105950	1
2025.11.11	09:00:00	5313.500	5321.500	5303.000	5310.000	116960	481646	1
2025.11.11	10:00:00	5310.500	5313.000	5293.000	5294.000	107767	450301	1
2025.11.11	11:00:00	5294.000	5297.000	5286.500	5287.500	81074	372526	1
2025.11.11	12:00:00	5287.000	5303.000	5286.000	5298.000	66089	349908	1
2025.11.11	13:00:00	5297.500	5301.000	5291.500	5300.500	40130	208892	1
2025.11.11	14:00:00	5300.000	5301.000	5292.500	5296.500	32245	146205	1
2025.11.11	15:00:00	5296.500	5297.000	5293.000	5293.500	21215	103131	1
2025.11.11	16:00:00	5294.000	5297.000	5292.000	5295.500	20310	88279	1
2025.11.11	17:00:00	5295.000	5296.500	5293.000	5294.000	17678	74170	1
2025.11.11	18:00:00	5293.500	5297.500	5292.500	5295.500	8901	52720	1
2025.11.12	09:00:00	5298.500	5300.500	5286.500	5287.500	74912	296732	1
2025.11.12	10:00:00	5287.000	5310.500	5286.000	5309.000	97801	399600	1
2025.11.12	11:00:00	5309.500	5319.500	5307.000	5316.000	74198	317205	1
2025.11.12	12:00:00	5315.500	5322.500	5311.000	5320.500	58249	259048	1
2025.11.12	13:00:00	5320.500	5322.000	5314.500	5316.000	34582	163449	1
2025.11.12	14:00:00	5315.500	5318.500	5313.000	5315.500	22526	87926	1
2025.11.12	15:00:00	5315.500	5317.000	5309.000	5314.500	27317	113998	1
2025.11.12	16:00:00	5314.000	5316.500	5310.000	5313.000	21468	97545	1
2025.11.12	17:00:00	5313.000	5314.000	5309.000	5310.000	18110	84336	1
2025.11.12	18:00:00	5310.000	5315.000	5309.000	5313.000	6922	43590	1
2025.11.13	09:00:00	5301.500	5310.000	5292.000	5294.000	104882	395783	1
2025.11.13	10:00:00	5294.000	5306.000	5293.000	5296.500	101290	395311	1
2025.11.13	11:00:00	5296.500	5308.000	5296.000	5307.000	72596	315657	1
2025.11.13	12:00:00	5307.000	5308.500	5299.000	5300.500	57991	270970	1
2025.11.13	13:00:00	5300.500	5305.500	5299.000	5304.000	43504	203786	1
2025.11.13	14:00:00	5304.000	5309.000	5300.000	5308.500	36848	186810	1
2025.11.13	15:00:00	5308.500	5320.500	5306.500	5317.500	59664	287363	1
2025.11.13	16:00:00	5317.500	5322.000	5314.000	5317.000	39057	176867	1
2025.11.13	17:00:00	5316.500	5324.500	5315.500	5316.000	33450	166460	1
2025.11.13	18:00:00	5315.500	5316.500	5308.000	5309.500	7995	58617	1
2025.11.14	09:00:00	5325.000	5333.500	5311.000	5313.000	125352	478098	1
2025.11.14	10:00:00	5313.500	5328.500	5313.000	5323.000	102973	458006	1
2025.11.14	11:00:00	5322.500	5329.000	5302.000	5305.500	101558	447111	1
2025.11.14	12:00:00	5305.500	5309.500	5289.000	5290.000	81756	374543	1
2025.11.14	13:00:00	5290.500	5303.500	5289.500	5303.500	43404	206676	1
2025.11.14	14:00:00	5303.500	5304.000	5295.500	5299.000	29716	124966	1
2025.11.14	15:00:00	5299.500	5315.000	5299.500	5314.000	52776	248664	1
2025.11.14	16:00:00	5314.500	5317.000	5311.500	5312.500	24333	124504	1
2025.11.14	17:00:00	5312.500	5317.000	5312.500	5313.000	17164	79649	1
2025.11.14	18:00:00	5312.500	5319.000	5312.500	5313.000	5600	35584	1
2025.11.17	09:00:00	5317.000	5324.500	5308.500	5318.500	94787	366392	1
2025.11.17	10:00:00	5318.000	5326.000	5314.000	5324.000	63612	260536	1
2025.11.17	11:00:00	5324.000	5329.000	5320.500	5327.000	55641	239522	1
2025.11.17	12:00:00	5326.500	5329.500	5320.000	5324.500	48469	222822	1
2025.11.17	13:00:00	5324.500	5328.000	5320.500	5321.000	32762	171692	1
2025.11.17	14:00:00	5321.000	5327.500	5319.000	5325.000	28482	125672	1
2025.11.17	15:00:00	5325.000	5333.000	5324.500	5331.500	39040	178332	1
2025.11.17	16:00:00	5331.500	5347.000	5331.500	5346.000	56905	265783	1
2025.11.17	17:00:00	5346.500	5348.500	5335.500	5335.500	34963	145804	1
2025.11.17	18:00:00	5336.000	5344.000	5334.000	5344.000	9967	60778	1
2025.11.18	09:00:00	5351.000	5358.500	5346.000	5356.500	85303	302266	1
2025.11.18	10:00:00	5357.000	5357.500	5328.500	5336.500	109424	471966	1
2025.11.18	11:00:00	5336.000	5350.000	5330.500	5350.000	76386	303935	1
2025.11.18	12:00:00	5350.000	5355.500	5345.500	5351.000	71129	286698	1
2025.11.18	13:00:00	5351.000	5356.500	5331.000	5333.500	67334	293727	1
2025.11.18	14:00:00	5333.000	5341.500	5332.000	5335.000	37073	139550	1
2025.11.18	15:00:00	5334.500	5335.000	5328.000	5332.000	35733	143268	1
2025.11.18	16:00:00	5332.000	5333.000	5328.000	5331.000	22132	75283	1
2025.11.18	17:00:00	5330.500	5339.000	5330.000	5334.500	24699	99809	1
2025.11.18	18:00:00	5334.500	5340.000	5334.000	5339.500	6158	34534	1
2025.11.19	09:00:00	5336.500	5351.000	5332.500	5351.000	96129	375052	1
2025.11.19	10:00:00	5351.000	5353.000	5344.000	5347.500	66916	280110	1
2025.11.19	11:00:00	5347.500	5355.000	5340.500	5341.000	62771	261282	1
2025.11.19	12:00:00	5341.500	5349.500	5336.500	5347.000	52985	229434	1
2025.11.19	13:00:00	5347.000	5352.000	5345.500	5349.500	34436	165420	1
2025.11.19	14:00:00	5349.500	5359.500	5348.000	5352.500	51766	232442	1
2025.11.19	15:00:00	5353.000	5355.500	5341.500	5343.500	44762	192827	1
2025.11.19	16:00:00	5343.000	5353.000	5342.500	5349.000	34231	148228	1
2025.11.19	17:00:00	5349.000	5352.500	5342.500	5343.000	23410	94667	1
2025.11.19	18:00:00	5343.500	5348.000	5336.000	5338.500	9277	50401	1
2025.11.21	09:00:00	5362.500	5390.500	5360.500	5367.500	161765	595711	1
2025.11.21	10:00:00	5367.500	5388.000	5364.500	5384.000	91987	366836	1
2025.11.21	11:00:00	5384.000	5407.500	5383.500	5404.500	96590	386398	1
2025.11.21	12:00:00	5405.000	5443.000	5401.500	5425.500	142070	574257	1
2025.11.21	13:00:00	5425.500	5436.500	5399.500	5399.500	97895	414422	1
2025.11.21	14:00:00	5399.500	5412.500	5395.500	5411.500	58742	251568	1
2025.11.21	15:00:00	5412.000	5425.000	5406.000	5413.000	62608	245896	1
2025.11.21	16:00:00	5413.000	5413.500	5406.500	5411.000	24081	91150	1
2025.11.21	17:00:00	5411.500	5417.500	5410.500	5414.500	22738	98187	1
2025.11.21	18:00:00	5414.000	5419.500	5410.500	5416.500	7767	44955	1
2025.11.24	09:00:00	5408.000	5408.000	5386.500	5394.500	118415	428801	1
2025.11.24	10:00:00	5394.500	5414.500	5393.500	5413.500	101000	406684	1
2025.11.24	11:00:00	5413.500	5415.000	5394.000	5402.500	99265	399245	1
2025.11.24	12:00:00	5402.000	5406.000	5397.000	5400.000	61306	286529	1
2025.11.24	13:00:00	5400.000	5406.500	5396.500	5402.500	34513	172110	1
2025.11.24	14:00:00	5403.000	5404.000	5399.000	5402.500	24596	109819	1
2025.11.24	15:00:00	5402.500	5406.500	5397.500	5399.000	28375	130116	1
2025.11.24	16:00:00	5399.000	5402.500	5398.500	5402.000	18338	87023	1
2025.11.24	17:00:00	5402.000	5402.500	5396.000	5397.000	16726	82961	1
2025.11.24	18:00:00	5397.500	5398.000	5392.000	5394.500	8110	55089	1
2025.11.25	09:00:00	5392.000	5392.000	5371.000	5374.000	128507	486270	1
2025.11.25	10:00:00	5374.500	5375.500	5358.500	5372.500	112231	500300	1
2025.11.25	11:00:00	5372.500	5415.500	5372.500	5402.000	144760	661655	1
2025.11.25	12:00:00	5402.500	5403.000	5382.000	5398.000	82906	378163	1
2025.11.25	13:00:00	5398.000	5399.500	5389.000	5393.000	36799	171886	1
2025.11.25	14:00:00	5393.500	5395.500	5380.000	5386.500	59170	269211	1
2025.11.25	15:00:00	5386.500	5386.500	5377.500	5379.500	46125	188998	1
2025.11.25	16:00:00	5379.500	5382.000	5374.000	5379.000	29565	139764	1
2025.11.25	17:00:00	5379.000	5392.000	5377.500	5390.000	24404	128785	1
2025.11.25	18:00:00	5389.500	5390.000	5382.000	5385.000	6410	39463	1
2025.11.26	09:00:00	5385.000	5392.500	5376.000	5386.000	99004	350317	1
2025.11.26	10:00:00	5386.000	5386.000	5374.000	5381.500	112205	418213	1
2025.11.26	11:00:00	5381.500	5384.500	5371.500	5375.000	73241	280585	1
2025.11.26	12:00:00	5374.500	5376.500	5354.000	5355.500	80852	335176	1
2025.11.26	13:00:00	5356.000	5356.500	5347.500	5352.000	56278	239749	1
2025.11.26	14:00:00	5351.500	5352.000	5340.500	5343.500	45918	226481	1
2025.11.26	15:00:00	5343.000	5346.000	5338.000	5339.000	38834	173713	1
2025.11.26	16:00:00	5339.500	5340.500	5333.500	5335.500	27429	144061	1
2025.11.26	17:00:00	5335.000	5340.500	5334.000	5334.000	26124	149437	1
2025.11.26	18:00:00	5334.000	5337.000	5331.500	5335.500	11949	61141	1
2025.11.27	09:00:00	5375.384	5390.483	5365.821	5384.947	86101	325541	1
2025.11.27	10:00:00	5385.450	5388.470	5380.921	5384.947	48484	170708	1
2025.11.27	11:00:00	5384.947	5393.000	5383.940	5390.987	42048	171830	1
2025.11.27	12:00:00	5390.987	5391.490	5381.927	5384.947	29003	108890	1
2025.11.27	13:00:00	5385.450	5386.457	5375.887	5384.444	35013	133378	1
2025.11.27	14:00:00	5384.947	5388.974	5381.424	5386.457	24500	103381	1
2025.11.27	15:00:00	5386.457	5396.020	5381.424	5393.503	30928	138195	1
2025.11.27	16:00:00	5393.503	5394.510	5387.967	5388.974	15710	70004	1
2025.11.27	17:00:00	5388.974	5392.497	5388.470	5390.483	10826	46295	1
2025.11.27	18:00:00	5390.483	5393.000	5386.457	5393.000	4237	26075	1
2025.11.28	09:00:00	5388.000	5396.000	5374.500	5376.500	86778	356875	1
2025.11.28	10:00:00	5377.000	5384.000	5365.500	5366.500	86360	379143	1
2025.11.28	11:00:00	5366.500	5376.500	5361.500	5365.500	68504	349244	1
2025.11.28	12:00:00	5365.000	5386.500	5363.500	5382.500	61896	316207	1
2025.11.28	13:00:00	5382.500	5383.500	5374.000	5378.500	37534	216114	1
2025.11.28	14:00:00	5378.500	5381.000	5374.000	5375.000	22548	97595	1
2025.11.28	15:00:00	5374.500	5377.000	5364.500	5367.500	34174	169289	1
2025.11.28	16:00:00	5367.500	5372.000	5364.500	5371.000	17037	89879	1
2025.11.28	17:00:00	5371.000	5373.000	5368.500	5370.500	11327	52845	1
2025.11.28	18:00:00	5370.000	5374.000	5370.000	5371.500	5124	34346	1
2025.12.01	09:00:00	5371.500	5378.000	5362.000	5377.000	109086	388634	1
2025.12.01	10:00:00	5376.500	5385.500	5375.500	5380.000	90686	369586	1
2025.12.01	11:00:00	5380.500	5385.500	5372.500	5377.500	67762	274250	1
2025.12.01	12:00:00	5377.500	5383.000	5370.500	5380.000	66536	296474	1
2025.12.01	13:00:00	5380.000	5390.000	5377.000	5389.000	51244	237604	1
2025.12.01	14:00:00	5389.000	5392.500	5383.500	5389.000	32549	135715	1
2025.12.01	15:00:00	5388.500	5395.500	5387.000	5393.000	32796	147917	1
2025.12.01	16:00:00	5393.000	5396.500	5392.500	5394.000	20696	94715	1
2025.12.01	17:00:00	5394.500	5400.000	5389.000	5391.000	29459	147407	1
2025.12.01	18:00:00	5391.500	5392.000	5385.500	5386.000	5544	32327	1
2025.12.02	09:00:00	5388.000	5396.500	5374.500	5387.000	97887	380329	1
2025.12.02	10:00:00	5387.500	5394.000	5379.000	5379.500	86478	343995	1
2025.12.02	11:00:00	5379.500	5382.000	5370.500	5372.500	80939	342294	1
2025.12.02	12:00:00	5373.000	5377.500	5368.000	5374.000	57580	262177	1
2025.12.02	13:00:00	5374.000	5379.500	5373.000	5377.500	37346	171665	1
2025.12.02	14:00:00	5377.000	5377.500	5362.500	5369.000	47798	214528	1
2025.12.02	15:00:00	5369.000	5370.500	5365.000	5368.000	26260	108553	1
2025.12.02	16:00:00	5368.000	5368.500	5363.000	5364.500	22207	102823	1
2025.12.02	17:00:00	5364.500	5366.500	5361.000	5361.500	18492	84321	1
2025.12.02	18:00:00	5362.000	5363.500	5360.000	5361.500	7092	40413	1
2025.12.03	09:00:00	5350.000	5355.500	5344.000	5353.500	89490	338551	1
2025.12.03	10:00:00	5354.000	5355.000	5332.000	5347.500	116144	492732	1
2025.12.03	11:00:00	5347.000	5351.000	5331.000	5337.000	93392	387060	1
2025.12.03	12:00:00	5337.000	5342.500	5331.500	5333.000	57721	259902	1
2025.12.03	13:00:00	5333.000	5344.500	5330.000	5343.000	44584	215397	1
2025.12.03	14:00:00	5343.500	5344.000	5336.500	5340.500	25766	115009	1
2025.12.03	15:00:00	5340.500	5346.000	5336.000	5341.000	32141	142530	1
2025.12.03	16:00:00	5341.000	5346.000	5339.500	5345.500	21858	94623	1
2025.12.03	17:00:00	5345.500	5345.500	5341.500	5342.500	19089	78765	1
2025.12.03	18:00:00	5343.000	5344.500	5339.000	5341.500	6332	36272	1
2025.12.04	09:00:00	5336.000	5341.500	5329.000	5335.000	86494	328743	1
2025.12.04	10:00:00	5335.500	5338.000	5319.500	5321.500	99478	439159	1
2025.12.04	11:00:00	5321.500	5326.500	5318.500	5326.000	60155	251250	1
2025.12.04	12:00:00	5326.500	5328.000	5322.000	5323.000	39924	188457	1
2025.12.04	13:00:00	5323.000	5334.500	5322.500	5333.000	47545	241279	1
2025.12.04	14:00:00	5333.500	5342.500	5331.500	5339.500	40534	183052	1
2025.12.04	15:00:00	5339.000	5347.000	5339.000	5341.500	39462	186432	1
2025.12.04	16:00:00	5341.500	5347.000	5335.000	5340.500	36696	182837	1
2025.12.04	17:00:00	5340.500	5344.500	5340.000	5343.000	18585	78786	1
2025.12.04	18:00:00	5343.000	5344.500	5339.500	5341.000	6393	36928	1
2025.12.05	09:00:00	5327.500	5340.000	5326.000	5337.500	72811	277082	1
2025.12.05	10:00:00	5337.500	5350.000	5336.000	5348.500	77296	317909	1
2025.12.05	11:00:00	5348.500	5378.500	5345.000	5372.000	119432	544169	1
2025.12.05	12:00:00	5372.000	5417.000	5362.000	5403.500	133079	589200	1
2025.12.05	13:00:00	5404.000	5461.000	5396.500	5435.000	278168	1047558	1
2025.12.05	14:00:00	5434.500	5456.500	5400.500	5445.000	183947	741396	1
2025.12.05	15:00:00	5445.500	5514.500	5438.000	5506.500	167207	637063	1
2025.12.05	16:00:00	5506.500	5512.000	5461.500	5463.500	124504	429252	1
2025.12.05	17:00:00	5463.500	5486.000	5458.500	5483.000	60536	239557	1
2025.12.05	18:00:00	5483.000	5486.000	5464.500	5466.000	14254	68175	1
2025.12.08	09:00:00	5451.500	5465.000	5422.500	5443.000	198145	734874	1
2025.12.08	10:00:00	5443.000	5450.000	5414.000	5418.500	125841	513192	1
2025.12.08	11:00:00	5418.500	5458.500	5416.500	5452.000	108834	429601	1
2025.12.08	12:00:00	5452.000	5495.000	5452.000	5474.500	143952	562948	1
2025.12.08	13:00:00	5475.000	5479.500	5460.000	5470.500	72483	278997	1
2025.12.08	14:00:00	5470.500	5478.500	5454.500	5456.500	70625	264355	1
2025.12.08	15:00:00	5456.000	5457.500	5444.000	5448.500	57309	210003	1
2025.12.08	16:00:00	5449.000	5456.500	5447.000	5449.000	35856	166706	1
2025.12.08	17:00:00	5448.500	5472.500	5446.500	5460.000	40829	174843	1
2025.12.08	18:00:00	5460.000	5464.500	5457.500	5457.500	7632	40443	1
2025.12.09	09:00:00	5449.000	5495.000	5446.000	5492.500	186938	660065	1
2025.12.09	10:00:00	5492.500	5522.000	5483.000	5496.000	179256	688690	1
2025.12.09	11:00:00	5496.000	5503.000	5483.500	5493.000	99693	376556	1
2025.12.09	12:00:00	5493.000	5504.500	5452.500	5458.500	137675	588701	1
2025.12.09	13:00:00	5458.500	5468.500	5447.000	5462.500	78411	316854	1
2025.12.09	14:00:00	5462.500	5475.500	5456.000	5472.500	47440	175692	1
2025.12.09	15:00:00	5473.000	5475.500	5462.500	5465.000	40044	163078	1
2025.12.09	16:00:00	5464.500	5471.000	5458.000	5464.000	46002	191375	1
2025.12.09	17:00:00	5463.500	5467.000	5457.500	5465.500	25968	108712	1
2025.12.09	18:00:00	5465.500	5466.500	5459.000	5459.500	7365	31234	1
2025.12.10	09:00:00	5449.500	5470.000	5442.500	5468.500	132144	470718	1
2025.12.10	10:00:00	5468.000	5493.000	5467.000	5486.000	124321	453564	1
2025.12.10	11:00:00	5486.500	5493.000	5481.000	5491.000	73229	282504	1
2025.12.10	12:00:00	5491.000	5515.000	5483.000	5504.000	92472	396621	1
2025.12.10	13:00:00	5504.500	5509.000	5495.000	5497.500	48908	193155	1
2025.12.10	14:00:00	5497.000	5508.000	5496.500	5506.000	42418	168847	1
2025.12.10	15:00:00	5506.000	5513.000	5499.000	5509.000	39465	151643	1
2025.12.10	16:00:00	5509.500	5510.000	5488.500	5491.500	122999	387243	1
2025.12.10	17:00:00	5491.500	5498.500	5479.500	5497.000	60139	221447	1
2025.12.10	18:00:00	5497.000	5500.000	5493.500	5497.000	9725	42631	1
2025.12.11	09:00:00	5499.500	5500.000	5465.500	5467.500	131338	468804	1
2025.12.11	10:00:00	5467.500	5473.500	5448.500	5451.500	110194	442247	1
2025.12.11	11:00:00	5451.500	5454.000	5441.500	5443.000	83506	362832	1
2025.12.11	12:00:00	5443.000	5444.500	5424.500	5427.500	85092	417336	1
2025.12.11	13:00:00	5427.000	5431.000	5420.500	5427.500	54060	246323	1
2025.12.11	14:00:00	5427.500	5439.000	5424.000	5434.500	45894	202610	1
2025.12.11	15:00:00	5434.500	5438.500	5417.500	5421.000	63325	277056	1
2025.12.11	16:00:00	5421.000	5427.500	5418.500	5426.500	27164	142828	1
2025.12.11	17:00:00	5426.500	5431.000	5426.000	5428.000	18259	80071	1
2025.12.11	18:00:00	5428.500	5432.000	5425.500	5431.500	9507	55227	1
2025.12.12	09:00:00	5429.500	5440.000	5420.000	5421.500	115635	400285	1
2025.12.12	10:00:00	5421.000	5424.000	5399.000	5408.000	130421	523088	1
2025.12.12	11:00:00	5408.000	5416.000	5400.000	5404.000	69819	285350	1
2025.12.12	12:00:00	5404.000	5446.000	5403.500	5437.000	116771	506454	1
2025.12.12	13:00:00	5437.500	5444.500	5426.000	5427.500	67217	298115	1
2025.12.12	14:00:00	5427.500	5430.000	5412.500	5422.000	61235	300019	1
2025.12.12	15:00:00	5422.500	5428.500	5416.000	5426.000	34503	150225	1
2025.12.12	16:00:00	5425.500	5434.500	5425.500	5432.000	33064	138515	1
2025.12.12	17:00:00	5432.000	5441.500	5430.000	5438.500	26311	98674	1
2025.12.12	18:00:00	5439.000	5445.000	5431.000	5433.000	8101	42206	1
2025.12.15	09:00:00	5420.000	5430.500	5404.500	5406.500	113237	407529	1
2025.12.15	10:00:00	5406.000	5411.000	5399.000	5408.500	81404	321858	1
2025.12.15	11:00:00	5408.500	5430.000	5406.000	5425.000	96261	407772	1
2025.12.15	12:00:00	5424.500	5431.000	5417.000	5420.500	77362	313862	1
2025.12.15	13:00:00	5420.500	5427.500	5412.500	5425.000	57010	237064	1
2025.12.15	14:00:00	5425.000	5435.500	5422.500	5434.000	36457	134149	1
2025.12.15	15:00:00	5433.500	5444.000	5431.500	5442.000	49938	208367	1
2025.12.15	16:00:00	5442.000	5444.000	5437.500	5439.500	22875	88689	1
2025.12.15	17:00:00	5439.500	5441.500	5433.000	5438.000	24294	97323	1
2025.12.15	18:00:00	5438.000	5440.500	5431.500	5433.500	8269	35991	1
2025.12.16	09:00:00	5438.500	5475.000	5432.500	5451.500	200022	772102	1
2025.12.16	10:00:00	5451.000	5469.000	5434.000	5459.000	146345	521430	1
2025.12.16	11:00:00	5459.500	5475.000	5456.000	5466.500	110291	423163	1
2025.12.16	12:00:00	5467.000	5491.500	5464.500	5483.500	92168	407125	1
2025.12.16	13:00:00	5483.000	5487.000	5474.500	5477.000	55941	246352	1
2025.12.16	14:00:00	5476.500	5477.000	5462.500	5475.500	60900	260021	1
2025.12.16	15:00:00	5475.500	5481.500	5472.500	5480.500	44362	164268	1
2025.12.16	16:00:00	5480.000	5488.500	5477.500	5479.000	35243	130076	1
2025.12.16	17:00:00	5479.500	5489.500	5478.000	5483.500	31467	122714	1
2025.12.16	18:00:00	5484.000	5540.500	5483.000	5528.500	31726	181553	1
2025.12.17	09:00:00	5516.000	5535.000	5498.500	5507.500	164273	564990	1
2025.12.17	10:00:00	5508.000	5533.000	5503.500	5514.000	153507	584146	1
2025.12.17	11:00:00	5514.500	5523.000	5505.500	5514.500	109662	483234	1
2025.12.17	12:00:00	5514.500	5539.500	5512.500	5536.000	92935	381539	1
2025.12.17	13:00:00	5536.000	5545.000	5530.500	5538.000	76399	306655	1
2025.12.17	14:00:00	5538.000	5538.000	5521.000	5527.500	57884	248401	1
2025.12.17	15:00:00	5528.000	5540.000	5527.500	5533.000	47935	208361	1
2025.12.17	16:00:00	5532.500	5542.000	5530.000	5535.500	31377	137560	1
2025.12.17	17:00:00	5536.000	5537.500	5522.500	5528.000	29792	112238	1
2025.12.17	18:00:00	5528.000	5539.500	5525.000	5534.500	10730	53795	1
2025.12.18	09:00:00	5519.000	5571.500	5516.000	5568.500	152778	629966	1
2025.12.18	10:00:00	5568.000	5569.500	5528.500	5551.000	170424	689858	1
2025.12.18	11:00:00	5551.000	5553.500	5536.000	5542.500	101196	412576	1
2025.12.18	12:00:00	5542.000	5544.500	5514.500	5525.000	85654	376640	1
2025.12.18	13:00:00	5525.000	5534.000	5513.500	5529.000	70598	317836	1
2025.12.18	14:00:00	5528.500	5543.500	5524.000	5527.500	67171	257083	1
2025.12.18	15:00:00	5527.500	5532.000	5521.500	5531.000	36935	171664	1
2025.12.18	16:00:00	5531.000	5536.500	5527.500	5535.000	23228	109822	1
2025.12.18	17:00:00	5535.000	5537.500	5529.500	5535.000	23145	91209	1
2025.12.18	18:00:00	5535.000	5537.000	5531.500	5534.500	7842	38592	1
2025.12.19	09:00:00	5535.000	5556.500	5530.500	5549.500	143236	508064	1
2025.12.19	10:00:00	5549.500	5549.500	5521.500	5523.000	111930	431262	1
2025.12.19	11:00:00	5522.500	5528.500	5508.000	5516.500	105088	501135	1
2025.12.19	12:00:00	5516.000	5524.000	5513.000	5522.000	59325	287144	1
2025.12.19	13:00:00	5522.000	5523.000	5513.000	5521.500	32901	159524	1
2025.12.19	14:00:00	5521.500	5542.000	5520.000	5540.500	36950	181570	1
2025.12.19	15:00:00	5540.500	5543.500	5534.500	5541.500	36384	164932	1
2025.12.19	16:00:00	5541.500	5543.000	5535.000	5540.000	28276	130068	1
2025.12.19	17:00:00	5540.000	5558.500	5537.500	5552.500	29823	141112	1
2025.12.19	18:00:00	5552.500	5560.500	5550.500	5555.000	8899	45973	1
2025.12.22	09:00:00	5538.500	5552.000	5528.500	5535.500	116451	412699	1
2025.12.22	10:00:00	5535.500	5545.500	5525.000	5542.000	102204	388922	1
2025.12.22	11:00:00	5542.000	5560.500	5535.500	5553.000	92311	361685	1
2025.12.22	12:00:00	5553.000	5571.000	5546.000	5568.500	84552	379810	1
2025.12.22	13:00:00	5568.500	5592.000	5566.500	5587.500	94409	407350	1
2025.12.22	14:00:00	5587.500	5604.500	5584.000	5597.000	76250	344354	1
2025.12.22	15:00:00	5597.000	5614.000	5588.000	5590.500	80502	330319	1
2025.12.22	16:00:00	5590.500	5595.000	5584.000	5591.500	49235	200244	1
2025.12.22	17:00:00	5591.500	5602.500	5590.500	5598.500	29037	131921	1
2025.12.22	18:00:00	5599.000	5604.000	5596.000	5598.500	10851	47984	1
2025.12.23	09:00:00	5588.500	5603.000	5582.000	5595.500	127267	460149	1
2025.12.23	10:00:00	5595.000	5599.500	5575.500	5586.000	111788	455081	1
2025.12.23	11:00:00	5585.500	5588.000	5560.000	5561.000	87860	341546	1
2025.12.23	12:00:00	5561.000	5563.000	5538.000	5551.500	92325	395932	1
2025.12.23	13:00:00	5551.000	5553.000	5540.000	5545.000	39254	158537	1
2025.12.23	14:00:00	5545.000	5548.500	5539.500	5546.500	30973	140383	1
2025.12.23	15:00:00	5546.500	5548.500	5541.500	5543.500	29966	118973	1
2025.12.23	16:00:00	5543.500	5545.000	5535.000	5536.000	28972	104559	1
2025.12.23	17:00:00	5536.000	5538.000	5532.000	5534.000	24176	88027	1
2025.12.23	18:00:00	5534.000	5534.000	5523.000	5528.500	10077	53047	1
2025.12.26	09:00:00	5550.000	5570.000	5543.000	5558.000	105732	376971	1
2025.12.26	10:00:00	5557.500	5566.000	5552.500	5555.500	77060	299219	1
2025.12.26	11:00:00	5555.500	5555.500	5541.000	5542.500	75810	282072	1
2025.12.26	12:00:00	5542.500	5543.000	5523.000	5538.000	74831	308078	1
2025.12.26	13:00:00	5538.000	5543.500	5536.500	5541.500	31463	130987	1
2025.12.26	14:00:00	5542.000	5549.000	5528.000	5543.500	50553	208134	1
2025.12.26	15:00:00	5543.000	5550.000	5542.000	5546.500	25114	81798	1
2025.12.26	16:00:00	5546.000	5552.500	5545.000	5547.000	20570	78561	1
2025.12.26	17:00:00	5547.000	5550.500	5543.500	5545.500	14003	52790	1
2025.12.26	18:00:00	5546.000	5550.000	5540.000	5545.500	6781	32605	1
2025.12.29	09:00:00	5589.287	5611.965	5586.767	5610.453	101319	352769	1
2025.12.29	10:00:00	5610.453	5625.571	5609.949	5619.524	80982	310362	1
2025.12.29	11:00:00	5619.524	5624.059	5609.949	5617.004	68164	270782	1
2025.12.29	12:00:00	5617.004	5626.075	5605.917	5610.453	79693	366485	1
2025.12.29	13:00:00	5610.453	5628.595	5607.429	5623.555	55558	250832	1
2025.12.29	14:00:00	5623.051	5626.579	5620.532	5625.067	24057	79509	1
2025.12.29	15:00:00	5625.067	5630.107	5621.540	5622.043	38631	153535	1
2025.12.29	16:00:00	5622.547	5627.083	5612.468	5614.988	30310	126701	1
2025.12.29	17:00:00	5614.484	5617.508	5605.917	5616.500	26786	98813	1
2025.12.29	18:00:00	5616.500	5621.036	5614.988	5616.500	7924	37117	1
2025.12.30	09:00:00	5604.000	5608.000	5560.000	5561.000	132409	453334	1
2025.12.30	10:00:00	5560.500	5568.000	5534.000	5541.000	112630	464169	1
2025.12.30	11:00:00	5541.000	5547.000	5530.500	5537.000	86298	366589	1
2025.12.30	12:00:00	5537.000	5545.000	5527.500	5539.500	68177	311052	1
2025.12.30	13:00:00	5540.000	5544.500	5529.000	5540.000	49698	247401	1
2025.12.30	14:00:00	5540.000	5542.000	5525.500	5526.500	32822	150591	1
2025.12.30	15:00:00	5527.000	5537.500	5525.500	5531.500	36877	183105	1
2025.12.30	16:00:00	5531.500	5533.000	5525.000	5528.000	27089	115197	1
2025.12.30	17:00:00	5527.500	5531.000	5514.000	5518.000	25515	107577	1
2025.12.30	18:00:00	5518.000	5521.000	5513.000	5519.000	9132	49064	1
2026.01.02	09:00:00	5507.000	5508.000	5467.500	5471.500	120850	444320	1
2026.01.02	10:00:00	5471.500	5481.000	5459.000	5470.000	85855	361467	1
2026.01.02	11:00:00	5470.000	5480.000	5457.000	5475.000	87535	361182	1
2026.01.02	12:00:00	5475.000	5491.500	5473.500	5475.000	72453	267069	1
2026.01.02	13:00:00	5475.000	5480.000	5460.000	5461.000	51971	215104	1
2026.01.02	14:00:00	5460.500	5462.500	5454.000	5460.500	38427	155629	1
2026.01.02	15:00:00	5460.500	5463.500	5454.000	5463.000	30714	127983	1
2026.01.02	16:00:00	5463.000	5465.000	5455.000	5461.000	28620	131627	1
2026.01.02	17:00:00	5460.500	5466.000	5460.000	5462.500	19420	80069	1
2026.01.02	18:00:00	5462.000	5464.000	5452.000	5456.000	7636	40421	1
2026.01.05	09:00:00	5455.000	5480.000	5455.000	5475.000	122792	398498	1
2026.01.05	10:00:00	5475.500	5489.500	5475.000	5479.500	96714	349106	1
2026.01.05	11:00:00	5479.500	5482.500	5462.500	5471.500	99291	393837	1
2026.01.05	12:00:00	5471.500	5476.500	5449.000	5450.500	81285	325984	1
2026.01.05	13:00:00	5451.000	5455.500	5444.500	5446.000	47793	207196	1
2026.01.05	14:00:00	5446.500	5448.500	5431.500	5433.500	48892	205674	1
2026.01.05	15:00:00	5433.500	5438.500	5432.500	5436.000	32695	151298	1
2026.01.05	16:00:00	5436.500	5442.500	5434.500	5441.000	28250	121855	1
2026.01.05	17:00:00	5441.500	5445.000	5440.000	5445.000	22393	97109	1
2026.01.05	18:00:00	5445.000	5449.000	5443.000	5449.000	8051	46952	1
2026.01.06	09:00:00	5449.000	5452.000	5430.500	5434.000	128696	427548	1
2026.01.06	10:00:00	5434.000	5440.000	5420.000	5428.000	107223	407767	1
2026.01.06	11:00:00	5428.000	5429.500	5397.500	5403.500	109663	464303	1
2026.01.06	12:00:00	5403.500	5417.500	5401.000	5405.500	68448	289119	1
2026.01.06	13:00:00	5405.500	5408.500	5400.000	5405.500	41017	187862	1
2026.01.06	14:00:00	5405.500	5409.500	5399.500	5406.000	28236	113137	1
2026.01.06	15:00:00	5406.000	5415.500	5402.000	5408.000	40828	185129	1
2026.01.06	16:00:00	5408.000	5418.000	5407.000	5415.500	29264	138086	1
2026.01.06	17:00:00	5415.500	5416.000	5405.500	5410.000	19673	90904	1
2026.01.06	18:00:00	5410.500	5414.000	5408.500	5409.000	8004	43811	1
2026.01.07	09:00:00	5403.000	5421.000	5401.000	5415.000	106397	375379	1
2026.01.07	10:00:00	5414.500	5424.000	5410.500	5413.500	100971	371796	1
2026.01.07	11:00:00	5413.500	5432.500	5410.000	5422.000	94526	374794	1
2026.01.07	12:00:00	5422.500	5434.000	5420.500	5425.500	71675	305913	1
2026.01.07	13:00:00	5425.000	5430.000	5421.000	5423.000	35471	151616	1
2026.01.07	14:00:00	5423.000	5430.000	5420.000	5427.500	27224	115345	1
2026.01.07	15:00:00	5428.000	5429.000	5415.000	5418.500	43029	185354	1
2026.01.07	16:00:00	5418.500	5423.500	5417.500	5418.000	21058	91720	1
2026.01.07	17:00:00	5418.000	5422.500	5418.000	5420.500	15938	76601	1
2026.01.07	18:00:00	5421.000	5424.000	5418.000	5420.500	6501	36723	1
2026.01.08	09:00:00	5424.000	5427.500	5410.000	5412.500	107596	350598	1
2026.01.08	10:00:00	5412.500	5423.500	5406.500	5417.500	88578	327014	1
2026.01.08	11:00:00	5418.000	5428.500	5413.500	5418.500	89686	352798	1
2026.01.08	12:00:00	5419.000	5428.000	5413.000	5421.000	55929	213652	1
2026.01.08	13:00:00	5420.500	5428.000	5414.500	5417.500	37925	159365	1
2026.01.08	14:00:00	5417.500	5421.000	5413.500	5417.000	27426	111492	1
2026.01.08	15:00:00	5417.000	5426.000	5416.500	5425.000	31222	135264	1
2026.01.08	16:00:00	5425.500	5427.000	5419.000	5420.500	21869	94700	1
2026.01.08	17:00:00	5421.000	5422.000	5418.000	5418.500	13731	63038	1
2026.01.08	18:00:00	5419.000	5420.500	5417.000	5417.500	5128	26195	1
2026.01.09	09:00:00	5428.500	5428.500	5411.000	5416.000	88451	304329	1
2026.01.09	10:00:00	5416.500	5424.000	5384.000	5396.500	162692	641083	1
2026.01.09	11:00:00	5396.000	5402.000	5389.000	5393.000	86578	339568	1
2026.01.09	12:00:00	5393.500	5400.500	5383.000	5384.000	63283	261573	1
2026.01.09	13:00:00	5384.000	5390.500	5381.500	5384.500	44254	192495	1
2026.01.09	14:00:00	5384.500	5396.500	5382.000	5395.000	32346	136723	1
2026.01.09	15:00:00	5395.000	5397.000	5391.000	5394.500	21568	89579	1
2026.01.09	16:00:00	5394.000	5398.500	5393.500	5395.000	20115	93659	1
2026.01.09	17:00:00	5395.000	5396.000	5391.000	5395.500	14858	72769	1
2026.01.09	18:00:00	5395.500	5402.000	5393.000	5402.000	8226	44786	1
