<DATE>	<TIME>	<OPEN>	<HIGH>	<LOW>	<CLOSE>	<TICKVOL>	<VOL>	<SPREAD>
2021.03.08	06:00:00	7425.638	7462.508	7397.824	7421.757	532557	1459596	1
2021.03.08	12:00:00	7421.757	7541.421	7386.828	7532.365	586589	1999034	1
2021.03.08	18:00:00	7532.365	7609.985	7531.719	7609.985	36722	133955	1
2021.03.09	06:00:00	7555.005	7606.751	7518.782	7584.112	550278	1605167	1
2021.03.09	12:00:00	7583.465	7586.053	7469.623	7518.135	635742	1990850	1
2021.03.09	18:00:00	7518.135	7522.663	7510.373	7513.607	11372	37479	1
2021.03.10	06:00:00	7505.198	7528.484	7395.237	7400.412	624724	1744464	1
2021.03.10	12:00:00	7400.412	7476.091	7308.561	7344.784	683018	2239775	1
2021.03.10	18:00:00	7344.784	7353.840	7335.728	7346.078	16451	50779	1
2021.03.11	06:00:00	7238.057	7279.454	7221.239	7238.703	494122	1421759	1
2021.03.11	12:00:00	7238.703	7255.521	7156.556	7173.373	552146	1860245	1
2021.03.11	18:00:00	7172.727	7177.901	7164.965	7170.139	12315	42156	1
2021.03.12	06:00:00	7215.417	7227.060	7182.429	7190.191	418575	1192247	1
2021.03.12	12:00:00	7189.544	7226.414	7179.842	7192.778	406861	1360900	1
2021.03.12	18:00:00	7193.425	7199.894	7181.135	7188.251	10638	42176	1
2021.03.15	06:00:00	7192.778	7307.915	7162.377	7289.803	546277	1671589	1
2021.03.15	12:00:00	7289.803	7322.792	7245.172	7271.692	540247	1812290	1
2021.03.16	06:00:00	7284.629	7294.978	7195.366	7199.247	551829	1576844	1
2021.03.16	12:00:00	7198.600	7285.275	7198.600	7280.748	498943	1703739	1
2021.03.17	06:00:00	7328.613	7355.780	7291.097	7307.915	532373	1455585	1
2021.03.17	12:00:00	7307.915	7331.201	7209.596	7226.414	539293	1731315	1
2021.03.18	06:00:00	7125.508	7223.826	7089.285	7161.730	648374	1944892	1
2021.03.18	12:00:00	7161.084	7218.652	7149.441	7199.247	502834	1645211	1
2021.03.19	06:00:00	7153.968	7183.723	7097.694	7117.746	601522	1745631	1
2021.03.19	12:00:00	7117.746	7128.095	7052.416	7104.809	486358	1732224	1
2021.03.22	06:00:00	7128.095	7179.195	7111.277	7137.151	516049	1413834	1
2021.03.22	12:00:00	7137.151	7166.905	7115.805	7133.270	424875	1378782	1
2021.03.23	06:00:00	7169.492	7183.723	7103.515	7106.750	566844	1683243	1
2021.03.23	12:00:00	7106.750	7159.790	7072.467	7150.734	551430	1935703	1
2021.03.24	06:00:00	7128.095	7177.901	7105.456	7155.909	525648	1596053	1
2021.03.24	12:00:00	7156.556	7301.446	7139.091	7280.748	589313	2196265	1
2021.03.25	06:00:00	7280.101	7351.252	7269.751	7301.446	570280	1697687	1
2021.03.25	12:00:00	7300.799	7352.546	7271.045	7310.502	534291	1820929	1
2021.03.26	06:00:00	7314.383	7399.765	7303.387	7388.122	495711	1490057	1
2021.03.26	12:00:00	7387.475	7450.218	7373.891	7447.630	452930	1551924	1
2021.03.29	06:00:00	7460.567	7511.667	7450.218	7508.433	465167	1339096	1
2021.03.29	12:00:00	7508.433	7511.667	7421.757	7481.266	537578	1664984	1
2021.03.30	06:00:00	7482.559	7508.433	7439.868	7456.039	550631	1548434	1
2021.03.30	12:00:00	7455.392	7474.797	7402.352	7469.623	476636	1554242	1
2021.03.31	06:00:00	7456.061	7462.519	7288.161	7290.744	548676	1639274	1
2021.03.31	12:00:00	7291.390	7369.528	7272.017	7285.578	556553	1815589	1
2021.04.01	06:00:00	7277.829	7383.089	7253.935	7349.509	518418	1475983	1
2021.04.01	12:00:00	7349.509	7409.566	7342.406	7385.673	401801	1269489	1
2021.04.05	06:00:00	7334.011	7352.093	7286.870	7310.763	493390	1314615	1
2021.04.05	12:00:00	7311.409	7350.155	7297.202	7325.616	427364	1351357	1
2021.04.06	06:00:00	7329.491	7334.011	7255.873	7261.685	529419	1461370	1
2021.04.06	12:00:00	7261.685	7279.766	7210.669	7231.979	452461	1526109	1
2021.04.07	06:00:00	7228.750	7250.707	7176.443	7188.067	593743	1647369	1
2021.04.07	12:00:00	7188.713	7313.992	7185.484	7265.559	588405	1868610	1
2021.04.08	06:00:00	7251.998	7264.914	7204.857	7221.647	574316	1568143	1
2021.04.08	12:00:00	7221.647	7248.124	7162.882	7204.857	514100	1577662	1
2021.04.09	06:00:00	7239.083	7306.243	7232.625	7297.202	503768	1442111	1
2021.04.09	12:00:00	7297.202	7357.904	7292.682	7357.904	454964	1457688	1
2021.04.12	06:00:00	7341.114	7341.114	7281.058	7321.096	463394	1349683	1
2021.04.12	12:00:00	7321.096	7425.065	7317.221	7417.315	547327	1738696	1
2021.04.13	06:00:00	7414.086	7443.146	7356.613	7390.839	640961	1806143	1
2021.04.13	12:00:00	7390.839	7401.817	7321.741	7391.484	567422	1939684	1
2021.04.14	06:00:00	7372.111	7415.378	7330.782	7347.572	616071	1716534	1
2021.04.14	12:00:00	7348.218	7368.237	7299.139	7312.701	557295	1902932	1
2021.04.15	06:00:00	7308.826	7321.096	7234.562	7273.954	607117	1762145	1
2021.04.15	12:00:00	7274.600	7282.349	7243.603	7261.039	450563	1453998	1
2021.04.16	06:00:00	7258.456	7338.531	7257.164	7268.142	559247	1638203	1
2021.04.16	12:00:00	7268.142	7273.309	7195.170	7221.647	488367	1658057	1
2021.04.19	06:00:00	7200.982	7266.205	7161.590	7172.568	685991	1935095	1
2021.04.19	12:00:00	7172.568	7205.503	7144.155	7166.756	515016	1654874	1
2021.04.20	06:00:00	7195.170	7222.293	7111.866	7122.844	666062	1892715	1
2021.04.20	12:00:00	7122.844	7200.982	7117.678	7197.108	542078	1697407	1
2021.04.22	06:00:00	7178.380	7185.484	7080.223	7105.408	641495	1930405	1
2021.04.22	12:00:00	7105.408	7125.427	7027.270	7036.311	652785	2137185	1
2021.04.23	06:00:00	7015.646	7093.784	7009.189	7089.910	617718	1739845	1
2021.04.23	12:00:00	7089.264	7137.051	7073.766	7074.411	476069	1539206	1
2021.04.26	06:00:00	7049.226	7093.139	7026.624	7047.289	598169	1690134	1
2021.04.26	12:00:00	7047.289	7063.433	7019.521	7024.687	419435	1375203	1
2021.04.27	06:00:00	7027.270	7060.850	6996.919	7025.979	624681	1740499	1
2021.04.27	12:00:00	7025.979	7063.433	6989.815	7042.769	530918	1737118	1
2021.04.28	06:00:00	7042.769	7049.226	6957.527	6984.004	604298	1853356	1
2021.04.28	12:00:00	6983.358	7002.085	6902.637	6904.574	608273	2103865	1
2021.04.29	06:00:00	6910.386	6948.486	6902.637	6914.906	577973	1741585	1
2021.04.29	12:00:00	6915.552	6943.320	6878.097	6896.179	453199	1531462	1
2021.04.30	06:00:00	6923.905	7021.271	6896.824	7018.692	504002	1630793	1
2021.04.30	12:00:00	7018.692	7042.549	6989.675	7031.588	474756	1729549	1
2021.05.03	06:00:00	6999.992	7052.221	6972.910	6981.938	629268	1802950	1
2021.05.03	12:00:00	6981.938	7044.484	6946.474	7032.877	495321	1555772	1
2021.05.04	06:00:00	7059.314	7088.330	7017.402	7057.380	631329	1782441	1
2021.05.04	12:00:00	7057.380	7059.314	6994.834	7040.615	485258	1553714	1
2021.05.05	06:00:00	7029.008	7038.036	6949.698	6967.107	594536	1761893	1
2021.05.05	12:00:00	6967.107	6978.714	6916.813	6919.392	451067	1582542	1
2021.05.06	06:00:00	6909.720	6946.474	6796.234	6797.524	731217	2289609	1
2021.05.06	12:00:00	6796.879	6846.529	6794.945	6822.671	475936	1651744	1
2021.05.07	06:00:00	6825.250	6842.015	6724.016	6726.595	698113	2120360	1
2021.05.07	12:00:00	6726.595	6769.797	6724.661	6769.797	421276	1423169	1
2021.05.10	06:00:00	6768.508	6785.917	6714.344	6736.267	647550	1862189	1
2021.05.10	12:00:00	6735.623	6783.338	6732.399	6749.808	479035	1525520	1
2021.05.11	06:00:00	6767.218	6823.316	6740.781	6764.639	674212	2006670	1
2021.05.11	12:00:00	6765.284	6770.442	6722.082	6746.584	460880	1538922	1
2021.05.12	06:00:00	6762.060	6799.458	6731.109	6764.639	687661	2036608	1
2021.05.12	12:00:00	6763.994	6871.031	6753.677	6855.556	593434	2088311	1
2021.05.13	06:00:00	6849.753	6873.611	6784.628	6816.868	694838	2037475	1
2021.05.13	12:00:00	6816.868	6887.796	6800.103	6853.622	577627	1912444	1
2021.05.14	06:00:00	6828.474	6840.726	6787.207	6796.879	568307	1683722	1
2021.05.14	12:00:00	6796.879	6820.737	6773.666	6809.130	381573	1323353	1
2021.05.17	06:00:00	6828.474	6869.742	6781.404	6782.049	580236	1729175	1
2021.05.17	12:00:00	6782.693	6814.289	6773.666	6813.644	368931	1318499	1
2021.05.18	06:00:00	6796.234	6818.802	6766.573	6794.945	577511	1669064	1
2021.05.18	12:00:00	6794.945	6797.524	6753.677	6792.365	467813	1602485	1
2021.05.19	06:00:00	6825.250	6849.753	6801.393	6834.278	538989	1597291	1
2021.05.19	12:00:00	6834.278	6875.545	6789.786	6858.135	528370	1798144	1
2021.05.20	06:00:00	6847.819	6851.043	6816.223	6834.922	445282	1404067	1
2021.05.20	12:00:00	6834.922	6840.726	6802.682	6821.382	323850	1229519	1
2021.05.21	06:00:00	6822.026	6865.873	6803.327	6854.911	513131	1648891	1
2021.05.21	12:00:00	6854.911	6932.288	6851.687	6921.971	404970	1478793	1
2021.05.24	06:00:00	6918.747	6936.157	6855.556	6863.294	409930	1313283	1
2021.05.24	12:00:00	6862.649	6878.769	6852.977	6861.359	311921	1127189	1
2021.05.25	06:00:00	6852.977	6871.031	6831.054	6849.753	474420	1477427	1
2021.05.25	12:00:00	6849.753	6899.403	6840.081	6878.124	368675	1331563	1
2021.05.26	06:00:00	6869.097	6891.665	6838.791	6847.819	504027	1622821	1
2021.05.26	12:00:00	6847.819	6865.228	6821.382	6853.622	351945	1294383	1
2021.05.27	06:00:00	6843.950	6852.332	6785.917	6789.141	542988	1810290	1
2021.05.27	12:00:00	6789.786	6807.841	6753.032	6754.967	441417	1756309	1
2021.05.28	06:00:00	6780.759	6784.628	6732.399	6736.267	389897	1174662	1
2021.05.28	12:00:00	6736.267	6750.453	6718.858	6740.781	317607	1129337	1
2021.05.31	06:00:00	6738.211	6770.983	6699.013	6762.629	354565	1132401	1
2021.05.31	12:00:00	6762.629	6781.907	6718.933	6724.716	303192	1084139	1
2021.06.01	06:00:00	6700.298	6711.222	6631.541	6639.894	556255	1816682	1
2021.06.01	12:00:00	6639.894	6663.670	6623.829	6637.324	394409	1424855	1
2021.06.02	06:00:00	6644.392	6666.883	6557.643	6558.928	621323	2165606	1
2021.06.02	12:00:00	6558.928	6566.639	6528.726	6539.650	509422	2074132	1
2021.06.04	06:00:00	6582.704	6585.274	6510.733	6528.083	512175	1691164	1
2021.06.04	12:00:00	6528.083	6555.715	6483.102	6503.022	416016	1504519	1
2021.06.07	06:00:00	6492.741	6531.296	6478.604	6506.235	540240	1604596	1
2021.06.07	12:00:00	6506.235	6515.874	6464.467	6513.304	453006	1624913	1
2021.06.08	06:00:00	6496.596	6528.726	6475.391	6486.315	539443	1687340	1
2021.06.08	12:00:00	6486.958	6503.022	6468.322	6486.958	415098	1473950	1
2021.06.09	06:00:00	6472.178	6515.874	6464.467	6513.946	526819	1641471	1
2021.06.09	12:00:00	6514.589	6549.931	6508.806	6521.657	424736	1566386	1
2021.06.10	06:00:00	6519.087	6534.509	6480.532	6534.509	593907	1905288	1
2021.06.10	12:00:00	6534.509	6557.000	6510.091	6511.376	396191	1456886	1
2021.06.11	06:00:00	6503.022	6609.050	6502.380	6603.909	512582	1616343	1
2021.06.11	12:00:00	6603.909	6617.404	6582.061	6591.700	338139	1229212	1
2021.06.14	06:00:00	6573.707	6581.418	6515.874	6517.802	422718	1420457	1
2021.06.14	12:00:00	6517.802	6540.293	6508.806	6515.874	324295	1237852	1
2021.06.15	06:00:00	6519.730	6571.780	6508.806	6539.650	568790	1797276	1
2021.06.15	12:00:00	6539.007	6559.570	6486.958	6491.456	411638	1535507	1
2021.06.16	06:00:00	6504.307	6509.448	6453.543	6456.113	482942	1564432	1
2021.06.16	12:00:00	6455.471	6540.935	6427.197	6506.878	730000	2752552	1
2021.06.17	06:00:00	6522.300	6533.224	6456.756	6463.182	623347	2074767	1
2021.06.17	12:00:00	6463.182	6490.813	6443.261	6443.261	401314	1446028	1
2021.06.18	06:00:00	6443.261	6507.520	6410.489	6479.246	719492	2432832	1
2021.06.18	12:00:00	6479.246	6574.350	6476.676	6548.646	498987	1811563	1
2021.06.21	06:00:00	6526.798	6538.365	6475.391	6481.817	464760	1467835	1
2021.06.21	12:00:00	6481.817	6488.885	6449.045	6450.330	351385	1208511	1
2021.06.22	06:00:00	6450.330	6490.170	6439.406	6449.687	583778	1993207	1
2021.06.22	12:00:00	6450.330	6458.684	6375.789	6375.789	513125	1885916	1
2021.06.23	06:00:00	6382.858	6404.706	6352.013	6387.999	621096	2009574	1
2021.06.23	12:00:00	6387.999	6402.778	6349.443	6387.356	501128	1869386	1
2021.06.24	06:00:00	6385.428	6387.999	6330.808	6336.591	534176	1761941	1
2021.06.24	12:00:00	6336.591	6343.017	6298.036	6321.169	435094	1740362	1
2021.06.25	06:00:00	6318.599	6341.732	6291.610	6339.804	516566	1716165	1
2021.06.25	12:00:00	6339.804	6396.352	6332.093	6344.302	464955	1744199	1
2021.06.28	06:00:00	6362.937	6391.854	6333.378	6348.158	486758	1608986	1
2021.06.28	12:00:00	6348.158	6383.500	6321.812	6334.663	396823	1413565	1
2021.06.29	06:00:00	6352.656	6389.284	6338.519	6361.010	492067	1584683	1
2021.06.29	12:00:00	6361.010	6374.504	6325.667	6370.006	331336	1213625	1
2021.06.30	06:00:00	6378.978	6457.802	6366.802	6451.393	516847	1729502	1
2021.06.30	12:00:00	6451.393	6459.724	6386.668	6391.795	375829	1440951	1
2021.07.01	06:00:00	6381.541	6457.802	6359.752	6444.344	591785	1947900	1
2021.07.01	12:00:00	6444.985	6498.175	6443.703	6487.281	448011	1630896	1
2021.07.02	06:00:00	6473.823	6521.886	6410.379	6494.330	622461	2081296	1
2021.07.02	12:00:00	6494.971	6514.837	6463.569	6503.943	354005	1248621	1
2021.07.05	06:00:00	6498.175	6536.626	6488.562	6530.217	388835	1114463	1
2021.07.05	12:00:00	6530.217	6555.210	6507.147	6544.957	323330	993752	1
2021.07.06	06:00:00	6526.372	6684.020	6523.809	6682.098	671138	2131685	1
2021.07.06	12:00:00	6682.098	6705.168	6645.570	6680.816	535986	1722192	1
2021.07.07	06:00:00	6657.105	6766.689	6643.647	6760.281	721372	2219799	1
2021.07.07	12:00:00	6759.640	6786.556	6689.788	6724.394	634507	2214153	1
2021.07.08	06:00:00	6780.147	6827.570	6755.795	6791.682	719893	2255576	1
2021.07.08	12:00:00	6792.323	6792.964	6705.809	6757.077	509816	1792196	1
2021.07.12	06:00:00	6750.027	6788.478	6694.915	6697.478	590349	1792554	1
2021.07.12	12:00:00	6697.478	6703.887	6632.753	6643.006	483530	1712244	1
2021.07.13	06:00:00	6651.337	6707.732	6621.858	6634.675	660353	2075861	1
2021.07.13	12:00:00	6635.316	6662.232	6611.605	6631.471	472664	1706202	1
2021.07.14	06:00:00	6617.372	6623.140	6506.506	6523.168	637265	2093390	1
2021.07.14	12:00:00	6523.809	6550.084	6510.992	6513.555	428328	1519969	1
2021.07.15	06:00:00	6528.295	6562.260	6487.922	6551.365	662468	2008451	1
2021.07.15	12:00:00	6551.365	6597.506	6543.675	6566.105	472702	1617973	1
2021.07.16	06:00:00	6554.569	6581.485	6516.119	6516.760	652623	2055138	1
2021.07.16	12:00:00	6517.400	6578.922	6513.555	6566.105	422975	1447018	1
2021.07.19	06:00:00	6619.936	6687.865	6612.246	6682.739	711808	2028143	1
2021.07.19	12:00:00	6683.379	6748.105	6670.563	6739.133	529048	1731988	1
2021.07.20	06:00:00	6725.675	6794.887	6712.218	6735.929	670462	2145820	1
2021.07.20	12:00:00	6735.288	6741.056	6675.689	6701.323	450269	1581692	1
2021.07.21	06:00:00	6714.140	6771.816	6707.732	6741.696	623392	2018710	1
2021.07.21	12:00:00	6741.056	6755.795	6647.492	6655.823	506126	1797881	1
2021.07.22	06:00:00	6649.415	6700.041	6630.189	6679.534	612997	1937304	1
2021.07.22	12:00:00	6679.534	6703.246	6653.901	6675.689	443847	1611794	1
2021.07.23	06:00:00	6667.999	6668.640	6618.013	6626.985	479881	1521978	1
2021.07.23	12:00:00	6627.626	6712.218	6616.732	6671.203	421902	1550631	1
2021.07.26	06:00:00	6658.386	6707.732	6622.499	6634.675	551696	1764820	1
2021.07.26	12:00:00	6634.034	6648.774	6606.478	6639.161	371859	1352978	1
2021.07.27	06:00:00	6659.668	6675.689	6614.809	6621.858	596155	1871282	1
2021.07.27	12:00:00	6621.217	6648.133	6603.274	6628.908	380609	1375909	1
2021.07.28	06:00:00	6630.830	6638.520	6575.077	6626.985	542583	1758395	1
2021.07.28	12:00:00	6626.985	6657.746	6544.957	6562.900	560451	2006362	1
2021.07.29	06:00:00	6520.605	6526.372	6485.999	6487.922	479463	1587530	1
2021.07.29	12:00:00	6487.281	6516.760	6461.647	6510.992	403258	1582190	1
2021.07.30	06:00:00	6507.801	6602.256	6507.801	6597.788	482436	1560695	1
2021.07.30	12:00:00	6598.426	6700.540	6583.748	6680.755	454365	1711018	1
2021.08.02	06:00:00	6650.121	6655.865	6564.601	6577.366	513683	1603694	1
2021.08.02	12:00:00	6577.366	6687.137	6553.114	6625.231	537226	1857939	1
2021.08.03	06:00:00	6620.764	6757.340	6615.658	6732.450	708046	2152766	1
2021.08.03	12:00:00	6732.450	6735.641	6634.804	6661.609	548425	1822039	1
2021.08.04	06:00:00	6642.463	6708.836	6616.934	6683.946	747541	2238172	1
2021.08.04	12:00:00	6683.946	6720.324	6620.764	6622.678	484787	1602942	1
2021.08.05	06:00:00	6563.963	6616.934	6546.093	6581.833	673167	2095784	1
2021.08.05	12:00:00	6581.833	6735.003	6578.642	6725.430	629561	2180459	1
2021.08.06	06:00:00	6699.901	6755.425	6665.438	6714.580	719373	2185510	1
2021.08.06	12:00:00	6714.580	6731.812	6670.544	6699.263	475034	1509408	1
2021.08.09	06:00:00	6694.796	6784.145	6689.690	6777.763	710504	2093412	1
2021.08.09	12:00:00	6777.124	6784.145	6676.288	6701.178	556485	1818619	1
2021.08.10	06:00:00	6703.731	6737.556	6674.373	6680.117	816142	2389204	1
2021.08.10	12:00:00	6680.755	6690.328	6637.995	6643.739	536596	1734474	1
2021.08.11	06:00:00	6650.759	6699.901	6609.276	6673.735	743639	2312943	1
2021.08.11	12:00:00	6673.735	6696.072	6656.503	6691.605	433515	1487218	1
2021.08.12	06:00:00	6679.479	6722.877	6670.544	6708.836	607805	1750867	1
2021.08.12	12:00:00	6709.474	6733.088	6666.076	6722.877	492835	1555946	1
2021.08.13	06:00:00	6707.560	6757.340	6690.328	6714.580	620755	1905730	1
2021.08.13	12:00:00	6715.218	6721.600	6678.841	6716.495	426804	1487652	1
2021.08.16	06:00:00	6747.129	6776.486	6688.414	6697.349	567348	1728764	1
2021.08.16	12:00:00	6697.349	6763.722	6695.434	6727.982	484084	1645116	1
2021.08.17	06:00:00	6754.149	6777.124	6708.198	6717.133	662456	1997833	1
2021.08.17	12:00:00	6717.133	6782.868	6696.072	6773.933	627690	2168222	1
2021.08.18	06:00:00	6758.616	6807.758	6728.621	6787.974	646956	1932600	1
2021.08.18	12:00:00	6787.974	6902.213	6784.145	6892.002	676290	2258936	1
2021.08.19	06:00:00	6926.465	6974.969	6883.705	6926.465	754742	2308944	1
2021.08.19	12:00:00	6927.103	6951.993	6876.685	6920.083	606822	2047449	1
2021.08.20	06:00:00	6956.461	6998.582	6915.615	6918.168	606708	1782700	1
2021.08.20	12:00:00	6918.806	6926.465	6858.177	6871.579	494813	1574235	1
2021.08.23	06:00:00	6856.900	6886.258	6830.734	6867.750	599725	1699946	1
2021.08.23	12:00:00	6867.750	6903.490	6861.368	6876.047	500783	1588500	1
2021.08.24	06:00:00	6852.433	6855.624	6735.003	6743.938	621942	2007278	1
2021.08.24	12:00:00	6743.938	6745.852	6702.454	6709.474	444057	1593262	1
2021.08.25	06:00:00	6728.621	6733.088	6676.288	6701.816	628317	1943665	1
2021.08.25	12:00:00	6702.454	6712.665	6650.759	6660.332	454975	1547395	1
2021.08.26	06:00:00	6673.097	6713.304	6662.247	6705.007	507380	1514763	1
2021.08.26	12:00:00	6705.007	6727.344	6687.775	6722.877	404473	1389778	1
2021.08.27	06:00:00	6712.027	6718.409	6648.207	6652.674	584135	1817502	1
2021.08.27	12:00:00	6652.036	6659.056	6623.316	6645.016	389329	1395027	1
2021.08.30	06:00:00	6637.357	6672.458	6616.296	6620.125	504859	1515287	1
2021.08.30	12:00:00	6620.125	6638.633	6613.105	6618.211	362089	1254745	1
2021.08.31	06:00:00	6616.305	6632.823	6528.630	6532.442	538401	1670558	1
2021.08.31	12:00:00	6532.442	6615.034	6530.536	6571.832	466446	1649067	1
2021.09.01	06:00:00	6578.185	6597.880	6559.761	6578.185	522449	1639259	1
2021.09.01	12:00:00	6578.185	6631.553	6568.655	6616.940	466759	1598760	1
2021.09.02	06:00:00	6599.786	6632.823	6558.490	6561.667	590365	1824589	1
2021.09.02	12:00:00	6562.302	6625.199	6559.761	6609.952	471365	1789218	1
2021.09.03	06:00:00	6597.880	6620.117	6543.877	6597.245	612633	1984984	1
2021.09.03	12:00:00	6597.245	6632.823	6586.444	6629.011	339341	1244008	1
2021.09.06	06:00:00	6616.940	6646.165	6585.174	6587.080	342697	1024344	1
2021.09.06	12:00:00	6587.715	6602.328	6573.103	6593.433	207066	681332	1
2021.09.08	06:00:00	6622.023	6742.100	6620.752	6731.935	599819	1904660	1
2021.09.08	12:00:00	6731.935	6799.915	6717.322	6778.949	578133	2168622	1
2021.09.09	06:00:00	6762.430	6799.915	6706.521	6717.322	712555	2305830	1
2021.09.09	12:00:00	6717.322	6790.385	6620.752	6641.083	623109	2252494	1
2021.09.10	06:00:00	6580.726	6677.932	6574.373	6660.778	579942	1833808	1
2021.09.10	12:00:00	6661.413	6717.957	6646.801	6693.815	441045	1531392	1
2021.09.13	06:00:00	6674.755	6679.838	6630.282	6639.177	607501	1780267	1
2021.09.13	12:00:00	6639.812	6672.849	6627.741	6649.977	377639	1271731	1
2021.09.14	06:00:00	6670.943	6691.909	6623.293	6666.496	590003	1805910	1
2021.09.14	12:00:00	6665.860	6706.521	6642.353	6687.462	399243	1345000	1
2021.09.15	06:00:00	6677.296	6714.781	6662.684	6692.544	565501	1948490	1
2021.09.15	12:00:00	6692.544	6703.980	6641.718	6660.142	377651	1342925	1
2021.09.16	06:00:00	6670.943	6721.769	6662.684	6691.909	492460	1632148	1
2021.09.16	12:00:00	6691.274	6724.311	6680.473	6690.003	324800	1157543	1
2021.09.17	06:00:00	6691.909	6808.174	6685.556	6768.784	567757	2074294	1
2021.09.17	12:00:00	6769.419	6771.960	6714.145	6731.299	414193	1573266	1
2021.09.20	06:00:00	6773.866	6806.268	6754.806	6785.302	563513	1637050	1
2021.09.20	12:00:00	6785.302	6845.658	6764.972	6780.219	530222	1748109	1
2021.09.21	06:00:00	6760.524	6792.926	6737.652	6766.878	543507	1581120	1
2021.09.21	12:00:00	6766.878	6778.313	6698.262	6705.886	459553	1621253	1
2021.09.22	06:00:00	6686.191	6733.841	6680.473	6723.675	400188	1261152	1
2021.09.22	12:00:00	6723.040	6768.784	6683.014	6732.570	544910	1848072	1
2021.09.23	06:00:00	6693.815	6754.806	6687.462	6724.946	499220	1622477	1
2021.09.23	12:00:00	6724.946	6757.983	6720.499	6749.088	322383	1166180	1
2021.09.24	06:00:00	6759.889	6810.715	6759.889	6803.727	430400	1439440	1
2021.09.24	12:00:00	6803.091	6808.174	6778.949	6789.114	287540	1018338	1
2021.09.27	06:00:00	6767.513	6806.268	6749.088	6799.915	519077	1817147	1
2021.09.27	12:00:00	6800.550	6860.271	6798.009	6855.823	402589	1573014	1
2021.09.28	06:00:00	6872.342	6911.732	6850.106	6908.556	571267	2076035	1
2021.09.28	12:00:00	6909.191	6930.157	6891.402	6900.932	403522	1500613	1
2021.09.29	06:00:00	6874.248	6919.992	6874.248	6893.308	500621	1613389	1
2021.09.29	12:00:00	6893.943	6921.262	6848.835	6877.425	445166	1702321	1
2021.09.30	06:00:00	6871.099	6938.147	6821.763	6924.231	584533	2168997	1
2021.09.30	12:00:00	6923.599	6957.755	6879.322	6916.641	483738	1907783	1
2021.10.01	06:00:00	6885.015	6902.093	6826.823	6847.696	518399	1723780	1
2021.10.01	12:00:00	6847.696	6849.594	6800.889	6814.805	388459	1424638	1
2021.10.04	06:00:00	6842.003	6912.213	6825.558	6906.521	469706	1436420	1
2021.10.04	12:00:00	6905.888	6934.984	6897.665	6933.719	371936	1355305	1
2021.10.05	06:00:00	6894.503	6953.327	6890.075	6945.105	522427	1624335	1
2021.10.05	12:00:00	6945.105	6971.038	6907.786	6959.020	393757	1365191	1
2021.10.05	18:00:00	6959.020	6959.020	6959.020	6959.020	1	25	1
2021.10.06	06:00:00	7002.032	7017.845	6969.140	6984.321	590470	1943905	1
2021.10.06	12:00:00	6984.954	7031.128	6952.695	6973.568	448490	1644514	1
2021.10.07	06:00:00	6947.002	7017.845	6941.942	6997.604	522156	1701133	1
2021.10.07	12:00:00	6996.972	7013.417	6965.345	7006.459	396920	1576241	1
2021.10.08	06:00:00	6981.791	7019.110	6950.165	6998.237	563923	1780582	1
2021.10.08	12:00:00	6998.869	7020.375	6984.321	6995.074	351860	1398889	1
2021.10.11	06:00:00	6979.261	7014.050	6969.140	7010.887	410067	1234127	1
2021.10.11	12:00:00	7010.254	7035.555	6991.911	7026.700	233349	801415	1
2021.10.13	06:00:00	6998.869	7052.634	6990.646	7042.513	563839	1983846	1
2021.10.13	12:00:00	7042.513	7070.344	6976.098	6996.339	485814	1870887	1
2021.10.14	06:00:00	6941.309	6989.381	6933.087	6975.466	507932	1768530	1
2021.10.14	12:00:00	6976.098	7014.682	6974.833	6992.544	367822	1399047	1
2021.10.15	06:00:00	6959.020	6983.056	6890.708	6900.195	576342	2102000	1
2021.10.15	12:00:00	6900.195	6927.394	6891.340	6926.129	323238	1319597	1
2021.10.18	06:00:00	6932.454	7026.700	6928.026	7013.417	540684	1863734	1
2021.10.18	12:00:00	7014.050	7017.212	6974.201	6988.116	358493	1405214	1
2021.10.19	06:00:00	7027.333	7064.651	7016.580	7029.863	540077	1928202	1
2021.10.19	12:00:00	7029.863	7113.356	7028.598	7078.567	604351	2358076	1
2021.10.20	06:00:00	7074.139	7089.320	7022.272	7033.658	548302	1868393	1
2021.10.20	12:00:00	7034.290	7098.808	6995.074	7092.483	473210	1769506	1
2021.10.21	06:00:00	7174.711	7189.891	7121.579	7126.639	566426	1866233	1
2021.10.21	12:00:00	7127.271	7209.499	7126.639	7169.018	565990	1969707	1
2021.10.22	06:00:00	7198.114	7260.101	7185.463	7255.673	648899	2166092	1
2021.10.22	12:00:00	7255.673	7289.197	7120.946	7157.000	664626	2293776	1
2021.10.25	06:00:00	7161.428	7169.018	7067.814	7077.302	513244	1653854	1
2021.10.25	12:00:00	7077.934	7101.970	7012.152	7037.453	505012	1771903	1
2021.10.26	06:00:00	7031.128	7080.465	7024.170	7058.959	537934	1700779	1
2021.10.26	12:00:00	7058.959	7098.808	7041.248	7047.573	428840	1483788	1
2021.10.27	06:00:00	7050.103	7074.139	7007.724	7070.977	592165	1937759	1
2021.10.27	12:00:00	7071.609	7079.200	7007.724	7008.989	436812	1596864	1
2021.10.28	06:00:00	7028.598	7117.151	7023.537	7109.561	577898	1905318	1
2021.10.28	12:00:00	7109.561	7167.120	7070.977	7143.084	519339	1900309	1
2021.10.29	06:00:00	7129.253	7161.316	7101.591	7127.367	501914	1726482	1
2021.10.29	12:00:00	7127.367	7157.544	7077.701	7122.967	462379	1709510	1
2021.11.01	06:00:00	7114.794	7181.434	7107.249	7177.033	368453	1180633	1
2021.11.01	12:00:00	7177.033	7190.864	7163.202	7185.206	307570	1105489	1
2021.11.03	06:00:00	7170.746	7202.180	7138.055	7157.544	539639	1748308	1
2021.11.03	12:00:00	7158.173	7172.632	7007.918	7019.234	592642	1984763	1
2021.11.04	06:00:00	7036.837	7099.705	7028.664	7055.069	502918	1596022	1
2021.11.04	12:00:00	7055.069	7109.764	7049.411	7080.216	446426	1522231	1
2021.11.05	06:00:00	7071.415	7082.731	6975.226	6996.601	538182	1607773	1
2021.11.05	12:00:00	6996.601	7007.289	6950.079	6997.859	391686	1331946	1
2021.11.08	06:00:00	7017.977	7067.643	7003.517	7004.774	465903	1327326	1
2021.11.08	12:00:00	7004.774	7017.348	6989.686	6997.859	359298	1138258	1
2021.11.08	18:00:00	6997.859	7005.403	6996.601	7004.146	5898	23250	1
2021.11.09	06:00:00	7004.146	7005.403	6906.071	6916.759	485635	1468535	1
2021.11.09	12:00:00	6917.388	6955.108	6885.325	6923.046	478054	1592697	1
2021.11.09	18:00:00	6922.417	6928.704	6914.244	6914.873	6368	28127	1
2021.11.10	06:00:00	6945.678	6953.222	6857.663	6884.067	580281	1779522	1
2021.11.10	12:00:00	6883.439	6951.336	6877.781	6936.248	547916	1760827	1
2021.11.10	18:00:00	6936.248	6938.763	6921.788	6928.704	7058	30890	1
2021.11.11	06:00:00	6918.016	6921.160	6812.398	6823.085	463834	1407698	1
2021.11.11	12:00:00	6823.085	6831.887	6797.309	6818.056	422165	1432093	1
2021.11.11	18:00:00	6818.056	6819.313	6799.824	6806.740	11115	44698	1
2021.11.12	06:00:00	6814.912	6848.233	6802.967	6836.288	493991	1510238	1
2021.11.12	12:00:00	6836.288	6896.641	6825.600	6880.295	400989	1373536	1
2021.11.12	18:00:00	6880.924	6895.384	6872.751	6886.582	12684	46884	1
2021.11.16	06:00:00	6865.836	6929.332	6845.718	6927.446	547459	1690268	1
2021.11.16	12:00:00	6927.446	6945.678	6919.274	6930.590	376125	1323328	1
2021.11.16	18:00:00	6931.219	6943.792	6929.961	6938.134	9714	45901	1
2021.11.17	06:00:00	6915.501	6956.366	6889.097	6945.678	437955	1350087	1
2021.11.17	12:00:00	6945.678	6974.598	6921.160	6962.653	370134	1250225	1
2021.11.17	18:00:00	6962.653	6977.741	6962.024	6967.682	11287	45678	1
2021.11.18	06:00:00	6962.024	7011.061	6961.395	6994.715	443808	1335051	1
2021.11.18	12:00:00	6994.715	7028.664	6970.197	7012.947	383748	1264312	1
2021.11.18	18:00:00	7012.319	7014.205	6998.488	7006.032	9116	43383	1
2021.11.19	06:00:00	7027.407	7028.664	6954.480	6968.311	491588	1502949	1
2021.11.19	12:00:00	6968.311	7072.043	6956.366	7066.385	436483	1462669	1
2021.11.19	18:00:00	7067.014	7071.415	7060.098	7071.415	8889	37651	1
2021.11.22	06:00:00	7055.698	7070.157	7006.032	7034.951	490540	1455557	1
2021.11.22	12:00:00	7035.580	7066.385	7015.462	7048.153	439920	1393643	1
2021.11.22	18:00:00	7047.525	7049.411	7028.664	7032.436	11143	44927	1
2021.11.23	06:00:00	7060.098	7111.022	7045.639	7095.305	467434	1407718	1
2021.11.23	12:00:00	7095.933	7128.625	7023.006	7037.466	474935	1667439	1
2021.11.23	18:00:00	7037.466	7038.723	7006.660	7011.690	14421	56034	1
2021.11.24	06:00:00	7019.863	7076.444	6990.943	7053.183	490260	1561937	1
2021.11.24	12:00:00	7053.183	7056.326	7026.150	7048.782	371868	1231843	1
2021.11.24	18:00:00	7048.782	7056.955	7047.525	7056.955	8430	33500	1
2021.11.25	06:00:00	7030.550	7045.639	6999.745	7000.374	373145	1068750	1
2021.11.25	12:00:00	7000.374	7021.120	6981.513	6999.745	262203	842303	1
2021.11.25	18:00:00	6999.745	7007.918	6998.488	7006.660	5990	30230	1
2021.11.26	06:00:00	7126.739	7129.253	7020.491	7026.150	486602	1498534	1
2021.11.26	12:00:00	7026.150	7058.841	7010.432	7048.782	400047	1297345	1
2021.11.26	18:00:00	7048.782	7060.098	7048.153	7058.841	9177	34017	1
2021.11.29	06:00:00	7041.238	7074.558	7017.348	7070.786	463957	1416121	1
2021.11.29	12:00:00	7070.786	7093.418	7044.381	7052.554	388689	1267812	1
2021.11.29	18:00:00	7053.183	7053.812	7039.981	7045.639	6829	24309	1
2021.11.30	06:00:00	7043.140	7062.506	7021.274	7050.012	395558	1300879	1
2021.11.30	12:00:00	7050.012	7130.601	7015.652	7071.252	618465	1997655	1
2021.11.30	18:00:00	7071.252	7073.751	7037.517	7046.263	14189	67110	1
2021.12.01	06:00:00	7021.899	7077.500	7012.528	7063.131	393404	1267661	1
2021.12.01	12:00:00	7063.131	7143.720	7050.636	7143.096	481860	1513921	1
2021.12.01	18:00:00	7142.471	7163.087	7141.846	7159.338	21487	88689	1
2021.12.02	06:00:00	7122.480	7139.972	7065.630	7075.001	464728	1453154	1
2021.12.02	12:00:00	7075.001	7119.356	7056.884	7088.745	450205	1547250	1
2021.12.02	18:00:00	7088.745	7101.239	7085.621	7095.617	12546	52512	1
2021.12.03	06:00:00	7103.113	7130.601	7038.142	7099.365	480178	1434825	1
2021.12.03	12:00:00	7099.365	7144.970	7093.742	7103.738	503832	1583232	1
2021.12.03	18:00:00	7103.113	7108.736	7093.118	7103.738	12360	45820	1
2021.12.06	06:00:00	7091.868	7164.336	7080.623	7148.093	431745	1355574	1
2021.12.06	12:00:00	7148.718	7160.588	7124.979	7144.345	352544	1168475	1
2021.12.06	18:00:00	7144.345	7158.089	7144.345	7151.842	9958	37952	1
2021.12.07	06:00:00	7118.107	7126.228	7064.380	7083.747	479043	1488974	1
2021.12.07	12:00:00	7083.747	7108.111	7045.639	7046.263	447945	1504266	1
2021.12.07	18:00:00	7046.888	7061.881	7045.014	7060.632	11708	46764	1
2021.12.08	06:00:00	7039.391	7077.500	6966.923	6970.672	550923	1816198	1
2021.12.08	12:00:00	6971.296	6985.665	6939.436	6944.433	366366	1233941	1
2021.12.08	18:00:00	6944.433	6959.427	6943.809	6946.932	13243	49714	1
2021.12.09	06:00:00	6951.930	7000.658	6928.190	6984.416	454950	1415560	1
2021.12.09	12:00:00	6985.040	7028.771	6983.791	7004.407	358254	1242140	1
2021.12.09	18:00:00	7005.032	7006.281	6994.411	6995.036	10274	47331	1
2021.12.10	06:00:00	6978.168	7071.877	6976.919	7020.025	577392	1925260	1
2021.12.10	12:00:00	7019.400	7053.135	7016.901	7038.767	292537	946007	1
2021.12.10	18:00:00	7038.767	7050.012	7034.394	7045.014	8270	34561	1
2021.12.13	06:00:00	7033.144	7083.122	7027.522	7067.504	466950	1401384	1
2021.12.13	12:00:00	7067.504	7127.477	7063.131	7121.230	446606	1511665	1
2021.12.13	18:00:00	7121.230	7128.102	7116.232	7127.477	11813	41811	1
2021.12.14	06:00:00	7104.987	7120.606	7046.888	7068.129	478067	1484955	1
2021.12.14	12:00:00	7068.129	7146.844	7066.879	7134.974	392224	1274960	1
2021.12.14	18:00:00	7134.974	7136.848	7124.354	7125.603	7304	28609	1
2021.12.15	06:00:00	7122.480	7179.954	7096.241	7174.957	565226	1696640	1
2021.12.15	12:00:00	7175.581	7191.199	7126.228	7127.477	489620	1628319	1
2021.12.15	18:00:00	7127.477	7134.974	7121.230	7126.228	12705	40946	1
2021.12.16	06:00:00	7106.862	7166.835	7100.614	7161.213	540939	1546850	1
2021.12.16	12:00:00	7160.588	7176.206	7093.742	7128.102	462776	1465801	1
2021.12.16	18:00:00	7128.102	7138.098	7125.603	7129.976	9763	37291	1
2021.12.17	06:00:00	7123.729	7161.213	7121.855	7126.228	405275	1192158	1
2021.12.17	12:00:00	7126.853	7135.599	7092.493	7123.729	360973	1174165	1
2021.12.17	18:00:00	7123.729	7139.347	7122.480	7133.100	12443	48864	1
2021.12.20	06:00:00	7152.466	7164.336	7124.354	7141.846	406937	1157942	1
2021.12.20	12:00:00	7141.221	7195.572	7131.226	7184.327	386232	1202753	1
2021.12.20	18:00:00	7184.327	7196.197	7182.453	7193.698	12552	50440	1
2021.12.21	06:00:00	7164.961	7203.069	7149.343	7195.572	404148	1216733	1
2021.12.21	12:00:00	7195.572	7206.817	7178.080	7191.824	306654	1030168	1
2021.12.21	18:00:00	7191.199	7195.572	7185.577	7193.074	10052	38025	1
2021.12.22	06:00:00	7177.455	7186.826	7139.972	7165.586	369979	1108028	1
2021.12.22	12:00:00	7166.210	7171.208	7081.248	7083.747	354365	1157531	1
2021.12.22	18:00:00	7083.122	7084.996	7065.630	7076.250	15232	65628	1
2021.12.23	06:00:00	7078.124	7154.341	7041.266	7145.594	391021	1251996	1
2021.12.23	12:00:00	7145.594	7154.341	7075.001	7103.738	408619	1395653	1
2021.12.23	18:00:00	7104.363	7108.736	7085.621	7085.621	10529	36259	1
2021.12.27	06:00:00	7084.996	7135.599	7060.007	7079.998	386818	1088781	1
2021.12.27	12:00:00	7079.998	7086.870	7037.517	7040.641	259733	773242	1
2021.12.27	18:00:00	7041.266	7041.890	7030.021	7031.895	12583	44355	1
2021.12.28	06:00:00	7024.398	7077.500	7021.899	7037.517	348995	991883	1
2021.12.28	12:00:00	7038.142	7063.131	7025.647	7032.519	303836	975602	1
2021.12.28	18:00:00	7031.895	7036.268	7028.771	7035.643	5680	20474	1
2021.12.29	06:00:00	7045.014	7081.248	7027.522	7081.248	301732	879166	1
2021.12.29	12:00:00	7081.248	7121.230	7080.623	7114.358	294170	924546	1
2021.12.29	18:00:00	7114.983	7136.848	7113.109	7125.603	17493	64440	1
2021.12.30	06:00:00	7116.297	7125.603	6932.030	6954.986	432981	1440167	1
2021.12.30	12:00:00	6954.986	7000.277	6943.818	6959.949	277853	963593	1
2021.12.30	18:00:00	6959.329	6964.292	6946.300	6962.431	8565	33175	1
2022.01.03	06:00:00	6960.570	7056.115	6942.577	7046.189	421713	1204338	1
2022.01.03	12:00:00	7045.568	7093.962	7043.087	7087.757	334632	1085641	1
2022.01.03	18:00:00	7087.757	7108.852	7087.757	7106.370	16652	62904	1
2022.01.04	06:00:00	7078.451	7130.567	7054.875	7059.838	541164	1458946	1
2022.01.04	12:00:00	7059.218	7111.333	7038.744	7098.305	387431	1194219	1
2022.01.04	18:00:00	7098.305	7101.407	7087.757	7088.378	8605	31107	1
2022.01.05	06:00:00	7091.480	7105.129	7042.466	7049.911	459615	1259075	1
2022.01.05	12:00:00	7049.911	7143.596	7045.568	7134.910	466329	1474662	1
2022.01.05	18:00:00	7134.289	7140.494	7106.370	7106.370	13976	49776	1
2022.01.06	06:00:00	7106.370	7142.355	7095.202	7129.326	443381	1250306	1
2022.01.06	12:00:00	7128.705	7143.596	7074.728	7095.202	379599	1203279	1
2022.01.06	18:00:00	7094.582	7102.027	7087.757	7092.100	10701	36595	1
2022.01.07	06:00:00	7087.137	7122.501	7040.605	7043.087	464853	1314737	1
2022.01.07	12:00:00	7043.707	7064.181	7008.963	7028.196	357344	1148427	1
2022.01.07	18:00:00	7027.576	7030.678	7022.612	7030.678	8371	34060	1
2022.01.10	06:00:00	7039.984	7097.684	7020.131	7093.341	425290	1145217	1
2022.01.10	12:00:00	7093.341	7097.684	7066.042	7069.765	333380	1073025	1
2022.01.10	18:00:00	7070.385	7073.487	7058.597	7061.079	11861	45762	1
2022.01.11	06:00:00	7047.430	7074.108	7021.992	7029.437	476179	1354128	1
2022.01.11	12:00:00	7029.437	7031.298	6940.716	6947.541	487191	1643410	1
2022.01.11	18:00:00	6947.541	6948.782	6934.512	6945.679	14658	46263	1
2022.01.12	06:00:00	6954.365	6979.183	6912.797	6917.140	574385	1574052	1
2022.01.12	12:00:00	6917.140	6935.132	6878.673	6878.673	498463	1542975	1
2022.01.12	18:00:00	6879.294	6900.388	6877.433	6899.147	13973	52283	1
2022.01.13	06:00:00	6915.279	6920.242	6850.754	6857.579	548378	1605377	1
2022.01.13	12:00:00	6858.199	6899.147	6853.856	6885.498	431293	1403585	1
2022.01.13	18:00:00	6885.498	6899.147	6883.016	6884.878	11460	34838	1
2022.01.14	06:00:00	6886.739	6913.417	6878.673	6891.702	440705	1240470	1
2022.01.14	12:00:00	6892.323	6912.176	6858.199	6883.016	375045	1226961	1
2022.01.14	18:00:00	6882.396	6893.564	6881.155	6891.082	10376	33046	1
2022.01.17	06:00:00	6892.943	6897.907	6840.207	6855.718	369550	1011295	1
2022.01.17	12:00:00	6855.718	6883.637	6851.375	6876.192	298728	874859	1
2022.01.17	18:00:00	6876.192	6880.535	6861.922	6865.024	7046	21477	1
2022.01.18	06:00:00	6888.600	6908.454	6850.754	6871.849	463651	1331583	1
2022.01.18	12:00:00	6872.469	6947.541	6868.126	6929.548	444709	1470861	1
2022.01.18	18:00:00	6930.169	6935.132	6927.687	6928.928	9883	44019	1
2022.01.19	06:00:00	6899.147	6907.833	6807.945	6810.426	515225	1727309	1
2022.01.19	12:00:00	6811.047	6829.660	6772.580	6775.683	425636	1544101	1
2022.01.19	18:00:00	6775.683	6778.164	6764.515	6767.617	21535	81267	1
2022.01.20	06:00:00	6775.062	6792.434	6716.742	6737.836	482380	1563296	1
2022.01.20	12:00:00	6738.457	6770.099	6688.202	6762.654	460480	1671615	1
2022.01.20	18:00:00	6762.033	6762.654	6738.457	6738.457	14341	51915	1
2022.01.21	06:00:00	6763.894	6806.083	6726.048	6742.179	521176	1553234	1
2022.01.21	12:00:00	6742.179	6791.814	6716.742	6778.164	454810	1518037	1
2022.01.21	18:00:00	6778.164	6797.397	6776.303	6786.850	11210	38202	1
2022.01.24	06:00:00	6808.565	6838.346	6795.536	6837.105	445112	1328866	1
2022.01.24	12:00:00	6837.105	6866.265	6806.083	6824.076	553932	1955234	1
2022.01.24	18:00:00	6824.696	6827.178	6808.565	6820.974	11489	44296	1
2022.01.25	06:00:00	6832.141	6860.061	6815.390	6827.798	399124	1141274	1
2022.01.25	12:00:00	6828.419	6840.827	6744.041	6760.792	486230	1749546	1
2022.01.25	18:00:00	6761.413	6771.960	6757.070	6764.515	15015	55706	1
2022.01.26	06:00:00	6741.559	6779.405	6722.326	6755.208	483522	1453248	1
2022.01.26	12:00:00	6755.208	6790.573	6696.888	6758.311	612402	2060845	1
2022.01.26	18:00:00	6758.311	6763.894	6743.420	6749.004	12858	49983	1
2022.01.27	06:00:00	6744.041	6747.763	6646.013	6663.385	530271	1855739	1
2022.01.27	12:00:00	6662.765	6749.004	6662.144	6717.362	525053	2130542	1
2022.01.27	18:00:00	6717.983	6718.603	6703.713	6714.881	10970	40703	1
2022.01.28	06:00:00	6737.836	6744.041	6670.830	6693.786	494058	1560817	1
2022.01.28	12:00:00	6693.786	6719.844	6676.414	6680.757	403635	1474344	1
2022.01.28	18:00:00	6680.757	6680.757	6660.904	6664.006	13219	42609	1
2022.01.31	06:00:00	6644.930	6689.849	6633.239	6651.699	364189	1155978	1
2022.01.31	12:00:00	6651.084	6652.930	6550.170	6582.782	485182	1846817	1
2022.01.31	18:00:00	6582.782	6583.398	6570.476	6577.860	11755	46139	1
2022.02.01	06:00:00	6564.322	6588.936	6532.325	6542.786	505849	1555269	1
2022.02.01	12:00:00	6542.786	6562.476	6524.326	6530.479	375146	1336301	1
2022.02.01	18:00:00	6530.479	6532.941	6524.326	6524.326	10393	41904	1
2022.02.02	06:00:00	6522.480	6577.860	6510.789	6574.783	411043	1384868	1
2022.02.02	12:00:00	6574.783	6584.013	6522.480	6523.711	386706	1413918	1
2022.02.02	18:00:00	6523.711	6531.710	6515.096	6517.558	17730	67429	1
2022.02.03	06:00:00	6532.325	6591.397	6530.479	6566.168	471018	1495317	1
2022.02.03	12:00:00	6566.784	6576.014	6528.018	6547.709	418508	1451430	1
2022.02.03	18:00:00	6547.709	6550.170	6534.787	6544.632	12306	45904	1
2022.02.04	06:00:00	6558.785	6611.087	6536.633	6598.166	483602	1465025	1
2022.02.04	12:00:00	6598.781	6622.163	6579.706	6592.628	331436	1127623	1
2022.02.04	18:00:00	6592.012	6597.550	6587.090	6595.089	10659	38349	1
2022.02.07	06:00:00	6577.860	6586.474	6539.709	6544.017	450875	1251783	1
2022.02.07	12:00:00	6544.632	6560.630	6496.021	6501.559	410408	1336408	1
2022.02.07	18:00:00	6501.559	6515.712	6499.713	6508.943	16690	57137	1
2022.02.08	06:00:00	6516.327	6542.171	6494.790	6514.481	488506	1386846	1
2022.02.08	12:00:00	6515.096	6537.248	6497.867	6504.636	346912	1099406	1
2022.02.08	18:00:00	6504.020	6510.174	6499.098	6502.790	10391	43770	1
2022.02.09	06:00:00	6491.714	6540.940	6474.485	6531.710	446670	1329489	1
2022.02.09	12:00:00	6531.710	6532.941	6445.564	6472.023	483660	1637109	1
2022.02.09	18:00:00	6472.023	6480.638	6468.947	6476.946	11803	48904	1
2022.02.10	06:00:00	6470.177	6486.176	6405.568	6409.875	623764	1782916	1
2022.02.10	12:00:00	6409.260	6493.560	6392.031	6488.022	623974	2041266	1
2022.02.10	18:00:00	6488.022	6495.406	6481.868	6483.714	10966	36140	1
2022.02.11	06:00:00	6464.024	6476.946	6403.106	6425.258	507546	1434190	1
2022.02.11	12:00:00	6424.643	6505.251	6400.645	6484.945	717621	2167514	1
2022.02.11	18:00:00	6484.945	6495.406	6477.561	6488.637	11953	38663	1
2022.02.14	06:00:00	6488.637	6504.020	6416.028	6424.028	497177	1396908	1
2022.02.14	12:00:00	6424.643	6459.717	6416.644	6444.949	516738	1650562	1
2022.02.14	18:00:00	6444.949	6446.795	6433.258	6433.258	13175	42646	1
2022.02.15	06:00:00	6413.567	6441.257	6377.263	6408.644	535221	1483200	1
2022.02.15	12:00:00	6408.644	6414.798	6379.109	6381.570	357741	1150284	1
2022.02.15	18:00:00	6381.570	6384.647	6368.033	6368.033	14221	55034	1
2022.02.16	06:00:00	6368.648	6389.569	6356.341	6364.341	529181	1566035	1
2022.02.16	12:00:00	6364.956	6375.417	6321.268	6329.267	487465	1574636	1
2022.02.16	18:00:00	6329.882	6340.343	6328.036	6339.728	15537	56841	1
2022.02.17	06:00:00	6356.341	6391.415	6323.114	6388.339	484879	1415465	1
2022.02.17	12:00:00	6388.339	6388.954	6353.880	6374.186	372481	1191849	1
2022.02.17	18:00:00	6374.186	6385.877	6374.186	6378.493	13101	46219	1
2022.02.18	06:00:00	6369.879	6372.340	6317.576	6320.652	464258	1350185	1
2022.02.18	12:00:00	6321.268	6347.112	6292.347	6334.190	483807	1698990	1
2022.02.18	18:00:00	6334.190	6335.420	6327.421	6333.574	12429	40405	1
2022.02.21	06:00:00	6326.190	6353.880	6270.811	6273.272	458456	1391147	1
2022.02.21	12:00:00	6273.272	6300.347	6253.582	6293.578	380260	1234838	1
2022.02.21	18:00:00	6293.578	6294.193	6284.348	6291.732	13060	48658	1
2022.02.22	06:00:00	6278.810	6284.348	6221.585	6224.661	537506	1654507	1
2022.02.22	12:00:00	6224.661	6248.044	6214.816	6233.891	457871	1631159	1
2022.02.22	18:00:00	6234.506	6238.198	6227.738	6234.506	12741	52472	1
2022.02.23	06:00:00	6215.431	6221.585	6155.129	6165.590	500180	1644003	1
2022.02.23	12:00:00	6165.590	6202.509	6150.207	6166.205	489559	1748007	1
2022.02.23	18:00:00	6166.205	6174.820	6158.206	6168.051	16830	84895	1
2022.02.24	06:00:00	6227.123	6336.036	6198.817	6327.421	705402	2182990	1
2022.02.24	12:00:00	6327.421	6357.572	6257.889	6300.962	719752	2596941	1
2022.02.24	18:00:00	6300.962	6314.499	6298.501	6307.115	12137	42802	1
2022.02.25	06:00:00	6316.287	6354.808	6266.148	6352.974	616552	1758177	1
2022.02.25	12:00:00	6353.586	6390.273	6341.357	6356.643	496950	1689653	1
2022.02.25	18:00:00	6356.643	6377.432	6348.694	6376.821	17040	68590	1
2022.03.02	12:00:00	6442.246	6442.246	6283.269	6292.440	637603	2021814	1
2022.03.02	18:00:00	6292.440	6292.440	6267.982	6291.218	24221	80916	1
2022.03.03	06:00:00	6299.166	6307.115	6193.385	6220.901	634635	1785289	1
2022.03.03	12:00:00	6221.512	6253.308	6189.717	6197.666	592660	1848445	1
2022.03.03	18:00:00	6197.666	6206.226	6191.551	6206.226	15849	50292	1
2022.03.04	06:00:00	6223.958	6284.492	6193.385	6263.702	691003	1916289	1
2022.03.04	12:00:00	6264.314	6281.434	6227.627	6240.467	502221	1665661	1
2022.03.04	18:00:00	6240.467	6243.524	6229.461	6236.187	15186	52109	1
2022.03.07	06:00:00	6254.530	6280.823	6195.831	6240.467	632672	1800313	1
2022.03.07	12:00:00	6241.079	6283.269	6228.850	6278.377	582519	2002872	1
2022.03.07	18:00:00	6278.377	6300.389	6278.377	6300.389	20911	94215	1
2022.03.08	06:00:00	6262.479	6280.211	6233.130	6263.702	681542	1899965	1
2022.03.08	12:00:00	6263.702	6275.931	6211.729	6235.576	642357	2136492	1
2022.03.08	18:00:00	6236.187	6237.410	6228.238	6228.238	9949	47388	1
2022.03.09	06:00:00	6187.882	6198.888	6146.304	6164.036	569122	1664151	1
2022.03.09	12:00:00	6164.647	6175.653	6136.520	6167.704	485377	1561384	1
2022.03.09	18:00:00	6167.704	6170.762	6159.144	6168.927	11864	41496	1
2022.03.10	06:00:00	6186.659	6244.747	6177.488	6211.117	533902	1568875	1
2022.03.10	12:00:00	6210.506	6228.238	6165.259	6175.653	438519	1405196	1
2022.03.10	18:00:00	6175.042	6176.265	6164.647	6167.093	10634	40255	1
2022.03.11	06:00:00	6151.807	6191.551	6130.406	6189.105	477713	1358635	1
2022.03.11	12:00:00	6189.717	6245.970	6186.048	6241.690	414807	1396122	1
2022.03.11	18:00:00	6241.690	6250.862	6238.633	6242.301	17782	64070	1
2022.03.14	06:00:00	6217.843	6241.079	6193.385	6226.404	448528	1360823	1
2022.03.14	12:00:00	6227.015	6317.510	6225.181	6299.166	499980	1664988	1
2022.03.15	06:00:00	6277.154	6330.962	6259.422	6304.058	530352	1510494	1
2022.03.15	12:00:00	6304.058	6352.974	6296.109	6343.191	440457	1403861	1
2022.03.16	06:00:00	6312.618	6334.019	6267.371	6288.772	552296	1825252	1
2022.03.16	12:00:00	6288.772	6322.402	6230.684	6234.964	602212	1947941	1
2022.03.17	06:00:00	6231.907	6271.651	6225.181	6231.907	547213	1662984	1
2022.03.17	12:00:00	6231.907	6234.353	6173.819	6188.494	451012	1654596	1
2022.03.18	06:00:00	6198.888	6230.072	6184.214	6200.723	489941	1435087	1
2022.03.18	12:00:00	6201.334	6201.946	6129.183	6168.316	448886	1567573	1
2022.03.21	06:00:00	6171.373	6173.208	6056.420	6058.255	522248	1564153	1
2022.03.21	12:00:00	6057.643	6098.611	6049.694	6059.478	454475	1571264	1
2022.03.22	06:00:00	6053.363	6063.146	6015.453	6038.077	610022	1852234	1
2022.03.22	12:00:00	6038.077	6072.318	6017.288	6024.014	450523	1485424	1
2022.03.23	06:00:00	6030.739	6033.185	5940.856	5948.805	615064	1973390	1
2022.03.23	12:00:00	5948.805	5964.703	5909.061	5920.067	428494	1608183	1
2022.03.24	06:00:00	5924.347	5931.073	5839.355	5863.813	664984	2127065	1
2022.03.24	12:00:00	5863.202	5954.920	5863.202	5917.010	607212	2115265	1
2022.03.25	06:00:00	5907.838	5910.284	5824.069	5828.349	560515	1627711	1
2022.03.25	12:00:00	5828.349	5848.527	5794.108	5810.617	416259	1328490	1
2022.03.28	06:00:00	5805.114	5901.112	5796.554	5885.826	598955	1804665	1
2022.03.28	12:00:00	5885.826	5889.494	5816.732	5835.687	526774	1649295	1
2022.03.29	06:00:00	5800.834	5842.413	5773.319	5810.617	776402	2276382	1
2022.03.29	12:00:00	5810.617	5855.865	5795.942	5824.069	452252	1529883	1
2022.03.30	06:00:00	5827.126	5832.018	5783.102	5822.235	623793	1816339	1
2022.03.30	12:00:00	5822.846	5862.591	5822.235	5838.132	415353	1383673	1
2022.03.31	06:00:00	5839.951	5861.170	5783.570	5808.426	595726	1864797	1
2022.03.31	12:00:00	5807.820	5824.189	5771.446	5796.908	388982	1577270	1
2022.04.01	06:00:00	5783.570	5784.177	5728.402	5739.315	509385	1594105	1
2022.04.01	12:00:00	5739.315	5750.833	5684.146	5689.603	396328	1428934	1
2022.04.04	06:00:00	5687.178	5709.002	5622.916	5630.797	516768	1497923	1
2022.04.04	12:00:00	5630.191	5648.378	5604.122	5608.972	348398	1252017	1
2022.04.05	06:00:00	5608.972	5701.121	5593.210	5691.421	695506	1928886	1
2022.04.05	12:00:00	5691.421	5704.759	5662.928	5679.903	459067	1455966	1
2022.04.06	06:00:00	5675.053	5752.046	5668.384	5728.402	609804	1697815	1
2022.04.06	12:00:00	5727.796	5765.989	5703.546	5759.927	555610	1757559	1
2022.04.07	06:00:00	5741.133	5814.489	5719.309	5809.033	725407	1994120	1
2022.04.07	12:00:00	5809.033	5819.945	5774.477	5798.727	437911	1454177	1
2022.04.08	06:00:00	5782.358	5842.982	5747.802	5792.058	734735	2032586	1
2022.04.08	12:00:00	5792.058	5798.727	5721.127	5727.190	394745	1352001	1
2022.04.11	06:00:00	5744.165	5776.296	5707.790	5741.133	704521	1919245	1
2022.04.11	12:00:00	5740.527	5750.833	5701.121	5716.884	473447	1461289	1
2022.04.12	06:00:00	5699.909	5719.309	5629.584	5671.415	713797	2072139	1
2022.04.12	12:00:00	5672.022	5718.096	5669.597	5696.271	463610	1517559	1
2022.04.13	06:00:00	5688.390	5729.615	5664.747	5712.034	664093	1909026	1
2022.04.13	12:00:00	5712.034	5716.277	5678.690	5712.034	360832	1174983	1
2022.04.14	06:00:00	5716.277	5770.233	5709.609	5739.921	586702	1744599	1
2022.04.14	12:00:00	5739.315	5750.833	5704.759	5719.915	443597	1517770	1
2022.04.18	06:00:00	5702.334	5728.402	5667.172	5685.965	527359	1519518	1
2022.04.18	12:00:00	5685.359	5704.152	5650.197	5662.322	399965	1354339	1
2022.04.19	06:00:00	5674.446	5696.271	5642.316	5689.603	664629	2046887	1
2022.04.19	12:00:00	5689.603	5698.090	5670.809	5676.871	334409	1216927	1
2022.04.20	06:00:00	5650.803	5688.996	5610.185	5611.397	591929	1801484	1
2022.04.20	12:00:00	5611.397	5624.734	5601.697	5618.672	364733	1389541	1
2022.04.22	06:00:00	5688.996	5773.264	5675.659	5763.564	646750	2047882	1
2022.04.22	12:00:00	5762.958	5879.357	5761.746	5826.008	676326	2417807	1
2022.04.25	06:00:00	5851.470	5992.725	5833.282	5990.906	843794	2446819	1
2022.04.25	12:00:00	5990.906	6010.912	5896.938	5925.432	677027	2160684	1
2022.04.26	06:00:00	5955.744	6069.718	5938.769	6060.624	779693	2266874	1
2022.04.26	12:00:00	6061.230	6074.568	6009.093	6068.505	588638	1850064	1
2022.04.27	06:00:00	6053.349	6116.399	6043.043	6104.880	887735	2543908	1
2022.04.27	12:00:00	6104.880	6106.699	5979.994	6025.462	697692	2282880	1
2022.04.28	06:00:00	6048.499	6120.036	6046.074	6093.968	729074	1987591	1
2022.04.28	12:00:00	6093.968	6096.393	5987.269	5992.118	593339	1861458	1
2022.04.29	06:00:00	5948.244	6014.356	5898.360	6010.149	684647	1980338	1
2022.04.29	12:00:00	6010.149	6045.008	5963.871	6031.785	552049	1747837	1
2022.05.02	06:00:00	6022.169	6109.316	6021.568	6099.099	642910	1659607	1
2022.05.02	12:00:00	6099.700	6177.832	6093.089	6169.418	652536	1983154	1
2022.05.03	06:00:00	6112.321	6126.746	6070.851	6073.857	712612	1967748	1
2022.05.03	12:00:00	6073.256	6087.680	6010.750	6013.154	617206	1906278	1
2022.05.04	06:00:00	6022.169	6099.099	6016.159	6075.059	671809	1733195	1
2022.05.04	12:00:00	6075.059	6104.508	5930.815	5966.275	950074	2700477	1
2022.05.05	06:00:00	5997.528	6092.488	5975.891	6076.261	766704	2023347	1
2022.05.05	12:00:00	6076.261	6127.948	6074.458	6094.892	691598	1952977	1
2022.05.06	06:00:00	6085.877	6193.458	6064.240	6124.943	934240	2386960	1
2022.05.06	12:00:00	6124.943	6174.827	6092.488	6149.584	612162	1630420	1
2022.05.09	06:00:00	6226.514	6243.343	6189.251	6224.110	751690	1871451	1
2022.05.09	12:00:00	6224.110	6248.151	6175.428	6246.949	633763	1677322	1
2022.05.10	06:00:00	6239.136	6250.555	6188.049	6233.726	749433	1936760	1
2022.05.10	12:00:00	6233.726	6247.550	6182.039	6210.287	609261	1726767	1
2022.05.11	06:00:00	6166.413	6254.161	6159.802	6195.262	892749	2320502	1
2022.05.11	12:00:00	6194.661	6230.721	6158.600	6215.095	592024	1732871	1
2022.05.12	06:00:00	6252.358	6296.833	6185.645	6186.847	814207	2220590	1
2022.05.12	12:00:00	6187.448	6236.732	6171.221	6204.878	598228	1807638	1
2022.05.13	06:00:00	6189.852	6221.706	6141.170	6151.387	665059	1874141	1
2022.05.13	12:00:00	6151.387	6159.201	6096.094	6116.529	499314	1607369	1
2022.05.16	06:00:00	6135.160	6164.009	6075.660	6105.109	809435	2145353	1
2022.05.16	12:00:00	6105.710	6153.792	6085.276	6111.119	563857	1599633	1
2022.05.17	06:00:00	6040.200	6047.412	5987.310	6005.341	684666	2071280	1
2022.05.17	12:00:00	6005.341	6014.356	5947.042	5960.265	590078	1829531	1
2022.05.18	06:00:00	5978.295	6005.341	5938.628	5980.098	628645	1812336	1
2022.05.18	12:00:00	5980.699	6032.387	5978.295	5993.321	527063	1646707	1
2022.05.19	06:00:00	5956.058	5979.497	5916.992	5953.053	665832	1894652	1
2022.05.19	12:00:00	5953.654	5957.260	5884.537	5950.648	506384	1723431	1
2022.05.20	06:00:00	5912.785	5933.820	5855.087	5862.299	653429	1865908	1
2022.05.20	12:00:00	5862.299	5894.153	5850.279	5881.532	524126	1671648	1
2022.05.23	06:00:00	5835.855	5845.471	5770.945	5779.960	566024	1657701	1
2022.05.23	12:00:00	5779.960	5802.799	5766.137	5802.799	407610	1305706	1
2022.05.24	06:00:00	5827.440	5827.440	5751.713	5817.223	751918	2243217	1
2022.05.24	12:00:00	5817.223	5847.274	5771.546	5805.804	556149	1869906	1
2022.05.25	06:00:00	5829.844	5856.289	5796.789	5819.026	581023	1593236	1
2022.05.25	12:00:00	5819.026	5853.284	5784.768	5808.208	543645	1641134	1
2022.05.26	06:00:00	5792.582	5827.440	5746.904	5748.106	662113	1999391	1
2022.05.26	12:00:00	5748.707	5761.930	5715.051	5738.490	417431	1351331	1
2022.05.27	06:00:00	5728.273	5750.511	5684.399	5689.207	640863	1892706	1
2022.05.27	12:00:00	5689.207	5707.237	5669.975	5688.005	381648	1253922	1
2022.05.30	06:00:00	5666.969	5703.030	5640.525	5695.217	475812	1312238	1
2022.05.30	12:00:00	5695.217	5719.258	5683.197	5715.652	317053	1056677	1
2022.05.31	06:00:00	5726.379	5746.640	5649.502	5703.733	643808	2034558	1
2022.05.31	12:00:00	5703.733	5721.015	5680.491	5693.006	452201	1602092	1
2022.06.01	06:00:00	5690.622	5769.882	5675.724	5761.539	695286	2003546	1
2022.06.01	12:00:00	5761.539	5791.932	5756.176	5791.932	449141	1495255	1
2022.06.02	06:00:00	5756.771	5780.013	5737.105	5750.812	659910	1826649	1
2022.06.02	12:00:00	5750.216	5768.690	5734.722	5768.094	387677	1256531	1
2022.06.03	06:00:00	5792.528	5804.447	5738.893	5752.004	573314	1574531	1
2022.06.03	12:00:00	5752.004	5773.458	5732.934	5735.318	355194	1086316	1
2022.06.06	06:00:00	5715.056	5766.306	5703.137	5753.196	499375	1395574	1
2022.06.06	12:00:00	5753.196	5772.266	5743.065	5757.963	383577	1239393	1
2022.06.07	06:00:00	5759.155	5922.443	5759.155	5884.302	797019	2635957	1
2022.06.07	12:00:00	5884.302	5888.474	5829.476	5847.354	497625	1706025	1
2022.06.08	06:00:00	5852.718	5888.474	5816.365	5845.566	733189	1965447	1
2022.06.08	12:00:00	5845.566	5881.323	5825.900	5879.535	439377	1375843	1
2022.06.09	06:00:00	5874.171	5898.605	5837.223	5888.474	689945	1966916	1
2022.06.09	12:00:00	5888.474	5902.181	5847.354	5883.111	468818	1512703	1
2022.06.10	06:00:00	5883.706	6008.854	5856.889	5999.915	791197	2321198	1
2022.06.10	12:00:00	5999.915	6004.086	5961.179	5980.249	430555	1504498	1
2022.06.13	06:00:00	6038.055	6153.667	6028.520	6152.475	695859	2093856	1
2022.06.13	12:00:00	6152.475	6156.647	6095.861	6128.637	635040	2065171	1
2022.06.14	06:00:00	6125.062	6143.536	6091.093	6135.193	651290	1832165	1
2022.06.14	12:00:00	6135.789	6170.949	6120.890	6130.425	552459	1882993	1
2022.06.15	06:00:00	6101.224	6145.920	6081.558	6126.254	689206	1958233	1
2022.06.15	12:00:00	6126.254	6144.132	6006.470	6051.761	926806	2699174	1
2022.06.17	06:00:00	6120.294	6160.818	6107.780	6138.172	652727	1888772	1
2022.06.17	12:00:00	6137.577	6169.161	6117.315	6164.990	453847	1415893	1
2022.06.20	06:00:00	6159.030	6206.705	6144.132	6161.414	520692	1564566	1
2022.06.20	12:00:00	6161.414	6213.261	6148.899	6207.301	329489	1116314	1
2022.06.21	06:00:00	6190.615	6200.150	6119.102	6127.446	643025	1870326	1
2022.06.21	12:00:00	6126.850	6164.394	6123.274	6129.829	385753	1330223	1
2022.06.22	06:00:00	6175.717	6193.595	6128.041	6141.152	636367	1870950	1
2022.06.22	12:00:00	6141.748	6209.685	6134.597	6207.301	446096	1462280	1
2022.06.23	06:00:00	6207.897	6228.755	6172.141	6182.868	658413	2068748	1
2022.06.23	12:00:00	6183.464	6269.279	6182.272	6261.532	481683	1570309	1
2022.06.24	06:00:00	6245.441	6300.268	6215.645	6266.895	665899	2028839	1
2022.06.24	12:00:00	6266.895	6289.541	6236.502	6262.128	384312	1191722	1
2022.06.27	06:00:00	6257.360	6297.884	6221.604	6225.180	680691	1961540	1
2022.06.27	12:00:00	6225.180	6254.381	6210.281	6254.381	382640	1243777	1
2022.06.28	06:00:00	6246.037	6259.744	6190.019	6225.775	660579	1960196	1
2022.06.28	12:00:00	6226.371	6299.076	6225.180	6285.965	494330	1646067	1
2022.06.29	06:00:00	6264.512	6269.279	6213.261	6238.886	688539	2019045	1
2022.06.29	12:00:00	6238.886	6268.683	6173.333	6182.272	495590	1633572	1
2022.06.30	06:00:00	6223.065	6283.369	6213.015	6236.072	614568	1870492	1
2022.06.30	12:00:00	6236.072	6270.362	6185.228	6265.041	495152	1658811	1
2022.07.01	06:00:00	6296.375	6361.408	6290.463	6346.037	635961	1882089	1
2022.07.01	12:00:00	6346.037	6359.635	6300.514	6353.131	466122	1495012	1
2022.07.04	06:00:00	6317.068	6356.087	6301.105	6309.973	471677	1270744	1
2022.07.04	12:00:00	6309.973	6353.723	6303.470	6351.949	253365	762013	1
2022.07.05	06:00:00	6379.145	6436.492	6371.459	6423.485	664902	1935263	1
2022.07.05	12:00:00	6424.076	6435.901	6412.843	6418.164	408775	1306224	1
2022.07.06	06:00:00	6434.718	6471.964	6421.712	6471.373	687933	1886502	1
2022.07.06	12:00:00	6470.782	6503.298	6443.586	6460.140	555075	1706615	1
2022.07.07	06:00:00	6435.901	6445.360	6347.219	6350.175	669080	1944398	1
2022.07.07	12:00:00	6349.584	6375.006	6344.854	6356.087	332135	1069712	1
2022.07.08	06:00:00	6375.597	6388.604	6283.369	6289.872	780354	2191607	1
2022.07.08	12:00:00	6289.872	6322.980	6247.305	6252.035	394743	1355388	1
2022.07.11	06:00:00	6317.659	6376.780	6301.696	6366.138	626045	1799500	1
2022.07.11	12:00:00	6366.138	6405.749	6352.540	6395.698	377525	1281721	1
2022.07.12	06:00:00	6395.698	6454.228	6385.057	6446.542	663655	1877202	1
2022.07.12	12:00:00	6446.542	6470.191	6427.032	6463.096	402443	1282080	1
2022.07.13	06:00:00	6440.630	6494.430	6384.465	6389.786	875362	2445967	1
2022.07.13	12:00:00	6390.378	6432.353	6372.641	6407.523	471029	1427417	1
2022.07.14	06:00:00	6503.298	6521.035	6456.002	6467.826	743032	2155925	1
2022.07.14	12:00:00	6467.235	6476.103	6431.171	6438.857	521150	1569417	1
2022.07.15	06:00:00	6422.894	6469.008	6383.874	6390.969	761512	2116202	1
2022.07.15	12:00:00	6390.378	6425.259	6381.509	6422.303	319839	1049434	1
2022.07.18	06:00:00	6379.145	6399.837	6351.949	6356.087	620963	1707130	1
2022.07.18	12:00:00	6356.087	6454.819	6353.723	6453.046	468673	1524910	1
2022.07.19	06:00:00	6418.164	6442.404	6373.824	6397.472	691689	2017822	1
2022.07.19	12:00:00	6397.472	6434.718	6364.956	6420.529	471317	1497014	1
2022.07.20	06:00:00	6442.404	6464.279	6390.378	6441.813	778180	2203848	1
2022.07.20	12:00:00	6442.404	6488.518	6432.945	6486.745	510820	1723618	1
2022.07.21	06:00:00	6476.103	6512.167	6435.309	6500.934	807205	2343628	1
2022.07.21	12:00:00	6500.342	6535.224	6491.474	6515.123	484701	1600679	1
2022.07.22	06:00:00	6496.204	6503.298	6438.857	6451.272	615310	1821848	1
2022.07.22	12:00:00	6451.272	6521.035	6447.725	6513.940	410957	1403646	1
2022.07.25	06:00:00	6481.424	6487.927	6392.151	6409.887	601056	1943598	1
2022.07.25	12:00:00	6409.887	6416.982	6342.490	6343.081	463062	1680281	1
2022.07.26	06:00:00	6373.232	6383.874	6315.294	6335.395	838561	2445937	1
2022.07.26	12:00:00	6335.986	6364.956	6320.615	6335.395	476662	1493302	1
2022.07.27	06:00:00	6317.068	6330.665	6271.545	6282.777	673307	1946297	1
2022.07.27	12:00:00	6282.777	6285.142	6197.052	6204.738	657645	2072408	1
2022.07.28	06:00:00	6226.021	6238.437	6122.560	6169.857	799617	2470401	1
2022.07.28	12:00:00	6170.448	6181.681	6102.459	6132.610	462518	1582208	1
2022.07.29	06:00:00	6098.082	6157.775	6078.184	6141.974	749154	2205385	1
2022.07.29	12:00:00	6142.559	6147.241	6104.519	6110.957	419832	1361897	1
2022.08.01	06:00:00	6091.059	6135.537	6057.701	6065.894	762891	2216444	1
2022.08.01	12:00:00	6065.309	6143.730	6064.724	6126.758	463021	1448028	1
2022.08.02	06:00:00	6141.974	6195.230	6126.173	6180.599	865746	2509949	1
2022.08.02	12:00:00	6180.599	6237.952	6170.065	6230.344	517744	1784544	1
2022.08.03	06:00:00	6195.230	6271.895	6188.207	6253.753	701616	2083981	1
2022.08.03	12:00:00	6253.753	6263.702	6201.082	6235.611	463844	1511627	1
2022.08.04	06:00:00	6235.611	6246.145	6172.406	6192.889	665441	1907533	1
2022.08.04	12:00:00	6193.474	6194.645	6133.196	6146.071	514193	1725897	1
2022.08.05	06:00:00	6160.701	6222.150	6113.298	6114.468	913854	2709238	1
2022.08.05	12:00:00	6114.468	6153.679	6079.355	6088.718	480790	1581406	1
2022.08.08	06:00:00	6064.139	6069.991	6014.979	6043.656	642864	1810705	1
2022.08.08	12:00:00	6043.070	6057.701	6018.491	6026.684	463786	1448646	1
2022.08.09	06:00:00	6033.122	6065.894	5999.763	6044.826	716595	2066968	1
2022.08.09	12:00:00	6044.241	6068.820	6035.462	6037.218	424222	1396258	1
2022.08.10	06:00:00	6024.928	6061.798	5928.951	5944.752	778325	2512898	1
2022.08.10	12:00:00	5945.337	6002.690	5941.241	5999.178	423331	1497043	1
2022.08.11	06:00:00	5981.036	6051.849	5957.627	6050.678	792896	2422610	1
2022.08.11	12:00:00	6050.678	6086.963	6040.729	6072.332	480613	1735647	1
2022.08.12	06:00:00	6065.894	6077.599	5990.985	5992.741	611228	1946292	1
2022.08.12	12:00:00	5992.741	6001.519	5959.968	5968.746	380206	1445984	1
2022.08.15	06:00:00	6014.394	6046.582	5983.377	5988.644	628616	1845600	1
2022.08.15	12:00:00	5988.644	6013.809	5969.332	5995.082	412891	1362407	1
2022.08.16	06:00:00	6020.246	6057.701	6010.298	6054.190	655633	1987135	1
2022.08.16	12:00:00	6054.190	6060.627	6028.440	6054.190	371709	1283101	1
2022.08.17	06:00:00	6086.377	6127.929	6066.480	6076.428	658225	2108999	1
2022.08.17	12:00:00	6076.428	6096.911	6048.923	6072.917	479493	1606800	1
2022.08.18	06:00:00	6068.235	6108.031	6024.928	6078.769	590041	1906580	1
2022.08.18	12:00:00	6078.769	6116.809	6066.480	6069.991	390226	1392985	1
2022.08.19	06:00:00	6108.616	6129.684	6069.991	6116.224	646009	2068534	1
2022.08.19	12:00:00	6116.224	6127.343	6066.480	6071.161	387672	1393543	1
2022.08.22	06:00:00	6084.622	6109.201	6060.042	6088.133	621469	1833055	1
2022.08.22	12:00:00	6088.133	6090.474	6045.997	6054.190	433789	1438304	1
2022.08.23	06:00:00	6021.417	6046.582	5961.724	5974.599	646625	2047514	1
2022.08.23	12:00:00	5974.599	6001.519	5950.019	5989.815	382641	1371753	1
2022.08.24	06:00:00	5995.082	6009.127	5960.553	5986.888	685520	2135274	1
2022.08.24	12:00:00	5986.888	6005.616	5967.576	5996.837	375131	1275838	1
2022.08.25	06:00:00	5970.502	6030.195	5963.479	5981.036	631146	2032059	1
2022.08.25	12:00:00	5981.036	6014.394	5981.036	5991.570	432246	1459925	1
2022.08.26	06:00:00	5990.400	5998.008	5930.121	5953.530	812035	2503695	1
2022.08.26	12:00:00	5952.945	5996.252	5923.684	5934.803	455725	1659529	1
2022.08.29	06:00:00	5952.945	5964.650	5903.201	5909.638	662347	2238943	1
2022.08.29	12:00:00	5909.638	5912.564	5868.672	5889.741	451041	1681348	1
2022.08.30	06:00:00	5872.769	5945.922	5866.331	5927.195	642438	2122643	1
2022.08.30	12:00:00	5927.780	6002.104	5925.439	6000.349	506064	1926709	1
2022.08.31	06:00:00	6007.902	6091.571	6006.740	6068.911	700680	2335421	1
2022.08.31	12:00:00	6068.911	6104.354	6052.061	6074.721	497069	1882460	1
2022.09.01	06:00:00	6095.057	6119.461	6025.914	6104.935	793990	2562690	1
2022.09.01	12:00:00	6104.935	6154.323	6090.990	6138.054	551867	1937352	1
2022.09.02	06:00:00	6113.651	6127.014	6053.804	6060.195	763360	2267554	1
2022.09.02	12:00:00	6060.195	6097.963	6035.792	6048.575	533345	1790005	1
2022.09.05	06:00:00	6063.682	6072.978	6039.278	6050.899	512463	1419051	1
2022.09.05	12:00:00	6050.899	6056.709	6026.495	6032.306	265485	859031	1
2022.09.06	06:00:00	6045.088	6130.501	6039.859	6114.813	676311	2008213	1
2022.09.06	12:00:00	6114.232	6143.864	6102.611	6139.216	430176	1476249	1
2022.09.08	06:00:00	6091.571	6121.204	6054.966	6105.516	841020	2405606	1
2022.09.08	12:00:00	6105.516	6124.690	6079.951	6098.544	497938	1692193	1
2022.09.09	06:00:00	6056.709	6081.113	6009.645	6017.780	640021	1853682	1
2022.09.09	12:00:00	6017.780	6034.049	6011.969	6016.037	299043	989819	1
2022.09.12	06:00:00	5976.526	6002.673	5971.878	5985.242	534186	1667922	1
2022.09.12	12:00:00	5985.242	5990.471	5938.759	5949.799	436379	1494997	1
2022.09.13	06:00:00	5939.340	6081.694	5930.043	6029.982	875543	2846145	1
2022.09.13	12:00:00	6029.982	6066.587	6020.685	6058.452	446909	1586579	1
2022.09.14	06:00:00	6057.290	6068.330	6011.969	6038.697	694200	2033716	1
2022.09.14	12:00:00	6038.116	6057.871	6023.009	6028.238	352404	1260463	1
2022.09.15	06:00:00	6042.183	6105.516	6041.021	6102.030	616001	1845682	1
2022.09.15	12:00:00	6101.449	6125.852	6096.220	6120.042	362675	1358129	1
2022.09.16	06:00:00	6124.109	6192.671	6120.623	6148.513	601920	1998037	1
2022.09.16	12:00:00	6149.094	6181.632	6120.623	6126.433	411030	1464507	1
2022.09.19	06:00:00	6172.916	6181.051	6082.856	6085.761	612479	1852995	1
2022.09.19	12:00:00	6085.761	6086.342	5993.957	6028.819	535140	2039083	1
2022.09.20	06:00:00	6071.816	6085.761	6013.131	6020.104	727833	2261560	1
2022.09.20	12:00:00	6020.104	6026.495	5989.890	5992.795	520368	1791602	1
2022.09.21	06:00:00	5989.890	6036.954	5962.581	6034.630	661442	2067421	1
2022.09.21	12:00:00	6034.630	6049.737	5965.487	6021.847	828288	2618756	1
2022.09.22	06:00:00	5973.621	6036.373	5964.325	6034.049	637863	2049717	1
2022.09.22	12:00:00	6033.468	6038.116	5945.150	5957.352	504876	1809647	1
2022.09.23	06:00:00	6018.361	6097.382	6016.037	6096.220	613715	2027400	1
2022.09.23	12:00:00	6096.220	6131.082	6086.923	6122.947	460718	1603644	1
2022.09.26	06:00:00	6158.971	6234.506	6158.971	6233.344	754538	2367180	1
2022.09.26	12:00:00	6233.344	6303.068	6229.858	6271.692	699447	2597740	1
2022.09.26	18:00:00	6273.435	6274.597	6273.435	6274.597	5	25	1
2022.09.27	06:00:00	6220.561	6260.652	6160.714	6222.885	785010	2469204	1
2022.09.27	12:00:00	6222.885	6265.882	6217.075	6257.747	538709	1766378	1
2022.09.28	06:00:00	6291.447	6305.973	6206.035	6235.087	790728	2493717	1
2022.09.28	12:00:00	6235.087	6268.206	6188.604	6250.775	607091	2132447	1
2022.09.29	06:00:00	6265.882	6312.365	6246.708	6280.989	758110	2365658	1
2022.09.29	12:00:00	6280.408	6292.028	6256.585	6274.597	467685	1557527	1
2022.09.30	06:00:00	6263.636	6298.828	6248.059	6283.251	559132	1672963	1
2022.09.30	12:00:00	6283.251	6306.328	6192.674	6284.982	579769	2047177	1
2022.10.03	06:00:00	6115.367	6170.174	6020.175	6021.906	717234	2311202	1
2022.10.03	12:00:00	6022.483	6025.944	5986.713	6005.752	552825	1886888	1
2022.10.04	06:00:00	5976.906	6007.483	5935.367	5970.560	755808	2418690	1
2022.10.04	12:00:00	5971.137	6062.290	5960.752	6008.636	605136	2022624	1
2022.10.05	06:00:00	6055.944	6085.367	6014.983	6074.982	712559	2046082	1
2022.10.05	12:00:00	6074.982	6076.713	5990.175	6027.675	534790	1734170	1
2022.10.06	06:00:00	6029.406	6053.059	6002.290	6014.983	750811	2171076	1
2022.10.06	12:00:00	6014.983	6067.482	6014.406	6056.521	469308	1562788	1
2022.10.07	06:00:00	6039.790	6088.829	6021.329	6043.829	732653	2065401	1
2022.10.07	12:00:00	6043.252	6062.290	6024.790	6030.559	387833	1270346	1
2022.10.10	06:00:00	6017.290	6043.252	5985.560	6036.906	607417	1775759	1
2022.10.10	12:00:00	6036.906	6047.867	6002.290	6010.944	422220	1306709	1
2022.10.11	06:00:00	6005.752	6058.829	6002.290	6044.983	592369	1727820	1
2022.10.11	12:00:00	6044.983	6147.098	6019.598	6133.828	572328	1977281	1
2022.10.13	06:00:00	6092.290	6234.213	6064.598	6136.713	824263	2506436	1
2022.10.13	12:00:00	6136.713	6145.367	6058.252	6093.444	610425	1898661	1
2022.10.14	06:00:00	6111.905	6151.713	6068.636	6125.175	797567	2394646	1
2022.10.14	12:00:00	6125.175	6176.521	6121.136	6162.098	421436	1347870	1
2022.10.17	06:00:00	6103.829	6134.982	6080.175	6100.367	609996	1830183	1
2022.10.17	12:00:00	6100.944	6137.867	6080.752	6114.790	405793	1277391	1
2022.10.18	06:00:00	6099.790	6119.982	6062.290	6090.559	633255	1954500	1
2022.10.18	12:00:00	6090.559	6129.213	6053.636	6060.559	541377	1740120	1
2022.10.19	06:00:00	6103.829	6128.636	6077.290	6104.982	630015	1885186	1
2022.10.19	12:00:00	6105.559	6124.598	6091.713	6094.598	441662	1480516	1
2022.10.20	06:00:00	6070.367	6079.598	6004.598	6017.290	702592	2161884	1
2022.10.20	12:00:00	6017.290	6042.675	6012.098	6031.713	406449	1409108	1
2022.10.21	06:00:00	6054.213	6099.213	5977.483	5993.637	889790	2721284	1
2022.10.21	12:00:00	5993.637	6025.944	5941.714	5969.406	581358	1902382	1
2022.10.24	06:00:00	6010.944	6126.328	6008.636	6106.136	766062	2301604	1
2022.10.24	12:00:00	6105.559	6134.405	6079.021	6124.021	544507	1862372	1
2022.10.25	06:00:00	6113.636	6187.482	6109.598	6135.559	787569	2373670	1
2022.10.25	12:00:00	6136.136	6150.559	6093.444	6140.175	531159	1733795	1
2022.10.26	06:00:00	6111.905	6163.828	6096.905	6151.713	710135	2041134	1
2022.10.26	12:00:00	6151.136	6220.367	6134.982	6218.059	505625	1726837	1
2022.10.27	06:00:00	6223.251	6226.136	6094.021	6110.175	786530	2282257	1
2022.10.27	12:00:00	6110.752	6189.790	6051.329	6160.367	587812	1854364	1
2022.10.28	06:00:00	6175.944	6212.290	6145.367	6159.790	677674	1868322	1
2022.10.28	12:00:00	6159.213	6188.059	6094.021	6117.098	426684	1432718	1
2022.10.31	06:00:00	6241.140	6251.476	6016.601	6036.126	802475	2389278	1
2022.10.31	12:00:00	6035.552	6080.345	5955.729	5988.462	632062	2120726	1
2022.11.01	06:00:00	5948.837	6016.601	5921.847	5945.392	846354	2390669	1
2022.11.01	12:00:00	5945.966	5963.194	5874.757	5937.926	782765	2381314	1
2022.11.03	06:00:00	5995.353	6034.403	5916.104	5924.718	859443	2443172	1
2022.11.03	12:00:00	5924.144	5931.035	5874.757	5905.767	516761	1650487	1
2022.11.04	06:00:00	5846.043	5909.213	5801.251	5806.993	803188	2292512	1
2022.11.04	12:00:00	5806.993	5865.569	5793.211	5839.727	451062	1476336	1
2022.11.07	06:00:00	5842.024	5899.450	5823.073	5893.133	711844	1924808	1
2022.11.07	12:00:00	5892.559	5971.234	5872.460	5955.154	514157	1622493	1
2022.11.07	18:00:00	5955.154	5967.214	5946.540	5954.580	10349	33884	1
2022.11.08	06:00:00	5972.382	6052.780	5949.412	5960.897	725319	2050573	1
2022.11.08	12:00:00	5960.897	5967.788	5917.253	5936.203	624339	1963179	1
2022.11.08	18:00:00	5936.778	5942.520	5923.570	5939.649	11103	35315	1
2022.11.09	06:00:00	5964.917	5992.482	5938.501	5970.085	638870	1713048	1
2022.11.09	12:00:00	5970.660	5994.204	5921.847	5991.907	598567	1825785	1
2022.11.09	18:00:00	5991.907	5995.353	5976.976	5976.976	12122	45422	1
2022.11.10	06:00:00	6046.463	6180.267	6044.166	6132.029	1001643	2941593	1
2022.11.10	12:00:00	6132.603	6242.862	6121.118	6202.664	693384	2245450	1
2022.11.10	18:00:00	6202.664	6203.238	6146.960	6167.059	20817	81957	1
2022.11.11	06:00:00	6156.148	6232.526	6079.196	6124.563	808613	2233043	1
2022.11.11	12:00:00	6123.989	6184.861	6051.631	6141.791	649424	1880751	1
2022.11.11	18:00:00	6141.791	6177.970	6136.623	6163.039	10592	34028	1
2022.11.14	06:00:00	6155.574	6172.802	6063.117	6145.237	736344	1949573	1
2022.11.14	12:00:00	6145.811	6156.722	6076.325	6138.346	617929	1825803	1
2022.11.14	18:00:00	6139.494	6155.574	6134.326	6153.277	12181	37400	1
2022.11.16	06:00:00	6156.148	6195.772	6092.404	6141.217	843877	2287149	1
2022.11.16	12:00:00	6141.217	6220.466	6128.009	6213.575	706519	2113952	1
2022.11.16	18:00:00	6213.575	6233.100	6210.703	6230.803	13375	46378	1
2022.11.17	06:00:00	6333.597	6372.073	6261.239	6283.635	775042	2185003	1
2022.11.17	12:00:00	6284.210	6315.220	6206.109	6228.506	650926	1966170	1
2022.11.17	18:00:00	6228.506	6253.773	6220.466	6250.328	16594	59843	1
2022.11.18	06:00:00	6203.238	6214.723	6136.623	6181.416	710779	1964570	1
2022.11.18	12:00:00	6181.416	6203.812	6141.791	6192.901	622311	1943006	1
2022.11.18	18:00:00	6192.901	6201.515	6186.584	6188.307	13247	35958	1
2022.11.21	06:00:00	6199.792	6200.941	6098.721	6140.643	648278	1803782	1
2022.11.21	12:00:00	6140.068	6179.119	6099.870	6111.355	546651	1698713	1
2022.11.21	18:00:00	6111.355	6125.137	6109.632	6124.563	10942	52795	1
2022.11.22	06:00:00	6111.355	6175.673	6076.325	6146.960	713069	2005051	1
2022.11.22	12:00:00	6146.385	6211.852	6133.177	6170.505	535981	1673623	1
2022.11.22	18:00:00	6170.505	6173.376	6161.891	6161.891	7589	25177	1
2022.11.23	06:00:00	6147.534	6225.060	6146.960	6192.901	557415	1560761	1
2022.11.23	12:00:00	6192.901	6216.446	6152.128	6152.702	569109	1751071	1
2022.11.23	18:00:00	6152.128	6181.990	6152.128	6173.376	12915	46026	1
2022.11.24	06:00:00	6114.801	6137.197	6095.276	6106.761	486834	1330282	1
2022.11.24	12:00:00	6106.761	6142.366	6095.276	6109.632	276627	859476	1
2022.11.24	18:00:00	6109.632	6121.692	6102.167	6113.078	7323	30361	1
2022.11.25	06:00:00	6114.226	6167.633	6098.721	6159.019	494745	1426951	1
2022.11.25	12:00:00	6158.445	6236.545	6146.385	6206.109	495737	1690642	1
2022.11.25	18:00:00	6206.109	6236.545	6205.535	6218.169	9999	32327	1
2022.11.28	06:00:00	6233.100	6242.862	6165.910	6194.624	547376	1595279	1
2022.11.28	12:00:00	6194.624	6198.644	6146.385	6165.336	345010	1085674	1
2022.11.28	18:00:00	6165.336	6175.673	6164.762	6164.762	10688	39714	1
2022.11.29	06:00:00	6121.692	6129.157	6080.919	6084.364	511205	1516895	1
2022.11.29	12:00:00	6083.216	6099.870	6064.265	6070.582	437982	1457367	1
2022.11.29	18:00:00	6070.582	6070.582	6053.354	6053.354	12768	41951	1
2022.11.30	06:00:00	6040.235	6101.265	6018.561	6057.917	511390	1541060	1
2022.11.30	12:00:00	6057.917	6066.473	5945.554	5955.820	615206	2202248	1
2022.11.30	18:00:00	5955.820	5958.102	5937.569	5948.976	16338	69471	1
2022.12.01	06:00:00	5956.961	5986.050	5925.020	5935.857	567034	1576647	1
2022.12.01	12:00:00	5935.857	5979.776	5930.154	5958.672	517767	1654894	1
2022.12.01	18:00:00	5959.243	5959.243	5948.976	5952.969	8612	36601	1
2022.12.02	06:00:00	5947.835	6008.295	5923.880	5955.250	612901	1737739	1
2022.12.02	12:00:00	5955.820	6012.858	5946.124	5988.332	376251	1184019	1
2022.12.02	18:00:00	5988.332	5991.754	5984.339	5985.480	6750	27002	1
2022.12.05	06:00:00	5971.221	6023.695	5965.517	6015.710	517602	1440705	1
2022.12.05	12:00:00	6016.280	6066.473	6012.858	6058.487	392647	1193003	1
2022.12.05	18:00:00	6058.487	6068.754	6055.636	6059.628	9777	39433	1
2022.12.06	06:00:00	6047.080	6047.650	5984.339	6003.161	564488	1784160	1
2022.12.06	12:00:00	6003.161	6045.939	5990.613	6004.872	427065	1450509	1
2022.12.06	18:00:00	6004.302	6016.280	5996.887	6016.280	11249	43648	1
2022.12.07	06:00:00	6035.673	6049.361	5971.791	5974.072	550514	1624941	1
2022.12.07	12:00:00	5973.502	6002.021	5940.991	5978.065	472307	1615213	1
2022.12.07	18:00:00	5977.495	5978.635	5963.235	5966.087	11786	41562	1
2022.12.08	06:00:00	5994.035	6019.702	5955.820	5957.532	482953	1321110	1
2022.12.08	12:00:00	5957.532	5987.191	5950.117	5979.776	419174	1365563	1
2022.12.08	18:00:00	5979.776	6013.428	5973.502	5996.887	14845	70420	1
2022.12.09	06:00:00	5993.465	6053.924	5979.206	5993.465	535237	1563011	1
2022.12.09	12:00:00	5993.465	6025.406	5977.495	6012.287	277690	923944	1
2022.12.09	18:00:00	6012.287	6014.569	5999.169	6000.309	7948	30923	1
2022.12.12	06:00:00	6003.161	6118.376	5993.465	6100.125	515289	1610324	1
2022.12.12	12:00:00	6099.554	6128.643	6057.917	6061.910	434052	1516051	1
2022.12.12	18:00:00	6061.910	6102.406	6061.339	6101.836	21838	81605	1
2022.12.13	06:00:00	6093.280	6102.976	6002.591	6042.517	650300	1793817	1
2022.12.13	12:00:00	6042.517	6109.821	6006.013	6074.458	606470	1900415	1
2022.12.13	18:00:00	6074.458	6077.880	6063.050	6068.754	11201	36114	1
2022.12.14	06:00:00	6085.295	6149.176	6085.295	6115.525	555792	1590237	1
2022.12.14	12:00:00	6114.954	6125.791	6036.243	6055.065	713040	2130051	1
2022.12.14	18:00:00	6055.636	6058.487	6041.376	6053.924	12469	34616	1
2022.12.15	06:00:00	6100.125	6109.821	6048.221	6081.302	595132	1594982	1
2022.12.15	12:00:00	6081.873	6120.658	6044.228	6082.443	518584	1645053	1
2022.12.15	18:00:00	6082.443	6085.865	6068.754	6080.732	10552	39381	1
2022.12.16	06:00:00	6082.443	6100.125	6031.110	6039.665	483390	1426756	1
2022.12.16	12:00:00	6039.095	6072.176	6020.843	6071.036	376862	1259295	1
2022.12.16	18:00:00	6071.606	6089.858	6066.473	6083.013	14971	53879	1
2022.12.19	06:00:00	6102.976	6106.399	6068.754	6079.591	421504	1203577	1
2022.12.19	12:00:00	6079.591	6090.428	6048.221	6058.487	439387	1463791	1
2022.12.19	18:00:00	6058.487	6059.628	6050.502	6059.058	8587	30161	1
2022.12.20	06:00:00	6055.065	6086.436	5942.702	5958.672	584033	1936215	1
2022.12.20	12:00:00	5958.672	5978.065	5914.754	5947.265	486251	1708889	1
2022.12.20	18:00:00	5947.265	5952.398	5940.420	5942.702	11293	41384	1
2022.12.21	06:00:00	5942.132	5963.806	5893.650	5945.554	568013	1785456	1
2022.12.21	12:00:00	5945.554	5956.391	5911.332	5942.132	407583	1370121	1
2022.12.21	18:00:00	5942.702	5944.983	5935.857	5937.569	8525	28039	1
2022.12.22	06:00:00	5948.976	5967.798	5892.509	5914.183	504228	1466922	1
2022.12.22	12:00:00	5914.183	5929.583	5893.080	5907.909	379290	1297890	1
2022.12.22	18:00:00	5907.909	5913.613	5897.072	5899.924	11182	37658	1
2022.12.23	06:00:00	5906.769	5912.472	5864.561	5877.680	438906	1197175	1
2022.12.23	12:00:00	5877.109	5903.346	5841.746	5891.939	339351	1122195	1
2022.12.23	18:00:00	5891.939	5903.346	5874.828	5887.946	9864	34115	1
2022.12.26	06:00:00	5887.946	5929.583	5881.102	5921.598	229586	555226	1
2022.12.26	12:00:00	5921.598	5955.820	5917.606	5955.250	186329	465614	1
2022.12.26	18:00:00	5955.250	5962.095	5951.258	5955.820	7673	30067	1
2022.12.27	06:00:00	5927.872	6041.376	5926.161	6027.117	463076	1521437	1
2022.12.27	12:00:00	6027.117	6049.932	6014.569	6039.665	329550	1176276	1
2022.12.27	18:00:00	6039.095	6044.798	6030.539	6041.947	12819	49206	1
2022.12.28	06:00:00	6007.724	6033.961	5989.472	6008.865	390203	1138730	1
2022.12.28	12:00:00	6008.865	6029.398	5964.376	6006.584	320931	1107094	1
2022.12.28	18:00:00	6006.013	6018.561	6000.880	6012.287	9261	26193	1
2022.12.29	06:00:00	5991.861	6012.855	5929.445	5959.518	370284	1100900	1
2022.12.29	12:00:00	5960.085	6057.680	5954.979	6028.742	411703	1344237	1
2022.12.29	18:00:00	6029.310	6042.360	6026.473	6038.956	10204	37811	1
2023.01.02	06:00:00	6045.197	6124.635	6037.821	6104.208	370033	1000008	1
2023.01.02	12:00:00	6104.208	6127.472	6082.646	6120.663	261654	764795	1
2023.01.02	18:00:00	6120.095	6128.039	6119.528	6128.039	7492	29713	1
2023.01.03	06:00:00	6154.140	6171.730	6094.562	6133.713	568469	1574976	1
2023.01.03	12:00:00	6133.146	6239.819	6131.444	6235.280	553205	1791569	1
2023.01.03	18:00:00	6235.280	6252.302	6230.173	6246.628	13483	49696	1
2023.01.04	06:00:00	6213.151	6241.521	6192.724	6231.308	519022	1476460	1
2023.01.04	12:00:00	6231.875	6251.735	6191.022	6198.398	522538	1662970	1
2023.01.04	18:00:00	6198.398	6205.207	6196.696	6198.398	8058	26930	1
2023.01.05	06:00:00	6189.320	6195.561	6126.337	6162.651	520238	1509143	1
2023.01.05	12:00:00	6162.084	6173.432	6103.073	6108.747	450781	1464362	1
2023.01.05	18:00:00	6108.180	6110.449	6103.073	6106.478	9923	44372	1
2023.01.06	06:00:00	6116.691	6125.202	6011.720	6036.119	572290	1800318	1
2023.01.06	12:00:00	6036.119	6036.119	5959.518	5961.220	414965	1477602	1
2023.01.06	18:00:00	5961.220	5968.597	5952.142	5968.597	13745	62070	1
2023.01.09	06:00:00	6020.231	6053.141	5983.917	6053.141	543774	1548637	1
2023.01.09	12:00:00	6053.141	6053.141	5982.215	5995.832	463938	1473276	1
2023.01.09	18:00:00	5996.400	5996.967	5987.889	5992.995	8960	27495	1
2023.01.10	06:00:00	5992.995	6014.557	5948.737	5958.951	532492	1453778	1
2023.01.10	12:00:00	5958.951	5979.945	5925.473	5932.850	390820	1271929	1
2023.01.10	18:00:00	5932.282	5932.850	5924.906	5929.445	9472	36364	1
2023.01.11	06:00:00	5928.878	5964.625	5910.721	5913.558	541009	1602827	1
2023.01.11	12:00:00	5914.125	5938.524	5882.350	5885.187	432529	1534072	1
2023.01.11	18:00:00	5884.620	5889.727	5879.513	5881.215	12695	56063	1
2023.01.12	06:00:00	5887.457	5908.451	5822.205	5864.760	664263	1926766	1
2023.01.12	12:00:00	5864.760	5892.564	5773.975	5809.722	584939	2045740	1
2023.01.12	18:00:00	5810.289	5821.637	5793.834	5818.233	15254	49999	1
2023.01.13	06:00:00	5821.070	5869.867	5795.536	5805.750	516280	1486932	1
2023.01.13	12:00:00	5806.317	5817.665	5783.053	5810.289	407668	1342628	1
2023.01.13	18:00:00	5810.289	5813.126	5798.941	5800.643	10355	39270	1
2023.01.16	06:00:00	5831.851	5842.064	5798.941	5829.581	403878	1050193	1
2023.01.16	12:00:00	5829.581	5877.243	5814.828	5866.463	331024	1028229	1
2023.01.16	18:00:00	5866.463	5866.463	5855.682	5862.491	9581	36099	1
2023.01.17	06:00:00	5866.463	5871.002	5817.098	5827.879	528738	1508253	1
2023.01.17	12:00:00	5828.446	5834.120	5799.508	5810.289	372726	1181069	1
2023.01.17	18:00:00	5809.722	5813.693	5801.778	5804.047	10974	37409	1
2023.01.18	06:00:00	5794.401	5804.615	5762.626	5782.486	556543	1628532	1
2023.01.18	12:00:00	5781.918	5898.805	5772.840	5892.564	554150	1850818	1
2023.01.18	18:00:00	5892.564	5903.912	5888.592	5901.075	15637	65019	1
2023.01.19	06:00:00	5969.164	5979.377	5895.401	5927.743	553445	1636676	1
2023.01.19	12:00:00	5927.743	5949.305	5874.406	5888.592	505703	1729033	1
2023.01.19	18:00:00	5888.592	5890.861	5878.946	5880.648	9638	38189	1
2023.01.20	06:00:00	5884.620	5958.383	5873.839	5922.069	497080	1460153	1
2023.01.20	12:00:00	5922.069	5936.254	5891.996	5922.636	466670	1589577	1
2023.01.20	18:00:00	5922.069	5926.041	5914.693	5924.339	9014	31033	1
2023.01.23	06:00:00	5924.339	5935.687	5890.294	5903.344	495940	1438447	1
2023.01.23	12:00:00	5903.344	5914.693	5871.002	5907.316	474639	1567980	1
2023.01.23	18:00:00	5907.316	5922.636	5906.749	5922.636	10081	37977	1
2023.01.24	06:00:00	5924.906	5933.417	5859.654	5876.109	446183	1357731	1
2023.01.24	12:00:00	5875.541	5878.378	5835.822	5844.901	341179	1190368	1
2023.01.24	18:00:00	5844.334	5845.468	5838.092	5840.929	9523	40067	1
2023.01.25	06:00:00	5852.845	5853.980	5798.941	5804.615	486902	1563002	1
2023.01.25	12:00:00	5804.047	5806.317	5758.655	5768.301	431392	1555961	1
2023.01.25	18:00:00	5768.301	5769.435	5762.059	5766.031	10489	42477	1
2023.01.26	06:00:00	5763.761	5813.693	5756.952	5787.025	552778	1797477	1
2023.01.26	12:00:00	5786.458	5792.132	5746.739	5759.789	410871	1546251	1
2023.01.26	18:00:00	5759.222	5765.464	5754.683	5760.924	9136	31850	1
2023.01.27	06:00:00	5779.081	5785.323	5742.200	5774.542	501063	1603267	1
2023.01.27	12:00:00	5775.109	5810.856	5760.357	5801.778	380296	1324790	1
2023.01.27	18:00:00	5802.345	5809.154	5800.076	5800.076	8682	32496	1
2023.01.30	06:00:00	5813.693	5820.502	5770.570	5783.053	468033	1416041	1
2023.01.30	12:00:00	5782.486	5828.446	5773.975	5814.828	389082	1314409	1
2023.01.30	18:00:00	5814.828	5815.963	5803.480	5810.289	10120	37617	1
2023.01.31	06:00:00	5833.435	5833.435	5761.174	5767.948	481868	1514024	1
2023.01.31	12:00:00	5767.384	5785.449	5753.835	5759.480	315833	1174797	1
2023.01.31	18:00:00	5759.480	5762.303	5754.399	5756.657	9467	41109	1
2023.02.01	06:00:00	5741.415	5761.738	5730.124	5757.222	449255	1400103	1
2023.02.01	12:00:00	5757.786	5798.434	5720.526	5731.253	567804	2013973	1
2023.02.01	18:00:00	5730.688	5736.898	5723.349	5732.382	10987	47415	1
2023.02.02	06:00:00	5705.284	5711.494	5604.230	5653.346	637379	2049081	1
2023.02.02	12:00:00	5652.781	5728.430	5651.087	5720.526	516005	1842482	1
2023.02.02	18:00:00	5720.526	5734.640	5716.575	5728.995	13445	44609	1
2023.02.03	06:00:00	5780.368	5805.773	5725.043	5784.884	636659	1961234	1
2023.02.03	12:00:00	5786.014	5840.210	5786.014	5819.886	411028	1495432	1
2023.02.03	18:00:00	5820.451	5853.194	5819.886	5844.162	16413	75735	1
2023.02.06	06:00:00	5850.372	5884.244	5839.645	5883.115	511232	1543772	1
2023.02.06	12:00:00	5883.115	5909.084	5834.564	5838.516	473170	1691358	1
2023.02.06	18:00:00	5838.516	5842.468	5824.403	5833.435	16539	67422	1
2023.02.07	06:00:00	5826.096	5889.890	5815.934	5876.905	566120	1707719	1
2023.02.07	12:00:00	5876.341	5900.616	5835.693	5897.229	580162	1850348	1
2023.02.07	18:00:00	5897.793	5913.036	5897.229	5907.955	16679	62902	1
2023.02.08	06:00:00	5882.551	5902.874	5852.065	5897.229	475198	1393413	1
2023.02.08	12:00:00	5897.793	5941.828	5874.647	5892.148	519982	1800869	1
2023.02.08	18:00:00	5892.148	5894.971	5884.244	5891.019	10368	40002	1
2023.02.09	06:00:00	5871.260	5977.959	5858.840	5969.490	679734	2141830	1
2023.02.09	12:00:00	5969.490	5979.652	5923.198	5975.700	504884	1750720	1
2023.02.09	18:00:00	5975.136	5994.895	5974.571	5994.330	18837	68484	1
2023.02.10	06:00:00	6007.879	6010.702	5919.811	5951.425	508099	1570780	1
2023.02.10	12:00:00	5951.425	5959.329	5898.358	5904.003	412911	1406606	1
2023.02.10	18:00:00	5903.439	5907.391	5898.922	5907.391	10097	39487	1
2023.02.13	06:00:00	5914.165	5919.246	5846.984	5847.549	521511	1571078	1
2023.02.13	12:00:00	5847.549	5874.647	5840.210	5851.501	376709	1324512	1
2023.02.13	18:00:00	5851.501	5852.065	5837.387	5839.081	16134	57969	1
2023.02.14	06:00:00	5834.000	5863.356	5803.514	5827.790	715285	2180566	1
2023.02.14	12:00:00	5827.790	5916.423	5816.499	5870.131	579808	2039938	1
2023.02.14	18:00:00	5870.131	5878.599	5855.452	5875.212	14353	69908	1
2023.02.15	06:00:00	5881.986	5927.150	5872.389	5907.955	572877	1771429	1
2023.02.15	12:00:00	5907.391	5926.021	5887.631	5899.487	437913	1498371	1
2023.02.15	18:00:00	5899.487	5906.261	5894.406	5902.874	10961	41106	1
2023.02.16	06:00:00	5888.196	5950.860	5878.599	5931.666	493556	1520462	1
2023.02.16	12:00:00	5932.230	5941.828	5881.986	5905.132	497568	1828252	1
2023.02.16	18:00:00	5905.132	5905.132	5893.841	5902.874	12042	48927	1
2023.02.17	06:00:00	5920.375	5941.263	5878.599	5885.373	414968	1302229	1
2023.02.17	12:00:00	5885.373	5885.938	5823.273	5838.516	423299	1588786	1
2023.02.17	18:00:00	5838.516	5849.242	5835.129	5843.597	11476	49675	1
2023.02.22	12:00:00	5862.227	5892.712	5823.838	5832.871	521531	1756281	1
2023.02.22	18:00:00	5832.871	5837.952	5823.273	5826.096	9959	41650	1
2023.02.23	06:00:00	5812.547	5849.807	5775.852	5789.401	508599	1633996	1
2023.02.23	12:00:00	5789.401	5823.273	5775.852	5800.127	403431	1460705	1
2023.02.23	18:00:00	5800.692	5810.853	5795.046	5806.337	9863	40063	1
2023.02.24	06:00:00	5828.919	5873.518	5816.499	5867.308	489833	1546435	1
2023.02.24	12:00:00	5866.743	5886.502	5854.323	5875.776	353095	1280484	1
2023.02.24	18:00:00	5875.212	5893.277	5874.647	5888.761	14285	59579	1
2023.02.27	06:00:00	5862.227	5887.067	5845.855	5869.566	471562	1476192	1
2023.02.27	12:00:00	5869.002	5888.196	5840.210	5874.647	480121	1755797	1
2023.02.27	18:00:00	5874.082	5879.163	5870.131	5874.082	8447	33570	1
2023.02.28	06:00:00	5869.595	5898.763	5848.280	5884.740	483262	1459297	1
2023.02.28	12:00:00	5885.301	5924.005	5873.522	5913.348	448150	1548203	1
2023.02.28	18:00:00	5913.348	5922.323	5907.738	5913.348	14118	72505	1
2023.03.01	06:00:00	5892.593	5894.276	5858.937	5883.057	496748	1485973	1
2023.03.01	12:00:00	5882.496	5905.495	5846.036	5848.280	448484	1539903	1
2023.03.01	18:00:00	5848.840	5851.645	5841.548	5846.597	10893	43019	1
2023.03.02	06:00:00	5861.742	5901.568	5848.280	5885.862	471866	1472094	1
2023.03.02	12:00:00	5885.301	5890.910	5848.280	5883.618	406944	1440652	1
2023.03.02	18:00:00	5883.057	5884.740	5869.595	5879.131	12022	51744	1
2023.03.03	06:00:00	5862.303	5889.228	5848.840	5875.204	409870	1254131	1
2023.03.03	12:00:00	5876.326	5902.129	5862.303	5866.229	324627	1252590	1
2023.03.03	18:00:00	5865.668	5868.473	5858.937	5863.986	8246	35376	1
2023.03.06	06:00:00	5876.326	5886.423	5862.303	5867.912	346556	1098470	1
2023.03.06	12:00:00	5867.912	5870.717	5818.550	5820.233	372475	1416418	1
2023.03.06	18:00:00	5820.233	5823.038	5811.819	5817.989	13896	65667	1
2023.03.07	06:00:00	5829.769	5848.280	5813.502	5836.500	360003	1115748	1
2023.03.07	12:00:00	5836.500	5870.717	5836.500	5855.572	442487	1545881	1
2023.03.07	18:00:00	5855.572	5861.181	5851.645	5855.011	7731	33139	1
2023.03.08	06:00:00	5843.231	5847.158	5778.724	5782.090	458408	1513408	1
2023.03.08	12:00:00	5782.090	5804.527	5750.677	5786.577	479843	1849223	1
2023.03.08	18:00:00	5786.577	5799.478	5784.894	5798.357	10326	47867	1
2023.03.09	06:00:00	5787.699	5799.478	5759.091	5788.260	519090	1612411	1
2023.03.09	12:00:00	5788.260	5826.964	5775.358	5816.306	469167	1678400	1
2023.03.09	18:00:00	5816.306	5827.525	5815.185	5819.672	12766	53869	1
2023.03.10	06:00:00	5805.649	5882.496	5805.649	5835.378	541908	1735969	1
2023.03.10	12:00:00	5835.378	5881.375	5810.697	5871.839	466842	1725397	1
2023.03.10	18:00:00	5872.400	5884.179	5871.839	5872.961	10985	54393	1
2023.03.13	06:00:00	5874.643	5949.808	5869.595	5875.765	737087	2384010	1
2023.03.13	12:00:00	5875.765	5934.663	5869.595	5908.860	436668	1583700	1
2023.03.14	06:00:00	5896.520	5922.323	5878.009	5898.763	564531	1732939	1
2023.03.14	12:00:00	5898.203	5924.566	5886.423	5916.152	379666	1377364	1
2023.03.15	06:00:00	5973.928	5998.609	5933.541	5971.124	604744	1992587	1
2023.03.15	12:00:00	5971.685	5996.927	5945.882	5953.174	479136	1752944	1
2023.03.16	06:00:00	5940.272	5971.685	5927.371	5962.149	529890	1606130	1
2023.03.16	12:00:00	5962.149	5978.416	5880.814	5884.740	460105	1697779	1
2023.03.17	06:00:00	5895.398	5945.882	5886.984	5935.785	384478	1233926	1
2023.03.17	12:00:00	5935.785	5945.321	5923.444	5939.151	276688	1102977	1
2023.03.20	06:00:00	5930.176	5943.077	5885.301	5889.228	459513	1462694	1
2023.03.20	12:00:00	5888.667	5906.617	5887.545	5891.471	264970	992489	1
2023.03.21	06:00:00	5874.643	5907.738	5865.108	5885.862	447122	1469958	1
2023.03.21	12:00:00	5886.423	5904.373	5882.496	5894.837	251781	982785	1
2023.03.22	06:00:00	5897.081	5933.541	5890.349	5924.005	373288	1220233	1
2023.03.22	12:00:00	5924.005	5925.688	5848.840	5891.471	555226	1956711	1
2023.03.23	06:00:00	5851.084	5933.541	5847.158	5926.810	489099	1692132	1
2023.03.23	12:00:00	5926.810	5957.100	5911.104	5953.174	402195	1612554	1
2023.03.24	06:00:00	5979.538	6000.853	5929.615	5933.541	549521	1888637	1
2023.03.24	12:00:00	5934.102	5938.590	5885.301	5895.398	335276	1446728	1
2023.03.27	06:00:00	5896.520	5897.642	5858.937	5878.009	377432	1115019	1
2023.03.27	12:00:00	5877.448	5888.106	5832.013	5837.622	282304	987774	1
2023.03.28	06:00:00	5832.573	5832.573	5778.724	5814.624	517787	1856397	1
2023.03.28	12:00:00	5814.624	5815.745	5782.090	5798.918	269902	1101689	1
2023.03.29	06:00:00	5795.552	5816.867	5769.749	5777.041	479460	1552876	1
2023.03.29	12:00:00	5777.602	5806.210	5753.482	5765.262	411109	1717337	1
2023.03.30	06:00:00	5728.240	5791.625	5687.853	5756.848	690176	2287289	1
2023.03.30	12:00:00	5756.848	5759.652	5709.168	5717.021	332062	1338740	1
2023.03.31	06:00:00	5730.978	5730.978	5677.944	5686.318	492125	1752611	1
2023.03.31	12:00:00	5686.876	5699.716	5670.687	5680.177	320206	1427324	1
2023.04.03	06:00:00	5670.129	5693.575	5652.823	5674.036	459323	1496980	1
2023.04.03	12:00:00	5673.478	5698.599	5670.687	5681.852	297750	1052046	1
2023.04.04	06:00:00	5665.104	5697.483	5662.313	5687.993	416676	1417387	1
2023.04.04	12:00:00	5688.551	5716.463	5674.036	5685.201	277280	1128711	1
2023.04.05	06:00:00	5685.201	5691.342	5617.653	5662.313	528070	1794980	1
2023.04.05	12:00:00	5662.871	5675.153	5639.983	5647.240	273036	1063808	1
2023.04.06	06:00:00	5652.823	5695.808	5647.799	5669.570	391537	1320945	1
2023.04.06	12:00:00	5670.129	5680.735	5660.080	5670.129	210252	796397	1
2023.04.10	06:00:00	5665.104	5704.740	5644.449	5691.900	393590	1261506	1
2023.04.10	12:00:00	5691.900	5696.924	5671.803	5680.177	221378	822273	1
2023.04.11	06:00:00	5660.638	5666.779	5585.833	5604.814	568846	2132726	1
2023.04.11	12:00:00	5605.372	5613.745	5596.998	5606.488	236256	1025769	1
2023.04.12	06:00:00	5612.071	5613.745	5503.212	5524.984	689901	2376720	1
2023.04.12	12:00:00	5524.984	5535.591	5501.538	5508.237	316924	1288236	1
2023.04.13	06:00:00	5511.028	5528.892	5483.115	5489.814	568711	1931216	1
2023.04.13	12:00:00	5489.814	5519.402	5476.975	5515.494	268273	1240488	1
2023.04.14	06:00:00	5523.868	5555.129	5473.625	5545.639	495926	1704773	1
2023.04.14	12:00:00	5546.197	5548.989	5490.373	5492.047	287505	1110769	1
2023.04.17	06:00:00	5504.329	5543.406	5480.882	5537.824	433497	1423602	1
2023.04.17	12:00:00	5537.265	5545.639	5500.979	5527.217	291827	1139971	1
2023.04.18	06:00:00	5501.538	5580.809	5491.489	5559.037	532729	1841753	1
2023.04.18	12:00:00	5559.037	5587.508	5551.222	5578.576	315501	1275637	1
2023.04.18	18:00:00	5575.226	5575.226	5575.226	5575.226	1	17	1
2023.04.19	06:00:00	5604.255	5661.197	5596.440	5631.051	566309	1892821	1
2023.04.19	12:00:00	5631.609	5690.784	5630.493	5675.153	353985	1385877	1
2023.04.20	06:00:00	5684.643	5685.760	5632.726	5638.867	466423	1483479	1
2023.04.20	12:00:00	5638.867	5657.289	5629.376	5645.007	238499	956051	1
2023.04.24	06:00:00	5665.104	5683.527	5642.774	5661.755	471722	1461794	1
2023.04.24	12:00:00	5661.197	5665.663	5624.910	5626.585	269617	1056356	1
2023.04.25	06:00:00	5638.867	5677.386	5619.328	5664.546	563536	1876060	1
2023.04.25	12:00:00	5664.546	5679.619	5641.658	5653.939	295544	1183769	1
2023.04.26	06:00:00	5638.308	5666.221	5623.794	5641.100	499834	1630326	1
2023.04.26	12:00:00	5641.100	5652.823	5624.352	5635.517	318440	1273582	1
2023.04.27	06:00:00	5627.143	5638.308	5584.158	5591.416	546291	1858871	1
2023.04.27	12:00:00	5590.857	5601.464	5551.222	5554.571	343323	1436486	1
2023.04.28	06:00:00	5572.876	5602.274	5561.227	5585.079	446469	1562281	1
2023.04.28	12:00:00	5585.079	5600.055	5558.454	5564.555	261834	1116875	1
2023.05.02	06:00:00	5578.977	5630.562	5571.766	5623.352	478145	1522865	1
2023.05.02	12:00:00	5623.906	5638.883	5620.023	5621.688	239192	948978	1
2023.05.03	06:00:00	5597.836	5635.555	5581.196	5589.516	475330	1481256	1
2023.05.03	12:00:00	5589.516	5600.055	5556.235	5572.321	413839	1465169	1
2023.05.04	06:00:00	5552.352	5615.031	5541.814	5596.727	555426	1751928	1
2023.05.04	12:00:00	5596.727	5603.938	5556.235	5560.673	275236	1083903	1
2023.05.05	06:00:00	5556.235	5584.524	5523.509	5538.485	533157	1687531	1
2023.05.05	12:00:00	5537.931	5539.595	5492.447	5522.954	292351	1213226	1
2023.05.08	06:00:00	5522.400	5545.696	5509.087	5524.618	394078	1232290	1
2023.05.08	12:00:00	5525.173	5593.399	5522.954	5584.524	426401	1593772	1
2023.05.09	06:00:00	5581.196	5613.367	5562.891	5580.086	473592	1566806	1
2023.05.09	12:00:00	5580.086	5586.743	5541.814	5557.345	335164	1283685	1
2023.05.10	06:00:00	5556.235	5561.782	5502.431	5521.845	512279	1575540	1
2023.05.10	12:00:00	5521.845	5532.384	5502.431	5509.087	307182	1073228	1
2023.05.11	06:00:00	5521.290	5551.798	5509.642	5540.704	472216	1501716	1
2023.05.11	12:00:00	5541.259	5543.478	5486.900	5493.556	361270	1423338	1
2023.05.12	06:00:00	5494.666	5519.072	5463.049	5484.127	485057	1671970	1
2023.05.12	12:00:00	5483.572	5499.658	5476.916	5479.689	260593	972126	1
2023.05.15	06:00:00	5478.025	5490.228	5455.838	5464.158	451211	1404207	1
2023.05.15	12:00:00	5464.158	5473.588	5438.088	5447.518	320827	1236663	1
2023.05.16	06:00:00	5445.854	5472.478	5437.534	5470.260	538550	1736790	1
2023.05.16	12:00:00	5470.814	5511.861	5466.377	5496.884	407208	1523769	1
2023.05.17	06:00:00	5496.884	5529.611	5488.564	5515.189	548899	1747652	1
2023.05.17	12:00:00	5515.744	5522.400	5475.252	5494.666	344578	1321095	1
2023.05.18	06:00:00	5506.314	5537.376	5504.095	5536.821	472134	1531386	1
2023.05.18	12:00:00	5536.821	5540.704	5519.072	5524.618	292759	1156868	1
2023.05.19	06:00:00	5508.533	5561.227	5498.548	5550.134	498757	1758519	1
2023.05.19	12:00:00	5550.688	5564.001	5527.947	5557.899	335344	1413739	1
2023.05.22	06:00:00	5557.345	5564.555	5514.079	5517.962	448172	1452840	1
2023.05.22	12:00:00	5517.962	5529.056	5505.759	5522.954	242605	943528	1
2023.05.23	06:00:00	5534.603	5550.134	5507.978	5515.189	468317	1604858	1
2023.05.23	12:00:00	5515.744	5533.493	5500.767	5525.728	274269	1122172	1
2023.05.24	06:00:00	5514.634	5515.189	5481.908	5502.431	401076	1344104	1
2023.05.24	12:00:00	5502.431	5513.525	5486.900	5509.087	255873	1012197	1
2023.05.25	06:00:00	5500.767	5572.321	5490.783	5553.462	476903	1853320	1
2023.05.25	12:00:00	5552.907	5601.164	5552.907	5592.844	399009	1797316	1
2023.05.26	06:00:00	5569.548	5586.743	5547.915	5561.782	507707	1708405	1
2023.05.26	12:00:00	5561.782	5567.329	5527.392	5549.024	295725	1206896	1
2023.05.29	06:00:00	5552.352	5564.555	5521.290	5559.563	336243	1047577	1
2023.05.29	12:00:00	5559.563	5573.430	5549.579	5571.766	188058	665584	1
2023.05.30	06:00:00	5557.899	5622.242	5549.024	5614.477	509537	1752824	1
2023.05.30	12:00:00	5614.477	5625.570	5587.297	5591.735	286757	1179211	1
2023.05.31	06:00:00	5612.153	5687.202	5609.945	5684.995	627217	2206224	1
2023.05.31	12:00:00	5684.995	5690.513	5606.634	5609.945	426834	1797179	1
2023.06.01	06:00:00	5592.287	5613.256	5571.869	5590.631	517213	1708489	1
2023.06.01	12:00:00	5590.079	5592.287	5553.658	5566.902	319839	1317251	1
2023.06.02	06:00:00	5551.451	5552.555	5487.438	5497.923	541102	1896201	1
2023.06.02	12:00:00	5498.475	5512.822	5492.956	5501.786	225918	898648	1
2023.06.05	06:00:00	5518.341	5519.444	5453.776	5462.054	495996	1599361	1
2023.06.05	12:00:00	5461.502	5473.090	5448.258	5471.987	275909	1130604	1
2023.06.06	06:00:00	5470.331	5495.164	5448.258	5457.087	484282	1615910	1
2023.06.06	12:00:00	5457.639	5459.846	5433.358	5446.602	264196	1147509	1
2023.06.07	06:00:00	5441.084	5468.124	5432.807	5457.639	489927	1691917	1
2023.06.07	12:00:00	5457.639	5465.365	5436.118	5465.365	276081	1131541	1
2023.06.09	06:00:00	5447.706	5461.502	5380.934	5405.215	428414	1541582	1
2023.06.09	12:00:00	5405.215	5417.907	5395.282	5405.767	234569	889448	1
2023.06.12	06:00:00	5409.630	5429.496	5389.212	5411.837	415182	1389127	1
2023.06.12	12:00:00	5411.837	5412.389	5386.452	5387.004	263228	1051409	1
2023.06.13	06:00:00	5391.419	5404.111	5369.346	5373.760	477396	1672746	1
2023.06.13	12:00:00	5374.312	5389.763	5369.897	5385.901	248217	1029008	1
2023.06.14	06:00:00	5380.382	5384.245	5357.757	5358.309	345018	1250651	1
2023.06.14	12:00:00	5358.309	5389.212	5310.299	5333.476	536579	2192687	1
2023.06.15	06:00:00	5341.754	5362.172	5320.232	5331.269	449431	1520065	1
2023.06.15	12:00:00	5331.821	5340.098	5306.988	5326.854	295092	1187546	1
2023.06.16	06:00:00	5323.543	5365.483	5319.129	5340.098	457308	1596907	1
2023.06.16	12:00:00	5340.098	5352.791	5321.336	5330.165	279148	1099104	1
2023.06.19	06:00:00	5336.236	5343.961	5273.878	5274.430	355898	1272118	1
2023.06.19	12:00:00	5274.430	5287.674	5264.497	5284.915	186419	832847	1
2023.06.20	06:00:00	5292.641	5308.092	5278.845	5294.296	446515	1525114	1
2023.06.20	12:00:00	5294.296	5316.370	5283.260	5297.055	318441	1214712	1
2023.06.21	06:00:00	5297.607	5322.992	5266.704	5268.912	482332	1716010	1
2023.06.21	12:00:00	5268.912	5274.430	5262.842	5262.842	205527	907739	1
2023.06.22	06:00:00	5267.808	5285.467	5251.253	5278.293	420862	1483737	1
2023.06.22	12:00:00	5278.293	5292.089	5267.256	5273.878	274858	1095298	1
2023.06.23	06:00:00	5292.641	5311.403	5275.534	5276.086	404804	1416245	1
2023.06.23	12:00:00	5276.637	5291.537	5265.049	5289.330	222546	910108	1
2023.06.26	06:00:00	5281.052	5282.708	5255.116	5274.982	302543	1053275	1
2023.06.26	12:00:00	5274.430	5277.741	5256.771	5267.256	198400	786278	1
2023.06.27	06:00:00	5265.601	5300.918	5245.183	5299.263	451402	1626703	1
2023.06.27	12:00:00	5299.263	5317.473	5290.985	5314.162	251121	1152121	1
2023.06.28	06:00:00	5316.921	5376.519	5309.748	5359.964	474335	1813714	1
2023.06.28	12:00:00	5360.516	5362.172	5338.995	5356.653	258885	1105379	1
2023.06.29	06:00:00	5350.583	5381.486	5331.821	5377.071	459687	1626321	1
2023.06.29	12:00:00	5376.519	5377.071	5342.306	5366.035	286585	1262257	1
2023.06.30	06:00:00	5370.431	5380.873	5314.375	5329.763	423982	1546974	1
2023.06.30	12:00:00	5329.763	5330.862	5284.698	5287.995	301532	1350159	1
2023.07.03	06:00:00	5298.987	5298.987	5257.769	5285.247	414328	1346947	1
2023.07.03	12:00:00	5285.797	5314.924	5279.752	5311.627	210987	862828	1
2023.07.04	06:00:00	5301.185	5323.168	5283.599	5321.519	280094	865997	1
2023.07.04	12:00:00	5321.519	5356.692	5316.023	5347.349	220980	890575	1
2023.07.05	06:00:00	5350.647	5378.125	5341.304	5363.836	464596	1512145	1
2023.07.05	12:00:00	5363.287	5371.530	5339.106	5355.593	240874	942220	1
2023.07.06	06:00:00	5353.394	5417.695	5345.700	5415.496	522403	1794780	1
2023.07.06	12:00:00	5415.496	5466.607	5410.550	5432.533	388777	1601790	1
2023.07.07	06:00:00	5431.983	5450.669	5364.386	5372.080	617182	2010794	1
2023.07.07	12:00:00	5372.080	5380.324	5351.746	5379.224	233723	895115	1
2023.07.10	06:00:00	5372.630	5399.559	5358.890	5377.026	482040	1480929	1
2023.07.10	12:00:00	5377.576	5411.649	5367.134	5409.451	260238	905643	1
2023.07.11	06:00:00	5403.955	5431.434	5386.369	5401.757	516188	1620457	1
2023.07.11	12:00:00	5401.757	5403.406	5352.845	5357.241	269340	970733	1
2023.07.12	06:00:00	5350.097	5361.638	5277.004	5302.284	604213	1943428	1
2023.07.12	12:00:00	5302.284	5323.717	5296.788	5314.375	271396	1006189	1
2023.07.13	06:00:00	5293.491	5323.717	5287.446	5298.437	498261	1632904	1
2023.07.13	12:00:00	5298.437	5319.870	5278.652	5290.194	307937	1202125	1
2023.07.14	06:00:00	5296.239	5305.582	5265.463	5292.941	527144	1714269	1
2023.07.14	12:00:00	5292.941	5308.329	5273.157	5281.950	250992	1070961	1
2023.07.17	06:00:00	5292.392	5345.151	5287.446	5328.114	397503	1303020	1
2023.07.17	12:00:00	5328.114	5334.159	5289.094	5297.888	274967	1100871	1
2023.07.18	06:00:00	5295.689	5318.771	5283.049	5288.545	539788	1772669	1
2023.07.18	12:00:00	5289.094	5310.528	5283.049	5302.834	238691	1039465	1
2023.07.19	06:00:00	5305.582	5311.627	5267.661	5280.851	419854	1428936	1
2023.07.19	12:00:00	5280.851	5291.842	5266.012	5276.454	218918	892578	1
2023.07.20	06:00:00	5277.004	5297.338	5251.723	5286.896	454225	1584835	1
2023.07.20	12:00:00	5286.896	5298.987	5276.454	5281.950	263403	1091933	1
2023.07.21	06:00:00	5306.681	5308.879	5240.182	5255.021	439973	1511695	1
2023.07.21	12:00:00	5255.570	5265.463	5241.831	5263.814	189042	800473	1
2023.07.24	06:00:00	5251.723	5263.264	5205.010	5212.704	450641	1592855	1
2023.07.24	12:00:00	5212.704	5213.253	5197.865	5204.460	225020	1014073	1
2023.07.25	06:00:00	5200.063	5236.885	5190.721	5212.704	470348	1689302	1
2023.07.25	12:00:00	5212.704	5230.840	5212.154	5230.840	216559	910763	1
2023.07.26	06:00:00	5217.650	5229.740	5200.063	5203.910	348320	1220226	1
2023.07.26	12:00:00	5203.910	5223.146	5193.469	5208.857	287835	1199974	1
2023.07.27	06:00:00	5195.117	5208.307	5178.630	5205.010	444372	1576617	1
2023.07.27	12:00:00	5204.460	5234.687	5184.126	5216.001	309750	1355217	1
2023.07.28	06:00:00	5198.415	5204.460	5162.692	5189.622	444537	1632163	1
2023.07.28	12:00:00	5190.171	5214.352	5189.072	5206.109	216640	917980	1
2023.07.31	06:00:00	5203.923	5233.981	5182.609	5232.342	358170	1313839	1
2023.07.31	12:00:00	5231.795	5233.435	5195.178	5195.178	203314	886116	1
2023.08.01	06:00:00	5197.365	5257.481	5197.365	5248.190	435995	1530730	1
2023.08.01	12:00:00	5248.190	5276.609	5245.458	5268.412	270038	1179195	1
2023.08.02	06:00:00	5276.063	5297.377	5254.202	5293.005	433758	1490723	1
2023.08.02	12:00:00	5293.005	5299.016	5264.039	5286.447	251497	1058770	1
2023.08.03	06:00:00	5324.156	5382.087	5320.877	5366.784	565431	2098729	1
2023.08.03	12:00:00	5366.784	5408.320	5351.482	5405.040	280205	1246595	1
2023.08.04	06:00:00	5405.040	5409.413	5325.796	5325.796	510656	1882481	1
2023.08.04	12:00:00	5326.342	5356.947	5323.610	5353.668	234306	995676	1
2023.08.07	06:00:00	5350.389	5396.843	5346.017	5394.657	341168	1177210	1
2023.08.07	12:00:00	5394.657	5395.203	5373.889	5381.540	216272	932543	1
2023.08.08	06:00:00	5415.424	5424.715	5393.017	5405.040	450877	1571770	1
2023.08.08	12:00:00	5405.587	5407.773	5367.877	5380.994	286615	1135634	1
2023.08.09	06:00:00	5371.703	5388.099	5349.296	5383.180	484956	1596151	1
2023.08.09	12:00:00	5382.633	5395.203	5372.796	5379.901	274331	1159888	1
2023.08.10	06:00:00	5366.238	5371.157	5314.865	5317.598	495726	1702780	1
2023.08.10	12:00:00	5317.598	5372.250	5312.679	5369.517	303362	1267836	1
2023.08.11	06:00:00	5349.296	5384.819	5335.086	5355.308	472602	1549202	1
2023.08.11	12:00:00	5354.761	5387.005	5349.296	5384.273	247243	1004356	1
2023.08.14	06:00:00	5390.831	5444.936	5387.005	5432.913	409607	1465612	1
2023.08.14	12:00:00	5432.366	5452.587	5421.436	5441.657	280135	1197405	1
2023.08.15	06:00:00	5457.506	5480.460	5437.831	5461.878	568903	1927414	1
2023.08.15	12:00:00	5461.878	5476.088	5452.041	5466.797	226442	1011568	1
2023.08.16	06:00:00	5454.773	5472.808	5440.564	5447.122	435003	1427824	1
2023.08.16	12:00:00	5446.576	5472.808	5426.901	5468.436	374895	1554797	1
2023.08.17	06:00:00	5450.948	5477.727	5436.192	5464.064	475698	1526252	1
2023.08.17	12:00:00	5464.064	5476.088	5449.855	5455.320	309043	1182925	1
2023.08.18	06:00:00	5456.959	5481.006	5435.099	5435.645	478451	1511645	1
2023.08.18	12:00:00	5435.645	5448.215	5432.366	5445.483	220887	908281	1
2023.08.21	06:00:00	5443.297	5473.355	5431.273	5466.250	391809	1267475	1
2023.08.21	12:00:00	5465.704	5470.622	5451.494	5456.413	205492	781445	1
2023.08.22	06:00:00	5437.831	5437.831	5394.657	5395.750	496104	1682515	1
2023.08.22	12:00:00	5396.296	5411.052	5393.564	5408.866	201922	784694	1
2023.08.23	06:00:00	5394.110	5409.413	5346.017	5350.935	467754	1711289	1
2023.08.23	12:00:00	5350.935	5353.122	5304.482	5317.598	325699	1442699	1
2023.08.24	06:00:00	5332.900	5349.296	5314.319	5333.447	434471	1468095	1
2023.08.24	12:00:00	5333.447	5348.203	5328.528	5344.924	239970	997159	1
2023.08.25	06:00:00	5341.645	5362.959	5315.412	5352.575	504385	1738478	1
2023.08.25	12:00:00	5352.028	5352.575	5320.877	5330.714	275202	1107979	1
2023.08.28	06:00:00	5334.540	5362.412	5321.970	5359.680	323500	961823	1
2023.08.28	12:00:00	5359.133	5372.250	5329.621	5332.354	286931	1127672	1
2023.08.29	06:00:00	5337.273	5361.319	5313.226	5329.075	518821	1736311	1
2023.08.29	12:00:00	5329.621	5331.807	5303.389	5309.400	323092	1420110	1
2023.08.30	06:00:00	5314.319	5338.912	5294.644	5333.447	409500	1423577	1
2023.08.30	12:00:00	5333.447	5350.389	5308.854	5350.389	289293	1407782	1
2023.08.31	06:00:00	5339.500	5420.624	5319.355	5412.457	524440	2091509	1
2023.08.31	12:00:00	5412.457	5424.980	5393.401	5416.813	380673	1842651	1
2023.09.01	06:00:00	5403.201	5404.290	5357.467	5395.579	548918	1847904	1
2023.09.01	12:00:00	5395.034	5414.090	5392.312	5409.190	251120	995944	1
2023.09.04	06:00:00	5395.579	5404.290	5371.078	5372.712	302025	996558	1
2023.09.04	12:00:00	5372.712	5401.024	5365.634	5399.935	166859	712256	1
2023.09.05	06:00:00	5424.980	5444.580	5416.268	5439.680	405295	1402806	1
2023.09.05	12:00:00	5439.680	5450.025	5419.535	5430.969	293950	1237406	1
2023.09.06	06:00:00	5438.047	5459.825	5415.179	5439.680	484152	1755358	1
2023.09.06	12:00:00	5439.680	5454.380	5428.246	5443.491	254703	1061822	1
2023.09.08	06:00:00	5446.214	5457.103	5426.069	5453.836	343090	1127130	1
2023.09.08	12:00:00	5454.380	5455.469	5433.691	5450.025	211801	829900	1
2023.09.11	06:00:00	5419.535	5430.969	5383.601	5392.312	362588	1299874	1
2023.09.11	12:00:00	5392.312	5396.123	5374.345	5383.601	249907	1138451	1
2023.09.12	06:00:00	5398.846	5423.891	5387.957	5407.013	367554	1262837	1
2023.09.12	12:00:00	5407.013	5411.368	5395.034	5401.568	216348	865223	1
2023.09.13	06:00:00	5409.190	5421.713	5342.222	5354.745	518302	1913549	1
2023.09.13	12:00:00	5354.745	5367.812	5350.933	5366.178	204852	923925	1
2023.09.14	06:00:00	5367.812	5372.712	5311.732	5318.266	532771	1954067	1
2023.09.14	12:00:00	5318.266	5326.433	5307.377	5313.910	217728	972834	1
2023.09.15	06:00:00	5311.188	5324.799	5303.021	5314.999	426379	1574168	1
2023.09.15	12:00:00	5314.999	5319.355	5304.654	5313.910	207421	923291	1
2023.09.18	06:00:00	5318.266	5322.077	5285.054	5290.499	376823	1420189	1
2023.09.18	12:00:00	5291.043	5299.754	5281.787	5299.210	191361	931450	1
2023.09.19	06:00:00	5287.232	5305.199	5279.065	5298.665	371674	1318922	1
2023.09.19	12:00:00	5298.665	5317.721	5294.854	5309.010	220633	1052746	1
2023.09.20	06:00:00	5297.576	5299.210	5279.609	5284.509	296441	1105942	1
2023.09.20	12:00:00	5285.054	5323.710	5280.698	5320.988	383876	1680427	1
2023.09.21	06:00:00	5337.866	5380.334	5332.422	5360.189	461990	1860073	1
2023.09.21	12:00:00	5360.189	5385.234	5351.478	5382.512	273245	1285095	1
2023.09.22	06:00:00	5357.467	5374.890	5344.944	5356.922	372085	1419548	1
2023.09.22	12:00:00	5356.378	5381.967	5354.200	5379.790	208129	1021400	1
2023.09.25	06:00:00	5389.045	5414.635	5379.790	5409.190	353874	1333597	1
2023.09.25	12:00:00	5409.190	5420.624	5402.657	5414.090	232216	1015017	1
2023.09.26	06:00:00	5419.535	5428.791	5394.490	5407.557	453744	1680135	1
2023.09.26	12:00:00	5407.557	5440.224	5407.013	5433.147	316553	1553855	1
2023.09.27	06:00:00	5430.424	5478.337	5430.424	5477.792	468949	1918324	1
2023.09.27	12:00:00	5477.792	5531.149	5471.259	5492.492	476854	2386739	1
2023.09.28	06:00:00	5488.137	5521.349	5461.458	5495.215	567867	2050697	1
2023.09.28	12:00:00	5495.215	5506.104	5477.792	5482.148	353876	1755534	1
2023.09.29	06:00:00	5459.393	5472.396	5432.305	5448.016	452052	1795398	1
2023.09.29	12:00:00	5447.475	5479.439	5427.971	5479.439	365811	1710647	1
2023.10.02	06:00:00	5513.028	5520.071	5479.981	5518.446	435129	1634091	1
2023.10.02	12:00:00	5518.446	5526.031	5500.026	5507.611	327856	1543049	1
2023.10.03	06:00:00	5524.947	5581.833	5515.196	5580.208	632465	2411175	1
2023.10.03	12:00:00	5580.749	5626.258	5575.332	5620.840	439856	2126017	1
2023.10.04	06:00:00	5593.210	5631.134	5572.081	5615.423	584357	2211968	1
2023.10.04	12:00:00	5615.423	5619.757	5572.623	5605.129	418587	1821834	1
2023.10.05	06:00:00	5618.131	5633.843	5599.170	5627.883	535981	1897432	1
2023.10.05	12:00:00	5628.425	5640.886	5613.797	5618.131	345843	1420940	1
2023.10.06	06:00:00	5614.339	5674.475	5611.088	5638.177	652185	2309704	1
2023.10.06	12:00:00	5638.719	5641.427	5591.585	5594.294	427696	1724316	1
2023.10.09	06:00:00	5625.716	5633.843	5600.253	5621.924	399111	1398856	1
2023.10.09	12:00:00	5622.466	5624.091	5567.205	5582.917	324898	1289855	1
2023.10.10	06:00:00	5585.625	5587.792	5508.694	5517.363	517939	1923408	1
2023.10.10	12:00:00	5517.904	5521.697	5485.940	5494.608	345836	1535625	1
2023.10.11	06:00:00	5480.522	5501.110	5464.811	5489.732	543559	1976161	1
2023.10.11	12:00:00	5489.191	5511.403	5482.689	5486.482	313579	1349193	1
2023.10.13	06:00:00	5504.902	5513.028	5481.064	5503.277	429266	1521081	1
2023.10.13	12:00:00	5503.277	5543.367	5502.193	5518.446	316679	1323816	1
2023.10.16	06:00:00	5489.191	5508.694	5483.231	5489.191	383972	1271661	1
2023.10.16	12:00:00	5488.649	5498.401	5465.895	5474.021	279533	1179654	1
2023.10.17	06:00:00	5482.689	5500.568	5452.350	5454.518	492765	1831754	1
2023.10.17	12:00:00	5455.059	5479.439	5439.348	5474.563	375675	1623252	1
2023.10.18	06:00:00	5488.107	5507.611	5458.852	5503.277	417660	1623637	1
2023.10.18	12:00:00	5503.818	5509.778	5468.604	5493.525	388846	1643823	1
2023.10.19	06:00:00	5511.945	5518.988	5483.231	5491.358	426301	1617737	1
2023.10.19	12:00:00	5491.900	5500.568	5449.100	5499.484	572123	2282690	1
2023.10.20	06:00:00	5489.732	5533.616	5466.436	5480.522	529885	1909350	1
2023.10.20	12:00:00	5480.522	5481.064	5453.434	5461.019	344372	1425948	1
2023.10.23	06:00:00	5477.272	5483.231	5430.138	5435.014	484027	1852558	1
2023.10.23	12:00:00	5434.472	5448.558	5419.844	5440.432	344745	1576150	1
2023.10.24	06:00:00	5440.432	5456.143	5411.176	5417.677	536413	1982913	1
2023.10.24	12:00:00	5417.136	5432.305	5411.176	5416.052	309343	1436567	1
2023.10.25	06:00:00	5419.844	5442.599	5406.842	5422.553	442195	1687185	1
2023.10.25	12:00:00	5422.553	5432.305	5410.634	5415.510	319658	1367070	1
2023.10.26	06:00:00	5423.637	5442.057	5409.009	5424.179	466556	1805134	1
2023.10.26	12:00:00	5424.179	5435.556	5406.842	5406.842	319102	1515305	1
2023.10.27	06:00:00	5406.842	5410.634	5344.539	5365.126	469990	1986521	1
2023.10.27	12:00:00	5365.126	5440.973	5358.083	5437.723	417506	2043967	1
2023.10.30	06:00:00	5412.260	5453.434	5388.422	5423.095	492288	1840941	1
2023.10.30	12:00:00	5423.095	5483.231	5406.300	5471.854	472003	1891327	1
2023.10.31	06:00:00	5450.786	5498.325	5431.878	5483.739	488547	1951265	1
2023.10.31	12:00:00	5484.279	5484.819	5456.728	5461.050	321064	1434922	1
2023.11.01	06:00:00	5460.510	5471.314	5427.016	5434.579	482189	1738855	1
2023.11.01	12:00:00	5435.119	5447.544	5369.213	5370.834	473784	2004947	1
2023.11.03	06:00:00	5349.765	5349.765	5285.479	5303.307	527777	1859244	1
2023.11.03	12:00:00	5303.307	5315.732	5290.341	5313.571	247842	930019	1
2023.11.06	06:00:00	5303.847	5322.754	5297.364	5316.272	349032	1136488	1
2023.11.06	12:00:00	5316.272	5321.134	5293.042	5296.824	305509	1163875	1
2023.11.06	18:00:00	5296.284	5299.525	5289.261	5294.663	7204	29917	1
2023.11.07	06:00:00	5314.651	5318.973	5263.331	5273.054	415860	1554919	1
2023.11.07	12:00:00	5273.054	5287.100	5267.112	5285.479	276733	1289003	1
2023.11.07	18:00:00	5285.479	5286.560	5276.836	5277.916	6993	40287	1
2023.11.08	06:00:00	5294.663	5309.249	5275.755	5281.158	339682	1160856	1
2023.11.08	12:00:00	5280.617	5325.996	5280.617	5317.892	350665	1445760	1
2023.11.08	18:00:00	5317.892	5320.053	5315.191	5318.433	7001	41160	1
2023.11.09	06:00:00	5317.352	5323.835	5298.985	5303.847	333646	1148643	1
2023.11.09	12:00:00	5303.847	5358.409	5300.605	5350.846	412756	1666375	1
2023.11.09	18:00:00	5350.846	5354.087	5342.202	5344.903	7637	34527	1
2023.11.10	06:00:00	5342.742	5365.431	5320.593	5334.099	342939	1179939	1
2023.11.10	12:00:00	5333.018	5340.581	5309.789	5315.732	284013	1096885	1
2023.11.10	18:00:00	5315.191	5315.732	5307.088	5308.168	7700	41855	1
2023.11.13	06:00:00	5315.732	5350.846	5313.030	5337.880	295541	1053801	1
2023.11.13	12:00:00	5337.880	5338.421	5310.870	5315.732	254420	1148777	1
2023.11.13	18:00:00	5315.732	5316.272	5312.490	5313.030	5882	27621	1
2023.11.14	06:00:00	5302.766	5311.410	5247.124	5255.227	421743	1589347	1
2023.11.14	12:00:00	5255.227	5276.836	5253.607	5265.491	258871	1143516	1
2023.11.14	18:00:00	5265.491	5269.273	5264.411	5268.192	9264	41713	1
2023.11.16	06:00:00	5263.331	5267.112	5234.699	5251.446	384500	1380487	1
2023.11.16	12:00:00	5251.446	5288.721	5246.044	5267.652	314155	1324837	1
2023.11.16	18:00:00	5267.112	5268.733	5262.250	5262.250	5890	28305	1
2023.11.17	06:00:00	5253.066	5301.686	5248.745	5295.744	408968	1569394	1
2023.11.17	12:00:00	5295.203	5314.111	5285.479	5311.410	272507	1212317	1
2023.11.17	18:00:00	5311.950	5313.030	5302.226	5307.088	10515	49341	1
2023.11.20	06:00:00	5295.203	5306.008	5257.928	5259.009	250824	971654	1
2023.11.20	12:00:00	5258.469	5267.112	5241.722	5250.365	262564	1157811	1
2023.11.20	18:00:00	5250.906	5251.446	5243.342	5245.503	9817	45579	1
2023.11.21	06:00:00	5247.124	5281.698	5237.400	5272.514	377730	1290315	1
2023.11.21	12:00:00	5273.054	5306.548	5267.652	5296.284	316198	1287202	1
2023.11.21	18:00:00	5296.824	5301.686	5294.123	5297.904	10636	49731	1
2023.11.22	06:00:00	5298.985	5301.146	5274.135	5285.479	390647	1404172	1
2023.11.22	12:00:00	5286.020	5320.053	5283.859	5306.548	357910	1454994	1
2023.11.22	18:00:00	5307.088	5307.628	5301.146	5305.467	5717	30281	1
2023.11.23	06:00:00	5298.445	5304.927	5283.859	5289.261	208274	681974	1
2023.11.23	12:00:00	5289.261	5308.168	5283.859	5303.307	140993	600339	1
2023.11.23	18:00:00	5303.307	5304.927	5298.985	5304.927	4276	25522	1
2023.11.24	06:00:00	5297.904	5302.226	5277.916	5284.399	319053	1085916	1
2023.11.24	12:00:00	5284.399	5303.307	5278.457	5299.525	191694	829840	1
2023.11.24	18:00:00	5299.525	5299.525	5292.502	5293.583	3361	20533	1
2023.11.27	06:00:00	5296.284	5303.307	5264.951	5297.364	345339	1305776	1
2023.11.27	12:00:00	5296.824	5318.973	5287.100	5294.663	316400	1436949	1
2023.11.27	18:00:00	5294.123	5295.203	5288.721	5292.502	6304	33871	1
2023.11.28	06:00:00	5292.502	5304.387	5272.514	5274.675	437026	1513201	1
2023.11.28	12:00:00	5274.135	5277.916	5249.285	5264.411	360395	1620310	1
2023.11.28	18:00:00	5264.411	5268.192	5263.331	5263.871	6681	36362	1
2023.11.29	06:00:00	5266.032	5299.525	5255.767	5274.675	407116	1446017	1
2023.11.29	12:00:00	5275.215	5301.146	5266.032	5300.065	323113	1319807	1
2023.11.29	18:00:00	5300.065	5301.686	5294.663	5299.525	10381	48986	1
2023.11.30	06:00:00	5312.997	5345.870	5311.920	5336.709	471338	1741309	1
2023.11.30	12:00:00	5336.709	5338.865	5311.920	5318.925	308001	1329999	1
2023.11.30	18:00:00	5318.925	5334.015	5318.386	5328.087	12638	58210	1
2023.12.01	06:00:00	5308.686	5335.092	5299.525	5320.003	303442	1111944	1
2023.12.01	12:00:00	5320.003	5320.003	5261.263	5277.969	444158	1791084	1
2023.12.01	18:00:00	5277.969	5280.125	5273.119	5274.736	7689	42110	1
2023.12.04	06:00:00	5288.747	5315.153	5283.897	5310.842	272054	1023395	1
2023.12.04	12:00:00	5310.842	5352.337	5304.375	5343.715	329685	1295459	1
2023.12.04	18:00:00	5343.715	5349.104	5340.481	5340.481	11875	58940	1
2023.12.05	06:00:00	5350.181	5366.348	5339.404	5353.415	410155	1440484	1
2023.12.05	12:00:00	5353.415	5364.732	5317.848	5324.314	396820	1501288	1
2023.12.05	18:00:00	5324.314	5328.626	5323.775	5325.392	6829	31568	1
2023.12.06	06:00:00	5313.536	5315.692	5278.508	5287.130	337622	1218630	1
2023.12.06	12:00:00	5287.130	5300.603	5280.125	5294.136	248177	1031886	1
2023.12.06	18:00:00	5294.136	5296.831	5292.519	5294.136	7524	35173	1
2023.12.07	06:00:00	5288.747	5308.147	5270.425	5300.064	401769	1483164	1
2023.12.07	12:00:00	5299.525	5307.609	5288.208	5299.525	245123	907973	1
2023.12.07	18:00:00	5299.525	5307.070	5297.908	5305.992	9151	45854	1
2023.12.08	06:00:00	5287.669	5329.703	5286.591	5307.609	429652	1481540	1
2023.12.08	12:00:00	5307.070	5327.548	5294.136	5322.698	238822	919044	1
2023.12.08	18:00:00	5323.237	5328.087	5321.081	5322.159	8153	39325	1
2023.12.11	06:00:00	5327.009	5352.876	5320.542	5342.098	307353	1071223	1
2023.12.11	12:00:00	5342.098	5348.026	5321.081	5329.703	213120	861084	1
2023.12.11	18:00:00	5329.164	5331.859	5325.392	5329.703	7006	29138	1
2023.12.12	06:00:00	5317.309	5352.337	5311.381	5345.870	386444	1449026	1
2023.12.12	12:00:00	5345.870	5365.810	5341.559	5357.726	251864	1129164	1
2023.12.12	18:00:00	5357.726	5358.804	5351.259	5355.032	8182	49376	1
2023.12.13	06:00:00	5353.954	5368.504	5336.170	5341.559	347723	1348208	1
2023.12.13	12:00:00	5341.559	5368.504	5300.603	5305.453	435958	1902929	1
2023.12.13	18:00:00	5305.453	5308.686	5302.220	5303.297	9538	54707	1
2023.12.14	06:00:00	5265.036	5293.597	5260.185	5269.347	449292	1720854	1
2023.12.14	12:00:00	5268.808	5304.375	5267.730	5298.447	292053	1324952	1
2023.12.14	18:00:00	5298.447	5304.914	5297.908	5301.142	8931	38991	1
2023.12.15	06:00:00	5295.214	5339.404	5288.208	5317.309	431227	1672609	1
2023.12.15	12:00:00	5317.309	5336.170	5314.614	5330.781	237172	1063079	1
2023.12.15	18:00:00	5330.781	5330.781	5324.314	5324.314	8140	37546	1
2023.12.18	06:00:00	5323.775	5338.326	5312.997	5324.314	318864	1119984	1
2023.12.18	12:00:00	5324.314	5328.626	5272.041	5284.975	279458	1166628	1
2023.12.18	18:00:00	5284.436	5284.975	5275.275	5277.969	10349	48101	1
2023.12.19	06:00:00	5269.886	5276.891	5236.474	5244.557	335227	1362157	1
2023.12.19	12:00:00	5244.557	5248.869	5226.774	5239.707	265951	1299214	1
2023.12.19	18:00:00	5239.707	5246.713	5239.168	5244.557	8420	32410	1
2023.12.20	06:00:00	5248.869	5258.030	5232.702	5255.874	257144	1020341	1
2023.12.20	12:00:00	5255.874	5296.831	5251.563	5295.214	308929	1331909	1
2023.12.20	18:00:00	5295.214	5299.525	5292.519	5297.369	10956	45614	1
2023.12.21	06:00:00	5267.730	5280.125	5245.096	5253.719	343968	1313726	1
2023.12.21	12:00:00	5253.719	5272.580	5241.863	5260.185	289061	1207869	1
2023.12.21	18:00:00	5260.724	5266.652	5257.491	5266.113	7719	33967	1
2023.12.22	06:00:00	5250.485	5258.569	5235.396	5242.941	256102	981648	1
2023.12.22	12:00:00	5243.480	5243.480	5223.540	5238.091	241729	1123394	1
2023.12.22	18:00:00	5238.091	5238.091	5233.241	5235.935	7396	33772	1
2023.12.26	06:00:00	5225.157	5235.935	5208.451	5211.685	228637	842361	1
2023.12.26	12:00:00	5211.146	5212.224	5188.512	5192.284	211766	982638	1
2023.12.26	18:00:00	5192.284	5192.823	5183.123	5183.123	13276	61980	1
2023.12.27	06:00:00	5182.045	5206.835	5171.806	5201.984	224219	885244	1
2023.12.27	12:00:00	5201.984	5210.068	5188.512	5201.446	275226	1083167	1
2023.12.27	18:00:00	5201.446	5203.062	5197.134	5198.212	8260	34959	1
2023.12.28	06:00:00	5192.309	5226.653	5189.626	5210.554	291384	1066173	1
2023.12.28	12:00:00	5210.554	5247.044	5201.432	5232.019	272840	1247533	1
2023.12.28	18:00:00	5231.482	5232.019	5222.360	5223.970	8857	38043	1
2024.01.02	06:00:00	5241.678	5278.705	5222.360	5260.460	327648	1199281	1
2024.01.02	12:00:00	5260.460	5300.706	5253.484	5297.486	274062	1204776	1
2024.01.02	18:00:00	5296.950	5307.145	5295.877	5304.999	12238	66915	1
2024.01.03	06:00:00	5320.024	5320.561	5291.584	5301.779	350638	1204140	1
2024.01.03	12:00:00	5302.316	5309.292	5277.095	5298.023	350370	1401639	1
2024.01.03	18:00:00	5298.023	5302.853	5296.950	5300.706	6137	31662	1
2024.01.04	06:00:00	5290.510	5317.341	5282.461	5309.829	327852	1168354	1
2024.01.04	12:00:00	5309.292	5310.365	5275.485	5279.778	258385	1110369	1
2024.01.04	18:00:00	5279.778	5279.778	5272.802	5273.875	8299	44286	1
2024.01.05	06:00:00	5287.827	5321.634	5252.947	5255.630	422356	1518825	1
2024.01.05	12:00:00	5255.630	5256.167	5233.629	5250.264	294947	1214849	1
2024.01.05	18:00:00	5249.727	5252.411	5245.971	5248.118	8056	47313	1
2024.01.08	06:00:00	5252.947	5277.095	5248.118	5250.801	322802	1039217	1
2024.01.08	12:00:00	5250.801	5261.533	5236.312	5248.654	253017	939360	1
2024.01.08	18:00:00	5248.654	5249.191	5241.678	5242.751	8217	43460	1
2024.01.09	06:00:00	5254.020	5271.192	5248.654	5260.996	309388	1062542	1
2024.01.09	12:00:00	5261.533	5284.608	5260.996	5281.924	256191	1046681	1
2024.01.09	18:00:00	5281.924	5283.534	5277.095	5279.241	9051	41162	1
2024.01.10	06:00:00	5274.948	5279.778	5249.191	5267.972	338287	1190246	1
2024.01.10	12:00:00	5267.972	5277.095	5260.460	5265.289	211386	840100	1
2024.01.10	18:00:00	5265.289	5266.363	5262.070	5265.826	6096	28547	1
2024.01.11	06:00:00	5262.606	5266.899	5227.726	5244.361	450327	1727577	1
2024.01.11	12:00:00	5243.825	5266.899	5240.068	5240.605	296813	1231131	1
2024.01.11	18:00:00	5241.142	5243.288	5239.532	5241.142	6237	37851	1
2024.01.12	06:00:00	5241.678	5248.118	5196.602	5207.871	414401	1589923	1
2024.01.12	12:00:00	5207.871	5234.702	5206.261	5221.823	243045	1013752	1
2024.01.12	18:00:00	5222.360	5223.433	5218.604	5221.823	6127	31599	1
2024.01.15	06:00:00	5205.188	5247.044	5205.188	5242.751	207306	772216	1
2024.01.15	12:00:00	5243.288	5255.630	5226.653	5233.092	170716	767763	1
2024.01.15	18:00:00	5233.092	5233.092	5227.726	5227.726	5127	23634	1
2024.01.16	06:00:00	5267.436	5279.778	5254.020	5273.875	390800	1446189	1
2024.01.16	12:00:00	5274.412	5305.536	5271.729	5298.023	391971	1720270	1
2024.01.16	18:00:00	5297.486	5302.853	5296.413	5297.486	10389	47067	1
2024.01.17	06:00:00	5320.024	5327.000	5294.803	5313.585	404883	1462482	1
2024.01.17	12:00:00	5313.585	5319.488	5293.193	5302.853	286625	1207681	1
2024.01.17	18:00:00	5302.853	5309.292	5302.316	5309.292	6991	35545	1
2024.01.18	06:00:00	5297.486	5320.561	5282.461	5316.805	330430	1188920	1
2024.01.18	12:00:00	5317.341	5328.610	5294.803	5300.706	295841	1343732	1
2024.01.18	18:00:00	5300.706	5303.389	5295.877	5298.023	6972	33431	1
2024.01.19	06:00:00	5284.071	5304.999	5269.582	5296.950	319945	1246980	1
2024.01.19	12:00:00	5296.413	5309.292	5286.217	5300.169	238720	1064786	1
2024.01.19	18:00:00	5299.633	5309.292	5297.486	5300.169	10963	59848	1
2024.01.22	06:00:00	5292.657	5329.147	5290.510	5315.195	375190	1488501	1
2024.01.22	12:00:00	5315.731	5365.637	5315.731	5357.588	362938	1796452	1
2024.01.22	18:00:00	5357.051	5365.100	5356.514	5363.490	11840	58167	1
2024.01.23	06:00:00	5357.588	5373.686	5325.390	5350.611	398471	1552258	1
2024.01.23	12:00:00	5350.611	5355.441	5316.268	5317.878	304632	1384637	1
2024.01.23	18:00:00	5317.878	5323.781	5314.658	5320.561	9770	47744	1
2024.01.24	06:00:00	5296.413	5298.560	5272.265	5287.291	314636	1296167	1
2024.01.24	12:00:00	5287.291	5304.462	5280.851	5298.023	272687	1254261	1
2024.01.24	18:00:00	5298.023	5301.243	5296.950	5298.560	6868	37099	1
2024.01.25	06:00:00	5295.877	5308.755	5278.705	5279.778	280853	1041206	1
2024.01.25	12:00:00	5279.241	5298.560	5271.192	5281.388	244055	1100187	1
2024.01.25	18:00:00	5281.388	5288.364	5280.851	5280.851	4529	27476	1
2024.01.26	06:00:00	5269.046	5284.071	5264.753	5277.632	313071	1205905	1
2024.01.26	12:00:00	5278.168	5284.071	5271.192	5273.875	157840	758432	1
2024.01.26	18:00:00	5273.875	5282.461	5273.875	5280.315	5489	30035	1
2024.01.29	06:00:00	5279.778	5295.340	5267.436	5288.364	277595	1100047	1
2024.01.29	12:00:00	5288.364	5324.854	5286.754	5313.048	311497	1592861	1
2024.01.29	18:00:00	5313.585	5318.951	5310.902	5317.878	9106	41248	1
2024.01.30	06:00:00	5307.145	5336.659	5296.950	5322.707	286665	1192534	1
2024.01.30	12:00:00	5322.707	5347.928	5303.926	5313.585	298312	1426704	1
2024.01.30	18:00:00	5313.585	5319.488	5312.512	5316.805	6735	33147	1
2024.01.31	06:00:00	5309.313	5328.577	5287.909	5308.778	363439	1599586	1
2024.01.31	12:00:00	5309.313	5322.691	5284.163	5314.664	475709	1990508	1
2024.01.31	18:00:00	5314.664	5320.015	5309.848	5309.848	10612	43459	1
2024.02.01	06:00:00	5309.313	5331.788	5286.839	5290.584	333011	1265558	1
2024.02.01	12:00:00	5291.120	5298.611	5268.110	5271.856	284179	1275393	1
2024.02.01	18:00:00	5271.321	5276.672	5269.715	5275.066	9182	58268	1
2024.02.02	06:00:00	5269.180	5321.085	5260.083	5307.708	337198	1411391	1
2024.02.02	12:00:00	5308.243	5338.209	5305.567	5329.647	272250	1285280	1
2024.02.02	18:00:00	5329.112	5333.928	5326.972	5333.928	8299	48387	1
2024.02.05	06:00:00	5339.279	5363.894	5330.182	5359.613	263524	1063391	1
2024.02.05	12:00:00	5359.613	5382.087	5338.209	5343.560	286294	1420996	1
2024.02.05	18:00:00	5344.095	5348.911	5343.560	5347.841	7140	41437	1
2024.02.06	06:00:00	5337.139	5341.419	5316.805	5318.945	283902	1203406	1
2024.02.06	12:00:00	5319.480	5328.577	5308.778	5317.340	243145	1164807	1
2024.02.06	18:00:00	5317.340	5324.831	5316.269	5323.761	6914	38577	1
2024.02.07	06:00:00	5322.156	5328.042	5309.313	5313.059	262191	1005095	1
2024.02.07	12:00:00	5313.059	5332.858	5311.454	5328.577	204824	927956	1
2024.02.07	18:00:00	5328.042	5330.717	5325.901	5328.577	5306	33912	1
2024.02.08	06:00:00	5334.998	5348.911	5332.323	5342.490	247360	1040613	1
2024.02.08	12:00:00	5342.490	5363.894	5338.209	5358.008	257301	1337686	1
2024.02.08	18:00:00	5358.543	5360.683	5352.657	5355.332	6764	41027	1
2024.02.09	06:00:00	5349.981	5351.051	5315.199	5326.436	298456	1247877	1
2024.02.09	12:00:00	5326.436	5331.252	5308.243	5311.454	191873	987898	1
2024.02.09	18:00:00	5311.454	5313.594	5307.173	5311.454	8464	46299	1
2024.02.14	12:00:00	5328.577	5337.139	5320.015	5331.252	195113	971019	1
2024.02.14	18:00:00	5331.252	5331.788	5325.366	5325.366	6775	35645	1
2024.02.15	06:00:00	5313.594	5329.647	5312.524	5323.761	248650	1090998	1
2024.02.15	12:00:00	5323.226	5340.349	5320.015	5330.717	204908	1200641	1
2024.02.15	18:00:00	5330.182	5332.323	5329.112	5330.182	4790	29378	1
2024.02.16	06:00:00	5325.366	5345.700	5322.156	5333.928	212162	937936	1
2024.02.16	12:00:00	5333.928	5334.998	5313.594	5320.550	200475	1028303	1
2024.02.16	18:00:00	5320.550	5324.296	5319.480	5323.226	4802	31618	1
2024.02.19	06:00:00	5323.226	5326.436	5305.032	5314.664	163356	687037	1
2024.02.19	12:00:00	5314.664	5317.875	5312.524	5315.734	81208	439605	1
2024.02.19	18:00:00	5315.734	5315.734	5311.454	5311.454	4144	30167	1
2024.02.20	06:00:00	5316.805	5317.875	5277.742	5280.417	300914	1420034	1
2024.02.20	12:00:00	5280.417	5288.979	5275.066	5278.277	187997	1031912	1
2024.02.20	18:00:00	5278.277	5279.882	5275.601	5276.137	9449	52470	1
2024.02.21	06:00:00	5280.953	5283.628	5270.786	5277.742	214683	923075	1
2024.02.21	12:00:00	5277.742	5297.541	5273.461	5285.768	233696	1125159	1
2024.02.21	18:00:00	5285.233	5288.444	5284.163	5285.233	6692	37832	1
2024.02.22	06:00:00	5276.137	5302.357	5267.575	5293.260	267197	1181177	1
2024.02.22	12:00:00	5293.260	5317.875	5288.979	5316.805	216400	1162762	1
2024.02.22	18:00:00	5316.805	5317.875	5310.383	5312.524	11388	65499	1
2024.02.23	06:00:00	5311.454	5348.911	5309.313	5348.376	313009	1548630	1
2024.02.23	12:00:00	5348.376	5350.516	5325.366	5347.306	234462	1216117	1
2024.02.23	18:00:00	5346.770	5350.516	5342.490	5349.981	7849	50122	1
2024.02.26	06:00:00	5336.068	5347.841	5320.550	5325.901	247111	965391	1
2024.02.26	12:00:00	5325.901	5343.025	5323.226	5331.252	198024	885388	1
2024.02.26	18:00:00	5331.252	5335.533	5330.717	5335.533	5097	26152	1
2024.02.27	06:00:00	5328.577	5329.647	5297.541	5297.541	284058	1145918	1
2024.02.27	12:00:00	5297.541	5298.076	5274.531	5279.882	269862	1396791	1
2024.02.27	18:00:00	5280.417	5284.698	5279.882	5280.953	8138	44084	1
2024.02.28	06:00:00	5290.584	5311.989	5288.444	5309.313	268541	1113979	1
2024.02.28	12:00:00	5309.313	5324.296	5296.471	5319.480	252977	1212407	1
2024.02.28	18:00:00	5320.015	5324.296	5313.594	5313.594	8340	43906	1
2024.02.29	06:00:00	5305.592	5348.268	5303.992	5321.596	341213	1555517	1
2024.02.29	12:00:00	5321.062	5324.796	5309.326	5318.395	245709	1403943	1
2024.02.29	18:00:00	5318.395	5323.729	5315.194	5316.261	9861	56984	1
2024.03.01	06:00:00	5306.126	5320.529	5298.658	5316.795	266124	1060114	1
2024.03.01	12:00:00	5316.261	5317.328	5290.123	5298.658	221283	1022414	1
2024.03.01	18:00:00	5298.658	5303.992	5297.591	5300.258	6302	35575	1
2024.03.04	06:00:00	5297.057	5301.858	5284.788	5289.056	178046	772230	1
2024.03.04	12:00:00	5289.056	5292.790	5282.654	5291.189	129264	647878	1
2024.03.04	18:00:00	5290.656	5292.256	5287.455	5290.123	6750	33221	1
2024.03.05	06:00:00	5295.990	5303.992	5289.589	5301.325	184824	746070	1
2024.03.05	12:00:00	5300.791	5305.592	5281.588	5301.325	235114	1095204	1
2024.03.05	18:00:00	5301.325	5302.392	5298.124	5298.124	5262	29887	1
2024.03.06	06:00:00	5286.389	5287.989	5273.053	5281.054	221077	870770	1
2024.03.06	12:00:00	5281.054	5291.189	5274.119	5285.855	192330	899622	1
2024.03.06	18:00:00	5286.389	5289.589	5284.788	5289.589	6943	34773	1
2024.03.07	06:00:00	5278.387	5284.255	5273.586	5277.320	148292	664846	1
2024.03.07	12:00:00	5277.320	5280.521	5271.452	5275.186	149837	813722	1
2024.03.07	18:00:00	5275.186	5276.253	5272.519	5275.186	7034	36460	1
2024.03.08	06:00:00	5291.723	5334.398	5291.189	5317.861	434928	1860097	1
2024.03.08	12:00:00	5317.861	5329.064	5308.260	5325.330	213062	1006564	1
2024.03.08	18:00:00	5324.796	5325.863	5320.529	5323.729	7521	46532	1
2024.03.11	06:00:00	5323.729	5341.866	5299.191	5305.592	289645	1320653	1
2024.03.11	12:00:00	5305.592	5322.662	5305.059	5318.395	164243	853927	1
2024.03.11	18:00:00	5318.395	5319.462	5315.194	5318.928	3952	20186	1
2024.03.12	06:00:00	5313.061	5334.398	5295.457	5319.462	393544	1606225	1
2024.03.12	12:00:00	5319.995	5328.530	5302.925	5310.393	186962	898756	1
2024.03.12	18:00:00	5310.393	5311.994	5305.592	5308.260	3795	19653	1
2024.03.13	06:00:00	5302.392	5326.397	5299.191	5316.261	230078	1004841	1
2024.03.13	12:00:00	5316.795	5322.129	5305.059	5308.260	173527	865064	1
2024.03.13	18:00:00	5308.260	5310.393	5306.126	5306.126	3527	20271	1
2024.03.14	06:00:00	5301.325	5319.995	5289.589	5316.795	318147	1456741	1
2024.03.14	12:00:00	5316.261	5333.331	5311.994	5329.064	211743	1154662	1
2024.03.14	18:00:00	5328.530	5339.733	5328.530	5334.398	7444	34509	1
2024.03.15	06:00:00	5326.397	5340.266	5319.462	5324.263	259689	1246698	1
2024.03.15	12:00:00	5324.263	5338.132	5323.196	5334.398	134350	799544	1
2024.03.15	18:00:00	5333.865	5339.733	5333.331	5338.132	3933	20682	1
2024.03.18	06:00:00	5326.930	5371.205	5319.995	5363.737	268162	1279182	1
2024.03.18	12:00:00	5363.737	5369.072	5354.669	5364.804	197307	1072406	1
2024.03.18	18:00:00	5364.804	5376.540	5362.137	5370.139	10069	46672	1
2024.03.19	06:00:00	5384.541	5395.210	5360.003	5363.737	297094	1407626	1
2024.03.19	12:00:00	5363.737	5371.739	5346.667	5369.605	243944	1376676	1
2024.03.19	18:00:00	5369.605	5374.406	5368.538	5368.538	7358	32638	1
2024.03.20	06:00:00	5369.605	5371.739	5341.333	5344.000	254380	1114419	1
2024.03.20	12:00:00	5343.467	5345.067	5297.591	5301.858	355397	1718944	1
2024.03.20	18:00:00	5302.392	5303.459	5297.591	5303.459	7797	38087	1
2024.03.21	06:00:00	5288.522	5320.529	5286.922	5316.795	261896	1275592	1
2024.03.21	12:00:00	5316.795	5319.462	5303.992	5312.527	153911	814083	1
2024.03.21	18:00:00	5312.527	5314.127	5307.193	5308.793	4326	19465	1
2024.03.22	06:00:00	5329.064	5344.533	5314.661	5321.062	279845	1225500	1
2024.03.22	12:00:00	5321.062	5340.266	5318.928	5335.465	178506	911872	1
2024.03.22	18:00:00	5335.465	5340.266	5334.932	5338.666	5103	24080	1
2024.03.25	06:00:00	5327.463	5340.266	5307.726	5315.728	263337	1182122	1
2024.03.25	12:00:00	5316.261	5320.529	5303.992	5307.726	143455	752192	1
2024.03.25	18:00:00	5307.193	5308.793	5304.525	5305.592	5550	21505	1
2024.03.26	06:00:00	5301.858	5322.129	5294.924	5319.995	250302	1201389	1
2024.03.26	12:00:00	5320.529	5326.397	5309.326	5313.594	184655	932936	1
2024.03.26	18:00:00	5313.594	5314.127	5307.726	5307.726	4667	21612	1
2024.03.27	06:00:00	5304.525	5329.064	5303.459	5316.261	271155	1200909	1
2024.03.27	12:00:00	5316.261	5324.263	5307.726	5322.662	185611	997469	1
2024.03.27	18:00:00	5322.662	5327.997	5319.462	5327.997	5734	22970	1
2024.03.28	06:00:00	5332.787	5346.092	5317.353	5328.529	264948	1273940	1
2024.03.28	12:00:00	5327.997	5358.333	5327.997	5354.608	220174	1335632	1
2024.03.28	18:00:00	5354.608	5364.720	5354.075	5361.526	8528	33882	1
2024.04.01	06:00:00	5348.221	5397.717	5347.689	5394.524	321956	1457672	1
2024.04.01	12:00:00	5394.524	5413.683	5393.459	5396.652	229856	1177759	1
2024.04.01	18:00:00	5396.652	5400.910	5393.991	5394.524	7569	30056	1
2024.04.02	06:00:00	5370.042	5401.975	5369.510	5390.266	369353	1656929	1
2024.04.02	12:00:00	5390.266	5404.103	5381.751	5399.846	199000	961334	1
2024.04.02	18:00:00	5399.846	5409.958	5399.314	5408.361	8176	42861	1
2024.04.03	06:00:00	5412.087	5433.907	5408.361	5419.538	364207	1633862	1
2024.04.03	12:00:00	5419.538	5422.731	5373.767	5378.557	263559	1266464	1
2024.04.03	18:00:00	5378.025	5383.879	5375.896	5383.879	5856	24678	1
2024.04.04	06:00:00	5380.686	5388.669	5351.414	5366.849	317114	1303412	1
2024.04.04	12:00:00	5366.849	5397.185	5341.834	5395.056	288413	1427942	1
2024.04.04	18:00:00	5395.056	5398.781	5394.524	5397.717	5670	23140	1
2024.04.05	06:00:00	5391.330	5396.120	5365.784	5389.734	393480	1526883	1
2024.04.05	12:00:00	5389.734	5415.280	5388.137	5406.232	260705	1197469	1
2024.04.05	18:00:00	5405.700	5409.958	5405.168	5407.297	3501	16110	1
2024.04.08	06:00:00	5409.426	5414.216	5372.703	5379.622	276717	1051380	1
2024.04.08	12:00:00	5379.622	5380.154	5360.994	5364.187	184668	817381	1
2024.04.08	18:00:00	5363.655	5365.784	5359.398	5359.930	6625	26235	1
2024.04.09	06:00:00	5359.930	5362.059	5333.319	5339.173	307905	1187962	1
2024.04.09	12:00:00	5339.173	5345.028	5332.787	5342.367	175165	821040	1
2024.04.09	18:00:00	5342.367	5343.431	5338.641	5339.706	5258	22374	1
2024.04.10	06:00:00	5337.045	5405.168	5329.594	5401.442	455230	1856030	1
2024.04.10	12:00:00	5401.442	5423.795	5400.910	5411.554	304724	1476574	1
2024.04.10	18:00:00	5411.022	5412.087	5403.571	5405.168	7797	39981	1
2024.04.11	06:00:00	5410.490	5430.182	5394.524	5421.667	382333	1529275	1
2024.04.11	12:00:00	5421.667	5432.311	5413.683	5430.714	221420	1032085	1
2024.04.11	18:00:00	5430.182	5432.843	5428.585	5430.714	6407	32528	1
2024.04.12	06:00:00	5452.535	5488.193	5446.148	5486.597	382002	1622708	1
2024.04.12	12:00:00	5487.129	5489.790	5457.325	5457.325	291032	1586620	1
2024.04.12	18:00:00	5457.857	5459.454	5455.196	5457.857	5316	32047	1
2024.04.15	06:00:00	5446.681	5534.496	5441.891	5524.384	495720	2022454	1
2024.04.15	12:00:00	5524.384	5560.042	5517.997	5528.109	339349	1579607	1
2024.04.15	18:00:00	5527.577	5534.496	5525.981	5528.109	7869	32828	1
2024.04.16	06:00:00	5542.479	5636.149	5540.350	5631.359	538247	2176217	1
2024.04.16	12:00:00	5630.827	5635.617	5586.653	5631.359	439356	2019231	1
2024.04.16	18:00:00	5631.359	5640.939	5629.762	5635.617	9300	37902	1
2024.04.17	06:00:00	5628.698	5630.827	5569.090	5583.992	466707	1779253	1
2024.04.17	12:00:00	5584.524	5627.101	5562.171	5586.653	414765	1698193	1
2024.04.17	18:00:00	5587.185	5587.185	5571.751	5576.009	8363	31299	1
2024.04.18	06:00:00	5573.880	5602.087	5571.751	5593.572	424037	1532517	1
2024.04.18	12:00:00	5593.040	5625.505	5590.378	5594.104	316876	1415331	1
2024.04.18	18:00:00	5593.572	5594.104	5583.992	5586.121	6949	27314	1
2024.04.19	06:00:00	5615.925	5623.908	5551.527	5555.785	396473	1500526	1
2024.04.19	12:00:00	5555.785	5559.510	5524.916	5544.076	286974	1321537	1
2024.04.19	18:00:00	5544.076	5550.995	5543.011	5547.801	6176	27391	1
2024.04.22	06:00:00	5547.801	5558.446	5525.448	5533.432	381853	1437843	1
2024.04.22	12:00:00	5533.432	5537.689	5500.434	5504.692	207910	949854	1
2024.04.22	18:00:00	5504.160	5507.885	5500.966	5506.289	5310	24098	1
2024.04.23	06:00:00	5510.014	5526.513	5477.549	5491.387	394166	1484101	1
2024.04.23	12:00:00	5491.919	5492.983	5452.003	5459.986	220822	1013287	1
2024.04.23	18:00:00	5459.454	5466.905	5459.454	5465.840	5474	22289	1
2024.04.24	06:00:00	5466.373	5507.353	5456.260	5497.773	334018	1321427	1
2024.04.24	12:00:00	5498.305	5500.966	5476.485	5480.742	231853	1067143	1
2024.04.24	18:00:00	5480.742	5488.726	5480.210	5488.726	4170	17464	1
2024.04.25	06:00:00	5487.661	5530.770	5440.294	5506.821	498234	2087687	1
2024.04.25	12:00:00	5506.289	5510.546	5487.129	5496.177	219251	958660	1
2024.04.25	18:00:00	5496.177	5497.773	5492.983	5497.773	4545	19077	1
2024.04.26	06:00:00	5502.563	5504.160	5441.891	5458.922	395167	1550489	1
2024.04.26	12:00:00	5459.454	5462.647	5439.230	5447.745	181206	868851	1
2024.04.26	18:00:00	5447.745	5456.260	5445.084	5455.196	4862	24405	1
2024.04.29	06:00:00	5439.230	5452.003	5432.311	5444.020	321721	1247424	1
2024.04.29	12:00:00	5444.020	5454.132	5436.569	5450.406	218339	1054350	1
2024.04.29	18:00:00	5450.406	5453.599	5447.213	5449.874	4493	16052	1
2024.04.30	06:00:00	5447.751	5519.411	5445.627	5519.411	391742	1712740	1
2024.04.30	12:00:00	5519.411	5532.150	5506.140	5528.965	242098	1197694	1
2024.04.30	18:00:00	5528.965	5543.828	5527.904	5539.582	10855	41778	1
2024.05.02	06:00:00	5491.808	5492.339	5432.888	5443.504	378596	1653297	1
2024.05.02	12:00:00	5444.035	5447.220	5429.703	5441.912	202384	1022257	1
2024.05.02	18:00:00	5441.381	5447.751	5440.850	5442.973	6182	27584	1
2024.05.03	06:00:00	5431.295	5446.158	5369.190	5396.262	509040	2113194	1
2024.05.03	12:00:00	5396.262	5401.039	5387.769	5398.385	162700	750886	1
2024.05.03	18:00:00	5398.385	5403.693	5398.385	5401.570	5342	23648	1
2024.05.06	06:00:00	5387.769	5418.025	5387.238	5394.669	262867	984893	1
2024.05.06	12:00:00	5394.669	5403.693	5384.584	5402.101	180553	847684	1
2024.05.06	18:00:00	5402.101	5404.224	5400.508	5403.693	4138	16449	1
2024.05.07	06:00:00	5403.162	5409.001	5371.313	5373.437	321088	1297087	1
2024.05.07	12:00:00	5373.967	5400.508	5372.906	5395.200	184327	874885	1
2024.05.07	18:00:00	5394.669	5402.631	5394.669	5398.385	6333	33085	1
2024.05.08	06:00:00	5399.977	5433.419	5399.447	5407.409	308792	1289911	1
2024.05.08	12:00:00	5407.409	5423.333	5403.693	5415.371	170931	846400	1
2024.05.08	18:00:00	5415.902	5419.617	5411.124	5413.248	6025	25638	1
2024.05.09	06:00:00	5470.045	5507.202	5463.675	5484.908	461375	2004971	1
2024.05.09	12:00:00	5484.377	5501.894	5466.329	5470.045	251196	1200237	1
2024.05.09	18:00:00	5470.576	5471.107	5463.675	5464.206	5831	25068	1
2024.05.10	06:00:00	5465.798	5478.538	5443.504	5475.353	376097	1478651	1
2024.05.10	12:00:00	5475.884	5489.154	5474.291	5487.031	178150	928767	1
2024.05.10	18:00:00	5487.031	5492.339	5483.846	5492.339	6452	26189	1
2024.05.13	06:00:00	5472.699	5473.230	5448.281	5466.329	304057	1176272	1
2024.05.13	12:00:00	5466.329	5491.808	5465.798	5478.007	187360	833284	1
2024.05.13	18:00:00	5478.538	5483.846	5476.415	5483.846	4639	24199	1
2024.05.14	06:00:00	5473.761	5487.562	5447.751	5457.305	414205	1643045	1
2024.05.14	12:00:00	5457.836	5462.613	5449.343	5453.590	134328	643352	1
2024.05.14	18:00:00	5454.120	5454.651	5449.343	5449.343	5578	25718	1
2024.05.15	06:00:00	5488.623	5493.932	5447.220	5456.244	435461	1702386	1
2024.05.15	12:00:00	5456.244	5466.329	5442.973	5460.490	222320	1033529	1
2024.05.15	18:00:00	5460.490	5461.552	5456.775	5461.021	4439	17380	1
2024.05.16	06:00:00	5463.144	5463.144	5426.518	5449.874	351460	1479926	1
2024.05.16	12:00:00	5449.874	5459.959	5446.158	5453.059	147772	715289	1
2024.05.16	18:00:00	5452.528	5457.305	5451.997	5456.775	3904	19863	1
2024.05.17	06:00:00	5458.898	5461.021	5425.987	5433.419	327735	1380485	1
2024.05.17	12:00:00	5433.949	5438.727	5420.148	5424.926	159155	827976	1
2024.05.17	18:00:00	5424.926	5425.987	5419.617	5419.617	5909	27659	1
2024.05.20	06:00:00	5422.802	5450.405	5408.470	5409.532	323568	1390490	1
2024.05.20	12:00:00	5409.532	5433.419	5409.001	5422.802	168633	841341	1
2024.05.20	18:00:00	5422.802	5424.926	5421.210	5421.741	3703	19321	1
2024.05.21	06:00:00	5415.371	5429.172	5400.508	5428.111	396427	1586578	1
2024.05.21	12:00:00	5428.111	5444.035	5421.741	5441.381	206359	969395	1
2024.05.21	18:00:00	5441.381	5444.035	5440.850	5443.504	4846	23232	1
2024.05.22	06:00:00	5456.775	5484.908	5452.528	5475.353	332182	1514042	1
2024.05.22	12:00:00	5475.353	5479.600	5459.959	5470.576	237958	1156398	1
2024.05.22	18:00:00	5470.576	5475.353	5468.983	5472.168	5635	25584	1
2024.05.23	06:00:00	5463.144	5476.415	5442.973	5472.168	345655	1479998	1
2024.05.23	12:00:00	5472.168	5480.130	5462.613	5463.675	182952	980202	1
2024.05.23	18:00:00	5463.675	5464.206	5459.429	5460.490	3822	17707	1
2024.05.24	06:00:00	5456.775	5475.353	5447.220	5468.983	296373	1218862	1
2024.05.24	12:00:00	5468.983	5495.524	5464.206	5484.908	186547	967326	1
2024.05.24	18:00:00	5484.908	5494.993	5483.846	5490.747	5818	24754	1
2024.05.27	06:00:00	5478.007	5504.548	5473.761	5497.116	215876	916865	1
2024.05.27	12:00:00	5497.116	5498.178	5483.846	5490.216	97777	482518	1
2024.05.27	18:00:00	5490.747	5492.870	5489.154	5492.339	4150	18844	1
2024.05.28	06:00:00	5484.908	5488.093	5451.466	5478.538	305016	1324767	1
2024.05.28	12:00:00	5478.538	5484.377	5470.045	5479.600	188987	1006467	1
2024.05.28	18:00:00	5480.130	5487.031	5478.007	5482.254	6100	28063	1
2024.05.29	06:00:00	5495.524	5521.003	5488.623	5515.164	296923	1331319	1
2024.05.29	12:00:00	5514.633	5535.335	5512.510	5524.188	229968	1222026	1
2024.05.29	18:00:00	5524.188	5528.434	5523.657	5525.250	6956	30053	1
2024.05.31	06:00:00	5519.425	5582.435	5515.189	5579.258	382867	1726138	1
2024.05.31	12:00:00	5579.787	5582.435	5557.019	5568.668	240754	1205844	1
2024.05.31	18:00:00	5568.668	5579.787	5568.668	5571.315	8234	32781	1
2024.06.03	06:00:00	5578.199	5591.966	5541.134	5554.901	466184	1892249	1
2024.06.03	12:00:00	5554.901	5572.904	5535.310	5570.256	249866	1101920	1
2024.06.03	18:00:00	5570.256	5577.669	5568.668	5575.551	6390	29446	1
2024.06.04	06:00:00	5584.023	5600.967	5571.845	5595.143	469585	1881124	1
2024.06.04	12:00:00	5595.143	5622.147	5591.436	5611.557	327253	1514811	1
2024.06.04	18:00:00	5611.557	5615.793	5610.498	5615.793	6450	25197	1
2024.06.05	06:00:00	5596.202	5628.501	5582.964	5615.793	427681	1810320	1
2024.06.05	12:00:00	5615.793	5630.619	5602.555	5622.147	217607	1044460	1
2024.06.05	18:00:00	5621.617	5628.501	5621.088	5625.324	6298	31099	1
2024.06.06	06:00:00	5617.911	5634.325	5578.728	5586.141	377028	1590722	1
2024.06.06	12:00:00	5586.141	5586.671	5562.314	5579.258	256002	1248545	1
2024.06.06	18:00:00	5579.787	5585.612	5577.669	5582.435	6225	30075	1
2024.06.07	06:00:00	5576.081	5621.088	5561.255	5596.202	479467	1834685	1
2024.06.07	12:00:00	5596.731	5676.155	5588.789	5672.448	379779	1687792	1
2024.06.07	18:00:00	5671.919	5691.510	5671.389	5681.979	11143	47898	1
2024.06.10	06:00:00	5671.919	5717.985	5639.620	5695.217	464791	1798919	1
2024.06.10	12:00:00	5695.217	5700.511	5671.919	5681.979	299745	1242099	1
2024.06.10	18:00:00	5681.450	5685.686	5679.861	5681.979	5966	27184	1
2024.06.11	06:00:00	5685.686	5700.511	5660.800	5672.448	437941	1677488	1
2024.06.11	12:00:00	5672.448	5700.511	5668.742	5694.687	255619	1110106	1
2024.06.11	18:00:00	5694.687	5697.335	5691.510	5696.276	5834	21122	1
2024.06.12	06:00:00	5696.276	5759.285	5660.270	5730.163	686861	2522000	1
2024.06.12	12:00:00	5730.693	5745.518	5681.450	5741.812	422307	1599840	1
2024.06.12	18:00:00	5741.812	5741.812	5728.575	5731.751	4781	24384	1
2024.06.13	06:00:00	5719.044	5744.989	5710.572	5730.163	449763	1576634	1
2024.06.13	12:00:00	5730.163	5735.987	5687.804	5690.451	350332	1441666	1
2024.06.13	18:00:00	5690.981	5691.510	5685.156	5689.922	6004	30883	1
2024.06.14	06:00:00	5702.629	5707.924	5667.683	5677.743	439028	1593960	1
2024.06.14	12:00:00	5677.743	5712.690	5672.978	5701.041	249820	1004257	1
2024.06.14	18:00:00	5701.570	5705.806	5698.923	5699.982	5574	22633	1
2024.06.17	06:00:00	5697.335	5745.518	5695.217	5741.282	325588	1117296	1
2024.06.17	12:00:00	5740.223	5756.638	5728.575	5743.930	233610	931826	1
2024.06.17	18:00:00	5743.930	5752.931	5743.400	5751.872	7568	32918	1
2024.06.18	06:00:00	5761.403	5771.463	5714.808	5733.340	435953	1686320	1
2024.06.18	12:00:00	5733.340	5765.109	5723.280	5760.874	261564	1164901	1
2024.06.18	18:00:00	5760.874	5769.345	5759.815	5766.168	7909	31987	1
2024.06.19	06:00:00	5759.285	5799.526	5750.813	5792.643	302708	1156676	1
2024.06.19	12:00:00	5792.643	5811.175	5754.520	5761.403	238765	1203726	1
2024.06.19	18:00:00	5761.403	5761.933	5739.694	5740.223	9221	45814	1
2024.06.20	06:00:00	5700.511	5759.815	5700.511	5753.461	447505	1904951	1
2024.06.20	12:00:00	5753.461	5796.350	5751.343	5774.640	387829	1762942	1
2024.06.20	18:00:00	5775.170	5785.230	5774.111	5776.229	8256	32760	1
2024.06.21	06:00:00	5771.463	5779.406	5746.048	5771.463	386337	1522897	1
2024.06.21	12:00:00	5770.934	5787.878	5753.461	5753.990	329158	1474475	1
2024.06.21	18:00:00	5754.520	5758.756	5752.402	5758.756	4731	20828	1
2024.06.24	06:00:00	5753.461	5760.874	5695.217	5712.690	359351	1449221	1
2024.06.24	12:00:00	5712.690	5730.163	5703.688	5714.808	233087	1011618	1
2024.06.24	18:00:00	5714.808	5714.808	5708.983	5714.808	6106	21717	1
2024.06.25	06:00:00	5732.810	5764.051	5725.398	5755.049	415589	1538730	1
2024.06.25	12:00:00	5754.520	5779.406	5751.872	5774.111	281783	1161296	1
2024.06.25	18:00:00	5773.581	5785.230	5773.052	5780.994	12718	41297	1
2024.06.26	06:00:00	5789.996	5847.181	5782.053	5830.237	507956	2045856	1
2024.06.26	12:00:00	5829.708	5853.005	5819.647	5845.063	280495	1244713	1
2024.06.26	18:00:00	5845.592	5864.124	5843.474	5856.182	11674	49246	1
2024.06.27	06:00:00	5848.769	5856.182	5807.469	5854.594	480726	1746819	1
2024.06.27	12:00:00	5855.123	5866.772	5817.000	5828.119	376260	1652019	1
2024.06.27	18:00:00	5827.590	5832.884	5824.942	5827.590	6351	21181	1
2024.06.28	06:00:00	5812.291	5913.049	5804.906	5882.452	507911	2059917	1
2024.06.28	12:00:00	5882.980	5927.820	5865.044	5920.434	383484	1664630	1
2024.06.28	18:00:00	5920.434	5927.292	5919.907	5919.907	8680	36227	1
2024.07.01	06:00:00	5908.301	5932.567	5891.948	5916.214	470727	1710508	1
2024.07.01	12:00:00	5915.687	5995.871	5898.278	5992.178	396999	1705813	1
2024.07.01	18:00:00	5991.650	5994.288	5982.155	5984.793	13649	47698	1
2024.07.02	06:00:00	5986.903	6016.972	5956.834	5992.705	554251	2153222	1
2024.07.02	12:00:00	5992.178	6031.742	5974.242	6007.476	436626	1834606	1
2024.07.02	18:00:00	6006.949	6009.586	5997.453	6006.421	9363	30262	1
2024.07.03	06:00:00	5993.233	5998.508	5888.255	5899.333	498922	2003302	1
2024.07.03	12:00:00	5899.333	5928.347	5863.461	5880.870	378065	1579640	1
2024.07.03	18:00:00	5881.397	5887.200	5874.539	5877.177	8552	31154	1
2024.07.04	06:00:00	5833.392	5836.558	5784.860	5814.401	413547	1490441	1
2024.07.04	12:00:00	5814.929	5823.897	5800.158	5810.181	226956	914851	1
2024.07.04	18:00:00	5809.654	5810.181	5800.686	5800.686	4899	20336	1
2024.07.05	06:00:00	5786.970	5855.548	5781.167	5808.599	543881	1934034	1
2024.07.05	12:00:00	5808.599	5813.346	5772.727	5776.947	310623	1192055	1
2024.07.05	18:00:00	5776.419	5779.585	5772.727	5775.364	5378	19591	1
2024.07.08	06:00:00	5771.144	5812.291	5770.617	5794.883	377348	1306661	1
2024.07.08	12:00:00	5794.883	5796.465	5772.199	5786.442	264477	1014562	1
2024.07.08	18:00:00	5786.970	5790.135	5785.387	5789.080	4643	20952	1
2024.07.09	06:00:00	5789.080	5794.355	5746.350	5752.681	381863	1409733	1
2024.07.09	12:00:00	5753.208	5762.704	5722.612	5735.800	239527	1015162	1
2024.07.09	18:00:00	5736.327	5736.855	5729.470	5730.525	5879	23540	1
2024.07.10	06:00:00	5717.336	5728.414	5680.410	5709.424	444888	1744192	1
2024.07.10	12:00:00	5709.424	5738.438	5707.313	5726.832	262380	1147244	1
2024.07.10	18:00:00	5727.359	5729.997	5724.722	5727.887	4844	22289	1
2024.07.11	06:00:00	5718.919	5746.350	5679.354	5735.800	574043	2123093	1
2024.07.11	12:00:00	5736.327	5767.451	5732.635	5751.626	283342	1225293	1
2024.07.11	18:00:00	5752.153	5756.373	5745.823	5751.098	6440	21899	1
2024.07.12	06:00:00	5736.327	5779.057	5725.777	5773.254	469889	1634009	1
2024.07.12	12:00:00	5773.254	5774.837	5732.107	5740.548	225406	953201	1
2024.07.12	18:00:00	5741.075	5742.658	5738.965	5740.020	3406	14343	1
2024.07.15	06:00:00	5765.869	5790.135	5749.516	5764.814	409723	1387988	1
2024.07.15	12:00:00	5764.814	5771.144	5739.493	5756.901	264739	1028690	1
2024.07.15	18:00:00	5757.428	5760.594	5755.846	5760.594	4946	17001	1
2024.07.16	06:00:00	5746.350	5750.571	5713.116	5725.777	464112	1618740	1
2024.07.16	12:00:00	5725.249	5773.254	5721.029	5737.382	350040	1489041	1
2024.07.16	18:00:00	5737.382	5742.130	5732.635	5733.162	4290	15693	1
2024.07.17	06:00:00	5750.043	5786.442	5742.658	5773.782	424434	1608908	1
2024.07.17	12:00:00	5773.782	5798.576	5770.617	5793.300	279618	1217522	1
2024.07.17	18:00:00	5792.245	5801.741	5791.718	5801.213	8825	40247	1
2024.07.18	06:00:00	5794.883	5867.154	5791.190	5858.714	466510	1747437	1
2024.07.18	12:00:00	5858.714	5906.191	5851.328	5861.351	370477	1632621	1
2024.07.18	18:00:00	5860.824	5874.012	5854.493	5864.516	17497	56799	1
2024.07.19	06:00:00	5853.438	5884.562	5833.920	5863.461	318165	1163594	1
2024.07.19	12:00:00	5863.989	5926.237	5863.461	5912.521	320818	1320013	1
2024.07.19	18:00:00	5912.521	5930.985	5910.411	5928.347	11609	39624	1
2024.07.22	06:00:00	5908.301	5926.765	5861.351	5866.099	463638	1609968	1
2024.07.22	12:00:00	5866.099	5892.475	5847.108	5891.948	321629	1318100	1
2024.07.22	18:00:00	5892.475	5892.475	5881.925	5885.618	6871	26609	1
2024.07.23	06:00:00	5897.223	5922.017	5870.319	5877.177	536596	2011360	1
2024.07.23	12:00:00	5877.705	5911.466	5875.067	5900.388	321329	1388336	1
2024.07.23	18:00:00	5900.916	5905.664	5899.861	5900.916	6894	25087	1
2024.07.24	06:00:00	5913.576	5964.219	5910.411	5931.512	493621	1768279	1
2024.07.24	12:00:00	5930.985	5977.935	5917.797	5970.022	405118	1605799	1
2024.07.24	18:00:00	5970.549	5975.297	5968.967	5970.549	6989	28794	1
2024.07.25	06:00:00	6004.311	6013.279	5946.811	5958.416	582413	2063331	1
2024.07.25	12:00:00	5957.889	5970.549	5933.095	5961.054	364272	1411785	1
2024.07.25	18:00:00	5961.054	5962.636	5950.503	5951.031	5607	22584	1
2024.07.26	06:00:00	5929.930	5973.714	5928.875	5971.604	533493	1995438	1
2024.07.26	12:00:00	5971.604	5988.485	5963.691	5971.077	297914	1262374	1
2024.07.26	18:00:00	5970.549	5983.210	5967.384	5981.100	8228	34193	1
2024.07.29	06:00:00	5978.462	5979.517	5945.228	5977.407	430013	1560274	1
2024.07.29	12:00:00	5976.880	5983.210	5925.710	5928.875	324242	1379212	1
2024.07.29	18:00:00	5928.875	5929.402	5924.127	5925.182	6109	24250	1
2024.07.30	06:00:00	5926.237	5976.352	5922.017	5951.558	466154	1703123	1
2024.07.30	12:00:00	5952.086	5968.439	5921.489	5923.072	297231	1207783	1
2024.07.30	18:00:00	5923.599	5925.710	5918.852	5920.434	6990	30625	1
2024.07.31	06:00:00	5918.856	5997.747	5913.071	5966.191	592744	2210811	1
2024.07.31	12:00:00	5966.716	5990.383	5938.842	5962.509	459540	1842153	1
2024.07.31	18:00:00	5962.509	5974.605	5961.457	5971.976	6796	26679	1
2024.08.01	06:00:00	5985.650	6009.317	5944.101	5978.287	606385	2140468	1
2024.08.01	12:00:00	5978.287	6069.799	5972.502	6065.066	509146	2120872	1
2024.08.01	18:00:00	6064.014	6073.481	6063.488	6069.799	10885	46367	1
2024.08.02	06:00:00	6077.688	6112.926	6019.836	6065.592	781472	2743164	1
2024.08.02	12:00:00	6065.592	6070.851	6012.999	6044.555	438917	1598197	1
2024.08.02	18:00:00	6044.029	6047.710	6039.295	6047.184	6587	26090	1
2024.08.05	06:00:00	6184.979	6188.134	6078.214	6091.889	829413	2488334	1
2024.08.05	12:00:00	6092.415	6095.570	6027.199	6039.821	509807	1769279	1
2024.08.05	18:00:00	6039.821	6041.925	6029.303	6033.510	7697	27215	1
2024.08.06	06:00:00	6025.621	6026.673	5955.672	5975.131	721805	2605092	1
2024.08.06	12:00:00	5975.657	5985.650	5939.368	5973.028	422019	1634551	1
2024.08.06	18:00:00	5973.028	5973.554	5964.087	5966.716	8593	33500	1
2024.08.07	06:00:00	5924.116	5948.309	5902.553	5918.331	593702	2032618	1
2024.08.07	12:00:00	5918.331	5943.049	5902.553	5942.524	379655	1415688	1
2024.08.07	18:00:00	5941.998	5947.257	5940.420	5947.257	5649	27302	1
2024.08.08	06:00:00	5938.842	5964.087	5907.812	5914.649	613511	2129022	1
2024.08.08	12:00:00	5915.175	5923.064	5846.278	5852.063	389483	1563321	1
2024.08.08	18:00:00	5852.589	5856.796	5833.655	5835.233	13224	55991	1
2024.08.09	06:00:00	5835.759	5856.270	5791.055	5794.210	590434	2143362	1
2024.08.09	12:00:00	5794.736	5819.981	5789.477	5806.307	317170	1310781	1
2024.08.09	18:00:00	5806.833	5810.514	5804.203	5807.359	5866	24065	1
2024.08.12	06:00:00	5805.781	5806.307	5767.914	5781.062	556414	1931987	1
2024.08.12	12:00:00	5780.536	5822.611	5779.484	5797.892	384369	1528778	1
2024.08.12	18:00:00	5797.892	5802.099	5787.373	5791.581	7226	26305	1
2024.08.13	06:00:00	5768.439	5799.470	5761.076	5781.588	530277	2048371	1
2024.08.13	12:00:00	5782.114	5788.425	5741.091	5748.980	290637	1236179	1
2024.08.13	18:00:00	5748.980	5752.661	5743.721	5751.610	6036	24331	1
2024.08.14	06:00:00	5740.039	5758.447	5718.476	5733.202	555036	1973240	1
2024.08.14	12:00:00	5733.728	5782.114	5730.046	5767.388	321187	1279815	1
2024.08.14	18:00:00	5767.388	5770.017	5762.654	5763.180	5946	25647	1
2024.08.15	06:00:00	5762.654	5782.114	5746.350	5767.388	468009	1708499	1
2024.08.15	12:00:00	5767.388	5790.529	5743.721	5778.432	277019	1100622	1
2024.08.15	18:00:00	5778.432	5782.640	5774.751	5780.536	6953	32601	1
2024.08.16	06:00:00	5770.543	5780.010	5727.943	5773.699	461081	1711174	1
2024.08.16	12:00:00	5773.173	5776.854	5756.869	5768.439	227064	949642	1
2024.08.16	18:00:00	5768.439	5769.491	5764.232	5768.965	4994	23143	1
2024.08.19	06:00:00	5764.232	5765.810	5693.231	5700.068	487187	1810504	1
2024.08.19	12:00:00	5700.068	5711.639	5663.253	5701.646	375606	1618563	1
2024.08.19	18:00:00	5701.120	5702.172	5693.757	5695.335	7929	39697	1
2024.08.20	06:00:00	5728.469	5760.025	5722.683	5751.610	521035	1914098	1
2024.08.20	12:00:00	5752.136	5784.218	5752.136	5768.439	352695	1489386	1
2024.08.20	18:00:00	5768.439	5776.854	5767.388	5769.491	9549	36854	1
2024.08.21	06:00:00	5762.654	5775.803	5747.402	5766.862	520527	1774707	1
2024.08.21	12:00:00	5766.862	5802.099	5751.610	5776.329	390522	1565924	1
2024.08.21	18:00:00	5776.854	5778.958	5768.439	5768.439	6077	21994	1
2024.08.22	06:00:00	5774.751	5858.374	5770.017	5847.855	537706	2010252	1
2024.08.22	12:00:00	5847.855	5893.612	5841.544	5882.041	439276	1771142	1
2024.08.22	18:00:00	5880.989	5905.182	5879.937	5897.293	7982	33634	1
2024.08.23	06:00:00	5878.886	5878.886	5781.062	5791.055	568588	1988506	1
2024.08.23	12:00:00	5791.055	5806.833	5763.706	5777.380	335067	1300012	1
2024.08.23	18:00:00	5777.380	5777.906	5765.284	5768.965	5573	25566	1
2024.08.26	06:00:00	5781.588	5794.210	5758.447	5784.743	498286	1637315	1
2024.08.26	12:00:00	5784.218	5803.151	5762.654	5785.795	321919	1206742	1
2024.08.26	18:00:00	5785.269	5790.003	5782.640	5785.269	7028	27401	1
2024.08.27	06:00:00	5768.439	5799.470	5763.180	5783.692	467852	1544506	1
2024.08.27	12:00:00	5784.218	5808.410	5776.329	5797.892	305698	1100862	1
2024.08.27	18:00:00	5797.892	5803.677	5793.684	5798.418	7642	33759	1
2024.08.28	06:00:00	5799.470	5835.233	5798.944	5814.196	474088	1583197	1
2024.08.28	12:00:00	5814.722	5861.004	5808.936	5855.744	393531	1389902	1
2024.08.28	18:00:00	5855.744	5859.952	5852.589	5855.219	7902	32978	1
2024.08.29	06:00:00	5847.855	5958.302	5845.226	5931.479	571966	1951070	1
2024.08.29	12:00:00	5931.479	5947.783	5905.708	5920.960	441422	1501224	1
2024.08.29	18:00:00	5920.434	5927.271	5919.908	5920.960	7193	24697	1
2024.08.30	06:00:00	5868.006	5987.022	5861.714	5961.332	724778	2557022	1
2024.08.30	12:00:00	5961.332	5962.905	5870.103	5901.561	483092	1783594	1
2024.08.30	18:00:00	5902.085	5905.755	5892.124	5903.134	5953	18358	1
2024.09.02	06:00:00	5916.766	5953.467	5903.658	5930.398	526706	1608656	1
2024.09.02	12:00:00	5930.398	5931.971	5893.696	5908.901	280896	901015	1
2024.09.02	18:00:00	5908.901	5908.901	5903.658	5905.755	4761	14581	1
2024.09.03	06:00:00	5930.922	5944.554	5863.811	5923.582	634808	2087100	1
2024.09.03	12:00:00	5923.582	5942.981	5921.485	5936.165	311233	1048101	1
2024.09.03	18:00:00	5936.689	5944.030	5935.641	5938.787	6094	21028	1
2024.09.04	06:00:00	5936.689	5952.943	5904.707	5909.426	590037	1850847	1
2024.09.04	12:00:00	5908.901	5940.884	5908.377	5930.398	274645	984916	1
2024.09.04	18:00:00	5930.922	5935.116	5929.873	5931.971	5912	25539	1
2024.09.05	06:00:00	5928.825	5940.359	5885.832	5899.464	512479	1638060	1
2024.09.05	12:00:00	5898.939	5904.183	5856.995	5861.714	328219	1173388	1
2024.09.05	18:00:00	5862.238	5862.238	5851.228	5857.520	5988	26334	1
2024.09.06	06:00:00	5864.335	5883.210	5812.429	5876.919	615334	1910529	1
2024.09.06	12:00:00	5876.919	5888.978	5845.461	5886.881	346065	1173776	1
2024.09.06	18:00:00	5886.881	5887.929	5880.065	5886.881	5312	22382	1
2024.09.09	06:00:00	5872.200	5928.825	5868.006	5885.308	482434	1535676	1
2024.09.09	12:00:00	5885.832	5896.318	5859.617	5870.103	260280	940414	1
2024.09.09	18:00:00	5870.627	5871.676	5866.433	5871.151	4832	17909	1
2024.09.10	06:00:00	5860.141	5921.485	5852.276	5914.669	542420	1799993	1
2024.09.10	12:00:00	5914.669	5960.283	5910.998	5947.700	370632	1363220	1
2024.09.10	18:00:00	5947.700	5958.186	5947.175	5952.418	8832	37354	1
2024.09.11	06:00:00	5921.485	5961.856	5890.551	5945.603	659182	2080985	1
2024.09.11	12:00:00	5945.603	5950.846	5917.290	5949.273	320480	1095881	1
2024.09.11	18:00:00	5949.797	5957.137	5949.273	5953.991	7417	27826	1
2024.09.12	06:00:00	5934.592	5964.477	5918.863	5957.661	490708	1537406	1
2024.09.12	12:00:00	5957.661	5957.661	5898.939	5913.620	344462	1214357	1
2024.09.12	18:00:00	5913.620	5916.766	5909.426	5909.426	4980	20841	1
2024.09.13	06:00:00	5893.172	5903.134	5823.964	5829.207	540121	1806320	1
2024.09.13	12:00:00	5829.731	5854.374	5825.013	5846.509	263877	986018	1
2024.09.13	18:00:00	5845.985	5846.509	5842.315	5845.461	4877	19933	1
2024.09.16	06:00:00	5843.363	5861.714	5773.631	5786.214	556767	1922917	1
2024.09.16	12:00:00	5786.214	5799.322	5776.777	5787.787	246194	867879	1
2024.09.16	18:00:00	5787.787	5789.360	5779.923	5780.971	5680	26609	1
2024.09.17	06:00:00	5787.263	5791.982	5761.048	5779.923	474412	1610311	1
2024.09.17	12:00:00	5779.398	5783.068	5752.659	5757.378	312167	1173378	1
2024.09.17	18:00:00	5757.378	5757.902	5752.659	5754.756	7102	31086	1
2024.09.18	06:00:00	5749.513	5770.485	5730.114	5740.076	443118	1434047	1
2024.09.18	12:00:00	5740.076	5761.048	5680.305	5733.260	591989	2080512	1
2024.09.18	18:00:00	5733.260	5737.978	5729.065	5733.260	7062	30982	1
2024.09.19	06:00:00	5670.867	5712.287	5664.051	5693.412	549805	1858375	1
2024.09.19	12:00:00	5692.888	5703.374	5672.965	5696.034	273485	1049820	1
2024.09.19	18:00:00	5696.034	5697.083	5691.840	5691.840	4056	19193	1
2024.09.20	06:00:00	5703.899	5767.339	5686.597	5765.766	545328	1919086	1
2024.09.20	12:00:00	5766.291	5797.749	5752.134	5783.593	346020	1323009	1
2024.09.20	18:00:00	5783.068	5792.506	5782.020	5787.263	7752	32447	1
2024.09.23	06:00:00	5843.888	5875.870	5805.089	5806.138	545868	1814191	1
2024.09.23	12:00:00	5806.138	5825.537	5798.798	5810.332	265988	959958	1
2024.09.23	18:00:00	5809.808	5816.100	5807.186	5810.332	5748	21409	1
2024.09.24	06:00:00	5790.409	5798.798	5712.812	5733.260	544632	1937032	1
2024.09.24	12:00:00	5733.260	5740.076	5718.579	5722.249	257386	992353	1
2024.09.24	18:00:00	5721.725	5723.298	5715.433	5718.055	6183	24262	1
2024.09.25	06:00:00	5720.676	5762.096	5705.471	5758.426	447694	1537768	1
2024.09.25	12:00:00	5758.426	5764.718	5734.832	5742.173	269192	1044984	1
2024.09.25	18:00:00	5742.173	5745.319	5739.027	5741.124	5701	26163	1
2024.09.26	06:00:00	5709.666	5715.958	5669.295	5705.996	477965	1693464	1
2024.09.26	12:00:00	5705.471	5721.201	5688.169	5704.947	286642	1107196	1
2024.09.26	18:00:00	5704.423	5706.520	5701.277	5702.326	4723	22469	1
2024.09.27	06:00:00	5693.937	5724.346	5690.267	5701.277	430803	1384447	1
2024.09.27	12:00:00	5701.801	5712.287	5691.840	5691.840	231491	885187	1
2024.09.30	06:00:00	5688.186	5734.113	5659.482	5704.887	386907	1420246	1
2024.09.30	12:00:00	5705.409	5726.807	5697.059	5708.540	235045	943394	1
2024.09.30	18:00:00	5708.018	5713.759	5705.931	5710.628	4543	21431	1
2024.10.01	06:00:00	5737.767	5738.289	5687.142	5723.154	544343	1974186	1
2024.10.01	12:00:00	5723.154	5738.289	5691.318	5695.493	374563	1503666	1
2024.10.01	18:00:00	5695.493	5697.580	5678.270	5681.923	12854	60940	1
2024.10.02	06:00:00	5673.051	5696.015	5660.004	5692.361	455395	1479931	1
2024.10.02	12:00:00	5692.361	5708.540	5688.708	5698.624	233896	894423	1
2024.10.02	18:00:00	5698.624	5701.234	5696.015	5698.102	5190	24834	1
2024.10.03	06:00:00	5712.194	5772.212	5707.497	5754.989	457391	1561528	1
2024.10.03	12:00:00	5754.989	5757.077	5722.110	5736.723	241397	968371	1
2024.10.03	18:00:00	5737.245	5738.811	5733.592	5735.679	5474	22385	1
2024.10.04	06:00:00	5730.460	5780.563	5712.194	5712.716	547169	1857707	1
2024.10.04	12:00:00	5713.237	5728.373	5709.584	5713.237	215110	843980	1
2024.10.04	18:00:00	5713.237	5714.803	5704.365	5704.365	4910	25862	1
2024.10.07	06:00:00	5726.285	5735.679	5675.139	5734.113	451675	1535840	1
2024.10.07	12:00:00	5733.592	5750.814	5731.504	5748.205	254563	1012975	1
2024.10.07	18:00:00	5747.683	5756.555	5747.161	5755.511	8871	35631	1
2024.10.08	06:00:00	5762.818	5792.566	5752.902	5784.738	511978	1728564	1
2024.10.08	12:00:00	5784.216	5797.785	5774.300	5794.132	243580	934021	1
2024.10.08	18:00:00	5793.610	5800.395	5793.088	5794.132	7078	35742	1
2024.10.09	06:00:00	5791.001	5849.975	5787.869	5839.537	443418	1520711	1
2024.10.09	12:00:00	5840.059	5859.369	5829.621	5854.150	258378	1063919	1
2024.10.09	18:00:00	5854.672	5860.935	5852.585	5855.716	8896	33018	1
2024.10.10	06:00:00	5840.059	5864.588	5824.402	5839.015	578984	1858087	1
2024.10.10	12:00:00	5839.537	5858.326	5834.318	5842.147	244040	944434	1
2024.10.10	18:00:00	5842.147	5844.234	5840.581	5843.191	4694	15297	1
2024.10.11	06:00:00	5832.231	5914.691	5814.486	5897.990	564964	2040090	1
2024.10.11	12:00:00	5897.990	5905.818	5863.545	5870.851	261867	1123930	1
2024.10.11	18:00:00	5870.851	5871.895	5860.413	5861.979	7656	30947	1
2024.10.14	06:00:00	5873.461	5912.603	5848.931	5859.369	473632	1577324	1
2024.10.14	12:00:00	5859.369	5867.720	5819.705	5852.585	324115	1255158	1
2024.10.14	18:00:00	5852.063	5855.716	5840.059	5842.669	5375	23597	1
2024.10.15	06:00:00	5847.888	5915.735	5836.406	5901.121	537724	1840264	1
2024.10.15	12:00:00	5901.643	5924.607	5892.771	5910.516	331010	1318163	1
2024.10.15	18:00:00	5911.037	5917.300	5909.472	5914.169	7604	33675	1
2024.10.16	06:00:00	5913.125	5960.096	5887.552	5919.388	597010	2047142	1
2024.10.16	12:00:00	5918.866	5931.392	5901.121	5923.563	289094	1118461	1
2024.10.16	18:00:00	5923.041	5927.738	5920.432	5927.738	5198	20124	1
2024.10.17	06:00:00	5939.742	5948.092	5919.388	5934.523	503437	1631957	1
2024.10.17	12:00:00	5934.523	5942.873	5908.950	5912.603	221841	898331	1
2024.10.17	18:00:00	5912.081	5913.125	5908.428	5908.428	5391	23904	1
2024.10.18	06:00:00	5891.727	5936.611	5884.421	5927.216	453955	1496368	1
2024.10.18	12:00:00	5927.738	5961.662	5924.607	5950.702	269999	1102430	1
2024.10.18	18:00:00	5951.224	5959.052	5949.658	5958.530	7244	33359	1
2024.10.21	06:00:00	5961.140	5994.020	5952.789	5959.574	547459	1793044	1
2024.10.21	12:00:00	5959.574	5969.490	5942.873	5950.702	243551	963031	1
2024.10.21	18:00:00	5951.224	5952.789	5944.439	5946.005	5939	25003	1
2024.10.22	06:00:00	5940.786	5974.187	5928.782	5949.136	502515	1638807	1
2024.10.22	12:00:00	5949.136	5971.578	5936.611	5944.439	281586	1092036	1
2024.10.22	18:00:00	5944.439	5949.658	5944.439	5948.092	4675	19094	1
2024.10.23	06:00:00	5972.622	5987.757	5959.052	5981.494	453032	1497025	1
2024.10.23	12:00:00	5982.016	5983.060	5938.176	5942.351	338211	1358539	1
2024.10.23	18:00:00	5942.351	5942.351	5939.220	5940.264	4442	16373	1
2024.10.24	06:00:00	5937.654	5975.231	5927.738	5958.008	456463	1542002	1
2024.10.24	12:00:00	5957.487	5968.446	5913.125	5917.822	344359	1422489	1
2024.10.24	18:00:00	5917.822	5919.388	5913.647	5919.388	5449	23585	1
2024.10.25	06:00:00	5923.563	5957.487	5920.954	5946.527	435927	1446200	1
2024.10.25	12:00:00	5946.527	5967.403	5941.830	5961.140	261333	1037359	1
2024.10.25	18:00:00	5961.662	5969.490	5959.574	5964.271	9789	39593	1
2024.10.28	06:00:00	5954.877	5973.144	5936.611	5953.833	398612	1328940	1
2024.10.28	12:00:00	5953.833	5964.271	5941.308	5961.662	246806	984571	1
2024.10.28	18:00:00	5961.662	5965.315	5960.096	5964.271	7381	27555	1
2024.10.29	06:00:00	5960.096	5990.366	5947.570	5956.965	502230	1709109	1
2024.10.29	12:00:00	5956.965	6020.636	5955.399	6014.374	463587	1907786	1
2024.10.29	18:00:00	6014.374	6019.593	6011.242	6016.983	9994	42351	1
2024.10.30	06:00:00	6014.374	6046.210	6013.330	6023.246	511840	1651690	1
2024.10.30	12:00:00	6023.246	6039.425	6006.023	6015.939	313474	1241171	1
2024.10.30	18:00:00	6015.939	6022.724	6013.852	6020.115	5505	27481	1
2024.10.31	06:00:00	6019.594	6039.371	6006.062	6035.208	428789	1425005	1
2024.10.31	12:00:00	6034.687	6049.781	6028.442	6044.576	297819	1167036	1
2024.10.31	18:00:00	6044.576	6051.342	6041.974	6049.260	9662	41014	1
2024.11.01	06:00:00	6043.015	6091.417	6015.951	6081.528	542595	1894704	1
2024.11.01	12:00:00	6081.528	6134.615	6075.283	6127.328	362751	1545920	1
2024.11.01	18:00:00	6126.808	6146.065	6126.288	6136.176	14100	64251	1
2024.11.04	06:00:00	6091.937	6095.581	6023.758	6032.605	525279	1662622	1
2024.11.04	12:00:00	6032.085	6047.178	6008.144	6036.769	363634	1340204	1
2024.11.04	18:00:00	6036.769	6047.699	6036.249	6046.658	10038	41161	1
2024.11.05	06:00:00	6037.290	6058.108	6024.278	6034.167	518307	1688919	1
2024.11.05	12:00:00	6034.167	6050.301	5988.887	5994.612	364222	1389889	1
2024.11.05	18:00:00	5994.612	6002.939	5994.092	6001.378	9382	43505	1
2024.11.06	06:00:00	6108.072	6115.358	6009.185	6023.758	718833	2290782	1
2024.11.06	12:00:00	6023.758	6024.799	5909.257	5922.269	584703	2251526	1
2024.11.06	18:00:00	5922.269	5963.905	5916.544	5961.303	23483	114727	1
2024.11.07	06:00:00	5940.485	5956.619	5875.948	5903.012	692611	2254184	1
2024.11.07	12:00:00	5903.012	5970.151	5890.001	5937.882	607846	2204869	1
2024.11.07	18:00:00	5937.362	5947.771	5931.117	5940.485	14306	45676	1
2024.11.08	06:00:00	5978.478	6022.717	5971.192	6016.992	482666	1486231	1
2024.11.08	12:00:00	6017.512	6038.851	5967.028	5979.519	436369	1611712	1
2024.11.08	18:00:00	5979.519	5995.133	5978.478	5992.530	10801	43965	1
2024.11.11	06:00:00	6023.758	6065.394	6017.512	6049.260	465567	1478962	1
2024.11.11	12:00:00	6049.260	6052.903	5994.612	6002.939	309713	1124750	1
2024.11.11	18:00:00	6002.939	6012.308	5999.817	6008.144	12038	47872	1
2024.11.12	06:00:00	6032.085	6041.453	5997.214	6008.664	505820	1695198	1
2024.11.12	12:00:00	6008.664	6044.576	5998.776	6000.858	419996	1598832	1
2024.11.12	18:00:00	6000.337	6000.858	5984.203	5993.571	13631	67466	1
2024.11.13	06:00:00	5974.835	6037.810	5968.069	6032.605	543421	1763053	1
2024.11.13	12:00:00	6032.605	6067.476	6027.921	6045.096	426529	1604174	1
2024.11.13	18:00:00	6045.096	6058.108	6044.576	6055.506	16142	62799	1
2024.11.14	06:00:00	6052.903	6077.885	6021.155	6036.249	532089	1702607	1
2024.11.14	12:00:00	6036.249	6054.465	6008.144	6041.974	386187	1426773	1
2024.11.14	18:00:00	6041.974	6047.178	6025.319	6026.360	11432	46884	1
2024.11.18	06:00:00	6021.676	6046.137	5983.683	5986.805	430001	1408714	1
2024.11.18	12:00:00	5986.805	6006.062	5978.999	5994.612	309803	1112977	1
2024.11.18	18:00:00	5995.133	5995.653	5988.367	5989.928	9069	44798	1
2024.11.19	06:00:00	6006.062	6041.453	5989.408	6020.115	504095	1762421	1
2024.11.19	12:00:00	6020.115	6032.085	5999.817	6015.430	282015	1096992	1
2024.11.19	18:00:00	6015.430	6015.951	6008.144	6011.787	8320	38048	1
2024.11.21	06:00:00	6026.880	6073.201	6024.799	6062.792	496857	1692541	1
2024.11.21	12:00:00	6062.792	6079.447	6047.178	6058.108	359139	1340777	1
2024.11.21	18:00:00	6058.108	6063.312	6056.546	6060.710	9382	43618	1
2024.11.22	06:00:00	6066.435	6076.844	6031.044	6074.242	515636	1700024	1
2024.11.22	12:00:00	6073.721	6074.762	6041.453	6047.699	292410	1099272	1
2024.11.22	18:00:00	6047.699	6049.260	6039.892	6047.699	15311	68818	1
2024.11.25	06:00:00	6026.880	6052.903	6015.430	6033.646	504197	1556971	1
2024.11.25	12:00:00	6033.646	6062.271	6024.278	6052.903	354514	1401681	1
2024.11.25	18:00:00	6052.903	6053.944	6036.249	6038.851	14117	61431	1
2024.11.26	06:00:00	6053.424	6066.956	6019.594	6038.330	471470	1589701	1
2024.11.26	12:00:00	6038.851	6073.201	6030.524	6051.342	335540	1335996	1
2024.11.26	18:00:00	6051.342	6051.862	6042.494	6048.740	10683	45767	1
2024.11.27	06:00:00	6044.056	6072.681	6042.494	6062.271	409320	1459126	1
2024.11.27	12:00:00	6062.792	6186.660	6061.751	6179.374	736167	2753810	1
2024.11.27	18:00:00	6179.374	6210.081	6171.567	6207.479	31047	115385	1
2024.11.28	06:00:00	6222.051	6248.595	6190.304	6236.104	521000	1629539	1
2024.11.28	12:00:00	6236.104	6273.056	6219.970	6262.127	304170	1158449	1
2024.11.28	18:00:00	6261.606	6276.699	6255.881	6270.454	15057	61915	1
2024.11.29	06:00:00	6246.608	6363.764	6236.758	6300.002	701809	2335055	1
2024.11.29	12:00:00	6300.002	6303.631	6196.842	6217.578	636553	2018741	1
2024.11.29	18:00:00	6217.578	6231.056	6210.321	6228.983	11362	44420	1
2024.12.02	06:00:00	6247.645	6331.106	6244.534	6310.888	556778	1754025	1
2024.12.02	12:00:00	6310.888	6335.253	6287.042	6310.370	485954	1695611	1
2024.12.02	18:00:00	6310.370	6315.554	6297.929	6304.149	18251	62185	1
2024.12.03	06:00:00	6291.708	6337.845	6272.009	6318.146	530131	1652880	1
2024.12.03	12:00:00	6318.664	6326.958	6277.711	6289.634	436427	1586391	1
2024.12.03	18:00:00	6289.116	6292.226	6281.340	6281.858	12676	47751	1
2024.12.04	06:00:00	6293.263	6313.480	6283.932	6300.002	442125	1388902	1
2024.12.04	12:00:00	6299.484	6305.186	6258.013	6278.230	416890	1576961	1
2024.12.04	18:00:00	6277.711	6282.895	6276.156	6278.748	6310	28067	1
2024.12.05	06:00:00	6271.491	6275.119	6195.806	6198.916	500411	1696303	1
2024.12.05	12:00:00	6198.916	6251.792	6195.287	6246.090	340628	1341368	1
2024.12.05	18:00:00	6246.090	6251.792	6240.387	6251.792	11325	46822	1
2024.12.06	06:00:00	6256.976	6286.006	6219.133	6282.895	524898	1707215	1
2024.12.06	12:00:00	6282.895	6332.142	6278.748	6328.514	408556	1617046	1
2024.12.06	18:00:00	6329.032	6333.179	6325.403	6325.922	15005	63065	1
2024.12.09	06:00:00	6316.072	6320.219	6273.046	6283.414	431652	1374407	1
2024.12.09	12:00:00	6283.414	6328.514	6281.858	6321.256	351108	1268424	1
2024.12.09	18:00:00	6320.738	6323.330	6316.072	6316.072	9384	41199	1
2024.12.10	06:00:00	6290.153	6307.260	6251.273	6275.638	547269	1794285	1
2024.12.10	12:00:00	6276.156	6302.076	6274.083	6287.042	309676	1155572	1
2024.12.10	18:00:00	6287.042	6290.671	6279.267	6280.303	10238	49935	1
2024.12.11	06:00:00	6303.631	6307.778	6244.534	6258.531	523207	1778751	1
2024.12.11	12:00:00	6258.531	6284.969	6166.776	6190.103	584262	2173636	1
2024.12.11	18:00:00	6189.585	6196.324	6167.813	6184.401	21834	77056	1
2024.12.12	06:00:00	6115.973	6178.180	6093.164	6171.960	611626	2123326	1
2024.12.12	12:00:00	6171.960	6281.858	6168.331	6228.983	634909	2433341	1
2024.12.12	18:00:00	6228.983	6234.167	6200.471	6204.618	21633	88761	1
2024.12.13	06:00:00	6212.913	6275.119	6200.471	6258.013	560123	1691672	1
2024.12.13	12:00:00	6258.013	6309.333	6236.758	6289.634	595323	2075759	1
2024.12.13	18:00:00	6289.116	6292.226	6254.384	6270.972	18838	64628	1
2024.12.16	06:00:00	6302.076	6331.624	6254.384	6287.042	654072	2046601	1
2024.12.16	12:00:00	6287.561	6376.206	6282.895	6367.393	473401	1553224	1
2024.12.16	18:00:00	6367.393	6387.610	6365.838	6387.092	23579	105645	1
2024.12.17	06:00:00	6381.389	6424.934	6328.514	6423.379	753596	2224100	1
2024.12.17	12:00:00	6423.898	6446.188	6290.671	6339.918	965081	2852140	1
2024.12.17	18:00:00	6339.918	6343.029	6330.069	6338.881	18616	67609	1
2024.12.18	06:00:00	6332.142	6402.125	6324.367	6386.573	641506	1820102	1
2024.12.18	12:00:00	6386.573	6557.124	6381.389	6529.131	774658	2409501	1
2024.12.18	18:00:00	6529.131	6542.091	6483.512	6483.512	30839	109762	1
2024.12.19	06:00:00	6479.884	6540.535	6373.614	6383.981	1071286	3291853	1
2024.12.19	12:00:00	6383.981	6420.787	6336.808	6377.761	780283	2320612	1
2024.12.19	18:00:00	6378.279	6394.868	6376.206	6391.239	25365	85170	1
2024.12.20	06:00:00	6330.587	6346.657	6279.267	6309.852	751958	1965190	1
2024.12.20	12:00:00	6310.370	6336.808	6273.564	6313.999	673435	2031049	1
2024.12.20	18:00:00	6313.480	6332.661	6305.704	6324.885	18515	69772	1
2024.12.23	06:00:00	6348.212	6401.088	6337.845	6390.202	481365	1275415	1
2024.12.23	12:00:00	6390.202	6434.265	6386.055	6423.379	437229	1311460	1
2024.12.23	18:00:00	6423.898	6432.710	6417.677	6429.600	17207	53622	1
2024.12.26	06:00:00	6391.757	6430.118	6378.279	6394.349	530529	1507809	1
2024.12.26	12:00:00	6394.349	6415.085	6376.724	6411.456	413898	1259673	1
2024.12.26	18:00:00	6410.938	6415.603	6406.791	6413.530	12835	40007	1
2024.12.27	06:00:00	6428.045	6446.707	6399.015	6428.045	492108	1295738	1
2024.12.27	12:00:00	6428.045	6441.523	6402.125	6418.195	400465	1105735	1
2024.12.27	18:00:00	6418.714	6427.008	6418.195	6426.489	9359	27166	1
2024.12.30	06:00:00	6435.772	6450.727	6380.593	6414.113	466625	1326401	1
2024.12.30	12:00:00	6413.597	6474.448	6390.391	6407.409	490618	1502082	1
2024.12.30	18:00:00	6407.409	6410.503	6397.095	6398.642	8237	32050	1
2025.01.02	06:00:00	6414.629	6457.431	6386.782	6432.678	450780	1258375	1
2025.01.02	12:00:00	6433.193	6439.897	6368.733	6379.046	483918	1417179	1
2025.01.02	18:00:00	6379.046	6385.235	6375.437	6379.046	12231	37008	1
2025.01.03	06:00:00	6373.889	6427.521	6359.966	6380.593	535875	1505154	1
2025.01.03	12:00:00	6381.109	6416.691	6376.984	6411.535	390026	1116293	1
2025.01.03	18:00:00	6411.019	6413.082	6394.001	6408.440	12782	39225	1
2025.01.06	06:00:00	6370.280	6377.499	6313.038	6338.307	666244	1776433	1
2025.01.06	12:00:00	6338.307	6350.684	6319.227	6337.791	362085	1049157	1
2025.01.06	18:00:00	6337.791	6339.854	6327.478	6332.635	13810	41154	1
2025.01.07	06:00:00	6335.729	6339.854	6281.066	6288.801	580401	1579501	1
2025.01.07	12:00:00	6288.801	6337.791	6271.268	6320.774	509926	1537357	1
2025.01.07	18:00:00	6320.774	6331.603	6320.258	6323.352	12514	40372	1
2025.01.08	06:00:00	6344.495	6375.952	6337.791	6352.231	602342	1652259	1
2025.01.08	12:00:00	6352.231	6355.840	6320.774	6329.025	380322	1125734	1
2025.01.08	18:00:00	6329.025	6330.056	6319.742	6322.836	13876	41826	1
2025.01.09	06:00:00	6324.384	6340.370	6291.380	6293.442	500458	1453028	1
2025.01.09	12:00:00	6292.927	6303.756	6250.125	6251.672	390817	1357624	1
2025.01.09	18:00:00	6251.156	6254.766	6245.999	6251.156	15448	51642	1
2025.01.10	06:00:00	6254.250	6342.948	6244.968	6317.164	568367	1873220	1
2025.01.10	12:00:00	6317.164	6337.276	6307.882	6325.931	373004	1168084	1
2025.01.10	18:00:00	6325.931	6327.478	6309.944	6320.774	17279	52048	1
2025.01.13	06:00:00	6342.433	6352.231	6288.801	6329.025	556101	1534316	1
2025.01.13	12:00:00	6328.509	6334.182	6292.411	6311.491	361995	1093355	1
2025.01.13	18:00:00	6310.976	6312.007	6305.303	6308.397	8136	28109	1
2025.01.14	06:00:00	6305.303	6305.303	6251.672	6281.582	606763	1772408	1
2025.01.14	12:00:00	6281.582	6287.254	6250.640	6266.111	364302	1227658	1
2025.01.14	18:00:00	6266.111	6272.815	6264.564	6271.268	8673	27299	1
2025.01.15	06:00:00	6255.281	6277.972	6217.121	6247.030	581889	1693758	1
2025.01.15	12:00:00	6247.030	6268.689	6214.542	6219.699	418375	1323052	1
2025.01.15	18:00:00	6219.699	6220.215	6208.870	6217.121	17122	57627	1
2025.01.16	06:00:00	6229.497	6255.281	6199.587	6226.403	557846	1675001	1
2025.01.16	12:00:00	6226.403	6276.940	6208.870	6261.470	462778	1531966	1
2025.01.16	18:00:00	6261.470	6263.532	6253.734	6254.766	11606	33620	1
2025.01.17	06:00:00	6262.501	6296.021	6231.044	6260.954	545438	1670142	1
2025.01.17	12:00:00	6260.954	6285.707	6233.107	6283.129	387583	1260066	1
2025.01.17	18:00:00	6283.129	6283.129	6267.658	6275.909	13281	38735	1
2025.01.20	06:00:00	6270.752	6291.380	6232.076	6237.232	539109	1495200	1
2025.01.20	12:00:00	6237.748	6270.236	6230.529	6237.232	345488	1069111	1
2025.01.20	18:00:00	6236.717	6238.264	6224.340	6224.340	10905	35237	1
2025.01.21	06:00:00	6255.281	6270.752	6243.936	6251.672	488534	1453736	1
2025.01.21	12:00:00	6251.672	6256.313	6218.152	6226.403	361050	1220259	1
2025.01.21	18:00:00	6225.887	6227.434	6219.183	6224.340	10914	36833	1
2025.01.22	06:00:00	6211.964	6219.183	6123.266	6136.158	624369	2044062	1
2025.01.22	12:00:00	6136.158	6143.893	6110.889	6138.221	424860	1685542	1
2025.01.22	18:00:00	6138.736	6143.377	6136.674	6137.705	12023	42122	1
2025.01.23	06:00:00	6138.736	6167.615	6133.579	6138.221	483886	1414357	1
2025.01.23	12:00:00	6138.736	6139.252	6067.056	6119.656	586678	2082662	1
2025.01.23	18:00:00	6120.172	6122.234	6113.983	6117.077	14479	53970	1
2025.01.24	06:00:00	6097.481	6107.279	6063.962	6082.526	500844	1479028	1
2025.01.24	12:00:00	6083.042	6118.624	6059.320	6107.795	369794	1311548	1
2025.01.24	18:00:00	6107.795	6112.952	6100.575	6103.670	11253	40453	1
2025.01.27	06:00:00	6137.189	6149.050	6093.871	6113.983	505803	1529836	1
2025.01.27	12:00:00	6113.983	6134.611	6083.558	6099.028	387181	1247631	1
2025.01.27	18:00:00	6099.028	6099.544	6083.558	6084.589	15158	48692	1
2025.01.28	06:00:00	6102.122	6110.889	6070.666	6072.728	459853	1449157	1
2025.01.28	12:00:00	6072.728	6072.728	6044.881	6055.195	409199	1395129	1
2025.01.28	18:00:00	6055.711	6057.258	6043.850	6048.491	17510	61350	1
2025.01.29	06:00:00	6050.038	6075.822	6028.379	6041.787	486935	1569002	1
2025.01.29	12:00:00	6041.271	6072.728	6028.379	6052.101	431326	1491716	1
2025.01.29	18:00:00	6051.585	6052.101	6033.536	6035.599	11720	40792	1
2025.01.30	06:00:00	6047.975	6144.409	6047.460	6085.621	570381	1751054	1
2025.01.30	12:00:00	6085.105	6089.230	6033.536	6068.087	445552	1540972	1
2025.01.30	18:00:00	6067.571	6075.822	6054.164	6061.899	25076	98926	1
2025.01.31	06:00:00	6054.203	6059.334	5994.687	6001.357	508920	1572246	1
2025.01.31	12:00:00	6001.357	6042.402	6000.844	6031.115	471554	1651522	1
2025.01.31	18:00:00	6030.602	6031.115	6020.853	6025.984	15184	45851	1
2025.02.03	06:00:00	6051.124	6090.118	6026.497	6084.474	483455	1440801	1
2025.02.03	12:00:00	6083.961	6090.118	5975.703	5994.174	592546	1907051	1
2025.02.03	18:00:00	5994.174	5995.200	5984.426	5989.556	13923	51869	1
2025.02.04	06:00:00	5980.834	6007.514	5968.007	5971.599	484961	1454677	1
2025.02.04	12:00:00	5971.599	5972.112	5934.145	5937.223	432696	1480368	1
2025.02.04	18:00:00	5936.710	5941.328	5927.475	5931.067	19070	76193	1
2025.02.05	06:00:00	5938.250	5996.739	5925.936	5974.677	489483	1456007	1
2025.02.05	12:00:00	5974.164	5989.556	5945.432	5985.452	413357	1366346	1
2025.02.05	18:00:00	5985.452	5987.504	5970.060	5970.573	15723	56403	1
2025.02.06	06:00:00	5982.886	6002.896	5939.276	5956.720	544560	1665482	1
2025.02.06	12:00:00	5956.207	5967.494	5924.397	5939.789	391337	1390820	1
2025.02.06	18:00:00	5939.789	5943.893	5937.736	5937.736	12425	40322	1
2025.02.07	06:00:00	5947.998	5952.615	5910.544	5920.292	523870	1530981	1
2025.02.07	12:00:00	5920.805	5987.504	5908.492	5984.939	602045	2022478	1
2025.02.07	18:00:00	5985.452	5989.556	5976.730	5982.886	15540	51123	1
2025.02.10	06:00:00	5983.913	5998.792	5936.710	5963.903	506640	1557439	1
2025.02.10	12:00:00	5964.416	5965.442	5943.380	5960.825	287150	955109	1
2025.02.10	18:00:00	5960.311	5962.877	5958.259	5961.851	9688	32824	1
2025.02.11	06:00:00	5970.060	5978.269	5933.119	5945.946	550131	1596913	1
2025.02.11	12:00:00	5946.459	5947.485	5926.962	5935.171	310910	1045819	1
2025.02.11	18:00:00	5934.658	5937.223	5931.580	5932.093	9373	32481	1
2025.02.12	06:00:00	5938.250	5956.720	5916.188	5935.171	577038	1749664	1
2025.02.12	12:00:00	5935.171	5951.589	5910.544	5927.988	375414	1331383	1
2025.02.12	18:00:00	5928.501	5936.197	5926.449	5931.067	15633	57974	1
2025.02.13	06:00:00	5925.936	5965.955	5921.318	5952.615	487587	1418077	1
2025.02.13	12:00:00	5952.615	5959.798	5924.397	5933.632	420246	1450881	1
2025.02.13	18:00:00	5933.632	5933.632	5926.962	5926.962	9901	34736	1
2025.02.14	06:00:00	5929.527	5934.658	5882.838	5885.404	415517	1393505	1
2025.02.14	12:00:00	5885.404	5888.482	5854.106	5861.802	348049	1284394	1
2025.02.14	18:00:00	5861.289	5868.472	5858.211	5867.446	17028	62638	1
2025.02.17	06:00:00	5874.116	5884.377	5856.672	5867.959	342787	1036458	1
2025.02.17	12:00:00	5867.959	5879.760	5865.394	5874.629	188052	699449	1
2025.02.17	18:00:00	5875.142	5877.194	5872.577	5874.629	7985	30377	1
2025.02.18	06:00:00	5873.603	5884.890	5850.002	5852.567	438671	1407529	1
2025.02.18	12:00:00	5852.567	5860.263	5834.610	5844.358	318472	1235964	1
2025.02.18	18:00:00	5844.358	5850.515	5842.819	5848.463	12619	50960	1
2025.02.19	06:00:00	5861.289	5891.560	5842.819	5849.489	473571	1586025	1
2025.02.19	12:00:00	5848.976	5889.508	5839.740	5880.273	332910	1249216	1
2025.02.19	18:00:00	5880.273	5885.404	5876.681	5880.786	9218	41309	1
2025.02.20	06:00:00	5861.289	5874.629	5847.950	5851.028	457051	1435164	1
2025.02.20	12:00:00	5851.028	5867.959	5843.845	5860.776	296164	1147989	1
2025.02.20	18:00:00	5861.289	5865.907	5859.237	5862.315	8902	42846	1
2025.02.21	06:00:00	5860.776	5874.629	5852.567	5857.185	379866	1296548	1
2025.02.21	12:00:00	5857.698	5893.100	5849.489	5887.456	374558	1424742	1
2025.02.21	18:00:00	5886.943	5890.534	5883.351	5888.995	13994	50337	1
2025.02.24	06:00:00	5873.603	5890.021	5861.802	5887.456	354015	1185083	1
2025.02.24	12:00:00	5887.456	5933.119	5879.760	5930.554	383320	1437497	1
2025.02.24	18:00:00	5931.067	5940.815	5930.040	5933.119	16845	70938	1
2025.02.25	06:00:00	5919.266	5968.521	5918.240	5930.040	547418	1777688	1
2025.02.25	12:00:00	5930.040	5932.606	5895.152	5905.413	381054	1379049	1
2025.02.25	18:00:00	5905.413	5905.926	5892.073	5892.586	16051	69478	1
2025.02.26	06:00:00	5892.586	5958.259	5884.890	5952.615	475168	1609709	1
2025.02.26	12:00:00	5953.128	5971.086	5922.344	5963.903	471172	1789244	1
2025.02.26	18:00:00	5963.390	5969.034	5952.615	5955.694	14417	60494	1
2025.02.27	06:00:00	5971.086	5985.452	5949.024	5983.400	550441	1656413	1
2025.02.27	12:00:00	5982.886	5991.609	5972.112	5984.426	389567	1273208	1
2025.02.27	18:00:00	5984.426	5995.713	5983.400	5985.452	11918	44721	1
2025.02.28	06:00:00	5978.828	6006.343	5966.599	5987.490	431215	1488084	1
2025.02.28	12:00:00	5987.999	6064.429	5986.980	6030.800	539705	1992523	1
2025.02.28	18:00:00	6030.290	6042.010	6020.609	6024.686	21064	71127	1
2025.03.05	12:00:00	5983.414	5985.452	5888.132	5897.303	590669	2109769	1
2025.03.05	18:00:00	5897.813	5897.813	5877.941	5880.998	22245	98416	1
2025.03.06	06:00:00	5891.189	5908.513	5871.827	5898.832	473441	1464802	1
2025.03.06	12:00:00	5898.322	5921.251	5874.884	5903.417	469132	1528785	1
2025.03.06	18:00:00	5903.417	5905.456	5898.322	5904.946	8521	40232	1
2025.03.07	06:00:00	5898.322	5920.741	5890.679	5911.060	456511	1336716	1
2025.03.07	12:00:00	5911.060	5938.575	5899.851	5927.875	394479	1305014	1
2025.03.07	18:00:00	5927.875	5930.423	5924.818	5925.327	10107	45669	1
2025.03.10	06:00:00	5928.894	5950.804	5908.513	5914.627	423614	1299486	1
2025.03.10	12:00:00	5914.627	6011.438	5912.589	5994.623	503322	1783643	1
2025.03.10	18:00:00	5994.114	5996.661	5992.585	5992.585	5460	26303	1
2025.03.11	06:00:00	5975.771	5985.452	5958.447	5976.790	476857	1470890	1
2025.03.11	12:00:00	5976.790	5978.828	5939.085	5946.728	365508	1279876	1
2025.03.11	18:00:00	5946.728	5948.766	5940.613	5945.199	4963	26222	1
2025.03.12	06:00:00	5947.237	5981.885	5935.008	5957.428	477034	1513734	1
2025.03.12	12:00:00	5957.937	5963.032	5918.703	5932.461	337300	1159769	1
2025.03.12	18:00:00	5932.461	5938.575	5931.951	5938.065	5375	24647	1
2025.03.13	06:00:00	5954.880	5969.656	5937.556	5940.613	395443	1216945	1
2025.03.13	12:00:00	5940.104	5945.199	5924.308	5932.970	259287	960520	1
2025.03.13	18:00:00	5933.480	5934.499	5929.913	5933.989	5365	20319	1
2025.03.14	06:00:00	5920.741	5922.780	5856.031	5862.145	485494	1622550	1
2025.03.14	12:00:00	5862.655	5880.489	5841.255	5872.336	354091	1269563	1
2025.03.14	18:00:00	5872.336	5876.412	5870.807	5875.903	6424	24207	1
2025.03.17	06:00:00	5865.712	5870.807	5826.988	5833.612	422222	1326221	1
2025.03.17	12:00:00	5834.121	5834.631	5791.830	5809.664	366962	1369780	1
2025.03.17	18:00:00	5810.173	5814.759	5808.135	5813.740	6430	25821	1
2025.03.18	06:00:00	5828.007	5839.726	5804.059	5813.231	440248	1360376	1
2025.03.18	12:00:00	5813.231	5816.288	5779.092	5794.887	329822	1142279	1
2025.03.18	18:00:00	5795.397	5797.435	5789.792	5797.435	6874	26004	1
2025.03.19	06:00:00	5807.116	5813.231	5776.544	5782.149	382357	1228660	1
2025.03.19	12:00:00	5781.640	5786.735	5753.106	5770.430	375729	1358784	1
2025.03.19	18:00:00	5770.940	5772.978	5765.844	5770.940	5830	23390	1
2025.03.20	06:00:00	5783.168	5800.492	5767.882	5787.245	416261	1290071	1
2025.03.20	12:00:00	5787.754	5803.550	5775.016	5802.021	338010	1238371	1
2025.03.20	18:00:00	5801.511	5803.550	5796.416	5796.926	6040	28927	1
2025.03.21	06:00:00	5808.135	5852.974	5801.002	5851.445	432038	1414496	1
2025.03.21	12:00:00	5850.936	5855.012	5823.931	5848.898	296058	1083990	1
2025.03.21	18:00:00	5848.898	5857.560	5847.879	5847.879	8675	39330	1
2025.03.24	06:00:00	5831.574	5891.698	5820.364	5858.579	456782	1537051	1
2025.03.24	12:00:00	5858.579	5884.565	5842.783	5884.055	284936	1047295	1
2025.03.24	18:00:00	5883.546	5884.055	5878.960	5879.470	8124	29459	1
2025.03.25	06:00:00	5870.807	5871.317	5796.926	5797.945	478683	1601321	1
2025.03.25	12:00:00	5797.945	5828.007	5792.849	5814.759	331156	1254171	1
2025.03.25	18:00:00	5815.269	5818.326	5813.740	5814.759	7153	26344	1
2025.03.26	06:00:00	5819.854	5851.955	5807.626	5842.274	402341	1297117	1
2025.03.26	12:00:00	5842.274	5862.145	5838.198	5850.426	302564	1125882	1
2025.03.26	18:00:00	5850.936	5853.483	5848.388	5851.445	7987	28002	1
2025.03.27	06:00:00	5838.198	5885.584	5835.140	5854.503	452655	1473736	1
2025.03.27	12:00:00	5853.993	5878.960	5844.312	5859.598	298897	1111486	1
2025.03.27	18:00:00	5859.598	5861.126	5851.445	5853.993	6021	27593	1
2025.03.28	06:00:00	5860.107	5894.246	5859.088	5880.489	467790	1504201	1
2025.03.28	12:00:00	5879.979	5885.074	5857.560	5872.336	304848	1097069	1
2025.03.28	18:00:00	5872.846	5874.884	5868.769	5869.279	4760	18374	1
2025.03.31	06:00:00	5874.346	5894.612	5829.759	5834.825	493866	1591627	1
2025.03.31	12:00:00	5834.825	5850.025	5808.985	5813.545	315725	1196075	1
2025.03.31	18:00:00	5813.545	5814.052	5806.452	5807.465	8381	35569	1
2025.04.01	06:00:00	5820.638	5838.879	5795.305	5797.838	468632	1425742	1
2025.04.01	12:00:00	5797.838	5800.878	5778.078	5787.198	300336	1082964	1
2025.04.01	18:00:00	5787.705	5790.238	5785.171	5787.198	6997	27585	1
2025.04.02	06:00:00	5786.185	5818.612	5763.891	5805.945	519640	1590739	1
2025.04.02	12:00:00	5805.438	5815.065	5750.718	5766.425	468357	1494001	1
2025.04.02	18:00:00	5766.931	5800.372	5765.918	5795.812	10091	46084	1
2025.04.03	06:00:00	5727.918	5747.678	5694.477	5697.517	613002	1888870	1
2025.04.03	12:00:00	5697.517	5736.024	5694.984	5731.464	385528	1180519	1
2025.04.03	18:00:00	5731.464	5738.558	5729.438	5737.038	6043	31455	1
2025.04.04	06:00:00	5802.905	5926.533	5800.372	5916.399	715192	2277329	1
2025.04.04	12:00:00	5915.893	5957.946	5887.519	5947.306	637184	2001870	1
2025.04.04	18:00:00	5947.306	5963.013	5945.786	5961.493	10227	41984	1
2025.04.07	06:00:00	5983.787	6012.160	5917.413	5978.720	829055	2460230	1
2025.04.07	12:00:00	5978.720	6038.000	5965.040	6017.734	580442	1708208	1
2025.04.07	18:00:00	6017.734	6019.254	6013.680	6016.214	5148	23418	1
2025.04.08	06:00:00	5977.200	6059.787	5962.000	6047.627	588309	1886254	1
2025.04.08	12:00:00	6047.120	6122.615	6045.094	6114.508	700737	2213986	1
2025.04.08	18:00:00	6114.508	6120.588	6112.481	6117.548	10710	35355	1
2025.04.09	06:00:00	6130.215	6199.122	6128.188	6164.162	764181	2252886	1
2025.04.09	12:00:00	6163.655	6173.282	5916.906	5920.453	854783	2688234	1
2025.04.09	18:00:00	5920.453	5922.479	5913.866	5921.973	6612	25567	1
2025.04.10	06:00:00	5957.946	6025.334	5920.453	6021.280	646713	1881634	1
2025.04.10	12:00:00	6021.280	6054.721	5980.240	5983.280	615957	1910704	1
2025.04.10	18:00:00	5983.787	5985.813	5977.200	5977.200	5142	21527	1
2025.04.11	06:00:00	5920.959	6014.694	5910.826	5986.320	724086	2111154	1
2025.04.11	12:00:00	5985.813	5992.907	5944.773	5960.480	472463	1349703	1
2025.04.11	18:00:00	5960.480	5962.506	5954.400	5959.466	4929	25031	1
2025.04.14	06:00:00	5937.680	5951.866	5919.439	5934.133	506920	1351176	1
2025.04.14	12:00:00	5934.133	5967.066	5929.066	5947.813	381632	1133512	1
2025.04.14	18:00:00	5948.320	5953.386	5945.786	5952.880	3819	15136	1
2025.04.15	06:00:00	5948.320	5985.307	5922.986	5968.080	540053	1576655	1
2025.04.15	12:00:00	5968.080	5994.427	5967.066	5977.707	329272	1020534	1
2025.04.15	18:00:00	5977.200	5977.707	5966.560	5968.586	4906	26172	1
2025.04.16	06:00:00	5958.453	6008.107	5953.386	5974.667	536050	1584296	1
2025.04.16	12:00:00	5974.160	5976.187	5943.253	5957.946	394627	1226307	1
2025.04.16	18:00:00	5957.946	5963.520	5956.933	5956.933	4594	18005	1
2025.04.17	06:00:00	5964.026	5978.213	5938.186	5947.813	462364	1348637	1
2025.04.17	12:00:00	5947.813	5950.853	5884.479	5895.626	426409	1416975	1
2025.04.17	18:00:00	5895.626	5903.226	5894.612	5901.706	5496	24304	1
2025.04.22	06:00:00	5881.439	5888.026	5836.345	5837.865	435011	1323224	1
2025.04.22	12:00:00	5837.865	5839.892	5802.905	5810.505	389752	1331433	1
2025.04.22	18:00:00	5811.012	5811.518	5801.892	5806.958	6183	26400	1
2025.04.23	06:00:00	5784.158	5792.772	5739.571	5776.558	585359	1811261	1
2025.04.23	12:00:00	5777.065	5811.518	5771.491	5792.265	388195	1298598	1
2025.04.23	18:00:00	5791.758	5794.798	5785.171	5786.185	5330	23158	1
2025.04.24	06:00:00	5787.198	5787.198	5744.638	5757.811	524891	1652126	1
2025.04.24	12:00:00	5758.318	5775.545	5743.118	5764.905	328694	1098115	1
2025.04.24	18:00:00	5765.411	5766.931	5759.838	5764.398	4652	22445	1
2025.04.25	06:00:00	5781.625	5788.212	5756.798	5757.305	462883	1380500	1
2025.04.25	12:00:00	5756.798	5772.505	5744.638	5764.398	310264	1044829	1
2025.04.25	18:00:00	5764.905	5769.971	5761.865	5767.438	5240	20962	1
2025.04.28	06:00:00	5776.051	5778.585	5725.384	5752.745	479692	1525538	1
2025.04.28	12:00:00	5752.238	5766.425	5723.358	5731.971	354815	1315041	1
2025.04.28	18:00:00	5731.971	5733.998	5726.904	5732.478	7120	24991	1
2025.04.29	06:00:00	5737.038	5739.571	5713.731	5722.851	481112	1418766	1
2025.04.29	12:00:00	5722.851	5724.878	5695.491	5696.504	325395	1062239	1
2025.04.29	18:00:00	5696.504	5697.011	5688.904	5690.424	9594	40801	1
2025.04.30	06:00:00	5697.467	5752.801	5678.854	5735.698	541419	1757423	1
2025.04.30	12:00:00	5735.698	5761.856	5726.643	5749.280	395315	1430675	1
2025.04.30	18:00:00	5749.783	5754.814	5743.747	5745.256	5618	30124	1
2025.05.02	06:00:00	5744.753	5749.783	5698.473	5706.018	469811	1403085	1
2025.05.02	12:00:00	5705.515	5734.189	5704.509	5730.164	261686	865551	1
2025.05.02	18:00:00	5729.661	5732.680	5725.637	5729.661	5138	25895	1
2025.05.05	06:00:00	5726.140	5727.649	5698.976	5725.637	386713	1236355	1
2025.05.05	12:00:00	5725.637	5761.353	5724.128	5758.838	302549	1046321	1
2025.05.05	18:00:00	5759.341	5774.432	5758.335	5767.893	9196	43474	1
2025.05.06	06:00:00	5767.893	5807.130	5761.353	5787.511	518950	1683768	1
2025.05.06	12:00:00	5787.008	5797.069	5765.377	5782.984	351079	1207674	1
2025.05.06	18:00:00	5782.984	5786.002	5778.960	5784.493	5831	25184	1
2025.05.07	06:00:00	5774.935	5811.657	5764.874	5806.627	453334	1395927	1
2025.05.07	12:00:00	5807.130	5830.773	5796.566	5813.167	396683	1340015	1
2025.05.07	18:00:00	5813.167	5815.179	5805.621	5807.633	4743	25505	1
2025.05.08	06:00:00	5787.008	5815.682	5736.704	5743.244	522619	1707114	1
2025.05.08	12:00:00	5743.244	5753.807	5726.140	5728.655	332574	1202094	1
2025.05.08	18:00:00	5728.152	5730.667	5724.128	5725.134	9164	38181	1
2025.05.09	06:00:00	5732.177	5733.183	5709.037	5710.043	436744	1340783	1
2025.05.09	12:00:00	5709.540	5720.607	5700.988	5719.097	267987	998299	1
2025.05.09	18:00:00	5719.097	5719.600	5705.012	5713.564	6768	34815	1
2025.05.12	06:00:00	5734.692	5759.844	5721.613	5744.753	521616	1609838	1
2025.05.12	12:00:00	5744.753	5767.893	5736.201	5736.704	294620	1057462	1
2025.05.12	18:00:00	5736.704	5737.207	5730.164	5732.177	6175	30776	1
2025.05.13	06:00:00	5721.110	5733.686	5680.866	5687.909	520185	1675330	1
2025.05.13	12:00:00	5687.909	5688.412	5653.199	5667.284	374000	1488662	1
2025.05.13	18:00:00	5667.284	5672.817	5665.775	5672.817	7406	31805	1
2025.05.14	06:00:00	5661.247	5673.824	5638.611	5670.302	556611	1731245	1
2025.05.14	12:00:00	5670.302	5695.454	5659.738	5694.448	322490	1153453	1
2025.05.14	18:00:00	5694.448	5699.479	5692.436	5696.964	6657	30591	1
2025.05.15	06:00:00	5688.412	5702.497	5669.296	5700.485	474172	1470181	1
2025.05.15	12:00:00	5700.485	5753.807	5688.915	5738.213	483038	1701904	1
2025.05.15	18:00:00	5738.213	5743.244	5735.698	5737.710	6152	25716	1
2025.05.16	06:00:00	5727.649	5767.893	5723.122	5751.292	481043	1494053	1
2025.05.16	12:00:00	5751.292	5753.304	5714.570	5717.085	289424	1057918	1
2025.05.16	18:00:00	5717.588	5723.122	5715.073	5722.619	5122	23942	1
2025.05.19	06:00:00	5711.049	5743.244	5700.988	5704.509	539197	1517779	1
2025.05.19	12:00:00	5704.509	5707.527	5684.387	5703.000	295939	997205	1
2025.05.19	18:00:00	5703.503	5704.006	5697.467	5697.467	5079	23744	1
2025.05.20	06:00:00	5696.964	5725.134	5691.933	5717.588	521387	1669065	1
2025.05.20	12:00:00	5717.085	5733.183	5707.527	5717.588	291132	1087755	1
2025.05.20	18:00:00	5717.085	5719.600	5711.049	5711.049	4607	25946	1
2025.05.21	06:00:00	5717.588	5725.637	5691.933	5694.448	432594	1330906	1
2025.05.21	12:00:00	5694.448	5714.067	5686.903	5692.436	322799	1154572	1
2025.05.21	18:00:00	5692.939	5693.945	5689.418	5691.933	5070	22376	1
2025.05.22	06:00:00	5694.951	5725.637	5679.357	5680.866	515971	1638637	1
2025.05.22	12:00:00	5681.369	5762.862	5638.611	5760.347	619570	2471018	1
2025.05.22	18:00:00	5760.850	5818.700	5759.341	5800.087	32076	164685	1
2025.05.23	06:00:00	5774.935	5787.511	5722.116	5725.637	611499	1943440	1
2025.05.23	12:00:00	5725.637	5731.674	5684.891	5688.412	326964	1095626	1
2025.05.23	18:00:00	5687.909	5698.473	5687.406	5693.945	6545	32756	1
2025.05.26	06:00:00	5684.387	5712.558	5676.339	5706.018	357010	1017591	1
2025.05.26	12:00:00	5706.521	5720.607	5701.491	5710.546	170147	586401	1
2025.05.26	18:00:00	5710.546	5711.552	5703.503	5703.503	4218	17813	1
2025.05.27	06:00:00	5699.479	5711.552	5682.878	5693.442	456548	1453963	1
2025.05.27	12:00:00	5693.442	5702.497	5674.327	5681.369	269936	935511	1
2025.05.27	18:00:00	5680.866	5681.872	5675.836	5677.345	4960	20069	1
2025.05.28	06:00:00	5687.406	5737.207	5681.369	5734.189	460045	1451889	1
2025.05.28	12:00:00	5734.692	5755.820	5719.097	5726.140	376116	1332258	1
2025.05.28	18:00:00	5726.140	5728.655	5723.122	5728.655	4345	19410	1
2025.05.29	06:00:00	5735.195	5740.728	5679.860	5681.872	485538	1486922	1
2025.05.29	12:00:00	5682.375	5712.055	5679.357	5704.006	275118	979005	1
2025.05.29	18:00:00	5703.503	5705.515	5698.976	5703.000	5494	25151	1
2025.05.30	06:00:00	5707.000	5777.500	5696.000	5769.000	501665	1681118	1
2025.05.30	12:00:00	5768.500	5771.000	5743.000	5760.000	296435	1113867	1
2025.05.30	18:00:00	5760.000	5770.000	5760.000	5769.000	7274	34700	1
2025.06.02	06:00:00	5737.500	5745.000	5701.500	5724.500	480769	1459145	1
2025.06.02	12:00:00	5724.500	5745.000	5707.500	5709.500	306338	995043	1
2025.06.02	18:00:00	5709.000	5714.000	5708.500	5713.500	4402	20915	1
2025.06.03	06:00:00	5714.000	5745.000	5675.500	5677.500	527702	1723616	1
2025.06.03	12:00:00	5678.000	5692.000	5658.500	5672.500	330544	1134677	1
2025.06.03	18:00:00	5672.500	5675.500	5668.500	5672.000	5724	27064	1
2025.06.04	06:00:00	5670.000	5674.500	5641.500	5659.000	480782	1425176	1
2025.06.04	12:00:00	5659.500	5684.000	5659.500	5667.500	286631	1004261	1
2025.06.04	18:00:00	5668.000	5669.500	5662.000	5662.000	5304	23969	1
2025.06.05	06:00:00	5665.000	5668.500	5619.000	5627.500	521689	1671499	1
2025.06.05	12:00:00	5627.500	5633.500	5608.000	5618.500	313393	1144379	1
2025.06.05	18:00:00	5619.000	5619.500	5611.000	5613.000	6825	29254	1
2025.06.06	06:00:00	5624.000	5640.000	5591.500	5638.000	537463	1640857	1
2025.06.06	12:00:00	5638.000	5645.500	5585.500	5587.500	368324	1290701	1
2025.06.06	18:00:00	5587.500	5593.000	5585.000	5592.000	7047	31146	1
2025.06.09	06:00:00	5596.500	5624.500	5577.500	5612.000	470972	1400320	1
2025.06.09	12:00:00	5612.000	5612.500	5580.500	5584.500	282554	935098	1
2025.06.09	18:00:00	5584.000	5587.000	5583.500	5584.000	5688	26619	1
2025.06.10	06:00:00	5581.500	5595.500	5561.500	5584.000	472052	1532331	1
2025.06.10	12:00:00	5584.500	5601.000	5575.000	5597.500	276417	908270	1
2025.06.10	18:00:00	5597.000	5599.000	5592.500	5592.500	4507	20682	1
2025.06.11	06:00:00	5591.000	5602.000	5552.000	5564.500	518710	1678182	1
2025.06.11	12:00:00	5564.500	5567.500	5542.500	5557.500	287879	1052599	1
2025.06.11	18:00:00	5557.500	5560.000	5556.500	5560.000	5780	24071	1
2025.06.12	06:00:00	5550.000	5579.000	5544.500	5566.500	433021	1358982	1
2025.06.12	12:00:00	5566.500	5579.500	5555.500	5557.500	252765	974824	1
2025.06.12	18:00:00	5557.000	5558.000	5552.000	5553.000	5142	25423	1
2025.06.13	06:00:00	5587.000	5612.000	5563.500	5569.500	488254	1598606	1
2025.06.13	12:00:00	5570.000	5576.500	5548.500	5561.000	294133	1140517	1
2025.06.13	18:00:00	5561.500	5569.500	5561.000	5569.000	5832	27108	1
2025.06.16	06:00:00	5543.000	5553.500	5512.500	5519.500	436238	1422371	1
2025.06.16	12:00:00	5519.000	5536.000	5500.500	5507.000	324313	1254721	1
2025.06.16	18:00:00	5507.500	5508.000	5498.000	5498.500	8564	39842	1
2025.06.17	06:00:00	5508.000	5520.000	5480.000	5500.000	496245	1598605	1
2025.06.17	12:00:00	5500.000	5521.000	5483.000	5513.500	365924	1361607	1
2025.06.17	18:00:00	5514.000	5514.500	5507.500	5507.500	5335	25216	1
2025.06.18	06:00:00	5506.000	5524.500	5488.000	5495.000	434188	1406085	1
2025.06.18	12:00:00	5495.000	5522.000	5494.500	5504.500	320828	1149288	1
2025.06.18	18:00:00	5504.500	5506.000	5493.000	5496.000	5871	33765	1
2025.06.20	06:00:00	5483.000	5516.500	5480.000	5514.000	395825	1263747	1
2025.06.20	12:00:00	5513.500	5538.000	5509.500	5524.000	305746	1038496	1
2025.06.20	18:00:00	5523.000	5530.500	5521.500	5527.000	6418	33518	1
2025.06.23	06:00:00	5545.500	5552.500	5515.500	5522.000	481304	1512658	1
2025.06.23	12:00:00	5522.000	5534.000	5503.000	5505.500	355858	1266126	1
2025.06.23	18:00:00	5505.000	5506.000	5501.000	5505.000	6668	29598	1
2025.06.24	06:00:00	5482.000	5513.000	5482.000	5502.000	469070	1571670	1
2025.06.24	12:00:00	5502.500	5530.000	5493.000	5518.000	324279	1257620	1
2025.06.24	18:00:00	5517.500	5525.000	5517.000	5519.500	5978	28514	1
2025.06.25	06:00:00	5517.500	5558.000	5515.000	5549.000	471255	1545179	1
2025.06.25	12:00:00	5549.000	5579.000	5536.000	5568.500	354883	1335705	1
2025.06.25	18:00:00	5568.500	5569.000	5562.000	5562.000	5540	27192	1
2025.06.26	06:00:00	5552.000	5567.000	5507.000	5510.000	489317	1586916	1
2025.06.26	12:00:00	5510.000	5516.000	5490.500	5492.000	335117	1221911	1
2025.06.26	18:00:00	5491.500	5492.500	5411.500	5483.000	18815	113632	1
2025.06.27	06:00:00	5530.055	5547.685	5501.849	5529.552	503505	1621434	1
2025.06.27	12:00:00	5530.055	5539.122	5506.886	5528.041	365595	1350648	1
2025.06.27	18:00:00	5528.041	5528.544	5519.982	5522.500	5809	25664	1
2025.06.30	06:00:00	5525.500	5547.500	5496.500	5497.500	467331	1548494	1
2025.06.30	12:00:00	5497.500	5501.500	5465.000	5474.500	344184	1397246	1
2025.06.30	18:00:00	5474.000	5475.000	5468.500	5473.500	5895	33493	1
2025.07.01	06:00:00	5467.500	5499.000	5457.500	5491.000	450143	1436421	1
2025.07.01	12:00:00	5491.000	5509.500	5488.500	5498.500	289694	1073133	1
2025.07.01	18:00:00	5498.500	5501.500	5493.000	5495.500	5180	24504	1
2025.07.02	06:00:00	5502.000	5518.500	5479.500	5483.500	483652	1589314	1
2025.07.02	12:00:00	5484.000	5485.000	5452.500	5462.000	322831	1259265	1
2025.07.02	18:00:00	5462.000	5465.000	5457.500	5464.500	7533	39669	1
2025.07.03	06:00:00	5465.000	5482.500	5440.000	5445.500	430619	1492009	1
2025.07.03	12:00:00	5446.000	5468.500	5437.500	5444.000	247105	927437	1
2025.07.03	18:00:00	5444.500	5449.000	5440.500	5448.000	7075	29358	1
2025.07.04	06:00:00	5455.500	5460.000	5437.500	5441.000	257203	772223	1
2025.07.04	12:00:00	5441.500	5462.000	5440.000	5456.000	130886	497403	1
2025.07.04	18:00:00	5455.500	5458.500	5452.500	5455.500	4761	22278	1
2025.07.07	06:00:00	5474.000	5502.000	5470.500	5489.500	441888	1475688	1
2025.07.07	12:00:00	5489.000	5523.000	5488.000	5521.500	313969	1216585	1
2025.07.07	18:00:00	5521.500	5526.000	5518.000	5520.500	8605	38089	1
2025.07.08	06:00:00	5505.500	5510.500	5479.500	5491.000	429577	1414518	1
2025.07.08	12:00:00	5491.000	5505.000	5467.000	5478.500	337354	1204795	1
2025.07.08	18:00:00	5478.500	5485.000	5476.500	5483.500	5941	28524	1
2025.07.09	06:00:00	5488.000	5506.500	5479.500	5500.500	330289	1133995	1
2025.07.09	12:00:00	5500.500	5638.000	5478.000	5606.000	483416	1965599	1
2025.07.09	18:00:00	5606.500	5633.000	5602.000	5608.500	17188	99182	1
2025.07.10	06:00:00	5643.500	5658.000	5553.000	5575.500	235612	2433121	0
2025.07.10	12:00:00	5576.000	5593.000	5555.000	5561.000	128303	1456490	0
2025.07.10	18:00:00	5560.500	5566.500	5558.000	5561.500	3283	27437	0
2025.07.11	06:00:00	5579.500	5619.000	5577.000	5598.000	172624	1729385	0
2025.07.11	12:00:00	5598.500	5610.000	5567.500	5585.000	90292	994485	0
2025.07.11	18:00:00	5584.500	5597.000	5584.500	5590.500	3542	31968	0
2025.07.14	06:00:00	5591.500	5599.500	5568.500	5588.000	144234	1333750	0
2025.07.14	12:00:00	5587.500	5618.000	5587.000	5613.500	96767	1129305	0
2025.07.14	18:00:00	5613.000	5621.500	5611.500	5613.000	3911	33810	0
2025.07.15	06:00:00	5599.000	5623.000	5556.500	5577.000	186753	1854740	0
2025.07.15	12:00:00	5577.000	5627.000	5570.000	5578.000	141180	1663935	0
2025.07.15	18:00:00	5578.500	5580.000	5572.500	5574.000	3191	29204	0
2025.07.16	06:00:00	5585.000	5613.500	5576.500	5590.500	471798	1561117	1
2025.07.16	12:00:00	5591.000	5598.000	5560.000	5588.000	445282	1702634	1
2025.07.16	18:00:00	5588.000	5588.000	5583.000	5587.000	4925	20055	1
2025.07.17	06:00:00	5601.000	5629.000	5575.500	5580.000	452746	1528974	1
2025.07.17	12:00:00	5580.000	5590.000	5556.500	5567.000	262265	996941	1
2025.07.17	18:00:00	5567.000	5572.500	5563.000	5567.000	11073	53737	1
2025.07.18	06:00:00	5581.000	5585.000	5539.500	5561.500	438024	1499805	1
2025.07.18	12:00:00	5561.000	5615.000	5555.500	5596.500	326636	1333474	1
2025.07.18	18:00:00	5596.500	5598.500	5588.000	5592.500	6786	34758	1
2025.07.21	06:00:00	5610.000	5626.500	5570.000	5574.000	422377	1382035	1
2025.07.21	12:00:00	5574.000	5585.000	5565.000	5582.500	223494	805302	1
2025.07.21	18:00:00	5582.000	5583.500	5580.000	5581.000	5570	26274	1
2025.07.22	06:00:00	5584.500	5603.500	5573.000	5579.000	451590	1497128	1
2025.07.22	12:00:00	5579.500	5586.500	5564.000	5578.500	271225	1021935	1
2025.07.22	18:00:00	5578.000	5578.500	5572.000	5575.000	4644	20451	1
2025.07.23	06:00:00	5575.000	5588.500	5565.000	5567.000	379537	1304898	1
2025.07.23	12:00:00	5567.500	5572.000	5525.500	5532.000	314706	1245754	1
2025.07.23	18:00:00	5531.500	5532.000	5520.500	5521.000	9179	41911	1
2025.07.24	06:00:00	5534.500	5549.000	5526.000	5537.500	376911	1307656	1
2025.07.24	12:00:00	5538.000	5545.500	5521.500	5531.000	243281	988205	1
2025.07.24	18:00:00	5531.000	5532.500	5526.000	5532.500	4953	18885	1
2025.07.25	06:00:00	5540.000	5554.000	5528.500	5545.500	352764	1236637	1
2025.07.25	12:00:00	5546.000	5581.000	5544.500	5570.500	278944	1110382	1
2025.07.25	18:00:00	5571.000	5574.500	5567.500	5568.000	5010	26463	1
2025.07.28	06:00:00	5592.500	5611.500	5573.500	5588.500	392800	1465918	1
2025.07.28	12:00:00	5588.500	5609.000	5586.500	5594.000	238070	934002	1
2025.07.28	18:00:00	5594.500	5597.500	5593.000	5594.500	5303	22814	1
2025.07.29	06:00:00	5604.000	5607.500	5573.000	5596.000	427799	1678428	1
2025.07.29	12:00:00	5596.000	5598.000	5562.000	5577.500	278342	1134984	1
2025.07.29	18:00:00	5577.500	5585.000	5577.000	5580.000	5875	32260	1
2025.07.30	06:00:00	5623.496	5659.270	5623.496	5648.689	396624	1458159	1
2025.07.30	12:00:00	5649.193	5675.393	5578.653	5613.923	623495	2323957	1
2025.07.30	18:00:00	5614.427	5627.527	5613.419	5624.000	6104	23467	1
2025.07.31	06:00:00	5610.000	5668.000	5606.000	5641.000	441583	1701431	1
2025.07.31	12:00:00	5641.000	5660.000	5623.500	5645.500	282661	1141305	1
2025.07.31	18:00:00	5645.000	5652.000	5645.000	5649.500	6367	26811	1
2025.08.01	06:00:00	5662.000	5669.500	5568.000	5589.000	571755	2165966	1
2025.08.01	12:00:00	5589.000	5603.000	5574.000	5584.000	301008	1176663	1
2025.08.01	18:00:00	5584.000	5585.000	5578.500	5581.000	6087	25616	1
2025.08.04	06:00:00	5572.000	5583.000	5534.000	5545.000	380118	1351309	1
2025.08.04	12:00:00	5544.500	5565.000	5536.000	5537.500	261378	1042836	1
2025.08.04	18:00:00	5537.000	5559.000	5531.500	5559.000	15840	87946	1
2025.08.05	06:00:00	5570.500	5573.000	5535.000	5549.000	420510	1419261	1
2025.08.05	12:00:00	5549.000	5551.000	5536.000	5544.500	207267	792384	1
2025.08.05	18:00:00	5544.500	5545.000	5539.000	5541.500	6216	23890	1
2025.08.06	06:00:00	5538.500	5545.500	5494.000	5515.000	420441	1571473	1
2025.08.06	12:00:00	5515.000	5517.500	5492.500	5498.500	252241	1038538	1
2025.08.06	18:00:00	5498.000	5499.000	5492.000	5493.000	8712	37442	1
2025.08.07	06:00:00	5498.000	5508.000	5484.000	5503.500	412045	1445833	1
2025.08.07	12:00:00	5504.000	5509.000	5448.000	5456.000	346222	1473009	1
2025.08.07	18:00:00	5456.000	5457.500	5445.500	5448.000	9509	45338	1
2025.08.08	06:00:00	5457.000	5468.500	5445.000	5456.000	362322	1281826	1
2025.08.08	12:00:00	5456.000	5473.500	5446.500	5463.500	271568	1158870	1
2025.08.08	18:00:00	5464.000	5466.500	5459.500	5462.000	4742	21431	1
2025.08.11	06:00:00	5470.000	5486.500	5464.000	5481.000	303757	1077591	1
2025.08.11	12:00:00	5481.000	5487.500	5462.000	5471.000	234673	922389	1
2025.08.11	18:00:00	5471.000	5472.000	5467.000	5467.500	4558	22114	1
2025.08.12	06:00:00	5468.500	5470.500	5430.500	5435.000	413326	1500252	1
2025.08.12	12:00:00	5435.000	5435.500	5411.500	5415.500	290709	1292005	1
2025.08.12	18:00:00	5415.500	5430.000	5414.000	5428.500	11218	59575	1
2025.08.13	06:00:00	5413.000	5428.000	5404.000	5417.500	361283	1326333	1
2025.08.13	12:00:00	5417.500	5435.000	5414.000	5423.000	239257	995836	1
2025.08.13	18:00:00	5423.500	5423.500	5413.000	5415.000	6095	26544	1
2025.08.14	06:00:00	5425.500	5447.000	5417.500	5422.500	407278	1467390	1
2025.08.14	12:00:00	5423.000	5455.500	5422.000	5439.000	275018	1161639	1
2025.08.14	18:00:00	5439.500	5440.000	5433.500	5434.500	5201	27070	1
2025.08.15	06:00:00	5428.000	5429.500	5405.500	5415.000	303789	1092741	1
2025.08.15	12:00:00	5414.500	5426.000	5413.000	5422.500	188665	782896	1
2025.08.15	18:00:00	5422.000	5423.000	5412.000	5414.000	5653	25183	1
2025.08.18	06:00:00	5422.000	5441.000	5422.000	5434.000	294397	1046381	1
2025.08.18	12:00:00	5434.000	5459.000	5432.000	5455.000	243902	1032050	1
2025.08.18	18:00:00	5455.000	5460.000	5454.000	5456.500	9191	41984	1
2025.08.19	06:00:00	5451.500	5506.500	5446.000	5497.000	416336	1696516	1
2025.08.19	12:00:00	5497.500	5525.000	5479.000	5520.500	348008	1532492	1
2025.08.19	18:00:00	5520.500	5524.000	5514.500	5515.500	9379	45587	1
2025.08.20	06:00:00	5513.000	5519.500	5479.500	5487.000	383239	1429324	1
2025.08.20	12:00:00	5486.500	5501.500	5476.500	5497.000	273677	1189613	1
2025.08.20	18:00:00	5497.000	5498.500	5490.000	5492.500	7457	32446	1
2025.08.21	06:00:00	5503.000	5510.500	5480.000	5498.000	428698	1515401	1
2025.08.21	12:00:00	5498.000	5508.500	5481.000	5489.000	260825	1060322	1
2025.08.21	18:00:00	5489.500	5490.000	5484.500	5484.500	6110	27628	1
2025.08.22	06:00:00	5486.500	5488.500	5430.000	5434.000	439148	1669470	1
2025.08.22	12:00:00	5434.000	5440.000	5423.500	5437.500	213902	886469	1
2025.08.22	18:00:00	5437.500	5441.000	5435.000	5437.500	5174	25491	1
2025.08.25	06:00:00	5438.500	5446.500	5410.500	5414.500	275901	1028040	1
2025.08.25	12:00:00	5414.000	5424.500	5413.000	5421.500	189559	808728	1
2025.08.25	18:00:00	5421.000	5421.500	5417.000	5418.500	5735	31008	1
2025.08.26	06:00:00	5410.000	5440.000	5405.500	5434.500	310689	1211884	1
2025.08.26	12:00:00	5434.500	5456.000	5431.000	5438.500	230798	1022934	1
2025.08.26	18:00:00	5438.000	5440.500	5436.000	5439.500	5218	25535	1
2025.08.27	06:00:00	5455.000	5462.500	5432.500	5450.500	368371	1463756	1
2025.08.27	12:00:00	5450.500	5452.500	5419.500	5423.500	278794	1150371	1
2025.08.27	18:00:00	5423.000	5425.000	5419.500	5424.500	5509	26568	1
2025.08.28	06:00:00	5456.482	5473.101	5445.403	5449.935	391576	1517335	1
2025.08.28	12:00:00	5450.439	5460.007	5437.345	5454.971	223536	948412	1
2025.08.28	18:00:00	5454.971	5459.000	5451.950	5459.000	6445	28191	1
2025.08.29	06:00:00	5460.000	5483.000	5452.000	5467.500	404526	1572381	1
2025.08.29	12:00:00	5467.000	5475.000	5457.500	5470.500	196744	918265	1
2025.08.29	18:00:00	5470.500	5474.000	5467.000	5467.000	5336	27219	1
2025.09.01	06:00:00	5463.500	5481.500	5454.500	5479.500	236103	930039	1
2025.09.01	12:00:00	5479.000	5489.000	5477.000	5479.500	138568	591141	1
2025.09.01	18:00:00	5479.500	5483.000	5477.000	5477.500	4984	24791	1
2025.09.02	06:00:00	5505.000	5539.000	5491.500	5496.500	460873	1784066	1
2025.09.02	12:00:00	5497.000	5515.500	5482.500	5502.500	272916	1124527	1
2025.09.02	18:00:00	5502.000	5508.000	5501.500	5506.000	4967	23312	1
2025.09.03	06:00:00	5499.000	5500.000	5469.000	5476.000	344743	1302184	1
2025.09.03	12:00:00	5476.500	5504.000	5475.500	5486.500	233315	973040	1
2025.09.03	18:00:00	5486.500	5487.000	5483.000	5484.000	4597	20017	1
2025.09.04	06:00:00	5499.500	5500.000	5481.000	5495.500	309674	1154031	1
2025.09.04	12:00:00	5495.500	5507.000	5476.500	5481.500	241431	1002199	1
2025.09.04	18:00:00	5481.000	5482.500	5478.500	5480.500	5639	23129	1
2025.09.05	06:00:00	5463.500	5472.500	5415.000	5441.500	464812	1842818	1
2025.09.05	12:00:00	5441.500	5452.000	5427.000	5446.500	245345	996042	1
2025.09.05	18:00:00	5446.500	5452.500	5444.000	5444.000	6500	32309	1
2025.09.08	06:00:00	5439.000	5478.500	5433.000	5468.500	323625	1267161	1
2025.09.08	12:00:00	5469.000	5469.000	5446.000	5450.000	204481	832991	1
2025.09.08	18:00:00	5450.000	5454.500	5448.500	5452.000	4946	20064	1
2025.09.09	06:00:00	5450.000	5467.000	5441.000	5451.000	366394	1350805	1
2025.09.09	12:00:00	5451.000	5472.000	5450.500	5467.000	208462	822155	1
2025.09.09	18:00:00	5467.000	5470.000	5460.000	5460.500	6688	34200	1
2025.09.10	06:00:00	5460.500	5465.000	5426.000	5431.000	387177	1430689	1
2025.09.10	12:00:00	5431.000	5436.500	5424.000	5434.000	182671	762843	1
2025.09.10	18:00:00	5434.000	5434.000	5426.000	5427.500	6410	29709	1
2025.09.11	06:00:00	5435.000	5449.000	5400.000	5406.000	388910	1521056	1
2025.09.11	12:00:00	5406.000	5418.500	5399.000	5414.500	230138	1045989	1
2025.09.11	18:00:00	5415.000	5416.500	5409.000	5414.500	6741	30884	1
2025.09.12	06:00:00	5423.000	5431.500	5376.000	5385.000	372614	1513131	1
2025.09.12	12:00:00	5385.500	5388.000	5366.000	5377.000	257302	1226103	1
2025.09.12	18:00:00	5377.000	5377.500	5363.500	5370.500	11676	58988	1
2025.09.15	06:00:00	5369.500	5371.500	5335.500	5336.500	352071	1451082	1
2025.09.15	12:00:00	5336.500	5343.000	5329.000	5337.500	201445	917590	1
2025.09.15	18:00:00	5337.500	5340.000	5334.000	5337.500	6897	30131	1
2025.09.16	06:00:00	5324.500	5340.000	5315.500	5330.000	352370	1335722	1
2025.09.16	12:00:00	5330.000	5332.500	5310.000	5315.500	220311	986344	1
2025.09.16	18:00:00	5315.000	5315.500	5312.500	5313.000	5445	28561	1
2025.09.17	06:00:00	5317.500	5324.500	5308.500	5318.500	249722	999220	1
2025.09.17	12:00:00	5318.500	5329.000	5291.000	5321.500	424015	1691489	1
2025.09.17	18:00:00	5321.500	5327.500	5320.000	5327.000	5875	27818	1
2025.09.18	06:00:00	5309.500	5329.000	5284.500	5315.500	403653	1624160	1
2025.09.18	12:00:00	5316.000	5334.000	5309.000	5328.500	206945	955206	1
2025.09.18	18:00:00	5328.500	5328.500	5320.000	5321.000	5982	26223	1
2025.09.19	06:00:00	5338.000	5351.500	5329.500	5330.500	299483	1196751	1
2025.09.19	12:00:00	5330.500	5342.500	5328.000	5336.000	175857	803648	1
2025.09.19	18:00:00	5336.500	5347.500	5336.000	5346.000	6351	31219	1
2025.09.22	06:00:00	5335.000	5376.000	5331.000	5364.000	364845	1530687	1
2025.09.22	12:00:00	5364.000	5367.000	5341.500	5346.000	217244	932902	1
2025.09.22	18:00:00	5345.500	5347.000	5343.500	5346.500	4827	26480	1
2025.09.23	06:00:00	5347.500	5354.500	5300.500	5309.500	364965	1566436	1
2025.09.23	12:00:00	5309.500	5312.000	5285.000	5291.000	301828	1430208	1
2025.09.23	18:00:00	5291.500	5292.000	5284.500	5285.000	8772	45279	1
2025.09.24	06:00:00	5302.000	5324.000	5300.000	5315.000	287887	1183920	1
2025.09.24	12:00:00	5315.000	5341.000	5314.000	5339.000	218590	952551	1
2025.09.24	18:00:00	5339.500	5341.000	5307.000	5313.000	23310	153575	1
2025.09.25	06:00:00	5331.000	5359.000	5314.500	5356.500	411022	1714527	1
2025.09.25	12:00:00	5356.500	5377.000	5348.500	5369.000	273898	1290557	1
2025.09.25	18:00:00	5369.500	5373.000	5368.000	5369.000	6576	29254	1
2025.09.26	06:00:00	5370.000	5370.000	5340.000	5349.500	370258	1513038	1
2025.09.26	12:00:00	5349.500	5351.500	5338.000	5345.500	185229	758508	1
2025.09.26	18:00:00	5345.500	5355.000	5343.000	5354.500	6540	27281	1
2025.09.29	06:00:00	5386.679	5388.191	5347.879	5368.539	353737	1456476	1
2025.09.29	12:00:00	5368.035	5374.082	5354.430	5366.523	202906	885743	1
2025.09.29	18:00:00	5366.523	5369.547	5361.988	5363.500	6220	26636	1
2025.09.30	06:00:00	5355.000	5370.000	5346.000	5370.000	330690	1390791	1
2025.09.30	12:00:00	5370.000	5376.000	5354.000	5365.000	234005	1100917	1
2025.09.30	18:00:00	5365.000	5365.000	5358.500	5361.000	4704	20263	1
2025.10.01	06:00:00	5347.500	5366.500	5334.000	5360.000	382528	1553947	1
2025.10.01	12:00:00	5360.500	5376.500	5357.000	5369.500	230210	1030915	1
2025.10.01	18:00:00	5369.500	5371.000	5366.000	5368.000	5190	22830	1
2025.10.02	06:00:00	5359.500	5393.500	5347.000	5388.000	349760	1411160	1
2025.10.02	12:00:00	5388.000	5413.000	5374.500	5377.500	288032	1343597	1
2025.10.02	18:00:00	5378.000	5380.000	5375.500	5379.000	3936	21292	1
2025.10.03	06:00:00	5370.000	5396.500	5361.500	5391.500	382679	1536130	1
2025.10.03	12:00:00	5391.500	5399.000	5365.000	5374.500	254805	1088880	1
2025.10.03	18:00:00	5375.000	5378.500	5374.500	5378.000	4311	17699	1
2025.10.06	06:00:00	5382.000	5386.000	5348.500	5357.000	374800	1524467	1
2025.10.06	12:00:00	5357.500	5359.500	5343.000	5348.000	178624	801760	1
2025.10.06	18:00:00	5348.000	5349.000	5342.000	5343.000	8321	37937	1
2025.10.07	06:00:00	5354.500	5379.000	5352.000	5369.500	353555	1373946	1
2025.10.07	12:00:00	5369.500	5390.000	5364.000	5384.000	243194	1093094	1
2025.10.07	18:00:00	5383.500	5391.000	5382.500	5388.000	8509	40986	1
2025.10.08	06:00:00	5388.000	5395.000	5360.000	5378.500	362511	1416295	1
2025.10.08	12:00:00	5378.000	5390.000	5371.000	5374.500	238520	1060773	1
2025.10.08	18:00:00	5374.500	5374.500	5364.000	5364.000	7826	43031	1
2025.10.09	06:00:00	5360.000	5395.500	5352.500	5392.500	397102	1538636	1
2025.10.09	12:00:00	5392.500	5408.000	5388.500	5397.500	273619	1240599	1
2025.10.09	18:00:00	5397.500	5409.500	5397.000	5406.500	9153	45579	1
2025.10.10	06:00:00	5399.500	5523.000	5387.500	5481.500	626642	2561450	1
2025.10.10	12:00:00	5481.000	5549.500	5477.000	5548.000	551910	2217436	1
2025.10.10	18:00:00	5548.000	5560.000	5540.000	5559.500	12607	53237	1
2025.10.13	06:00:00	5520.000	5526.000	5478.000	5478.000	465593	1690406	1
2025.10.13	12:00:00	5478.000	5494.500	5468.000	5491.000	231783	944263	1
2025.10.13	18:00:00	5491.500	5494.000	5484.000	5484.000	6166	28082	1
2025.10.14	06:00:00	5506.000	5543.000	5506.000	5523.500	488331	1892835	1
2025.10.14	12:00:00	5524.000	5531.000	5480.500	5505.500	349310	1465022	1
2025.10.14	18:00:00	5505.500	5509.500	5500.500	5500.500	5523	24084	1
2025.10.15	06:00:00	5482.500	5493.500	5454.500	5456.000	375431	1446718	1
2025.10.15	12:00:00	5456.000	5490.000	5455.000	5476.500	258688	1098592	1
2025.10.15	18:00:00	5476.500	5477.000	5469.500	5475.000	5678	27765	1
2025.10.16	06:00:00	5470.000	5473.500	5442.000	5444.000	347307	1366859	1
2025.10.16	12:00:00	5444.000	5479.500	5442.500	5467.000	303912	1267776	1
2025.10.16	18:00:00	5466.500	5473.500	5464.500	5473.000	4840	30845	1
2025.10.17	06:00:00	5469.500	5479.000	5440.500	5449.500	383061	1486342	1
2025.10.17	12:00:00	5449.500	5450.000	5421.500	5427.000	230070	974781	1
2025.10.17	18:00:00	5427.500	5429.500	5421.000	5425.000	6773	33880	1
2025.10.20	06:00:00	5429.500	5429.500	5383.000	5394.000	310244	1234613	1
2025.10.20	12:00:00	5394.000	5398.500	5383.000	5391.000	166862	759068	1
2025.10.20	18:00:00	5391.500	5392.500	5387.000	5389.500	6700	32614	1
2025.10.21	06:00:00	5404.500	5419.500	5392.500	5399.500	350256	1358812	1
2025.10.21	12:00:00	5399.500	5405.500	5384.000	5403.000	246756	1033656	1
2025.10.21	18:00:00	5403.000	5404.500	5398.500	5402.500	4016	22631	1
2025.10.22	06:00:00	5407.500	5414.000	5389.000	5406.000	314641	1203109	1
2025.10.22	12:00:00	5406.000	5426.000	5399.000	5413.000	284528	1229578	1
2025.10.22	18:00:00	5413.000	5414.000	5410.000	5414.000	4039	20491	1
2025.10.23	06:00:00	5414.000	5415.000	5390.500	5395.500	260198	1032090	1
2025.10.23	12:00:00	5395.500	5407.000	5389.500	5394.500	181905	841272	1
2025.10.23	18:00:00	5395.000	5395.000	5391.000	5392.000	4868	24331	1
2025.10.24	06:00:00	5397.000	5401.500	5372.000	5396.500	313019	1199115	1
2025.10.24	12:00:00	5396.500	5405.000	5388.000	5399.000	163478	704152	1
2025.10.24	18:00:00	5399.500	5400.500	5395.500	5395.500	4217	29236	1
2025.10.27	06:00:00	5372.500	5393.500	5368.000	5385.500	269375	1047972	1
2025.10.27	12:00:00	5385.500	5390.500	5375.500	5381.000	183758	898045	1
2025.10.27	18:00:00	5381.500	5382.500	5379.000	5382.000	3679	17460	1
2025.10.28	06:00:00	5385.500	5393.500	5370.000	5372.500	265017	1131622	1
2025.10.28	12:00:00	5372.500	5374.000	5358.500	5364.500	196371	918460	1
2025.10.28	18:00:00	5364.000	5367.500	5362.000	5365.000	5105	26703	1
2025.10.29	06:00:00	5367.000	5369.000	5340.000	5344.000	271341	1225328	1
2025.10.29	12:00:00	5344.500	5371.000	5338.000	5364.500	373248	1578361	1
2025.10.29	18:00:00	5364.500	5365.500	5358.000	5359.000	4276	21787	1
2025.10.30	06:00:00	5398.365	5431.064	5398.365	5418.488	321449	1255932	1
2025.10.30	12:00:00	5418.991	5423.518	5410.439	5416.979	211431	882075	1
2025.10.30	18:00:00	5417.482	5422.009	5414.966	5420.500	3560	16872	1
2025.10.31	06:00:00	5425.000	5431.500	5406.500	5426.000	284641	1233515	1
2025.10.31	12:00:00	5426.000	5434.500	5407.000	5410.500	246394	1222881	1
2025.10.31	18:00:00	5410.500	5414.000	5409.000	5414.000	3779	20161	1
2025.11.03	06:00:00	5409.500	5417.000	5380.000	5386.500	261988	1081915	1
2025.11.03	12:00:00	5386.500	5405.000	5378.000	5390.500	240416	1073274	1
2025.11.03	18:00:00	5390.500	5397.500	5390.500	5396.000	7869	45656	1
2025.11.04	06:00:00	5417.500	5431.500	5412.000	5414.000	313491	1345673	1
2025.11.04	12:00:00	5414.000	5434.000	5410.500	5433.000	220353	1042045	1
2025.11.04	18:00:00	5432.500	5443.500	5430.500	5442.500	11474	69199	1
2025.11.05	06:00:00	5433.000	5435.500	5396.000	5400.500	276284	1123027	1
2025.11.05	12:00:00	5400.500	5406.500	5383.000	5387.500	238490	1065471	1
2025.11.05	18:00:00	5387.500	5389.000	5382.500	5386.000	10329	54409	1
2025.11.06	06:00:00	5380.000	5383.500	5359.500	5379.500	292072	1241375	1
2025.11.06	12:00:00	5379.000	5393.000	5374.500	5379.000	261405	1166239	1
2025.11.06	18:00:00	5379.000	5381.500	5375.500	5378.500	6158	39985	1
2025.11.07	06:00:00	5376.000	5390.500	5369.000	5376.500	262925	1060230	1
2025.11.07	12:00:00	5376.500	5379.000	5357.000	5357.500	242210	1120772	1
2025.11.07	18:00:00	5357.500	5358.000	5352.000	5354.500	10381	66341	1
2025.11.10	06:00:00	5340.000	5347.000	5327.000	5338.500	248167	1115370	1
2025.11.10	12:00:00	5339.000	5345.000	5321.500	5322.000	192483	916216	1
2025.11.10	18:00:00	5321.500	5322.000	5308.500	5314.500	13005	105950	1
2025.11.11	06:00:00	5313.500	5321.500	5286.500	5287.500	305801	1304473	1
2025.11.11	12:00:00	5287.000	5303.000	5286.000	5294.000	197667	970585	1
2025.11.11	18:00:00	5293.500	5297.500	5292.500	5295.500	8901	52720	1
2025.11.12	06:00:00	5298.500	5319.500	5286.000	5316.000	246911	1013537	1
2025.11.12	12:00:00	5315.500	5322.500	5309.000	5310.000	182252	806302	1
2025.11.12	18:00:00	5310.000	5315.000	5309.000	5313.000	6922	43590	1
2025.11.13	06:00:00	5301.500	5310.000	5292.000	5307.000	278768	1106751	1
2025.11.13	12:00:00	5307.000	5324.500	5299.000	5316.000	270514	1292256	1
2025.11.13	18:00:00	5315.500	5316.500	5308.000	5309.500	7995	58617	1
2025.11.14	06:00:00	5325.000	5333.500	5302.000	5305.500	329883	1383215	1
2025.11.14	12:00:00	5305.500	5317.000	5289.000	5313.000	249149	1159002	1
2025.11.14	18:00:00	5312.500	5319.000	5312.500	5313.000	5600	35584	1
2025.11.17	06:00:00	5317.000	5329.000	5308.500	5327.000	214040	866450	1
2025.11.17	12:00:00	5326.500	5348.500	5319.000	5335.500	240621	1110105	1
2025.11.17	18:00:00	5336.000	5344.000	5334.000	5344.000	9967	60778	1
2025.11.18	06:00:00	5351.000	5358.500	5328.500	5350.000	271113	1078167	1
2025.11.18	12:00:00	5350.000	5356.500	5328.000	5334.500	258100	1038335	1
2025.11.18	18:00:00	5334.500	5340.000	5334.000	5339.500	6158	34534	1
2025.11.19	06:00:00	5336.500	5355.000	5332.500	5341.000	225816	916444	1
2025.11.19	12:00:00	5341.500	5359.500	5336.500	5343.000	241590	1063018	1
2025.11.19	18:00:00	5343.500	5348.000	5336.000	5338.500	9277	50401	1
2025.11.21	06:00:00	5362.500	5407.500	5360.500	5404.500	350342	1348945	1
2025.11.21	12:00:00	5405.000	5443.000	5395.500	5414.500	408134	1675480	1
2025.11.21	18:00:00	5414.000	5419.500	5410.500	5416.500	7767	44955	1
2025.11.24	06:00:00	5408.000	5415.000	5386.500	5402.500	318680	1234730	1
2025.11.24	12:00:00	5402.000	5406.500	5396.000	5397.000	183854	868558	1
2025.11.24	18:00:00	5397.500	5398.000	5392.000	5394.500	8110	55089	1
2025.11.25	06:00:00	5392.000	5415.500	5358.500	5402.000	385498	1648225	1
2025.11.25	12:00:00	5402.500	5403.000	5374.000	5390.000	278969	1276807	1
2025.11.25	18:00:00	5389.500	5390.000	5382.000	5385.000	6410	39463	1
2025.11.26	06:00:00	5385.000	5392.500	5371.500	5375.000	284450	1049115	1
2025.11.26	12:00:00	5374.500	5376.500	5333.500	5334.000	275435	1268617	1
2025.11.26	18:00:00	5334.000	5337.000	5331.500	5335.500	11949	61141	1
2025.11.27	06:00:00	5375.384	5393.000	5365.821	5390.987	176633	668079	1
2025.11.27	12:00:00	5390.987	5396.020	5375.887	5390.483	145980	600143	1
2025.11.27	18:00:00	5390.483	5393.000	5386.457	5393.000	4237	26075	1
2025.11.28	06:00:00	5388.000	5396.000	5361.500	5365.500	241642	1085262	1
2025.11.28	12:00:00	5365.000	5386.500	5363.500	5370.500	184516	941929	1
2025.11.28	18:00:00	5370.000	5374.000	5370.000	5371.500	5124	34346	1
2025.12.01	06:00:00	5371.500	5385.500	5362.000	5377.500	267534	1032470	1
2025.12.01	12:00:00	5377.500	5400.000	5370.500	5391.000	233280	1059832	1
2025.12.01	18:00:00	5391.500	5392.000	5385.500	5386.000	5544	32327	1
2025.12.02	06:00:00	5388.000	5396.500	5370.500	5372.500	265304	1066618	1
2025.12.02	12:00:00	5373.000	5379.500	5361.000	5361.500	209683	944067	1
2025.12.02	18:00:00	5362.000	5363.500	5360.000	5361.500	7092	40413	1
2025.12.03	06:00:00	5350.000	5355.500	5331.000	5337.000	299026	1218343	1
2025.12.03	12:00:00	5337.000	5346.000	5330.000	5342.500	201159	906226	1
2025.12.03	18:00:00	5343.000	5344.500	5339.000	5341.500	6332	36272	1
2025.12.04	06:00:00	5336.000	5341.500	5318.500	5326.000	246127	1019152	1
2025.12.04	12:00:00	5326.500	5347.000	5322.000	5343.000	222746	1060843	1
2025.12.04	18:00:00	5343.000	5344.500	5339.500	5341.000	6393	36928	1
2025.12.05	06:00:00	5327.500	5378.500	5326.000	5372.000	269539	1139160	1
2025.12.05	12:00:00	5372.000	5514.500	5362.000	5483.000	947441	3684026	1
2025.12.05	18:00:00	5483.000	5486.000	5464.500	5466.000	14254	68175	1
2025.12.08	06:00:00	5451.500	5465.000	5414.000	5452.000	432820	1677667	1
2025.12.08	12:00:00	5452.000	5495.000	5444.000	5460.000	421054	1657852	1
2025.12.08	18:00:00	5460.000	5464.500	5457.500	5457.500	7632	40443	1
2025.12.09	06:00:00	5449.000	5522.000	5446.000	5493.000	465887	1725311	1
2025.12.09	12:00:00	5493.000	5504.500	5447.000	5465.500	375540	1544412	1
2025.12.09	18:00:00	5465.500	5466.500	5459.000	5459.500	7365	31234	1
2025.12.10	06:00:00	5449.500	5493.000	5442.500	5491.000	329694	1206786	1
2025.12.10	12:00:00	5491.000	5515.000	5479.500	5497.000	406401	1518956	1
2025.12.10	18:00:00	5497.000	5500.000	5493.500	5497.000	9725	42631	1
2025.12.11	06:00:00	5499.500	5500.000	5441.500	5443.000	325038	1273883	1
2025.12.11	12:00:00	5443.000	5444.500	5417.500	5428.000	293794	1366224	1
2025.12.11	18:00:00	5428.500	5432.000	5425.500	5431.500	9507	55227	1
2025.12.12	06:00:00	5429.500	5440.000	5399.000	5404.000	315875	1208723	1
2025.12.12	12:00:00	5404.000	5446.000	5403.500	5438.500	339101	1492002	1
2025.12.12	18:00:00	5439.000	5445.000	5431.000	5433.000	8101	42206	1
2025.12.15	06:00:00	5420.000	5430.500	5399.000	5425.000	290902	1137159	1
2025.12.15	12:00:00	5424.500	5444.000	5412.500	5438.000	267936	1079454	1
2025.12.15	18:00:00	5438.000	5440.500	5431.500	5433.500	8269	35991	1
2025.12.16	06:00:00	5438.500	5475.000	5432.500	5466.500	456658	1716695	1
2025.12.16	12:00:00	5467.000	5491.500	5462.500	5483.500	320081	1330556	1
2025.12.16	18:00:00	5484.000	5540.500	5483.000	5528.500	31726	181553	1
2025.12.17	06:00:00	5516.000	5535.000	5498.500	5514.500	427442	1632370	1
2025.12.17	12:00:00	5514.500	5545.000	5512.500	5528.000	336322	1394754	1
2025.12.17	18:00:00	5528.000	5539.500	5525.000	5534.500	10730	53795	1
2025.12.18	06:00:00	5519.000	5571.500	5516.000	5542.500	424398	1732400	1
2025.12.18	12:00:00	5542.000	5544.500	5513.500	5535.000	306731	1324254	1
2025.12.18	18:00:00	5535.000	5537.000	5531.500	5534.500	7842	38592	1
2025.12.19	06:00:00	5535.000	5556.500	5508.000	5516.500	360254	1440461	1
2025.12.19	12:00:00	5516.000	5558.500	5513.000	5552.500	223659	1064350	1
2025.12.19	18:00:00	5552.500	5560.500	5550.500	5555.000	8899	45973	1
2025.12.22	06:00:00	5538.500	5560.500	5525.000	5553.000	310966	1163306	1
2025.12.22	12:00:00	5553.000	5614.000	5546.000	5598.500	413985	1793998	1
2025.12.22	18:00:00	5599.000	5604.000	5596.000	5598.500	10851	47984	1
2025.12.23	06:00:00	5588.500	5603.000	5560.000	5561.000	326915	1256776	1
2025.12.23	12:00:00	5561.000	5563.000	5532.000	5534.000	245666	1006411	1
2025.12.23	18:00:00	5534.000	5534.000	5523.000	5528.500	10077	53047	1
2025.12.26	06:00:00	5550.000	5570.000	5541.000	5542.500	258602	958262	1
2025.12.26	12:00:00	5542.500	5552.500	5523.000	5545.500	216534	860348	1
2025.12.26	18:00:00	5546.000	5550.000	5540.000	5545.500	6781	32605	1
2025.12.29	06:00:00	5589.287	5625.571	5586.767	5617.004	250465	933913	1
2025.12.29	12:00:00	5617.004	5630.107	5605.917	5616.500	255035	1075875	1
2025.12.29	18:00:00	5616.500	5621.036	5614.988	5616.500	7924	37117	1
2025.12.30	06:00:00	5604.000	5608.000	5530.500	5537.000	331337	1284092	1
2025.12.30	12:00:00	5537.000	5545.000	5514.000	5518.000	240178	1114923	1
2025.12.30	18:00:00	5518.000	5521.000	5513.000	5519.000	9132	49064	1
2026.01.02	06:00:00	5507.000	5508.000	5457.000	5475.000	294240	1166969	1
2026.01.02	12:00:00	5475.000	5491.500	5454.000	5462.500	241605	977481	1
2026.01.02	18:00:00	5462.000	5464.000	5452.000	5456.000	7636	40421	1
2026.01.05	06:00:00	5455.000	5489.500	5455.000	5471.500	318797	1141441	1
2026.01.05	12:00:00	5471.500	5476.500	5431.500	5445.000	261308	1109116	1
2026.01.05	18:00:00	5445.000	5449.000	5443.000	5449.000	8051	46952	1
2026.01.06	06:00:00	5449.000	5452.000	5397.500	5403.500	345582	1299618	1
2026.01.06	12:00:00	5403.500	5418.000	5399.500	5410.000	227466	1004237	1
2026.01.06	18:00:00	5410.500	5414.000	5408.500	5409.000	8004	43811	1
2026.01.07	06:00:00	5403.000	5432.500	5401.000	5422.000	301894	1121969	1
2026.01.07	12:00:00	5422.500	5434.000	5415.000	5420.500	214395	926549	1
2026.01.07	18:00:00	5421.000	5424.000	5418.000	5420.500	6501	36723	1
2026.01.08	06:00:00	5424.000	5428.500	5406.500	5418.500	285860	1030410	1
2026.01.08	12:00:00	5419.000	5428.000	5413.000	5418.500	188102	777511	1
2026.01.08	18:00:00	5419.000	5420.500	5417.000	5417.500	5128	26195	1
2026.01.09	06:00:00	5428.500	5428.500	5384.000	5393.000	337721	1284980	1
2026.01.09	12:00:00	5393.500	5400.500	5381.500	5395.500	196424	846798	1
2026.01.09	18:00:00	5395.500	5402.000	5393.000	5402.000	8226	44786	1
