<DATE>	<TIME>	<OPEN>	<HIGH>	<LOW>	<CLOSE>	<TICKVOL>	<VOL>	<SPREAD>
2021.03.08	08:00:00	7425.638	7491.615	7386.828	7477.385	945791	2850967	1
2021.03.08	16:00:00	7476.738	7609.985	7465.095	7609.985	210077	741618	1
2021.03.09	08:00:00	7555.005	7606.751	7469.623	7501.964	1076532	3261078	1
2021.03.09	16:00:00	7502.611	7522.663	7476.091	7513.607	120860	372418	1
2021.03.10	08:00:00	7505.198	7528.484	7324.085	7349.312	1181514	3586309	1
2021.03.10	16:00:00	7349.312	7360.308	7308.561	7346.078	142679	448709	1
2021.03.11	08:00:00	7238.057	7279.454	7156.556	7175.314	927313	2866891	1
2021.03.11	16:00:00	7174.667	7210.243	7164.318	7170.139	131270	457269	1
2021.03.12	08:00:00	7215.417	7227.060	7179.842	7206.362	752256	2296977	1
2021.03.12	16:00:00	7206.362	7216.064	7181.135	7188.251	83818	298346	1
2021.03.15	08:00:00	7192.778	7322.792	7162.377	7290.450	962140	3073864	1
2021.03.15	16:00:00	7290.450	7314.383	7270.398	7271.692	124384	410015	1
2021.03.16	08:00:00	7284.629	7294.978	7195.366	7272.339	959902	2965068	1
2021.03.16	16:00:00	7272.339	7283.335	7256.168	7280.748	90870	315515	1
2021.03.17	08:00:00	7328.613	7355.780	7223.179	7228.354	956122	2806425	1
2021.03.17	16:00:00	7229.001	7249.700	7209.596	7226.414	115544	380475	1
2021.03.18	08:00:00	7125.508	7223.826	7089.285	7192.132	1048414	3252950	1
2021.03.18	16:00:00	7192.132	7216.711	7183.076	7199.247	102794	337153	1
2021.03.19	08:00:00	7153.968	7183.723	7052.416	7087.991	983888	3118289	1
2021.03.19	16:00:00	7087.991	7114.512	7081.523	7104.809	103992	359566	1
2021.03.22	08:00:00	7128.095	7179.195	7111.277	7127.448	845678	2480284	1
2021.03.22	16:00:00	7127.448	7146.853	7117.746	7133.270	95246	312332	1
2021.03.23	08:00:00	7169.492	7183.723	7072.467	7109.337	956712	3011700	1
2021.03.23	16:00:00	7108.690	7159.790	7103.515	7150.734	161562	607246	1
2021.03.24	08:00:00	7128.095	7246.465	7105.456	7245.819	949281	3146608	1
2021.03.24	16:00:00	7245.819	7301.446	7237.410	7280.748	165680	645710	1
2021.03.25	08:00:00	7280.101	7352.546	7269.751	7343.490	999582	3166053	1
2021.03.25	16:00:00	7342.844	7343.490	7297.565	7310.502	104989	352563	1
2021.03.26	08:00:00	7314.383	7448.924	7303.387	7439.868	840194	2682684	1
2021.03.26	16:00:00	7439.868	7450.218	7421.757	7447.630	108447	359297	1
2021.03.29	08:00:00	7460.567	7511.667	7421.757	7483.853	867003	2569285	1
2021.03.29	16:00:00	7483.206	7485.794	7427.579	7481.266	135742	434795	1
2021.03.30	08:00:00	7482.559	7508.433	7402.352	7440.515	922446	2754780	1
2021.03.30	16:00:00	7441.162	7474.797	7427.579	7469.623	104821	347896	1
2021.03.31	08:00:00	7456.061	7462.519	7274.600	7298.494	989309	3088587	1
2021.03.31	16:00:00	7297.848	7298.494	7272.017	7285.578	115920	366276	1
2021.04.01	08:00:00	7277.829	7395.359	7253.935	7383.089	816320	2392796	1
2021.04.01	16:00:00	7383.735	7409.566	7375.986	7385.673	103899	352676	1
2021.04.05	08:00:00	7334.011	7352.093	7286.870	7334.011	815770	2318287	1
2021.04.05	16:00:00	7334.657	7350.155	7325.616	7325.616	104984	347685	1
2021.04.06	08:00:00	7329.491	7334.011	7210.669	7244.895	876858	2626117	1
2021.04.06	16:00:00	7244.895	7251.998	7222.938	7231.979	105022	361362	1
2021.04.07	08:00:00	7228.750	7294.619	7176.443	7286.870	1046562	3055529	1
2021.04.07	16:00:00	7287.516	7313.992	7255.873	7265.559	135586	460450	1
2021.04.08	08:00:00	7251.998	7264.914	7162.882	7202.274	997731	2850872	1
2021.04.08	16:00:00	7202.920	7221.647	7195.816	7204.857	90685	294933	1
2021.04.09	08:00:00	7239.083	7348.218	7232.625	7341.114	853073	2554010	1
2021.04.09	16:00:00	7341.114	7357.904	7328.845	7357.904	105659	345789	1
2021.04.12	08:00:00	7341.114	7425.065	7281.058	7407.629	874436	2648869	1
2021.04.12	16:00:00	7407.629	7419.898	7377.923	7417.315	136285	439510	1
2021.04.13	08:00:00	7414.086	7443.146	7321.741	7361.779	1081451	3297174	1
2021.04.13	16:00:00	7362.425	7401.817	7356.613	7391.484	126932	448653	1
2021.04.14	08:00:00	7372.111	7415.378	7323.033	7363.071	1025983	3118245	1
2021.04.14	16:00:00	7362.425	7368.237	7299.139	7312.701	147383	501221	1
2021.04.15	08:00:00	7308.826	7321.096	7234.562	7260.393	959649	2898491	1
2021.04.15	16:00:00	7260.393	7282.349	7253.290	7261.039	98031	317652	1
2021.04.16	08:00:00	7258.456	7338.531	7195.170	7211.315	966669	3023420	1
2021.04.16	16:00:00	7211.960	7228.750	7210.023	7221.647	80945	272840	1
2021.04.19	08:00:00	7200.982	7266.205	7144.155	7177.735	1097691	3260330	1
2021.04.19	16:00:00	7177.735	7198.399	7159.007	7166.756	103316	329639	1
2021.04.20	08:00:00	7195.170	7222.293	7111.866	7184.838	1075277	3182220	1
2021.04.20	16:00:00	7184.838	7200.982	7166.111	7197.108	132863	407902	1
2021.04.22	08:00:00	7178.380	7185.484	7053.747	7064.079	1134326	3513126	1
2021.04.22	16:00:00	7063.433	7069.891	7027.270	7036.311	159954	554464	1
2021.04.23	08:00:00	7015.646	7137.051	7009.189	7098.305	1018083	3027178	1
2021.04.23	16:00:00	7098.305	7109.929	7073.766	7074.411	75704	251873	1
2021.04.26	08:00:00	7049.226	7093.139	7026.624	7045.997	902619	2677713	1
2021.04.26	16:00:00	7045.352	7053.747	7019.521	7024.687	114985	387624	1
2021.04.27	08:00:00	7027.270	7063.433	6989.815	7062.788	1053210	3149207	1
2021.04.27	16:00:00	7062.788	7063.433	7040.831	7042.769	102389	328410	1
2021.04.28	08:00:00	7042.769	7049.226	6919.427	6928.467	1077993	3507489	1
2021.04.28	16:00:00	6927.822	6942.029	6902.637	6904.574	134578	449732	1
2021.04.29	08:00:00	6910.386	6948.486	6902.637	6911.032	907890	2846421	1
2021.04.29	16:00:00	6911.032	6923.301	6878.097	6896.179	123282	426626	1
2021.04.30	08:00:00	6923.905	7042.549	6896.824	7019.336	875084	2978552	1
2021.04.30	16:00:00	7019.336	7040.615	7012.888	7031.588	103674	381790	1
2021.05.03	08:00:00	6999.992	7052.221	6946.474	6993.544	987786	2917248	1
2021.05.03	16:00:00	6993.544	7044.484	6991.610	7032.877	136803	441474	1
2021.05.04	08:00:00	7059.314	7088.330	6994.834	7027.074	1023467	3030210	1
2021.05.04	16:00:00	7026.429	7040.615	7005.795	7040.615	93120	305945	1
2021.05.05	08:00:00	7029.008	7038.036	6920.681	6928.419	944573	2979609	1
2021.05.05	16:00:00	6929.064	6946.474	6916.813	6919.392	101030	364826	1
2021.05.06	08:00:00	6909.720	6946.474	6794.945	6826.540	1126622	3642894	1
2021.05.06	16:00:00	6826.540	6832.988	6805.906	6822.671	80531	298459	1
2021.05.07	08:00:00	6825.250	6842.015	6724.016	6754.967	1026742	3222018	1
2021.05.07	16:00:00	6754.322	6769.797	6745.295	6769.797	92647	321511	1
2021.05.10	08:00:00	6768.508	6785.917	6714.344	6769.797	1034978	3089403	1
2021.05.10	16:00:00	6769.152	6771.087	6747.229	6749.808	91607	298306	1
2021.05.11	08:00:00	6767.218	6823.316	6722.082	6752.388	1032062	3200347	1
2021.05.11	16:00:00	6752.388	6760.770	6735.623	6746.584	103030	345245	1
2021.05.12	08:00:00	6762.060	6833.633	6731.109	6828.474	1143152	3608342	1
2021.05.12	16:00:00	6828.474	6871.031	6826.540	6855.556	137943	516577	1
2021.05.13	08:00:00	6849.753	6887.796	6784.628	6840.726	1156367	3548573	1
2021.05.13	16:00:00	6841.370	6866.518	6831.698	6853.622	116098	401346	1
2021.05.14	08:00:00	6828.474	6840.726	6773.666	6797.524	877954	2747134	1
2021.05.14	16:00:00	6798.169	6818.802	6796.234	6809.130	71926	259941	1
2021.05.17	08:00:00	6828.474	6869.742	6773.666	6786.562	862187	2722205	1
2021.05.17	16:00:00	6787.207	6814.289	6785.917	6813.644	86980	325469	1
2021.05.18	08:00:00	6796.234	6818.802	6753.677	6782.693	958125	2975631	1
2021.05.18	16:00:00	6782.693	6794.945	6770.442	6792.365	87199	295918	1
2021.05.19	08:00:00	6825.250	6872.966	6789.786	6866.518	967973	3037870	1
2021.05.19	16:00:00	6867.163	6875.545	6854.267	6858.135	99386	357565	1
2021.05.20	08:00:00	6847.819	6851.043	6809.775	6813.644	692082	2340051	1
2021.05.20	16:00:00	6812.999	6823.316	6802.682	6821.382	77050	293535	1
2021.05.21	08:00:00	6822.026	6911.654	6803.327	6911.009	836203	2817930	1
2021.05.21	16:00:00	6910.364	6932.288	6898.113	6921.971	81898	309754	1
2021.05.24	08:00:00	6918.747	6936.157	6852.977	6865.228	641570	2137441	1
2021.05.24	16:00:00	6864.583	6874.255	6857.491	6861.359	80281	303031	1
2021.05.25	08:00:00	6852.977	6880.059	6831.054	6878.769	744709	2436174	1
2021.05.25	16:00:00	6879.414	6899.403	6878.124	6878.124	98386	372816	1
2021.05.26	08:00:00	6869.097	6891.665	6821.382	6858.135	788242	2658038	1
2021.05.26	16:00:00	6857.491	6860.715	6844.594	6853.622	67730	259166	1
2021.05.27	08:00:00	6843.950	6852.332	6758.191	6760.125	894131	3171869	1
2021.05.27	16:00:00	6760.125	6783.338	6753.032	6754.967	90274	394730	1
2021.05.28	08:00:00	6780.759	6784.628	6720.147	6724.661	629231	1999594	1
2021.05.28	16:00:00	6725.306	6742.071	6718.858	6740.781	78273	304405	1
2021.05.31	08:00:00	6738.211	6781.907	6699.013	6732.427	600270	1992298	1
2021.05.31	16:00:00	6732.427	6736.925	6721.503	6724.716	57487	224242	1
2021.06.01	08:00:00	6700.298	6711.222	6631.541	6646.320	841818	2833031	1
2021.06.01	16:00:00	6646.320	6648.891	6623.829	6637.324	108846	408506	1
2021.06.02	08:00:00	6644.392	6666.883	6528.726	6544.148	1004193	3694824	1
2021.06.02	16:00:00	6544.791	6565.354	6535.152	6539.650	126552	544914	1
2021.06.04	08:00:00	6582.704	6585.274	6483.102	6497.239	840452	2858360	1
2021.06.04	16:00:00	6497.239	6515.874	6483.102	6503.022	87739	337323	1
2021.06.07	08:00:00	6492.741	6531.296	6464.467	6486.315	888722	2801215	1
2021.06.07	16:00:00	6486.958	6515.874	6483.745	6513.304	104524	428294	1
2021.06.08	08:00:00	6496.596	6528.726	6468.322	6486.315	877045	2883113	1
2021.06.08	16:00:00	6486.315	6499.167	6483.102	6486.958	77496	278177	1
2021.06.09	08:00:00	6472.178	6549.931	6464.467	6520.372	877857	2925935	1
2021.06.09	16:00:00	6520.372	6535.152	6517.802	6521.657	73698	281922	1
2021.06.10	08:00:00	6519.087	6557.000	6480.532	6531.296	899886	3028092	1
2021.06.10	16:00:00	6531.939	6539.007	6510.091	6511.376	90212	334082	1
2021.06.11	08:00:00	6503.022	6617.404	6502.380	6583.989	774297	2547828	1
2021.06.11	16:00:00	6583.346	6605.837	6583.346	6591.700	76424	297727	1
2021.06.14	08:00:00	6573.707	6581.418	6508.806	6529.369	676431	2370498	1
2021.06.14	16:00:00	6529.369	6537.080	6513.304	6515.874	70582	287811	1
2021.06.15	08:00:00	6519.730	6571.780	6486.958	6491.456	907396	3036876	1
2021.06.15	16:00:00	6492.098	6499.809	6488.885	6491.456	73032	295907	1
2021.06.16	08:00:00	6504.307	6540.935	6427.197	6515.232	1083410	3817221	1
2021.06.16	16:00:00	6515.232	6519.730	6487.600	6506.878	129532	499763	1
2021.06.17	08:00:00	6522.300	6533.224	6445.189	6472.821	949987	3233151	1
2021.06.17	16:00:00	6472.821	6476.033	6443.261	6443.261	74674	287644	1
2021.06.18	08:00:00	6443.261	6541.578	6410.489	6520.372	1100485	3769035	1
2021.06.18	16:00:00	6520.372	6574.350	6507.520	6548.646	117994	475360	1
2021.06.21	08:00:00	6526.798	6538.365	6454.185	6458.684	741336	2408187	1
2021.06.21	16:00:00	6459.326	6468.322	6449.045	6450.330	74809	268159	1
2021.06.22	08:00:00	6450.330	6490.170	6404.063	6406.634	966987	3409300	1
2021.06.22	16:00:00	6406.634	6411.132	6375.789	6375.789	129916	469823	1
2021.06.23	08:00:00	6382.858	6404.706	6349.443	6389.926	1037234	3554315	1
2021.06.23	16:00:00	6389.926	6394.424	6377.717	6387.356	84990	324645	1
2021.06.24	08:00:00	6385.428	6387.999	6303.819	6321.169	871112	3092768	1
2021.06.24	16:00:00	6321.169	6322.454	6298.036	6321.169	98158	409535	1
2021.06.25	08:00:00	6318.599	6396.352	6291.610	6369.363	878056	3054221	1
2021.06.25	16:00:00	6369.363	6382.215	6337.234	6344.302	103465	406143	1
2021.06.28	08:00:00	6362.937	6391.854	6333.378	6335.306	789463	2673153	1
2021.06.28	16:00:00	6335.306	6341.089	6321.812	6334.663	94118	349398	1
2021.06.29	08:00:00	6352.656	6389.284	6325.667	6353.299	754100	2524566	1
2021.06.29	16:00:00	6353.941	6374.504	6343.660	6370.006	69303	273742	1
2021.06.30	08:00:00	6378.978	6459.724	6366.802	6403.971	812328	2854943	1
2021.06.30	16:00:00	6403.971	6412.302	6386.668	6391.795	80348	315510	1
2021.07.01	08:00:00	6381.541	6489.844	6359.752	6474.464	939004	3209420	1
2021.07.01	16:00:00	6473.823	6498.175	6471.260	6487.281	100792	369376	1
2021.07.02	08:00:00	6473.823	6521.886	6410.379	6485.999	906726	3067817	1
2021.07.02	16:00:00	6485.999	6509.069	6481.513	6503.943	69740	262100	1
2021.07.05	08:00:00	6498.175	6546.238	6488.562	6531.499	646692	1901152	1
2021.07.05	16:00:00	6532.140	6555.210	6531.499	6544.957	65473	207063	1
2021.07.06	08:00:00	6526.372	6691.710	6523.809	6684.020	1093765	3447611	1
2021.07.06	16:00:00	6684.020	6705.168	6679.534	6680.816	113359	406266	1
2021.07.07	08:00:00	6657.105	6786.556	6643.647	6732.084	1254849	4100520	1
2021.07.07	16:00:00	6732.084	6738.492	6707.091	6724.394	101030	333432	1
2021.07.08	08:00:00	6780.147	6827.570	6705.809	6752.591	1158442	3784670	1
2021.07.08	16:00:00	6753.232	6762.203	6743.619	6757.077	71267	263102	1
2021.07.12	08:00:00	6750.027	6788.478	6647.492	6657.746	961563	3085125	1
2021.07.12	16:00:00	6657.105	6660.309	6632.753	6643.006	112316	419673	1
2021.07.13	08:00:00	6651.337	6707.732	6611.605	6636.598	1046390	3459137	1
2021.07.13	16:00:00	6636.598	6657.746	6630.830	6631.471	86627	322926	1
2021.07.14	08:00:00	6617.372	6623.140	6506.506	6521.886	964361	3242660	1
2021.07.14	16:00:00	6521.886	6533.422	6510.992	6513.555	101232	370699	1
2021.07.15	08:00:00	6528.295	6597.506	6487.922	6589.816	1052748	3331640	1
2021.07.15	16:00:00	6589.175	6591.739	6559.696	6566.105	82422	294784	1
2021.07.16	08:00:00	6554.569	6581.485	6513.555	6562.900	989551	3183702	1
2021.07.16	16:00:00	6563.541	6578.922	6560.978	6566.105	86047	318454	1
2021.07.19	08:00:00	6619.936	6745.541	6612.246	6742.337	1127255	3369079	1
2021.07.19	16:00:00	6742.337	6748.105	6726.957	6739.133	113601	391052	1
2021.07.20	08:00:00	6725.675	6794.887	6675.689	6685.943	1024496	3383301	1
2021.07.20	16:00:00	6686.584	6713.499	6683.379	6701.323	96235	344211	1
2021.07.21	08:00:00	6714.140	6771.816	6669.922	6673.126	1032769	3450472	1
2021.07.21	16:00:00	6673.767	6674.408	6647.492	6655.823	96749	366119	1
2021.07.22	08:00:00	6649.415	6703.246	6630.189	6676.971	976488	3246365	1
2021.07.22	16:00:00	6677.612	6688.506	6666.717	6675.689	80356	302733	1
2021.07.23	08:00:00	6667.999	6706.450	6616.732	6696.837	809093	2734014	1
2021.07.23	16:00:00	6696.837	6712.218	6667.358	6671.203	92690	338595	1
2021.07.26	08:00:00	6658.386	6707.732	6606.478	6641.724	853309	2853164	1
2021.07.26	16:00:00	6641.724	6648.774	6633.393	6639.161	70246	264634	1
2021.07.27	08:00:00	6659.668	6675.689	6603.274	6644.288	911049	2991185	1
2021.07.27	16:00:00	6644.288	6644.929	6628.267	6628.908	65715	256006	1
2021.07.28	08:00:00	6630.830	6657.746	6560.337	6571.231	994461	3358692	1
2021.07.28	16:00:00	6570.591	6574.436	6544.957	6562.900	108573	406065	1
2021.07.29	08:00:00	6520.605	6526.372	6461.647	6489.844	792398	2803615	1
2021.07.29	16:00:00	6489.844	6516.760	6489.203	6510.992	90323	366105	1
2021.07.30	08:00:00	6507.801	6662.247	6507.801	6653.312	795955	2722003	1
2021.07.30	16:00:00	6652.674	6700.540	6648.207	6680.755	140846	549710	1
2021.08.02	08:00:00	6650.121	6655.865	6553.114	6608.638	883673	2858196	1
2021.08.02	16:00:00	6608.638	6687.137	6600.979	6625.231	167236	603437	1
2021.08.03	08:00:00	6620.764	6757.340	6615.658	6668.629	1134729	3547626	1
2021.08.03	16:00:00	6668.629	6669.267	6634.804	6661.609	121742	427179	1
2021.08.04	08:00:00	6642.463	6720.324	6616.934	6646.930	1142433	3524587	1
2021.08.04	16:00:00	6646.930	6655.865	6620.764	6622.678	89895	316527	1
2021.08.05	08:00:00	6563.963	6693.519	6546.093	6669.906	1158180	3736948	1
2021.08.05	16:00:00	6669.906	6735.003	6654.589	6725.430	144548	539295	1
2021.08.06	08:00:00	6699.901	6755.425	6665.438	6715.857	1086450	3343821	1
2021.08.06	16:00:00	6715.218	6731.812	6696.710	6699.263	107957	351097	1
2021.08.09	08:00:00	6694.796	6784.145	6676.288	6707.560	1166998	3591507	1
2021.08.09	16:00:00	6706.922	6719.686	6700.540	6701.178	99991	320524	1
2021.08.10	08:00:00	6703.731	6737.556	6637.995	6652.674	1263444	3834400	1
2021.08.10	16:00:00	6652.674	6664.162	6643.739	6643.739	89294	289278	1
2021.08.11	08:00:00	6650.759	6699.901	6609.276	6679.479	1078161	3488729	1
2021.08.11	16:00:00	6679.479	6696.072	6676.926	6691.605	98993	311432	1
2021.08.12	08:00:00	6679.479	6727.344	6666.076	6722.239	995820	2960462	1
2021.08.12	16:00:00	6721.600	6733.088	6714.580	6722.877	104820	346351	1
2021.08.13	08:00:00	6707.560	6757.340	6678.841	6710.113	972363	3128723	1
2021.08.13	16:00:00	6710.113	6721.600	6699.901	6716.495	75196	264659	1
2021.08.16	08:00:00	6747.129	6776.486	6688.414	6742.023	930027	2947359	1
2021.08.16	16:00:00	6741.385	6763.722	6725.430	6727.982	121405	426521	1
2021.08.17	08:00:00	6754.149	6782.868	6696.072	6740.747	1176329	3798273	1
2021.08.17	16:00:00	6740.747	6776.486	6729.897	6773.933	113817	367782	1
2021.08.18	08:00:00	6758.616	6854.348	6728.621	6851.157	1162269	3613062	1
2021.08.18	16:00:00	6851.157	6902.213	6840.945	6892.002	160977	578474	1
2021.08.19	08:00:00	6926.465	6974.969	6876.685	6934.762	1244209	3972889	1
2021.08.19	16:00:00	6935.400	6943.697	6905.404	6920.083	117355	383504	1
2021.08.20	08:00:00	6956.461	6998.582	6883.705	6887.534	953053	2879590	1
2021.08.20	16:00:00	6887.534	6908.595	6858.177	6871.579	148468	477345	1
2021.08.23	08:00:00	6856.900	6903.490	6830.734	6870.941	993529	2943297	1
2021.08.23	16:00:00	6870.303	6890.087	6861.368	6876.047	106979	345149	1
2021.08.24	08:00:00	6852.433	6855.624	6705.007	6708.198	967432	3236743	1
2021.08.24	16:00:00	6708.836	6725.430	6702.454	6709.474	98567	363797	1
2021.08.25	08:00:00	6728.621	6733.088	6650.759	6652.674	1003311	3210799	1
2021.08.25	16:00:00	6652.674	6669.267	6650.759	6660.332	79981	280261	1
2021.08.26	08:00:00	6673.097	6720.324	6662.247	6716.495	791946	2483600	1
2021.08.26	16:00:00	6716.495	6727.344	6701.178	6722.877	119907	420941	1
2021.08.27	08:00:00	6712.027	6718.409	6623.316	6629.060	890687	2898905	1
2021.08.27	16:00:00	6629.699	6655.865	6627.146	6645.016	82777	313624	1
2021.08.30	08:00:00	6637.357	6672.458	6613.105	6622.040	794065	2512446	1
2021.08.30	16:00:00	6622.040	6631.613	6616.934	6618.211	72883	257586	1
2021.08.31	08:00:00	6616.305	6632.823	6528.630	6594.068	906005	2958731	1
2021.08.31	16:00:00	6594.704	6615.034	6569.291	6571.832	98842	360894	1
2021.09.01	08:00:00	6578.185	6618.846	6559.761	6590.892	880881	2863098	1
2021.09.01	16:00:00	6591.527	6631.553	6589.621	6616.940	108327	374921	1
2021.09.02	08:00:00	6599.786	6632.823	6558.490	6612.493	956948	3215998	1
2021.09.02	16:00:00	6613.128	6625.199	6601.692	6609.952	104782	397809	1
2021.09.03	08:00:00	6597.880	6620.117	6543.877	6610.587	868833	2910097	1
2021.09.03	16:00:00	6610.587	6632.823	6606.775	6629.011	83141	318895	1
2021.09.06	08:00:00	6616.940	6646.165	6573.103	6595.974	501073	1533264	1
2021.09.06	16:00:00	6595.974	6602.328	6589.621	6593.433	48690	172412	1
2021.09.08	08:00:00	6622.023	6772.596	6620.752	6768.784	1051390	3576301	1
2021.09.08	16:00:00	6768.784	6799.915	6766.242	6778.949	126562	496981	1
2021.09.09	08:00:00	6762.430	6799.915	6706.521	6761.160	1106442	3764798	1
2021.09.09	16:00:00	6761.160	6767.513	6620.752	6641.083	229222	793526	1
2021.09.10	08:00:00	6580.726	6712.239	6574.373	6693.815	929459	3029879	1
2021.09.10	16:00:00	6693.815	6717.957	6684.285	6693.815	91528	335321	1
2021.09.13	08:00:00	6674.755	6679.838	6627.741	6667.131	909895	2788961	1
2021.09.13	16:00:00	6667.766	6672.214	6644.895	6649.977	75245	263037	1
2021.09.14	08:00:00	6670.943	6691.909	6623.293	6686.826	890789	2822777	1
2021.09.14	16:00:00	6686.826	6706.521	6670.943	6687.462	98457	328133	1
2021.09.15	08:00:00	6677.296	6714.781	6662.684	6687.462	842474	2928152	1
2021.09.15	16:00:00	6688.097	6691.274	6641.718	6660.142	100678	363263	1
2021.09.16	08:00:00	6670.943	6724.311	6662.684	6707.157	735436	2502617	1
2021.09.16	16:00:00	6707.792	6718.593	6690.003	6690.003	81824	287074	1
2021.09.17	08:00:00	6691.909	6808.174	6685.556	6730.664	893467	3316393	1
2021.09.17	16:00:00	6730.029	6742.735	6714.145	6731.299	88483	331167	1
2021.09.20	08:00:00	6773.866	6834.222	6754.806	6829.140	952464	2907331	1
2021.09.20	16:00:00	6829.140	6845.658	6775.137	6780.219	141271	477828	1
2021.09.21	08:00:00	6760.524	6792.926	6698.262	6704.615	913419	2877558	1
2021.09.21	16:00:00	6705.251	6734.476	6700.803	6705.886	89641	324815	1
2021.09.22	08:00:00	6686.191	6768.784	6680.473	6754.806	816209	2681271	1
2021.09.22	16:00:00	6754.806	6766.242	6727.487	6732.570	128889	427953	1
2021.09.23	08:00:00	6693.815	6754.806	6687.462	6744.006	748585	2515803	1
2021.09.23	16:00:00	6744.641	6757.983	6741.464	6749.088	73018	272854	1
2021.09.24	08:00:00	6759.889	6810.715	6759.889	6788.479	654450	2226367	1
2021.09.24	16:00:00	6788.479	6804.997	6783.396	6789.114	63490	231411	1
2021.09.27	08:00:00	6767.513	6852.012	6749.088	6845.658	823588	2967853	1
2021.09.27	16:00:00	6845.658	6860.271	6823.422	6855.823	98078	422308	1
2021.09.28	08:00:00	6872.342	6930.157	6850.106	6899.661	880492	3231322	1
2021.09.28	16:00:00	6899.661	6914.909	6892.037	6900.932	94297	345326	1
2021.09.29	08:00:00	6874.248	6921.262	6848.835	6901.567	867242	3013301	1
2021.09.29	16:00:00	6900.932	6904.744	6877.425	6877.425	78545	302409	1
2021.09.30	08:00:00	6871.099	6957.755	6821.763	6920.436	977258	3722939	1
2021.09.30	16:00:00	6920.436	6936.249	6904.623	6916.641	91013	353841	1
2021.10.01	08:00:00	6885.015	6902.093	6800.889	6809.112	816250	2792250	1
2021.10.01	16:00:00	6809.112	6831.250	6807.847	6814.805	90608	356168	1
2021.10.04	08:00:00	6842.003	6920.436	6825.558	6916.009	738408	2386377	1
2021.10.04	16:00:00	6916.009	6934.984	6910.948	6933.719	103234	405348	1
2021.10.05	08:00:00	6894.503	6957.123	6890.075	6948.900	813484	2637356	1
2021.10.05	16:00:00	6948.900	6971.038	6936.882	6959.020	102701	352195	1
2021.10.06	08:00:00	7002.032	7031.128	6952.695	6964.713	959281	3293613	1
2021.10.06	16:00:00	6964.080	6981.158	6955.225	6973.568	79679	294806	1
2021.10.07	08:00:00	6947.002	7017.845	6941.942	6986.219	832714	2917708	1
2021.10.07	16:00:00	6986.219	7008.989	6980.526	7006.459	86362	359666	1
2021.10.08	08:00:00	6981.791	7020.375	6950.165	6993.809	835608	2836374	1
2021.10.08	16:00:00	6993.809	7008.357	6985.586	6995.074	80175	343097	1
2021.10.11	08:00:00	6979.261	7027.333	6969.140	7013.417	580848	1823436	1
2021.10.11	16:00:00	7014.050	7035.555	7013.417	7026.700	62568	212106	1
2021.10.13	08:00:00	6998.869	7070.344	6976.098	6991.911	966630	3528327	1
2021.10.13	16:00:00	6991.279	7005.827	6983.056	6996.339	83023	326406	1
2021.10.14	08:00:00	6941.309	7014.682	6933.087	7000.767	803862	2882309	1
2021.10.14	16:00:00	7001.399	7006.459	6986.851	6992.544	71892	285268	1
2021.10.15	08:00:00	6959.020	6983.056	6890.708	6918.539	826537	3102567	1
2021.10.15	16:00:00	6918.539	6927.394	6912.213	6926.129	73043	319030	1
2021.10.18	08:00:00	6932.454	7026.700	6928.026	6983.056	819892	2956528	1
2021.10.18	16:00:00	6983.056	7000.767	6980.526	6988.116	79285	312420	1
2021.10.19	08:00:00	7027.333	7104.500	7016.580	7092.483	947762	3473123	1
2021.10.19	16:00:00	7093.115	7113.356	7054.531	7078.567	196666	813155	1
2021.10.20	08:00:00	7074.139	7089.320	6995.074	7021.007	895661	3134503	1
2021.10.20	16:00:00	7021.007	7098.808	7011.520	7092.483	125851	503396	1
2021.10.21	08:00:00	7174.711	7209.499	7121.579	7182.933	1020706	3451825	1
2021.10.21	16:00:00	7182.301	7186.728	7145.614	7169.018	111710	384115	1
2021.10.22	08:00:00	7198.114	7289.197	7146.879	7158.897	1197271	4061976	1
2021.10.22	16:00:00	7158.265	7165.223	7120.946	7157.000	116254	397892	1
2021.10.25	08:00:00	7161.428	7169.018	7015.315	7016.580	910829	3045474	1
2021.10.25	16:00:00	7016.580	7046.941	7012.152	7037.453	107427	380283	1
2021.10.26	08:00:00	7031.128	7098.808	7024.170	7046.308	891759	2909829	1
2021.10.26	16:00:00	7046.308	7064.651	7041.248	7047.573	75015	274738	1
2021.10.27	08:00:00	7050.103	7079.200	7007.724	7045.043	914691	3120621	1
2021.10.27	16:00:00	7045.043	7058.326	7007.724	7008.989	114286	414002	1
2021.10.28	08:00:00	7028.598	7131.699	7023.537	7108.296	962808	3310407	1
2021.10.28	16:00:00	7108.928	7167.120	7105.133	7143.084	134429	495220	1
2021.10.29	08:00:00	7129.253	7161.316	7077.701	7099.077	858811	3053522	1
2021.10.29	16:00:00	7099.077	7148.742	7095.305	7122.967	105482	382470	1
2021.11.01	08:00:00	7114.794	7190.864	7107.249	7164.460	606205	2020239	1
2021.11.01	16:00:00	7164.460	7188.349	7163.202	7185.206	69818	265883	1
2021.11.03	08:00:00	7170.746	7202.180	7055.069	7060.098	991512	3283902	1
2021.11.03	16:00:00	7060.098	7075.815	7007.918	7019.234	140769	449169	1
2021.11.04	08:00:00	7036.837	7107.249	7028.664	7102.220	863690	2812146	1
2021.11.04	16:00:00	7102.849	7109.764	7066.385	7080.216	85654	306107	1
2021.11.05	08:00:00	7071.415	7082.731	6950.079	6963.910	835852	2625601	1
2021.11.05	16:00:00	6963.281	7002.888	6957.623	6997.859	94016	314118	1
2021.11.08	08:00:00	7017.977	7067.643	6989.686	7004.774	733609	2163075	1
2021.11.08	16:00:00	7004.146	7012.319	6989.686	7004.146	97490	325759	1
2021.11.09	08:00:00	7004.146	7005.403	6885.325	6913.615	834826	2632977	1
2021.11.09	16:00:00	6912.987	6955.108	6909.843	6914.873	135231	456382	1
2021.11.10	08:00:00	6945.678	6953.222	6857.663	6933.105	1022820	3182875	1
2021.11.10	16:00:00	6932.476	6947.564	6921.788	6928.704	112435	388364	1
2021.11.11	08:00:00	6918.016	6921.160	6797.309	6813.655	787785	2496278	1
2021.11.11	16:00:00	6814.284	6831.258	6799.824	6806.740	109329	388211	1
2021.11.12	08:00:00	6814.912	6896.641	6802.967	6880.924	822763	2629557	1
2021.11.12	16:00:00	6881.553	6895.384	6870.865	6886.582	84901	301101	1
2021.11.16	08:00:00	6865.836	6945.678	6845.718	6933.105	828280	2688277	1
2021.11.16	16:00:00	6933.105	6943.792	6919.274	6938.134	105018	371220	1
2021.11.17	08:00:00	6915.501	6974.598	6889.097	6972.083	729974	2345304	1
2021.11.17	16:00:00	6972.712	6977.741	6947.564	6967.682	89402	300686	1
2021.11.18	08:00:00	6962.024	7024.892	6961.395	7023.635	756660	2352801	1
2021.11.18	16:00:00	7024.263	7028.664	6998.488	7006.032	80012	289945	1
2021.11.19	08:00:00	7027.407	7071.415	6954.480	7071.415	859768	2740391	1
2021.11.19	16:00:00	7070.786	7072.043	7057.584	7071.415	77192	262878	1
2021.11.22	08:00:00	7055.698	7070.157	7006.032	7060.727	837507	2537557	1
2021.11.22	16:00:00	7060.727	7066.385	7028.664	7032.436	104096	356570	1
2021.11.23	08:00:00	7060.098	7128.625	7045.639	7064.499	823814	2648670	1
2021.11.23	16:00:00	7064.499	7072.672	7006.660	7011.690	132976	482521	1
2021.11.24	08:00:00	7019.863	7076.444	6990.943	7034.951	789422	2559483	1
2021.11.24	16:00:00	7034.322	7056.955	7030.550	7056.955	81136	267797	1
2021.11.25	08:00:00	7030.550	7045.639	6981.513	7015.462	581391	1741761	1
2021.11.25	16:00:00	7015.462	7016.719	6995.344	7006.660	59947	199522	1
2021.11.26	08:00:00	7126.739	7129.253	7010.432	7033.694	817401	2570791	1
2021.11.26	16:00:00	7034.322	7060.098	7028.664	7058.841	78425	259105	1
2021.11.29	08:00:00	7041.238	7093.418	7017.348	7051.925	763629	2388246	1
2021.11.29	16:00:00	7051.925	7068.271	7039.981	7045.639	95846	319996	1
2021.11.30	08:00:00	7043.140	7130.601	7015.652	7099.990	911163	2991158	1
2021.11.30	16:00:00	7099.990	7107.486	7037.517	7046.263	117049	374486	1
2021.12.01	08:00:00	7021.899	7128.102	7012.528	7126.228	753627	2409707	1
2021.12.01	16:00:00	7126.228	7163.087	7114.983	7159.338	143124	460564	1
2021.12.02	08:00:00	7122.480	7139.972	7056.884	7103.738	829843	2721816	1
2021.12.02	16:00:00	7103.738	7114.983	7076.250	7095.617	97636	331100	1
2021.12.03	08:00:00	7103.113	7140.597	7038.142	7100.614	862924	2622535	1
2021.12.03	16:00:00	7101.239	7144.970	7093.118	7103.738	133446	441342	1
2021.12.06	08:00:00	7091.868	7164.336	7080.623	7144.970	706939	2263076	1
2021.12.06	16:00:00	7144.970	7158.089	7138.723	7151.842	87308	298925	1
2021.12.07	08:00:00	7118.107	7126.228	7061.881	7069.378	805079	2564678	1
2021.12.07	16:00:00	7068.753	7078.749	7045.014	7060.632	133617	475326	1
2021.12.08	08:00:00	7039.391	7077.500	6939.436	6952.555	832149	2770056	1
2021.12.08	16:00:00	6951.930	6959.427	6940.685	6946.932	98383	329797	1
2021.12.09	08:00:00	6951.930	7028.771	6928.190	7009.405	723290	2345316	1
2021.12.09	16:00:00	7008.780	7013.153	6993.787	6995.036	100188	359715	1
2021.12.10	08:00:00	6978.168	7071.877	6976.919	7050.012	818627	2707621	1
2021.12.10	16:00:00	7050.012	7050.636	7034.394	7045.014	59572	198207	1
2021.12.13	08:00:00	7033.144	7123.729	7027.522	7109.985	834271	2672737	1
2021.12.13	16:00:00	7109.985	7128.102	7106.862	7127.477	91098	282123	1
2021.12.14	08:00:00	7104.987	7146.844	7046.888	7139.347	786549	2483078	1
2021.12.14	16:00:00	7138.723	7144.970	7124.354	7125.603	91046	305446	1
2021.12.15	08:00:00	7122.480	7182.453	7096.241	7175.581	855070	2661483	1
2021.12.15	16:00:00	7176.831	7191.199	7121.230	7126.228	212481	704422	1
2021.12.16	08:00:00	7106.862	7176.206	7093.742	7108.736	910727	2724906	1
2021.12.16	16:00:00	7108.111	7138.098	7099.990	7129.976	102751	325036	1
2021.12.17	08:00:00	7123.729	7161.213	7092.493	7113.109	694005	2132666	1
2021.12.17	16:00:00	7113.734	7139.347	7109.360	7133.100	84686	282521	1
2021.12.20	08:00:00	7152.466	7184.952	7124.354	7179.330	689227	2019964	1
2021.12.20	16:00:00	7179.330	7196.197	7176.206	7193.698	116494	391171	1
2021.12.21	08:00:00	7164.961	7206.817	7149.343	7184.327	647157	2032667	1
2021.12.21	16:00:00	7184.952	7195.572	7178.080	7193.074	73697	252259	1
2021.12.22	08:00:00	7177.455	7186.826	7094.367	7098.115	637335	1972056	1
2021.12.22	16:00:00	7098.115	7101.864	7065.630	7076.250	102241	359131	1
2021.12.23	08:00:00	7078.124	7154.341	7041.266	7081.873	740874	2476533	1
2021.12.23	16:00:00	7081.873	7108.736	7080.623	7085.621	69295	207375	1
2021.12.27	08:00:00	7084.996	7135.599	7042.515	7053.135	597684	1708725	1
2021.12.27	16:00:00	7052.511	7054.385	7030.021	7031.895	61450	197653	1
2021.12.28	08:00:00	7024.398	7077.500	7021.899	7042.515	585171	1728828	1
2021.12.28	16:00:00	7042.515	7051.261	7025.647	7035.643	73340	259131	1
2021.12.29	08:00:00	7045.014	7121.230	7027.522	7113.734	541188	1621419	1
2021.12.29	16:00:00	7113.734	7136.848	7109.985	7125.603	72207	246733	1
2021.12.30	08:00:00	7116.297	7125.603	6932.030	6970.497	664268	2251814	1
2021.12.30	16:00:00	6970.497	6971.737	6946.300	6962.431	55131	185121	1
2022.01.03	08:00:00	6960.570	7085.276	6942.577	7071.006	681643	2052775	1
2022.01.03	16:00:00	7071.006	7108.852	7067.283	7106.370	91354	300108	1
2022.01.04	08:00:00	7078.451	7130.567	7038.744	7101.407	863307	2444543	1
2022.01.04	16:00:00	7101.407	7111.333	7087.757	7088.378	73893	239729	1
2022.01.05	08:00:00	7091.480	7105.129	7042.466	7086.516	759319	2185918	1
2022.01.05	16:00:00	7086.516	7143.596	7080.933	7106.370	180601	597595	1
2022.01.06	08:00:00	7106.370	7143.596	7087.757	7090.239	740958	2203611	1
2022.01.06	16:00:00	7090.239	7102.027	7074.728	7092.100	92723	286569	1
2022.01.07	08:00:00	7087.137	7122.501	7008.963	7023.233	764912	2281178	1
2022.01.07	16:00:00	7022.612	7033.160	7016.408	7030.678	65656	216046	1
2022.01.10	08:00:00	7039.984	7097.684	7020.131	7077.830	686185	1970625	1
2022.01.10	16:00:00	7077.830	7080.933	7058.597	7061.079	84346	293379	1
2022.01.11	08:00:00	7047.430	7074.108	6953.745	6959.949	851334	2611299	1
2022.01.11	16:00:00	6960.570	6964.292	6934.512	6945.679	126694	432502	1
2022.01.12	08:00:00	6954.365	6979.183	6889.841	6889.841	935800	2724743	1
2022.01.12	16:00:00	6889.841	6904.111	6877.433	6899.147	151021	444567	1
2022.01.13	08:00:00	6915.279	6920.242	6850.754	6866.885	872973	2658091	1
2022.01.13	16:00:00	6867.506	6899.147	6863.163	6884.878	118158	385709	1
2022.01.14	08:00:00	6886.739	6913.417	6874.951	6876.192	708115	2103613	1
2022.01.14	16:00:00	6875.571	6893.564	6858.199	6891.082	118011	396864	1
2022.01.17	08:00:00	6892.943	6897.907	6840.207	6874.330	608184	1716942	1
2022.01.17	16:00:00	6874.951	6883.637	6861.922	6865.024	67140	190689	1
2022.01.18	08:00:00	6888.600	6947.541	6850.754	6932.651	817878	2490248	1
2022.01.18	16:00:00	6932.651	6935.753	6914.038	6928.928	100365	356215	1
2022.01.19	08:00:00	6899.147	6907.833	6789.952	6797.397	844318	2934375	1
2022.01.19	16:00:00	6797.397	6804.222	6764.515	6767.617	118078	418302	1
2022.01.20	08:00:00	6775.062	6792.434	6688.202	6702.472	802475	2731921	1
2022.01.20	16:00:00	6703.093	6770.099	6698.750	6738.457	154726	554905	1
2022.01.21	08:00:00	6763.894	6806.083	6716.742	6784.368	878078	2747716	1
2022.01.21	16:00:00	6784.989	6797.397	6774.442	6786.850	109118	361757	1
2022.01.24	08:00:00	6808.565	6866.265	6795.536	6831.521	862299	2779661	1
2022.01.24	16:00:00	6831.521	6851.375	6808.565	6820.974	148234	548735	1
2022.01.25	08:00:00	6832.141	6860.061	6760.172	6762.654	756959	2425323	1
2022.01.25	16:00:00	6762.654	6775.062	6744.041	6764.515	143410	521203	1
2022.01.26	08:00:00	6741.559	6779.405	6708.056	6714.260	798595	2505420	1
2022.01.26	16:00:00	6713.640	6790.573	6696.888	6749.004	310187	1058656	1
2022.01.27	08:00:00	6744.041	6749.004	6646.013	6742.800	954556	3605167	1
2022.01.27	16:00:00	6743.420	6745.282	6703.713	6714.881	111738	421817	1
2022.01.28	08:00:00	6737.836	6744.041	6670.830	6690.064	809705	2700596	1
2022.01.28	16:00:00	6690.064	6701.231	6660.904	6664.006	101207	377174	1
2022.01.31	08:00:00	6644.930	6689.849	6550.170	6571.091	759003	2655924	1
2022.01.31	16:00:00	6571.091	6591.397	6569.245	6577.860	102123	393010	1
2022.02.01	08:00:00	6564.322	6588.936	6530.479	6534.171	789729	2545833	1
2022.02.01	16:00:00	6533.556	6539.094	6524.326	6524.326	101659	387641	1
2022.02.02	08:00:00	6522.480	6584.013	6510.789	6544.017	710150	2473048	1
2022.02.02	16:00:00	6543.401	6551.401	6515.096	6517.558	105329	393167	1
2022.02.03	08:00:00	6532.325	6591.397	6528.018	6557.554	793461	2603998	1
2022.02.03	16:00:00	6558.169	6563.707	6534.787	6544.632	108371	388653	1
2022.02.04	08:00:00	6558.785	6622.163	6536.633	6591.397	742223	2330225	1
2022.02.04	16:00:00	6591.397	6601.857	6579.706	6595.089	83474	300772	1
2022.02.07	08:00:00	6577.860	6586.474	6513.250	6516.327	760051	2232788	1
2022.02.07	16:00:00	6516.327	6518.788	6496.021	6508.943	117922	412540	1
2022.02.08	08:00:00	6516.327	6542.171	6494.790	6513.250	748597	2198399	1
2022.02.08	16:00:00	6513.866	6515.096	6497.867	6502.790	97212	331623	1
2022.02.09	08:00:00	6491.714	6540.940	6445.564	6452.948	828050	2625937	1
2022.02.09	16:00:00	6452.948	6480.638	6449.871	6476.946	114083	389565	1
2022.02.10	08:00:00	6470.177	6490.483	6392.031	6465.255	1116464	3422905	1
2022.02.10	16:00:00	6465.255	6495.406	6452.948	6483.714	142240	437417	1
2022.02.11	08:00:00	6464.024	6485.560	6400.645	6453.563	985826	2895166	1
2022.02.11	16:00:00	6452.948	6505.251	6442.487	6488.637	251294	745201	1
2022.02.14	08:00:00	6488.637	6504.020	6416.028	6446.795	875837	2605355	1
2022.02.14	16:00:00	6446.795	6452.333	6426.489	6433.258	151253	484761	1
2022.02.15	08:00:00	6413.567	6441.257	6377.263	6393.877	809893	2362789	1
2022.02.15	16:00:00	6393.261	6402.491	6368.033	6368.033	97290	325729	1
2022.02.16	08:00:00	6368.648	6389.569	6336.036	6339.728	875779	2706619	1
2022.02.16	16:00:00	6340.343	6349.573	6321.268	6339.728	156404	490893	1
2022.02.17	08:00:00	6356.341	6391.415	6323.114	6378.493	778370	2345764	1
2022.02.17	16:00:00	6378.493	6385.877	6369.879	6378.493	92091	307769	1
2022.02.18	08:00:00	6369.879	6372.340	6292.347	6331.728	853625	2690236	1
2022.02.18	16:00:00	6332.344	6347.112	6327.421	6333.574	106869	399344	1
2022.02.21	08:00:00	6326.190	6353.880	6253.582	6280.656	749197	2345610	1
2022.02.21	16:00:00	6280.656	6300.347	6278.810	6291.732	102579	329033	1
2022.02.22	08:00:00	6278.810	6284.348	6220.354	6238.814	840375	2727143	1
2022.02.22	16:00:00	6239.429	6248.044	6214.816	6234.506	167743	610995	1
2022.02.23	08:00:00	6215.431	6221.585	6150.207	6152.668	881141	2995585	1
2022.02.23	16:00:00	6152.668	6174.820	6150.822	6168.051	125428	481320	1
2022.02.24	08:00:00	6227.123	6357.572	6198.817	6324.344	1198730	3967207	1
2022.02.24	16:00:00	6324.344	6329.882	6257.889	6307.115	238561	855526	1
2022.02.25	08:00:00	6316.287	6390.273	6266.148	6365.203	989907	3038590	1
2022.02.25	16:00:00	6364.592	6377.432	6341.357	6376.821	140635	477830	1
2022.03.02	08:00:00	6442.246	6442.246	6304.058	6305.892	491750	1557523	1
2022.03.02	16:00:00	6305.281	6308.338	6267.982	6291.218	170074	545207	1
2022.03.03	08:00:00	6299.166	6307.115	6190.328	6191.551	1113584	3269834	1
2022.03.03	16:00:00	6191.551	6206.226	6189.717	6206.226	129560	414192	1
2022.03.04	08:00:00	6223.958	6284.492	6193.385	6256.976	1078749	3211625	1
2022.03.04	16:00:00	6256.365	6266.760	6229.461	6236.187	129661	422434	1
2022.03.07	08:00:00	6254.530	6280.823	6195.831	6266.760	1042227	3149233	1
2022.03.07	16:00:00	6266.760	6300.389	6245.359	6300.389	193875	748167	1
2022.03.08	08:00:00	6262.479	6280.211	6211.729	6237.410	1196503	3601888	1
2022.03.08	16:00:00	6238.021	6246.582	6218.455	6228.238	137345	481957	1
2022.03.09	08:00:00	6187.882	6198.888	6136.520	6162.201	933451	2829087	1
2022.03.09	16:00:00	6162.813	6175.653	6157.921	6168.927	132912	437944	1
2022.03.10	08:00:00	6186.659	6244.747	6165.259	6167.704	895936	2701122	1
2022.03.10	16:00:00	6168.316	6179.933	6164.647	6167.093	87119	313204	1
2022.03.11	08:00:00	6151.807	6220.289	6130.406	6214.175	760747	2298592	1
2022.03.11	16:00:00	6214.175	6250.862	6208.672	6242.301	149555	520235	1
2022.03.14	08:00:00	6217.843	6317.510	6193.385	6312.618	829661	2648744	1
2022.03.14	16:00:00	6312.618	6312.618	6287.549	6299.166	118847	377067	1
2022.03.15	08:00:00	6277.154	6352.974	6259.422	6338.911	886310	2634146	1
2022.03.15	16:00:00	6338.911	6350.528	6332.185	6343.191	84499	280209	1
2022.03.16	08:00:00	6312.618	6334.019	6261.256	6269.817	1010592	3305155	1
2022.03.16	16:00:00	6269.817	6279.600	6230.684	6234.964	143916	468038	1
2022.03.17	08:00:00	6231.907	6271.651	6176.265	6183.602	896111	2931836	1
2022.03.17	16:00:00	6183.602	6192.774	6173.819	6188.494	102114	385744	1
2022.03.18	08:00:00	6198.888	6230.072	6129.183	6147.527	858807	2716501	1
2022.03.18	16:00:00	6147.527	6168.316	6147.527	6168.316	80020	286159	1
2022.03.21	08:00:00	6171.373	6173.208	6049.694	6069.872	890271	2831523	1
2022.03.21	16:00:00	6069.261	6079.656	6054.586	6059.478	86452	303894	1
2022.03.22	08:00:00	6053.363	6072.318	6015.453	6031.962	966310	3002173	1
2022.03.22	16:00:00	6032.574	6038.688	6017.288	6024.014	94235	335485	1
2022.03.23	08:00:00	6030.739	6033.185	5925.570	5934.130	946649	3199649	1
2022.03.23	16:00:00	5934.742	5939.633	5909.061	5920.067	96909	381924	1
2022.03.24	08:00:00	5924.347	5954.920	5839.355	5918.233	1160898	3859017	1
2022.03.24	16:00:00	5918.233	5931.073	5902.335	5917.010	111298	383313	1
2022.03.25	08:00:00	5907.838	5910.284	5812.452	5820.400	887731	2669969	1
2022.03.25	16:00:00	5819.789	5825.903	5794.108	5810.617	89043	286232	1
2022.03.28	08:00:00	5805.114	5901.112	5796.554	5836.298	1000937	3074226	1
2022.03.28	16:00:00	5836.298	5865.036	5816.732	5835.687	124792	379734	1
2022.03.29	08:00:00	5800.834	5855.865	5773.319	5827.126	1143617	3512826	1
2022.03.29	16:00:00	5827.738	5837.521	5819.178	5824.069	85037	293439	1
2022.03.30	08:00:00	5827.126	5862.591	5783.102	5837.521	947816	2891839	1
2022.03.30	16:00:00	5837.521	5858.922	5835.075	5838.132	91330	308173	1
2022.03.31	08:00:00	5839.951	5861.170	5771.446	5813.883	885441	3039863	1
2022.03.31	16:00:00	5813.883	5824.189	5789.633	5796.908	99267	402204	1
2022.04.01	08:00:00	5783.570	5784.177	5693.240	5698.090	807965	2654491	1
2022.04.01	16:00:00	5698.696	5707.790	5684.146	5689.603	97748	368548	1
2022.04.04	08:00:00	5687.178	5709.002	5622.916	5632.616	757341	2338568	1
2022.04.04	16:00:00	5632.009	5636.253	5604.122	5608.972	107825	411372	1
2022.04.05	08:00:00	5608.972	5704.759	5593.210	5678.084	1033236	2957655	1
2022.04.05	16:00:00	5678.084	5704.152	5675.659	5679.903	121337	427197	1
2022.04.06	08:00:00	5675.053	5759.927	5668.384	5741.740	1054736	3076387	1
2022.04.06	16:00:00	5741.740	5765.989	5730.827	5759.927	110678	378987	1
2022.04.07	08:00:00	5741.133	5819.945	5719.309	5782.964	1056927	3086425	1
2022.04.07	16:00:00	5782.964	5799.333	5774.477	5798.727	106391	361872	1
2022.04.08	08:00:00	5782.358	5842.982	5735.677	5736.890	1029759	3037994	1
2022.04.08	16:00:00	5736.890	5747.802	5721.127	5727.190	99721	346593	1
2022.04.11	08:00:00	5744.165	5776.296	5701.121	5708.396	1082978	3084690	1
2022.04.11	16:00:00	5708.396	5724.159	5704.152	5716.884	94990	295844	1
2022.04.12	08:00:00	5699.909	5719.309	5629.584	5695.059	1104275	3349518	1
2022.04.12	16:00:00	5694.453	5702.334	5688.996	5696.271	73132	240180	1
2022.04.13	08:00:00	5688.390	5729.615	5664.747	5699.909	952649	2832621	1
2022.04.13	16:00:00	5699.909	5714.459	5696.878	5712.034	72276	251388	1
2022.04.14	08:00:00	5716.277	5770.233	5709.609	5718.702	959947	2998163	1
2022.04.14	16:00:00	5718.702	5725.371	5704.759	5719.915	70352	264206	1
2022.04.18	08:00:00	5702.334	5728.402	5655.653	5661.109	845910	2579292	1
2022.04.18	16:00:00	5661.109	5670.809	5650.197	5662.322	81414	294565	1
2022.04.19	08:00:00	5674.446	5698.090	5642.316	5685.965	933110	2994085	1
2022.04.19	16:00:00	5685.965	5687.178	5674.446	5676.871	65928	269729	1
2022.04.20	08:00:00	5650.803	5688.996	5601.697	5616.247	879461	2871426	1
2022.04.20	16:00:00	5615.641	5624.128	5609.578	5618.672	77201	319599	1
2022.04.22	08:00:00	5688.996	5879.357	5675.659	5876.326	1100390	3697435	1
2022.04.22	16:00:00	5876.326	5878.751	5806.608	5826.008	222686	768254	1
2022.04.25	08:00:00	5851.470	6010.912	5833.282	5926.644	1383889	4180935	1
2022.04.25	16:00:00	5926.038	5935.132	5909.669	5925.432	136932	426568	1
2022.04.26	08:00:00	5955.744	6069.718	5938.769	6044.256	1235943	3704870	1
2022.04.26	16:00:00	6044.256	6074.568	6041.224	6068.505	132388	412068	1
2022.04.27	08:00:00	6053.349	6116.399	5979.994	6018.793	1448423	4386041	1
2022.04.27	16:00:00	6019.399	6036.374	6011.518	6025.462	137004	440747	1
2022.04.28	08:00:00	6048.499	6120.036	6020.006	6021.824	1175575	3367975	1
2022.04.28	16:00:00	6022.431	6026.674	5987.269	5992.118	146838	481074	1
2022.04.29	08:00:00	5948.244	6018.563	5898.360	5998.129	1085373	3273355	1
2022.04.29	16:00:00	5997.528	6045.008	5994.523	6031.785	151323	454820	1
2022.05.02	08:00:00	6022.169	6171.221	6021.568	6164.009	1115381	3102685	1
2022.05.02	16:00:00	6164.610	6177.832	6140.569	6169.418	180065	540076	1
2022.05.03	08:00:00	6112.321	6126.746	6010.750	6017.962	1219128	3524254	1
2022.05.03	16:00:00	6017.361	6031.184	6011.351	6013.154	110690	349772	1
2022.05.04	08:00:00	6022.169	6104.508	5936.825	5963.871	1397885	3771068	1
2022.05.04	16:00:00	5963.270	5972.285	5930.815	5966.275	223998	662604	1
2022.05.05	08:00:00	5997.528	6127.948	5975.891	6094.291	1331614	3602328	1
2022.05.05	16:00:00	6094.291	6097.897	6074.458	6094.892	126688	373996	1
2022.05.06	08:00:00	6085.877	6193.458	6064.240	6151.988	1416217	3659356	1
2022.05.06	16:00:00	6152.589	6174.827	6124.342	6149.584	130185	358024	1
2022.05.09	08:00:00	6226.514	6243.343	6175.428	6233.125	1252464	3174786	1
2022.05.09	16:00:00	6232.524	6248.151	6222.307	6246.949	132989	373987	1
2022.05.10	08:00:00	6239.136	6250.555	6182.039	6200.671	1255441	3359461	1
2022.05.10	16:00:00	6200.070	6216.297	6189.251	6210.287	103253	304066	1
2022.05.11	08:00:00	6166.413	6254.161	6158.600	6198.267	1373616	3717407	1
2022.05.11	16:00:00	6198.267	6230.721	6197.666	6215.095	111157	335966	1
2022.05.12	08:00:00	6252.358	6296.833	6171.221	6227.716	1269140	3608949	1
2022.05.12	16:00:00	6227.716	6236.732	6194.661	6204.878	143295	419279	1
2022.05.13	08:00:00	6189.852	6221.706	6096.094	6098.498	1071637	3166409	1
2022.05.13	16:00:00	6098.498	6116.529	6097.296	6116.529	92736	315101	1
2022.05.16	08:00:00	6135.160	6164.009	6075.660	6087.079	1272985	3452099	1
2022.05.16	16:00:00	6087.680	6112.321	6085.276	6111.119	100307	292887	1
2022.05.17	08:00:00	6040.200	6047.412	5947.042	5960.866	1187353	3633921	1
2022.05.17	16:00:00	5960.866	5974.088	5956.659	5960.265	87391	266890	1
2022.05.18	08:00:00	5978.295	6032.387	5938.628	6022.770	1050033	3140161	1
2022.05.18	16:00:00	6022.770	6023.371	5993.321	5993.321	105675	318882	1
2022.05.19	08:00:00	5956.058	5979.497	5884.537	5902.567	1047346	3145669	1
2022.05.19	16:00:00	5901.966	5957.260	5899.562	5950.648	124870	472414	1
2022.05.20	08:00:00	5912.785	5933.820	5850.279	5868.309	1069896	3204348	1
2022.05.20	16:00:00	5868.309	5887.542	5860.496	5881.532	107659	333208	1
2022.05.23	08:00:00	5835.855	5845.471	5766.137	5791.981	883776	2654076	1
2022.05.23	16:00:00	5791.380	5802.799	5787.773	5802.799	89858	309331	1
2022.05.24	08:00:00	5827.440	5847.274	5751.713	5808.208	1205777	3779569	1
2022.05.24	16:00:00	5808.809	5813.016	5788.374	5805.804	102290	333554	1
2022.05.25	08:00:00	5829.844	5856.289	5789.576	5793.183	1031239	2943837	1
2022.05.25	16:00:00	5793.784	5818.425	5784.768	5808.208	93429	290533	1
2022.05.26	08:00:00	5792.582	5827.440	5715.051	5719.258	990123	3071954	1
2022.05.26	16:00:00	5719.258	5739.091	5718.056	5738.490	89421	278768	1
2022.05.27	08:00:00	5728.273	5750.511	5669.975	5697.020	942746	2892317	1
2022.05.27	16:00:00	5697.621	5703.030	5685.601	5688.005	79765	254311	1
2022.05.30	08:00:00	5666.969	5717.455	5640.525	5709.642	729680	2141097	1
2022.05.30	16:00:00	5709.040	5719.258	5706.636	5715.652	63185	227818	1
2022.05.31	08:00:00	5726.379	5746.640	5649.502	5714.460	993772	3274864	1
2022.05.31	16:00:00	5714.460	5721.015	5687.047	5693.006	102237	361786	1
2022.06.01	08:00:00	5690.622	5786.568	5675.724	5760.347	1053504	3192406	1
2022.06.01	16:00:00	5760.347	5791.932	5756.771	5791.932	90923	306395	1
2022.06.02	08:00:00	5756.771	5780.013	5734.722	5756.771	975327	2840728	1
2022.06.02	16:00:00	5756.771	5768.094	5750.812	5768.094	72260	242452	1
2022.06.03	08:00:00	5792.528	5804.447	5737.105	5746.045	863347	2447374	1
2022.06.03	16:00:00	5746.045	5750.812	5732.934	5735.318	65161	213473	1
2022.06.06	08:00:00	5715.056	5772.266	5703.137	5763.923	805293	2382155	1
2022.06.06	16:00:00	5763.923	5768.094	5746.045	5757.963	77659	252812	1
2022.06.07	08:00:00	5759.155	5922.443	5759.155	5842.587	1209625	4056240	1
2022.06.07	16:00:00	5841.991	5854.505	5836.627	5847.354	85019	285742	1
2022.06.08	08:00:00	5852.718	5888.474	5816.365	5862.849	1095928	3066135	1
2022.06.08	16:00:00	5862.849	5880.727	5853.314	5879.535	76638	275155	1
2022.06.09	08:00:00	5874.171	5898.605	5837.223	5879.535	1053951	3124070	1
2022.06.09	16:00:00	5879.535	5902.181	5877.747	5883.111	104812	355549	1
2022.06.10	08:00:00	5883.706	6008.854	5856.889	5973.693	1134971	3528185	1
2022.06.10	16:00:00	5973.693	5983.228	5962.370	5980.249	86781	297511	1
2022.06.13	08:00:00	6038.055	6156.647	6028.520	6122.082	1155625	3593828	1
2022.06.13	16:00:00	6122.678	6148.899	6107.780	6128.637	175274	565199	1
2022.06.14	08:00:00	6125.062	6170.949	6091.093	6159.626	1100595	3370666	1
2022.06.14	16:00:00	6159.626	6164.990	6126.850	6130.425	103154	344492	1
2022.06.15	08:00:00	6101.224	6145.920	6035.075	6064.872	1389586	3951674	1
2022.06.15	16:00:00	6064.872	6070.831	6006.470	6051.761	226426	705733	1
2022.06.17	08:00:00	6120.294	6160.818	6107.780	6145.324	1018561	3017045	1
2022.06.17	16:00:00	6144.728	6169.161	6138.172	6164.990	88013	287620	1
2022.06.20	08:00:00	6159.030	6206.705	6144.132	6194.787	776310	2409612	1
2022.06.20	16:00:00	6194.787	6213.261	6191.807	6207.301	73871	271268	1
2022.06.21	08:00:00	6190.615	6200.150	6119.102	6157.838	937688	2871102	1
2022.06.21	16:00:00	6157.838	6164.394	6126.254	6129.829	91090	329447	1
2022.06.22	08:00:00	6175.717	6193.595	6128.041	6169.757	974955	2953324	1
2022.06.22	16:00:00	6169.757	6209.685	6167.373	6207.301	107508	379906	1
2022.06.23	08:00:00	6207.897	6251.997	6172.141	6249.017	1045300	3320231	1
2022.06.23	16:00:00	6249.017	6269.279	6238.290	6261.532	94796	318826	1
2022.06.24	08:00:00	6245.441	6300.268	6215.645	6284.773	961197	2937382	1
2022.06.24	16:00:00	6284.773	6289.541	6256.764	6262.128	89014	283179	1
2022.06.27	08:00:00	6257.360	6297.884	6210.281	6237.098	991506	2973789	1
2022.06.27	16:00:00	6236.502	6254.381	6235.906	6254.381	71825	231528	1
2022.06.28	08:00:00	6246.037	6299.076	6190.019	6288.945	1072664	3351233	1
2022.06.28	16:00:00	6288.945	6292.521	6275.238	6285.965	82245	255030	1
2022.06.29	08:00:00	6264.512	6269.279	6196.574	6203.130	1086507	3307785	1
2022.06.29	16:00:00	6203.726	6207.897	6173.333	6182.272	97622	344832	1
2022.06.30	08:00:00	6223.065	6283.369	6185.228	6231.934	990204	3110550	1
2022.06.30	16:00:00	6231.342	6270.362	6226.021	6265.041	119516	418753	1
2022.07.01	08:00:00	6296.375	6361.408	6290.463	6322.980	1002014	3038823	1
2022.07.01	16:00:00	6323.571	6359.635	6321.797	6353.131	100069	338278	1
2022.07.04	08:00:00	6317.068	6356.087	6301.105	6342.490	669722	1859319	1
2022.07.04	16:00:00	6341.898	6353.723	6337.760	6351.949	55320	173438	1
2022.07.05	08:00:00	6379.145	6436.492	6371.459	6430.580	972945	2905930	1
2022.07.05	16:00:00	6430.580	6431.762	6412.843	6418.164	100732	335557	1
2022.07.06	08:00:00	6434.718	6503.298	6421.712	6451.272	1162334	3335053	1
2022.07.06	16:00:00	6451.272	6467.235	6443.586	6460.140	80674	258064	1
2022.07.07	08:00:00	6435.901	6445.360	6344.854	6364.956	935701	2799685	1
2022.07.07	16:00:00	6364.364	6371.459	6355.496	6356.087	65514	214425	1
2022.07.08	08:00:00	6375.597	6388.604	6270.953	6273.909	1080643	3186029	1
2022.07.08	16:00:00	6273.909	6277.457	6247.305	6252.035	94454	360966	1
2022.07.11	08:00:00	6317.659	6390.378	6301.696	6389.195	899424	2708914	1
2022.07.11	16:00:00	6389.195	6405.749	6380.918	6395.698	104146	372307	1
2022.07.12	08:00:00	6395.698	6462.505	6385.057	6459.549	977527	2840459	1
2022.07.12	16:00:00	6460.140	6470.191	6458.367	6463.096	88571	318823	1
2022.07.13	08:00:00	6440.630	6494.430	6372.641	6397.472	1239977	3535671	1
2022.07.13	16:00:00	6397.472	6432.353	6395.698	6407.523	106414	337713	1
2022.07.14	08:00:00	6503.298	6521.035	6431.171	6457.775	1183848	3473475	1
2022.07.14	16:00:00	6457.184	6465.461	6437.083	6438.857	80334	251867	1
2022.07.15	08:00:00	6422.894	6469.008	6381.509	6405.749	1017383	2939703	1
2022.07.15	16:00:00	6406.340	6423.485	6405.158	6422.303	63968	225933	1
2022.07.18	08:00:00	6379.145	6432.945	6351.949	6429.988	989114	2864631	1
2022.07.18	16:00:00	6430.580	6454.819	6424.076	6453.046	100522	367409	1
2022.07.19	08:00:00	6418.164	6442.404	6364.956	6409.296	1066277	3191897	1
2022.07.19	16:00:00	6409.296	6434.718	6409.296	6420.529	96729	322939	1
2022.07.20	08:00:00	6442.404	6484.971	6390.378	6474.329	1202918	3634173	1
2022.07.20	16:00:00	6474.329	6488.518	6464.870	6486.745	86082	293293	1
2022.07.21	08:00:00	6476.103	6535.224	6435.309	6518.079	1197878	3619964	1
2022.07.21	16:00:00	6518.079	6522.808	6503.298	6515.123	94028	324343	1
2022.07.22	08:00:00	6496.204	6517.487	6438.857	6517.487	956391	2960252	1
2022.07.22	16:00:00	6517.487	6521.035	6509.210	6513.940	69876	265242	1
2022.07.25	08:00:00	6481.424	6487.927	6354.314	6357.270	956327	3225053	1
2022.07.25	16:00:00	6357.861	6368.503	6342.490	6343.081	107791	398826	1
2022.07.26	08:00:00	6373.232	6383.874	6315.294	6340.125	1231026	3653089	1
2022.07.26	16:00:00	6340.716	6343.672	6320.615	6335.395	84197	286150	1
2022.07.27	08:00:00	6317.068	6330.665	6216.562	6221.883	1182941	3513642	1
2022.07.27	16:00:00	6221.883	6230.751	6197.052	6204.738	148011	505063	1
2022.07.28	08:00:00	6226.021	6238.437	6114.874	6116.057	1146476	3626782	1
2022.07.28	16:00:00	6115.465	6136.749	6102.459	6132.610	115659	425827	1
2022.07.29	08:00:00	6098.082	6157.775	6078.184	6108.616	1088105	3291950	1
2022.07.29	16:00:00	6108.616	6122.662	6104.519	6110.957	80881	275332	1
2022.08.01	08:00:00	6091.059	6143.730	6057.701	6123.832	1150863	3430314	1
2022.08.01	16:00:00	6123.247	6126.758	6111.542	6126.758	75049	234158	1
2022.08.02	08:00:00	6141.974	6232.684	6126.173	6224.491	1289931	3944362	1
2022.08.02	16:00:00	6225.077	6237.952	6216.298	6230.344	93559	350131	1
2022.08.03	08:00:00	6195.230	6271.895	6188.207	6236.781	1081410	3311007	1
2022.08.03	16:00:00	6237.366	6241.463	6222.736	6235.611	84050	284601	1
2022.08.04	08:00:00	6235.611	6246.145	6133.196	6147.826	1094251	3342959	1
2022.08.04	16:00:00	6147.826	6163.042	6144.315	6146.071	85383	290471	1
2022.08.05	08:00:00	6160.701	6222.150	6091.644	6099.838	1320356	4040331	1
2022.08.05	16:00:00	6099.252	6102.178	6079.355	6088.718	74288	250313	1
2022.08.08	08:00:00	6064.139	6069.991	6014.979	6027.269	1021990	2978201	1
2022.08.08	16:00:00	6027.269	6031.951	6018.491	6026.684	84660	281150	1
2022.08.09	08:00:00	6033.122	6068.820	5999.763	6062.968	1054547	3151976	1
2022.08.09	16:00:00	6062.968	6064.724	6035.462	6037.218	86270	311250	1
2022.08.10	08:00:00	6024.928	6061.798	5928.951	5993.911	1114451	3705199	1
2022.08.10	16:00:00	5993.326	6000.934	5983.962	5999.178	87205	304742	1
2022.08.11	08:00:00	5981.036	6086.963	5957.627	6078.769	1191514	3840507	1
2022.08.11	16:00:00	6078.769	6084.036	6068.235	6072.332	81995	317750	1
2022.08.12	08:00:00	6065.894	6077.599	5959.968	5965.820	913303	3084982	1
2022.08.12	16:00:00	5965.235	5978.695	5960.553	5968.746	78131	307294	1
2022.08.15	08:00:00	6014.394	6046.582	5969.332	5998.008	967362	2950566	1
2022.08.15	16:00:00	5998.593	6000.934	5981.621	5995.082	74145	257441	1
2022.08.16	08:00:00	6020.246	6060.627	6010.298	6048.923	960232	3038109	1
2022.08.16	16:00:00	6049.508	6058.286	6041.315	6054.190	67110	232127	1
2022.08.17	08:00:00	6086.377	6127.929	6048.923	6077.014	1059506	3467169	1
2022.08.17	16:00:00	6077.014	6081.695	6062.968	6072.917	78212	248630	1
2022.08.18	08:00:00	6068.235	6116.809	6024.928	6092.230	901214	2981416	1
2022.08.18	16:00:00	6092.815	6092.815	6066.480	6069.991	79053	318149	1
2022.08.19	08:00:00	6108.616	6129.684	6066.480	6093.400	949690	3135173	1
2022.08.19	16:00:00	6093.985	6094.571	6067.065	6071.161	83991	326904	1
2022.08.22	08:00:00	6084.622	6109.201	6045.997	6048.923	962955	2949689	1
2022.08.22	16:00:00	6049.508	6074.088	6046.582	6054.190	92303	321670	1
2022.08.23	08:00:00	6021.417	6046.582	5950.019	5989.815	939070	3090785	1
2022.08.23	16:00:00	5989.815	6001.519	5977.525	5989.815	90196	328482	1
2022.08.24	08:00:00	5995.082	6009.127	5960.553	5994.496	990745	3166477	1
2022.08.24	16:00:00	5994.496	5997.423	5985.133	5996.837	69906	244635	1
2022.08.25	08:00:00	5970.502	6030.195	5963.479	6004.445	984892	3230695	1
2022.08.25	16:00:00	6004.445	6013.224	5985.718	5991.570	78500	261289	1
2022.08.26	08:00:00	5990.400	5998.008	5923.684	5938.900	1182252	3843184	1
2022.08.26	16:00:00	5939.485	5953.530	5930.707	5934.803	85508	320040	1
2022.08.29	08:00:00	5952.945	5964.650	5868.672	5878.621	1019945	3550397	1
2022.08.29	16:00:00	5879.206	5896.763	5876.280	5889.741	93443	369894	1
2022.08.30	08:00:00	5872.769	5996.252	5866.331	5981.036	1059634	3712162	1
2022.08.30	16:00:00	5981.036	6002.104	5974.013	6000.349	88868	337190	1
2022.08.31	08:00:00	6007.902	6104.354	6006.740	6096.801	1087733	3826150	1
2022.08.31	16:00:00	6096.220	6102.611	6069.492	6074.721	110016	391731	1
2022.09.01	08:00:00	6095.057	6154.323	6025.914	6128.757	1242979	4130524	1
2022.09.01	16:00:00	6128.757	6138.635	6117.718	6138.054	102878	369518	1
2022.09.02	08:00:00	6113.651	6127.014	6035.792	6048.575	1196638	3711831	1
2022.09.02	16:00:00	6048.575	6074.140	6041.602	6048.575	100067	345728	1
2022.09.05	08:00:00	6063.682	6072.978	6026.495	6034.630	735294	2133232	1
2022.09.05	16:00:00	6034.630	6036.373	6027.076	6032.306	42654	144850	1
2022.09.06	08:00:00	6045.088	6140.378	6039.859	6125.852	1030600	3211000	1
2022.09.06	16:00:00	6126.433	6143.864	6122.366	6139.216	75887	273462	1
2022.09.08	08:00:00	6091.571	6124.690	6054.966	6087.504	1249303	3759608	1
2022.09.08	16:00:00	6087.504	6099.125	6079.951	6098.544	89655	338191	1
2022.09.09	08:00:00	6056.709	6081.113	6009.645	6025.333	877560	2624554	1
2022.09.09	16:00:00	6025.333	6026.495	6011.969	6016.037	61504	218947	1
2022.09.12	08:00:00	5976.526	6002.673	5938.759	5941.664	882244	2854254	1
2022.09.12	16:00:00	5942.245	5959.676	5938.759	5949.799	88321	308665	1
2022.09.13	08:00:00	5939.340	6081.694	5930.043	6057.290	1248198	4158474	1
2022.09.13	16:00:00	6057.871	6066.006	6049.156	6058.452	74254	274250	1
2022.09.14	08:00:00	6057.290	6068.330	6011.969	6045.669	977756	3027494	1
2022.09.14	16:00:00	6046.250	6052.061	6024.752	6028.238	68848	266685	1
2022.09.15	08:00:00	6042.183	6118.880	6041.021	6115.975	901890	2908625	1
2022.09.15	16:00:00	6115.394	6125.852	6109.583	6120.042	76786	295186	1
2022.09.16	08:00:00	6124.109	6192.671	6120.623	6132.244	930964	3163644	1
2022.09.16	16:00:00	6132.244	6137.473	6120.623	6126.433	81986	298900	1
2022.09.19	08:00:00	6172.916	6181.051	5993.957	6028.238	1051666	3541557	1
2022.09.19	16:00:00	6028.238	6029.400	6011.969	6028.819	95953	350521	1
2022.09.20	08:00:00	6071.816	6085.761	5989.890	5995.119	1146441	3697981	1
2022.09.20	16:00:00	5995.119	6016.037	5990.471	5992.795	101760	355181	1
2022.09.21	08:00:00	5989.890	6049.737	5962.581	5980.594	1295061	4062102	1
2022.09.21	16:00:00	5980.594	6031.144	5971.297	6021.847	194669	624075	1
2022.09.22	08:00:00	5973.621	6038.116	5960.838	5964.325	1037673	3459261	1
2022.09.22	16:00:00	5964.906	5964.906	5945.150	5957.352	105066	400103	1
2022.09.23	08:00:00	6018.361	6127.595	6016.037	6124.109	966365	3267270	1
2022.09.23	16:00:00	6124.109	6131.082	6107.840	6122.947	108068	363774	1
2022.09.26	08:00:00	6158.971	6303.068	6158.971	6273.435	1290270	4396938	1
2022.09.26	16:00:00	6273.435	6282.151	6243.802	6274.597	163720	568007	1
2022.09.27	08:00:00	6220.561	6265.882	6160.714	6233.925	1223371	3915688	1
2022.09.27	16:00:00	6233.344	6264.139	6233.344	6257.747	100348	319894	1
2022.09.28	08:00:00	6291.447	6305.973	6188.604	6212.427	1301799	4261884	1
2022.09.28	16:00:00	6212.427	6250.775	6206.616	6250.775	96020	364280	1
2022.09.29	08:00:00	6265.882	6312.365	6246.708	6278.665	1136753	3626174	1
2022.09.29	16:00:00	6278.083	6285.637	6261.814	6274.597	89042	297011	1
2022.09.30	08:00:00	6263.636	6306.328	6192.674	6231.905	1016568	3288374	1
2022.09.30	16:00:00	6231.905	6294.790	6227.867	6284.982	122333	431766	1
2022.10.03	08:00:00	6115.367	6170.174	5986.713	6004.598	1154164	3797756	1
2022.10.03	16:00:00	6004.021	6024.213	5992.483	6005.752	115895	400334	1
2022.10.04	08:00:00	5976.906	6062.290	5935.367	5991.906	1244883	4048157	1
2022.10.04	16:00:00	5991.906	6018.444	5987.290	6008.636	116061	393157	1
2022.10.05	08:00:00	6055.944	6085.367	5990.175	6000.560	1141889	3410744	1
2022.10.05	16:00:00	5999.983	6039.790	5995.944	6027.675	105460	369508	1
2022.10.06	08:00:00	6029.406	6053.059	6002.290	6035.752	1134444	3419052	1
2022.10.06	16:00:00	6035.175	6067.482	6029.406	6056.521	85675	314812	1
2022.10.07	08:00:00	6039.790	6088.829	6021.329	6040.367	1038690	3055619	1
2022.10.07	16:00:00	6040.367	6057.675	6028.252	6030.559	81796	280128	1
2022.10.10	08:00:00	6017.290	6047.867	5985.560	6008.060	944277	2817595	1
2022.10.10	16:00:00	6008.060	6021.906	6002.290	6010.944	85360	264873	1
2022.10.11	08:00:00	6005.752	6121.136	6002.290	6110.175	1015565	3144724	1
2022.10.11	16:00:00	6110.752	6147.098	6101.521	6133.828	149132	560377	1
2022.10.13	08:00:00	6092.290	6234.213	6058.252	6089.982	1320290	4026194	1
2022.10.13	16:00:00	6090.559	6119.982	6089.982	6093.444	114398	378903	1
2022.10.14	08:00:00	6111.905	6174.213	6068.636	6167.290	1137765	3459761	1
2022.10.14	16:00:00	6166.713	6176.521	6156.905	6162.098	81238	282755	1
2022.10.17	08:00:00	6103.829	6134.982	6080.175	6120.559	916299	2777106	1
2022.10.17	16:00:00	6120.559	6137.867	6103.829	6114.790	99490	330468	1
2022.10.18	08:00:00	6099.790	6129.213	6062.290	6087.675	1058546	3317667	1
2022.10.18	16:00:00	6087.675	6094.598	6053.636	6060.559	116086	376953	1
2022.10.19	08:00:00	6103.829	6128.636	6077.290	6104.982	984063	3050316	1
2022.10.19	16:00:00	6104.982	6110.752	6091.713	6094.598	87614	315386	1
2022.10.20	08:00:00	6070.367	6079.598	6004.598	6032.867	1030008	3295986	1
2022.10.20	16:00:00	6032.290	6042.675	6024.790	6031.713	79033	275006	1
2022.10.21	08:00:00	6054.213	6099.213	5964.214	5967.675	1339266	4118609	1
2022.10.21	16:00:00	5967.675	5972.290	5941.714	5969.406	131882	505057	1
2022.10.24	08:00:00	6010.944	6126.328	6008.636	6102.098	1196736	3761578	1
2022.10.24	16:00:00	6101.521	6134.405	6095.752	6124.021	113833	402398	1
2022.10.25	08:00:00	6113.636	6187.482	6093.444	6142.482	1219923	3773204	1
2022.10.25	16:00:00	6142.482	6150.559	6131.521	6140.175	98805	334261	1
2022.10.26	08:00:00	6111.905	6201.905	6096.905	6193.251	1108753	3380400	1
2022.10.26	16:00:00	6192.674	6220.367	6192.097	6218.059	107007	387571	1
2022.10.27	08:00:00	6223.251	6226.136	6094.021	6131.521	1114344	3318261	1
2022.10.27	16:00:00	6131.521	6189.790	6051.329	6160.367	259998	818360	1
2022.10.28	08:00:00	6175.944	6212.290	6129.790	6130.944	988100	2899304	1
2022.10.28	16:00:00	6130.367	6140.175	6094.021	6117.098	116258	401736	1
2022.10.31	08:00:00	6241.140	6251.476	5955.729	5970.085	1306049	4083346	1
2022.10.31	16:00:00	5969.511	5990.759	5967.214	5988.462	128488	426658	1
2022.11.01	08:00:00	5948.837	6016.601	5878.777	5891.985	1418100	4122995	1
2022.11.01	16:00:00	5891.985	5963.194	5874.757	5937.926	211019	648988	1
2022.11.03	08:00:00	5995.353	6034.403	5874.757	5908.639	1295832	3836522	1
2022.11.03	16:00:00	5908.639	5921.273	5901.173	5905.767	80372	257137	1
2022.11.04	08:00:00	5846.043	5909.213	5793.211	5802.973	1122246	3296239	1
2022.11.04	16:00:00	5802.973	5865.569	5802.399	5839.727	132004	472609	1
2022.11.07	08:00:00	5842.024	5919.550	5823.073	5904.044	1074700	3040023	1
2022.11.07	16:00:00	5904.044	5971.234	5900.599	5954.580	161650	541162	1
2022.11.08	08:00:00	5972.382	6052.780	5917.253	5940.223	1194312	3520451	1
2022.11.08	16:00:00	5940.798	5964.917	5923.570	5939.649	166449	528616	1
2022.11.09	08:00:00	5964.917	5992.482	5921.847	5956.303	1099783	3118382	1
2022.11.09	16:00:00	5955.729	5995.353	5951.134	5976.976	149776	465873	1
2022.11.10	08:00:00	6046.463	6204.386	6044.166	6198.644	1477700	4477734	1
2022.11.10	16:00:00	6198.644	6242.862	6146.960	6167.059	238144	791266	1
2022.11.11	08:00:00	6156.148	6232.526	6051.631	6156.148	1341335	3790198	1
2022.11.11	16:00:00	6156.148	6177.970	6134.326	6163.039	127294	357624	1
2022.11.14	08:00:00	6155.574	6172.802	6063.117	6136.049	1151677	3172139	1
2022.11.14	16:00:00	6136.049	6155.574	6076.325	6153.277	214777	640637	1
2022.11.16	08:00:00	6156.148	6220.466	6092.404	6210.129	1414488	4007674	1
2022.11.16	16:00:00	6209.555	6233.100	6190.030	6230.803	149283	439805	1
2022.11.17	08:00:00	6333.597	6372.073	6254.922	6279.615	1213188	3498189	1
2022.11.17	16:00:00	6280.190	6285.358	6206.109	6250.328	229374	712827	1
2022.11.18	08:00:00	6203.238	6214.723	6136.623	6195.198	1220670	3584018	1
2022.11.18	16:00:00	6195.198	6201.515	6172.227	6188.307	125667	359516	1
2022.11.21	08:00:00	6199.792	6200.941	6098.721	6112.504	1098901	3212336	1
2022.11.21	16:00:00	6112.504	6125.137	6104.464	6124.563	106970	342954	1
2022.11.22	08:00:00	6111.355	6175.673	6076.325	6165.910	1069888	3102015	1
2022.11.22	16:00:00	6166.485	6211.852	6157.871	6161.891	186751	601836	1
2022.11.23	08:00:00	6147.534	6225.060	6146.960	6206.109	938923	2725752	1
2022.11.23	16:00:00	6206.683	6214.149	6152.128	6173.376	200516	632106	1
2022.11.24	08:00:00	6114.801	6142.366	6095.276	6104.464	738002	2112777	1
2022.11.24	16:00:00	6103.890	6121.692	6102.167	6113.078	32782	107342	1
2022.11.25	08:00:00	6114.226	6236.545	6098.721	6223.337	922805	2902084	1
2022.11.25	16:00:00	6222.763	6236.545	6195.772	6218.169	77676	247836	1
2022.11.28	08:00:00	6233.100	6242.862	6146.385	6166.485	825041	2444537	1
2022.11.28	16:00:00	6166.485	6179.119	6160.168	6164.762	78033	276130	1
2022.11.29	08:00:00	6121.692	6129.157	6064.265	6068.285	863619	2698831	1
2022.11.29	16:00:00	6067.711	6082.067	6053.354	6053.354	98336	317382	1
2022.11.30	08:00:00	6040.235	6101.265	5966.087	5982.628	981470	3246700	1
2022.11.30	16:00:00	5983.198	5984.339	5937.569	5948.976	161464	566079	1
2022.12.01	08:00:00	5956.961	5986.050	5925.020	5957.532	996378	2943827	1
2022.12.01	16:00:00	5957.532	5977.495	5948.976	5952.969	97035	324315	1
2022.12.02	08:00:00	5947.835	6012.858	5923.880	5991.754	939252	2781886	1
2022.12.02	16:00:00	5991.754	5994.606	5979.206	5985.480	56650	166874	1
2022.12.05	08:00:00	5971.221	6053.354	5965.517	6053.354	831792	2391740	1
2022.12.05	16:00:00	6053.354	6068.754	6050.502	6059.628	88234	281401	1
2022.12.06	08:00:00	6047.080	6047.650	5984.339	6027.117	880984	2847314	1
2022.12.06	16:00:00	6027.687	6045.939	5996.887	6016.280	121818	431003	1
2022.12.07	08:00:00	6035.673	6049.361	5940.991	5963.806	929689	2924626	1
2022.12.07	16:00:00	5963.806	5980.917	5960.383	5966.087	104918	357090	1
2022.12.08	08:00:00	5994.035	6019.702	5950.117	5973.502	811273	2392390	1
2022.12.08	16:00:00	5973.502	6013.428	5962.665	5996.887	105699	364703	1
2022.12.09	08:00:00	5993.465	6053.924	5977.495	6014.569	749615	2259743	1
2022.12.09	16:00:00	6014.569	6016.280	5999.169	6000.309	71260	258135	1
2022.12.12	08:00:00	6003.161	6128.643	5993.465	6093.280	842658	2767460	1
2022.12.12	16:00:00	6092.710	6102.406	6057.917	6101.836	128521	440520	1
2022.12.13	08:00:00	6093.280	6102.976	6002.591	6067.613	1069458	3088364	1
2022.12.13	16:00:00	6068.184	6109.821	6048.791	6068.754	198513	641982	1
2022.12.14	08:00:00	6085.295	6149.176	6057.917	6071.606	1000153	2998761	1
2022.12.14	16:00:00	6072.176	6110.962	6036.243	6053.924	281148	756143	1
2022.12.15	08:00:00	6100.125	6120.658	6044.228	6080.732	1012878	2930860	1
2022.12.15	16:00:00	6080.162	6094.421	6068.754	6080.732	111390	348556	1
2022.12.16	08:00:00	6082.443	6100.125	6020.843	6062.480	774645	2401321	1
2022.12.16	16:00:00	6061.910	6089.858	6051.073	6083.013	100578	338609	1
2022.12.19	08:00:00	6102.976	6106.399	6048.221	6065.902	761710	2334971	1
2022.12.19	16:00:00	6065.902	6079.021	6048.221	6059.058	107768	362558	1
2022.12.20	08:00:00	6055.065	6086.436	5914.754	5953.539	985534	3352332	1
2022.12.20	16:00:00	5953.539	5958.672	5940.420	5942.702	96043	334156	1
2022.12.21	08:00:00	5942.132	5963.806	5893.650	5939.850	904685	2925745	1
2022.12.21	16:00:00	5939.850	5952.398	5935.287	5937.569	79436	257871	1
2022.12.22	08:00:00	5948.976	5967.798	5892.509	5928.443	780884	2393618	1
2022.12.22	16:00:00	5927.872	5927.872	5897.072	5899.924	113816	408852	1
2022.12.23	08:00:00	5906.769	5912.472	5841.746	5894.791	717531	2125132	1
2022.12.23	16:00:00	5894.220	5903.346	5874.828	5887.946	70590	228353	1
2022.12.26	08:00:00	5887.946	5950.687	5881.102	5936.998	367495	892650	1
2022.12.26	16:00:00	5936.998	5962.095	5933.006	5955.820	56093	158257	1
2022.12.27	08:00:00	5927.872	6049.932	5926.161	6019.702	723793	2465420	1
2022.12.27	16:00:00	6019.132	6044.798	6016.850	6041.947	81652	281499	1
2022.12.28	08:00:00	6007.724	6033.961	5964.376	5990.613	647023	2036118	1
2022.12.28	16:00:00	5991.184	6018.561	5984.339	6012.287	73372	235899	1
2022.12.29	08:00:00	5991.861	6057.680	5929.445	6034.984	715885	2227933	1
2022.12.29	16:00:00	6034.984	6042.360	6023.068	6038.956	76306	255015	1
2023.01.02	08:00:00	6045.197	6124.635	6037.821	6117.258	565208	1560390	1
2023.01.02	16:00:00	6117.258	6128.039	6114.421	6128.039	73971	234126	1
2023.01.03	08:00:00	6154.140	6227.903	6094.562	6221.662	1010282	3012376	1
2023.01.03	16:00:00	6221.662	6252.302	6213.718	6246.628	124875	403865	1
2023.01.04	08:00:00	6213.151	6251.735	6191.022	6218.825	929125	2785014	1
2023.01.04	16:00:00	6219.392	6228.471	6193.859	6198.398	120493	381346	1
2023.01.05	08:00:00	6189.320	6195.561	6106.478	6123.500	890323	2701686	1
2023.01.05	16:00:00	6122.932	6123.500	6103.073	6106.478	90619	316191	1
2023.01.06	08:00:00	6116.691	6125.202	5969.731	5983.349	908801	3001913	1
2023.01.06	16:00:00	5983.349	5983.349	5952.142	5968.597	92199	338077	1
2023.01.09	08:00:00	6020.231	6053.141	5982.215	5997.535	927490	2773633	1
2023.01.09	16:00:00	5997.535	6002.074	5985.619	5992.995	89182	275775	1
2023.01.10	08:00:00	5992.995	6014.557	5932.850	5933.985	838275	2443774	1
2023.01.10	16:00:00	5933.417	5937.956	5924.906	5929.445	94509	318297	1
2023.01.11	08:00:00	5928.878	5964.625	5882.350	5901.642	885349	2837544	1
2023.01.11	16:00:00	5901.075	5912.990	5879.513	5881.215	100884	355418	1
2023.01.12	08:00:00	5887.457	5908.451	5773.975	5787.593	1116223	3486483	1
2023.01.12	16:00:00	5787.593	5825.042	5780.784	5818.233	148233	536022	1
2023.01.13	08:00:00	5821.070	5869.867	5783.053	5802.345	847182	2577448	1
2023.01.13	16:00:00	5802.345	5817.665	5797.239	5800.643	87121	291382	1
2023.01.16	08:00:00	5831.851	5867.597	5798.941	5861.356	661504	1848366	1
2023.01.16	16:00:00	5861.923	5877.243	5855.682	5862.491	82979	266155	1
2023.01.17	08:00:00	5866.463	5871.002	5799.508	5815.396	832167	2469169	1
2023.01.17	16:00:00	5814.828	5817.665	5801.778	5804.047	80271	257562	1
2023.01.18	08:00:00	5794.401	5885.755	5762.626	5873.272	1030581	3209868	1
2023.01.18	16:00:00	5872.704	5903.912	5865.895	5901.075	95749	334501	1
2023.01.19	08:00:00	5969.164	5979.377	5885.187	5886.889	965728	3042635	1
2023.01.19	16:00:00	5886.889	5896.535	5874.406	5880.648	103058	361263	1
2023.01.20	08:00:00	5884.620	5958.383	5873.839	5905.047	863372	2713033	1
2023.01.20	16:00:00	5904.479	5931.715	5903.344	5924.339	109392	367730	1
2023.01.23	08:00:00	5924.339	5935.687	5871.002	5902.777	880048	2732799	1
2023.01.23	16:00:00	5903.344	5922.636	5899.373	5922.636	100612	311605	1
2023.01.24	08:00:00	5924.906	5933.417	5842.064	5854.547	710899	2277291	1
2023.01.24	16:00:00	5854.547	5857.951	5835.822	5840.929	85986	310875	1
2023.01.25	08:00:00	5852.845	5853.980	5760.357	5767.166	844784	2846947	1
2023.01.25	16:00:00	5767.733	5776.812	5758.655	5766.031	83999	314493	1
2023.01.26	08:00:00	5763.761	5813.693	5746.739	5762.059	899604	3119500	1
2023.01.26	16:00:00	5761.492	5768.301	5751.846	5760.924	73181	256078	1
2023.01.27	08:00:00	5779.081	5809.154	5742.200	5799.508	813465	2700648	1
2023.01.27	16:00:00	5799.508	5810.856	5794.969	5800.076	76576	259905	1
2023.01.30	08:00:00	5813.693	5828.446	5770.570	5804.047	775628	2463628	1
2023.01.30	16:00:00	5804.047	5817.098	5797.239	5810.289	91607	304439	1
2023.01.31	08:00:00	5833.435	5833.435	5760.609	5765.125	727068	2425629	1
2023.01.31	16:00:00	5765.125	5766.254	5753.835	5756.657	80100	304301	1
2023.02.01	08:00:00	5741.415	5798.434	5730.124	5766.819	767960	2535449	1
2023.02.01	16:00:00	5766.819	5783.755	5720.526	5732.382	260086	926042	1
2023.02.02	08:00:00	5705.284	5722.220	5604.230	5716.575	1040407	3481692	1
2023.02.02	16:00:00	5716.010	5734.640	5701.332	5728.995	126422	454480	1
2023.02.03	08:00:00	5780.368	5824.403	5725.043	5821.015	956725	3113386	1
2023.02.03	16:00:00	5821.015	5853.194	5818.193	5844.162	107375	419015	1
2023.02.06	08:00:00	5850.372	5909.084	5839.645	5870.695	870043	2808089	1
2023.02.06	16:00:00	5870.695	5875.776	5824.403	5833.435	130898	494463	1
2023.02.07	08:00:00	5826.096	5900.616	5815.934	5891.019	1048282	3254916	1
2023.02.07	16:00:00	5891.019	5913.036	5876.905	5907.955	114679	366053	1
2023.02.08	08:00:00	5882.551	5941.828	5852.065	5891.019	894650	2847422	1
2023.02.08	16:00:00	5891.019	5896.100	5874.647	5891.019	110898	386862	1
2023.02.09	08:00:00	5871.260	5977.959	5858.840	5960.458	1064016	3483815	1
2023.02.09	16:00:00	5960.458	5994.895	5953.683	5994.330	139439	477219	1
2023.02.10	08:00:00	6007.879	6010.702	5905.132	5924.891	846733	2741174	1
2023.02.10	16:00:00	5925.456	5925.456	5898.358	5907.391	84374	275699	1
2023.02.13	08:00:00	5914.165	5919.246	5840.210	5862.227	820180	2621283	1
2023.02.13	16:00:00	5862.792	5866.743	5837.387	5839.081	94174	332276	1
2023.02.14	08:00:00	5834.000	5916.423	5803.514	5894.971	1182853	3821855	1
2023.02.14	16:00:00	5894.971	5900.051	5841.903	5875.212	126593	468557	1
2023.02.15	08:00:00	5881.986	5927.150	5872.389	5903.439	926962	2974296	1
2023.02.15	16:00:00	5904.003	5911.907	5892.148	5902.874	94789	336610	1
2023.02.16	08:00:00	5888.196	5950.860	5878.599	5892.712	843686	2801860	1
2023.02.16	16:00:00	5893.277	5921.504	5890.454	5902.874	159480	595781	1
2023.02.17	08:00:00	5920.375	5941.263	5823.273	5835.129	787554	2689391	1
2023.02.17	16:00:00	5835.129	5849.242	5831.742	5843.597	62189	251299	1
2023.02.22	08:00:00	5862.227	5892.712	5828.919	5832.871	370595	1267836	1
2023.02.22	16:00:00	5832.306	5854.323	5823.273	5826.096	160895	530095	1
2023.02.23	08:00:00	5812.547	5849.807	5775.852	5809.724	844159	2861449	1
2023.02.23	16:00:00	5809.160	5810.853	5795.046	5806.337	77734	273315	1
2023.02.24	08:00:00	5828.919	5886.502	5816.499	5881.422	779956	2598230	1
2023.02.24	16:00:00	5881.986	5893.277	5872.389	5888.761	77257	288268	1
2023.02.27	08:00:00	5862.227	5888.196	5840.210	5857.146	859664	2899697	1
2023.02.27	16:00:00	5857.146	5884.244	5857.146	5874.082	100466	365862	1
2023.02.28	08:00:00	5869.595	5919.518	5848.280	5899.324	838953	2663723	1
2023.02.28	16:00:00	5899.885	5924.005	5889.789	5913.348	106577	416282	1
2023.03.01	08:00:00	5892.593	5905.495	5852.206	5867.912	873896	2771503	1
2023.03.01	16:00:00	5867.912	5869.595	5841.548	5846.597	82229	297392	1
2023.03.02	08:00:00	5861.742	5901.568	5848.280	5865.108	771199	2533111	1
2023.03.02	16:00:00	5865.108	5887.545	5863.986	5879.131	119633	431379	1
2023.03.03	08:00:00	5862.303	5902.129	5848.840	5871.278	679233	2257501	1
2023.03.03	16:00:00	5871.278	5875.204	5858.937	5863.986	63510	284596	1
2023.03.06	08:00:00	5876.326	5886.423	5823.599	5834.817	649426	2208761	1
2023.03.06	16:00:00	5834.817	5835.378	5811.819	5817.989	83501	371794	1
2023.03.07	08:00:00	5829.769	5870.717	5813.502	5861.181	726816	2382429	1
2023.03.07	16:00:00	5860.620	5862.864	5847.719	5855.011	83405	312339	1
2023.03.08	08:00:00	5843.231	5847.158	5750.677	5802.844	865762	3081282	1
2023.03.08	16:00:00	5802.844	5803.405	5784.894	5798.357	82815	329216	1
2023.03.09	08:00:00	5787.699	5814.624	5759.091	5780.407	860261	2811040	1
2023.03.09	16:00:00	5780.968	5827.525	5778.163	5819.672	140762	533640	1
2023.03.10	08:00:00	5805.649	5882.496	5805.649	5874.643	924904	3141732	1
2023.03.10	16:00:00	5874.643	5884.179	5865.108	5872.961	94831	374027	1
2023.03.13	08:00:00	5874.643	5949.808	5869.595	5920.640	1069079	3561540	1
2023.03.13	16:00:00	5921.201	5934.663	5903.251	5908.860	104676	406170	1
2023.03.14	08:00:00	5896.520	5922.323	5878.009	5914.470	863954	2807677	1
2023.03.14	16:00:00	5913.909	5924.566	5911.104	5916.152	80243	302626	1
2023.03.15	08:00:00	5973.928	5998.609	5933.541	5963.832	1001360	3436857	1
2023.03.15	16:00:00	5963.271	5969.441	5945.882	5953.174	82520	308674	1
2023.03.16	08:00:00	5940.272	5978.416	5898.763	5901.007	901786	2955573	1
2023.03.16	16:00:00	5901.007	5906.056	5880.814	5884.740	88209	348336	1
2023.03.17	08:00:00	5895.398	5945.882	5886.984	5935.224	603373	2097517	1
2023.03.17	16:00:00	5935.224	5943.077	5925.688	5939.151	57793	239386	1
2023.03.20	08:00:00	5930.176	5943.077	5885.301	5899.324	665532	2234134	1
2023.03.20	16:00:00	5899.324	5899.885	5889.789	5891.471	58951	221049	1
2023.03.21	08:00:00	5874.643	5907.738	5865.108	5884.740	621018	2135433	1
2023.03.21	16:00:00	5885.301	5904.373	5882.496	5894.837	77885	317310	1
2023.03.22	08:00:00	5897.081	5933.541	5848.840	5867.912	791005	2681537	1
2023.03.22	16:00:00	5867.912	5894.837	5860.059	5891.471	137509	495407	1
2023.03.23	08:00:00	5851.084	5952.052	5847.158	5941.955	798312	2927304	1
2023.03.23	16:00:00	5941.955	5957.100	5931.298	5953.174	92982	377382	1
2023.03.24	08:00:00	5979.538	6000.853	5885.301	5904.934	832349	3101423	1
2023.03.24	16:00:00	5904.373	5904.373	5889.789	5895.398	52448	233942	1
2023.03.27	08:00:00	5896.520	5897.642	5851.645	5854.450	588055	1834350	1
2023.03.27	16:00:00	5854.450	5856.133	5832.013	5837.622	71681	268443	1
2023.03.28	08:00:00	5832.573	5832.573	5778.724	5802.844	739542	2718940	1
2023.03.28	16:00:00	5803.405	5803.405	5795.552	5798.918	48147	239146	1
2023.03.29	08:00:00	5795.552	5816.867	5759.091	5782.650	801230	2880887	1
2023.03.29	16:00:00	5782.650	5785.455	5753.482	5765.262	89339	389326	1
2023.03.30	08:00:00	5728.240	5791.625	5687.853	5722.631	946650	3324897	1
2023.03.30	16:00:00	5722.631	5728.801	5709.168	5717.021	75588	301132	1
2023.03.31	08:00:00	5730.978	5730.978	5670.687	5691.342	743499	2878324	1
2023.03.31	16:00:00	5691.342	5694.692	5677.944	5680.177	68832	301611	1
2023.04.03	08:00:00	5670.129	5698.599	5652.823	5696.366	696915	2330087	1
2023.04.03	16:00:00	5695.808	5698.041	5674.036	5681.852	60158	218939	1
2023.04.04	08:00:00	5665.104	5716.463	5662.313	5700.832	634279	2281954	1
2023.04.04	16:00:00	5701.390	5704.182	5674.036	5685.201	59677	264144	1
2023.04.05	08:00:00	5685.201	5691.342	5617.653	5674.036	736489	2598327	1
2023.04.05	16:00:00	5673.478	5674.595	5639.983	5647.240	64617	260461	1
2023.04.06	08:00:00	5652.823	5695.808	5647.799	5665.104	560406	1933933	1
2023.04.06	16:00:00	5665.104	5671.245	5661.755	5670.129	41383	183409	1
2023.04.10	08:00:00	5665.104	5704.740	5644.449	5686.318	553129	1837734	1
2023.04.10	16:00:00	5685.760	5687.993	5671.803	5680.177	61839	246045	1
2023.04.11	08:00:00	5660.638	5666.779	5585.833	5607.047	753313	2918930	1
2023.04.11	16:00:00	5607.047	5608.721	5596.998	5606.488	51789	239565	1
2023.04.12	08:00:00	5612.071	5613.745	5503.212	5523.868	935089	3367592	1
2023.04.12	16:00:00	5523.868	5535.032	5501.538	5508.237	71736	297364	1
2023.04.13	08:00:00	5511.028	5528.892	5476.975	5516.610	785664	2919425	1
2023.04.13	16:00:00	5516.610	5519.402	5511.028	5515.494	51320	252279	1
2023.04.14	08:00:00	5523.868	5555.129	5473.625	5502.654	725968	2589877	1
2023.04.14	16:00:00	5502.654	5504.887	5490.373	5492.047	57463	225665	1
2023.04.17	08:00:00	5504.329	5545.639	5480.882	5513.819	656482	2304327	1
2023.04.17	16:00:00	5514.377	5530.008	5511.586	5527.217	68842	259246	1
2023.04.18	08:00:00	5501.538	5587.508	5491.489	5575.785	757134	2732118	1
2023.04.18	16:00:00	5575.226	5579.692	5554.013	5575.226	91097	385289	1
2023.04.19	08:00:00	5604.255	5682.410	5596.440	5677.944	822803	2863516	1
2023.04.19	16:00:00	5677.944	5690.784	5667.337	5675.153	97491	415182	1
2023.04.20	08:00:00	5684.643	5685.760	5629.376	5642.216	637260	2147442	1
2023.04.20	16:00:00	5642.774	5657.289	5640.541	5645.007	67662	292088	1
2023.04.24	08:00:00	5665.104	5683.527	5629.935	5632.726	693078	2314346	1
2023.04.24	16:00:00	5633.284	5637.750	5624.910	5626.585	48261	203804	1
2023.04.25	08:00:00	5638.867	5679.619	5619.328	5663.430	800715	2815482	1
2023.04.25	16:00:00	5663.430	5666.779	5641.658	5653.939	58365	244347	1
2023.04.26	08:00:00	5638.308	5666.221	5623.794	5647.240	759064	2647644	1
2023.04.26	16:00:00	5647.240	5652.823	5631.609	5635.517	59210	256264	1
2023.04.27	08:00:00	5627.143	5638.308	5551.222	5561.270	819115	3005180	1
2023.04.27	16:00:00	5561.270	5567.969	5552.896	5554.571	70499	290177	1
2023.04.28	08:00:00	5572.876	5602.274	5558.454	5569.548	668673	2487511	1
2023.04.28	16:00:00	5568.993	5572.876	5563.446	5564.555	39630	191645	1
2023.05.02	08:00:00	5578.977	5638.883	5571.766	5630.008	667738	2268814	1
2023.05.02	16:00:00	5630.008	5636.664	5620.023	5621.688	49599	203029	1
2023.05.03	08:00:00	5597.836	5635.555	5559.009	5565.665	793032	2572151	1
2023.05.03	16:00:00	5566.219	5576.204	5556.235	5572.321	96137	374274	1
2023.05.04	08:00:00	5552.352	5615.031	5541.814	5567.329	770434	2591815	1
2023.05.04	16:00:00	5566.774	5572.876	5556.235	5560.673	60228	244016	1
2023.05.05	08:00:00	5556.235	5584.524	5492.447	5508.533	773515	2664364	1
2023.05.05	16:00:00	5507.978	5535.157	5505.759	5522.954	51993	236393	1
2023.05.08	08:00:00	5522.400	5590.625	5509.087	5580.086	746765	2528785	1
2023.05.08	16:00:00	5580.086	5593.399	5576.758	5584.524	73714	297277	1
2023.05.09	08:00:00	5581.196	5613.367	5541.814	5568.993	750752	2619408	1
2023.05.09	16:00:00	5568.993	5570.102	5552.352	5557.345	58004	231083	1
2023.05.10	08:00:00	5556.235	5561.782	5502.431	5520.181	757083	2401518	1
2023.05.10	16:00:00	5519.626	5521.290	5502.431	5509.087	62378	247250	1
2023.05.11	08:00:00	5521.290	5551.798	5493.002	5505.759	765914	2660870	1
2023.05.11	16:00:00	5505.759	5507.423	5486.900	5493.556	67572	264184	1
2023.05.12	08:00:00	5494.666	5519.072	5463.049	5485.236	699078	2452956	1
2023.05.12	16:00:00	5485.236	5488.010	5476.916	5479.689	46572	191140	1
2023.05.15	08:00:00	5478.025	5490.228	5441.416	5443.080	701589	2336276	1
2023.05.15	16:00:00	5443.080	5453.065	5438.088	5447.518	70449	304594	1
2023.05.16	08:00:00	5445.854	5511.861	5437.534	5490.228	881436	3001989	1
2023.05.16	16:00:00	5490.228	5503.541	5488.564	5496.884	64322	258570	1
2023.05.17	08:00:00	5496.884	5529.611	5475.252	5490.228	827574	2785343	1
2023.05.17	16:00:00	5490.783	5496.884	5480.799	5494.666	65903	283404	1
2023.05.18	08:00:00	5506.314	5540.704	5504.095	5522.400	707158	2454360	1
2023.05.18	16:00:00	5522.400	5530.165	5519.626	5524.618	57735	233894	1
2023.05.19	08:00:00	5508.533	5561.227	5498.548	5557.345	773640	2897296	1
2023.05.19	16:00:00	5557.899	5564.001	5552.352	5557.899	60461	274962	1
2023.05.22	08:00:00	5557.345	5564.555	5505.759	5514.634	625836	2130513	1
2023.05.22	16:00:00	5514.634	5529.056	5512.970	5522.954	64941	265855	1
2023.05.23	08:00:00	5534.603	5550.134	5500.767	5529.611	686084	2481636	1
2023.05.23	16:00:00	5530.165	5530.720	5518.517	5525.728	56502	245394	1
2023.05.24	08:00:00	5514.634	5515.189	5481.908	5502.986	607708	2136768	1
2023.05.24	16:00:00	5502.986	5513.525	5498.548	5509.087	49241	219533	1
2023.05.25	08:00:00	5500.767	5601.164	5490.783	5591.180	800355	3310539	1
2023.05.25	16:00:00	5591.180	5601.164	5587.297	5592.844	75557	340097	1
2023.05.26	08:00:00	5569.548	5586.743	5529.056	5535.157	742905	2658517	1
2023.05.26	16:00:00	5535.157	5555.126	5527.392	5549.024	60527	256784	1
2023.05.29	08:00:00	5552.352	5567.884	5521.290	5566.774	479273	1542599	1
2023.05.29	16:00:00	5566.774	5573.430	5559.009	5571.766	45028	170562	1
2023.05.30	08:00:00	5557.899	5625.570	5549.024	5596.172	744135	2706460	1
2023.05.30	16:00:00	5596.727	5600.055	5587.297	5591.735	52159	225575	1
2023.05.31	08:00:00	5612.153	5690.513	5609.945	5629.811	969792	3631894	1
2023.05.31	16:00:00	5629.811	5639.192	5606.634	5609.945	84259	371509	1
2023.06.01	08:00:00	5592.287	5613.256	5554.762	5557.521	781271	2774001	1
2023.06.01	16:00:00	5557.521	5568.006	5553.658	5566.902	55781	251739	1
2023.06.02	08:00:00	5551.451	5552.555	5487.438	5505.649	711423	2550896	1
2023.06.02	16:00:00	5506.200	5506.200	5492.956	5501.786	55597	243953	1
2023.06.05	08:00:00	5518.341	5519.444	5448.258	5461.502	708463	2449603	1
2023.06.05	16:00:00	5461.502	5473.090	5455.432	5471.987	63442	280362	1
2023.06.06	08:00:00	5470.331	5495.164	5433.358	5448.258	698173	2530433	1
2023.06.06	16:00:00	5448.810	5450.465	5439.429	5446.602	50305	232986	1
2023.06.07	08:00:00	5441.084	5468.124	5432.807	5453.224	705255	2568590	1
2023.06.07	16:00:00	5453.224	5465.365	5452.673	5465.365	60753	254868	1
2023.06.09	08:00:00	5447.706	5461.502	5380.934	5399.145	618551	2236815	1
2023.06.09	16:00:00	5399.145	5412.389	5398.593	5405.767	44432	194215	1
2023.06.12	08:00:00	5409.630	5429.496	5389.212	5392.523	622494	2184665	1
2023.06.12	16:00:00	5392.523	5393.074	5386.452	5387.004	55916	255871	1
2023.06.13	08:00:00	5391.419	5404.111	5369.346	5385.349	685153	2503586	1
2023.06.13	16:00:00	5384.797	5389.763	5381.486	5385.901	40460	198168	1
2023.06.14	08:00:00	5380.382	5389.212	5349.480	5355.550	709812	2685885	1
2023.06.14	16:00:00	5355.550	5363.827	5310.299	5333.476	171785	757453	1
2023.06.15	08:00:00	5341.754	5362.172	5306.988	5309.748	691209	2476070	1
2023.06.15	16:00:00	5309.748	5330.165	5309.748	5326.854	53314	231541	1
2023.06.16	08:00:00	5323.543	5365.483	5319.129	5325.751	681321	2459726	1
2023.06.16	16:00:00	5325.751	5340.650	5324.095	5330.165	55135	236285	1
2023.06.19	08:00:00	5336.236	5343.961	5264.497	5283.260	496642	1875463	1
2023.06.19	16:00:00	5282.708	5287.674	5276.086	5284.915	45675	229502	1
2023.06.20	08:00:00	5292.641	5316.370	5278.845	5295.400	721285	2543763	1
2023.06.20	16:00:00	5294.848	5303.126	5292.089	5297.055	43671	196063	1
2023.06.21	08:00:00	5297.607	5322.992	5262.842	5266.704	640025	2408137	1
2023.06.21	16:00:00	5267.256	5272.223	5262.842	5262.842	47834	215612	1
2023.06.22	08:00:00	5267.808	5292.089	5251.253	5278.293	649809	2376738	1
2023.06.22	16:00:00	5278.293	5283.260	5270.015	5273.878	45911	202297	1
2023.06.23	08:00:00	5292.641	5311.403	5265.049	5283.260	586946	2148107	1
2023.06.23	16:00:00	5283.260	5291.537	5276.637	5289.330	40404	178246	1
2023.06.26	08:00:00	5281.052	5282.708	5255.116	5261.738	461086	1667598	1
2023.06.26	16:00:00	5261.738	5269.464	5260.082	5267.256	39857	171955	1
2023.06.27	08:00:00	5265.601	5306.437	5245.183	5292.641	647582	2515890	1
2023.06.27	16:00:00	5292.089	5317.473	5290.985	5314.162	54941	262934	1
2023.06.28	08:00:00	5316.921	5376.519	5309.748	5342.306	668904	2630154	1
2023.06.28	16:00:00	5342.306	5358.861	5340.650	5356.653	64316	288939	1
2023.06.29	08:00:00	5350.583	5381.486	5331.821	5371.001	655850	2488670	1
2023.06.29	16:00:00	5371.001	5371.553	5342.306	5366.035	90422	399908	1
2023.06.30	08:00:00	5370.431	5380.873	5284.698	5295.689	669031	2625984	1
2023.06.30	16:00:00	5295.689	5305.582	5284.698	5287.995	56483	271149	1
2023.07.03	08:00:00	5298.987	5305.032	5257.769	5302.834	580544	1998311	1
2023.07.03	16:00:00	5302.834	5314.924	5301.185	5311.627	44771	211464	1
2023.07.04	08:00:00	5301.185	5353.394	5283.599	5341.853	452281	1544083	1
2023.07.04	16:00:00	5341.853	5356.692	5336.907	5347.349	48793	212489	1
2023.07.05	08:00:00	5350.647	5378.125	5339.106	5353.394	659001	2256497	1
2023.07.05	16:00:00	5353.944	5357.791	5346.250	5355.593	46469	197868	1
2023.07.06	08:00:00	5353.394	5466.607	5345.700	5441.326	854396	3140386	1
2023.07.06	16:00:00	5441.326	5453.417	5429.785	5432.533	56784	256184	1
2023.07.07	08:00:00	5431.983	5450.669	5351.746	5360.539	791820	2677446	1
2023.07.07	16:00:00	5359.989	5380.324	5359.440	5379.224	59085	228463	1
2023.07.10	08:00:00	5372.630	5399.559	5358.890	5387.468	680727	2145113	1
2023.07.10	16:00:00	5386.918	5411.649	5384.171	5409.451	61551	241459	1
2023.07.11	08:00:00	5403.955	5431.434	5359.989	5362.188	729779	2382991	1
2023.07.11	16:00:00	5362.188	5363.287	5352.845	5357.241	55749	208199	1
2023.07.12	08:00:00	5350.097	5361.638	5277.004	5312.726	824058	2734226	1
2023.07.12	16:00:00	5312.176	5323.168	5309.978	5314.375	51551	215391	1
2023.07.13	08:00:00	5293.491	5323.717	5279.202	5279.752	754800	2596139	1
2023.07.13	16:00:00	5279.202	5296.788	5278.652	5290.194	51398	238890	1
2023.07.14	08:00:00	5296.239	5308.329	5265.463	5281.950	728794	2570280	1
2023.07.14	16:00:00	5281.950	5290.743	5279.202	5281.950	49342	214950	1
2023.07.17	08:00:00	5292.392	5345.151	5287.446	5300.086	617618	2180327	1
2023.07.17	16:00:00	5299.536	5307.230	5295.140	5297.888	54852	223564	1
2023.07.18	08:00:00	5295.689	5318.771	5283.049	5301.185	733921	2605661	1
2023.07.18	16:00:00	5301.185	5304.482	5295.689	5302.834	44558	206473	1
2023.07.19	08:00:00	5305.582	5311.627	5266.012	5269.859	596766	2132793	1
2023.07.19	16:00:00	5269.310	5279.202	5266.562	5276.454	42006	188721	1
2023.07.20	08:00:00	5277.004	5298.987	5251.723	5291.293	670946	2473601	1
2023.07.20	16:00:00	5291.293	5294.041	5281.950	5281.950	46682	203167	1
2023.07.21	08:00:00	5306.681	5308.879	5240.182	5253.922	577474	2103723	1
2023.07.21	16:00:00	5254.471	5265.463	5253.922	5263.814	51541	208445	1
2023.07.24	08:00:00	5251.723	5263.264	5197.865	5207.758	628222	2341578	1
2023.07.24	16:00:00	5208.307	5211.605	5202.811	5204.460	47439	265350	1
2023.07.25	08:00:00	5200.063	5236.885	5190.721	5230.290	642111	2359261	1
2023.07.25	16:00:00	5229.740	5230.840	5222.046	5230.840	44796	240804	1
2023.07.26	08:00:00	5217.650	5229.740	5193.469	5197.865	578777	2168343	1
2023.07.26	16:00:00	5197.865	5212.154	5196.216	5208.857	57378	251857	1
2023.07.27	08:00:00	5195.117	5228.092	5178.630	5220.947	673846	2563054	1
2023.07.27	16:00:00	5220.947	5234.687	5212.154	5216.001	80276	368780	1
2023.07.28	08:00:00	5198.415	5214.352	5162.692	5199.514	614995	2306060	1
2023.07.28	16:00:00	5198.964	5206.109	5195.667	5206.109	46182	244083	1
2023.07.31	08:00:00	5203.923	5233.981	5182.609	5201.737	510773	1968165	1
2023.07.31	16:00:00	5202.283	5203.923	5195.178	5195.178	50711	231790	1
2023.08.01	08:00:00	5197.365	5276.609	5197.365	5270.598	644069	2415294	1
2023.08.01	16:00:00	5270.598	5271.144	5262.400	5268.412	61964	294631	1
2023.08.02	08:00:00	5276.063	5299.016	5254.202	5283.167	627677	2288603	1
2023.08.02	16:00:00	5283.714	5288.086	5272.784	5286.447	57578	260890	1
2023.08.03	08:00:00	5324.156	5382.087	5320.877	5369.517	754755	2902624	1
2023.08.03	16:00:00	5369.517	5408.320	5364.598	5405.040	90881	442700	1
2023.08.04	08:00:00	5405.040	5409.413	5323.610	5346.563	685906	2614587	1
2023.08.04	16:00:00	5346.563	5356.947	5342.191	5353.668	59056	263570	1
2023.08.07	08:00:00	5350.389	5396.843	5346.017	5377.168	513911	1885007	1
2023.08.07	16:00:00	5377.168	5383.180	5373.889	5381.540	43529	224746	1
2023.08.08	08:00:00	5415.424	5424.715	5367.877	5376.622	695274	2507336	1
2023.08.08	16:00:00	5376.075	5380.994	5373.343	5380.994	42218	200068	1
2023.08.09	08:00:00	5371.703	5395.203	5349.296	5382.087	714498	2560792	1
2023.08.09	16:00:00	5381.540	5387.552	5379.354	5379.901	44789	195247	1
2023.08.10	08:00:00	5366.238	5371.157	5312.679	5344.377	725671	2656643	1
2023.08.10	16:00:00	5344.924	5372.250	5344.377	5369.517	73417	313973	1
2023.08.11	08:00:00	5349.296	5384.819	5335.086	5378.261	670394	2340230	1
2023.08.11	16:00:00	5377.715	5387.005	5373.889	5384.273	49451	213328	1
2023.08.14	08:00:00	5390.831	5444.936	5387.005	5441.657	607821	2282057	1
2023.08.14	16:00:00	5442.204	5452.587	5440.018	5441.657	81921	380960	1
2023.08.15	08:00:00	5457.506	5480.460	5437.831	5472.808	747488	2682418	1
2023.08.15	16:00:00	5472.262	5472.808	5462.971	5466.797	47857	256564	1
2023.08.16	08:00:00	5454.773	5472.808	5426.901	5461.878	741862	2624216	1
2023.08.16	16:00:00	5462.425	5472.808	5456.959	5468.436	68036	358405	1
2023.08.17	08:00:00	5450.948	5477.727	5436.192	5467.890	724407	2464531	1
2023.08.17	16:00:00	5468.436	5469.529	5453.680	5455.320	60334	244646	1
2023.08.18	08:00:00	5456.959	5481.006	5432.366	5445.483	658989	2238811	1
2023.08.18	16:00:00	5446.029	5448.215	5441.111	5445.483	40349	181115	1
2023.08.21	08:00:00	5443.297	5473.355	5431.273	5455.320	551732	1878417	1
2023.08.21	16:00:00	5455.866	5460.239	5451.494	5456.413	45569	170503	1
2023.08.22	08:00:00	5437.831	5437.831	5393.564	5403.947	654697	2281281	1
2023.08.22	16:00:00	5403.401	5409.959	5401.215	5408.866	43329	185928	1
2023.08.23	08:00:00	5394.110	5409.413	5318.144	5320.877	700420	2737833	1
2023.08.23	16:00:00	5320.877	5321.424	5304.482	5317.598	93033	416155	1
2023.08.24	08:00:00	5332.900	5349.296	5314.319	5331.261	624110	2230820	1
2023.08.24	16:00:00	5331.261	5348.203	5329.621	5344.924	50331	234434	1
2023.08.25	08:00:00	5341.645	5362.959	5315.412	5321.970	723501	2590431	1
2023.08.25	16:00:00	5321.970	5340.552	5320.877	5330.714	56086	256026	1
2023.08.28	08:00:00	5334.540	5372.250	5321.970	5335.086	552557	1849338	1
2023.08.28	16:00:00	5335.086	5337.819	5329.621	5332.354	57874	240157	1
2023.08.29	08:00:00	5337.273	5361.319	5304.482	5309.400	779382	2835992	1
2023.08.29	16:00:00	5309.947	5314.319	5303.389	5309.400	62531	320429	1
2023.08.30	08:00:00	5314.319	5338.912	5294.644	5317.598	625805	2451678	1
2023.08.30	16:00:00	5317.598	5350.389	5315.958	5350.389	72988	379681	1
2023.08.31	08:00:00	5339.500	5424.980	5319.355	5414.635	828190	3508135	1
2023.08.31	16:00:00	5414.635	5424.435	5408.646	5416.813	76923	426025	1
2023.09.01	08:00:00	5403.201	5409.735	5357.467	5398.301	748145	2589576	1
2023.09.01	16:00:00	5398.301	5414.090	5396.123	5409.190	51893	254272	1
2023.09.04	08:00:00	5395.579	5404.290	5365.634	5393.946	437243	1549355	1
2023.09.04	16:00:00	5394.490	5401.024	5391.768	5399.935	31641	159459	1
2023.09.05	08:00:00	5424.980	5444.580	5416.268	5442.402	627897	2303092	1
2023.09.05	16:00:00	5442.402	5450.025	5428.246	5430.969	71348	337120	1
2023.09.06	08:00:00	5438.047	5459.825	5415.179	5451.114	680023	2530200	1
2023.09.06	16:00:00	5451.114	5454.380	5435.869	5443.491	58832	286980	1
2023.09.08	08:00:00	5446.214	5457.103	5426.069	5445.669	517424	1808821	1
2023.09.08	16:00:00	5445.669	5452.203	5441.858	5450.025	37467	148209	1
2023.09.11	08:00:00	5419.535	5430.969	5374.345	5386.868	562167	2196092	1
2023.09.11	16:00:00	5386.868	5391.768	5380.334	5383.601	50328	242233	1
2023.09.12	08:00:00	5398.846	5423.891	5387.957	5404.290	539246	1925722	1
2023.09.12	16:00:00	5403.746	5411.368	5401.024	5401.568	44656	202338	1
2023.09.13	08:00:00	5409.190	5421.713	5342.222	5362.367	683998	2658433	1
2023.09.13	16:00:00	5362.911	5367.812	5361.823	5366.178	39156	179041	1
2023.09.14	08:00:00	5367.812	5372.712	5307.377	5321.533	709457	2748388	1
2023.09.14	16:00:00	5321.533	5322.622	5313.910	5313.910	41042	178513	1
2023.09.15	08:00:00	5311.188	5324.799	5303.021	5312.277	589001	2276656	1
2023.09.15	16:00:00	5312.821	5319.355	5305.743	5313.910	44799	220803	1
2023.09.18	08:00:00	5318.266	5322.077	5281.787	5292.132	518040	2114427	1
2023.09.18	16:00:00	5291.587	5299.754	5290.499	5299.210	50144	237212	1
2023.09.19	08:00:00	5287.232	5317.721	5279.065	5315.544	544539	2119506	1
2023.09.19	16:00:00	5315.544	5316.633	5307.377	5309.010	47768	252162	1
2023.09.20	08:00:00	5297.576	5309.555	5279.609	5304.654	584489	2344128	1
2023.09.20	16:00:00	5305.199	5323.710	5301.388	5320.988	95828	442241	1
2023.09.21	08:00:00	5337.866	5380.334	5332.422	5374.890	666633	2755326	1
2023.09.21	16:00:00	5374.890	5385.234	5372.712	5382.512	68602	389842	1
2023.09.22	08:00:00	5357.467	5377.067	5344.944	5373.256	539532	2136819	1
2023.09.22	16:00:00	5373.256	5381.967	5369.989	5379.790	40682	304129	1
2023.09.25	08:00:00	5389.045	5420.624	5379.790	5417.902	535182	2082237	1
2023.09.25	16:00:00	5417.902	5418.991	5405.924	5414.090	50908	266377	1
2023.09.26	08:00:00	5419.535	5433.691	5394.490	5431.513	695256	2824042	1
2023.09.26	16:00:00	5431.513	5440.224	5426.069	5433.147	75041	409948	1
2023.09.27	08:00:00	5430.424	5531.149	5430.424	5508.282	871607	3942639	1
2023.09.27	16:00:00	5507.737	5508.282	5490.315	5492.492	74196	362424	1
2023.09.28	08:00:00	5488.137	5521.349	5461.458	5500.659	844724	3426500	1
2023.09.28	16:00:00	5500.659	5501.748	5477.792	5482.148	77019	379731	1
2023.09.29	08:00:00	5459.393	5479.439	5427.971	5467.520	748127	3136988	1
2023.09.29	16:00:00	5467.520	5479.439	5463.728	5479.439	69736	369057	1
2023.10.02	08:00:00	5513.028	5526.031	5479.981	5522.780	691790	2800592	1
2023.10.02	16:00:00	5522.780	5523.322	5500.026	5507.611	71195	376548	1
2023.10.03	08:00:00	5524.947	5611.088	5515.196	5600.253	963628	3937533	1
2023.10.03	16:00:00	5600.253	5626.258	5595.919	5620.840	108693	599659	1
2023.10.04	08:00:00	5593.210	5631.134	5572.081	5600.253	921032	3651769	1
2023.10.04	16:00:00	5600.253	5613.256	5592.668	5605.129	81912	382033	1
2023.10.05	08:00:00	5618.131	5640.886	5599.170	5619.215	821631	3053122	1
2023.10.05	16:00:00	5619.215	5627.341	5613.797	5618.131	60193	265250	1
2023.10.06	08:00:00	5614.339	5674.475	5593.752	5606.754	1016290	3762927	1
2023.10.06	16:00:00	5606.754	5614.339	5591.585	5594.294	63591	271093	1
2023.10.09	08:00:00	5625.716	5633.843	5567.205	5578.041	661127	2419790	1
2023.10.09	16:00:00	5578.041	5586.167	5574.790	5582.917	62882	268921	1
2023.10.10	08:00:00	5585.625	5587.792	5500.026	5505.444	784756	3064899	1
2023.10.10	16:00:00	5504.902	5506.527	5485.940	5494.608	79019	394134	1
2023.10.11	08:00:00	5480.522	5511.403	5464.811	5497.317	802969	3055681	1
2023.10.11	16:00:00	5497.317	5497.859	5482.689	5486.482	54169	269673	1
2023.10.13	08:00:00	5504.902	5543.367	5481.064	5537.408	681740	2567295	1
2023.10.13	16:00:00	5537.950	5537.950	5511.945	5518.446	64205	277602	1
2023.10.16	08:00:00	5489.191	5508.694	5469.145	5472.396	594201	2096204	1
2023.10.16	16:00:00	5472.396	5477.272	5465.895	5474.021	69304	355111	1
2023.10.17	08:00:00	5482.689	5500.568	5439.348	5474.021	798022	3117141	1
2023.10.17	16:00:00	5474.021	5476.188	5460.477	5474.563	70418	337865	1
2023.10.18	08:00:00	5488.107	5509.778	5458.852	5483.773	730006	2926408	1
2023.10.18	16:00:00	5483.773	5496.775	5482.689	5493.525	76500	341052	1
2023.10.19	08:00:00	5511.945	5518.988	5449.100	5485.398	923934	3573054	1
2023.10.19	16:00:00	5485.940	5500.568	5478.355	5499.484	74490	327373	1
2023.10.20	08:00:00	5489.732	5533.616	5453.434	5462.644	807139	3018631	1
2023.10.20	16:00:00	5462.102	5473.479	5457.768	5461.019	67118	316667	1
2023.10.23	08:00:00	5477.272	5483.231	5419.844	5439.348	746277	3034835	1
2023.10.23	16:00:00	5439.348	5448.558	5435.014	5440.432	82495	393873	1
2023.10.24	08:00:00	5440.432	5456.143	5411.176	5423.637	778962	3088462	1
2023.10.24	16:00:00	5423.637	5424.720	5411.176	5416.052	66794	331018	1
2023.10.25	08:00:00	5419.844	5442.599	5406.842	5428.513	705881	2798945	1
2023.10.25	16:00:00	5428.513	5429.596	5414.427	5415.510	55972	255310	1
2023.10.26	08:00:00	5423.637	5442.057	5409.009	5413.343	719460	2967488	1
2023.10.26	16:00:00	5413.343	5415.510	5406.842	5406.842	66198	352951	1
2023.10.27	08:00:00	5406.842	5439.348	5344.539	5434.472	823530	3710954	1
2023.10.27	16:00:00	5434.472	5440.973	5428.513	5437.723	63966	319534	1
2023.10.30	08:00:00	5412.260	5483.231	5388.422	5474.563	878987	3392535	1
2023.10.30	16:00:00	5474.563	5474.563	5458.852	5471.854	85304	339733	1
2023.10.31	08:00:00	5450.786	5498.325	5431.878	5463.211	749546	3118872	1
2023.10.31	16:00:00	5463.211	5468.073	5456.728	5461.050	60065	267315	1
2023.11.01	08:00:00	5460.510	5471.314	5391.902	5395.684	843154	3198473	1
2023.11.01	16:00:00	5396.224	5397.304	5369.213	5370.834	112819	545329	1
2023.11.03	08:00:00	5349.765	5349.765	5285.479	5305.467	726771	2580274	1
2023.11.03	16:00:00	5305.467	5315.732	5305.467	5313.571	48848	208989	1
2023.11.06	08:00:00	5303.847	5322.754	5296.284	5300.605	596703	2057668	1
2023.11.06	16:00:00	5300.605	5303.307	5289.261	5294.663	65042	272612	1
2023.11.07	08:00:00	5314.651	5318.973	5263.331	5273.054	626284	2524884	1
2023.11.07	16:00:00	5273.595	5287.100	5270.894	5277.916	73302	359325	1
2023.11.08	08:00:00	5294.663	5325.996	5275.755	5314.111	635830	2370241	1
2023.11.08	16:00:00	5314.111	5320.053	5309.249	5318.433	61518	277535	1
2023.11.09	08:00:00	5317.352	5344.363	5298.985	5332.478	604406	2210982	1
2023.11.09	16:00:00	5332.478	5358.409	5331.398	5344.903	149633	638563	1
2023.11.10	08:00:00	5342.742	5365.431	5309.789	5323.295	580683	2088600	1
2023.11.10	16:00:00	5323.295	5323.295	5307.088	5308.168	53969	230079	1
2023.11.13	08:00:00	5315.732	5350.846	5310.870	5315.191	507536	2003401	1
2023.11.13	16:00:00	5315.191	5317.892	5311.950	5313.030	48307	226798	1
2023.11.14	08:00:00	5302.766	5311.410	5247.124	5263.331	625494	2452847	1
2023.11.14	16:00:00	5263.871	5269.273	5259.009	5268.192	64384	321729	1
2023.11.16	08:00:00	5263.331	5288.721	5234.699	5266.032	651070	2483560	1
2023.11.16	16:00:00	5266.032	5271.974	5262.250	5262.250	53475	250069	1
2023.11.17	08:00:00	5253.066	5304.927	5248.745	5302.226	620729	2481032	1
2023.11.17	16:00:00	5301.686	5314.111	5298.985	5307.088	71261	350020	1
2023.11.20	08:00:00	5295.203	5306.008	5241.722	5250.906	451662	1840651	1
2023.11.20	16:00:00	5250.906	5254.687	5243.342	5245.503	71543	334393	1
2023.11.21	08:00:00	5247.124	5306.548	5237.400	5302.766	622103	2264525	1
2023.11.21	16:00:00	5303.307	5305.467	5293.042	5297.904	82461	362723	1
2023.11.22	08:00:00	5298.985	5320.053	5274.135	5297.364	696603	2653773	1
2023.11.22	16:00:00	5297.364	5308.168	5295.744	5305.467	57671	235674	1
2023.11.23	08:00:00	5298.445	5308.168	5283.859	5307.088	322568	1151265	1
2023.11.23	16:00:00	5306.548	5307.628	5298.985	5304.927	30975	156570	1
2023.11.24	08:00:00	5297.904	5303.307	5277.916	5293.583	488274	1808940	1
2023.11.24	16:00:00	5293.583	5300.065	5291.962	5293.583	25834	127349	1
2023.11.27	08:00:00	5296.284	5318.973	5264.951	5298.985	618503	2546350	1
2023.11.27	16:00:00	5298.985	5300.605	5288.721	5292.502	49540	230246	1
2023.11.28	08:00:00	5292.502	5304.387	5249.285	5266.032	742821	2883801	1
2023.11.28	16:00:00	5266.032	5268.192	5261.710	5263.871	61281	286072	1
2023.11.29	08:00:00	5266.032	5299.525	5255.767	5277.376	658195	2475703	1
2023.11.29	16:00:00	5277.376	5301.686	5274.135	5299.525	82415	339107	1
2023.11.30	08:00:00	5312.997	5345.870	5311.920	5320.542	710597	2774172	1
2023.11.30	16:00:00	5320.542	5334.015	5311.920	5328.087	81380	355346	1
2023.12.01	08:00:00	5308.686	5335.092	5261.263	5266.113	691764	2611154	1
2023.12.01	16:00:00	5265.574	5280.125	5265.036	5274.736	63525	333984	1
2023.12.04	08:00:00	5288.747	5352.337	5283.897	5349.643	545780	2067342	1
2023.12.04	16:00:00	5349.643	5352.337	5340.481	5340.481	67834	310452	1
2023.12.05	08:00:00	5350.181	5366.348	5321.081	5323.237	756193	2718916	1
2023.12.05	16:00:00	5323.237	5328.626	5317.848	5325.392	57611	254424	1
2023.12.06	08:00:00	5313.536	5315.692	5278.508	5290.364	530497	2003439	1
2023.12.06	16:00:00	5290.364	5300.603	5288.747	5294.136	62826	282250	1
2023.12.07	08:00:00	5288.747	5308.147	5270.425	5302.220	600919	2181628	1
2023.12.07	16:00:00	5302.220	5307.070	5294.675	5305.992	55124	255363	1
2023.12.08	08:00:00	5287.669	5329.703	5286.591	5320.003	627591	2216407	1
2023.12.08	16:00:00	5320.003	5328.087	5315.692	5322.159	49036	223502	1
2023.12.11	08:00:00	5327.009	5352.876	5320.542	5324.314	476655	1725419	1
2023.12.11	16:00:00	5324.314	5332.937	5321.081	5329.703	50824	236026	1
2023.12.12	08:00:00	5317.309	5365.810	5311.381	5355.570	599988	2399605	1
2023.12.12	16:00:00	5356.109	5360.421	5351.259	5355.032	46502	227961	1
2023.12.13	08:00:00	5353.954	5368.504	5334.015	5365.810	545914	2227024	1
2023.12.13	16:00:00	5365.271	5365.271	5300.603	5303.297	247305	1078820	1
2023.12.14	08:00:00	5265.036	5296.831	5260.185	5293.597	666523	2665243	1
2023.12.14	16:00:00	5294.136	5304.914	5287.130	5301.142	83753	419554	1
2023.12.15	08:00:00	5295.214	5339.404	5288.208	5328.087	618572	2492005	1
2023.12.15	16:00:00	5328.087	5332.398	5320.542	5324.314	57967	281229	1
2023.12.18	08:00:00	5323.775	5338.326	5272.041	5286.053	546593	2055228	1
2023.12.18	16:00:00	5286.591	5291.980	5275.275	5277.969	62078	279485	1
2023.12.19	08:00:00	5269.886	5276.891	5226.774	5239.168	541628	2357980	1
2023.12.19	16:00:00	5238.630	5247.791	5234.318	5244.557	67970	335801	1
2023.12.20	08:00:00	5248.869	5277.969	5232.702	5275.814	459711	1866226	1
2023.12.20	16:00:00	5275.275	5299.525	5274.736	5297.369	117318	531638	1
2023.12.21	08:00:00	5267.730	5280.125	5241.863	5267.730	583635	2288726	1
2023.12.21	16:00:00	5268.269	5269.886	5257.491	5266.113	57113	266836	1
2023.12.22	08:00:00	5250.485	5258.569	5223.540	5227.313	445447	1876308	1
2023.12.22	16:00:00	5227.313	5240.785	5226.774	5235.935	59780	262506	1
2023.12.26	08:00:00	5225.157	5235.935	5188.512	5199.290	400661	1581023	1
2023.12.26	16:00:00	5199.290	5199.290	5183.123	5183.123	53018	305956	1
2023.12.27	08:00:00	5182.045	5210.068	5171.806	5203.601	444627	1745043	1
2023.12.27	16:00:00	5203.601	5210.068	5197.134	5198.212	63078	258327	1
2023.12.28	08:00:00	5192.309	5247.044	5189.626	5222.360	508308	2038805	1
2023.12.28	16:00:00	5222.360	5234.702	5221.287	5223.970	64773	312944	1
2024.01.02	08:00:00	5241.678	5300.169	5222.360	5299.633	533267	2072150	1
2024.01.02	16:00:00	5300.169	5307.145	5282.998	5304.999	80681	398822	1
2024.01.03	08:00:00	5320.024	5320.561	5277.095	5298.560	607878	2225635	1
2024.01.03	16:00:00	5298.560	5308.219	5286.754	5300.706	99267	411806	1
2024.01.04	08:00:00	5290.510	5317.341	5282.461	5287.827	527419	1971372	1
2024.01.04	16:00:00	5288.364	5292.657	5272.802	5273.875	67117	351637	1
2024.01.05	08:00:00	5287.827	5321.634	5233.629	5245.971	665968	2488493	1
2024.01.05	16:00:00	5245.971	5256.167	5241.678	5248.118	59391	292494	1
2024.01.08	08:00:00	5252.947	5277.095	5236.312	5248.118	525011	1773420	1
2024.01.08	16:00:00	5248.118	5250.801	5241.142	5242.751	59025	248617	1
2024.01.09	08:00:00	5254.020	5281.924	5248.654	5276.558	512404	1893657	1
2024.01.09	16:00:00	5277.095	5284.608	5273.875	5279.241	62226	256728	1
2024.01.10	08:00:00	5274.948	5279.778	5249.191	5266.899	513492	1877201	1
2024.01.10	16:00:00	5266.899	5268.509	5261.533	5265.826	42277	181692	1
2024.01.11	08:00:00	5262.606	5266.899	5227.726	5254.020	696670	2708557	1
2024.01.11	16:00:00	5254.020	5254.557	5239.532	5241.142	56707	288002	1
2024.01.12	08:00:00	5241.678	5248.118	5196.602	5222.897	620059	2456418	1
2024.01.12	16:00:00	5223.433	5226.116	5218.604	5221.823	43514	178856	1
2024.01.15	08:00:00	5205.188	5255.630	5205.188	5228.263	353336	1423335	1
2024.01.15	16:00:00	5228.263	5235.239	5227.726	5227.726	29813	140278	1
2024.01.16	08:00:00	5267.436	5305.536	5254.020	5301.243	721371	2887594	1
2024.01.16	16:00:00	5301.243	5303.389	5294.267	5297.486	71789	325932	1
2024.01.17	08:00:00	5320.024	5327.000	5293.193	5306.072	639313	2438896	1
2024.01.17	16:00:00	5306.609	5309.292	5295.877	5309.292	59186	266812	1
2024.01.18	08:00:00	5297.486	5328.610	5282.461	5303.389	568597	2265003	1
2024.01.18	16:00:00	5302.853	5308.755	5294.803	5298.023	64646	301080	1
2024.01.19	08:00:00	5284.071	5309.292	5269.582	5295.340	510590	2087137	1
2024.01.19	16:00:00	5295.340	5309.292	5293.730	5300.169	59038	284477	1
2024.01.22	08:00:00	5292.657	5365.637	5290.510	5360.807	676198	2980797	1
2024.01.22	16:00:00	5360.807	5365.100	5350.611	5363.490	73770	362323	1
2024.01.23	08:00:00	5357.588	5373.686	5316.268	5320.561	646290	2624954	1
2024.01.23	16:00:00	5320.561	5328.074	5314.658	5320.561	66583	359685	1
2024.01.24	08:00:00	5296.413	5298.560	5272.265	5295.340	529246	2256761	1
2024.01.24	16:00:00	5295.340	5304.462	5292.657	5298.560	64945	330766	1
2024.01.25	08:00:00	5295.877	5308.755	5271.192	5287.827	485139	1928874	1
2024.01.25	16:00:00	5287.827	5293.193	5280.315	5280.851	44298	239995	1
2024.01.26	08:00:00	5269.046	5284.071	5264.753	5276.558	441567	1785076	1
2024.01.26	16:00:00	5276.558	5282.461	5271.192	5280.315	34833	209296	1
2024.01.29	08:00:00	5279.778	5324.854	5267.436	5318.414	522900	2362981	1
2024.01.29	16:00:00	5318.414	5320.561	5305.536	5317.878	75298	371175	1
2024.01.30	08:00:00	5307.145	5347.928	5296.950	5311.438	537053	2392242	1
2024.01.30	16:00:00	5311.438	5319.488	5303.926	5316.805	54659	260143	1
2024.01.31	08:00:00	5309.313	5328.577	5286.304	5296.471	597043	2668425	1
2024.01.31	16:00:00	5297.006	5322.691	5284.163	5309.848	252717	965128	1
2024.02.01	08:00:00	5309.313	5331.788	5271.321	5276.137	569181	2299458	1
2024.02.01	16:00:00	5276.137	5276.672	5268.110	5275.066	57191	299761	1
2024.02.02	08:00:00	5269.180	5338.209	5260.083	5327.507	551699	2407676	1
2024.02.02	16:00:00	5327.507	5333.928	5323.226	5333.928	66048	337382	1
2024.02.05	08:00:00	5339.279	5382.087	5330.182	5349.446	499665	2213042	1
2024.02.05	16:00:00	5349.446	5351.051	5338.209	5347.841	57293	312782	1
2024.02.06	08:00:00	5337.139	5341.419	5308.778	5317.340	483426	2151257	1
2024.02.06	16:00:00	5316.805	5324.831	5316.269	5323.761	50535	255533	1
2024.02.07	08:00:00	5322.156	5332.858	5309.313	5328.577	431066	1733603	1
2024.02.07	16:00:00	5328.577	5330.717	5322.691	5328.577	41255	233360	1
2024.02.08	08:00:00	5334.998	5363.894	5332.323	5351.586	462134	2152164	1
2024.02.08	16:00:00	5351.586	5360.683	5347.306	5355.332	49291	267162	1
2024.02.09	08:00:00	5349.981	5351.051	5308.243	5312.524	450237	2010721	1
2024.02.09	16:00:00	5311.989	5321.621	5307.173	5311.454	48556	271353	1
2024.02.14	08:00:00	5328.577	5337.139	5320.015	5328.042	162141	784616	1
2024.02.14	16:00:00	5328.042	5333.393	5325.366	5325.366	39747	222048	1
2024.02.15	08:00:00	5313.594	5340.349	5312.524	5324.831	411784	2051491	1
2024.02.15	16:00:00	5325.366	5332.323	5322.156	5330.182	46564	269526	1
2024.02.16	08:00:00	5325.366	5345.700	5313.594	5324.831	374989	1751367	1
2024.02.16	16:00:00	5324.831	5325.366	5318.945	5323.226	42450	246490	1
2024.02.19	08:00:00	5323.226	5326.436	5305.032	5316.269	229748	1038398	1
2024.02.19	16:00:00	5316.269	5317.340	5311.454	5311.454	18960	118411	1
2024.02.20	08:00:00	5316.805	5317.875	5275.066	5279.882	441779	2208529	1
2024.02.20	16:00:00	5279.347	5283.093	5275.601	5276.137	56581	295887	1
2024.02.21	08:00:00	5280.953	5294.865	5270.786	5292.725	389029	1779737	1
2024.02.21	16:00:00	5293.260	5297.541	5284.163	5285.233	66042	306329	1
2024.02.22	08:00:00	5276.137	5302.357	5267.575	5299.146	424121	1979493	1
2024.02.22	16:00:00	5299.681	5317.875	5298.611	5312.524	70864	429945	1
2024.02.23	08:00:00	5311.454	5350.516	5309.313	5339.279	500606	2516665	1
2024.02.23	16:00:00	5339.814	5350.516	5339.279	5349.981	54714	298204	1
2024.02.26	08:00:00	5336.068	5347.841	5320.550	5328.577	405532	1646311	1
2024.02.26	16:00:00	5328.577	5335.533	5326.972	5335.533	44700	230620	1
2024.02.27	08:00:00	5328.577	5329.647	5274.531	5280.417	505595	2264588	1
2024.02.27	16:00:00	5280.417	5284.698	5278.812	5280.953	56463	322205	1
2024.02.28	08:00:00	5290.584	5320.550	5288.444	5318.945	461575	2006182	1
2024.02.28	16:00:00	5318.945	5324.296	5313.594	5313.594	68283	364110	1
2024.02.29	08:00:00	5305.592	5348.268	5303.992	5318.928	532912	2683899	1
2024.02.29	16:00:00	5318.395	5324.796	5315.194	5316.261	63871	332545	1
2024.03.01	08:00:00	5306.126	5320.529	5290.123	5297.057	455807	1913108	1
2024.03.01	16:00:00	5297.591	5303.992	5295.990	5300.258	37902	204995	1
2024.03.04	08:00:00	5297.057	5301.858	5282.654	5290.656	272724	1254851	1
2024.03.04	16:00:00	5291.189	5292.790	5286.389	5290.123	41336	198478	1
2024.03.05	08:00:00	5295.990	5305.592	5281.588	5298.658	377503	1633098	1
2024.03.05	16:00:00	5299.191	5302.392	5295.457	5298.124	47697	238063	1
2024.03.06	08:00:00	5286.389	5287.989	5273.053	5284.255	367017	1548009	1
2024.03.06	16:00:00	5283.721	5291.189	5283.188	5289.589	53333	257156	1
2024.03.07	08:00:00	5278.387	5284.255	5271.452	5274.119	261714	1248385	1
2024.03.07	16:00:00	5274.119	5276.787	5272.519	5275.186	43449	266643	1
2024.03.08	08:00:00	5291.723	5334.398	5291.189	5324.796	601456	2624015	1
2024.03.08	16:00:00	5324.263	5329.064	5319.995	5323.729	54055	289178	1
2024.03.11	08:00:00	5323.729	5341.866	5299.191	5316.795	411752	1959038	1
2024.03.11	16:00:00	5316.795	5322.662	5314.127	5318.928	46088	235728	1
2024.03.12	08:00:00	5313.061	5334.398	5295.457	5308.793	545903	2334775	1
2024.03.12	16:00:00	5308.793	5313.594	5305.592	5308.260	38398	189859	1
2024.03.13	08:00:00	5302.392	5326.397	5299.191	5306.659	369152	1688040	1
2024.03.13	16:00:00	5306.659	5313.594	5306.126	5306.126	37980	202136	1
2024.03.14	08:00:00	5301.325	5333.331	5289.589	5331.197	481193	2312050	1
2024.03.14	16:00:00	5331.197	5339.733	5323.729	5334.398	56141	333862	1
2024.03.15	08:00:00	5326.397	5340.266	5319.462	5331.731	362160	1858833	1
2024.03.15	16:00:00	5331.731	5339.733	5329.597	5338.132	35812	208091	1
2024.03.18	08:00:00	5326.930	5371.205	5319.995	5364.271	427378	2129450	1
2024.03.18	16:00:00	5364.271	5376.540	5361.070	5370.139	48160	268810	1
2024.03.19	08:00:00	5384.541	5395.210	5346.667	5353.602	472426	2407634	1
2024.03.19	16:00:00	5353.602	5374.406	5353.602	5368.538	75970	409306	1
2024.03.20	08:00:00	5369.605	5371.739	5305.592	5307.193	533990	2446448	1
2024.03.20	16:00:00	5307.193	5313.594	5297.591	5303.459	83584	425002	1
2024.03.21	08:00:00	5288.522	5320.529	5286.922	5308.260	377213	1890373	1
2024.03.21	16:00:00	5308.260	5316.795	5306.126	5308.793	42920	218767	1
2024.03.22	08:00:00	5329.064	5344.533	5314.661	5337.599	417470	1926452	1
2024.03.22	16:00:00	5337.065	5340.266	5328.530	5338.666	45984	235000	1
2024.03.25	08:00:00	5327.463	5340.266	5303.992	5307.193	377113	1767141	1
2024.03.25	16:00:00	5306.659	5309.326	5304.525	5305.592	35229	188678	1
2024.03.26	08:00:00	5301.858	5326.397	5294.924	5316.795	405700	1968944	1
2024.03.26	16:00:00	5316.795	5317.861	5307.726	5307.726	33924	186993	1
2024.03.27	08:00:00	5304.525	5329.064	5303.459	5310.393	397844	1878244	1
2024.03.27	16:00:00	5309.860	5327.997	5308.260	5327.997	64656	343104	1
2024.03.28	08:00:00	5332.787	5349.285	5317.353	5348.753	433671	2282203	1
2024.03.28	16:00:00	5348.221	5364.720	5345.560	5361.526	59979	361251	1
2024.04.01	08:00:00	5348.221	5413.683	5347.689	5410.490	494876	2334478	1
2024.04.01	16:00:00	5409.958	5412.619	5393.991	5394.524	64505	331009	1
2024.04.02	08:00:00	5370.042	5404.103	5369.510	5400.378	540199	2480918	1
2024.04.02	16:00:00	5399.846	5409.958	5398.249	5408.361	36330	180206	1
2024.04.03	08:00:00	5412.087	5433.907	5373.767	5376.428	583948	2697398	1
2024.04.03	16:00:00	5376.961	5383.879	5373.767	5383.879	49674	227606	1
2024.04.04	08:00:00	5380.686	5388.669	5341.834	5379.089	519924	2316006	1
2024.04.04	16:00:00	5379.622	5398.781	5379.089	5397.717	91273	438488	1
2024.04.05	08:00:00	5391.330	5415.280	5365.784	5411.022	614152	2527722	1
2024.04.05	16:00:00	5410.490	5412.087	5401.442	5407.297	43534	212740	1
2024.04.08	08:00:00	5409.426	5414.216	5360.994	5365.784	425162	1694892	1
2024.04.08	16:00:00	5365.784	5368.445	5359.398	5359.930	42848	200104	1
2024.04.09	08:00:00	5359.930	5362.059	5332.787	5340.770	447270	1834102	1
2024.04.09	16:00:00	5341.302	5345.028	5338.109	5339.706	41058	197274	1
2024.04.10	08:00:00	5337.045	5423.795	5329.594	5419.538	712700	3074860	1
2024.04.10	16:00:00	5420.070	5420.070	5403.571	5405.168	55051	297725	1
2024.04.11	08:00:00	5410.490	5430.714	5394.524	5429.118	560944	2345252	1
2024.04.11	16:00:00	5429.118	5432.843	5425.392	5430.714	49216	248636	1
2024.04.12	08:00:00	5452.535	5489.790	5446.148	5469.566	621653	2922300	1
2024.04.12	16:00:00	5469.566	5470.630	5455.196	5457.857	56697	319075	1
2024.04.15	08:00:00	5446.681	5560.042	5441.891	5520.126	766644	3282789	1
2024.04.15	16:00:00	5520.658	5535.028	5520.126	5528.109	76294	352100	1
2024.04.16	08:00:00	5542.479	5636.149	5540.350	5599.958	904968	3858995	1
2024.04.16	16:00:00	5599.958	5640.939	5598.894	5635.617	81935	374355	1
2024.04.17	08:00:00	5628.698	5630.827	5562.171	5574.944	824247	3249129	1
2024.04.17	16:00:00	5575.476	5589.314	5571.751	5576.009	65588	259616	1
2024.04.18	08:00:00	5573.880	5625.505	5571.751	5602.087	688170	2706299	1
2024.04.18	16:00:00	5602.087	5602.619	5583.992	5586.121	59692	268863	1
2024.04.19	08:00:00	5615.925	5623.908	5524.916	5534.496	624022	2545197	1
2024.04.19	16:00:00	5533.964	5550.995	5533.964	5547.801	65601	304257	1
2024.04.22	08:00:00	5547.801	5558.446	5508.950	5512.143	541695	2147068	1
2024.04.22	16:00:00	5512.143	5513.207	5500.434	5506.289	53378	264727	1
2024.04.23	08:00:00	5510.014	5526.513	5452.003	5458.389	574562	2312505	1
2024.04.23	16:00:00	5457.857	5467.969	5457.857	5465.840	45900	207172	1
2024.04.24	08:00:00	5466.373	5507.353	5456.260	5485.532	525586	2202293	1
2024.04.24	16:00:00	5485.532	5488.726	5478.081	5488.726	44455	203741	1
2024.04.25	08:00:00	5487.661	5530.770	5440.294	5498.305	674182	2847311	1
2024.04.25	16:00:00	5498.305	5502.563	5492.983	5497.773	47848	218113	1
2024.04.26	08:00:00	5502.563	5504.160	5439.230	5446.148	545154	2264010	1
2024.04.26	16:00:00	5446.148	5456.260	5445.084	5455.196	36081	179735	1
2024.04.29	08:00:00	5439.230	5452.003	5432.311	5442.955	482610	2021894	1
2024.04.29	16:00:00	5442.955	5454.132	5441.358	5449.874	61943	295932	1
2024.04.30	08:00:00	5447.751	5527.373	5445.627	5521.534	580423	2658698	1
2024.04.30	16:00:00	5522.065	5543.828	5520.472	5539.582	64272	293514	1
2024.05.02	08:00:00	5491.808	5492.339	5429.703	5438.196	528472	2424204	1
2024.05.02	16:00:00	5438.727	5447.751	5437.665	5442.973	58690	278934	1
2024.05.03	08:00:00	5431.295	5446.158	5369.190	5394.669	637822	2709549	1
2024.05.03	16:00:00	5394.669	5403.693	5394.138	5401.570	39260	178179	1
2024.05.06	08:00:00	5387.769	5418.025	5384.584	5394.669	402470	1633980	1
2024.05.06	16:00:00	5394.669	5404.224	5393.077	5403.693	45088	215046	1
2024.05.07	08:00:00	5403.162	5409.001	5371.313	5395.200	467248	1994740	1
2024.05.07	16:00:00	5395.200	5402.631	5389.361	5398.385	44500	210317	1
2024.05.08	08:00:00	5399.977	5433.419	5399.447	5421.210	433344	1892269	1
2024.05.08	16:00:00	5420.679	5421.741	5408.470	5413.248	52404	269680	1
2024.05.09	08:00:00	5470.045	5507.202	5463.675	5472.699	665624	2979006	1
2024.05.09	16:00:00	5472.168	5474.291	5463.675	5464.206	52778	251270	1
2024.05.10	08:00:00	5465.798	5489.154	5443.504	5484.908	521582	2251560	1
2024.05.10	16:00:00	5484.377	5492.339	5481.723	5492.339	39117	182047	1
2024.05.13	08:00:00	5472.699	5491.808	5448.281	5477.476	458848	1869768	1
2024.05.13	16:00:00	5476.945	5483.846	5474.291	5483.846	37208	163987	1
2024.05.14	08:00:00	5473.761	5487.562	5447.751	5454.120	525268	2170652	1
2024.05.14	16:00:00	5454.120	5455.713	5449.343	5449.343	28843	141463	1
2024.05.15	08:00:00	5488.623	5493.932	5442.973	5464.206	622290	2576997	1
2024.05.15	16:00:00	5464.206	5464.737	5456.775	5461.021	39930	176298	1
2024.05.16	08:00:00	5463.144	5463.144	5426.518	5451.997	470267	2057606	1
2024.05.16	16:00:00	5451.997	5457.305	5450.936	5456.775	32869	157472	1
2024.05.17	08:00:00	5458.898	5461.021	5422.272	5423.333	448857	2015624	1
2024.05.17	16:00:00	5423.333	5426.518	5419.617	5419.617	43942	220496	1
2024.05.20	08:00:00	5422.802	5450.405	5408.470	5427.580	460239	2088897	1
2024.05.20	16:00:00	5427.580	5429.172	5421.210	5421.741	35665	162255	1
2024.05.21	08:00:00	5415.371	5444.035	5400.508	5433.949	568654	2378095	1
2024.05.21	16:00:00	5433.949	5444.035	5431.295	5443.504	38978	201110	1
2024.05.22	08:00:00	5456.775	5484.908	5452.528	5474.822	526812	2477217	1
2024.05.22	16:00:00	5474.822	5479.069	5468.983	5472.168	48963	218807	1
2024.05.23	08:00:00	5463.144	5480.130	5442.973	5478.538	485682	2226322	1
2024.05.23	16:00:00	5478.538	5478.538	5459.429	5460.490	46747	251585	1
2024.05.24	08:00:00	5456.775	5495.524	5447.220	5492.339	447763	2018196	1
2024.05.24	16:00:00	5492.339	5494.993	5482.784	5490.747	40975	192746	1
2024.05.27	08:00:00	5478.007	5504.548	5473.761	5491.808	295889	1303801	1
2024.05.27	16:00:00	5492.339	5492.870	5488.623	5492.339	21914	114426	1
2024.05.28	08:00:00	5484.908	5488.093	5451.466	5478.007	452651	2107419	1
2024.05.28	16:00:00	5477.476	5487.031	5470.576	5482.254	47452	251878	1
2024.05.29	08:00:00	5495.524	5535.335	5488.623	5526.842	479909	2321104	1
2024.05.29	16:00:00	5527.373	5532.681	5523.126	5525.250	53938	262294	1
2024.05.31	08:00:00	5519.425	5582.435	5515.189	5571.315	564106	2634968	1
2024.05.31	16:00:00	5571.845	5582.435	5566.550	5571.315	67749	329795	1
2024.06.03	08:00:00	5578.199	5591.966	5535.310	5546.959	660870	2716048	1
2024.06.03	16:00:00	5546.429	5577.669	5544.311	5575.551	61570	307567	1
2024.06.04	08:00:00	5584.023	5622.147	5571.845	5616.322	755032	3214495	1
2024.06.04	16:00:00	5616.322	5617.381	5609.439	5615.793	48256	206637	1
2024.06.05	08:00:00	5596.202	5630.619	5582.964	5625.853	602121	2644369	1
2024.06.05	16:00:00	5625.853	5628.501	5620.558	5625.324	49465	241510	1
2024.06.06	08:00:00	5617.911	5634.325	5562.314	5566.550	543549	2428987	1
2024.06.06	16:00:00	5566.550	5585.612	5566.020	5582.435	95706	440355	1
2024.06.07	08:00:00	5576.081	5631.148	5561.255	5627.442	683012	2670073	1
2024.06.07	16:00:00	5627.971	5691.510	5626.383	5681.979	187377	900302	1
2024.06.10	08:00:00	5671.919	5717.985	5639.620	5683.568	703805	2782885	1
2024.06.10	16:00:00	5683.568	5688.333	5676.155	5681.979	66697	285317	1
2024.06.11	08:00:00	5685.686	5700.511	5660.800	5684.627	650168	2591081	1
2024.06.11	16:00:00	5684.097	5697.335	5681.450	5696.276	49226	217635	1
2024.06.12	08:00:00	5696.276	5759.285	5660.270	5711.631	1005344	3704963	1
2024.06.12	16:00:00	5711.631	5745.518	5710.572	5731.751	108605	441261	1
2024.06.13	08:00:00	5719.044	5744.989	5687.804	5696.276	755965	2832863	1
2024.06.13	16:00:00	5696.276	5701.041	5685.156	5689.922	50134	216320	1
2024.06.14	08:00:00	5702.629	5712.690	5667.683	5704.218	646018	2428522	1
2024.06.14	16:00:00	5704.218	5710.042	5698.923	5699.982	48404	192328	1
2024.06.17	08:00:00	5697.335	5756.638	5695.217	5749.225	521870	1903807	1
2024.06.17	16:00:00	5749.754	5752.931	5743.400	5751.872	44896	178233	1
2024.06.18	08:00:00	5761.403	5771.463	5714.808	5748.695	620430	2484045	1
2024.06.18	16:00:00	5748.695	5769.345	5748.695	5766.168	84996	399163	1
2024.06.19	08:00:00	5759.285	5811.175	5750.813	5781.524	468986	1950436	1
2024.06.19	16:00:00	5782.053	5783.112	5739.694	5740.223	81708	455780	1
2024.06.20	08:00:00	5700.511	5796.350	5700.511	5769.345	754748	3310016	1
2024.06.20	16:00:00	5769.345	5791.055	5768.286	5776.229	88842	390637	1
2024.06.21	08:00:00	5771.463	5787.878	5746.048	5773.052	650008	2698167	1
2024.06.21	16:00:00	5773.581	5775.170	5752.402	5758.756	70218	320033	1
2024.06.24	08:00:00	5753.461	5760.874	5695.217	5711.631	544379	2248373	1
2024.06.24	16:00:00	5711.631	5716.926	5708.983	5714.808	54165	234183	1
2024.06.25	08:00:00	5732.810	5775.699	5725.398	5773.052	640831	2470556	1
2024.06.25	16:00:00	5773.581	5785.230	5771.463	5780.994	69259	270767	1
2024.06.26	08:00:00	5789.996	5849.299	5782.053	5847.710	711922	2931851	1
2024.06.26	16:00:00	5848.240	5864.124	5838.709	5856.182	88203	407964	1
2024.06.27	08:00:00	5848.769	5866.772	5807.469	5820.706	767420	3028515	1
2024.06.27	16:00:00	5820.706	5835.002	5817.000	5827.590	95917	391504	1
2024.06.28	08:00:00	5812.291	5927.292	5804.906	5912.521	805224	3363887	1
2024.06.28	16:00:00	5912.521	5927.820	5907.774	5919.907	94851	396887	1
2024.07.01	08:00:00	5908.301	5958.416	5891.948	5958.416	738840	2788931	1
2024.07.01	16:00:00	5958.416	5995.871	5957.361	5984.793	142535	675088	1
2024.07.02	08:00:00	5986.903	6031.742	5956.834	6002.728	838379	3349555	1
2024.07.02	16:00:00	6002.201	6011.169	5974.242	6006.421	161861	668535	1
2024.07.03	08:00:00	5993.233	5998.508	5863.461	5879.815	814238	3329162	1
2024.07.03	16:00:00	5879.815	5895.641	5874.539	5877.177	71301	284934	1
2024.07.04	08:00:00	5833.392	5836.558	5784.860	5810.181	600195	2215519	1
2024.07.04	16:00:00	5810.181	5812.291	5800.686	5800.686	45207	210109	1
2024.07.05	08:00:00	5786.970	5855.548	5775.364	5776.947	791099	2864644	1
2024.07.05	16:00:00	5776.419	5786.970	5772.727	5775.364	68783	281036	1
2024.07.08	08:00:00	5771.144	5812.291	5770.617	5792.773	595392	2133335	1
2024.07.08	16:00:00	5792.773	5796.465	5785.387	5789.080	51076	208840	1
2024.07.09	08:00:00	5789.080	5794.355	5725.777	5728.942	572643	2214194	1
2024.07.09	16:00:00	5728.414	5737.382	5722.612	5730.525	54626	234241	1
2024.07.10	08:00:00	5717.336	5738.438	5680.410	5722.084	658178	2680025	1
2024.07.10	16:00:00	5722.612	5733.162	5719.974	5727.887	53934	233700	1
2024.07.11	08:00:00	5718.919	5767.451	5679.354	5750.043	814879	3162113	1
2024.07.11	16:00:00	5750.571	5762.176	5745.823	5751.098	48946	208172	1
2024.07.12	08:00:00	5736.327	5779.057	5725.777	5742.658	662028	2446015	1
2024.07.12	16:00:00	5742.658	5745.823	5738.438	5740.020	36673	155538	1
2024.07.15	08:00:00	5765.869	5790.135	5739.493	5753.208	632934	2255282	1
2024.07.15	16:00:00	5753.208	5760.594	5750.571	5760.594	46474	178397	1
2024.07.16	08:00:00	5746.350	5773.254	5713.116	5737.910	770072	2915806	1
2024.07.16	16:00:00	5737.910	5743.185	5732.635	5733.162	48370	207668	1
2024.07.17	08:00:00	5750.043	5798.048	5742.658	5798.048	652170	2594857	1
2024.07.17	16:00:00	5798.576	5801.741	5788.553	5801.213	60707	271820	1
2024.07.18	08:00:00	5794.883	5903.026	5791.190	5891.948	726845	2885123	1
2024.07.18	16:00:00	5891.948	5906.191	5851.856	5864.516	127639	551734	1
2024.07.19	08:00:00	5853.438	5917.269	5833.920	5915.159	564664	2177243	1
2024.07.19	16:00:00	5915.159	5930.985	5908.829	5928.347	85928	345988	1
2024.07.22	08:00:00	5908.301	5926.765	5847.108	5882.980	719155	2651885	1
2024.07.22	16:00:00	5882.980	5892.475	5878.232	5885.618	72983	302792	1
2024.07.23	08:00:00	5897.223	5922.017	5870.319	5906.191	808858	3182765	1
2024.07.23	16:00:00	5906.191	5910.411	5898.278	5900.916	55961	242018	1
2024.07.24	08:00:00	5913.576	5977.935	5910.411	5975.297	842080	3146346	1
2024.07.24	16:00:00	5975.297	5976.352	5967.384	5970.549	63648	256526	1
2024.07.25	08:00:00	6004.311	6013.279	5933.095	5965.802	881237	3226259	1
2024.07.25	16:00:00	5966.329	5969.494	5950.503	5951.031	71055	271441	1
2024.07.26	08:00:00	5929.930	5988.485	5928.875	5982.682	772391	2968514	1
2024.07.26	16:00:00	5982.682	5983.210	5966.857	5981.100	67244	323491	1
2024.07.29	08:00:00	5978.462	5983.210	5938.370	5945.228	699210	2710101	1
2024.07.29	16:00:00	5945.756	5945.756	5924.127	5925.182	61154	253635	1
2024.07.30	08:00:00	5926.237	5976.352	5922.017	5936.260	704908	2658020	1
2024.07.30	16:00:00	5935.733	5940.480	5918.852	5920.434	65467	283511	1
2024.07.31	08:00:00	5918.856	5997.747	5913.071	5947.783	930476	3570282	1
2024.07.31	16:00:00	5947.783	5978.287	5944.101	5971.976	128604	509361	1
2024.08.01	08:00:00	5985.650	6060.859	5944.101	6059.807	1013776	3829681	1
2024.08.01	16:00:00	6059.807	6073.481	6048.236	6069.799	112640	478026	1
2024.08.02	08:00:00	6077.688	6112.926	6012.999	6042.977	1143076	4059951	1
2024.08.02	16:00:00	6043.503	6047.710	6022.465	6047.184	83900	307500	1
2024.08.05	08:00:00	6184.979	6188.134	6027.199	6055.599	1254478	3975056	1
2024.08.05	16:00:00	6055.599	6057.703	6029.303	6033.510	92439	309772	1
2024.08.06	08:00:00	6025.621	6026.673	5939.368	5961.457	1061573	3923221	1
2024.08.06	16:00:00	5961.983	5974.605	5956.198	5966.716	90844	349922	1
2024.08.07	08:00:00	5924.116	5948.309	5902.553	5932.005	900209	3191124	1
2024.08.07	16:00:00	5932.005	5947.257	5927.271	5947.257	78797	284484	1
2024.08.08	08:00:00	5938.842	5964.087	5867.315	5873.626	908046	3326571	1
2024.08.08	16:00:00	5873.626	5880.989	5833.655	5835.233	108172	421763	1
2024.08.09	08:00:00	5835.759	5856.270	5789.477	5807.359	845889	3183706	1
2024.08.09	16:00:00	5807.885	5818.929	5801.573	5807.359	67581	294502	1
2024.08.12	08:00:00	5805.781	5822.611	5767.914	5796.314	877616	3218070	1
2024.08.12	16:00:00	5796.314	5805.781	5787.373	5791.581	70393	269000	1
2024.08.13	08:00:00	5768.439	5799.470	5747.928	5751.610	753698	2978693	1
2024.08.13	16:00:00	5751.610	5753.713	5741.091	5751.610	73252	330188	1
2024.08.14	08:00:00	5740.039	5782.114	5718.476	5762.654	821096	3021939	1
2024.08.14	16:00:00	5763.180	5770.017	5760.025	5763.180	61073	256763	1
2024.08.15	08:00:00	5762.654	5790.529	5743.721	5777.906	702068	2639167	1
2024.08.15	16:00:00	5777.906	5783.166	5774.751	5780.536	49913	202555	1
2024.08.16	08:00:00	5770.543	5780.010	5727.943	5762.128	638028	2446442	1
2024.08.16	16:00:00	5762.128	5770.017	5757.921	5768.965	55111	237517	1
2024.08.19	08:00:00	5764.232	5765.810	5663.253	5693.231	797157	3135300	1
2024.08.19	16:00:00	5692.705	5704.802	5691.653	5695.335	73565	333464	1
2024.08.20	08:00:00	5728.469	5784.218	5722.683	5774.225	781715	2993573	1
2024.08.20	16:00:00	5774.225	5777.906	5756.343	5769.491	101564	446765	1
2024.08.21	08:00:00	5762.654	5802.099	5747.402	5766.862	849348	3080523	1
2024.08.21	16:00:00	5766.336	5783.166	5760.025	5768.439	67778	282102	1
2024.08.22	08:00:00	5774.751	5893.612	5770.017	5890.456	899190	3470446	1
2024.08.22	16:00:00	5890.456	5905.182	5874.678	5897.293	85774	344582	1
2024.08.23	08:00:00	5878.886	5878.886	5768.439	5769.491	831929	3004613	1
2024.08.23	16:00:00	5769.491	5781.588	5763.706	5768.965	77299	309471	1
2024.08.26	08:00:00	5781.588	5803.151	5758.447	5773.173	752976	2581966	1
2024.08.26	16:00:00	5773.699	5792.107	5767.914	5785.269	74257	289492	1
2024.08.27	08:00:00	5768.439	5808.410	5763.180	5788.951	716087	2436582	1
2024.08.27	16:00:00	5788.951	5806.307	5786.321	5798.418	65105	242545	1
2024.08.28	08:00:00	5799.470	5844.174	5798.944	5837.337	769355	2620713	1
2024.08.28	16:00:00	5837.863	5861.004	5835.233	5855.219	106166	385364	1
2024.08.29	08:00:00	5847.855	5958.302	5845.226	5914.649	929057	3132601	1
2024.08.29	16:00:00	5915.175	5927.797	5908.338	5920.960	91524	344390	1
2024.08.30	08:00:00	5868.006	5987.022	5861.714	5942.457	1087872	3899236	1
2024.08.30	16:00:00	5942.457	5951.894	5870.103	5903.134	125951	459738	1
2024.09.02	08:00:00	5916.766	5953.467	5893.696	5913.620	756059	2338815	1
2024.09.02	16:00:00	5913.620	5913.620	5897.891	5905.755	56304	185437	1
2024.09.03	08:00:00	5930.922	5944.554	5863.811	5933.019	878579	2909292	1
2024.09.03	16:00:00	5932.495	5944.030	5927.776	5938.787	73556	246937	1
2024.09.04	08:00:00	5936.689	5952.943	5904.707	5924.106	809553	2634418	1
2024.09.04	16:00:00	5924.106	5935.116	5923.582	5931.971	61041	226884	1
2024.09.05	08:00:00	5928.825	5940.359	5857.520	5869.578	776737	2582922	1
2024.09.05	16:00:00	5869.578	5871.151	5851.228	5857.520	69949	254860	1
2024.09.06	08:00:00	5864.335	5888.978	5812.429	5876.394	916533	2928348	1
2024.09.06	16:00:00	5876.919	5887.929	5874.297	5886.881	50178	178339	1
2024.09.09	08:00:00	5872.200	5928.825	5859.617	5867.481	692855	2300431	1
2024.09.09	16:00:00	5867.481	5873.249	5861.714	5871.151	54691	193568	1
2024.09.10	08:00:00	5860.141	5960.283	5852.276	5941.408	848362	2921173	1
2024.09.10	16:00:00	5941.932	5958.186	5935.641	5952.418	73522	279394	1
2024.09.11	08:00:00	5921.485	5961.856	5890.551	5935.116	924501	2991092	1
2024.09.11	16:00:00	5934.592	5957.137	5933.019	5953.991	62578	213600	1
2024.09.12	08:00:00	5934.592	5964.477	5908.377	5909.426	758139	2476094	1
2024.09.12	16:00:00	5909.426	5917.814	5898.939	5909.426	82011	296510	1
2024.09.13	08:00:00	5893.172	5903.134	5823.964	5847.558	755720	2628603	1
2024.09.13	16:00:00	5847.558	5854.374	5842.315	5845.461	53155	183668	1
2024.09.16	08:00:00	5843.363	5861.714	5773.631	5789.884	751886	2606894	1
2024.09.16	16:00:00	5789.884	5794.603	5779.923	5780.971	56755	210511	1
2024.09.17	08:00:00	5787.263	5791.982	5752.659	5754.756	734451	2591220	1
2024.09.17	16:00:00	5754.756	5764.193	5752.659	5754.756	59230	223555	1
2024.09.18	08:00:00	5749.513	5770.485	5680.305	5712.812	851850	2924639	1
2024.09.18	16:00:00	5712.812	5739.027	5708.617	5733.260	190319	620902	1
2024.09.19	08:00:00	5670.867	5712.287	5664.051	5696.558	777471	2723572	1
2024.09.19	16:00:00	5696.034	5702.326	5691.315	5691.840	49875	203816	1
2024.09.20	08:00:00	5703.899	5796.700	5686.597	5788.311	826197	2999568	1
2024.09.20	16:00:00	5787.787	5797.749	5782.020	5787.263	72903	274974	1
2024.09.23	08:00:00	5843.888	5875.870	5798.798	5804.565	758146	2578803	1
2024.09.23	16:00:00	5805.089	5816.100	5801.419	5810.332	59458	216755	1
2024.09.24	08:00:00	5790.409	5798.798	5712.812	5720.152	741214	2691369	1
2024.09.24	16:00:00	5720.152	5735.357	5715.433	5718.055	66987	262278	1
2024.09.25	08:00:00	5720.676	5764.718	5705.471	5745.319	675002	2412334	1
2024.09.25	16:00:00	5745.319	5750.562	5739.027	5741.124	47585	196581	1
2024.09.26	08:00:00	5709.666	5721.201	5669.295	5707.044	706344	2559066	1
2024.09.26	16:00:00	5707.044	5716.482	5701.277	5702.326	62986	264063	1
2024.09.27	08:00:00	5693.937	5724.346	5690.267	5699.180	624872	2127580	1
2024.09.27	16:00:00	5699.704	5704.423	5691.840	5691.840	37422	142054	1
2024.09.30	08:00:00	5688.186	5734.113	5659.482	5707.497	567406	2137891	1
2024.09.30	16:00:00	5707.497	5717.413	5702.278	5710.628	59089	247180	1
2024.10.01	08:00:00	5737.767	5738.289	5687.142	5720.022	834545	3138269	1
2024.10.01	16:00:00	5720.022	5727.851	5678.270	5681.923	97215	400523	1
2024.10.02	08:00:00	5673.051	5708.540	5660.004	5702.799	648921	2226655	1
2024.10.02	16:00:00	5702.799	5705.409	5690.274	5698.102	45560	172533	1
2024.10.03	08:00:00	5712.194	5772.212	5707.497	5726.807	643786	2308667	1
2024.10.03	16:00:00	5726.807	5739.854	5725.763	5735.679	60476	243617	1
2024.10.04	08:00:00	5730.460	5780.563	5709.584	5720.022	718876	2539331	1
2024.10.04	16:00:00	5720.544	5722.110	5704.365	5704.365	48313	188218	1
2024.10.07	08:00:00	5726.285	5750.814	5675.139	5747.683	656746	2355773	1
2024.10.07	16:00:00	5747.683	5756.555	5740.376	5755.511	58363	228673	1
2024.10.08	08:00:00	5762.818	5795.698	5752.902	5786.825	707322	2469274	1
2024.10.08	16:00:00	5786.825	5800.395	5785.782	5794.132	55314	229053	1
2024.10.09	08:00:00	5791.001	5859.369	5787.869	5852.585	640496	2331324	1
2024.10.09	16:00:00	5852.585	5860.935	5840.059	5855.716	70196	286324	1
2024.10.10	08:00:00	5840.059	5864.588	5824.402	5842.147	776915	2623429	1
2024.10.10	16:00:00	5842.147	5849.453	5839.537	5843.191	50803	194389	1
2024.10.11	08:00:00	5832.231	5914.691	5814.486	5887.030	757063	2850778	1
2024.10.11	16:00:00	5887.030	5888.596	5860.413	5861.979	77424	344189	1
2024.10.14	08:00:00	5873.461	5912.603	5819.705	5834.840	725538	2564265	1
2024.10.14	16:00:00	5834.318	5855.716	5834.318	5842.669	77584	291814	1
2024.10.15	08:00:00	5847.888	5924.607	5836.406	5914.169	776288	2788405	1
2024.10.15	16:00:00	5913.647	5921.475	5900.078	5914.169	100050	403697	1
2024.10.16	08:00:00	5913.125	5960.096	5887.552	5921.475	835405	2965174	1
2024.10.16	16:00:00	5921.997	5929.304	5916.778	5927.738	55897	220553	1
2024.10.17	08:00:00	5939.742	5948.092	5919.388	5928.782	663001	2270191	1
2024.10.17	16:00:00	5928.782	5930.870	5908.428	5908.428	67668	284001	1
2024.10.18	08:00:00	5891.727	5952.268	5884.421	5948.092	632872	2221896	1
2024.10.18	16:00:00	5947.570	5961.662	5946.005	5958.530	98326	410261	1
2024.10.21	08:00:00	5961.140	5994.020	5948.614	5961.140	732057	2510680	1
2024.10.21	16:00:00	5961.140	5961.662	5942.873	5946.005	64892	270398	1
2024.10.22	08:00:00	5940.786	5974.187	5928.782	5960.618	729346	2507317	1
2024.10.22	16:00:00	5960.618	5961.662	5942.873	5948.092	59430	242620	1
2024.10.23	08:00:00	5972.622	5987.757	5939.220	5947.049	728928	2607419	1
2024.10.23	16:00:00	5947.049	5951.224	5938.176	5940.264	66757	264518	1
2024.10.24	08:00:00	5937.654	5975.231	5926.694	5943.395	710093	2591631	1
2024.10.24	16:00:00	5943.395	5946.005	5913.125	5919.388	96178	396445	1
2024.10.25	08:00:00	5923.563	5967.403	5920.954	5959.052	647992	2275367	1
2024.10.25	16:00:00	5959.052	5969.490	5954.877	5964.271	59057	247785	1
2024.10.28	08:00:00	5954.877	5973.144	5936.611	5953.833	586876	2091559	1
2024.10.28	16:00:00	5953.311	5965.315	5952.268	5964.271	65923	249507	1
2024.10.29	08:00:00	5960.096	6018.027	5947.570	6012.286	887606	3314111	1
2024.10.29	16:00:00	6012.286	6020.636	6008.111	6016.983	88205	345135	1
2024.10.30	08:00:00	6014.374	6046.210	6011.242	6012.808	760116	2603100	1
2024.10.30	16:00:00	6012.808	6022.724	6006.023	6020.115	70703	317242	1
2024.10.31	08:00:00	6019.594	6049.781	6006.062	6033.646	668281	2374446	1
2024.10.31	16:00:00	6033.646	6051.342	6032.085	6049.260	67989	258609	1
2024.11.01	08:00:00	6043.015	6129.931	6015.951	6129.410	816287	3069827	1
2024.11.01	16:00:00	6129.410	6146.065	6121.603	6136.176	103159	435048	1
2024.11.04	08:00:00	6091.937	6095.581	6008.144	6021.676	811994	2706145	1
2024.11.04	16:00:00	6022.196	6047.699	6020.635	6046.658	86957	337842	1
2024.11.05	08:00:00	6037.290	6058.108	5989.928	6003.460	820549	2844459	1
2024.11.05	16:00:00	6003.460	6006.062	5988.887	6001.378	71362	277854	1
2024.11.06	08:00:00	6108.072	6115.358	5909.257	5931.637	1213009	4217967	1
2024.11.06	16:00:00	5931.637	5963.905	5913.421	5961.303	114010	439068	1
2024.11.07	08:00:00	5940.485	5970.151	5875.948	5924.351	1135762	3919376	1
2024.11.07	16:00:00	5924.351	5947.771	5907.176	5940.485	179001	585353	1
2024.11.08	08:00:00	5978.478	6038.851	5971.192	6008.664	796715	2663627	1
2024.11.08	16:00:00	6008.144	6011.267	5967.028	5992.530	133121	478281	1
2024.11.11	08:00:00	6023.758	6065.394	6008.664	6014.390	692024	2288595	1
2024.11.11	16:00:00	6013.869	6021.676	5994.612	6008.144	95294	362989	1
2024.11.12	08:00:00	6032.085	6044.576	5997.214	6011.267	858609	3021669	1
2024.11.12	16:00:00	6011.267	6019.074	5984.203	5993.571	80838	339827	1
2024.11.13	08:00:00	5974.835	6067.476	5968.069	6062.271	849841	2913755	1
2024.11.13	16:00:00	6061.751	6063.833	6036.249	6055.506	136251	516271	1
2024.11.14	08:00:00	6052.903	6077.885	6008.144	6027.401	808041	2729144	1
2024.11.14	16:00:00	6027.401	6054.465	6019.074	6026.360	121667	447120	1
2024.11.18	08:00:00	6021.676	6046.137	5978.999	5984.203	678494	2308145	1
2024.11.18	16:00:00	5983.683	6001.378	5980.039	5989.928	70379	258344	1
2024.11.19	08:00:00	6006.062	6041.453	5989.408	6017.512	733167	2638441	1
2024.11.19	16:00:00	6018.033	6019.074	6007.624	6011.787	61263	259020	1
2024.11.21	08:00:00	6026.880	6079.447	6024.799	6058.628	801314	2824780	1
2024.11.21	16:00:00	6059.149	6064.874	6054.465	6060.710	64064	252156	1
2024.11.22	08:00:00	6066.435	6076.844	6031.044	6052.903	758791	2601687	1
2024.11.22	16:00:00	6052.903	6059.149	6039.892	6047.699	64566	266427	1
2024.11.25	08:00:00	6026.880	6062.271	6015.430	6046.658	781637	2658499	1
2024.11.25	16:00:00	6046.658	6056.546	6036.249	6038.851	91191	361584	1
2024.11.26	08:00:00	6053.424	6066.956	6019.594	6044.576	712180	2565368	1
2024.11.26	16:00:00	6044.056	6073.201	6041.453	6048.740	105513	406096	1
2024.11.27	08:00:00	6044.056	6173.649	6042.494	6162.719	1000956	3680321	1
2024.11.27	16:00:00	6162.719	6210.081	6139.299	6207.479	175578	648000	1
2024.11.28	08:00:00	6222.051	6252.758	6190.304	6231.420	745481	2495517	1
2024.11.28	16:00:00	6230.899	6276.699	6226.215	6270.454	94746	354386	1
2024.11.29	08:00:00	6246.608	6363.764	6196.842	6258.531	1211593	3933348	1
2024.11.29	16:00:00	6258.531	6267.344	6202.545	6228.983	138131	464868	1
2024.12.02	08:00:00	6247.645	6335.253	6244.534	6307.260	930056	3057665	1
2024.12.02	16:00:00	6307.778	6319.701	6297.929	6304.149	130927	454156	1
2024.12.03	08:00:00	6291.708	6337.845	6272.009	6281.340	847523	2792614	1
2024.12.03	16:00:00	6281.340	6304.668	6280.822	6281.858	131711	494408	1
2024.12.04	08:00:00	6293.263	6313.480	6258.013	6282.377	778890	2658876	1
2024.12.04	16:00:00	6282.377	6288.598	6271.491	6278.748	86435	335054	1
2024.12.05	08:00:00	6271.491	6275.119	6195.287	6232.611	759267	2721624	1
2024.12.05	16:00:00	6232.093	6251.792	6229.501	6251.792	93097	362869	1
2024.12.06	08:00:00	6256.976	6331.624	6219.133	6327.477	845137	2976434	1
2024.12.06	16:00:00	6327.477	6333.179	6308.815	6325.922	103322	410892	1
2024.12.09	08:00:00	6316.072	6324.885	6273.046	6324.885	709358	2369484	1
2024.12.09	16:00:00	6324.885	6328.514	6315.554	6316.072	82786	314546	1
2024.12.10	08:00:00	6290.153	6307.260	6251.273	6294.818	783708	2666053	1
2024.12.10	16:00:00	6294.300	6299.484	6274.083	6280.303	83475	333739	1
2024.12.11	08:00:00	6303.631	6307.778	6233.648	6247.126	831720	2977473	1
2024.12.11	16:00:00	6247.126	6248.163	6166.776	6184.401	297583	1051970	1
2024.12.12	08:00:00	6115.973	6281.858	6093.164	6263.196	1073281	3913376	1
2024.12.12	16:00:00	6263.196	6272.009	6200.471	6204.618	194887	732052	1
2024.12.13	08:00:00	6212.913	6309.333	6200.471	6279.785	1037477	3353566	1
2024.12.13	16:00:00	6279.785	6292.226	6254.384	6270.972	136807	478493	1
2024.12.16	08:00:00	6302.076	6331.624	6254.384	6310.370	977311	3095498	1
2024.12.16	16:00:00	6310.370	6387.610	6306.223	6387.092	173741	609972	1
2024.12.17	08:00:00	6381.389	6446.188	6290.671	6325.922	1531071	4587698	1
2024.12.17	16:00:00	6325.922	6346.657	6304.668	6338.881	206222	556151	1
2024.12.18	08:00:00	6332.142	6459.148	6324.367	6450.854	1072209	3262461	1
2024.12.18	16:00:00	6450.335	6557.124	6448.780	6483.512	374794	1076904	1
2024.12.19	08:00:00	6479.884	6540.535	6336.808	6344.584	1664469	5071632	1
2024.12.19	16:00:00	6344.584	6394.868	6341.473	6391.239	212465	626003	1
2024.12.20	08:00:00	6330.587	6346.657	6273.564	6286.006	1302559	3637219	1
2024.12.20	16:00:00	6285.487	6332.661	6283.414	6324.885	141349	428792	1
2024.12.23	08:00:00	6348.212	6434.265	6337.845	6422.861	810003	2274055	1
2024.12.23	16:00:00	6422.861	6432.710	6413.011	6429.600	125798	366442	1
2024.12.26	08:00:00	6391.757	6430.118	6376.724	6404.199	852363	2510555	1
2024.12.26	16:00:00	6404.717	6415.603	6403.162	6413.530	104899	296934	1
2024.12.27	08:00:00	6428.045	6446.707	6399.015	6432.710	789541	2112648	1
2024.12.27	16:00:00	6432.192	6433.229	6402.125	6426.489	112391	315991	1
2024.12.30	08:00:00	6435.772	6474.448	6380.593	6413.082	879107	2609779	1
2024.12.30	16:00:00	6413.082	6415.144	6397.095	6398.642	86373	250754	1
2025.01.02	08:00:00	6414.629	6457.431	6378.015	6385.235	830600	2372345	1
2025.01.02	16:00:00	6384.719	6401.221	6368.733	6379.046	116329	340217	1
2025.01.03	08:00:00	6373.889	6427.521	6359.966	6412.050	846568	2401981	1
2025.01.03	16:00:00	6411.535	6413.082	6394.001	6408.440	92115	258691	1
2025.01.06	08:00:00	6370.280	6377.499	6313.038	6333.150	952010	2606844	1
2025.01.06	16:00:00	6332.635	6339.854	6327.478	6332.635	90129	259900	1
2025.01.07	08:00:00	6335.729	6339.854	6271.268	6324.384	967037	2752256	1
2025.01.07	16:00:00	6324.899	6337.791	6316.648	6323.352	135804	404974	1
2025.01.08	08:00:00	6344.495	6375.952	6330.056	6338.823	898839	2535673	1
2025.01.08	16:00:00	6338.823	6340.370	6319.742	6322.836	97701	284146	1
2025.01.09	08:00:00	6324.384	6340.370	6263.017	6270.236	807539	2507658	1
2025.01.09	16:00:00	6270.752	6273.846	6245.999	6251.156	99184	354636	1
2025.01.10	08:00:00	6254.250	6342.948	6244.968	6310.976	864807	2791739	1
2025.01.10	16:00:00	6310.460	6327.478	6307.882	6320.774	93843	301613	1
2025.01.13	08:00:00	6342.433	6352.231	6288.801	6301.178	846583	2413488	1
2025.01.13	16:00:00	6301.178	6317.164	6300.662	6308.397	79649	242292	1
2025.01.14	08:00:00	6305.303	6305.303	6251.672	6261.470	896930	2771861	1
2025.01.14	16:00:00	6261.470	6272.815	6250.640	6271.268	82808	255504	1
2025.01.15	08:00:00	6255.281	6277.972	6217.121	6231.560	904980	2728523	1
2025.01.15	16:00:00	6231.560	6234.654	6208.870	6217.121	112406	345914	1
2025.01.16	08:00:00	6229.497	6276.940	6199.587	6274.362	941547	2963254	1
2025.01.16	16:00:00	6274.362	6274.878	6253.734	6254.766	90683	277333	1
2025.01.17	08:00:00	6262.501	6296.021	6231.044	6262.501	855547	2697677	1
2025.01.17	16:00:00	6263.017	6285.707	6261.470	6275.909	90755	271266	1
2025.01.20	08:00:00	6270.752	6291.380	6232.076	6244.452	822438	2372905	1
2025.01.20	16:00:00	6244.452	6253.219	6224.340	6224.340	73064	226643	1
2025.01.21	08:00:00	6255.281	6270.752	6218.152	6228.466	776535	2430828	1
2025.01.21	16:00:00	6228.981	6237.748	6219.183	6224.340	83963	280000	1
2025.01.22	08:00:00	6211.964	6219.183	6110.889	6127.391	965081	3413504	1
2025.01.22	16:00:00	6127.391	6143.893	6126.360	6137.705	96171	358222	1
2025.01.23	08:00:00	6138.736	6167.615	6067.056	6103.154	905241	2891707	1
2025.01.23	16:00:00	6103.154	6133.579	6101.091	6117.077	179802	659282	1
2025.01.24	08:00:00	6097.481	6107.279	6059.320	6098.513	781110	2464156	1
2025.01.24	16:00:00	6097.997	6118.624	6095.419	6103.670	100781	366873	1
2025.01.27	08:00:00	6137.189	6149.050	6088.199	6105.217	806691	2505506	1
2025.01.27	16:00:00	6104.701	6108.311	6083.558	6084.589	101451	320653	1
2025.01.28	08:00:00	6102.122	6110.889	6044.881	6054.164	790025	2577389	1
2025.01.28	16:00:00	6054.679	6061.899	6043.850	6048.491	96537	328247	1
2025.01.29	08:00:00	6050.038	6075.822	6028.379	6056.226	783700	2685479	1
2025.01.29	16:00:00	6057.258	6072.728	6033.536	6035.599	146281	416031	1
2025.01.30	08:00:00	6047.975	6144.409	6044.881	6049.522	870327	2784157	1
2025.01.30	16:00:00	6049.522	6082.526	6033.536	6061.899	170682	606795	1
2025.01.31	08:00:00	6054.203	6059.334	5994.687	6023.932	896121	2961377	1
2025.01.31	16:00:00	6023.932	6032.141	6017.775	6025.984	99537	308242	1
2025.02.03	08:00:00	6051.124	6090.118	5997.765	6000.844	976753	2989753	1
2025.02.03	16:00:00	6000.844	6001.870	5975.703	5989.556	113171	409968	1
2025.02.04	08:00:00	5980.834	6007.514	5934.145	5954.155	839067	2663900	1
2025.02.04	16:00:00	5954.668	5954.668	5927.475	5931.067	97660	347338	1
2025.02.05	08:00:00	5938.250	5996.739	5925.936	5967.494	818888	2551449	1
2025.02.05	16:00:00	5967.494	5989.556	5963.390	5970.573	99675	327307	1
2025.02.06	08:00:00	5982.886	6002.896	5924.397	5932.606	837692	2709620	1
2025.02.06	16:00:00	5932.093	5951.589	5931.580	5937.736	110630	387004	1
2025.02.07	08:00:00	5947.998	5984.426	5908.492	5978.269	1007631	3135556	1
2025.02.07	16:00:00	5978.269	5989.556	5958.259	5982.886	133824	469026	1
2025.02.10	08:00:00	5983.913	5998.792	5936.710	5955.694	722300	2274105	1
2025.02.10	16:00:00	5955.694	5965.442	5955.181	5961.851	81178	271267	1
2025.02.11	08:00:00	5970.060	5978.269	5926.962	5938.250	789810	2392560	1
2025.02.11	16:00:00	5937.736	5941.328	5927.475	5932.093	80604	282653	1
2025.02.12	08:00:00	5938.250	5956.720	5910.544	5927.475	895302	2885216	1
2025.02.12	16:00:00	5926.962	5936.197	5923.884	5931.067	72783	253805	1
2025.02.13	08:00:00	5925.936	5965.955	5921.318	5944.406	827483	2568006	1
2025.02.13	16:00:00	5944.919	5945.432	5926.962	5926.962	90251	335688	1
2025.02.14	08:00:00	5929.527	5934.658	5866.420	5876.681	644217	2222511	1
2025.02.14	16:00:00	5876.681	5878.734	5854.106	5867.446	136377	518026	1
2025.02.17	08:00:00	5874.116	5884.377	5856.672	5872.064	492853	1591145	1
2025.02.17	16:00:00	5872.577	5879.760	5869.498	5874.629	45971	175139	1
2025.02.18	08:00:00	5873.603	5884.890	5834.610	5851.541	690309	2384330	1
2025.02.18	16:00:00	5851.541	5852.054	5837.175	5848.463	79453	310123	1
2025.02.19	08:00:00	5861.289	5891.560	5839.740	5873.603	724256	2506890	1
2025.02.19	16:00:00	5873.603	5889.508	5871.038	5880.786	91443	369660	1
2025.02.20	08:00:00	5861.289	5874.629	5843.845	5857.185	679048	2268023	1
2025.02.20	16:00:00	5857.185	5867.959	5855.646	5862.315	83069	357976	1
2025.02.21	08:00:00	5860.776	5893.100	5849.489	5887.969	681205	2457406	1
2025.02.21	16:00:00	5887.456	5890.534	5880.786	5888.995	87213	314221	1
2025.02.24	08:00:00	5873.603	5905.413	5861.802	5903.361	616964	2156893	1
2025.02.24	16:00:00	5903.874	5940.815	5900.796	5933.119	137216	536625	1
2025.02.25	08:00:00	5919.266	5968.521	5895.152	5901.822	847317	2874893	1
2025.02.25	16:00:00	5901.822	5911.057	5892.073	5892.586	97206	351322	1
2025.02.26	08:00:00	5892.586	5958.259	5884.890	5943.893	813424	2879048	1
2025.02.26	16:00:00	5943.893	5971.086	5942.354	5955.694	147333	580399	1
2025.02.27	08:00:00	5971.086	5991.609	5949.024	5976.217	841825	2603473	1
2025.02.27	16:00:00	5976.217	5995.713	5972.112	5985.452	110101	370869	1
2025.02.28	08:00:00	5978.828	6053.219	5966.599	6050.162	841116	3011066	1
2025.02.28	16:00:00	6050.162	6064.429	6020.609	6024.686	150868	540668	1
2025.03.05	08:00:00	5983.414	5985.452	5910.551	5916.156	442651	1539805	1
2025.03.05	16:00:00	5916.156	5917.175	5877.941	5880.998	170263	668380	1
2025.03.06	08:00:00	5891.189	5921.251	5871.827	5899.341	856583	2710688	1
2025.03.06	16:00:00	5899.341	5907.494	5894.755	5904.946	94511	323131	1
2025.03.07	08:00:00	5898.322	5934.499	5890.679	5933.480	776701	2393784	1
2025.03.07	16:00:00	5933.480	5938.575	5924.818	5925.327	84396	293615	1
2025.03.10	08:00:00	5928.894	6007.871	5908.513	6004.814	807171	2669285	1
2025.03.10	16:00:00	6004.814	6011.438	5986.980	5992.585	125225	440147	1
2025.03.11	08:00:00	5975.771	5985.452	5942.651	5944.180	764759	2466342	1
2025.03.11	16:00:00	5944.180	5952.332	5939.085	5945.199	82569	310646	1
2025.03.12	08:00:00	5947.237	5981.885	5918.703	5935.008	741169	2436546	1
2025.03.12	16:00:00	5935.008	5942.651	5929.403	5938.065	78540	261604	1
2025.03.13	08:00:00	5954.880	5969.656	5927.875	5942.651	586938	1899855	1
2025.03.13	16:00:00	5943.161	5943.161	5924.308	5933.989	73157	297929	1
2025.03.14	08:00:00	5920.741	5922.780	5841.255	5867.241	756552	2585596	1
2025.03.14	16:00:00	5866.731	5880.489	5861.636	5875.903	89457	330724	1
2025.03.17	08:00:00	5865.712	5870.807	5792.849	5793.868	700966	2372260	1
2025.03.17	16:00:00	5794.378	5814.759	5791.830	5813.740	94648	349562	1
2025.03.18	08:00:00	5828.007	5839.726	5779.092	5791.321	715197	2321372	1
2025.03.18	16:00:00	5791.321	5798.964	5789.792	5797.435	61747	207287	1
2025.03.19	08:00:00	5807.116	5813.231	5753.106	5756.673	657612	2240077	1
2025.03.19	16:00:00	5756.163	5773.997	5753.616	5770.940	106304	370757	1
2025.03.20	08:00:00	5783.168	5803.550	5767.882	5793.868	674114	2233444	1
2025.03.20	16:00:00	5793.868	5803.550	5784.697	5796.926	86197	323925	1
2025.03.21	08:00:00	5808.135	5855.012	5801.002	5842.274	668738	2279966	1
2025.03.21	16:00:00	5841.764	5857.560	5833.102	5847.879	68033	257850	1
2025.03.24	08:00:00	5831.574	5891.698	5820.364	5870.807	681848	2365639	1
2025.03.24	16:00:00	5870.807	5884.565	5868.769	5879.470	67994	248166	1
2025.03.25	08:00:00	5870.807	5871.317	5792.849	5812.721	729835	2570150	1
2025.03.25	16:00:00	5812.721	5828.007	5809.664	5814.759	87157	311686	1
2025.03.26	08:00:00	5819.854	5862.145	5807.626	5846.860	642644	2164042	1
2025.03.26	16:00:00	5846.860	5853.483	5840.745	5851.445	70248	286959	1
2025.03.27	08:00:00	5838.198	5885.584	5835.140	5865.712	672594	2299020	1
2025.03.27	16:00:00	5865.712	5876.922	5851.445	5853.993	84979	313795	1
2025.03.28	08:00:00	5860.107	5894.246	5857.560	5868.260	723865	2427913	1
2025.03.28	16:00:00	5868.769	5877.941	5868.260	5869.279	53533	191731	1
2025.03.31	08:00:00	5874.346	5894.612	5808.985	5820.638	731860	2483126	1
2025.03.31	16:00:00	5820.132	5824.185	5806.452	5807.465	86112	340145	1
2025.04.01	08:00:00	5820.638	5838.879	5778.078	5787.198	720956	2332639	1
2025.04.01	16:00:00	5787.198	5792.265	5785.171	5787.198	55009	203652	1
2025.04.02	08:00:00	5786.185	5818.612	5763.891	5796.318	765345	2434452	1
2025.04.02	16:00:00	5796.318	5814.558	5750.718	5795.812	232743	696372	1
2025.04.03	08:00:00	5727.918	5747.678	5694.477	5720.318	914216	2812580	1
2025.04.03	16:00:00	5720.318	5738.558	5718.291	5737.038	90357	288264	1
2025.04.04	08:00:00	5802.905	5947.813	5800.372	5944.266	1224805	3887294	1
2025.04.04	16:00:00	5944.266	5963.013	5931.093	5961.493	137798	433889	1
2025.04.07	08:00:00	5983.787	6038.000	5917.413	6020.774	1313520	3904964	1
2025.04.07	16:00:00	6020.774	6022.800	6006.080	6016.214	101125	286892	1
2025.04.08	08:00:00	5977.200	6105.388	5962.000	6087.148	1148148	3665214	1
2025.04.08	16:00:00	6087.654	6122.615	6079.547	6117.548	151608	470381	1
2025.04.09	08:00:00	6130.215	6199.122	5940.213	5958.453	1483566	4502866	1
2025.04.09	16:00:00	5958.453	5967.066	5913.866	5921.973	142010	463821	1
2025.04.10	08:00:00	5957.946	6054.721	5920.453	5991.387	1144257	3436786	1
2025.04.10	16:00:00	5991.387	6008.107	5977.200	5977.200	123555	377079	1
2025.04.11	08:00:00	5920.959	6014.694	5910.826	5968.080	1122014	3262176	1
2025.04.11	16:00:00	5968.586	5971.120	5954.400	5959.466	79464	223712	1
2025.04.14	08:00:00	5937.680	5967.066	5919.439	5945.786	831143	2289883	1
2025.04.14	16:00:00	5945.786	5953.386	5938.693	5952.880	61228	209941	1
2025.04.15	08:00:00	5948.320	5994.427	5922.986	5986.827	816051	2424010	1
2025.04.15	16:00:00	5986.320	5987.840	5966.560	5968.586	58180	199351	1
2025.04.16	08:00:00	5958.453	6008.107	5943.253	5947.813	859266	2597707	1
2025.04.16	16:00:00	5947.813	5963.520	5947.306	5956.933	76005	230901	1
2025.04.17	08:00:00	5964.026	5978.213	5884.479	5889.039	827862	2573421	1
2025.04.17	16:00:00	5889.039	5903.226	5887.012	5901.706	66407	216495	1
2025.04.22	08:00:00	5881.439	5888.026	5802.905	5806.452	754608	2383457	1
2025.04.22	16:00:00	5806.452	5817.598	5801.892	5806.958	76338	297600	1
2025.04.23	08:00:00	5784.158	5805.438	5739.571	5792.772	891159	2815875	1
2025.04.23	16:00:00	5792.772	5811.518	5785.171	5786.185	87725	317142	1
2025.04.24	08:00:00	5787.198	5787.198	5743.118	5764.905	789711	2524248	1
2025.04.24	16:00:00	5764.905	5775.545	5759.838	5764.398	68526	248438	1
2025.04.25	08:00:00	5781.625	5788.212	5744.638	5765.918	717125	2245029	1
2025.04.25	16:00:00	5765.918	5772.505	5761.358	5767.438	61262	201262	1
2025.04.28	08:00:00	5776.051	5778.585	5725.384	5728.931	768068	2599645	1
2025.04.28	16:00:00	5728.424	5733.998	5723.358	5732.478	73559	265925	1
2025.04.29	08:00:00	5737.038	5739.571	5695.491	5708.664	748234	2283172	1
2025.04.29	16:00:00	5708.664	5713.224	5688.904	5690.424	67867	238634	1
2025.04.30	08:00:00	5697.467	5761.856	5678.854	5738.716	850098	2885671	1
2025.04.30	16:00:00	5739.219	5756.826	5734.692	5745.256	92254	332551	1
2025.05.02	08:00:00	5744.753	5749.783	5698.473	5726.140	685419	2102319	1
2025.05.02	16:00:00	5726.140	5732.680	5722.619	5729.661	51216	192212	1
2025.05.05	08:00:00	5726.140	5761.353	5698.976	5758.838	634913	2077643	1
2025.05.05	16:00:00	5758.335	5774.432	5754.814	5767.893	63545	248507	1
2025.05.06	08:00:00	5767.893	5807.130	5761.353	5776.947	808545	2666866	1
2025.05.06	16:00:00	5776.444	5792.542	5772.420	5784.493	67315	249760	1
2025.05.07	08:00:00	5774.935	5821.718	5764.874	5814.173	738652	2352629	1
2025.05.07	16:00:00	5814.173	5830.773	5805.621	5807.633	116108	408818	1
2025.05.08	08:00:00	5787.008	5815.682	5727.146	5742.237	767131	2562921	1
2025.05.08	16:00:00	5741.734	5744.250	5724.128	5725.134	97226	384468	1
2025.05.09	08:00:00	5732.177	5733.183	5700.988	5714.067	654554	2137902	1
2025.05.09	16:00:00	5713.564	5720.104	5705.012	5713.564	56945	235995	1
2025.05.12	08:00:00	5734.692	5767.893	5721.613	5754.310	737056	2366468	1
2025.05.12	16:00:00	5754.310	5755.317	5730.164	5732.177	85355	331608	1
2025.05.13	08:00:00	5721.110	5733.686	5653.199	5655.211	823394	2862453	1
2025.05.13	16:00:00	5655.211	5672.817	5653.702	5672.817	78197	333344	1
2025.05.14	08:00:00	5661.247	5692.436	5638.611	5678.351	815952	2651195	1
2025.05.14	16:00:00	5678.351	5699.479	5677.848	5696.964	69806	264094	1
2025.05.15	08:00:00	5688.412	5753.807	5669.296	5737.207	876135	2897640	1
2025.05.15	16:00:00	5737.207	5748.274	5728.655	5737.710	87227	300161	1
2025.05.16	08:00:00	5727.649	5767.893	5714.570	5723.625	719576	2352166	1
2025.05.16	16:00:00	5724.128	5725.134	5714.570	5722.619	56013	223747	1
2025.05.19	08:00:00	5711.049	5743.244	5684.387	5695.957	765871	2257041	1
2025.05.19	16:00:00	5696.461	5707.527	5692.939	5697.467	74344	281687	1
2025.05.20	08:00:00	5696.964	5733.183	5691.933	5729.661	748991	2526104	1
2025.05.20	16:00:00	5730.164	5730.164	5711.049	5711.049	68135	256662	1
2025.05.21	08:00:00	5717.588	5725.637	5691.933	5703.000	678215	2201356	1
2025.05.21	16:00:00	5703.503	5706.018	5686.903	5691.933	82248	306498	1
2025.05.22	08:00:00	5694.951	5725.637	5638.611	5698.976	927297	3273410	1
2025.05.22	16:00:00	5698.473	5818.700	5673.321	5800.087	240320	1000930	1
2025.05.23	08:00:00	5774.935	5787.511	5693.945	5694.951	858849	2766262	1
2025.05.23	16:00:00	5695.454	5698.473	5684.891	5693.945	86159	305560	1
2025.05.26	08:00:00	5684.387	5720.607	5676.339	5714.570	495189	1493985	1
2025.05.26	16:00:00	5714.570	5719.097	5703.503	5703.503	36186	127820	1
2025.05.27	08:00:00	5699.479	5711.552	5679.860	5683.884	668900	2191069	1
2025.05.27	16:00:00	5683.381	5689.921	5674.327	5677.345	62544	218474	1
2025.05.28	08:00:00	5687.406	5755.820	5681.369	5726.643	773280	2551322	1
2025.05.28	16:00:00	5726.140	5735.698	5720.607	5728.655	67226	252235	1
2025.05.29	08:00:00	5735.195	5740.728	5679.357	5692.436	697506	2224329	1
2025.05.29	16:00:00	5692.939	5712.055	5691.430	5703.000	68644	266749	1
2025.05.30	08:00:00	5707.000	5777.500	5696.000	5749.000	735848	2543164	1
2025.05.30	16:00:00	5748.500	5770.000	5748.500	5769.000	69526	286521	1
2025.06.02	08:00:00	5737.500	5745.000	5701.500	5718.000	720628	2216244	1
2025.06.02	16:00:00	5717.500	5722.000	5707.500	5713.500	70881	258859	1
2025.06.03	08:00:00	5714.000	5745.000	5658.500	5673.000	787542	2608252	1
2025.06.03	16:00:00	5673.000	5680.000	5666.000	5672.000	76428	277105	1
2025.06.04	08:00:00	5670.000	5680.000	5641.500	5678.000	697949	2168957	1
2025.06.04	16:00:00	5678.000	5684.000	5662.000	5662.000	74768	284449	1
2025.06.05	08:00:00	5665.000	5668.500	5608.000	5618.000	773486	2580968	1
2025.06.05	16:00:00	5618.500	5624.500	5611.000	5613.000	68421	264164	1
2025.06.06	08:00:00	5624.000	5645.500	5588.500	5592.500	842462	2708278	1
2025.06.06	16:00:00	5593.000	5598.500	5585.000	5592.000	70372	254426	1
2025.06.09	08:00:00	5596.500	5624.500	5577.500	5583.500	694156	2124287	1
2025.06.09	16:00:00	5584.000	5593.000	5582.000	5584.000	65058	237750	1
2025.06.10	08:00:00	5581.500	5601.000	5561.500	5597.000	679678	2213982	1
2025.06.10	16:00:00	5597.500	5600.000	5588.500	5592.500	73298	247301	1
2025.06.11	08:00:00	5591.000	5602.000	5542.500	5560.500	753644	2512727	1
2025.06.11	16:00:00	5560.500	5567.000	5555.500	5560.000	58725	242125	1
2025.06.12	08:00:00	5550.000	5579.500	5544.500	5563.000	637282	2143648	1
2025.06.12	16:00:00	5563.000	5566.500	5552.000	5553.000	53646	215581	1
2025.06.13	08:00:00	5587.000	5612.000	5551.000	5552.500	722606	2474401	1
2025.06.13	16:00:00	5552.500	5569.500	5548.500	5569.000	65613	291830	1
2025.06.16	08:00:00	5543.000	5553.500	5507.000	5513.000	681823	2332955	1
2025.06.16	16:00:00	5513.000	5513.500	5498.000	5498.500	87292	383979	1
2025.06.17	08:00:00	5508.000	5521.000	5480.000	5516.000	795508	2710690	1
2025.06.17	16:00:00	5516.000	5518.500	5507.000	5507.500	71996	274738	1
2025.06.18	08:00:00	5506.000	5524.500	5488.000	5518.500	687008	2302869	1
2025.06.18	16:00:00	5518.500	5519.500	5493.000	5496.000	73879	286269	1
2025.06.20	08:00:00	5483.000	5535.000	5480.000	5534.000	633277	2066998	1
2025.06.20	16:00:00	5534.500	5538.000	5521.500	5527.000	74712	268763	1
2025.06.23	08:00:00	5545.500	5552.500	5505.000	5510.500	782718	2574682	1
2025.06.23	16:00:00	5510.500	5516.500	5501.000	5505.000	61112	233700	1
2025.06.24	08:00:00	5482.000	5530.000	5482.000	5528.000	716709	2532550	1
2025.06.24	16:00:00	5528.000	5530.000	5516.000	5519.500	82618	325254	1
2025.06.25	08:00:00	5517.500	5579.000	5515.000	5556.500	752780	2592456	1
2025.06.25	16:00:00	5556.500	5570.000	5555.000	5562.000	78898	315620	1
2025.06.26	08:00:00	5552.000	5567.000	5494.500	5498.000	739336	2446613	1
2025.06.26	16:00:00	5498.000	5510.500	5411.500	5483.000	103913	475846	1
2025.06.27	08:00:00	5530.055	5547.685	5501.849	5531.063	808891	2753781	1
2025.06.27	16:00:00	5530.559	5533.581	5519.982	5522.500	66018	243965	1
2025.06.30	08:00:00	5525.500	5547.500	5465.000	5468.500	754472	2701494	1
2025.06.30	16:00:00	5468.500	5478.000	5468.000	5473.500	62938	277739	1
2025.07.01	08:00:00	5467.500	5509.500	5457.500	5507.000	676521	2248529	1
2025.07.01	16:00:00	5506.500	5509.000	5492.000	5495.500	68496	285529	1
2025.07.02	08:00:00	5502.000	5518.500	5456.000	5460.500	740209	2575033	1
2025.07.02	16:00:00	5460.000	5465.000	5452.500	5464.500	73807	313215	1
2025.07.03	08:00:00	5465.000	5482.500	5440.000	5447.500	625597	2187439	1
2025.07.03	16:00:00	5447.000	5449.500	5437.500	5448.000	59202	261365	1
2025.07.04	08:00:00	5455.500	5460.500	5437.500	5458.000	360663	1163601	1
2025.07.04	16:00:00	5457.500	5462.000	5452.000	5455.500	32187	128303	1
2025.07.07	08:00:00	5474.000	5517.000	5470.500	5515.000	702680	2465688	1
2025.07.07	16:00:00	5515.500	5526.000	5507.500	5520.500	61782	264674	1
2025.07.08	08:00:00	5505.500	5510.500	5467.000	5471.500	707334	2383515	1
2025.07.08	16:00:00	5471.500	5485.000	5470.500	5483.500	65538	264322	1
2025.07.09	08:00:00	5488.000	5526.500	5478.000	5516.000	606404	2236818	1
2025.07.09	16:00:00	5516.500	5638.000	5515.000	5608.500	224489	961958	1
2025.07.10	08:00:00	5643.500	5658.000	5553.000	5578.000	335386	3578108	0
2025.07.10	16:00:00	5578.000	5579.500	5558.000	5561.500	31812	338940	0
2025.07.11	08:00:00	5579.500	5619.000	5569.000	5574.000	242218	2508340	0
2025.07.11	16:00:00	5573.500	5597.000	5567.500	5590.500	24240	247498	0
2025.07.14	08:00:00	5591.500	5614.000	5568.500	5607.000	215462	2116384	0
2025.07.14	16:00:00	5607.000	5621.500	5604.000	5613.000	29450	380481	0
2025.07.15	08:00:00	5599.000	5627.000	5556.500	5583.500	306407	3276590	0
2025.07.15	16:00:00	5583.500	5586.500	5572.500	5574.000	24717	271289	0
2025.07.16	08:00:00	5585.000	5613.500	5560.000	5578.000	866067	3066604	1
2025.07.16	16:00:00	5577.500	5590.000	5575.000	5587.000	55938	217202	1
2025.07.17	08:00:00	5601.000	5629.000	5561.000	5566.500	659215	2283480	1
2025.07.17	16:00:00	5566.500	5572.500	5556.500	5567.000	66869	296172	1
2025.07.18	08:00:00	5581.000	5615.000	5539.500	5611.000	697236	2539766	1
2025.07.18	16:00:00	5611.000	5611.000	5588.000	5592.500	74210	328271	1
2025.07.21	08:00:00	5610.000	5626.500	5565.000	5578.500	600424	2022908	1
2025.07.21	16:00:00	5578.000	5584.000	5576.000	5581.000	51017	190703	1
2025.07.22	08:00:00	5584.500	5603.500	5564.000	5579.000	668162	2304067	1
2025.07.22	16:00:00	5578.500	5586.500	5572.000	5575.000	59297	235447	1
2025.07.23	08:00:00	5575.000	5588.500	5525.500	5529.000	644314	2337322	1
2025.07.23	16:00:00	5529.000	5534.000	5520.500	5521.000	59108	255241	1
2025.07.24	08:00:00	5534.500	5549.000	5526.000	5531.000	558854	2040141	1
2025.07.24	16:00:00	5531.500	5533.500	5521.500	5532.500	66291	274605	1
2025.07.25	08:00:00	5540.000	5581.000	5528.500	5575.500	586940	2147744	1
2025.07.25	16:00:00	5575.500	5576.000	5565.500	5568.000	49778	225738	1
2025.07.28	08:00:00	5592.500	5611.500	5573.500	5604.000	579732	2186235	1
2025.07.28	16:00:00	5604.000	5605.500	5590.500	5594.500	56441	236499	1
2025.07.29	08:00:00	5604.000	5607.500	5562.000	5572.000	657330	2618411	1
2025.07.29	16:00:00	5572.000	5585.000	5569.000	5580.000	54686	227261	1
2025.07.30	08:00:00	5623.496	5675.393	5578.653	5616.442	913667	3445038	1
2025.07.30	16:00:00	5616.442	5635.589	5609.892	5624.000	112556	360545	1
2025.07.31	08:00:00	5610.000	5668.000	5606.000	5640.500	665979	2616548	1
2025.07.31	16:00:00	5641.000	5652.000	5637.500	5649.500	64632	252999	1
2025.08.01	08:00:00	5662.000	5669.500	5568.000	5599.000	792384	3018844	1
2025.08.01	16:00:00	5599.500	5599.500	5574.000	5581.000	86466	349401	1
2025.08.04	08:00:00	5572.000	5583.000	5534.000	5550.500	584918	2151486	1
2025.08.04	16:00:00	5550.500	5559.000	5531.500	5559.000	72418	330605	1
2025.08.05	08:00:00	5570.500	5573.000	5535.000	5542.500	587753	2060282	1
2025.08.05	16:00:00	5542.500	5545.500	5538.500	5541.500	46240	175253	1
2025.08.06	08:00:00	5538.500	5545.500	5492.500	5498.500	620662	2387725	1
2025.08.06	16:00:00	5498.500	5501.500	5492.000	5493.000	60732	259728	1
2025.08.07	08:00:00	5498.000	5509.000	5477.500	5481.500	634956	2349406	1
2025.08.07	16:00:00	5481.000	5482.500	5445.500	5448.000	132820	614774	1
2025.08.08	08:00:00	5457.000	5473.500	5445.000	5464.000	568278	2175936	1
2025.08.08	16:00:00	5463.500	5473.000	5459.500	5462.000	70354	286191	1
2025.08.11	08:00:00	5470.000	5487.500	5462.000	5472.000	491571	1802157	1
2025.08.11	16:00:00	5472.000	5474.000	5465.500	5467.500	51417	219937	1
2025.08.12	08:00:00	5468.500	5470.500	5412.000	5417.000	641232	2510683	1
2025.08.12	16:00:00	5417.500	5430.000	5411.500	5428.500	74021	341149	1
2025.08.13	08:00:00	5413.000	5435.000	5404.000	5428.500	551102	2114601	1
2025.08.13	16:00:00	5429.000	5431.000	5413.000	5415.000	55533	234112	1
2025.08.14	08:00:00	5425.500	5455.500	5417.500	5436.500	641223	2448183	1
2025.08.14	16:00:00	5436.500	5443.000	5433.500	5434.500	46274	207916	1
2025.08.15	08:00:00	5428.000	5429.500	5405.500	5422.000	451396	1693660	1
2025.08.15	16:00:00	5421.500	5424.000	5412.000	5414.000	46711	207160	1
2025.08.18	08:00:00	5422.000	5459.000	5422.000	5453.500	494780	1890031	1
2025.08.18	16:00:00	5453.000	5460.000	5449.500	5456.500	52710	230384	1
2025.08.19	08:00:00	5451.500	5513.000	5446.000	5508.500	676385	2810328	1
2025.08.19	16:00:00	5508.500	5525.000	5508.000	5515.500	97338	464267	1
2025.08.20	08:00:00	5513.000	5519.500	5476.500	5487.500	597091	2353829	1
2025.08.20	16:00:00	5487.000	5501.500	5485.500	5492.500	67282	297554	1
2025.08.21	08:00:00	5503.000	5510.500	5480.000	5488.500	647295	2388411	1
2025.08.21	16:00:00	5488.000	5495.000	5484.500	5484.500	48338	214940	1
2025.08.22	08:00:00	5486.500	5488.500	5423.500	5436.000	612271	2382926	1
2025.08.22	16:00:00	5435.500	5441.000	5433.000	5437.500	45953	198504	1
2025.08.25	08:00:00	5438.500	5446.500	5410.500	5421.500	419384	1645528	1
2025.08.25	16:00:00	5421.500	5424.500	5417.000	5418.500	51811	222248	1
2025.08.26	08:00:00	5410.000	5456.000	5405.500	5442.000	493285	2012043	1
2025.08.26	16:00:00	5442.000	5443.500	5435.500	5439.500	53420	248310	1
2025.08.27	08:00:00	5455.000	5462.500	5419.500	5426.000	601556	2411745	1
2025.08.27	16:00:00	5426.500	5428.000	5419.500	5424.500	51118	228950	1
2025.08.28	08:00:00	5456.482	5473.101	5437.345	5447.921	571459	2266604	1
2025.08.28	16:00:00	5447.417	5460.007	5441.878	5459.000	50098	227334	1
2025.08.29	08:00:00	5460.000	5483.000	5452.000	5463.500	551432	2263397	1
2025.08.29	16:00:00	5463.500	5474.000	5457.500	5467.000	55174	254468	1
2025.09.01	08:00:00	5463.500	5489.000	5454.500	5482.500	346825	1400891	1
2025.09.01	16:00:00	5482.500	5485.000	5477.000	5477.500	32830	145080	1
2025.09.02	08:00:00	5505.000	5539.000	5482.500	5508.000	680685	2674326	1
2025.09.02	16:00:00	5508.000	5515.500	5501.000	5506.000	58071	257579	1
2025.09.03	08:00:00	5499.000	5504.000	5469.000	5494.500	533874	2077823	1
2025.09.03	16:00:00	5494.000	5495.000	5483.000	5484.000	48781	217418	1
2025.09.04	08:00:00	5499.500	5507.000	5476.500	5482.500	507567	1979637	1
2025.09.04	16:00:00	5482.500	5484.500	5478.500	5480.500	49177	199722	1
2025.09.05	08:00:00	5463.500	5472.500	5415.000	5442.500	650982	2591001	1
2025.09.05	16:00:00	5442.500	5452.500	5441.500	5444.000	65675	280168	1
2025.09.08	08:00:00	5439.000	5478.500	5433.000	5450.500	478662	1899075	1
2025.09.08	16:00:00	5451.000	5454.500	5446.000	5452.000	54390	221141	1
2025.09.09	08:00:00	5450.000	5467.500	5441.000	5460.500	529614	1990590	1
2025.09.09	16:00:00	5460.000	5472.000	5460.000	5460.500	51930	216570	1
2025.09.10	08:00:00	5460.500	5465.000	5424.000	5431.500	529008	2026955	1
2025.09.10	16:00:00	5431.000	5436.500	5426.000	5427.500	47250	196286	1
2025.09.11	08:00:00	5435.000	5449.000	5399.000	5412.500	565617	2329241	1
2025.09.11	16:00:00	5413.000	5418.500	5409.000	5414.500	60172	268688	1
2025.09.12	08:00:00	5423.000	5431.500	5366.000	5373.000	577385	2514067	1
2025.09.12	16:00:00	5373.000	5380.000	5363.500	5370.500	64207	284155	1
2025.09.15	08:00:00	5369.500	5371.500	5329.000	5337.000	509383	2185565	1
2025.09.15	16:00:00	5337.000	5343.000	5334.000	5337.500	51030	213238	1
2025.09.16	08:00:00	5324.500	5340.000	5310.000	5319.000	523904	2089462	1
2025.09.16	16:00:00	5319.000	5319.500	5312.000	5313.000	54222	261165	1
2025.09.17	08:00:00	5317.500	5329.000	5291.000	5318.000	576843	2333964	1
2025.09.17	16:00:00	5318.500	5327.500	5310.000	5327.000	102769	384563	1
2025.09.18	08:00:00	5309.500	5329.000	5284.500	5317.000	544498	2296442	1
2025.09.18	16:00:00	5317.000	5334.000	5317.000	5321.000	72082	309147	1
2025.09.19	08:00:00	5338.000	5351.500	5329.500	5332.500	432417	1809330	1
2025.09.19	16:00:00	5332.000	5347.500	5328.000	5346.000	49274	222288	1
2025.09.22	08:00:00	5335.000	5376.000	5331.000	5349.500	540419	2297747	1
2025.09.22	16:00:00	5349.000	5351.000	5343.500	5346.500	46497	192322	1
2025.09.23	08:00:00	5347.500	5354.500	5285.000	5293.000	611496	2728004	1
2025.09.23	16:00:00	5292.500	5295.500	5284.500	5285.000	64069	313919	1
2025.09.24	08:00:00	5302.000	5336.500	5300.000	5335.000	453520	1897843	1
2025.09.24	16:00:00	5334.500	5341.000	5307.000	5313.000	76267	392203	1
2025.09.25	08:00:00	5331.000	5374.000	5314.500	5371.000	621002	2724579	1
2025.09.25	16:00:00	5370.500	5377.000	5364.500	5369.000	70494	309759	1
2025.09.26	08:00:00	5370.000	5370.000	5338.000	5342.000	518001	2110876	1
2025.09.26	16:00:00	5341.500	5355.000	5339.000	5354.500	44026	187951	1
2025.09.29	08:00:00	5386.679	5388.191	5347.879	5356.445	514750	2155490	1
2025.09.29	16:00:00	5356.949	5369.547	5355.942	5363.500	48113	213365	1
2025.09.30	08:00:00	5355.000	5376.000	5346.000	5360.500	520398	2286493	1
2025.09.30	16:00:00	5361.000	5367.500	5358.000	5361.000	49001	225478	1
2025.10.01	08:00:00	5347.500	5376.500	5334.000	5362.000	567428	2381918	1
2025.10.01	16:00:00	5362.000	5374.000	5360.000	5368.000	50500	225774	1
2025.10.02	08:00:00	5359.500	5413.000	5347.000	5379.500	591034	2528009	1
2025.10.02	16:00:00	5379.000	5382.000	5374.500	5379.000	50694	248040	1
2025.10.03	08:00:00	5370.000	5399.000	5361.500	5372.000	578330	2358494	1
2025.10.03	16:00:00	5371.500	5379.000	5365.000	5378.000	63465	284215	1
2025.10.06	08:00:00	5382.000	5386.000	5343.000	5345.500	509091	2132720	1
2025.10.06	16:00:00	5346.000	5349.500	5342.000	5343.000	52654	231444	1
2025.10.07	08:00:00	5354.500	5386.000	5352.000	5383.500	548089	2227826	1
2025.10.07	16:00:00	5383.500	5391.000	5379.500	5388.000	57169	280200	1
2025.10.08	08:00:00	5388.000	5395.000	5360.000	5385.000	540411	2196325	1
2025.10.08	16:00:00	5384.500	5385.000	5364.000	5364.000	68446	323774	1
2025.10.09	08:00:00	5360.000	5408.000	5352.500	5405.000	617985	2533502	1
2025.10.09	16:00:00	5404.500	5409.500	5396.500	5406.500	61889	291312	1
2025.10.10	08:00:00	5399.500	5545.500	5387.500	5529.000	1085017	4337841	1
2025.10.10	16:00:00	5528.500	5560.000	5520.500	5559.500	106142	494282	1
2025.10.13	08:00:00	5520.000	5526.000	5468.000	5474.500	643085	2398207	1
2025.10.13	16:00:00	5474.500	5494.500	5473.500	5484.000	60457	264544	1
2025.10.14	08:00:00	5506.000	5543.000	5480.500	5489.500	765783	3064650	1
2025.10.14	16:00:00	5489.500	5509.500	5486.500	5500.500	77381	317291	1
2025.10.15	08:00:00	5482.500	5493.500	5454.500	5479.000	583295	2323176	1
2025.10.15	16:00:00	5479.000	5485.000	5469.500	5475.000	56502	249899	1
2025.10.16	08:00:00	5470.000	5479.500	5442.000	5466.000	605806	2438156	1
2025.10.16	16:00:00	5466.000	5473.500	5460.500	5473.000	50253	227324	1
2025.10.17	08:00:00	5469.500	5479.000	5422.000	5423.000	572748	2297663	1
2025.10.17	16:00:00	5422.500	5430.000	5421.000	5425.000	47156	197340	1
2025.10.20	08:00:00	5429.500	5429.500	5383.000	5386.500	443743	1839399	1
2025.10.20	16:00:00	5386.500	5392.500	5385.500	5389.500	40063	186896	1
2025.10.21	08:00:00	5404.500	5419.500	5384.000	5398.500	557215	2198915	1
2025.10.21	16:00:00	5398.000	5405.500	5396.500	5402.500	43813	216184	1
2025.10.22	08:00:00	5407.500	5426.000	5389.000	5415.000	552725	2219987	1
2025.10.22	16:00:00	5414.500	5416.500	5406.500	5414.000	50483	233191	1
2025.10.23	08:00:00	5414.000	5415.000	5389.500	5392.000	410121	1729959	1
2025.10.23	16:00:00	5392.000	5399.000	5391.000	5392.000	36850	167734	1
2025.10.24	08:00:00	5397.000	5405.000	5372.000	5399.000	445691	1781920	1
2025.10.24	16:00:00	5398.500	5405.000	5395.500	5395.500	35023	150583	1
2025.10.27	08:00:00	5372.500	5393.500	5368.000	5377.000	419596	1776694	1
2025.10.27	16:00:00	5377.000	5383.000	5377.000	5382.000	37216	186783	1
2025.10.28	08:00:00	5385.500	5393.500	5358.500	5361.500	422428	1881172	1
2025.10.28	16:00:00	5362.000	5368.000	5361.500	5365.000	44065	195613	1
2025.10.29	08:00:00	5367.000	5371.000	5338.000	5362.000	554755	2460044	1
2025.10.29	16:00:00	5361.500	5370.500	5358.000	5359.000	94110	365432	1
2025.10.30	08:00:00	5398.365	5431.064	5398.365	5412.954	490651	1941222	1
2025.10.30	16:00:00	5413.457	5422.009	5412.451	5420.500	45789	213657	1
2025.10.31	08:00:00	5425.000	5434.500	5406.500	5414.000	492210	2271267	1
2025.10.31	16:00:00	5413.500	5419.000	5409.000	5414.000	42604	205290	1
2025.11.03	08:00:00	5409.500	5417.000	5378.000	5390.500	464925	1988612	1
2025.11.03	16:00:00	5391.000	5397.500	5388.500	5396.000	45348	212233	1
2025.11.04	08:00:00	5417.500	5434.000	5410.500	5430.000	480984	2152731	1
2025.11.04	16:00:00	5429.500	5443.500	5427.500	5442.500	64334	304186	1
2025.11.05	08:00:00	5433.000	5435.500	5383.000	5390.500	473762	2005757	1
2025.11.05	16:00:00	5390.000	5393.000	5382.500	5386.000	51341	237150	1
2025.11.06	08:00:00	5380.000	5393.000	5359.500	5381.000	508560	2187086	1
2025.11.06	16:00:00	5380.500	5382.500	5374.500	5378.500	51075	260513	1
2025.11.07	08:00:00	5376.000	5390.500	5360.500	5362.000	454975	1955346	1
2025.11.07	16:00:00	5362.000	5362.500	5352.000	5354.500	60541	291997	1
2025.11.10	08:00:00	5340.000	5347.000	5326.000	5327.500	394277	1817074	1
2025.11.10	16:00:00	5327.500	5331.500	5308.500	5314.500	59378	320462	1
2025.11.11	08:00:00	5313.500	5321.500	5286.000	5293.500	465480	2112609	1
2025.11.11	16:00:00	5294.000	5297.500	5292.000	5295.500	46889	215169	1
2025.11.12	08:00:00	5298.500	5322.500	5286.000	5314.500	389585	1637958	1
2025.11.12	16:00:00	5314.000	5316.500	5309.000	5313.000	46500	225471	1
2025.11.13	08:00:00	5301.500	5320.500	5292.000	5317.500	476775	2055680	1
2025.11.13	16:00:00	5317.500	5324.500	5308.000	5309.500	80502	401944	1
2025.11.14	08:00:00	5325.000	5333.500	5289.000	5314.000	537535	2338064	1
2025.11.14	16:00:00	5314.500	5319.000	5311.500	5313.000	47097	239737	1
2025.11.17	08:00:00	5317.000	5333.000	5308.500	5331.500	362793	1564968	1
2025.11.17	16:00:00	5331.500	5348.500	5331.500	5344.000	101835	472365	1
2025.11.18	08:00:00	5351.000	5358.500	5328.000	5332.000	482382	1941410	1
2025.11.18	16:00:00	5332.000	5340.000	5328.000	5339.500	52989	209626	1
2025.11.19	08:00:00	5336.500	5359.500	5332.500	5343.500	409765	1736567	1
2025.11.19	16:00:00	5343.000	5353.000	5336.000	5338.500	66918	293296	1
2025.11.21	08:00:00	5362.500	5443.000	5360.500	5413.000	711657	2835088	1
2025.11.21	16:00:00	5413.000	5419.500	5406.500	5416.500	54586	234292	1
2025.11.24	08:00:00	5408.000	5415.000	5386.500	5399.000	467470	1933304	1
2025.11.24	16:00:00	5399.000	5402.500	5392.000	5394.500	43174	225073	1
2025.11.25	08:00:00	5392.000	5415.500	5358.500	5379.500	610498	2656483	1
2025.11.25	16:00:00	5379.500	5392.000	5374.000	5385.000	60379	308012	1
2025.11.26	08:00:00	5385.000	5392.500	5338.000	5339.000	506332	2024234	1
2025.11.26	16:00:00	5339.500	5340.500	5331.500	5335.500	65502	354639	1
2025.11.27	08:00:00	5375.384	5396.020	5365.821	5393.503	296077	1151923	1
2025.11.27	16:00:00	5393.503	5394.510	5386.457	5393.000	30773	142374	1
2025.11.28	08:00:00	5388.000	5396.000	5361.500	5367.500	397794	1884467	1
2025.11.28	16:00:00	5367.500	5374.000	5364.500	5371.500	33488	177070	1
2025.12.01	08:00:00	5371.500	5395.500	5362.000	5393.000	450659	1850180	1
2025.12.01	16:00:00	5393.000	5400.000	5385.500	5386.000	55699	274449	1
2025.12.02	08:00:00	5388.000	5396.500	5362.500	5368.000	434288	1823541	1
2025.12.02	16:00:00	5368.000	5368.500	5360.000	5361.500	47791	227557	1
2025.12.03	08:00:00	5350.000	5355.500	5330.000	5341.000	459238	1951181	1
2025.12.03	16:00:00	5341.000	5346.000	5339.000	5341.500	47279	209660	1
2025.12.04	08:00:00	5336.000	5347.000	5318.500	5341.500	413592	1818372	1
2025.12.04	16:00:00	5341.500	5347.000	5335.000	5341.000	61674	298551	1
2025.12.05	08:00:00	5327.500	5514.500	5326.000	5506.500	1031940	4154377	1
2025.12.05	16:00:00	5506.500	5512.000	5458.500	5466.000	199294	736984	1
2025.12.08	08:00:00	5451.500	5495.000	5414.000	5448.500	777189	2993970	1
2025.12.08	16:00:00	5449.000	5472.500	5446.500	5457.500	84317	381992	1
2025.12.09	08:00:00	5449.000	5522.000	5446.000	5465.000	769457	2969636	1
2025.12.09	16:00:00	5464.500	5471.000	5457.500	5459.500	79335	331321	1
2025.12.10	08:00:00	5449.500	5515.000	5442.500	5509.000	552957	2117052	1
2025.12.10	16:00:00	5509.500	5510.000	5479.500	5497.000	192863	651321	1
2025.12.11	08:00:00	5499.500	5500.000	5417.500	5421.000	573409	2417208	1
2025.12.11	16:00:00	5421.000	5432.000	5418.500	5431.500	54930	278126	1
2025.12.12	08:00:00	5429.500	5446.000	5399.000	5426.000	595601	2463536	1
2025.12.12	16:00:00	5425.500	5445.000	5425.500	5433.000	67476	279395	1
2025.12.15	08:00:00	5420.000	5444.000	5399.000	5442.000	511669	2030601	1
2025.12.15	16:00:00	5442.000	5444.000	5431.500	5433.500	55438	222003	1
2025.12.16	08:00:00	5438.500	5491.500	5432.500	5480.500	710029	2794461	1
2025.12.16	16:00:00	5480.000	5540.500	5477.500	5528.500	98436	434343	1
2025.12.17	08:00:00	5516.000	5545.000	5498.500	5533.000	702595	2777326	1
2025.12.17	16:00:00	5532.500	5542.000	5522.500	5534.500	71899	303593	1
2025.12.18	08:00:00	5519.000	5571.500	5513.500	5531.000	684756	2855623	1
2025.12.18	16:00:00	5531.000	5537.500	5527.500	5534.500	54215	239623	1
2025.12.19	08:00:00	5535.000	5556.500	5508.000	5541.500	525814	2233631	1
2025.12.19	16:00:00	5541.500	5560.500	5535.000	5555.000	66998	317153	1
2025.12.22	08:00:00	5538.500	5614.000	5525.000	5590.500	646679	2625139	1
2025.12.22	16:00:00	5590.500	5604.000	5584.000	5598.500	89123	380149	1
2025.12.23	08:00:00	5588.500	5603.000	5538.000	5543.500	519433	2070601	1
2025.12.23	16:00:00	5543.500	5545.000	5523.000	5528.500	63225	245633	1
2025.12.26	08:00:00	5550.000	5570.000	5523.000	5546.500	440563	1687259	1
2025.12.26	16:00:00	5546.000	5552.500	5540.000	5545.500	41354	163956	1
2025.12.29	08:00:00	5589.287	5630.107	5586.767	5622.043	448404	1784274	1
2025.12.29	16:00:00	5622.547	5627.083	5605.917	5616.500	65020	262631	1
2025.12.30	08:00:00	5604.000	5608.000	5525.500	5531.500	518911	2176241	1
2025.12.30	16:00:00	5531.500	5533.000	5513.000	5519.000	61736	271838	1
2026.01.02	08:00:00	5507.000	5508.000	5454.000	5463.000	487805	1932754	1
2026.01.02	16:00:00	5463.000	5466.000	5452.000	5456.000	55676	252117	1
2026.01.05	08:00:00	5455.000	5489.500	5431.500	5436.000	529462	2031593	1
2026.01.05	16:00:00	5436.500	5449.000	5434.500	5449.000	58694	265916	1
2026.01.06	08:00:00	5449.000	5452.000	5397.500	5408.000	524111	2074865	1
2026.01.06	16:00:00	5408.000	5418.000	5405.500	5409.000	56941	272801	1
2026.01.07	08:00:00	5403.000	5434.000	5401.000	5418.500	479293	1880197	1
2026.01.07	16:00:00	5418.500	5424.000	5417.500	5420.500	43497	205044	1
2026.01.08	08:00:00	5424.000	5428.500	5406.500	5425.000	438362	1650183	1
2026.01.08	16:00:00	5425.500	5427.000	5417.000	5417.500	40728	183933	1
2026.01.09	08:00:00	5428.500	5428.500	5381.500	5394.500	499172	1965350	1
2026.01.09	16:00:00	5394.000	5402.000	5391.000	5402.000	43199	211214	1
