<DATE>	<TIME>	<OPEN>	<HIGH>	<LOW>	<CLOSE>	<TICKVOL>	<VOL>	<SPREAD>
2021.03.08	08:00:00	7425.638	7462.508	7397.824	7421.757	532557	1459596	1
2021.03.08	12:00:00	7421.757	7491.615	7386.828	7477.385	413234	1391371	1
2021.03.08	16:00:00	7476.738	7609.985	7465.095	7609.985	210077	741618	1
2021.03.09	08:00:00	7555.005	7606.751	7518.782	7584.112	550278	1605167	1
2021.03.09	12:00:00	7583.465	7586.053	7469.623	7501.964	526254	1655911	1
2021.03.09	16:00:00	7502.611	7522.663	7476.091	7513.607	120860	372418	1
2021.03.10	08:00:00	7505.198	7528.484	7395.237	7400.412	624724	1744464	1
2021.03.10	12:00:00	7400.412	7476.091	7324.085	7349.312	556790	1841845	1
2021.03.10	16:00:00	7349.312	7360.308	7308.561	7346.078	142679	448709	1
2021.03.11	08:00:00	7238.057	7279.454	7221.239	7238.703	494122	1421759	1
2021.03.11	12:00:00	7238.703	7255.521	7156.556	7175.314	433191	1445132	1
2021.03.11	16:00:00	7174.667	7210.243	7164.318	7170.139	131270	457269	1
2021.03.12	08:00:00	7215.417	7227.060	7182.429	7190.191	418575	1192247	1
2021.03.12	12:00:00	7189.544	7226.414	7179.842	7206.362	333681	1104730	1
2021.03.12	16:00:00	7206.362	7216.064	7181.135	7188.251	83818	298346	1
2021.03.15	08:00:00	7192.778	7307.915	7162.377	7289.803	546277	1671589	1
2021.03.15	12:00:00	7289.803	7322.792	7245.172	7290.450	415863	1402275	1
2021.03.15	16:00:00	7290.450	7314.383	7270.398	7271.692	124384	410015	1
2021.03.16	08:00:00	7284.629	7294.978	7195.366	7199.247	551829	1576844	1
2021.03.16	12:00:00	7198.600	7285.275	7198.600	7272.339	408073	1388224	1
2021.03.16	16:00:00	7272.339	7283.335	7256.168	7280.748	90870	315515	1
2021.03.17	08:00:00	7328.613	7355.780	7291.097	7307.915	532373	1455585	1
2021.03.17	12:00:00	7307.915	7331.201	7223.179	7228.354	423749	1350840	1
2021.03.17	16:00:00	7229.001	7249.700	7209.596	7226.414	115544	380475	1
2021.03.18	08:00:00	7125.508	7223.826	7089.285	7161.730	648374	1944892	1
2021.03.18	12:00:00	7161.084	7218.652	7149.441	7192.132	400040	1308058	1
2021.03.18	16:00:00	7192.132	7216.711	7183.076	7199.247	102794	337153	1
2021.03.19	08:00:00	7153.968	7183.723	7097.694	7117.746	601522	1745631	1
2021.03.19	12:00:00	7117.746	7128.095	7052.416	7087.991	382366	1372658	1
2021.03.19	16:00:00	7087.991	7114.512	7081.523	7104.809	103992	359566	1
2021.03.22	08:00:00	7128.095	7179.195	7111.277	7137.151	516049	1413834	1
2021.03.22	12:00:00	7137.151	7166.905	7115.805	7127.448	329629	1066450	1
2021.03.22	16:00:00	7127.448	7146.853	7117.746	7133.270	95246	312332	1
2021.03.23	08:00:00	7169.492	7183.723	7103.515	7106.750	566844	1683243	1
2021.03.23	12:00:00	7106.750	7119.039	7072.467	7109.337	389868	1328457	1
2021.03.23	16:00:00	7108.690	7159.790	7103.515	7150.734	161562	607246	1
2021.03.24	08:00:00	7128.095	7177.901	7105.456	7155.909	525648	1596053	1
2021.03.24	12:00:00	7156.556	7246.465	7139.091	7245.819	423633	1550555	1
2021.03.24	16:00:00	7245.819	7301.446	7237.410	7280.748	165680	645710	1
2021.03.25	08:00:00	7280.101	7351.252	7269.751	7301.446	570280	1697687	1
2021.03.25	12:00:00	7300.799	7352.546	7271.045	7343.490	429302	1468366	1
2021.03.25	16:00:00	7342.844	7343.490	7297.565	7310.502	104989	352563	1
2021.03.26	08:00:00	7314.383	7399.765	7303.387	7388.122	495711	1490057	1
2021.03.26	12:00:00	7387.475	7448.924	7373.891	7439.868	344483	1192627	1
2021.03.26	16:00:00	7439.868	7450.218	7421.757	7447.630	108447	359297	1
2021.03.29	08:00:00	7460.567	7511.667	7450.218	7508.433	465167	1339096	1
2021.03.29	12:00:00	7508.433	7511.667	7421.757	7483.853	401836	1230189	1
2021.03.29	16:00:00	7483.206	7485.794	7427.579	7481.266	135742	434795	1
2021.03.30	08:00:00	7482.559	7508.433	7439.868	7456.039	550631	1548434	1
2021.03.30	12:00:00	7455.392	7461.861	7402.352	7440.515	371815	1206346	1
2021.03.30	16:00:00	7441.162	7474.797	7427.579	7469.623	104821	347896	1
2021.03.31	08:00:00	7456.061	7462.519	7288.161	7290.744	548676	1639274	1
2021.03.31	12:00:00	7291.390	7369.528	7274.600	7298.494	440633	1449313	1
2021.03.31	16:00:00	7297.848	7298.494	7272.017	7285.578	115920	366276	1
2021.04.01	08:00:00	7277.829	7383.089	7253.935	7349.509	518418	1475983	1
2021.04.01	12:00:00	7349.509	7395.359	7342.406	7383.089	297902	916813	1
2021.04.01	16:00:00	7383.735	7409.566	7375.986	7385.673	103899	352676	1
2021.04.05	08:00:00	7334.011	7352.093	7286.870	7310.763	493390	1314615	1
2021.04.05	12:00:00	7311.409	7345.635	7297.202	7334.011	322380	1003672	1
2021.04.05	16:00:00	7334.657	7350.155	7325.616	7325.616	104984	347685	1
2021.04.06	08:00:00	7329.491	7334.011	7255.873	7261.685	529419	1461370	1
2021.04.06	12:00:00	7261.685	7279.766	7210.669	7244.895	347439	1164747	1
2021.04.06	16:00:00	7244.895	7251.998	7222.938	7231.979	105022	361362	1
2021.04.07	08:00:00	7228.750	7250.707	7176.443	7188.067	593743	1647369	1
2021.04.07	12:00:00	7188.713	7294.619	7185.484	7286.870	452819	1408160	1
2021.04.07	16:00:00	7287.516	7313.992	7255.873	7265.559	135586	460450	1
2021.04.08	08:00:00	7251.998	7264.914	7204.857	7221.647	574316	1568143	1
2021.04.08	12:00:00	7221.647	7248.124	7162.882	7202.274	423415	1282729	1
2021.04.08	16:00:00	7202.920	7221.647	7195.816	7204.857	90685	294933	1
2021.04.09	08:00:00	7239.083	7306.243	7232.625	7297.202	503768	1442111	1
2021.04.09	12:00:00	7297.202	7348.218	7292.682	7341.114	349305	1111899	1
2021.04.09	16:00:00	7341.114	7357.904	7328.845	7357.904	105659	345789	1
2021.04.12	08:00:00	7341.114	7341.114	7281.058	7321.096	463394	1349683	1
2021.04.12	12:00:00	7321.096	7425.065	7317.221	7407.629	411042	1299186	1
2021.04.12	16:00:00	7407.629	7419.898	7377.923	7417.315	136285	439510	1
2021.04.13	08:00:00	7414.086	7443.146	7356.613	7390.839	640961	1806143	1
2021.04.13	12:00:00	7390.839	7400.525	7321.741	7361.779	440490	1491031	1
2021.04.13	16:00:00	7362.425	7401.817	7356.613	7391.484	126932	448653	1
2021.04.14	08:00:00	7372.111	7415.378	7330.782	7347.572	616071	1716534	1
2021.04.14	12:00:00	7348.218	7365.008	7323.033	7363.071	409912	1401711	1
2021.04.14	16:00:00	7362.425	7368.237	7299.139	7312.701	147383	501221	1
2021.04.15	08:00:00	7308.826	7321.096	7234.562	7273.954	607117	1762145	1
2021.04.15	12:00:00	7274.600	7279.120	7243.603	7260.393	352532	1136346	1
2021.04.15	16:00:00	7260.393	7282.349	7253.290	7261.039	98031	317652	1
2021.04.16	08:00:00	7258.456	7338.531	7257.164	7268.142	559247	1638203	1
2021.04.16	12:00:00	7268.142	7273.309	7195.170	7211.315	407422	1385217	1
2021.04.16	16:00:00	7211.960	7228.750	7210.023	7221.647	80945	272840	1
2021.04.19	08:00:00	7200.982	7266.205	7161.590	7172.568	685991	1935095	1
2021.04.19	12:00:00	7172.568	7205.503	7144.155	7177.735	411700	1325235	1
2021.04.19	16:00:00	7177.735	7198.399	7159.007	7166.756	103316	329639	1
2021.04.20	08:00:00	7195.170	7222.293	7111.866	7122.844	666062	1892715	1
2021.04.20	12:00:00	7122.844	7191.942	7117.678	7184.838	409215	1289505	1
2021.04.20	16:00:00	7184.838	7200.982	7166.111	7197.108	132863	407902	1
2021.04.22	08:00:00	7178.380	7185.484	7080.223	7105.408	641495	1930405	1
2021.04.22	12:00:00	7105.408	7125.427	7053.747	7064.079	492831	1582721	1
2021.04.22	16:00:00	7063.433	7069.891	7027.270	7036.311	159954	554464	1
2021.04.23	08:00:00	7015.646	7093.784	7009.189	7089.910	617718	1739845	1
2021.04.23	12:00:00	7089.264	7137.051	7077.640	7098.305	400365	1287333	1
2021.04.23	16:00:00	7098.305	7109.929	7073.766	7074.411	75704	251873	1
2021.04.26	08:00:00	7049.226	7093.139	7026.624	7047.289	598169	1690134	1
2021.04.26	12:00:00	7047.289	7063.433	7029.853	7045.997	304450	987579	1
2021.04.26	16:00:00	7045.352	7053.747	7019.521	7024.687	114985	387624	1
2021.04.27	08:00:00	7027.270	7060.850	6996.919	7025.979	624681	1740499	1
2021.04.27	12:00:00	7025.979	7063.433	6989.815	7062.788	428529	1408708	1
2021.04.27	16:00:00	7062.788	7063.433	7040.831	7042.769	102389	328410	1
2021.04.28	08:00:00	7042.769	7049.226	6957.527	6984.004	604298	1853356	1
2021.04.28	12:00:00	6983.358	7002.085	6919.427	6928.467	473695	1654133	1
2021.04.28	16:00:00	6927.822	6942.029	6902.637	6904.574	134578	449732	1
2021.04.29	08:00:00	6910.386	6948.486	6902.637	6914.906	577973	1741585	1
2021.04.29	12:00:00	6915.552	6943.320	6907.803	6911.032	329917	1104836	1
2021.04.29	16:00:00	6911.032	6923.301	6878.097	6896.179	123282	426626	1
2021.04.30	08:00:00	6923.905	7021.271	6896.824	7018.692	504002	1630793	1
2021.04.30	12:00:00	7018.692	7042.549	6989.675	7019.336	371082	1347759	1
2021.04.30	16:00:00	7019.336	7040.615	7012.888	7031.588	103674	381790	1
2021.05.03	08:00:00	6999.992	7052.221	6972.910	6981.938	629268	1802950	1
2021.05.03	12:00:00	6981.938	7003.861	6946.474	6993.544	358518	1114298	1
2021.05.03	16:00:00	6993.544	7044.484	6991.610	7032.877	136803	441474	1
2021.05.04	08:00:00	7059.314	7088.330	7017.402	7057.380	631329	1782441	1
2021.05.04	12:00:00	7057.380	7059.314	6994.834	7027.074	392138	1247769	1
2021.05.04	16:00:00	7026.429	7040.615	7005.795	7040.615	93120	305945	1
2021.05.05	08:00:00	7029.008	7038.036	6949.698	6967.107	594536	1761893	1
2021.05.05	12:00:00	6967.107	6978.714	6920.681	6928.419	350037	1217716	1
2021.05.05	16:00:00	6929.064	6946.474	6916.813	6919.392	101030	364826	1
2021.05.06	08:00:00	6909.720	6946.474	6796.234	6797.524	731217	2289609	1
2021.05.06	12:00:00	6796.879	6846.529	6794.945	6826.540	395405	1353285	1
2021.05.06	16:00:00	6826.540	6832.988	6805.906	6822.671	80531	298459	1
2021.05.07	08:00:00	6825.250	6842.015	6724.016	6726.595	698113	2120360	1
2021.05.07	12:00:00	6726.595	6769.152	6724.661	6754.967	328629	1101658	1
2021.05.07	16:00:00	6754.322	6769.797	6745.295	6769.797	92647	321511	1
2021.05.10	08:00:00	6768.508	6785.917	6714.344	6736.267	647550	1862189	1
2021.05.10	12:00:00	6735.623	6783.338	6732.399	6769.797	387428	1227214	1
2021.05.10	16:00:00	6769.152	6771.087	6747.229	6749.808	91607	298306	1
2021.05.11	08:00:00	6767.218	6823.316	6740.781	6764.639	674212	2006670	1
2021.05.11	12:00:00	6765.284	6770.442	6722.082	6752.388	357850	1193677	1
2021.05.11	16:00:00	6752.388	6760.770	6735.623	6746.584	103030	345245	1
2021.05.12	08:00:00	6762.060	6799.458	6731.109	6764.639	687661	2036608	1
2021.05.12	12:00:00	6763.994	6833.633	6753.677	6828.474	455491	1571734	1
2021.05.12	16:00:00	6828.474	6871.031	6826.540	6855.556	137943	516577	1
2021.05.13	08:00:00	6849.753	6873.611	6784.628	6816.868	694838	2037475	1
2021.05.13	12:00:00	6816.868	6887.796	6800.103	6840.726	461529	1511098	1
2021.05.13	16:00:00	6841.370	6866.518	6831.698	6853.622	116098	401346	1
2021.05.14	08:00:00	6828.474	6840.726	6787.207	6796.879	568307	1683722	1
2021.05.14	12:00:00	6796.879	6820.737	6773.666	6797.524	309647	1063412	1
2021.05.14	16:00:00	6798.169	6818.802	6796.234	6809.130	71926	259941	1
2021.05.17	08:00:00	6828.474	6869.742	6781.404	6782.049	580236	1729175	1
2021.05.17	12:00:00	6782.693	6803.972	6773.666	6786.562	281951	993030	1
2021.05.17	16:00:00	6787.207	6814.289	6785.917	6813.644	86980	325469	1
2021.05.18	08:00:00	6796.234	6818.802	6766.573	6794.945	577511	1669064	1
2021.05.18	12:00:00	6794.945	6797.524	6753.677	6782.693	380614	1306567	1
2021.05.18	16:00:00	6782.693	6794.945	6770.442	6792.365	87199	295918	1
2021.05.19	08:00:00	6825.250	6849.753	6801.393	6834.278	538989	1597291	1
2021.05.19	12:00:00	6834.278	6872.966	6789.786	6866.518	428984	1440579	1
2021.05.19	16:00:00	6867.163	6875.545	6854.267	6858.135	99386	357565	1
2021.05.20	08:00:00	6847.819	6851.043	6816.223	6834.922	445282	1404067	1
2021.05.20	12:00:00	6834.922	6840.726	6809.775	6813.644	246800	935984	1
2021.05.20	16:00:00	6812.999	6823.316	6802.682	6821.382	77050	293535	1
2021.05.21	08:00:00	6822.026	6865.873	6803.327	6854.911	513131	1648891	1
2021.05.21	12:00:00	6854.911	6911.654	6851.687	6911.009	323072	1169039	1
2021.05.21	16:00:00	6910.364	6932.288	6898.113	6921.971	81898	309754	1
2021.05.24	08:00:00	6918.747	6936.157	6855.556	6863.294	409930	1313283	1
2021.05.24	12:00:00	6862.649	6878.769	6852.977	6865.228	231640	824158	1
2021.05.24	16:00:00	6864.583	6874.255	6857.491	6861.359	80281	303031	1
2021.05.25	08:00:00	6852.977	6871.031	6831.054	6849.753	474420	1477427	1
2021.05.25	12:00:00	6849.753	6880.059	6840.081	6878.769	270289	958747	1
2021.05.25	16:00:00	6879.414	6899.403	6878.124	6878.124	98386	372816	1
2021.05.26	08:00:00	6869.097	6891.665	6838.791	6847.819	504027	1622821	1
2021.05.26	12:00:00	6847.819	6865.228	6821.382	6858.135	284215	1035217	1
2021.05.26	16:00:00	6857.491	6860.715	6844.594	6853.622	67730	259166	1
2021.05.27	08:00:00	6843.950	6852.332	6785.917	6789.141	542988	1810290	1
2021.05.27	12:00:00	6789.786	6807.841	6758.191	6760.125	351143	1361579	1
2021.05.27	16:00:00	6760.125	6783.338	6753.032	6754.967	90274	394730	1
2021.05.28	08:00:00	6780.759	6784.628	6732.399	6736.267	389897	1174662	1
2021.05.28	12:00:00	6736.267	6750.453	6720.147	6724.661	239334	824932	1
2021.05.28	16:00:00	6725.306	6742.071	6718.858	6740.781	78273	304405	1
2021.05.31	08:00:00	6738.211	6770.983	6699.013	6762.629	354565	1132401	1
2021.05.31	12:00:00	6762.629	6781.907	6718.933	6732.427	245705	859897	1
2021.05.31	16:00:00	6732.427	6736.925	6721.503	6724.716	57487	224242	1
2021.06.01	08:00:00	6700.298	6711.222	6631.541	6639.894	556255	1816682	1
2021.06.01	12:00:00	6639.894	6663.670	6639.252	6646.320	285563	1016349	1
2021.06.01	16:00:00	6646.320	6648.891	6623.829	6637.324	108846	408506	1
2021.06.02	08:00:00	6644.392	6666.883	6557.643	6558.928	621323	2165606	1
2021.06.02	12:00:00	6558.928	6566.639	6528.726	6544.148	382870	1529218	1
2021.06.02	16:00:00	6544.791	6565.354	6535.152	6539.650	126552	544914	1
2021.06.04	08:00:00	6582.704	6585.274	6510.733	6528.083	512175	1691164	1
2021.06.04	12:00:00	6528.083	6555.715	6483.102	6497.239	328277	1167196	1
2021.06.04	16:00:00	6497.239	6515.874	6483.102	6503.022	87739	337323	1
2021.06.07	08:00:00	6492.741	6531.296	6478.604	6506.235	540240	1604596	1
2021.06.07	12:00:00	6506.235	6510.733	6464.467	6486.315	348482	1196619	1
2021.06.07	16:00:00	6486.958	6515.874	6483.745	6513.304	104524	428294	1
2021.06.08	08:00:00	6496.596	6528.726	6475.391	6486.315	539443	1687340	1
2021.06.08	12:00:00	6486.958	6503.022	6468.322	6486.315	337602	1195773	1
2021.06.08	16:00:00	6486.315	6499.167	6483.102	6486.958	77496	278177	1
2021.06.09	08:00:00	6472.178	6515.874	6464.467	6513.946	526819	1641471	1
2021.06.09	12:00:00	6514.589	6549.931	6508.806	6520.372	351038	1284464	1
2021.06.09	16:00:00	6520.372	6535.152	6517.802	6521.657	73698	281922	1
2021.06.10	08:00:00	6519.087	6534.509	6480.532	6534.509	593907	1905288	1
2021.06.10	12:00:00	6534.509	6557.000	6522.943	6531.296	305979	1122804	1
2021.06.10	16:00:00	6531.939	6539.007	6510.091	6511.376	90212	334082	1
2021.06.11	08:00:00	6503.022	6609.050	6502.380	6603.909	512582	1616343	1
2021.06.11	12:00:00	6603.909	6617.404	6582.061	6583.989	261715	931485	1
2021.06.11	16:00:00	6583.346	6605.837	6583.346	6591.700	76424	297727	1
2021.06.14	08:00:00	6573.707	6581.418	6515.874	6517.802	422718	1420457	1
2021.06.14	12:00:00	6517.802	6540.293	6508.806	6529.369	253713	950041	1
2021.06.14	16:00:00	6529.369	6537.080	6513.304	6515.874	70582	287811	1
2021.06.15	08:00:00	6519.730	6571.780	6508.806	6539.650	568790	1797276	1
2021.06.15	12:00:00	6539.007	6559.570	6486.958	6491.456	338606	1239600	1
2021.06.15	16:00:00	6492.098	6499.809	6488.885	6491.456	73032	295907	1
2021.06.16	08:00:00	6504.307	6509.448	6453.543	6456.113	482942	1564432	1
2021.06.16	12:00:00	6455.471	6540.935	6427.197	6515.232	600468	2252789	1
2021.06.16	16:00:00	6515.232	6519.730	6487.600	6506.878	129532	499763	1
2021.06.17	08:00:00	6522.300	6533.224	6456.756	6463.182	623347	2074767	1
2021.06.17	12:00:00	6463.182	6490.813	6445.189	6472.821	326640	1158384	1
2021.06.17	16:00:00	6472.821	6476.033	6443.261	6443.261	74674	287644	1
2021.06.18	08:00:00	6443.261	6507.520	6410.489	6479.246	719492	2432832	1
2021.06.18	12:00:00	6479.246	6541.578	6476.676	6520.372	380993	1336203	1
2021.06.18	16:00:00	6520.372	6574.350	6507.520	6548.646	117994	475360	1
2021.06.21	08:00:00	6526.798	6538.365	6475.391	6481.817	464760	1467835	1
2021.06.21	12:00:00	6481.817	6488.885	6454.185	6458.684	276576	940352	1
2021.06.21	16:00:00	6459.326	6468.322	6449.045	6450.330	74809	268159	1
2021.06.22	08:00:00	6450.330	6490.170	6439.406	6449.687	583778	1993207	1
2021.06.22	12:00:00	6450.330	6458.684	6404.063	6406.634	383209	1416093	1
2021.06.22	16:00:00	6406.634	6411.132	6375.789	6375.789	129916	469823	1
2021.06.23	08:00:00	6382.858	6404.706	6352.013	6387.999	621096	2009574	1
2021.06.23	12:00:00	6387.999	6402.778	6349.443	6389.926	416138	1544741	1
2021.06.23	16:00:00	6389.926	6394.424	6377.717	6387.356	84990	324645	1
2021.06.24	08:00:00	6385.428	6387.999	6330.808	6336.591	534176	1761941	1
2021.06.24	12:00:00	6336.591	6343.017	6303.819	6321.169	336936	1330827	1
2021.06.24	16:00:00	6321.169	6322.454	6298.036	6321.169	98158	409535	1
2021.06.25	08:00:00	6318.599	6341.732	6291.610	6339.804	516566	1716165	1
2021.06.25	12:00:00	6339.804	6396.352	6332.093	6369.363	361490	1338056	1
2021.06.25	16:00:00	6369.363	6382.215	6337.234	6344.302	103465	406143	1
2021.06.28	08:00:00	6362.937	6391.854	6333.378	6348.158	486758	1608986	1
2021.06.28	12:00:00	6348.158	6383.500	6334.663	6335.306	302705	1064167	1
2021.06.28	16:00:00	6335.306	6341.089	6321.812	6334.663	94118	349398	1
2021.06.29	08:00:00	6352.656	6389.284	6338.519	6361.010	492067	1584683	1
2021.06.29	12:00:00	6361.010	6364.865	6325.667	6353.299	262033	939883	1
2021.06.29	16:00:00	6353.941	6374.504	6343.660	6370.006	69303	273742	1
2021.06.30	08:00:00	6378.978	6457.802	6366.802	6451.393	516847	1729502	1
2021.06.30	12:00:00	6451.393	6459.724	6402.048	6403.971	295481	1125441	1
2021.06.30	16:00:00	6403.971	6412.302	6386.668	6391.795	80348	315510	1
2021.07.01	08:00:00	6381.541	6457.802	6359.752	6444.344	591785	1947900	1
2021.07.01	12:00:00	6444.985	6489.844	6443.703	6474.464	347219	1261520	1
2021.07.01	16:00:00	6473.823	6498.175	6471.260	6487.281	100792	369376	1
2021.07.02	08:00:00	6473.823	6521.886	6410.379	6494.330	622461	2081296	1
2021.07.02	12:00:00	6494.971	6514.837	6463.569	6485.999	284265	986521	1
2021.07.02	16:00:00	6485.999	6509.069	6481.513	6503.943	69740	262100	1
2021.07.05	08:00:00	6498.175	6536.626	6488.562	6530.217	388835	1114463	1
2021.07.05	12:00:00	6530.217	6546.238	6507.147	6531.499	257857	786689	1
2021.07.05	16:00:00	6532.140	6555.210	6531.499	6544.957	65473	207063	1
2021.07.06	08:00:00	6526.372	6684.020	6523.809	6682.098	671138	2131685	1
2021.07.06	12:00:00	6682.098	6691.710	6645.570	6684.020	422627	1315926	1
2021.07.06	16:00:00	6684.020	6705.168	6679.534	6680.816	113359	406266	1
2021.07.07	08:00:00	6657.105	6766.689	6643.647	6760.281	721372	2219799	1
2021.07.07	12:00:00	6759.640	6786.556	6689.788	6732.084	533477	1880721	1
2021.07.07	16:00:00	6732.084	6738.492	6707.091	6724.394	101030	333432	1
2021.07.08	08:00:00	6780.147	6827.570	6755.795	6791.682	719893	2255576	1
2021.07.08	12:00:00	6792.323	6792.964	6705.809	6752.591	438549	1529094	1
2021.07.08	16:00:00	6753.232	6762.203	6743.619	6757.077	71267	263102	1
2021.07.12	08:00:00	6750.027	6788.478	6694.915	6697.478	590349	1792554	1
2021.07.12	12:00:00	6697.478	6703.887	6647.492	6657.746	371214	1292571	1
2021.07.12	16:00:00	6657.105	6660.309	6632.753	6643.006	112316	419673	1
2021.07.13	08:00:00	6651.337	6707.732	6621.858	6634.675	660353	2075861	1
2021.07.13	12:00:00	6635.316	6662.232	6611.605	6636.598	386037	1383276	1
2021.07.13	16:00:00	6636.598	6657.746	6630.830	6631.471	86627	322926	1
2021.07.14	08:00:00	6617.372	6623.140	6506.506	6523.168	637265	2093390	1
2021.07.14	12:00:00	6523.809	6550.084	6510.992	6521.886	327096	1149270	1
2021.07.14	16:00:00	6521.886	6533.422	6510.992	6513.555	101232	370699	1
2021.07.15	08:00:00	6528.295	6562.260	6487.922	6551.365	662468	2008451	1
2021.07.15	12:00:00	6551.365	6597.506	6543.675	6589.816	390280	1323189	1
2021.07.15	16:00:00	6589.175	6591.739	6559.696	6566.105	82422	294784	1
2021.07.16	08:00:00	6554.569	6581.485	6516.119	6516.760	652623	2055138	1
2021.07.16	12:00:00	6517.400	6566.746	6513.555	6562.900	336928	1128564	1
2021.07.16	16:00:00	6563.541	6578.922	6560.978	6566.105	86047	318454	1
2021.07.19	08:00:00	6619.936	6687.865	6612.246	6682.739	711808	2028143	1
2021.07.19	12:00:00	6683.379	6745.541	6670.563	6742.337	415447	1340936	1
2021.07.19	16:00:00	6742.337	6748.105	6726.957	6739.133	113601	391052	1
2021.07.20	08:00:00	6725.675	6794.887	6712.218	6735.929	670462	2145820	1
2021.07.20	12:00:00	6735.288	6741.056	6675.689	6685.943	354034	1237481	1
2021.07.20	16:00:00	6686.584	6713.499	6683.379	6701.323	96235	344211	1
2021.07.21	08:00:00	6714.140	6771.816	6707.732	6741.696	623392	2018710	1
2021.07.21	12:00:00	6741.056	6755.795	6669.922	6673.126	409377	1431762	1
2021.07.21	16:00:00	6673.767	6674.408	6647.492	6655.823	96749	366119	1
2021.07.22	08:00:00	6649.415	6700.041	6630.189	6679.534	612997	1937304	1
2021.07.22	12:00:00	6679.534	6703.246	6653.901	6676.971	363491	1309061	1
2021.07.22	16:00:00	6677.612	6688.506	6666.717	6675.689	80356	302733	1
2021.07.23	08:00:00	6667.999	6668.640	6618.013	6626.985	479881	1521978	1
2021.07.23	12:00:00	6627.626	6706.450	6616.732	6696.837	329212	1212036	1
2021.07.23	16:00:00	6696.837	6712.218	6667.358	6671.203	92690	338595	1
2021.07.26	08:00:00	6658.386	6707.732	6622.499	6634.675	551696	1764820	1
2021.07.26	12:00:00	6634.034	6645.570	6606.478	6641.724	301613	1088344	1
2021.07.26	16:00:00	6641.724	6648.774	6633.393	6639.161	70246	264634	1
2021.07.27	08:00:00	6659.668	6675.689	6614.809	6621.858	596155	1871282	1
2021.07.27	12:00:00	6621.217	6648.133	6603.274	6644.288	314894	1119903	1
2021.07.27	16:00:00	6644.288	6644.929	6628.267	6628.908	65715	256006	1
2021.07.28	08:00:00	6630.830	6638.520	6575.077	6626.985	542583	1758395	1
2021.07.28	12:00:00	6626.985	6657.746	6560.337	6571.231	451878	1600297	1
2021.07.28	16:00:00	6570.591	6574.436	6544.957	6562.900	108573	406065	1
2021.07.29	08:00:00	6520.605	6526.372	6485.999	6487.922	479463	1587530	1
2021.07.29	12:00:00	6487.281	6512.915	6461.647	6489.844	312935	1216085	1
2021.07.29	16:00:00	6489.844	6516.760	6489.203	6510.992	90323	366105	1
2021.07.30	08:00:00	6507.801	6602.256	6507.801	6597.788	482436	1560695	1
2021.07.30	12:00:00	6598.426	6662.247	6583.748	6653.312	313519	1161308	1
2021.07.30	16:00:00	6652.674	6700.540	6648.207	6680.755	140846	549710	1
2021.08.02	08:00:00	6650.121	6655.865	6564.601	6577.366	513683	1603694	1
2021.08.02	12:00:00	6577.366	6615.658	6553.114	6608.638	369990	1254502	1
2021.08.02	16:00:00	6608.638	6687.137	6600.979	6625.231	167236	603437	1
2021.08.03	08:00:00	6620.764	6757.340	6615.658	6732.450	708046	2152766	1
2021.08.03	12:00:00	6732.450	6735.641	6660.971	6668.629	426683	1394860	1
2021.08.03	16:00:00	6668.629	6669.267	6634.804	6661.609	121742	427179	1
2021.08.04	08:00:00	6642.463	6708.836	6616.934	6683.946	747541	2238172	1
2021.08.04	12:00:00	6683.946	6720.324	6632.890	6646.930	394892	1286415	1
2021.08.04	16:00:00	6646.930	6655.865	6620.764	6622.678	89895	316527	1
2021.08.05	08:00:00	6563.963	6616.934	6546.093	6581.833	673167	2095784	1
2021.08.05	12:00:00	6581.833	6693.519	6578.642	6669.906	485013	1641164	1
2021.08.05	16:00:00	6669.906	6735.003	6654.589	6725.430	144548	539295	1
2021.08.06	08:00:00	6699.901	6755.425	6665.438	6714.580	719373	2185510	1
2021.08.06	12:00:00	6714.580	6724.153	6670.544	6715.857	367077	1158311	1
2021.08.06	16:00:00	6715.218	6731.812	6696.710	6699.263	107957	351097	1
2021.08.09	08:00:00	6694.796	6784.145	6689.690	6777.763	710504	2093412	1
2021.08.09	12:00:00	6777.124	6784.145	6676.288	6707.560	456494	1498095	1
2021.08.09	16:00:00	6706.922	6719.686	6700.540	6701.178	99991	320524	1
2021.08.10	08:00:00	6703.731	6737.556	6674.373	6680.117	816142	2389204	1
2021.08.10	12:00:00	6680.755	6690.328	6637.995	6652.674	447302	1445196	1
2021.08.10	16:00:00	6652.674	6664.162	6643.739	6643.739	89294	289278	1
2021.08.11	08:00:00	6650.759	6699.901	6609.276	6673.735	743639	2312943	1
2021.08.11	12:00:00	6673.735	6687.137	6656.503	6679.479	334522	1175786	1
2021.08.11	16:00:00	6679.479	6696.072	6676.926	6691.605	98993	311432	1
2021.08.12	08:00:00	6679.479	6722.877	6670.544	6708.836	607805	1750867	1
2021.08.12	12:00:00	6709.474	6727.344	6666.076	6722.239	388015	1209595	1
2021.08.12	16:00:00	6721.600	6733.088	6714.580	6722.877	104820	346351	1
2021.08.13	08:00:00	6707.560	6757.340	6690.328	6714.580	620755	1905730	1
2021.08.13	12:00:00	6715.218	6719.048	6678.841	6710.113	351608	1222993	1
2021.08.13	16:00:00	6710.113	6721.600	6699.901	6716.495	75196	264659	1
2021.08.16	08:00:00	6747.129	6776.486	6688.414	6697.349	567348	1728764	1
2021.08.16	12:00:00	6697.349	6746.490	6695.434	6742.023	362679	1218595	1
2021.08.16	16:00:00	6741.385	6763.722	6725.430	6727.982	121405	426521	1
2021.08.17	08:00:00	6754.149	6777.124	6708.198	6717.133	662456	1997833	1
2021.08.17	12:00:00	6717.133	6782.868	6696.072	6740.747	513873	1800440	1
2021.08.17	16:00:00	6740.747	6776.486	6729.897	6773.933	113817	367782	1
2021.08.18	08:00:00	6758.616	6807.758	6728.621	6787.974	646956	1932600	1
2021.08.18	12:00:00	6787.974	6854.348	6784.145	6851.157	515313	1680462	1
2021.08.18	16:00:00	6851.157	6902.213	6840.945	6892.002	160977	578474	1
2021.08.19	08:00:00	6926.465	6974.969	6883.705	6926.465	754742	2308944	1
2021.08.19	12:00:00	6927.103	6951.993	6876.685	6934.762	489467	1663945	1
2021.08.19	16:00:00	6935.400	6943.697	6905.404	6920.083	117355	383504	1
2021.08.20	08:00:00	6956.461	6998.582	6915.615	6918.168	606708	1782700	1
2021.08.20	12:00:00	6918.806	6926.465	6883.705	6887.534	346345	1096890	1
2021.08.20	16:00:00	6887.534	6908.595	6858.177	6871.579	148468	477345	1
2021.08.23	08:00:00	6856.900	6886.258	6830.734	6867.750	599725	1699946	1
2021.08.23	12:00:00	6867.750	6903.490	6862.006	6870.941	393804	1243351	1
2021.08.23	16:00:00	6870.303	6890.087	6861.368	6876.047	106979	345149	1
2021.08.24	08:00:00	6852.433	6855.624	6735.003	6743.938	621942	2007278	1
2021.08.24	12:00:00	6743.938	6745.852	6705.007	6708.198	345490	1229465	1
2021.08.24	16:00:00	6708.836	6725.430	6702.454	6709.474	98567	363797	1
2021.08.25	08:00:00	6728.621	6733.088	6676.288	6701.816	628317	1943665	1
2021.08.25	12:00:00	6702.454	6712.665	6650.759	6652.674	374994	1267134	1
2021.08.25	16:00:00	6652.674	6669.267	6650.759	6660.332	79981	280261	1
2021.08.26	08:00:00	6673.097	6713.304	6662.247	6705.007	507380	1514763	1
2021.08.26	12:00:00	6705.007	6720.324	6687.775	6716.495	284566	968837	1
2021.08.26	16:00:00	6716.495	6727.344	6701.178	6722.877	119907	420941	1
2021.08.27	08:00:00	6712.027	6718.409	6648.207	6652.674	584135	1817502	1
2021.08.27	12:00:00	6652.036	6659.056	6623.316	6629.060	306552	1081403	1
2021.08.27	16:00:00	6629.699	6655.865	6627.146	6645.016	82777	313624	1
2021.08.30	08:00:00	6637.357	6672.458	6616.296	6620.125	504859	1515287	1
2021.08.30	12:00:00	6620.125	6638.633	6613.105	6622.040	289206	997159	1
2021.08.30	16:00:00	6622.040	6631.613	6616.934	6618.211	72883	257586	1
2021.08.31	08:00:00	6616.305	6632.823	6528.630	6532.442	538401	1670558	1
2021.08.31	12:00:00	6532.442	6605.504	6530.536	6594.068	367604	1288173	1
2021.08.31	16:00:00	6594.704	6615.034	6569.291	6571.832	98842	360894	1
2021.09.01	08:00:00	6578.185	6597.880	6559.761	6578.185	522449	1639259	1
2021.09.01	12:00:00	6578.185	6618.846	6568.655	6590.892	358432	1223839	1
2021.09.01	16:00:00	6591.527	6631.553	6589.621	6616.940	108327	374921	1
2021.09.02	08:00:00	6599.786	6632.823	6558.490	6561.667	590365	1824589	1
2021.09.02	12:00:00	6562.302	6622.023	6559.761	6612.493	366583	1391409	1
2021.09.02	16:00:00	6613.128	6625.199	6601.692	6609.952	104782	397809	1
2021.09.03	08:00:00	6597.880	6620.117	6543.877	6597.245	612633	1984984	1
2021.09.03	12:00:00	6597.245	6620.117	6586.444	6610.587	256200	925113	1
2021.09.03	16:00:00	6610.587	6632.823	6606.775	6629.011	83141	318895	1
2021.09.06	08:00:00	6616.940	6646.165	6585.174	6587.080	342697	1024344	1
2021.09.06	12:00:00	6587.715	6597.880	6573.103	6595.974	158376	508920	1
2021.09.06	16:00:00	6595.974	6602.328	6589.621	6593.433	48690	172412	1
2021.09.08	08:00:00	6622.023	6742.100	6620.752	6731.935	599819	1904660	1
2021.09.08	12:00:00	6731.935	6772.596	6717.322	6768.784	451571	1671641	1
2021.09.08	16:00:00	6768.784	6799.915	6766.242	6778.949	126562	496981	1
2021.09.09	08:00:00	6762.430	6799.915	6706.521	6717.322	712555	2305830	1
2021.09.09	12:00:00	6717.322	6790.385	6710.333	6761.160	393887	1458968	1
2021.09.09	16:00:00	6761.160	6767.513	6620.752	6641.083	229222	793526	1
2021.09.10	08:00:00	6580.726	6677.932	6574.373	6660.778	579942	1833808	1
2021.09.10	12:00:00	6661.413	6712.239	6646.801	6693.815	349517	1196071	1
2021.09.10	16:00:00	6693.815	6717.957	6684.285	6693.815	91528	335321	1
2021.09.13	08:00:00	6674.755	6679.838	6630.282	6639.177	607501	1780267	1
2021.09.13	12:00:00	6639.812	6672.849	6627.741	6667.131	302394	1008694	1
2021.09.13	16:00:00	6667.766	6672.214	6644.895	6649.977	75245	263037	1
2021.09.14	08:00:00	6670.943	6691.909	6623.293	6666.496	590003	1805910	1
2021.09.14	12:00:00	6665.860	6691.274	6642.353	6686.826	300786	1016867	1
2021.09.14	16:00:00	6686.826	6706.521	6670.943	6687.462	98457	328133	1
2021.09.15	08:00:00	6677.296	6714.781	6662.684	6692.544	565501	1948490	1
2021.09.15	12:00:00	6692.544	6703.980	6672.214	6687.462	276973	979662	1
2021.09.15	16:00:00	6688.097	6691.274	6641.718	6660.142	100678	363263	1
2021.09.16	08:00:00	6670.943	6721.769	6662.684	6691.909	492460	1632148	1
2021.09.16	12:00:00	6691.274	6724.311	6680.473	6707.157	242976	870469	1
2021.09.16	16:00:00	6707.792	6718.593	6690.003	6690.003	81824	287074	1
2021.09.17	08:00:00	6691.909	6808.174	6685.556	6768.784	567757	2074294	1
2021.09.17	12:00:00	6769.419	6771.960	6720.499	6730.664	325710	1242099	1
2021.09.17	16:00:00	6730.029	6742.735	6714.145	6731.299	88483	331167	1
2021.09.20	08:00:00	6773.866	6806.268	6754.806	6785.302	563513	1637050	1
2021.09.20	12:00:00	6785.302	6834.222	6764.972	6829.140	388951	1270281	1
2021.09.20	16:00:00	6829.140	6845.658	6775.137	6780.219	141271	477828	1
2021.09.21	08:00:00	6760.524	6792.926	6737.652	6766.878	543507	1581120	1
2021.09.21	12:00:00	6766.878	6778.313	6698.262	6704.615	369912	1296438	1
2021.09.21	16:00:00	6705.251	6734.476	6700.803	6705.886	89641	324815	1
2021.09.22	08:00:00	6686.191	6733.841	6680.473	6723.675	400188	1261152	1
2021.09.22	12:00:00	6723.040	6768.784	6683.014	6754.806	416021	1420119	1
2021.09.22	16:00:00	6754.806	6766.242	6727.487	6732.570	128889	427953	1
2021.09.23	08:00:00	6693.815	6754.806	6687.462	6724.946	499220	1622477	1
2021.09.23	12:00:00	6724.946	6752.900	6720.499	6744.006	249365	893326	1
2021.09.23	16:00:00	6744.641	6757.983	6741.464	6749.088	73018	272854	1
2021.09.24	08:00:00	6759.889	6810.715	6759.889	6803.727	430400	1439440	1
2021.09.24	12:00:00	6803.091	6808.174	6778.949	6788.479	224050	786927	1
2021.09.24	16:00:00	6788.479	6804.997	6783.396	6789.114	63490	231411	1
2021.09.27	08:00:00	6767.513	6806.268	6749.088	6799.915	519077	1817147	1
2021.09.27	12:00:00	6800.550	6852.012	6798.009	6845.658	304511	1150706	1
2021.09.27	16:00:00	6845.658	6860.271	6823.422	6855.823	98078	422308	1
2021.09.28	08:00:00	6872.342	6911.732	6850.106	6908.556	571267	2076035	1
2021.09.28	12:00:00	6909.191	6930.157	6891.402	6899.661	309225	1155287	1
2021.09.28	16:00:00	6899.661	6914.909	6892.037	6900.932	94297	345326	1
2021.09.29	08:00:00	6874.248	6919.992	6874.248	6893.308	500621	1613389	1
2021.09.29	12:00:00	6893.943	6921.262	6848.835	6901.567	366621	1399912	1
2021.09.29	16:00:00	6900.932	6904.744	6877.425	6877.425	78545	302409	1
2021.09.30	08:00:00	6871.099	6938.147	6821.763	6924.231	584533	2168997	1
2021.09.30	12:00:00	6923.599	6957.755	6879.322	6920.436	392725	1553942	1
2021.09.30	16:00:00	6920.436	6936.249	6904.623	6916.641	91013	353841	1
2021.10.01	08:00:00	6885.015	6902.093	6826.823	6847.696	518399	1723780	1
2021.10.01	12:00:00	6847.696	6849.594	6800.889	6809.112	297851	1068470	1
2021.10.01	16:00:00	6809.112	6831.250	6807.847	6814.805	90608	356168	1
2021.10.04	08:00:00	6842.003	6912.213	6825.558	6906.521	469706	1436420	1
2021.10.04	12:00:00	6905.888	6920.436	6897.665	6916.009	268702	949957	1
2021.10.04	16:00:00	6916.009	6934.984	6910.948	6933.719	103234	405348	1
2021.10.05	08:00:00	6894.503	6953.327	6890.075	6945.105	522427	1624335	1
2021.10.05	12:00:00	6945.105	6957.123	6907.786	6948.900	291057	1013021	1
2021.10.05	16:00:00	6948.900	6971.038	6936.882	6959.020	102701	352195	1
2021.10.06	08:00:00	7002.032	7017.845	6969.140	6984.321	590470	1943905	1
2021.10.06	12:00:00	6984.954	7031.128	6952.695	6964.713	368811	1349708	1
2021.10.06	16:00:00	6964.080	6981.158	6955.225	6973.568	79679	294806	1
2021.10.07	08:00:00	6947.002	7017.845	6941.942	6997.604	522156	1701133	1
2021.10.07	12:00:00	6996.972	7013.417	6965.345	6986.219	310558	1216575	1
2021.10.07	16:00:00	6986.219	7008.989	6980.526	7006.459	86362	359666	1
2021.10.08	08:00:00	6981.791	7019.110	6950.165	6998.237	563923	1780582	1
2021.10.08	12:00:00	6998.869	7020.375	6984.321	6993.809	271685	1055792	1
2021.10.08	16:00:00	6993.809	7008.357	6985.586	6995.074	80175	343097	1
2021.10.11	08:00:00	6979.261	7014.050	6969.140	7010.887	410067	1234127	1
2021.10.11	12:00:00	7010.254	7027.333	6991.911	7013.417	170781	589309	1
2021.10.11	16:00:00	7014.050	7035.555	7013.417	7026.700	62568	212106	1
2021.10.13	08:00:00	6998.869	7052.634	6990.646	7042.513	563839	1983846	1
2021.10.13	12:00:00	7042.513	7070.344	6976.098	6991.911	402791	1544481	1
2021.10.13	16:00:00	6991.279	7005.827	6983.056	6996.339	83023	326406	1
2021.10.14	08:00:00	6941.309	6989.381	6933.087	6975.466	507932	1768530	1
2021.10.14	12:00:00	6976.098	7014.682	6974.833	7000.767	295930	1113779	1
2021.10.14	16:00:00	7001.399	7006.459	6986.851	6992.544	71892	285268	1
2021.10.15	08:00:00	6959.020	6983.056	6890.708	6900.195	576342	2102000	1
2021.10.15	12:00:00	6900.195	6921.701	6891.340	6918.539	250195	1000567	1
2021.10.15	16:00:00	6918.539	6927.394	6912.213	6926.129	73043	319030	1
2021.10.18	08:00:00	6932.454	7026.700	6928.026	7013.417	540684	1863734	1
2021.10.18	12:00:00	7014.050	7017.212	6974.201	6983.056	279208	1092794	1
2021.10.18	16:00:00	6983.056	7000.767	6980.526	6988.116	79285	312420	1
2021.10.19	08:00:00	7027.333	7064.651	7016.580	7029.863	540077	1928202	1
2021.10.19	12:00:00	7029.863	7104.500	7028.598	7092.483	407685	1544921	1
2021.10.19	16:00:00	7093.115	7113.356	7054.531	7078.567	196666	813155	1
2021.10.20	08:00:00	7074.139	7089.320	7022.272	7033.658	548302	1868393	1
2021.10.20	12:00:00	7034.290	7050.103	6995.074	7021.007	347359	1266110	1
2021.10.20	16:00:00	7021.007	7098.808	7011.520	7092.483	125851	503396	1
2021.10.21	08:00:00	7174.711	7189.891	7121.579	7126.639	566426	1866233	1
2021.10.21	12:00:00	7127.271	7209.499	7126.639	7182.933	454280	1585592	1
2021.10.21	16:00:00	7182.301	7186.728	7145.614	7169.018	111710	384115	1
2021.10.22	08:00:00	7198.114	7260.101	7185.463	7255.673	648899	2166092	1
2021.10.22	12:00:00	7255.673	7289.197	7146.879	7158.897	548372	1895884	1
2021.10.22	16:00:00	7158.265	7165.223	7120.946	7157.000	116254	397892	1
2021.10.25	08:00:00	7161.428	7169.018	7067.814	7077.302	513244	1653854	1
2021.10.25	12:00:00	7077.934	7101.970	7015.315	7016.580	397585	1391620	1
2021.10.25	16:00:00	7016.580	7046.941	7012.152	7037.453	107427	380283	1
2021.10.26	08:00:00	7031.128	7080.465	7024.170	7058.959	537934	1700779	1
2021.10.26	12:00:00	7058.959	7098.808	7045.043	7046.308	353825	1209050	1
2021.10.26	16:00:00	7046.308	7064.651	7041.248	7047.573	75015	274738	1
2021.10.27	08:00:00	7050.103	7074.139	7007.724	7070.977	592165	1937759	1
2021.10.27	12:00:00	7071.609	7079.200	7024.170	7045.043	322526	1182862	1
2021.10.27	16:00:00	7045.043	7058.326	7007.724	7008.989	114286	414002	1
2021.10.28	08:00:00	7028.598	7117.151	7023.537	7109.561	577898	1905318	1
2021.10.28	12:00:00	7109.561	7131.699	7070.977	7108.296	384910	1405089	1
2021.10.28	16:00:00	7108.928	7167.120	7105.133	7143.084	134429	495220	1
2021.10.29	08:00:00	7129.253	7161.316	7101.591	7127.367	501914	1726482	1
2021.10.29	12:00:00	7127.367	7157.544	7077.701	7099.077	356897	1327040	1
2021.10.29	16:00:00	7099.077	7148.742	7095.305	7122.967	105482	382470	1
2021.11.01	08:00:00	7114.794	7181.434	7107.249	7177.033	368453	1180633	1
2021.11.01	12:00:00	7177.033	7190.864	7164.460	7164.460	237752	839606	1
2021.11.01	16:00:00	7164.460	7188.349	7163.202	7185.206	69818	265883	1
2021.11.03	08:00:00	7170.746	7202.180	7138.055	7157.544	539639	1748308	1
2021.11.03	12:00:00	7158.173	7172.632	7055.069	7060.098	451873	1535594	1
2021.11.03	16:00:00	7060.098	7075.815	7007.918	7019.234	140769	449169	1
2021.11.04	08:00:00	7036.837	7099.705	7028.664	7055.069	502918	1596022	1
2021.11.04	12:00:00	7055.069	7107.249	7049.411	7102.220	360772	1216124	1
2021.11.04	16:00:00	7102.849	7109.764	7066.385	7080.216	85654	306107	1
2021.11.05	08:00:00	7071.415	7082.731	6975.226	6996.601	538182	1607773	1
2021.11.05	12:00:00	6996.601	7007.289	6950.079	6963.910	297670	1017828	1
2021.11.05	16:00:00	6963.281	7002.888	6957.623	6997.859	94016	314118	1
2021.11.08	08:00:00	7017.977	7067.643	7003.517	7004.774	465903	1327326	1
2021.11.08	12:00:00	7004.774	7017.348	6989.686	7004.774	267706	835749	1
2021.11.08	16:00:00	7004.146	7012.319	6989.686	7004.146	97490	325759	1
2021.11.09	08:00:00	7004.146	7005.403	6906.071	6916.759	485635	1468535	1
2021.11.09	12:00:00	6917.388	6948.822	6885.325	6913.615	349191	1164442	1
2021.11.09	16:00:00	6912.987	6955.108	6909.843	6914.873	135231	456382	1
2021.11.10	08:00:00	6945.678	6953.222	6857.663	6884.067	580281	1779522	1
2021.11.10	12:00:00	6883.439	6951.336	6877.781	6933.105	442539	1403353	1
2021.11.10	16:00:00	6932.476	6947.564	6921.788	6928.704	112435	388364	1
2021.11.11	08:00:00	6918.016	6921.160	6812.398	6823.085	463834	1407698	1
2021.11.11	12:00:00	6823.085	6831.887	6797.309	6813.655	323951	1088580	1
2021.11.11	16:00:00	6814.284	6831.258	6799.824	6806.740	109329	388211	1
2021.11.12	08:00:00	6814.912	6848.233	6802.967	6836.288	493991	1510238	1
2021.11.12	12:00:00	6836.288	6896.641	6825.600	6880.924	328772	1119319	1
2021.11.12	16:00:00	6881.553	6895.384	6870.865	6886.582	84901	301101	1
2021.11.16	08:00:00	6865.836	6929.332	6845.718	6927.446	547459	1690268	1
2021.11.16	12:00:00	6927.446	6945.678	6920.531	6933.105	280821	998009	1
2021.11.16	16:00:00	6933.105	6943.792	6919.274	6938.134	105018	371220	1
2021.11.17	08:00:00	6915.501	6956.366	6889.097	6945.678	437955	1350087	1
2021.11.17	12:00:00	6945.678	6974.598	6921.160	6972.083	292019	995217	1
2021.11.17	16:00:00	6972.712	6977.741	6947.564	6967.682	89402	300686	1
2021.11.18	08:00:00	6962.024	7011.061	6961.395	6994.715	443808	1335051	1
2021.11.18	12:00:00	6994.715	7024.892	6970.197	7023.635	312852	1017750	1
2021.11.18	16:00:00	7024.263	7028.664	6998.488	7006.032	80012	289945	1
2021.11.19	08:00:00	7027.407	7028.664	6954.480	6968.311	491588	1502949	1
2021.11.19	12:00:00	6968.311	7071.415	6956.366	7071.415	368180	1237442	1
2021.11.19	16:00:00	7070.786	7072.043	7057.584	7071.415	77192	262878	1
2021.11.22	08:00:00	7055.698	7070.157	7006.032	7034.951	490540	1455557	1
2021.11.22	12:00:00	7035.580	7066.385	7015.462	7060.727	346967	1082000	1
2021.11.22	16:00:00	7060.727	7066.385	7028.664	7032.436	104096	356570	1
2021.11.23	08:00:00	7060.098	7111.022	7045.639	7095.305	467434	1407718	1
2021.11.23	12:00:00	7095.933	7128.625	7055.698	7064.499	356380	1240952	1
2021.11.23	16:00:00	7064.499	7072.672	7006.660	7011.690	132976	482521	1
2021.11.24	08:00:00	7019.863	7076.444	6990.943	7053.183	490260	1561937	1
2021.11.24	12:00:00	7053.183	7056.326	7026.150	7034.951	299162	997546	1
2021.11.24	16:00:00	7034.322	7056.955	7030.550	7056.955	81136	267797	1
2021.11.25	08:00:00	7030.550	7045.639	6999.745	7000.374	373145	1068750	1
2021.11.25	12:00:00	7000.374	7021.120	6981.513	7015.462	208246	673011	1
2021.11.25	16:00:00	7015.462	7016.719	6995.344	7006.660	59947	199522	1
2021.11.26	08:00:00	7126.739	7129.253	7020.491	7026.150	486602	1498534	1
2021.11.26	12:00:00	7026.150	7058.841	7010.432	7033.694	330799	1072257	1
2021.11.26	16:00:00	7034.322	7060.098	7028.664	7058.841	78425	259105	1
2021.11.29	08:00:00	7041.238	7074.558	7017.348	7070.786	463957	1416121	1
2021.11.29	12:00:00	7070.786	7093.418	7046.896	7051.925	299672	972125	1
2021.11.29	16:00:00	7051.925	7068.271	7039.981	7045.639	95846	319996	1
2021.11.30	08:00:00	7043.140	7062.506	7021.274	7050.012	395558	1300879	1
2021.11.30	12:00:00	7050.012	7130.601	7015.652	7099.990	515605	1690279	1
2021.11.30	16:00:00	7099.990	7107.486	7037.517	7046.263	117049	374486	1
2021.12.01	08:00:00	7021.899	7077.500	7012.528	7063.131	393404	1267661	1
2021.12.01	12:00:00	7063.131	7128.102	7050.636	7126.228	360223	1142046	1
2021.12.01	16:00:00	7126.228	7163.087	7114.983	7159.338	143124	460564	1
2021.12.02	08:00:00	7122.480	7139.972	7065.630	7075.001	464728	1453154	1
2021.12.02	12:00:00	7075.001	7119.356	7056.884	7103.738	365115	1268662	1
2021.12.02	16:00:00	7103.738	7114.983	7076.250	7095.617	97636	331100	1
2021.12.03	08:00:00	7103.113	7130.601	7038.142	7099.365	480178	1434825	1
2021.12.03	12:00:00	7099.365	7140.597	7093.742	7100.614	382746	1187710	1
2021.12.03	16:00:00	7101.239	7144.970	7093.118	7103.738	133446	441342	1
2021.12.06	08:00:00	7091.868	7164.336	7080.623	7148.093	431745	1355574	1
2021.12.06	12:00:00	7148.718	7160.588	7124.979	7144.970	275194	907502	1
2021.12.06	16:00:00	7144.970	7158.089	7138.723	7151.842	87308	298925	1
2021.12.07	08:00:00	7118.107	7126.228	7064.380	7083.747	479043	1488974	1
2021.12.07	12:00:00	7083.747	7108.111	7061.881	7069.378	326036	1075704	1
2021.12.07	16:00:00	7068.753	7078.749	7045.014	7060.632	133617	475326	1
2021.12.08	08:00:00	7039.391	7077.500	6966.923	6970.672	550923	1816198	1
2021.12.08	12:00:00	6971.296	6985.665	6939.436	6952.555	281226	953858	1
2021.12.08	16:00:00	6951.930	6959.427	6940.685	6946.932	98383	329797	1
2021.12.09	08:00:00	6951.930	7000.658	6928.190	6984.416	454950	1415560	1
2021.12.09	12:00:00	6985.040	7028.771	6983.791	7009.405	268340	929756	1
2021.12.09	16:00:00	7008.780	7013.153	6993.787	6995.036	100188	359715	1
2021.12.10	08:00:00	6978.168	7071.877	6976.919	7020.025	577392	1925260	1
2021.12.10	12:00:00	7019.400	7053.135	7016.901	7050.012	241235	782361	1
2021.12.10	16:00:00	7050.012	7050.636	7034.394	7045.014	59572	198207	1
2021.12.13	08:00:00	7033.144	7083.122	7027.522	7067.504	466950	1401384	1
2021.12.13	12:00:00	7067.504	7123.729	7063.131	7109.985	367321	1271353	1
2021.12.13	16:00:00	7109.985	7128.102	7106.862	7127.477	91098	282123	1
2021.12.14	08:00:00	7104.987	7120.606	7046.888	7068.129	478067	1484955	1
2021.12.14	12:00:00	7068.129	7146.844	7066.879	7139.347	308482	998123	1
2021.12.14	16:00:00	7138.723	7144.970	7124.354	7125.603	91046	305446	1
2021.12.15	08:00:00	7122.480	7179.954	7096.241	7174.957	565226	1696640	1
2021.12.15	12:00:00	7175.581	7182.453	7153.716	7175.581	289844	964843	1
2021.12.15	16:00:00	7176.831	7191.199	7121.230	7126.228	212481	704422	1
2021.12.16	08:00:00	7106.862	7166.835	7100.614	7161.213	540939	1546850	1
2021.12.16	12:00:00	7160.588	7176.206	7093.742	7108.736	369788	1178056	1
2021.12.16	16:00:00	7108.111	7138.098	7099.990	7129.976	102751	325036	1
2021.12.17	08:00:00	7123.729	7161.213	7121.855	7126.228	405275	1192158	1
2021.12.17	12:00:00	7126.853	7135.599	7092.493	7113.109	288730	940508	1
2021.12.17	16:00:00	7113.734	7139.347	7109.360	7133.100	84686	282521	1
2021.12.20	08:00:00	7152.466	7164.336	7124.354	7141.846	406937	1157942	1
2021.12.20	12:00:00	7141.221	7184.952	7131.226	7179.330	282290	862022	1
2021.12.20	16:00:00	7179.330	7196.197	7176.206	7193.698	116494	391171	1
2021.12.21	08:00:00	7164.961	7203.069	7149.343	7195.572	404148	1216733	1
2021.12.21	12:00:00	7195.572	7206.817	7178.705	7184.327	243009	815934	1
2021.12.21	16:00:00	7184.952	7195.572	7178.080	7193.074	73697	252259	1
2021.12.22	08:00:00	7177.455	7186.826	7139.972	7165.586	369979	1108028	1
2021.12.22	12:00:00	7166.210	7171.208	7094.367	7098.115	267356	864028	1
2021.12.22	16:00:00	7098.115	7101.864	7065.630	7076.250	102241	359131	1
2021.12.23	08:00:00	7078.124	7154.341	7041.266	7145.594	391021	1251996	1
2021.12.23	12:00:00	7145.594	7154.341	7075.001	7081.873	349853	1224537	1
2021.12.23	16:00:00	7081.873	7108.736	7080.623	7085.621	69295	207375	1
2021.12.27	08:00:00	7084.996	7135.599	7060.007	7079.998	386818	1088781	1
2021.12.27	12:00:00	7079.998	7086.870	7042.515	7053.135	210866	619944	1
2021.12.27	16:00:00	7052.511	7054.385	7030.021	7031.895	61450	197653	1
2021.12.28	08:00:00	7024.398	7077.500	7021.899	7037.517	348995	991883	1
2021.12.28	12:00:00	7038.142	7063.131	7029.396	7042.515	236176	736945	1
2021.12.28	16:00:00	7042.515	7051.261	7025.647	7035.643	73340	259131	1
2021.12.29	08:00:00	7045.014	7081.248	7027.522	7081.248	301732	879166	1
2021.12.29	12:00:00	7081.248	7121.230	7080.623	7113.734	239456	742253	1
2021.12.29	16:00:00	7113.734	7136.848	7109.985	7125.603	72207	246733	1
2021.12.30	08:00:00	7116.297	7125.603	6932.030	6954.986	432981	1440167	1
2021.12.30	12:00:00	6954.986	7000.277	6943.818	6970.497	231287	811647	1
2021.12.30	16:00:00	6970.497	6971.737	6946.300	6962.431	55131	185121	1
2022.01.03	08:00:00	6960.570	7056.115	6942.577	7046.189	421713	1204338	1
2022.01.03	12:00:00	7045.568	7085.276	7043.087	7071.006	259930	848437	1
2022.01.03	16:00:00	7071.006	7108.852	7067.283	7106.370	91354	300108	1
2022.01.04	08:00:00	7078.451	7130.567	7054.875	7059.838	541164	1458946	1
2022.01.04	12:00:00	7059.218	7110.093	7038.744	7101.407	322143	985597	1
2022.01.04	16:00:00	7101.407	7111.333	7087.757	7088.378	73893	239729	1
2022.01.05	08:00:00	7091.480	7105.129	7042.466	7049.911	459615	1259075	1
2022.01.05	12:00:00	7049.911	7101.407	7045.568	7086.516	299704	926843	1
2022.01.05	16:00:00	7086.516	7143.596	7080.933	7106.370	180601	597595	1
2022.01.06	08:00:00	7106.370	7142.355	7095.202	7129.326	443381	1250306	1
2022.01.06	12:00:00	7128.705	7143.596	7087.757	7090.239	297577	953305	1
2022.01.06	16:00:00	7090.239	7102.027	7074.728	7092.100	92723	286569	1
2022.01.07	08:00:00	7087.137	7122.501	7040.605	7043.087	464853	1314737	1
2022.01.07	12:00:00	7043.707	7064.181	7008.963	7023.233	300059	966441	1
2022.01.07	16:00:00	7022.612	7033.160	7016.408	7030.678	65656	216046	1
2022.01.10	08:00:00	7039.984	7097.684	7020.131	7093.341	425290	1145217	1
2022.01.10	12:00:00	7093.341	7097.684	7066.042	7077.830	260895	825408	1
2022.01.10	16:00:00	7077.830	7080.933	7058.597	7061.079	84346	293379	1
2022.01.11	08:00:00	7047.430	7074.108	7021.992	7029.437	476179	1354128	1
2022.01.11	12:00:00	7029.437	7031.298	6953.745	6959.949	375155	1257171	1
2022.01.11	16:00:00	6960.570	6964.292	6934.512	6945.679	126694	432502	1
2022.01.12	08:00:00	6954.365	6979.183	6912.797	6917.140	574385	1574052	1
2022.01.12	12:00:00	6917.140	6935.132	6889.841	6889.841	361415	1150691	1
2022.01.12	16:00:00	6889.841	6904.111	6877.433	6899.147	151021	444567	1
2022.01.13	08:00:00	6915.279	6920.242	6850.754	6857.579	548378	1605377	1
2022.01.13	12:00:00	6858.199	6886.119	6853.856	6866.885	324595	1052714	1
2022.01.13	16:00:00	6867.506	6899.147	6863.163	6884.878	118158	385709	1
2022.01.14	08:00:00	6886.739	6913.417	6878.673	6891.702	440705	1240470	1
2022.01.14	12:00:00	6892.323	6912.176	6874.951	6876.192	267410	863143	1
2022.01.14	16:00:00	6875.571	6893.564	6858.199	6891.082	118011	396864	1
2022.01.17	08:00:00	6892.943	6897.907	6840.207	6855.718	369550	1011295	1
2022.01.17	12:00:00	6855.718	6882.396	6851.375	6874.330	238634	705647	1
2022.01.17	16:00:00	6874.951	6883.637	6861.922	6865.024	67140	190689	1
2022.01.18	08:00:00	6888.600	6908.454	6850.754	6871.849	463651	1331583	1
2022.01.18	12:00:00	6872.469	6947.541	6868.126	6932.651	354227	1158665	1
2022.01.18	16:00:00	6932.651	6935.753	6914.038	6928.928	100365	356215	1
2022.01.19	08:00:00	6899.147	6907.833	6807.945	6810.426	515225	1727309	1
2022.01.19	12:00:00	6811.047	6829.660	6789.952	6797.397	329093	1207066	1
2022.01.19	16:00:00	6797.397	6804.222	6764.515	6767.617	118078	418302	1
2022.01.20	08:00:00	6775.062	6792.434	6716.742	6737.836	482380	1563296	1
2022.01.20	12:00:00	6738.457	6750.245	6688.202	6702.472	320095	1168625	1
2022.01.20	16:00:00	6703.093	6770.099	6698.750	6738.457	154726	554905	1
2022.01.21	08:00:00	6763.894	6806.083	6726.048	6742.179	521176	1553234	1
2022.01.21	12:00:00	6742.179	6789.952	6716.742	6784.368	356902	1194482	1
2022.01.21	16:00:00	6784.989	6797.397	6774.442	6786.850	109118	361757	1
2022.01.24	08:00:00	6808.565	6838.346	6795.536	6837.105	445112	1328866	1
2022.01.24	12:00:00	6837.105	6866.265	6806.083	6831.521	417187	1450795	1
2022.01.24	16:00:00	6831.521	6851.375	6808.565	6820.974	148234	548735	1
2022.01.25	08:00:00	6832.141	6860.061	6815.390	6827.798	399124	1141274	1
2022.01.25	12:00:00	6828.419	6840.827	6760.172	6762.654	357835	1284049	1
2022.01.25	16:00:00	6762.654	6775.062	6744.041	6764.515	143410	521203	1
2022.01.26	08:00:00	6741.559	6779.405	6722.326	6755.208	483522	1453248	1
2022.01.26	12:00:00	6755.208	6763.894	6708.056	6714.260	315073	1052172	1
2022.01.26	16:00:00	6713.640	6790.573	6696.888	6749.004	310187	1058656	1
2022.01.27	08:00:00	6744.041	6747.763	6646.013	6663.385	530271	1855739	1
2022.01.27	12:00:00	6662.765	6749.004	6662.144	6742.800	424285	1749428	1
2022.01.27	16:00:00	6743.420	6745.282	6703.713	6714.881	111738	421817	1
2022.01.28	08:00:00	6737.836	6744.041	6670.830	6693.786	494058	1560817	1
2022.01.28	12:00:00	6693.786	6719.844	6681.378	6690.064	315647	1139779	1
2022.01.28	16:00:00	6690.064	6701.231	6660.904	6664.006	101207	377174	1
2022.01.31	08:00:00	6644.930	6689.849	6633.239	6651.699	364189	1155978	1
2022.01.31	12:00:00	6651.084	6652.930	6550.170	6571.091	394814	1499946	1
2022.01.31	16:00:00	6571.091	6591.397	6569.245	6577.860	102123	393010	1
2022.02.01	08:00:00	6564.322	6588.936	6532.325	6542.786	505849	1555269	1
2022.02.01	12:00:00	6542.786	6562.476	6530.479	6534.171	283880	990564	1
2022.02.01	16:00:00	6533.556	6539.094	6524.326	6524.326	101659	387641	1
2022.02.02	08:00:00	6522.480	6577.860	6510.789	6574.783	411043	1384868	1
2022.02.02	12:00:00	6574.783	6584.013	6540.325	6544.017	299107	1088180	1
2022.02.02	16:00:00	6543.401	6551.401	6515.096	6517.558	105329	393167	1
2022.02.03	08:00:00	6532.325	6591.397	6530.479	6566.168	471018	1495317	1
2022.02.03	12:00:00	6566.784	6576.014	6528.018	6557.554	322443	1108681	1
2022.02.03	16:00:00	6558.169	6563.707	6534.787	6544.632	108371	388653	1
2022.02.04	08:00:00	6558.785	6611.087	6536.633	6598.166	483602	1465025	1
2022.02.04	12:00:00	6598.781	6622.163	6587.705	6591.397	258621	865200	1
2022.02.04	16:00:00	6591.397	6601.857	6579.706	6595.089	83474	300772	1
2022.02.07	08:00:00	6577.860	6586.474	6539.709	6544.017	450875	1251783	1
2022.02.07	12:00:00	6544.632	6560.630	6513.250	6516.327	309176	981005	1
2022.02.07	16:00:00	6516.327	6518.788	6496.021	6508.943	117922	412540	1
2022.02.08	08:00:00	6516.327	6542.171	6494.790	6514.481	488506	1386846	1
2022.02.08	12:00:00	6515.096	6537.248	6507.712	6513.250	260091	811553	1
2022.02.08	16:00:00	6513.866	6515.096	6497.867	6502.790	97212	331623	1
2022.02.09	08:00:00	6491.714	6540.940	6474.485	6531.710	446670	1329489	1
2022.02.09	12:00:00	6531.710	6532.941	6445.564	6452.948	381380	1296448	1
2022.02.09	16:00:00	6452.948	6480.638	6449.871	6476.946	114083	389565	1
2022.02.10	08:00:00	6470.177	6486.176	6405.568	6409.875	623764	1782916	1
2022.02.10	12:00:00	6409.260	6490.483	6392.031	6465.255	492700	1639989	1
2022.02.10	16:00:00	6465.255	6495.406	6452.948	6483.714	142240	437417	1
2022.02.11	08:00:00	6464.024	6476.946	6403.106	6425.258	507546	1434190	1
2022.02.11	12:00:00	6424.643	6485.560	6400.645	6453.563	478280	1460976	1
2022.02.11	16:00:00	6452.948	6505.251	6442.487	6488.637	251294	745201	1
2022.02.14	08:00:00	6488.637	6504.020	6416.028	6424.028	497177	1396908	1
2022.02.14	12:00:00	6424.643	6459.717	6416.644	6446.795	378660	1208447	1
2022.02.14	16:00:00	6446.795	6452.333	6426.489	6433.258	151253	484761	1
2022.02.15	08:00:00	6413.567	6441.257	6377.263	6408.644	535221	1483200	1
2022.02.15	12:00:00	6408.644	6414.798	6385.877	6393.877	274672	879589	1
2022.02.15	16:00:00	6393.261	6402.491	6368.033	6368.033	97290	325729	1
2022.02.16	08:00:00	6368.648	6389.569	6356.341	6364.341	529181	1566035	1
2022.02.16	12:00:00	6364.956	6375.417	6336.036	6339.728	346598	1140584	1
2022.02.16	16:00:00	6340.343	6349.573	6321.268	6339.728	156404	490893	1
2022.02.17	08:00:00	6356.341	6391.415	6323.114	6388.339	484879	1415465	1
2022.02.17	12:00:00	6388.339	6388.954	6353.880	6378.493	293491	930299	1
2022.02.17	16:00:00	6378.493	6385.877	6369.879	6378.493	92091	307769	1
2022.02.18	08:00:00	6369.879	6372.340	6317.576	6320.652	464258	1350185	1
2022.02.18	12:00:00	6321.268	6336.651	6292.347	6331.728	389367	1340051	1
2022.02.18	16:00:00	6332.344	6347.112	6327.421	6333.574	106869	399344	1
2022.02.21	08:00:00	6326.190	6353.880	6270.811	6273.272	458456	1391147	1
2022.02.21	12:00:00	6273.272	6289.886	6253.582	6280.656	290741	954463	1
2022.02.21	16:00:00	6280.656	6300.347	6278.810	6291.732	102579	329033	1
2022.02.22	08:00:00	6278.810	6284.348	6221.585	6224.661	537506	1654507	1
2022.02.22	12:00:00	6224.661	6245.582	6220.354	6238.814	302869	1072636	1
2022.02.22	16:00:00	6239.429	6248.044	6214.816	6234.506	167743	610995	1
2022.02.23	08:00:00	6215.431	6221.585	6155.129	6165.590	500180	1644003	1
2022.02.23	12:00:00	6165.590	6202.509	6150.207	6152.668	380961	1351582	1
2022.02.23	16:00:00	6152.668	6174.820	6150.822	6168.051	125428	481320	1
2022.02.24	08:00:00	6227.123	6336.036	6198.817	6327.421	705402	2182990	1
2022.02.24	12:00:00	6327.421	6357.572	6296.039	6324.344	493328	1784217	1
2022.02.24	16:00:00	6324.344	6329.882	6257.889	6307.115	238561	855526	1
2022.02.25	08:00:00	6316.287	6354.808	6266.148	6352.974	616552	1758177	1
2022.02.25	12:00:00	6353.586	6390.273	6348.082	6365.203	373355	1280413	1
2022.02.25	16:00:00	6364.592	6377.432	6341.357	6376.821	140635	477830	1
2022.03.02	12:00:00	6442.246	6442.246	6304.058	6305.892	491750	1557523	1
2022.03.02	16:00:00	6305.281	6308.338	6267.982	6291.218	170074	545207	1
2022.03.03	08:00:00	6299.166	6307.115	6193.385	6220.901	634635	1785289	1
2022.03.03	12:00:00	6221.512	6253.308	6190.328	6191.551	478949	1484545	1
2022.03.03	16:00:00	6191.551	6206.226	6189.717	6206.226	129560	414192	1
2022.03.04	08:00:00	6223.958	6284.492	6193.385	6263.702	691003	1916289	1
2022.03.04	12:00:00	6264.314	6281.434	6227.627	6256.976	387746	1295336	1
2022.03.04	16:00:00	6256.365	6266.760	6229.461	6236.187	129661	422434	1
2022.03.07	08:00:00	6254.530	6280.823	6195.831	6240.467	632672	1800313	1
2022.03.07	12:00:00	6241.079	6274.097	6228.850	6266.760	409555	1348920	1
2022.03.07	16:00:00	6266.760	6300.389	6245.359	6300.389	193875	748167	1
2022.03.08	08:00:00	6262.479	6280.211	6233.130	6263.702	681542	1899965	1
2022.03.08	12:00:00	6263.702	6275.931	6211.729	6237.410	514961	1701923	1
2022.03.08	16:00:00	6238.021	6246.582	6218.455	6228.238	137345	481957	1
2022.03.09	08:00:00	6187.882	6198.888	6146.304	6164.036	569122	1664151	1
2022.03.09	12:00:00	6164.647	6167.093	6136.520	6162.201	364329	1164936	1
2022.03.09	16:00:00	6162.813	6175.653	6157.921	6168.927	132912	437944	1
2022.03.10	08:00:00	6186.659	6244.747	6177.488	6211.117	533902	1568875	1
2022.03.10	12:00:00	6210.506	6228.238	6165.259	6167.704	362034	1132247	1
2022.03.10	16:00:00	6168.316	6179.933	6164.647	6167.093	87119	313204	1
2022.03.11	08:00:00	6151.807	6191.551	6130.406	6189.105	477713	1358635	1
2022.03.11	12:00:00	6189.717	6220.289	6186.048	6214.175	283034	939957	1
2022.03.11	16:00:00	6214.175	6250.862	6208.672	6242.301	149555	520235	1
2022.03.14	08:00:00	6217.843	6241.079	6193.385	6226.404	448528	1360823	1
2022.03.14	12:00:00	6227.015	6317.510	6225.181	6312.618	381133	1287921	1
2022.03.14	16:00:00	6312.618	6312.618	6287.549	6299.166	118847	377067	1
2022.03.15	08:00:00	6277.154	6330.962	6259.422	6304.058	530352	1510494	1
2022.03.15	12:00:00	6304.058	6352.974	6296.109	6338.911	355958	1123652	1
2022.03.15	16:00:00	6338.911	6350.528	6332.185	6343.191	84499	280209	1
2022.03.16	08:00:00	6312.618	6334.019	6267.371	6288.772	552296	1825252	1
2022.03.16	12:00:00	6288.772	6322.402	6261.256	6269.817	458296	1479903	1
2022.03.16	16:00:00	6269.817	6279.600	6230.684	6234.964	143916	468038	1
2022.03.17	08:00:00	6231.907	6271.651	6225.181	6231.907	547213	1662984	1
2022.03.17	12:00:00	6231.907	6234.353	6176.265	6183.602	348898	1268852	1
2022.03.17	16:00:00	6183.602	6192.774	6173.819	6188.494	102114	385744	1
2022.03.18	08:00:00	6198.888	6230.072	6184.214	6200.723	489941	1435087	1
2022.03.18	12:00:00	6201.334	6201.946	6129.183	6147.527	368866	1281414	1
2022.03.18	16:00:00	6147.527	6168.316	6147.527	6168.316	80020	286159	1
2022.03.21	08:00:00	6171.373	6173.208	6056.420	6058.255	522248	1564153	1
2022.03.21	12:00:00	6057.643	6098.611	6049.694	6069.872	368023	1267370	1
2022.03.21	16:00:00	6069.261	6079.656	6054.586	6059.478	86452	303894	1
2022.03.22	08:00:00	6053.363	6063.146	6015.453	6038.077	610022	1852234	1
2022.03.22	12:00:00	6038.077	6072.318	6029.517	6031.962	356288	1149939	1
2022.03.22	16:00:00	6032.574	6038.688	6017.288	6024.014	94235	335485	1
2022.03.23	08:00:00	6030.739	6033.185	5940.856	5948.805	615064	1973390	1
2022.03.23	12:00:00	5948.805	5964.703	5925.570	5934.130	331585	1226259	1
2022.03.23	16:00:00	5934.742	5939.633	5909.061	5920.067	96909	381924	1
2022.03.24	08:00:00	5924.347	5931.073	5839.355	5863.813	664984	2127065	1
2022.03.24	12:00:00	5863.202	5954.920	5863.202	5918.233	495914	1731952	1
2022.03.24	16:00:00	5918.233	5931.073	5902.335	5917.010	111298	383313	1
2022.03.25	08:00:00	5907.838	5910.284	5824.069	5828.349	560515	1627711	1
2022.03.25	12:00:00	5828.349	5848.527	5812.452	5820.400	327216	1042258	1
2022.03.25	16:00:00	5819.789	5825.903	5794.108	5810.617	89043	286232	1
2022.03.28	08:00:00	5805.114	5901.112	5796.554	5885.826	598955	1804665	1
2022.03.28	12:00:00	5885.826	5889.494	5824.681	5836.298	401982	1269561	1
2022.03.28	16:00:00	5836.298	5865.036	5816.732	5835.687	124792	379734	1
2022.03.29	08:00:00	5800.834	5842.413	5773.319	5810.617	776402	2276382	1
2022.03.29	12:00:00	5810.617	5855.865	5795.942	5827.126	367215	1236444	1
2022.03.29	16:00:00	5827.738	5837.521	5819.178	5824.069	85037	293439	1
2022.03.30	08:00:00	5827.126	5832.018	5783.102	5822.235	623793	1816339	1
2022.03.30	12:00:00	5822.846	5862.591	5822.235	5837.521	324023	1075500	1
2022.03.30	16:00:00	5837.521	5858.922	5835.075	5838.132	91330	308173	1
2022.03.31	08:00:00	5839.951	5861.170	5783.570	5808.426	595726	1864797	1
2022.03.31	12:00:00	5807.820	5815.095	5771.446	5813.883	289715	1175066	1
2022.03.31	16:00:00	5813.883	5824.189	5789.633	5796.908	99267	402204	1
2022.04.01	08:00:00	5783.570	5784.177	5728.402	5739.315	509385	1594105	1
2022.04.01	12:00:00	5739.315	5750.833	5693.240	5698.090	298580	1060386	1
2022.04.01	16:00:00	5698.696	5707.790	5684.146	5689.603	97748	368548	1
2022.04.04	08:00:00	5687.178	5709.002	5622.916	5630.797	516768	1497923	1
2022.04.04	12:00:00	5630.191	5648.378	5623.522	5632.616	240573	840645	1
2022.04.04	16:00:00	5632.009	5636.253	5604.122	5608.972	107825	411372	1
2022.04.05	08:00:00	5608.972	5701.121	5593.210	5691.421	695506	1928886	1
2022.04.05	12:00:00	5691.421	5704.759	5662.928	5678.084	337730	1028769	1
2022.04.05	16:00:00	5678.084	5704.152	5675.659	5679.903	121337	427197	1
2022.04.06	08:00:00	5675.053	5752.046	5668.384	5728.402	609804	1697815	1
2022.04.06	12:00:00	5727.796	5759.927	5703.546	5741.740	444932	1378572	1
2022.04.06	16:00:00	5741.740	5765.989	5730.827	5759.927	110678	378987	1
2022.04.07	08:00:00	5741.133	5814.489	5719.309	5809.033	725407	1994120	1
2022.04.07	12:00:00	5809.033	5819.945	5780.539	5782.964	331520	1092305	1
2022.04.07	16:00:00	5782.964	5799.333	5774.477	5798.727	106391	361872	1
2022.04.08	08:00:00	5782.358	5842.982	5747.802	5792.058	734735	2032586	1
2022.04.08	12:00:00	5792.058	5798.727	5735.677	5736.890	295024	1005408	1
2022.04.08	16:00:00	5736.890	5747.802	5721.127	5727.190	99721	346593	1
2022.04.11	08:00:00	5744.165	5776.296	5707.790	5741.133	704521	1919245	1
2022.04.11	12:00:00	5740.527	5750.833	5701.121	5708.396	378457	1165445	1
2022.04.11	16:00:00	5708.396	5724.159	5704.152	5716.884	94990	295844	1
2022.04.12	08:00:00	5699.909	5719.309	5629.584	5671.415	713797	2072139	1
2022.04.12	12:00:00	5672.022	5718.096	5669.597	5695.059	390478	1277379	1
2022.04.12	16:00:00	5694.453	5702.334	5688.996	5696.271	73132	240180	1
2022.04.13	08:00:00	5688.390	5729.615	5664.747	5712.034	664093	1909026	1
2022.04.13	12:00:00	5712.034	5716.277	5678.690	5699.909	288556	923595	1
2022.04.13	16:00:00	5699.909	5714.459	5696.878	5712.034	72276	251388	1
2022.04.14	08:00:00	5716.277	5770.233	5709.609	5739.921	586702	1744599	1
2022.04.14	12:00:00	5739.315	5750.833	5709.609	5718.702	373245	1253564	1
2022.04.14	16:00:00	5718.702	5725.371	5704.759	5719.915	70352	264206	1
2022.04.18	08:00:00	5702.334	5728.402	5667.172	5685.965	527359	1519518	1
2022.04.18	12:00:00	5685.359	5704.152	5655.653	5661.109	318551	1059774	1
2022.04.18	16:00:00	5661.109	5670.809	5650.197	5662.322	81414	294565	1
2022.04.19	08:00:00	5674.446	5696.271	5642.316	5689.603	664629	2046887	1
2022.04.19	12:00:00	5689.603	5698.090	5670.809	5685.965	268481	947198	1
2022.04.19	16:00:00	5685.965	5687.178	5674.446	5676.871	65928	269729	1
2022.04.20	08:00:00	5650.803	5688.996	5610.185	5611.397	591929	1801484	1
2022.04.20	12:00:00	5611.397	5624.734	5601.697	5616.247	287532	1069942	1
2022.04.20	16:00:00	5615.641	5624.128	5609.578	5618.672	77201	319599	1
2022.04.22	08:00:00	5688.996	5773.264	5675.659	5763.564	646750	2047882	1
2022.04.22	12:00:00	5762.958	5879.357	5761.746	5876.326	453640	1649553	1
2022.04.22	16:00:00	5876.326	5878.751	5806.608	5826.008	222686	768254	1
2022.04.25	08:00:00	5851.470	5992.725	5833.282	5990.906	843794	2446819	1
2022.04.25	12:00:00	5990.906	6010.912	5896.938	5926.644	540095	1734116	1
2022.04.25	16:00:00	5926.038	5935.132	5909.669	5925.432	136932	426568	1
2022.04.26	08:00:00	5955.744	6069.718	5938.769	6060.624	779693	2266874	1
2022.04.26	12:00:00	6061.230	6068.505	6009.093	6044.256	456250	1437996	1
2022.04.26	16:00:00	6044.256	6074.568	6041.224	6068.505	132388	412068	1
2022.04.27	08:00:00	6053.349	6116.399	6043.043	6104.880	887735	2543908	1
2022.04.27	12:00:00	6104.880	6106.699	5979.994	6018.793	560688	1842133	1
2022.04.27	16:00:00	6019.399	6036.374	6011.518	6025.462	137004	440747	1
2022.04.28	08:00:00	6048.499	6120.036	6046.074	6093.968	729074	1987591	1
2022.04.28	12:00:00	6093.968	6096.393	6020.006	6021.824	446501	1380384	1
2022.04.28	16:00:00	6022.431	6026.674	5987.269	5992.118	146838	481074	1
2022.04.29	08:00:00	5948.244	6014.356	5898.360	6010.149	684647	1980338	1
2022.04.29	12:00:00	6010.149	6018.563	5963.871	5998.129	400726	1293017	1
2022.04.29	16:00:00	5997.528	6045.008	5994.523	6031.785	151323	454820	1
2022.05.02	08:00:00	6022.169	6109.316	6021.568	6099.099	642910	1659607	1
2022.05.02	12:00:00	6099.700	6171.221	6093.089	6164.009	472471	1443078	1
2022.05.02	16:00:00	6164.610	6177.832	6140.569	6169.418	180065	540076	1
2022.05.03	08:00:00	6112.321	6126.746	6070.851	6073.857	712612	1967748	1
2022.05.03	12:00:00	6073.256	6087.680	6010.750	6017.962	506516	1556506	1
2022.05.03	16:00:00	6017.361	6031.184	6011.351	6013.154	110690	349772	1
2022.05.04	08:00:00	6022.169	6099.099	6016.159	6075.059	671809	1733195	1
2022.05.04	12:00:00	6075.059	6104.508	5936.825	5963.871	726076	2037873	1
2022.05.04	16:00:00	5963.270	5972.285	5930.815	5966.275	223998	662604	1
2022.05.05	08:00:00	5997.528	6092.488	5975.891	6076.261	766704	2023347	1
2022.05.05	12:00:00	6076.261	6127.948	6075.660	6094.291	564910	1578981	1
2022.05.05	16:00:00	6094.291	6097.897	6074.458	6094.892	126688	373996	1
2022.05.06	08:00:00	6085.877	6193.458	6064.240	6124.943	934240	2386960	1
2022.05.06	12:00:00	6124.943	6161.004	6092.488	6151.988	481977	1272396	1
2022.05.06	16:00:00	6152.589	6174.827	6124.342	6149.584	130185	358024	1
2022.05.09	08:00:00	6226.514	6243.343	6189.251	6224.110	751690	1871451	1
2022.05.09	12:00:00	6224.110	6235.530	6175.428	6233.125	500774	1303335	1
2022.05.09	16:00:00	6232.524	6248.151	6222.307	6246.949	132989	373987	1
2022.05.10	08:00:00	6239.136	6250.555	6188.049	6233.726	749433	1936760	1
2022.05.10	12:00:00	6233.726	6247.550	6182.039	6200.671	506008	1422701	1
2022.05.10	16:00:00	6200.070	6216.297	6189.251	6210.287	103253	304066	1
2022.05.11	08:00:00	6166.413	6254.161	6159.802	6195.262	892749	2320502	1
2022.05.11	12:00:00	6194.661	6212.090	6158.600	6198.267	480867	1396905	1
2022.05.11	16:00:00	6198.267	6230.721	6197.666	6215.095	111157	335966	1
2022.05.12	08:00:00	6252.358	6296.833	6185.645	6186.847	814207	2220590	1
2022.05.12	12:00:00	6187.448	6230.120	6171.221	6227.716	454933	1388359	1
2022.05.12	16:00:00	6227.716	6236.732	6194.661	6204.878	143295	419279	1
2022.05.13	08:00:00	6189.852	6221.706	6141.170	6151.387	665059	1874141	1
2022.05.13	12:00:00	6151.387	6159.201	6096.094	6098.498	406578	1292268	1
2022.05.13	16:00:00	6098.498	6116.529	6097.296	6116.529	92736	315101	1
2022.05.16	08:00:00	6135.160	6164.009	6075.660	6105.109	809435	2145353	1
2022.05.16	12:00:00	6105.710	6153.792	6085.276	6087.079	463550	1306746	1
2022.05.16	16:00:00	6087.680	6112.321	6085.276	6111.119	100307	292887	1
2022.05.17	08:00:00	6040.200	6047.412	5987.310	6005.341	684666	2071280	1
2022.05.17	12:00:00	6005.341	6014.356	5947.042	5960.866	502687	1562641	1
2022.05.17	16:00:00	5960.866	5974.088	5956.659	5960.265	87391	266890	1
2022.05.18	08:00:00	5978.295	6005.341	5938.628	5980.098	628645	1812336	1
2022.05.18	12:00:00	5980.699	6032.387	5978.295	6022.770	421388	1327825	1
2022.05.18	16:00:00	6022.770	6023.371	5993.321	5993.321	105675	318882	1
2022.05.19	08:00:00	5956.058	5979.497	5916.992	5953.053	665832	1894652	1
2022.05.19	12:00:00	5953.654	5955.457	5884.537	5902.567	381514	1251017	1
2022.05.19	16:00:00	5901.966	5957.260	5899.562	5950.648	124870	472414	1
2022.05.20	08:00:00	5912.785	5933.820	5855.087	5862.299	653429	1865908	1
2022.05.20	12:00:00	5862.299	5894.153	5850.279	5868.309	416467	1338440	1
2022.05.20	16:00:00	5868.309	5887.542	5860.496	5881.532	107659	333208	1
2022.05.23	08:00:00	5835.855	5845.471	5770.945	5779.960	566024	1657701	1
2022.05.23	12:00:00	5779.960	5800.395	5766.137	5791.981	317752	996375	1
2022.05.23	16:00:00	5791.380	5802.799	5787.773	5802.799	89858	309331	1
2022.05.24	08:00:00	5827.440	5827.440	5751.713	5817.223	751918	2243217	1
2022.05.24	12:00:00	5817.223	5847.274	5771.546	5808.208	453859	1536352	1
2022.05.24	16:00:00	5808.809	5813.016	5788.374	5805.804	102290	333554	1
2022.05.25	08:00:00	5829.844	5856.289	5796.789	5819.026	581023	1593236	1
2022.05.25	12:00:00	5819.026	5853.284	5789.576	5793.183	450216	1350601	1
2022.05.25	16:00:00	5793.784	5818.425	5784.768	5808.208	93429	290533	1
2022.05.26	08:00:00	5792.582	5827.440	5746.904	5748.106	662113	1999391	1
2022.05.26	12:00:00	5748.707	5761.930	5715.051	5719.258	328010	1072563	1
2022.05.26	16:00:00	5719.258	5739.091	5718.056	5738.490	89421	278768	1
2022.05.27	08:00:00	5728.273	5750.511	5684.399	5689.207	640863	1892706	1
2022.05.27	12:00:00	5689.207	5707.237	5669.975	5697.020	301883	999611	1
2022.05.27	16:00:00	5697.621	5703.030	5685.601	5688.005	79765	254311	1
2022.05.30	08:00:00	5666.969	5703.030	5640.525	5695.217	475812	1312238	1
2022.05.30	12:00:00	5695.217	5717.455	5683.197	5709.642	253868	828859	1
2022.05.30	16:00:00	5709.040	5719.258	5706.636	5715.652	63185	227818	1
2022.05.31	08:00:00	5726.379	5746.640	5649.502	5703.733	643808	2034558	1
2022.05.31	12:00:00	5703.733	5719.823	5680.491	5714.460	349964	1240306	1
2022.05.31	16:00:00	5714.460	5721.015	5687.047	5693.006	102237	361786	1
2022.06.01	08:00:00	5690.622	5769.882	5675.724	5761.539	695286	2003546	1
2022.06.01	12:00:00	5761.539	5786.568	5756.176	5760.347	358218	1188860	1
2022.06.01	16:00:00	5760.347	5791.932	5756.771	5791.932	90923	306395	1
2022.06.02	08:00:00	5756.771	5780.013	5737.105	5750.812	659910	1826649	1
2022.06.02	12:00:00	5750.216	5768.690	5734.722	5756.771	315417	1014079	1
2022.06.02	16:00:00	5756.771	5768.094	5750.812	5768.094	72260	242452	1
2022.06.03	08:00:00	5792.528	5804.447	5738.893	5752.004	573314	1574531	1
2022.06.03	12:00:00	5752.004	5773.458	5737.105	5746.045	290033	872843	1
2022.06.03	16:00:00	5746.045	5750.812	5732.934	5735.318	65161	213473	1
2022.06.06	08:00:00	5715.056	5766.306	5703.137	5753.196	499375	1395574	1
2022.06.06	12:00:00	5753.196	5772.266	5743.065	5763.923	305918	986581	1
2022.06.06	16:00:00	5763.923	5768.094	5746.045	5757.963	77659	252812	1
2022.06.07	08:00:00	5759.155	5922.443	5759.155	5884.302	797019	2635957	1
2022.06.07	12:00:00	5884.302	5888.474	5829.476	5842.587	412606	1420283	1
2022.06.07	16:00:00	5841.991	5854.505	5836.627	5847.354	85019	285742	1
2022.06.08	08:00:00	5852.718	5888.474	5816.365	5845.566	733189	1965447	1
2022.06.08	12:00:00	5845.566	5881.323	5825.900	5862.849	362739	1100688	1
2022.06.08	16:00:00	5862.849	5880.727	5853.314	5879.535	76638	275155	1
2022.06.09	08:00:00	5874.171	5898.605	5837.223	5888.474	689945	1966916	1
2022.06.09	12:00:00	5888.474	5893.837	5847.354	5879.535	364006	1157154	1
2022.06.09	16:00:00	5879.535	5902.181	5877.747	5883.111	104812	355549	1
2022.06.10	08:00:00	5883.706	6008.854	5856.889	5999.915	791197	2321198	1
2022.06.10	12:00:00	5999.915	6004.086	5961.179	5973.693	343774	1206987	1
2022.06.10	16:00:00	5973.693	5983.228	5962.370	5980.249	86781	297511	1
2022.06.13	08:00:00	6038.055	6153.667	6028.520	6152.475	695859	2093856	1
2022.06.13	12:00:00	6152.475	6156.647	6095.861	6122.082	459766	1499972	1
2022.06.13	16:00:00	6122.678	6148.899	6107.780	6128.637	175274	565199	1
2022.06.14	08:00:00	6125.062	6143.536	6091.093	6135.193	651290	1832165	1
2022.06.14	12:00:00	6135.789	6170.949	6120.890	6159.626	449305	1538501	1
2022.06.14	16:00:00	6159.626	6164.990	6126.850	6130.425	103154	344492	1
2022.06.15	08:00:00	6101.224	6145.920	6081.558	6126.254	689206	1958233	1
2022.06.15	12:00:00	6126.254	6144.132	6035.075	6064.872	700380	1993441	1
2022.06.15	16:00:00	6064.872	6070.831	6006.470	6051.761	226426	705733	1
2022.06.17	08:00:00	6120.294	6160.818	6107.780	6138.172	652727	1888772	1
2022.06.17	12:00:00	6137.577	6159.030	6117.315	6145.324	365834	1128273	1
2022.06.17	16:00:00	6144.728	6169.161	6138.172	6164.990	88013	287620	1
2022.06.20	08:00:00	6159.030	6206.705	6144.132	6161.414	520692	1564566	1
2022.06.20	12:00:00	6161.414	6195.979	6148.899	6194.787	255618	845046	1
2022.06.20	16:00:00	6194.787	6213.261	6191.807	6207.301	73871	271268	1
2022.06.21	08:00:00	6190.615	6200.150	6119.102	6127.446	643025	1870326	1
2022.06.21	12:00:00	6126.850	6160.222	6123.274	6157.838	294663	1000776	1
2022.06.21	16:00:00	6157.838	6164.394	6126.254	6129.829	91090	329447	1
2022.06.22	08:00:00	6175.717	6193.595	6128.041	6141.152	636367	1870950	1
2022.06.22	12:00:00	6141.748	6171.545	6134.597	6169.757	338588	1082374	1
2022.06.22	16:00:00	6169.757	6209.685	6167.373	6207.301	107508	379906	1
2022.06.23	08:00:00	6207.897	6228.755	6172.141	6182.868	658413	2068748	1
2022.06.23	12:00:00	6183.464	6251.997	6182.272	6249.017	386887	1251483	1
2022.06.23	16:00:00	6249.017	6269.279	6238.290	6261.532	94796	318826	1
2022.06.24	08:00:00	6245.441	6300.268	6215.645	6266.895	665899	2028839	1
2022.06.24	12:00:00	6266.895	6287.157	6236.502	6284.773	295298	908543	1
2022.06.24	16:00:00	6284.773	6289.541	6256.764	6262.128	89014	283179	1
2022.06.27	08:00:00	6257.360	6297.884	6221.604	6225.180	680691	1961540	1
2022.06.27	12:00:00	6225.180	6247.825	6210.281	6237.098	310815	1012249	1
2022.06.27	16:00:00	6236.502	6254.381	6235.906	6254.381	71825	231528	1
2022.06.28	08:00:00	6246.037	6259.744	6190.019	6225.775	660579	1960196	1
2022.06.28	12:00:00	6226.371	6299.076	6225.180	6288.945	412085	1391037	1
2022.06.28	16:00:00	6288.945	6292.521	6275.238	6285.965	82245	255030	1
2022.06.29	08:00:00	6264.512	6269.279	6213.261	6238.886	688539	2019045	1
2022.06.29	12:00:00	6238.886	6268.683	6196.574	6203.130	397968	1288740	1
2022.06.29	16:00:00	6203.726	6207.897	6173.333	6182.272	97622	344832	1
2022.06.30	08:00:00	6223.065	6283.369	6213.015	6236.072	614568	1870492	1
2022.06.30	12:00:00	6236.072	6246.714	6185.228	6231.934	375636	1240058	1
2022.06.30	16:00:00	6231.342	6270.362	6226.021	6265.041	119516	418753	1
2022.07.01	08:00:00	6296.375	6361.408	6290.463	6346.037	635961	1882089	1
2022.07.01	12:00:00	6346.037	6354.314	6300.514	6322.980	366053	1156734	1
2022.07.01	16:00:00	6323.571	6359.635	6321.797	6353.131	100069	338278	1
2022.07.04	08:00:00	6317.068	6356.087	6301.105	6309.973	471677	1270744	1
2022.07.04	12:00:00	6309.973	6344.854	6303.470	6342.490	198045	588575	1
2022.07.04	16:00:00	6341.898	6353.723	6337.760	6351.949	55320	173438	1
2022.07.05	08:00:00	6379.145	6436.492	6371.459	6423.485	664902	1935263	1
2022.07.05	12:00:00	6424.076	6435.901	6414.617	6430.580	308043	970667	1
2022.07.05	16:00:00	6430.580	6431.762	6412.843	6418.164	100732	335557	1
2022.07.06	08:00:00	6434.718	6471.964	6421.712	6471.373	687933	1886502	1
2022.07.06	12:00:00	6470.782	6503.298	6444.178	6451.272	474401	1448551	1
2022.07.06	16:00:00	6451.272	6467.235	6443.586	6460.140	80674	258064	1
2022.07.07	08:00:00	6435.901	6445.360	6347.219	6350.175	669080	1944398	1
2022.07.07	12:00:00	6349.584	6375.006	6344.854	6364.956	266621	855287	1
2022.07.07	16:00:00	6364.364	6371.459	6355.496	6356.087	65514	214425	1
2022.07.08	08:00:00	6375.597	6388.604	6283.369	6289.872	780354	2191607	1
2022.07.08	12:00:00	6289.872	6322.980	6270.953	6273.909	300289	994422	1
2022.07.08	16:00:00	6273.909	6277.457	6247.305	6252.035	94454	360966	1
2022.07.11	08:00:00	6317.659	6376.780	6301.696	6366.138	626045	1799500	1
2022.07.11	12:00:00	6366.138	6390.378	6352.540	6389.195	273379	909414	1
2022.07.11	16:00:00	6389.195	6405.749	6380.918	6395.698	104146	372307	1
2022.07.12	08:00:00	6395.698	6454.228	6385.057	6446.542	663655	1877202	1
2022.07.12	12:00:00	6446.542	6462.505	6427.032	6459.549	313872	963257	1
2022.07.12	16:00:00	6460.140	6470.191	6458.367	6463.096	88571	318823	1
2022.07.13	08:00:00	6440.630	6494.430	6384.465	6389.786	875362	2445967	1
2022.07.13	12:00:00	6390.378	6418.164	6372.641	6397.472	364615	1089704	1
2022.07.13	16:00:00	6397.472	6432.353	6395.698	6407.523	106414	337713	1
2022.07.14	08:00:00	6503.298	6521.035	6456.002	6467.826	743032	2155925	1
2022.07.14	12:00:00	6467.235	6476.103	6431.171	6457.775	440816	1317550	1
2022.07.14	16:00:00	6457.184	6465.461	6437.083	6438.857	80334	251867	1
2022.07.15	08:00:00	6422.894	6469.008	6383.874	6390.969	761512	2116202	1
2022.07.15	12:00:00	6390.378	6425.259	6381.509	6405.749	255871	823501	1
2022.07.15	16:00:00	6406.340	6423.485	6405.158	6422.303	63968	225933	1
2022.07.18	08:00:00	6379.145	6399.837	6351.949	6356.087	620963	1707130	1
2022.07.18	12:00:00	6356.087	6432.945	6353.723	6429.988	368151	1157501	1
2022.07.18	16:00:00	6430.580	6454.819	6424.076	6453.046	100522	367409	1
2022.07.19	08:00:00	6418.164	6442.404	6373.824	6397.472	691689	2017822	1
2022.07.19	12:00:00	6397.472	6418.164	6364.956	6409.296	374588	1174075	1
2022.07.19	16:00:00	6409.296	6434.718	6409.296	6420.529	96729	322939	1
2022.07.20	08:00:00	6442.404	6464.279	6390.378	6441.813	778180	2203848	1
2022.07.20	12:00:00	6442.404	6484.971	6432.945	6474.329	424738	1430325	1
2022.07.20	16:00:00	6474.329	6488.518	6464.870	6486.745	86082	293293	1
2022.07.21	08:00:00	6476.103	6512.167	6435.309	6500.934	807205	2343628	1
2022.07.21	12:00:00	6500.342	6535.224	6491.474	6518.079	390673	1276336	1
2022.07.21	16:00:00	6518.079	6522.808	6503.298	6515.123	94028	324343	1
2022.07.22	08:00:00	6496.204	6503.298	6438.857	6451.272	615310	1821848	1
2022.07.22	12:00:00	6451.272	6517.487	6447.725	6517.487	341081	1138404	1
2022.07.22	16:00:00	6517.487	6521.035	6509.210	6513.940	69876	265242	1
2022.07.25	08:00:00	6481.424	6487.927	6392.151	6409.887	601056	1943598	1
2022.07.25	12:00:00	6409.887	6416.982	6354.314	6357.270	355271	1281455	1
2022.07.25	16:00:00	6357.861	6368.503	6342.490	6343.081	107791	398826	1
2022.07.26	08:00:00	6373.232	6383.874	6315.294	6335.395	838561	2445937	1
2022.07.26	12:00:00	6335.986	6364.956	6322.980	6340.125	392465	1207152	1
2022.07.26	16:00:00	6340.716	6343.672	6320.615	6335.395	84197	286150	1
2022.07.27	08:00:00	6317.068	6330.665	6271.545	6282.777	673307	1946297	1
2022.07.27	12:00:00	6282.777	6285.142	6216.562	6221.883	509634	1567345	1
2022.07.27	16:00:00	6221.883	6230.751	6197.052	6204.738	148011	505063	1
2022.07.28	08:00:00	6226.021	6238.437	6122.560	6169.857	799617	2470401	1
2022.07.28	12:00:00	6170.448	6181.681	6114.874	6116.057	346859	1156381	1
2022.07.28	16:00:00	6115.465	6136.749	6102.459	6132.610	115659	425827	1
2022.07.29	08:00:00	6098.082	6157.775	6078.184	6141.974	749154	2205385	1
2022.07.29	12:00:00	6142.559	6147.241	6106.275	6108.616	338951	1086565	1
2022.07.29	16:00:00	6108.616	6122.662	6104.519	6110.957	80881	275332	1
2022.08.01	08:00:00	6091.059	6135.537	6057.701	6065.894	762891	2216444	1
2022.08.01	12:00:00	6065.309	6143.730	6064.724	6123.832	387972	1213870	1
2022.08.01	16:00:00	6123.247	6126.758	6111.542	6126.758	75049	234158	1
2022.08.02	08:00:00	6141.974	6195.230	6126.173	6180.599	865746	2509949	1
2022.08.02	12:00:00	6180.599	6232.684	6170.065	6224.491	424185	1434413	1
2022.08.02	16:00:00	6225.077	6237.952	6216.298	6230.344	93559	350131	1
2022.08.03	08:00:00	6195.230	6271.895	6188.207	6253.753	701616	2083981	1
2022.08.03	12:00:00	6253.753	6263.702	6201.082	6236.781	379794	1227026	1
2022.08.03	16:00:00	6237.366	6241.463	6222.736	6235.611	84050	284601	1
2022.08.04	08:00:00	6235.611	6246.145	6172.406	6192.889	665441	1907533	1
2022.08.04	12:00:00	6193.474	6194.645	6133.196	6147.826	428810	1435426	1
2022.08.04	16:00:00	6147.826	6163.042	6144.315	6146.071	85383	290471	1
2022.08.05	08:00:00	6160.701	6222.150	6113.298	6114.468	913854	2709238	1
2022.08.05	12:00:00	6114.468	6153.679	6091.644	6099.838	406502	1331093	1
2022.08.05	16:00:00	6099.252	6102.178	6079.355	6088.718	74288	250313	1
2022.08.08	08:00:00	6064.139	6069.991	6014.979	6043.656	642864	1810705	1
2022.08.08	12:00:00	6043.070	6057.701	6019.076	6027.269	379126	1167496	1
2022.08.08	16:00:00	6027.269	6031.951	6018.491	6026.684	84660	281150	1
2022.08.09	08:00:00	6033.122	6065.894	5999.763	6044.826	716595	2066968	1
2022.08.09	12:00:00	6044.241	6068.820	6036.048	6062.968	337952	1085008	1
2022.08.09	16:00:00	6062.968	6064.724	6035.462	6037.218	86270	311250	1
2022.08.10	08:00:00	6024.928	6061.798	5928.951	5944.752	778325	2512898	1
2022.08.10	12:00:00	5945.337	6002.690	5941.241	5993.911	336126	1192301	1
2022.08.10	16:00:00	5993.326	6000.934	5983.962	5999.178	87205	304742	1
2022.08.11	08:00:00	5981.036	6051.849	5957.627	6050.678	792896	2422610	1
2022.08.11	12:00:00	6050.678	6086.963	6040.729	6078.769	398618	1417897	1
2022.08.11	16:00:00	6078.769	6084.036	6068.235	6072.332	81995	317750	1
2022.08.12	08:00:00	6065.894	6077.599	5990.985	5992.741	611228	1946292	1
2022.08.12	12:00:00	5992.741	6001.519	5959.968	5965.820	302075	1138690	1
2022.08.12	16:00:00	5965.235	5978.695	5960.553	5968.746	78131	307294	1
2022.08.15	08:00:00	6014.394	6046.582	5983.377	5988.644	628616	1845600	1
2022.08.15	12:00:00	5988.644	6013.809	5969.332	5998.008	338746	1104966	1
2022.08.15	16:00:00	5998.593	6000.934	5981.621	5995.082	74145	257441	1
2022.08.16	08:00:00	6020.246	6057.701	6010.298	6054.190	655633	1987135	1
2022.08.16	12:00:00	6054.190	6060.627	6028.440	6048.923	304599	1050974	1
2022.08.16	16:00:00	6049.508	6058.286	6041.315	6054.190	67110	232127	1
2022.08.17	08:00:00	6086.377	6127.929	6066.480	6076.428	658225	2108999	1
2022.08.17	12:00:00	6076.428	6096.911	6048.923	6077.014	401281	1358170	1
2022.08.17	16:00:00	6077.014	6081.695	6062.968	6072.917	78212	248630	1
2022.08.18	08:00:00	6068.235	6108.031	6024.928	6078.769	590041	1906580	1
2022.08.18	12:00:00	6078.769	6116.809	6071.161	6092.230	311173	1074836	1
2022.08.18	16:00:00	6092.815	6092.815	6066.480	6069.991	79053	318149	1
2022.08.19	08:00:00	6108.616	6129.684	6069.991	6116.224	646009	2068534	1
2022.08.19	12:00:00	6116.224	6127.343	6066.480	6093.400	303681	1066639	1
2022.08.19	16:00:00	6093.985	6094.571	6067.065	6071.161	83991	326904	1
2022.08.22	08:00:00	6084.622	6109.201	6060.042	6088.133	621469	1833055	1
2022.08.22	12:00:00	6088.133	6090.474	6045.997	6048.923	341486	1116634	1
2022.08.22	16:00:00	6049.508	6074.088	6046.582	6054.190	92303	321670	1
2022.08.23	08:00:00	6021.417	6046.582	5961.724	5974.599	646625	2047514	1
2022.08.23	12:00:00	5974.599	5996.837	5950.019	5989.815	292445	1043271	1
2022.08.23	16:00:00	5989.815	6001.519	5977.525	5989.815	90196	328482	1
2022.08.24	08:00:00	5995.082	6009.127	5960.553	5986.888	685520	2135274	1
2022.08.24	12:00:00	5986.888	6005.616	5967.576	5994.496	305225	1031203	1
2022.08.24	16:00:00	5994.496	5997.423	5985.133	5996.837	69906	244635	1
2022.08.25	08:00:00	5970.502	6030.195	5963.479	5981.036	631146	2032059	1
2022.08.25	12:00:00	5981.036	6014.394	5981.036	6004.445	353746	1198636	1
2022.08.25	16:00:00	6004.445	6013.224	5985.718	5991.570	78500	261289	1
2022.08.26	08:00:00	5990.400	5998.008	5930.121	5953.530	812035	2503695	1
2022.08.26	12:00:00	5952.945	5996.252	5923.684	5938.900	370217	1339489	1
2022.08.26	16:00:00	5939.485	5953.530	5930.707	5934.803	85508	320040	1
2022.08.29	08:00:00	5952.945	5964.650	5903.201	5909.638	662347	2238943	1
2022.08.29	12:00:00	5909.638	5912.564	5868.672	5878.621	357598	1311454	1
2022.08.29	16:00:00	5879.206	5896.763	5876.280	5889.741	93443	369894	1
2022.08.30	08:00:00	5872.769	5945.922	5866.331	5927.195	642438	2122643	1
2022.08.30	12:00:00	5927.780	5996.252	5925.439	5981.036	417196	1589519	1
2022.08.30	16:00:00	5981.036	6002.104	5974.013	6000.349	88868	337190	1
2022.08.31	08:00:00	6007.902	6091.571	6006.740	6068.911	700680	2335421	1
2022.08.31	12:00:00	6068.911	6104.354	6052.061	6096.801	387053	1490729	1
2022.08.31	16:00:00	6096.220	6102.611	6069.492	6074.721	110016	391731	1
2022.09.01	08:00:00	6095.057	6119.461	6025.914	6104.935	793990	2562690	1
2022.09.01	12:00:00	6104.935	6154.323	6090.990	6128.757	448989	1567834	1
2022.09.01	16:00:00	6128.757	6138.635	6117.718	6138.054	102878	369518	1
2022.09.02	08:00:00	6113.651	6127.014	6053.804	6060.195	763360	2267554	1
2022.09.02	12:00:00	6060.195	6097.963	6035.792	6048.575	433278	1444277	1
2022.09.02	16:00:00	6048.575	6074.140	6041.602	6048.575	100067	345728	1
2022.09.05	08:00:00	6063.682	6072.978	6039.278	6050.899	512463	1419051	1
2022.09.05	12:00:00	6050.899	6056.709	6026.495	6034.630	222831	714181	1
2022.09.05	16:00:00	6034.630	6036.373	6027.076	6032.306	42654	144850	1
2022.09.06	08:00:00	6045.088	6130.501	6039.859	6114.813	676311	2008213	1
2022.09.06	12:00:00	6114.232	6140.378	6102.611	6125.852	354289	1202787	1
2022.09.06	16:00:00	6126.433	6143.864	6122.366	6139.216	75887	273462	1
2022.09.08	08:00:00	6091.571	6121.204	6054.966	6105.516	841020	2405606	1
2022.09.08	12:00:00	6105.516	6124.690	6081.694	6087.504	408283	1354002	1
2022.09.08	16:00:00	6087.504	6099.125	6079.951	6098.544	89655	338191	1
2022.09.09	08:00:00	6056.709	6081.113	6009.645	6017.780	640021	1853682	1
2022.09.09	12:00:00	6017.780	6034.049	6014.294	6025.333	237539	770872	1
2022.09.09	16:00:00	6025.333	6026.495	6011.969	6016.037	61504	218947	1
2022.09.12	08:00:00	5976.526	6002.673	5971.878	5985.242	534186	1667922	1
2022.09.12	12:00:00	5985.242	5990.471	5938.759	5941.664	348058	1186332	1
2022.09.12	16:00:00	5942.245	5959.676	5938.759	5949.799	88321	308665	1
2022.09.13	08:00:00	5939.340	6081.694	5930.043	6029.982	875543	2846145	1
2022.09.13	12:00:00	6029.982	6066.587	6020.685	6057.290	372655	1312329	1
2022.09.13	16:00:00	6057.871	6066.006	6049.156	6058.452	74254	274250	1
2022.09.14	08:00:00	6057.290	6068.330	6011.969	6038.697	694200	2033716	1
2022.09.14	12:00:00	6038.116	6057.871	6023.009	6045.669	283556	993778	1
2022.09.14	16:00:00	6046.250	6052.061	6024.752	6028.238	68848	266685	1
2022.09.15	08:00:00	6042.183	6105.516	6041.021	6102.030	616001	1845682	1
2022.09.15	12:00:00	6101.449	6118.880	6096.220	6115.975	285889	1062943	1
2022.09.15	16:00:00	6115.394	6125.852	6109.583	6120.042	76786	295186	1
2022.09.16	08:00:00	6124.109	6192.671	6120.623	6148.513	601920	1998037	1
2022.09.16	12:00:00	6149.094	6181.632	6129.920	6132.244	329044	1165607	1
2022.09.16	16:00:00	6132.244	6137.473	6120.623	6126.433	81986	298900	1
2022.09.19	08:00:00	6172.916	6181.051	6082.856	6085.761	612479	1852995	1
2022.09.19	12:00:00	6085.761	6086.342	5993.957	6028.238	439187	1688562	1
2022.09.19	16:00:00	6028.238	6029.400	6011.969	6028.819	95953	350521	1
2022.09.20	08:00:00	6071.816	6085.761	6013.131	6020.104	727833	2261560	1
2022.09.20	12:00:00	6020.104	6026.495	5989.890	5995.119	418608	1436421	1
2022.09.20	16:00:00	5995.119	6016.037	5990.471	5992.795	101760	355181	1
2022.09.21	08:00:00	5989.890	6036.954	5962.581	6034.630	661442	2067421	1
2022.09.21	12:00:00	6034.630	6049.737	5965.487	5980.594	633619	1994681	1
2022.09.21	16:00:00	5980.594	6031.144	5971.297	6021.847	194669	624075	1
2022.09.22	08:00:00	5973.621	6036.373	5964.325	6034.049	637863	2049717	1
2022.09.22	12:00:00	6033.468	6038.116	5960.838	5964.325	399810	1409544	1
2022.09.22	16:00:00	5964.906	5964.906	5945.150	5957.352	105066	400103	1
2022.09.23	08:00:00	6018.361	6097.382	6016.037	6096.220	613715	2027400	1
2022.09.23	12:00:00	6096.220	6127.595	6086.923	6124.109	352650	1239870	1
2022.09.23	16:00:00	6124.109	6131.082	6107.840	6122.947	108068	363774	1
2022.09.26	08:00:00	6158.971	6234.506	6158.971	6233.344	754538	2367180	1
2022.09.26	12:00:00	6233.344	6303.068	6229.858	6273.435	535732	2029758	1
2022.09.26	16:00:00	6273.435	6282.151	6243.802	6274.597	163720	568007	1
2022.09.27	08:00:00	6220.561	6260.652	6160.714	6222.885	785010	2469204	1
2022.09.27	12:00:00	6222.885	6265.882	6217.075	6233.925	438361	1446484	1
2022.09.27	16:00:00	6233.344	6264.139	6233.344	6257.747	100348	319894	1
2022.09.28	08:00:00	6291.447	6305.973	6206.035	6235.087	790728	2493717	1
2022.09.28	12:00:00	6235.087	6268.206	6188.604	6212.427	511071	1768167	1
2022.09.28	16:00:00	6212.427	6250.775	6206.616	6250.775	96020	364280	1
2022.09.29	08:00:00	6265.882	6312.365	6246.708	6280.989	758110	2365658	1
2022.09.29	12:00:00	6280.408	6292.028	6256.585	6278.665	378643	1260516	1
2022.09.29	16:00:00	6278.083	6285.637	6261.814	6274.597	89042	297011	1
2022.09.30	08:00:00	6263.636	6298.828	6248.059	6283.251	559132	1672963	1
2022.09.30	12:00:00	6283.251	6306.328	6192.674	6231.905	457436	1615411	1
2022.09.30	16:00:00	6231.905	6294.790	6227.867	6284.982	122333	431766	1
2022.10.03	08:00:00	6115.367	6170.174	6020.175	6021.906	717234	2311202	1
2022.10.03	12:00:00	6022.483	6025.944	5986.713	6004.598	436930	1486554	1
2022.10.03	16:00:00	6004.021	6024.213	5992.483	6005.752	115895	400334	1
2022.10.04	08:00:00	5976.906	6007.483	5935.367	5970.560	755808	2418690	1
2022.10.04	12:00:00	5971.137	6062.290	5960.752	5991.906	489075	1629467	1
2022.10.04	16:00:00	5991.906	6018.444	5987.290	6008.636	116061	393157	1
2022.10.05	08:00:00	6055.944	6085.367	6014.983	6074.982	712559	2046082	1
2022.10.05	12:00:00	6074.982	6076.713	5990.175	6000.560	429330	1364662	1
2022.10.05	16:00:00	5999.983	6039.790	5995.944	6027.675	105460	369508	1
2022.10.06	08:00:00	6029.406	6053.059	6002.290	6014.983	750811	2171076	1
2022.10.06	12:00:00	6014.983	6048.444	6014.406	6035.752	383633	1247976	1
2022.10.06	16:00:00	6035.175	6067.482	6029.406	6056.521	85675	314812	1
2022.10.07	08:00:00	6039.790	6088.829	6021.329	6043.829	732653	2065401	1
2022.10.07	12:00:00	6043.252	6062.290	6024.790	6040.367	306037	990218	1
2022.10.07	16:00:00	6040.367	6057.675	6028.252	6030.559	81796	280128	1
2022.10.10	08:00:00	6017.290	6043.252	5985.560	6036.906	607417	1775759	1
2022.10.10	12:00:00	6036.906	6047.867	6007.483	6008.060	336860	1041836	1
2022.10.10	16:00:00	6008.060	6021.906	6002.290	6010.944	85360	264873	1
2022.10.11	08:00:00	6005.752	6058.829	6002.290	6044.983	592369	1727820	1
2022.10.11	12:00:00	6044.983	6121.136	6019.598	6110.175	423196	1416904	1
2022.10.11	16:00:00	6110.752	6147.098	6101.521	6133.828	149132	560377	1
2022.10.13	08:00:00	6092.290	6234.213	6064.598	6136.713	824263	2506436	1
2022.10.13	12:00:00	6136.713	6145.367	6058.252	6089.982	496027	1519758	1
2022.10.13	16:00:00	6090.559	6119.982	6089.982	6093.444	114398	378903	1
2022.10.14	08:00:00	6111.905	6151.713	6068.636	6125.175	797567	2394646	1
2022.10.14	12:00:00	6125.175	6174.213	6121.136	6167.290	340198	1065115	1
2022.10.14	16:00:00	6166.713	6176.521	6156.905	6162.098	81238	282755	1
2022.10.17	08:00:00	6103.829	6134.982	6080.175	6100.367	609996	1830183	1
2022.10.17	12:00:00	6100.944	6131.521	6080.752	6120.559	306303	946923	1
2022.10.17	16:00:00	6120.559	6137.867	6103.829	6114.790	99490	330468	1
2022.10.18	08:00:00	6099.790	6119.982	6062.290	6090.559	633255	1954500	1
2022.10.18	12:00:00	6090.559	6129.213	6080.752	6087.675	425291	1363167	1
2022.10.18	16:00:00	6087.675	6094.598	6053.636	6060.559	116086	376953	1
2022.10.19	08:00:00	6103.829	6128.636	6077.290	6104.982	630015	1885186	1
2022.10.19	12:00:00	6105.559	6124.598	6093.444	6104.982	354048	1165130	1
2022.10.19	16:00:00	6104.982	6110.752	6091.713	6094.598	87614	315386	1
2022.10.20	08:00:00	6070.367	6079.598	6004.598	6017.290	702592	2161884	1
2022.10.20	12:00:00	6017.290	6042.098	6012.098	6032.867	327416	1134102	1
2022.10.20	16:00:00	6032.290	6042.675	6024.790	6031.713	79033	275006	1
2022.10.21	08:00:00	6054.213	6099.213	5977.483	5993.637	889790	2721284	1
2022.10.21	12:00:00	5993.637	6025.944	5964.214	5967.675	449476	1397325	1
2022.10.21	16:00:00	5967.675	5972.290	5941.714	5969.406	131882	505057	1
2022.10.24	08:00:00	6010.944	6126.328	6008.636	6106.136	766062	2301604	1
2022.10.24	12:00:00	6105.559	6124.598	6079.021	6102.098	430674	1459974	1
2022.10.24	16:00:00	6101.521	6134.405	6095.752	6124.021	113833	402398	1
2022.10.25	08:00:00	6113.636	6187.482	6109.598	6135.559	787569	2373670	1
2022.10.25	12:00:00	6136.136	6147.098	6093.444	6142.482	432354	1399534	1
2022.10.25	16:00:00	6142.482	6150.559	6131.521	6140.175	98805	334261	1
2022.10.26	08:00:00	6111.905	6163.828	6096.905	6151.713	710135	2041134	1
2022.10.26	12:00:00	6151.136	6201.905	6134.982	6193.251	398618	1339266	1
2022.10.26	16:00:00	6192.674	6220.367	6192.097	6218.059	107007	387571	1
2022.10.27	08:00:00	6223.251	6226.136	6094.021	6110.175	786530	2282257	1
2022.10.27	12:00:00	6110.752	6136.136	6095.752	6131.521	327814	1036004	1
2022.10.27	16:00:00	6131.521	6189.790	6051.329	6160.367	259998	818360	1
2022.10.28	08:00:00	6175.944	6212.290	6145.367	6159.790	677674	1868322	1
2022.10.28	12:00:00	6159.213	6188.059	6129.790	6130.944	310426	1030982	1
2022.10.28	16:00:00	6130.367	6140.175	6094.021	6117.098	116258	401736	1
2022.10.31	08:00:00	6241.140	6251.476	6016.601	6036.126	802475	2389278	1
2022.10.31	12:00:00	6035.552	6080.345	5955.729	5970.085	503574	1694068	1
2022.10.31	16:00:00	5969.511	5990.759	5967.214	5988.462	128488	426658	1
2022.11.01	08:00:00	5948.837	6016.601	5921.847	5945.392	846354	2390669	1
2022.11.01	12:00:00	5945.966	5949.412	5878.777	5891.985	571746	1732326	1
2022.11.01	16:00:00	5891.985	5963.194	5874.757	5937.926	211019	648988	1
2022.11.03	08:00:00	5995.353	6034.403	5916.104	5924.718	859443	2443172	1
2022.11.03	12:00:00	5924.144	5931.035	5874.757	5908.639	436389	1393350	1
2022.11.03	16:00:00	5908.639	5921.273	5901.173	5905.767	80372	257137	1
2022.11.04	08:00:00	5846.043	5909.213	5801.251	5806.993	803188	2292512	1
2022.11.04	12:00:00	5806.993	5832.261	5793.211	5802.973	319058	1003727	1
2022.11.04	16:00:00	5802.973	5865.569	5802.399	5839.727	132004	472609	1
2022.11.07	08:00:00	5842.024	5899.450	5823.073	5893.133	711844	1924808	1
2022.11.07	12:00:00	5892.559	5919.550	5872.460	5904.044	362856	1115215	1
2022.11.07	16:00:00	5904.044	5971.234	5900.599	5954.580	161650	541162	1
2022.11.08	08:00:00	5972.382	6052.780	5949.412	5960.897	725319	2050573	1
2022.11.08	12:00:00	5960.897	5967.788	5917.253	5940.223	468993	1469878	1
2022.11.08	16:00:00	5940.798	5964.917	5923.570	5939.649	166449	528616	1
2022.11.09	08:00:00	5964.917	5992.482	5938.501	5970.085	638870	1713048	1
2022.11.09	12:00:00	5970.660	5971.234	5921.847	5956.303	460913	1405334	1
2022.11.09	16:00:00	5955.729	5995.353	5951.134	5976.976	149776	465873	1
2022.11.10	08:00:00	6046.463	6180.267	6044.166	6132.029	1001643	2941593	1
2022.11.10	12:00:00	6132.603	6204.386	6121.118	6198.644	476057	1536141	1
2022.11.10	16:00:00	6198.644	6242.862	6146.960	6167.059	238144	791266	1
2022.11.11	08:00:00	6156.148	6232.526	6079.196	6124.563	808613	2233043	1
2022.11.11	12:00:00	6123.989	6184.861	6051.631	6156.148	532722	1557155	1
2022.11.11	16:00:00	6156.148	6177.970	6134.326	6163.039	127294	357624	1
2022.11.14	08:00:00	6155.574	6172.802	6063.117	6145.237	736344	1949573	1
2022.11.14	12:00:00	6145.811	6156.722	6113.078	6136.049	415333	1222566	1
2022.11.14	16:00:00	6136.049	6155.574	6076.325	6153.277	214777	640637	1
2022.11.16	08:00:00	6156.148	6195.772	6092.404	6141.217	843877	2287149	1
2022.11.16	12:00:00	6141.217	6220.466	6128.009	6210.129	570611	1720525	1
2022.11.16	16:00:00	6209.555	6233.100	6190.030	6230.803	149283	439805	1
2022.11.17	08:00:00	6333.597	6372.073	6261.239	6283.635	775042	2185003	1
2022.11.17	12:00:00	6284.210	6315.220	6254.922	6279.615	438146	1313186	1
2022.11.17	16:00:00	6280.190	6285.358	6206.109	6250.328	229374	712827	1
2022.11.18	08:00:00	6203.238	6214.723	6136.623	6181.416	710779	1964570	1
2022.11.18	12:00:00	6181.416	6203.812	6141.791	6195.198	509891	1619448	1
2022.11.18	16:00:00	6195.198	6201.515	6172.227	6188.307	125667	359516	1
2022.11.21	08:00:00	6199.792	6200.941	6098.721	6140.643	648278	1803782	1
2022.11.21	12:00:00	6140.068	6179.119	6099.870	6112.504	450623	1408554	1
2022.11.21	16:00:00	6112.504	6125.137	6104.464	6124.563	106970	342954	1
2022.11.22	08:00:00	6111.355	6175.673	6076.325	6146.960	713069	2005051	1
2022.11.22	12:00:00	6146.385	6172.802	6133.177	6165.910	356819	1096964	1
2022.11.22	16:00:00	6166.485	6211.852	6157.871	6161.891	186751	601836	1
2022.11.23	08:00:00	6147.534	6225.060	6146.960	6192.901	557415	1560761	1
2022.11.23	12:00:00	6192.901	6216.446	6169.930	6206.109	381508	1164991	1
2022.11.23	16:00:00	6206.683	6214.149	6152.128	6173.376	200516	632106	1
2022.11.24	08:00:00	6114.801	6137.197	6095.276	6106.761	486834	1330282	1
2022.11.24	12:00:00	6106.761	6142.366	6095.276	6104.464	251168	782495	1
2022.11.24	16:00:00	6103.890	6121.692	6102.167	6113.078	32782	107342	1
2022.11.25	08:00:00	6114.226	6167.633	6098.721	6159.019	494745	1426951	1
2022.11.25	12:00:00	6158.445	6236.545	6146.385	6223.337	428060	1475133	1
2022.11.25	16:00:00	6222.763	6236.545	6195.772	6218.169	77676	247836	1
2022.11.28	08:00:00	6233.100	6242.862	6165.910	6194.624	547376	1595279	1
2022.11.28	12:00:00	6194.624	6198.644	6146.385	6166.485	277665	849258	1
2022.11.28	16:00:00	6166.485	6179.119	6160.168	6164.762	78033	276130	1
2022.11.29	08:00:00	6121.692	6129.157	6080.919	6084.364	511205	1516895	1
2022.11.29	12:00:00	6083.216	6099.870	6064.265	6068.285	352414	1181936	1
2022.11.29	16:00:00	6067.711	6082.067	6053.354	6053.354	98336	317382	1
2022.11.30	08:00:00	6040.235	6101.265	6018.561	6057.917	511390	1541060	1
2022.11.30	12:00:00	6057.917	6066.473	5966.087	5982.628	470080	1705640	1
2022.11.30	16:00:00	5983.198	5984.339	5937.569	5948.976	161464	566079	1
2022.12.01	08:00:00	5956.961	5986.050	5925.020	5935.857	567034	1576647	1
2022.12.01	12:00:00	5935.857	5979.776	5930.154	5957.532	429344	1367180	1
2022.12.01	16:00:00	5957.532	5977.495	5948.976	5952.969	97035	324315	1
2022.12.02	08:00:00	5947.835	6008.295	5923.880	5955.250	612901	1737739	1
2022.12.02	12:00:00	5955.820	6012.858	5946.124	5991.754	326351	1044147	1
2022.12.02	16:00:00	5991.754	5994.606	5979.206	5985.480	56650	166874	1
2022.12.05	08:00:00	5971.221	6023.695	5965.517	6015.710	517602	1440705	1
2022.12.05	12:00:00	6016.280	6053.354	6012.858	6053.354	314190	951035	1
2022.12.05	16:00:00	6053.354	6068.754	6050.502	6059.628	88234	281401	1
2022.12.06	08:00:00	6047.080	6047.650	5984.339	6003.161	564488	1784160	1
2022.12.06	12:00:00	6003.161	6043.087	5990.613	6027.117	316496	1063154	1
2022.12.06	16:00:00	6027.687	6045.939	5996.887	6016.280	121818	431003	1
2022.12.07	08:00:00	6035.673	6049.361	5971.791	5974.072	550514	1624941	1
2022.12.07	12:00:00	5973.502	6002.021	5940.991	5963.806	379175	1299685	1
2022.12.07	16:00:00	5963.806	5980.917	5960.383	5966.087	104918	357090	1
2022.12.08	08:00:00	5994.035	6019.702	5955.820	5957.532	482953	1321110	1
2022.12.08	12:00:00	5957.532	5986.621	5950.117	5973.502	328320	1071280	1
2022.12.08	16:00:00	5973.502	6013.428	5962.665	5996.887	105699	364703	1
2022.12.09	08:00:00	5993.465	6053.924	5979.206	5993.465	535237	1563011	1
2022.12.09	12:00:00	5993.465	6025.406	5977.495	6014.569	214378	696732	1
2022.12.09	16:00:00	6014.569	6016.280	5999.169	6000.309	71260	258135	1
2022.12.12	08:00:00	6003.161	6118.376	5993.465	6100.125	515289	1610324	1
2022.12.12	12:00:00	6099.554	6128.643	6089.858	6093.280	327369	1157136	1
2022.12.12	16:00:00	6092.710	6102.406	6057.917	6101.836	128521	440520	1
2022.12.13	08:00:00	6093.280	6102.976	6002.591	6042.517	650300	1793817	1
2022.12.13	12:00:00	6042.517	6071.606	6006.013	6067.613	419158	1294547	1
2022.12.13	16:00:00	6068.184	6109.821	6048.791	6068.754	198513	641982	1
2022.12.14	08:00:00	6085.295	6149.176	6085.295	6115.525	555792	1590237	1
2022.12.14	12:00:00	6114.954	6125.791	6057.917	6071.606	444361	1408524	1
2022.12.14	16:00:00	6072.176	6110.962	6036.243	6053.924	281148	756143	1
2022.12.15	08:00:00	6100.125	6109.821	6048.221	6081.302	595132	1594982	1
2022.12.15	12:00:00	6081.873	6120.658	6044.228	6080.732	417746	1335878	1
2022.12.15	16:00:00	6080.162	6094.421	6068.754	6080.732	111390	348556	1
2022.12.16	08:00:00	6082.443	6100.125	6031.110	6039.665	483390	1426756	1
2022.12.16	12:00:00	6039.095	6064.191	6020.843	6062.480	291255	974565	1
2022.12.16	16:00:00	6061.910	6089.858	6051.073	6083.013	100578	338609	1
2022.12.19	08:00:00	6102.976	6106.399	6068.754	6079.591	421504	1203577	1
2022.12.19	12:00:00	6079.591	6090.428	6048.221	6065.902	340206	1131394	1
2022.12.19	16:00:00	6065.902	6079.021	6048.221	6059.058	107768	362558	1
2022.12.20	08:00:00	6055.065	6086.436	5942.702	5958.672	584033	1936215	1
2022.12.20	12:00:00	5958.672	5978.065	5914.754	5953.539	401501	1416117	1
2022.12.20	16:00:00	5953.539	5958.672	5940.420	5942.702	96043	334156	1
2022.12.21	08:00:00	5942.132	5963.806	5893.650	5945.554	568013	1785456	1
2022.12.21	12:00:00	5945.554	5956.391	5911.332	5939.850	336672	1140289	1
2022.12.21	16:00:00	5939.850	5952.398	5935.287	5937.569	79436	257871	1
2022.12.22	08:00:00	5948.976	5967.798	5892.509	5914.183	504228	1466922	1
2022.12.22	12:00:00	5914.183	5929.583	5893.080	5928.443	276656	926696	1
2022.12.22	16:00:00	5927.872	5927.872	5897.072	5899.924	113816	408852	1
2022.12.23	08:00:00	5906.769	5912.472	5864.561	5877.680	438906	1197175	1
2022.12.23	12:00:00	5877.109	5902.776	5841.746	5894.791	278625	927957	1
2022.12.23	16:00:00	5894.220	5903.346	5874.828	5887.946	70590	228353	1
2022.12.26	08:00:00	5887.946	5929.583	5881.102	5921.598	229586	555226	1
2022.12.26	12:00:00	5921.598	5950.687	5917.606	5936.998	137909	337424	1
2022.12.26	16:00:00	5936.998	5962.095	5933.006	5955.820	56093	158257	1
2022.12.27	08:00:00	5927.872	6041.376	5926.161	6027.117	463076	1521437	1
2022.12.27	12:00:00	6027.117	6049.932	6014.569	6019.702	260717	943983	1
2022.12.27	16:00:00	6019.132	6044.798	6016.850	6041.947	81652	281499	1
2022.12.28	08:00:00	6007.724	6033.961	5989.472	6008.865	390203	1138730	1
2022.12.28	12:00:00	6008.865	6029.398	5964.376	5990.613	256820	897388	1
2022.12.28	16:00:00	5991.184	6018.561	5984.339	6012.287	73372	235899	1
2022.12.29	08:00:00	5991.861	6012.855	5929.445	5959.518	370284	1100900	1
2022.12.29	12:00:00	5960.085	6057.680	5954.979	6034.984	345601	1127033	1
2022.12.29	16:00:00	6034.984	6042.360	6023.068	6038.956	76306	255015	1
2023.01.02	08:00:00	6045.197	6124.635	6037.821	6104.208	370033	1000008	1
2023.01.02	12:00:00	6104.208	6124.635	6082.646	6117.258	195175	560382	1
2023.01.02	16:00:00	6117.258	6128.039	6114.421	6128.039	73971	234126	1
2023.01.03	08:00:00	6154.140	6171.730	6094.562	6133.713	568469	1574976	1
2023.01.03	12:00:00	6133.146	6227.903	6131.444	6221.662	441813	1437400	1
2023.01.03	16:00:00	6221.662	6252.302	6213.718	6246.628	124875	403865	1
2023.01.04	08:00:00	6213.151	6241.521	6192.724	6231.308	519022	1476460	1
2023.01.04	12:00:00	6231.875	6251.735	6191.022	6218.825	410103	1308554	1
2023.01.04	16:00:00	6219.392	6228.471	6193.859	6198.398	120493	381346	1
2023.01.05	08:00:00	6189.320	6195.561	6126.337	6162.651	520238	1509143	1
2023.01.05	12:00:00	6162.084	6173.432	6106.478	6123.500	370085	1192543	1
2023.01.05	16:00:00	6122.932	6123.500	6103.073	6106.478	90619	316191	1
2023.01.06	08:00:00	6116.691	6125.202	6011.720	6036.119	572290	1800318	1
2023.01.06	12:00:00	6036.119	6036.119	5969.731	5983.349	336511	1201595	1
2023.01.06	16:00:00	5983.349	5983.349	5952.142	5968.597	92199	338077	1
2023.01.09	08:00:00	6020.231	6053.141	5983.917	6053.141	543774	1548637	1
2023.01.09	12:00:00	6053.141	6053.141	5982.215	5997.535	383716	1224996	1
2023.01.09	16:00:00	5997.535	6002.074	5985.619	5992.995	89182	275775	1
2023.01.10	08:00:00	5992.995	6014.557	5948.737	5958.951	532492	1453778	1
2023.01.10	12:00:00	5958.951	5979.945	5932.850	5933.985	305783	989996	1
2023.01.10	16:00:00	5933.417	5937.956	5924.906	5929.445	94509	318297	1
2023.01.11	08:00:00	5928.878	5964.625	5910.721	5913.558	541009	1602827	1
2023.01.11	12:00:00	5914.125	5938.524	5882.350	5901.642	344340	1234717	1
2023.01.11	16:00:00	5901.075	5912.990	5879.513	5881.215	100884	355418	1
2023.01.12	08:00:00	5887.457	5908.451	5822.205	5864.760	664263	1926766	1
2023.01.12	12:00:00	5864.760	5892.564	5773.975	5787.593	451960	1559717	1
2023.01.12	16:00:00	5787.593	5825.042	5780.784	5818.233	148233	536022	1
2023.01.13	08:00:00	5821.070	5869.867	5795.536	5805.750	516280	1486932	1
2023.01.13	12:00:00	5806.317	5817.665	5783.053	5802.345	330902	1090516	1
2023.01.13	16:00:00	5802.345	5817.665	5797.239	5800.643	87121	291382	1
2023.01.16	08:00:00	5831.851	5842.064	5798.941	5829.581	403878	1050193	1
2023.01.16	12:00:00	5829.581	5867.597	5814.828	5861.356	257626	798173	1
2023.01.16	16:00:00	5861.923	5877.243	5855.682	5862.491	82979	266155	1
2023.01.17	08:00:00	5866.463	5871.002	5817.098	5827.879	528738	1508253	1
2023.01.17	12:00:00	5828.446	5834.120	5799.508	5815.396	303429	960916	1
2023.01.17	16:00:00	5814.828	5817.665	5801.778	5804.047	80271	257562	1
2023.01.18	08:00:00	5794.401	5804.615	5762.626	5782.486	556543	1628532	1
2023.01.18	12:00:00	5781.918	5885.755	5772.840	5873.272	474038	1581336	1
2023.01.18	16:00:00	5872.704	5903.912	5865.895	5901.075	95749	334501	1
2023.01.19	08:00:00	5969.164	5979.377	5895.401	5927.743	553445	1636676	1
2023.01.19	12:00:00	5927.743	5949.305	5885.187	5886.889	412283	1405959	1
2023.01.19	16:00:00	5886.889	5896.535	5874.406	5880.648	103058	361263	1
2023.01.20	08:00:00	5884.620	5958.383	5873.839	5922.069	497080	1460153	1
2023.01.20	12:00:00	5922.069	5936.254	5891.996	5905.047	366292	1252880	1
2023.01.20	16:00:00	5904.479	5931.715	5903.344	5924.339	109392	367730	1
2023.01.23	08:00:00	5924.339	5935.687	5890.294	5903.344	495940	1438447	1
2023.01.23	12:00:00	5903.344	5911.288	5871.002	5902.777	384108	1294352	1
2023.01.23	16:00:00	5903.344	5922.636	5899.373	5922.636	100612	311605	1
2023.01.24	08:00:00	5924.906	5933.417	5859.654	5876.109	446183	1357731	1
2023.01.24	12:00:00	5875.541	5878.378	5842.064	5854.547	264716	919560	1
2023.01.24	16:00:00	5854.547	5857.951	5835.822	5840.929	85986	310875	1
2023.01.25	08:00:00	5852.845	5853.980	5798.941	5804.615	486902	1563002	1
2023.01.25	12:00:00	5804.047	5806.317	5760.357	5767.166	357882	1283945	1
2023.01.25	16:00:00	5767.733	5776.812	5758.655	5766.031	83999	314493	1
2023.01.26	08:00:00	5763.761	5813.693	5756.952	5787.025	552778	1797477	1
2023.01.26	12:00:00	5786.458	5792.132	5746.739	5762.059	346826	1322023	1
2023.01.26	16:00:00	5761.492	5768.301	5751.846	5760.924	73181	256078	1
2023.01.27	08:00:00	5779.081	5785.323	5742.200	5774.542	501063	1603267	1
2023.01.27	12:00:00	5775.109	5809.154	5760.357	5799.508	312402	1097381	1
2023.01.27	16:00:00	5799.508	5810.856	5794.969	5800.076	76576	259905	1
2023.01.30	08:00:00	5813.693	5820.502	5770.570	5783.053	468033	1416041	1
2023.01.30	12:00:00	5782.486	5828.446	5773.975	5804.047	307595	1047587	1
2023.01.30	16:00:00	5804.047	5817.098	5797.239	5810.289	91607	304439	1
2023.01.31	08:00:00	5833.435	5833.435	5761.174	5767.948	481868	1514024	1
2023.01.31	12:00:00	5767.384	5785.449	5760.609	5765.125	245200	911605	1
2023.01.31	16:00:00	5765.125	5766.254	5753.835	5756.657	80100	304301	1
2023.02.01	08:00:00	5741.415	5761.738	5730.124	5757.222	449255	1400103	1
2023.02.01	12:00:00	5757.786	5798.434	5750.447	5766.819	318705	1135346	1
2023.02.01	16:00:00	5766.819	5783.755	5720.526	5732.382	260086	926042	1
2023.02.02	08:00:00	5705.284	5711.494	5604.230	5653.346	637379	2049081	1
2023.02.02	12:00:00	5652.781	5722.220	5651.087	5716.575	403028	1432611	1
2023.02.02	16:00:00	5716.010	5734.640	5701.332	5728.995	126422	454480	1
2023.02.03	08:00:00	5780.368	5805.773	5725.043	5784.884	636659	1961234	1
2023.02.03	12:00:00	5786.014	5824.403	5786.014	5821.015	320066	1152152	1
2023.02.03	16:00:00	5821.015	5853.194	5818.193	5844.162	107375	419015	1
2023.02.06	08:00:00	5850.372	5884.244	5839.645	5883.115	511232	1543772	1
2023.02.06	12:00:00	5883.115	5909.084	5866.743	5870.695	358811	1264317	1
2023.02.06	16:00:00	5870.695	5875.776	5824.403	5833.435	130898	494463	1
2023.02.07	08:00:00	5826.096	5889.890	5815.934	5876.905	566120	1707719	1
2023.02.07	12:00:00	5876.341	5900.616	5835.693	5891.019	482162	1547197	1
2023.02.07	16:00:00	5891.019	5913.036	5876.905	5907.955	114679	366053	1
2023.02.08	08:00:00	5882.551	5902.874	5852.065	5897.229	475198	1393413	1
2023.02.08	12:00:00	5897.793	5941.828	5881.986	5891.019	419452	1454009	1
2023.02.08	16:00:00	5891.019	5896.100	5874.647	5891.019	110898	386862	1
2023.02.09	08:00:00	5871.260	5977.959	5858.840	5969.490	679734	2141830	1
2023.02.09	12:00:00	5969.490	5975.136	5923.198	5960.458	384282	1341985	1
2023.02.09	16:00:00	5960.458	5994.895	5953.683	5994.330	139439	477219	1
2023.02.10	08:00:00	6007.879	6010.702	5919.811	5951.425	508099	1570780	1
2023.02.10	12:00:00	5951.425	5959.329	5905.132	5924.891	338634	1170394	1
2023.02.10	16:00:00	5925.456	5925.456	5898.358	5907.391	84374	275699	1
2023.02.13	08:00:00	5914.165	5919.246	5846.984	5847.549	521511	1571078	1
2023.02.13	12:00:00	5847.549	5874.647	5840.210	5862.227	298669	1050205	1
2023.02.13	16:00:00	5862.792	5866.743	5837.387	5839.081	94174	332276	1
2023.02.14	08:00:00	5834.000	5863.356	5803.514	5827.790	715285	2180566	1
2023.02.14	12:00:00	5827.790	5916.423	5816.499	5894.971	467568	1641289	1
2023.02.14	16:00:00	5894.971	5900.051	5841.903	5875.212	126593	468557	1
2023.02.15	08:00:00	5881.986	5927.150	5872.389	5907.955	572877	1771429	1
2023.02.15	12:00:00	5907.391	5926.021	5887.631	5903.439	354085	1202867	1
2023.02.15	16:00:00	5904.003	5911.907	5892.148	5902.874	94789	336610	1
2023.02.16	08:00:00	5888.196	5950.860	5878.599	5931.666	493556	1520462	1
2023.02.16	12:00:00	5932.230	5941.828	5881.986	5892.712	350130	1281398	1
2023.02.16	16:00:00	5893.277	5921.504	5890.454	5902.874	159480	595781	1
2023.02.17	08:00:00	5920.375	5941.263	5878.599	5885.373	414968	1302229	1
2023.02.17	12:00:00	5885.373	5885.938	5823.273	5835.129	372586	1387162	1
2023.02.17	16:00:00	5835.129	5849.242	5831.742	5843.597	62189	251299	1
2023.02.22	12:00:00	5862.227	5892.712	5828.919	5832.871	370595	1267836	1
2023.02.22	16:00:00	5832.306	5854.323	5823.273	5826.096	160895	530095	1
2023.02.23	08:00:00	5812.547	5849.807	5775.852	5789.401	508599	1633996	1
2023.02.23	12:00:00	5789.401	5823.273	5775.852	5809.724	335560	1227453	1
2023.02.23	16:00:00	5809.160	5810.853	5795.046	5806.337	77734	273315	1
2023.02.24	08:00:00	5828.919	5873.518	5816.499	5867.308	489833	1546435	1
2023.02.24	12:00:00	5866.743	5886.502	5854.323	5881.422	290123	1051795	1
2023.02.24	16:00:00	5881.986	5893.277	5872.389	5888.761	77257	288268	1
2023.02.27	08:00:00	5862.227	5887.067	5845.855	5869.566	471562	1476192	1
2023.02.27	12:00:00	5869.002	5888.196	5840.210	5857.146	388102	1423505	1
2023.02.27	16:00:00	5857.146	5884.244	5857.146	5874.082	100466	365862	1
2023.02.28	08:00:00	5869.595	5898.763	5848.280	5884.740	483262	1459297	1
2023.02.28	12:00:00	5885.301	5919.518	5873.522	5899.324	355691	1204426	1
2023.02.28	16:00:00	5899.885	5924.005	5889.789	5913.348	106577	416282	1
2023.03.01	08:00:00	5892.593	5894.276	5858.937	5883.057	496748	1485973	1
2023.03.01	12:00:00	5882.496	5905.495	5852.206	5867.912	377148	1285530	1
2023.03.01	16:00:00	5867.912	5869.595	5841.548	5846.597	82229	297392	1
2023.03.02	08:00:00	5861.742	5901.568	5848.280	5885.862	471866	1472094	1
2023.03.02	12:00:00	5885.301	5890.910	5848.280	5865.108	299333	1061017	1
2023.03.02	16:00:00	5865.108	5887.545	5863.986	5879.131	119633	431379	1
2023.03.03	08:00:00	5862.303	5889.228	5848.840	5875.204	409870	1254131	1
2023.03.03	12:00:00	5876.326	5902.129	5863.425	5871.278	269363	1003370	1
2023.03.03	16:00:00	5871.278	5875.204	5858.937	5863.986	63510	284596	1
2023.03.06	08:00:00	5876.326	5886.423	5862.303	5867.912	346556	1098470	1
2023.03.06	12:00:00	5867.912	5870.717	5823.599	5834.817	302870	1110291	1
2023.03.06	16:00:00	5834.817	5835.378	5811.819	5817.989	83501	371794	1
2023.03.07	08:00:00	5829.769	5848.280	5813.502	5836.500	360003	1115748	1
2023.03.07	12:00:00	5836.500	5870.717	5836.500	5861.181	366813	1266681	1
2023.03.07	16:00:00	5860.620	5862.864	5847.719	5855.011	83405	312339	1
2023.03.08	08:00:00	5843.231	5847.158	5778.724	5782.090	458408	1513408	1
2023.03.08	12:00:00	5782.090	5804.527	5750.677	5802.844	407354	1567874	1
2023.03.08	16:00:00	5802.844	5803.405	5784.894	5798.357	82815	329216	1
2023.03.09	08:00:00	5787.699	5799.478	5759.091	5788.260	519090	1612411	1
2023.03.09	12:00:00	5788.260	5814.624	5775.358	5780.407	341171	1198629	1
2023.03.09	16:00:00	5780.968	5827.525	5778.163	5819.672	140762	533640	1
2023.03.10	08:00:00	5805.649	5882.496	5805.649	5835.378	541908	1735969	1
2023.03.10	12:00:00	5835.378	5881.375	5810.697	5874.643	382996	1405763	1
2023.03.10	16:00:00	5874.643	5884.179	5865.108	5872.961	94831	374027	1
2023.03.13	08:00:00	5874.643	5949.808	5869.595	5875.765	737087	2384010	1
2023.03.13	12:00:00	5875.765	5921.762	5869.595	5920.640	331992	1177530	1
2023.03.13	16:00:00	5921.201	5934.663	5903.251	5908.860	104676	406170	1
2023.03.14	08:00:00	5896.520	5922.323	5878.009	5898.763	564531	1732939	1
2023.03.14	12:00:00	5898.203	5921.201	5886.423	5914.470	299423	1074738	1
2023.03.14	16:00:00	5913.909	5924.566	5911.104	5916.152	80243	302626	1
2023.03.15	08:00:00	5973.928	5998.609	5933.541	5971.124	604744	1992587	1
2023.03.15	12:00:00	5971.685	5996.927	5949.808	5963.832	396616	1444270	1
2023.03.15	16:00:00	5963.271	5969.441	5945.882	5953.174	82520	308674	1
2023.03.16	08:00:00	5940.272	5971.685	5927.371	5962.149	529890	1606130	1
2023.03.16	12:00:00	5962.149	5978.416	5898.763	5901.007	371896	1349443	1
2023.03.16	16:00:00	5901.007	5906.056	5880.814	5884.740	88209	348336	1
2023.03.17	08:00:00	5895.398	5945.882	5886.984	5935.785	384478	1233926	1
2023.03.17	12:00:00	5935.785	5945.321	5923.444	5935.224	218895	863591	1
2023.03.17	16:00:00	5935.224	5943.077	5925.688	5939.151	57793	239386	1
2023.03.20	08:00:00	5930.176	5943.077	5885.301	5889.228	459513	1462694	1
2023.03.20	12:00:00	5888.667	5906.617	5887.545	5899.324	206019	771440	1
2023.03.20	16:00:00	5899.324	5899.885	5889.789	5891.471	58951	221049	1
2023.03.21	08:00:00	5874.643	5907.738	5865.108	5885.862	447122	1469958	1
2023.03.21	12:00:00	5886.423	5899.885	5883.057	5884.740	173896	665475	1
2023.03.21	16:00:00	5885.301	5904.373	5882.496	5894.837	77885	317310	1
2023.03.22	08:00:00	5897.081	5933.541	5890.349	5924.005	373288	1220233	1
2023.03.22	12:00:00	5924.005	5925.688	5848.840	5867.912	417717	1461304	1
2023.03.22	16:00:00	5867.912	5894.837	5860.059	5891.471	137509	495407	1
2023.03.23	08:00:00	5851.084	5933.541	5847.158	5926.810	489099	1692132	1
2023.03.23	12:00:00	5926.810	5952.052	5911.104	5941.955	309213	1235172	1
2023.03.23	16:00:00	5941.955	5957.100	5931.298	5953.174	92982	377382	1
2023.03.24	08:00:00	5979.538	6000.853	5929.615	5933.541	549521	1888637	1
2023.03.24	12:00:00	5934.102	5938.590	5885.301	5904.934	282828	1212786	1
2023.03.24	16:00:00	5904.373	5904.373	5889.789	5895.398	52448	233942	1
2023.03.27	08:00:00	5896.520	5897.642	5858.937	5878.009	377432	1115019	1
2023.03.27	12:00:00	5877.448	5888.106	5851.645	5854.450	210623	719331	1
2023.03.27	16:00:00	5854.450	5856.133	5832.013	5837.622	71681	268443	1
2023.03.28	08:00:00	5832.573	5832.573	5778.724	5814.624	517787	1856397	1
2023.03.28	12:00:00	5814.624	5815.745	5782.090	5802.844	221755	862543	1
2023.03.28	16:00:00	5803.405	5803.405	5795.552	5798.918	48147	239146	1
2023.03.29	08:00:00	5795.552	5816.867	5769.749	5777.041	479460	1552876	1
2023.03.29	12:00:00	5777.602	5806.210	5759.091	5782.650	321770	1328011	1
2023.03.29	16:00:00	5782.650	5785.455	5753.482	5765.262	89339	389326	1
2023.03.30	08:00:00	5728.240	5791.625	5687.853	5756.848	690176	2287289	1
2023.03.30	12:00:00	5756.848	5759.652	5717.021	5722.631	256474	1037608	1
2023.03.30	16:00:00	5722.631	5728.801	5709.168	5717.021	75588	301132	1
2023.03.31	08:00:00	5730.978	5730.978	5677.944	5686.318	492125	1752611	1
2023.03.31	12:00:00	5686.876	5699.716	5670.687	5691.342	251374	1125713	1
2023.03.31	16:00:00	5691.342	5694.692	5677.944	5680.177	68832	301611	1
2023.04.03	08:00:00	5670.129	5693.575	5652.823	5674.036	459323	1496980	1
2023.04.03	12:00:00	5673.478	5698.599	5670.687	5696.366	237592	833107	1
2023.04.03	16:00:00	5695.808	5698.041	5674.036	5681.852	60158	218939	1
2023.04.04	08:00:00	5665.104	5697.483	5662.313	5687.993	416676	1417387	1
2023.04.04	12:00:00	5688.551	5716.463	5684.643	5700.832	217603	864567	1
2023.04.04	16:00:00	5701.390	5704.182	5674.036	5685.201	59677	264144	1
2023.04.05	08:00:00	5685.201	5691.342	5617.653	5662.313	528070	1794980	1
2023.04.05	12:00:00	5662.871	5675.153	5646.124	5674.036	208419	803347	1
2023.04.05	16:00:00	5673.478	5674.595	5639.983	5647.240	64617	260461	1
2023.04.06	08:00:00	5652.823	5695.808	5647.799	5669.570	391537	1320945	1
2023.04.06	12:00:00	5670.129	5680.735	5660.080	5665.104	168869	612988	1
2023.04.06	16:00:00	5665.104	5671.245	5661.755	5670.129	41383	183409	1
2023.04.10	08:00:00	5665.104	5704.740	5644.449	5691.900	393590	1261506	1
2023.04.10	12:00:00	5691.900	5696.924	5676.828	5686.318	159539	576228	1
2023.04.10	16:00:00	5685.760	5687.993	5671.803	5680.177	61839	246045	1
2023.04.11	08:00:00	5660.638	5666.779	5585.833	5604.814	568846	2132726	1
2023.04.11	12:00:00	5605.372	5613.745	5599.789	5607.047	184467	786204	1
2023.04.11	16:00:00	5607.047	5608.721	5596.998	5606.488	51789	239565	1
2023.04.12	08:00:00	5612.071	5613.745	5503.212	5524.984	689901	2376720	1
2023.04.12	12:00:00	5524.984	5535.591	5505.445	5523.868	245188	990872	1
2023.04.12	16:00:00	5523.868	5535.032	5501.538	5508.237	71736	297364	1
2023.04.13	08:00:00	5511.028	5528.892	5483.115	5489.814	568711	1931216	1
2023.04.13	12:00:00	5489.814	5519.402	5476.975	5516.610	216953	988209	1
2023.04.13	16:00:00	5516.610	5519.402	5511.028	5515.494	51320	252279	1
2023.04.14	08:00:00	5523.868	5555.129	5473.625	5545.639	495926	1704773	1
2023.04.14	12:00:00	5546.197	5548.989	5500.421	5502.654	230042	885104	1
2023.04.14	16:00:00	5502.654	5504.887	5490.373	5492.047	57463	225665	1
2023.04.17	08:00:00	5504.329	5543.406	5480.882	5537.824	433497	1423602	1
2023.04.17	12:00:00	5537.265	5545.639	5500.979	5513.819	222985	880725	1
2023.04.17	16:00:00	5514.377	5530.008	5511.586	5527.217	68842	259246	1
2023.04.18	08:00:00	5501.538	5580.809	5491.489	5559.037	532729	1841753	1
2023.04.18	12:00:00	5559.037	5587.508	5551.222	5575.785	224405	890365	1
2023.04.18	16:00:00	5575.226	5579.692	5554.013	5575.226	91097	385289	1
2023.04.19	08:00:00	5604.255	5661.197	5596.440	5631.051	566309	1892821	1
2023.04.19	12:00:00	5631.609	5682.410	5630.493	5677.944	256494	970695	1
2023.04.19	16:00:00	5677.944	5690.784	5667.337	5675.153	97491	415182	1
2023.04.20	08:00:00	5684.643	5685.760	5632.726	5638.867	466423	1483479	1
2023.04.20	12:00:00	5638.867	5646.124	5629.376	5642.216	170837	663963	1
2023.04.20	16:00:00	5642.774	5657.289	5640.541	5645.007	67662	292088	1
2023.04.24	08:00:00	5665.104	5683.527	5642.774	5661.755	471722	1461794	1
2023.04.24	12:00:00	5661.197	5665.663	5629.935	5632.726	221356	852552	1
2023.04.24	16:00:00	5633.284	5637.750	5624.910	5626.585	48261	203804	1
2023.04.25	08:00:00	5638.867	5677.386	5619.328	5664.546	563536	1876060	1
2023.04.25	12:00:00	5664.546	5679.619	5650.032	5663.430	237179	939422	1
2023.04.25	16:00:00	5663.430	5666.779	5641.658	5653.939	58365	244347	1
2023.04.26	08:00:00	5638.308	5666.221	5623.794	5641.100	499834	1630326	1
2023.04.26	12:00:00	5641.100	5652.823	5624.352	5647.240	259230	1017318	1
2023.04.26	16:00:00	5647.240	5652.823	5631.609	5635.517	59210	256264	1
2023.04.27	08:00:00	5627.143	5638.308	5584.158	5591.416	546291	1858871	1
2023.04.27	12:00:00	5590.857	5601.464	5551.222	5561.270	272824	1146309	1
2023.04.27	16:00:00	5561.270	5567.969	5552.896	5554.571	70499	290177	1
2023.04.28	08:00:00	5572.876	5602.274	5561.227	5585.079	446469	1562281	1
2023.04.28	12:00:00	5585.079	5600.055	5558.454	5569.548	222204	925230	1
2023.04.28	16:00:00	5568.993	5572.876	5563.446	5564.555	39630	191645	1
2023.05.02	08:00:00	5578.977	5630.562	5571.766	5623.352	478145	1522865	1
2023.05.02	12:00:00	5623.906	5638.883	5621.688	5630.008	189593	745949	1
2023.05.02	16:00:00	5630.008	5636.664	5620.023	5621.688	49599	203029	1
2023.05.03	08:00:00	5597.836	5635.555	5581.196	5589.516	475330	1481256	1
2023.05.03	12:00:00	5589.516	5600.055	5559.009	5565.665	317702	1090895	1
2023.05.03	16:00:00	5566.219	5576.204	5556.235	5572.321	96137	374274	1
2023.05.04	08:00:00	5552.352	5615.031	5541.814	5596.727	555426	1751928	1
2023.05.04	12:00:00	5596.727	5603.938	5565.110	5567.329	215008	839887	1
2023.05.04	16:00:00	5566.774	5572.876	5556.235	5560.673	60228	244016	1
2023.05.05	08:00:00	5556.235	5584.524	5523.509	5538.485	533157	1687531	1
2023.05.05	12:00:00	5537.931	5539.595	5492.447	5508.533	240358	976833	1
2023.05.05	16:00:00	5507.978	5535.157	5505.759	5522.954	51993	236393	1
2023.05.08	08:00:00	5522.400	5545.696	5509.087	5524.618	394078	1232290	1
2023.05.08	12:00:00	5525.173	5590.625	5522.954	5580.086	352687	1296495	1
2023.05.08	16:00:00	5580.086	5593.399	5576.758	5584.524	73714	297277	1
2023.05.09	08:00:00	5581.196	5613.367	5562.891	5580.086	473592	1566806	1
2023.05.09	12:00:00	5580.086	5586.743	5541.814	5568.993	277160	1052602	1
2023.05.09	16:00:00	5568.993	5570.102	5552.352	5557.345	58004	231083	1
2023.05.10	08:00:00	5556.235	5561.782	5502.431	5521.845	512279	1575540	1
2023.05.10	12:00:00	5521.845	5532.384	5507.978	5520.181	244804	825978	1
2023.05.10	16:00:00	5519.626	5521.290	5502.431	5509.087	62378	247250	1
2023.05.11	08:00:00	5521.290	5551.798	5509.642	5540.704	472216	1501716	1
2023.05.11	12:00:00	5541.259	5543.478	5493.002	5505.759	293698	1159154	1
2023.05.11	16:00:00	5505.759	5507.423	5486.900	5493.556	67572	264184	1
2023.05.12	08:00:00	5494.666	5519.072	5463.049	5484.127	485057	1671970	1
2023.05.12	12:00:00	5483.572	5499.658	5477.471	5485.236	214021	780986	1
2023.05.12	16:00:00	5485.236	5488.010	5476.916	5479.689	46572	191140	1
2023.05.15	08:00:00	5478.025	5490.228	5455.838	5464.158	451211	1404207	1
2023.05.15	12:00:00	5464.158	5473.588	5441.416	5443.080	250378	932069	1
2023.05.15	16:00:00	5443.080	5453.065	5438.088	5447.518	70449	304594	1
2023.05.16	08:00:00	5445.854	5472.478	5437.534	5470.260	538550	1736790	1
2023.05.16	12:00:00	5470.814	5511.861	5466.377	5490.228	342886	1265199	1
2023.05.16	16:00:00	5490.228	5503.541	5488.564	5496.884	64322	258570	1
2023.05.17	08:00:00	5496.884	5529.611	5488.564	5515.189	548899	1747652	1
2023.05.17	12:00:00	5515.744	5522.400	5475.252	5490.228	278675	1037691	1
2023.05.17	16:00:00	5490.783	5496.884	5480.799	5494.666	65903	283404	1
2023.05.18	08:00:00	5506.314	5537.376	5504.095	5536.821	472134	1531386	1
2023.05.18	12:00:00	5536.821	5540.704	5519.072	5522.400	235024	922974	1
2023.05.18	16:00:00	5522.400	5530.165	5519.626	5524.618	57735	233894	1
2023.05.19	08:00:00	5508.533	5561.227	5498.548	5550.134	498757	1758519	1
2023.05.19	12:00:00	5550.688	5561.227	5527.947	5557.345	274883	1138777	1
2023.05.19	16:00:00	5557.899	5564.001	5552.352	5557.899	60461	274962	1
2023.05.22	08:00:00	5557.345	5564.555	5514.079	5517.962	448172	1452840	1
2023.05.22	12:00:00	5517.962	5524.064	5505.759	5514.634	177664	677673	1
2023.05.22	16:00:00	5514.634	5529.056	5512.970	5522.954	64941	265855	1
2023.05.23	08:00:00	5534.603	5550.134	5507.978	5515.189	468317	1604858	1
2023.05.23	12:00:00	5515.744	5533.493	5500.767	5529.611	217767	876778	1
2023.05.23	16:00:00	5530.165	5530.720	5518.517	5525.728	56502	245394	1
2023.05.24	08:00:00	5514.634	5515.189	5481.908	5502.431	401076	1344104	1
2023.05.24	12:00:00	5502.431	5505.205	5486.900	5502.986	206632	792664	1
2023.05.24	16:00:00	5502.986	5513.525	5498.548	5509.087	49241	219533	1
2023.05.25	08:00:00	5500.767	5572.321	5490.783	5553.462	476903	1853320	1
2023.05.25	12:00:00	5552.907	5601.164	5552.907	5591.180	323452	1457219	1
2023.05.25	16:00:00	5591.180	5601.164	5587.297	5592.844	75557	340097	1
2023.05.26	08:00:00	5569.548	5586.743	5547.915	5561.782	507707	1708405	1
2023.05.26	12:00:00	5561.782	5567.329	5529.056	5535.157	235198	950112	1
2023.05.26	16:00:00	5535.157	5555.126	5527.392	5549.024	60527	256784	1
2023.05.29	08:00:00	5552.352	5564.555	5521.290	5559.563	336243	1047577	1
2023.05.29	12:00:00	5559.563	5567.884	5549.579	5566.774	143030	495022	1
2023.05.29	16:00:00	5566.774	5573.430	5559.009	5571.766	45028	170562	1
2023.05.30	08:00:00	5557.899	5622.242	5549.024	5614.477	509537	1752824	1
2023.05.30	12:00:00	5614.477	5625.570	5593.953	5596.172	234598	953636	1
2023.05.30	16:00:00	5596.727	5600.055	5587.297	5591.735	52159	225575	1
2023.05.31	08:00:00	5612.153	5687.202	5609.945	5684.995	627217	2206224	1
2023.05.31	12:00:00	5684.995	5690.513	5625.397	5629.811	342575	1425670	1
2023.05.31	16:00:00	5629.811	5639.192	5606.634	5609.945	84259	371509	1
2023.06.01	08:00:00	5592.287	5613.256	5571.869	5590.631	517213	1708489	1
2023.06.01	12:00:00	5590.079	5592.287	5554.762	5557.521	264058	1065512	1
2023.06.01	16:00:00	5557.521	5568.006	5553.658	5566.902	55781	251739	1
2023.06.02	08:00:00	5551.451	5552.555	5487.438	5497.923	541102	1896201	1
2023.06.02	12:00:00	5498.475	5512.822	5494.060	5505.649	170321	654695	1
2023.06.02	16:00:00	5506.200	5506.200	5492.956	5501.786	55597	243953	1
2023.06.05	08:00:00	5518.341	5519.444	5453.776	5462.054	495996	1599361	1
2023.06.05	12:00:00	5461.502	5463.709	5448.258	5461.502	212467	850242	1
2023.06.05	16:00:00	5461.502	5473.090	5455.432	5471.987	63442	280362	1
2023.06.06	08:00:00	5470.331	5495.164	5448.258	5457.087	484282	1615910	1
2023.06.06	12:00:00	5457.639	5459.846	5433.358	5448.258	213891	914523	1
2023.06.06	16:00:00	5448.810	5450.465	5439.429	5446.602	50305	232986	1
2023.06.07	08:00:00	5441.084	5468.124	5432.807	5457.639	489927	1691917	1
2023.06.07	12:00:00	5457.639	5460.398	5436.118	5453.224	215328	876673	1
2023.06.07	16:00:00	5453.224	5465.365	5452.673	5465.365	60753	254868	1
2023.06.09	08:00:00	5447.706	5461.502	5380.934	5405.215	428414	1541582	1
2023.06.09	12:00:00	5405.215	5417.907	5395.282	5399.145	190137	695233	1
2023.06.09	16:00:00	5399.145	5412.389	5398.593	5405.767	44432	194215	1
2023.06.12	08:00:00	5409.630	5429.496	5389.212	5411.837	415182	1389127	1
2023.06.12	12:00:00	5411.837	5412.389	5390.315	5392.523	207312	795538	1
2023.06.12	16:00:00	5392.523	5393.074	5386.452	5387.004	55916	255871	1
2023.06.13	08:00:00	5391.419	5404.111	5369.346	5373.760	477396	1672746	1
2023.06.13	12:00:00	5374.312	5389.212	5369.897	5385.349	207757	830840	1
2023.06.13	16:00:00	5384.797	5389.763	5381.486	5385.901	40460	198168	1
2023.06.14	08:00:00	5380.382	5384.245	5357.757	5358.309	345018	1250651	1
2023.06.14	12:00:00	5358.309	5389.212	5349.480	5355.550	364794	1435234	1
2023.06.14	16:00:00	5355.550	5363.827	5310.299	5333.476	171785	757453	1
2023.06.15	08:00:00	5341.754	5362.172	5320.232	5331.269	449431	1520065	1
2023.06.15	12:00:00	5331.821	5340.098	5306.988	5309.748	241778	956005	1
2023.06.15	16:00:00	5309.748	5330.165	5309.748	5326.854	53314	231541	1
2023.06.16	08:00:00	5323.543	5365.483	5319.129	5340.098	457308	1596907	1
2023.06.16	12:00:00	5340.098	5352.791	5321.336	5325.751	224013	862819	1
2023.06.16	16:00:00	5325.751	5340.650	5324.095	5330.165	55135	236285	1
2023.06.19	08:00:00	5336.236	5343.961	5273.878	5274.430	355898	1272118	1
2023.06.19	12:00:00	5274.430	5284.363	5264.497	5283.260	140744	603345	1
2023.06.19	16:00:00	5282.708	5287.674	5276.086	5284.915	45675	229502	1
2023.06.20	08:00:00	5292.641	5308.092	5278.845	5294.296	446515	1525114	1
2023.06.20	12:00:00	5294.296	5316.370	5283.260	5295.400	274770	1018649	1
2023.06.20	16:00:00	5294.848	5303.126	5292.089	5297.055	43671	196063	1
2023.06.21	08:00:00	5297.607	5322.992	5266.704	5268.912	482332	1716010	1
2023.06.21	12:00:00	5268.912	5274.430	5262.842	5266.704	157693	692127	1
2023.06.21	16:00:00	5267.256	5272.223	5262.842	5262.842	47834	215612	1
2023.06.22	08:00:00	5267.808	5285.467	5251.253	5278.293	420862	1483737	1
2023.06.22	12:00:00	5278.293	5292.089	5267.256	5278.293	228947	893001	1
2023.06.22	16:00:00	5278.293	5283.260	5270.015	5273.878	45911	202297	1
2023.06.23	08:00:00	5292.641	5311.403	5275.534	5276.086	404804	1416245	1
2023.06.23	12:00:00	5276.637	5286.019	5265.049	5283.260	182142	731862	1
2023.06.23	16:00:00	5283.260	5291.537	5276.637	5289.330	40404	178246	1
2023.06.26	08:00:00	5281.052	5282.708	5255.116	5274.982	302543	1053275	1
2023.06.26	12:00:00	5274.430	5277.741	5256.771	5261.738	158543	614323	1
2023.06.26	16:00:00	5261.738	5269.464	5260.082	5267.256	39857	171955	1
2023.06.27	08:00:00	5265.601	5300.918	5245.183	5299.263	451402	1626703	1
2023.06.27	12:00:00	5299.263	5306.437	5290.985	5292.641	196180	889187	1
2023.06.27	16:00:00	5292.089	5317.473	5290.985	5314.162	54941	262934	1
2023.06.28	08:00:00	5316.921	5376.519	5309.748	5359.964	474335	1813714	1
2023.06.28	12:00:00	5360.516	5362.172	5338.995	5342.306	194569	816440	1
2023.06.28	16:00:00	5342.306	5358.861	5340.650	5356.653	64316	288939	1
2023.06.29	08:00:00	5350.583	5381.486	5331.821	5377.071	459687	1626321	1
2023.06.29	12:00:00	5376.519	5377.071	5352.791	5371.001	196163	862349	1
2023.06.29	16:00:00	5371.001	5371.553	5342.306	5366.035	90422	399908	1
2023.06.30	08:00:00	5370.431	5380.873	5314.375	5329.763	423982	1546974	1
2023.06.30	12:00:00	5329.763	5330.862	5284.698	5295.689	245049	1079010	1
2023.06.30	16:00:00	5295.689	5305.582	5284.698	5287.995	56483	271149	1
2023.07.03	08:00:00	5298.987	5298.987	5257.769	5285.247	414328	1346947	1
2023.07.03	12:00:00	5285.797	5305.032	5279.752	5302.834	166216	651364	1
2023.07.03	16:00:00	5302.834	5314.924	5301.185	5311.627	44771	211464	1
2023.07.04	08:00:00	5301.185	5323.168	5283.599	5321.519	280094	865997	1
2023.07.04	12:00:00	5321.519	5353.394	5316.023	5341.853	172187	678086	1
2023.07.04	16:00:00	5341.853	5356.692	5336.907	5347.349	48793	212489	1
2023.07.05	08:00:00	5350.647	5378.125	5341.304	5363.836	464596	1512145	1
2023.07.05	12:00:00	5363.287	5371.530	5339.106	5353.394	194405	744352	1
2023.07.05	16:00:00	5353.944	5357.791	5346.250	5355.593	46469	197868	1
2023.07.06	08:00:00	5353.394	5417.695	5345.700	5415.496	522403	1794780	1
2023.07.06	12:00:00	5415.496	5466.607	5410.550	5441.326	331993	1345606	1
2023.07.06	16:00:00	5441.326	5453.417	5429.785	5432.533	56784	256184	1
2023.07.07	08:00:00	5431.983	5450.669	5364.386	5372.080	617182	2010794	1
2023.07.07	12:00:00	5372.080	5373.729	5351.746	5360.539	174638	666652	1
2023.07.07	16:00:00	5359.989	5380.324	5359.440	5379.224	59085	228463	1
2023.07.10	08:00:00	5372.630	5399.559	5358.890	5377.026	482040	1480929	1
2023.07.10	12:00:00	5377.576	5390.765	5367.134	5387.468	198687	664184	1
2023.07.10	16:00:00	5386.918	5411.649	5384.171	5409.451	61551	241459	1
2023.07.11	08:00:00	5403.955	5431.434	5386.369	5401.757	516188	1620457	1
2023.07.11	12:00:00	5401.757	5403.406	5359.989	5362.188	213591	762534	1
2023.07.11	16:00:00	5362.188	5363.287	5352.845	5357.241	55749	208199	1
2023.07.12	08:00:00	5350.097	5361.638	5277.004	5302.284	604213	1943428	1
2023.07.12	12:00:00	5302.284	5323.717	5296.788	5312.726	219845	790798	1
2023.07.12	16:00:00	5312.176	5323.168	5309.978	5314.375	51551	215391	1
2023.07.13	08:00:00	5293.491	5323.717	5287.446	5298.437	498261	1632904	1
2023.07.13	12:00:00	5298.437	5319.870	5279.202	5279.752	256539	963235	1
2023.07.13	16:00:00	5279.202	5296.788	5278.652	5290.194	51398	238890	1
2023.07.14	08:00:00	5296.239	5305.582	5265.463	5292.941	527144	1714269	1
2023.07.14	12:00:00	5292.941	5308.329	5273.157	5281.950	201650	856011	1
2023.07.14	16:00:00	5281.950	5290.743	5279.202	5281.950	49342	214950	1
2023.07.17	08:00:00	5292.392	5345.151	5287.446	5328.114	397503	1303020	1
2023.07.17	12:00:00	5328.114	5334.159	5289.094	5300.086	220115	877307	1
2023.07.17	16:00:00	5299.536	5307.230	5295.140	5297.888	54852	223564	1
2023.07.18	08:00:00	5295.689	5318.771	5283.049	5288.545	539788	1772669	1
2023.07.18	12:00:00	5289.094	5310.528	5283.049	5301.185	194133	832992	1
2023.07.18	16:00:00	5301.185	5304.482	5295.689	5302.834	44558	206473	1
2023.07.19	08:00:00	5305.582	5311.627	5267.661	5280.851	419854	1428936	1
2023.07.19	12:00:00	5280.851	5291.842	5266.012	5269.859	176912	703857	1
2023.07.19	16:00:00	5269.310	5279.202	5266.562	5276.454	42006	188721	1
2023.07.20	08:00:00	5277.004	5297.338	5251.723	5286.896	454225	1584835	1
2023.07.20	12:00:00	5286.896	5298.987	5276.454	5291.293	216721	888766	1
2023.07.20	16:00:00	5291.293	5294.041	5281.950	5281.950	46682	203167	1
2023.07.21	08:00:00	5306.681	5308.879	5240.182	5255.021	439973	1511695	1
2023.07.21	12:00:00	5255.570	5259.417	5241.831	5253.922	137501	592028	1
2023.07.21	16:00:00	5254.471	5265.463	5253.922	5263.814	51541	208445	1
2023.07.24	08:00:00	5251.723	5263.264	5205.010	5212.704	450641	1592855	1
2023.07.24	12:00:00	5212.704	5213.253	5197.865	5207.758	177581	748723	1
2023.07.24	16:00:00	5208.307	5211.605	5202.811	5204.460	47439	265350	1
2023.07.25	08:00:00	5200.063	5236.885	5190.721	5212.704	470348	1689302	1
2023.07.25	12:00:00	5212.704	5230.840	5212.154	5230.290	171763	669959	1
2023.07.25	16:00:00	5229.740	5230.840	5222.046	5230.840	44796	240804	1
2023.07.26	08:00:00	5217.650	5229.740	5200.063	5203.910	348320	1220226	1
2023.07.26	12:00:00	5203.910	5223.146	5193.469	5197.865	230457	948117	1
2023.07.26	16:00:00	5197.865	5212.154	5196.216	5208.857	57378	251857	1
2023.07.27	08:00:00	5195.117	5208.307	5178.630	5205.010	444372	1576617	1
2023.07.27	12:00:00	5204.460	5228.092	5184.126	5220.947	229474	986437	1
2023.07.27	16:00:00	5220.947	5234.687	5212.154	5216.001	80276	368780	1
2023.07.28	08:00:00	5198.415	5204.460	5162.692	5189.622	444537	1632163	1
2023.07.28	12:00:00	5190.171	5214.352	5189.072	5199.514	170458	673897	1
2023.07.28	16:00:00	5198.964	5206.109	5195.667	5206.109	46182	244083	1
2023.07.31	08:00:00	5203.923	5233.981	5182.609	5232.342	358170	1313839	1
2023.07.31	12:00:00	5231.795	5233.435	5200.097	5201.737	152603	654326	1
2023.07.31	16:00:00	5202.283	5203.923	5195.178	5195.178	50711	231790	1
2023.08.01	08:00:00	5197.365	5257.481	5197.365	5248.190	435995	1530730	1
2023.08.01	12:00:00	5248.190	5276.609	5245.458	5270.598	208074	884564	1
2023.08.01	16:00:00	5270.598	5271.144	5262.400	5268.412	61964	294631	1
2023.08.02	08:00:00	5276.063	5297.377	5254.202	5293.005	433758	1490723	1
2023.08.02	12:00:00	5293.005	5299.016	5264.039	5283.167	193919	797880	1
2023.08.02	16:00:00	5283.714	5288.086	5272.784	5286.447	57578	260890	1
2023.08.03	08:00:00	5324.156	5382.087	5320.877	5366.784	565431	2098729	1
2023.08.03	12:00:00	5366.784	5371.157	5351.482	5369.517	189324	803895	1
2023.08.03	16:00:00	5369.517	5408.320	5364.598	5405.040	90881	442700	1
2023.08.04	08:00:00	5405.040	5409.413	5325.796	5325.796	510656	1882481	1
2023.08.04	12:00:00	5326.342	5350.935	5323.610	5346.563	175250	732106	1
2023.08.04	16:00:00	5346.563	5356.947	5342.191	5353.668	59056	263570	1
2023.08.07	08:00:00	5350.389	5396.843	5346.017	5394.657	341168	1177210	1
2023.08.07	12:00:00	5394.657	5395.203	5374.982	5377.168	172743	707797	1
2023.08.07	16:00:00	5377.168	5383.180	5373.889	5381.540	43529	224746	1
2023.08.08	08:00:00	5415.424	5424.715	5393.017	5405.040	450877	1571770	1
2023.08.08	12:00:00	5405.587	5407.773	5367.877	5376.622	244397	935566	1
2023.08.08	16:00:00	5376.075	5380.994	5373.343	5380.994	42218	200068	1
2023.08.09	08:00:00	5371.703	5388.099	5349.296	5383.180	484956	1596151	1
2023.08.09	12:00:00	5382.633	5395.203	5372.796	5382.087	229542	964641	1
2023.08.09	16:00:00	5381.540	5387.552	5379.354	5379.901	44789	195247	1
2023.08.10	08:00:00	5366.238	5371.157	5314.865	5317.598	495726	1702780	1
2023.08.10	12:00:00	5317.598	5348.203	5312.679	5344.377	229945	953863	1
2023.08.10	16:00:00	5344.924	5372.250	5344.377	5369.517	73417	313973	1
2023.08.11	08:00:00	5349.296	5384.819	5335.086	5355.308	472602	1549202	1
2023.08.11	12:00:00	5354.761	5378.808	5349.296	5378.261	197792	791028	1
2023.08.11	16:00:00	5377.715	5387.005	5373.889	5384.273	49451	213328	1
2023.08.14	08:00:00	5390.831	5444.936	5387.005	5432.913	409607	1465612	1
2023.08.14	12:00:00	5432.366	5444.390	5421.436	5441.657	198214	816445	1
2023.08.14	16:00:00	5442.204	5452.587	5440.018	5441.657	81921	380960	1
2023.08.15	08:00:00	5457.506	5480.460	5437.831	5461.878	568903	1927414	1
2023.08.15	12:00:00	5461.878	5476.088	5452.041	5472.808	178585	755004	1
2023.08.15	16:00:00	5472.262	5472.808	5462.971	5466.797	47857	256564	1
2023.08.16	08:00:00	5454.773	5472.808	5440.564	5447.122	435003	1427824	1
2023.08.16	12:00:00	5446.576	5465.704	5426.901	5461.878	306859	1196392	1
2023.08.16	16:00:00	5462.425	5472.808	5456.959	5468.436	68036	358405	1
2023.08.17	08:00:00	5450.948	5477.727	5436.192	5464.064	475698	1526252	1
2023.08.17	12:00:00	5464.064	5476.088	5449.855	5467.890	248709	938279	1
2023.08.17	16:00:00	5468.436	5469.529	5453.680	5455.320	60334	244646	1
2023.08.18	08:00:00	5456.959	5481.006	5435.099	5435.645	478451	1511645	1
2023.08.18	12:00:00	5435.645	5447.669	5432.366	5445.483	180538	727166	1
2023.08.18	16:00:00	5446.029	5448.215	5441.111	5445.483	40349	181115	1
2023.08.21	08:00:00	5443.297	5473.355	5431.273	5466.250	391809	1267475	1
2023.08.21	12:00:00	5465.704	5470.622	5451.494	5455.320	159923	610942	1
2023.08.21	16:00:00	5455.866	5460.239	5451.494	5456.413	45569	170503	1
2023.08.22	08:00:00	5437.831	5437.831	5394.657	5395.750	496104	1682515	1
2023.08.22	12:00:00	5396.296	5411.052	5393.564	5403.947	158593	598766	1
2023.08.22	16:00:00	5403.401	5409.959	5401.215	5408.866	43329	185928	1
2023.08.23	08:00:00	5394.110	5409.413	5346.017	5350.935	467754	1711289	1
2023.08.23	12:00:00	5350.935	5353.122	5318.144	5320.877	232666	1026544	1
2023.08.23	16:00:00	5320.877	5321.424	5304.482	5317.598	93033	416155	1
2023.08.24	08:00:00	5332.900	5349.296	5314.319	5333.447	434471	1468095	1
2023.08.24	12:00:00	5333.447	5347.656	5328.528	5331.261	189639	762725	1
2023.08.24	16:00:00	5331.261	5348.203	5329.621	5344.924	50331	234434	1
2023.08.25	08:00:00	5341.645	5362.959	5315.412	5352.575	504385	1738478	1
2023.08.25	12:00:00	5352.028	5352.575	5320.877	5321.970	219116	851953	1
2023.08.25	16:00:00	5321.970	5340.552	5320.877	5330.714	56086	256026	1
2023.08.28	08:00:00	5334.540	5362.412	5321.970	5359.680	323500	961823	1
2023.08.28	12:00:00	5359.133	5372.250	5332.900	5335.086	229057	887515	1
2023.08.28	16:00:00	5335.086	5337.819	5329.621	5332.354	57874	240157	1
2023.08.29	08:00:00	5337.273	5361.319	5313.226	5329.075	518821	1736311	1
2023.08.29	12:00:00	5329.621	5331.807	5304.482	5309.400	260561	1099681	1
2023.08.29	16:00:00	5309.947	5314.319	5303.389	5309.400	62531	320429	1
2023.08.30	08:00:00	5314.319	5338.912	5294.644	5333.447	409500	1423577	1
2023.08.30	12:00:00	5333.447	5338.366	5308.854	5317.598	216305	1028101	1
2023.08.30	16:00:00	5317.598	5350.389	5315.958	5350.389	72988	379681	1
2023.08.31	08:00:00	5339.500	5420.624	5319.355	5412.457	524440	2091509	1
2023.08.31	12:00:00	5412.457	5424.980	5393.401	5414.635	303750	1416626	1
2023.08.31	16:00:00	5414.635	5424.435	5408.646	5416.813	76923	426025	1
2023.09.01	08:00:00	5403.201	5404.290	5357.467	5395.579	548918	1847904	1
2023.09.01	12:00:00	5395.034	5409.735	5392.312	5398.301	199227	741672	1
2023.09.01	16:00:00	5398.301	5414.090	5396.123	5409.190	51893	254272	1
2023.09.04	08:00:00	5395.579	5404.290	5371.078	5372.712	302025	996558	1
2023.09.04	12:00:00	5372.712	5396.668	5365.634	5393.946	135218	552797	1
2023.09.04	16:00:00	5394.490	5401.024	5391.768	5399.935	31641	159459	1
2023.09.05	08:00:00	5424.980	5444.580	5416.268	5439.680	405295	1402806	1
2023.09.05	12:00:00	5439.680	5444.580	5419.535	5442.402	222602	900286	1
2023.09.05	16:00:00	5442.402	5450.025	5428.246	5430.969	71348	337120	1
2023.09.06	08:00:00	5438.047	5459.825	5415.179	5439.680	484152	1755358	1
2023.09.06	12:00:00	5439.680	5452.203	5428.246	5451.114	195871	774842	1
2023.09.06	16:00:00	5451.114	5454.380	5435.869	5443.491	58832	286980	1
2023.09.08	08:00:00	5446.214	5457.103	5426.069	5453.836	343090	1127130	1
2023.09.08	12:00:00	5454.380	5455.469	5433.691	5445.669	174334	681691	1
2023.09.08	16:00:00	5445.669	5452.203	5441.858	5450.025	37467	148209	1
2023.09.11	08:00:00	5419.535	5430.969	5383.601	5392.312	362588	1299874	1
2023.09.11	12:00:00	5392.312	5396.123	5374.345	5386.868	199579	896218	1
2023.09.11	16:00:00	5386.868	5391.768	5380.334	5383.601	50328	242233	1
2023.09.12	08:00:00	5398.846	5423.891	5387.957	5407.013	367554	1262837	1
2023.09.12	12:00:00	5407.013	5408.101	5395.034	5404.290	171692	662885	1
2023.09.12	16:00:00	5403.746	5411.368	5401.024	5401.568	44656	202338	1
2023.09.13	08:00:00	5409.190	5421.713	5342.222	5354.745	518302	1913549	1
2023.09.13	12:00:00	5354.745	5367.812	5350.933	5362.367	165696	744884	1
2023.09.13	16:00:00	5362.911	5367.812	5361.823	5366.178	39156	179041	1
2023.09.14	08:00:00	5367.812	5372.712	5311.732	5318.266	532771	1954067	1
2023.09.14	12:00:00	5318.266	5326.433	5307.377	5321.533	176686	794321	1
2023.09.14	16:00:00	5321.533	5322.622	5313.910	5313.910	41042	178513	1
2023.09.15	08:00:00	5311.188	5324.799	5303.021	5314.999	426379	1574168	1
2023.09.15	12:00:00	5314.999	5319.355	5304.654	5312.277	162622	702488	1
2023.09.15	16:00:00	5312.821	5319.355	5305.743	5313.910	44799	220803	1
2023.09.18	08:00:00	5318.266	5322.077	5285.054	5290.499	376823	1420189	1
2023.09.18	12:00:00	5291.043	5293.221	5281.787	5292.132	141217	694238	1
2023.09.18	16:00:00	5291.587	5299.754	5290.499	5299.210	50144	237212	1
2023.09.19	08:00:00	5287.232	5305.199	5279.065	5298.665	371674	1318922	1
2023.09.19	12:00:00	5298.665	5317.721	5294.854	5315.544	172865	800584	1
2023.09.19	16:00:00	5315.544	5316.633	5307.377	5309.010	47768	252162	1
2023.09.20	08:00:00	5297.576	5299.210	5279.609	5284.509	296441	1105942	1
2023.09.20	12:00:00	5285.054	5309.555	5280.698	5304.654	288048	1238186	1
2023.09.20	16:00:00	5305.199	5323.710	5301.388	5320.988	95828	442241	1
2023.09.21	08:00:00	5337.866	5380.334	5332.422	5360.189	461990	1860073	1
2023.09.21	12:00:00	5360.189	5379.245	5351.478	5374.890	204643	895253	1
2023.09.21	16:00:00	5374.890	5385.234	5372.712	5382.512	68602	389842	1
2023.09.22	08:00:00	5357.467	5374.890	5344.944	5356.922	372085	1419548	1
2023.09.22	12:00:00	5356.378	5377.067	5354.200	5373.256	167447	717271	1
2023.09.22	16:00:00	5373.256	5381.967	5369.989	5379.790	40682	304129	1
2023.09.25	08:00:00	5389.045	5414.635	5379.790	5409.190	353874	1333597	1
2023.09.25	12:00:00	5409.190	5420.624	5402.657	5417.902	181308	748640	1
2023.09.25	16:00:00	5417.902	5418.991	5405.924	5414.090	50908	266377	1
2023.09.26	08:00:00	5419.535	5428.791	5394.490	5407.557	453744	1680135	1
2023.09.26	12:00:00	5407.557	5433.691	5407.013	5431.513	241512	1143907	1
2023.09.26	16:00:00	5431.513	5440.224	5426.069	5433.147	75041	409948	1
2023.09.27	08:00:00	5430.424	5478.337	5430.424	5477.792	468949	1918324	1
2023.09.27	12:00:00	5477.792	5531.149	5471.259	5508.282	402658	2024315	1
2023.09.27	16:00:00	5507.737	5508.282	5490.315	5492.492	74196	362424	1
2023.09.28	08:00:00	5488.137	5521.349	5461.458	5495.215	567867	2050697	1
2023.09.28	12:00:00	5495.215	5506.104	5479.425	5500.659	276857	1375803	1
2023.09.28	16:00:00	5500.659	5501.748	5477.792	5482.148	77019	379731	1
2023.09.29	08:00:00	5459.393	5472.396	5432.305	5448.016	452052	1795398	1
2023.09.29	12:00:00	5447.475	5479.439	5427.971	5467.520	296075	1341590	1
2023.09.29	16:00:00	5467.520	5479.439	5463.728	5479.439	69736	369057	1
2023.10.02	08:00:00	5513.028	5520.071	5479.981	5518.446	435129	1634091	1
2023.10.02	12:00:00	5518.446	5526.031	5501.651	5522.780	256661	1166501	1
2023.10.02	16:00:00	5522.780	5523.322	5500.026	5507.611	71195	376548	1
2023.10.03	08:00:00	5524.947	5581.833	5515.196	5580.208	632465	2411175	1
2023.10.03	12:00:00	5580.749	5611.088	5575.332	5600.253	331163	1526358	1
2023.10.03	16:00:00	5600.253	5626.258	5595.919	5620.840	108693	599659	1
2023.10.04	08:00:00	5593.210	5631.134	5572.081	5615.423	584357	2211968	1
2023.10.04	12:00:00	5615.423	5619.757	5572.623	5600.253	336675	1439801	1
2023.10.04	16:00:00	5600.253	5613.256	5592.668	5605.129	81912	382033	1
2023.10.05	08:00:00	5618.131	5633.843	5599.170	5627.883	535981	1897432	1
2023.10.05	12:00:00	5628.425	5640.886	5615.964	5619.215	285650	1155690	1
2023.10.05	16:00:00	5619.215	5627.341	5613.797	5618.131	60193	265250	1
2023.10.06	08:00:00	5614.339	5674.475	5611.088	5638.177	652185	2309704	1
2023.10.06	12:00:00	5638.719	5641.427	5593.752	5606.754	364105	1453223	1
2023.10.06	16:00:00	5606.754	5614.339	5591.585	5594.294	63591	271093	1
2023.10.09	08:00:00	5625.716	5633.843	5600.253	5621.924	399111	1398856	1
2023.10.09	12:00:00	5622.466	5624.091	5567.205	5578.041	262016	1020934	1
2023.10.09	16:00:00	5578.041	5586.167	5574.790	5582.917	62882	268921	1
2023.10.10	08:00:00	5585.625	5587.792	5508.694	5517.363	517939	1923408	1
2023.10.10	12:00:00	5517.904	5521.697	5500.026	5505.444	266817	1141491	1
2023.10.10	16:00:00	5504.902	5506.527	5485.940	5494.608	79019	394134	1
2023.10.11	08:00:00	5480.522	5501.110	5464.811	5489.732	543559	1976161	1
2023.10.11	12:00:00	5489.191	5511.403	5483.231	5497.317	259410	1079520	1
2023.10.11	16:00:00	5497.317	5497.859	5482.689	5486.482	54169	269673	1
2023.10.13	08:00:00	5504.902	5513.028	5481.064	5503.277	429266	1521081	1
2023.10.13	12:00:00	5503.277	5543.367	5502.193	5537.408	252474	1046214	1
2023.10.13	16:00:00	5537.950	5537.950	5511.945	5518.446	64205	277602	1
2023.10.16	08:00:00	5489.191	5508.694	5483.231	5489.191	383972	1271661	1
2023.10.16	12:00:00	5488.649	5498.401	5469.145	5472.396	210229	824543	1
2023.10.16	16:00:00	5472.396	5477.272	5465.895	5474.021	69304	355111	1
2023.10.17	08:00:00	5482.689	5500.568	5452.350	5454.518	492765	1831754	1
2023.10.17	12:00:00	5455.059	5479.439	5439.348	5474.021	305257	1285387	1
2023.10.17	16:00:00	5474.021	5476.188	5460.477	5474.563	70418	337865	1
2023.10.18	08:00:00	5488.107	5507.611	5458.852	5503.277	417660	1623637	1
2023.10.18	12:00:00	5503.818	5509.778	5468.604	5483.773	312346	1302771	1
2023.10.18	16:00:00	5483.773	5496.775	5482.689	5493.525	76500	341052	1
2023.10.19	08:00:00	5511.945	5518.988	5483.231	5491.358	426301	1617737	1
2023.10.19	12:00:00	5491.900	5492.983	5449.100	5485.398	497633	1955317	1
2023.10.19	16:00:00	5485.940	5500.568	5478.355	5499.484	74490	327373	1
2023.10.20	08:00:00	5489.732	5533.616	5466.436	5480.522	529885	1909350	1
2023.10.20	12:00:00	5480.522	5481.064	5453.434	5462.644	277254	1109281	1
2023.10.20	16:00:00	5462.102	5473.479	5457.768	5461.019	67118	316667	1
2023.10.23	08:00:00	5477.272	5483.231	5430.138	5435.014	484027	1852558	1
2023.10.23	12:00:00	5434.472	5446.933	5419.844	5439.348	262250	1182277	1
2023.10.23	16:00:00	5439.348	5448.558	5435.014	5440.432	82495	393873	1
2023.10.24	08:00:00	5440.432	5456.143	5411.176	5417.677	536413	1982913	1
2023.10.24	12:00:00	5417.136	5432.305	5414.969	5423.637	242549	1105549	1
2023.10.24	16:00:00	5423.637	5424.720	5411.176	5416.052	66794	331018	1
2023.10.25	08:00:00	5419.844	5442.599	5406.842	5422.553	442195	1687185	1
2023.10.25	12:00:00	5422.553	5432.305	5410.634	5428.513	263686	1111760	1
2023.10.25	16:00:00	5428.513	5429.596	5414.427	5415.510	55972	255310	1
2023.10.26	08:00:00	5423.637	5442.057	5409.009	5424.179	466556	1805134	1
2023.10.26	12:00:00	5424.179	5435.556	5411.176	5413.343	252904	1162354	1
2023.10.26	16:00:00	5413.343	5415.510	5406.842	5406.842	66198	352951	1
2023.10.27	08:00:00	5406.842	5410.634	5344.539	5365.126	469990	1986521	1
2023.10.27	12:00:00	5365.126	5439.348	5358.083	5434.472	353540	1724433	1
2023.10.27	16:00:00	5434.472	5440.973	5428.513	5437.723	63966	319534	1
2023.10.30	08:00:00	5412.260	5453.434	5388.422	5423.095	492288	1840941	1
2023.10.30	12:00:00	5423.095	5483.231	5406.300	5474.563	386699	1551594	1
2023.10.30	16:00:00	5474.563	5474.563	5458.852	5471.854	85304	339733	1
2023.10.31	08:00:00	5450.786	5498.325	5431.878	5483.739	488547	1951265	1
2023.10.31	12:00:00	5484.279	5484.819	5461.050	5463.211	260999	1167607	1
2023.10.31	16:00:00	5463.211	5468.073	5456.728	5461.050	60065	267315	1
2023.11.01	08:00:00	5460.510	5471.314	5427.016	5434.579	482189	1738855	1
2023.11.01	12:00:00	5435.119	5447.544	5391.902	5395.684	360965	1459618	1
2023.11.01	16:00:00	5396.224	5397.304	5369.213	5370.834	112819	545329	1
2023.11.03	08:00:00	5349.765	5349.765	5285.479	5303.307	527777	1859244	1
2023.11.03	12:00:00	5303.307	5314.111	5290.341	5305.467	198994	721030	1
2023.11.03	16:00:00	5305.467	5315.732	5305.467	5313.571	48848	208989	1
2023.11.06	08:00:00	5303.847	5322.754	5297.364	5316.272	349032	1136488	1
2023.11.06	12:00:00	5316.272	5321.134	5296.284	5300.605	247671	921180	1
2023.11.06	16:00:00	5300.605	5303.307	5289.261	5294.663	65042	272612	1
2023.11.07	08:00:00	5314.651	5318.973	5263.331	5273.054	415860	1554919	1
2023.11.07	12:00:00	5273.054	5283.319	5267.112	5273.054	210424	969965	1
2023.11.07	16:00:00	5273.595	5287.100	5270.894	5277.916	73302	359325	1
2023.11.08	08:00:00	5294.663	5309.249	5275.755	5281.158	339682	1160856	1
2023.11.08	12:00:00	5280.617	5325.996	5280.617	5314.111	296148	1209385	1
2023.11.08	16:00:00	5314.111	5320.053	5309.249	5318.433	61518	277535	1
2023.11.09	08:00:00	5317.352	5323.835	5298.985	5303.847	333646	1148643	1
2023.11.09	12:00:00	5303.847	5344.363	5300.605	5332.478	270760	1062339	1
2023.11.09	16:00:00	5332.478	5358.409	5331.398	5344.903	149633	638563	1
2023.11.10	08:00:00	5342.742	5365.431	5320.593	5334.099	342939	1179939	1
2023.11.10	12:00:00	5333.018	5340.581	5309.789	5323.295	237744	908661	1
2023.11.10	16:00:00	5323.295	5323.295	5307.088	5308.168	53969	230079	1
2023.11.13	08:00:00	5315.732	5350.846	5313.030	5337.880	295541	1053801	1
2023.11.13	12:00:00	5337.880	5338.421	5310.870	5315.191	211995	949600	1
2023.11.13	16:00:00	5315.191	5317.892	5311.950	5313.030	48307	226798	1
2023.11.14	08:00:00	5302.766	5311.410	5247.124	5255.227	421743	1589347	1
2023.11.14	12:00:00	5255.227	5276.836	5253.607	5263.331	203751	863500	1
2023.11.14	16:00:00	5263.871	5269.273	5259.009	5268.192	64384	321729	1
2023.11.16	08:00:00	5263.331	5267.112	5234.699	5251.446	384500	1380487	1
2023.11.16	12:00:00	5251.446	5288.721	5246.044	5266.032	266570	1103073	1
2023.11.16	16:00:00	5266.032	5271.974	5262.250	5262.250	53475	250069	1
2023.11.17	08:00:00	5253.066	5301.686	5248.745	5295.744	408968	1569394	1
2023.11.17	12:00:00	5295.203	5304.927	5285.479	5302.226	211761	911638	1
2023.11.17	16:00:00	5301.686	5314.111	5298.985	5307.088	71261	350020	1
2023.11.20	08:00:00	5295.203	5306.008	5257.928	5259.009	250824	971654	1
2023.11.20	12:00:00	5258.469	5267.112	5241.722	5250.906	200838	868997	1
2023.11.20	16:00:00	5250.906	5254.687	5243.342	5245.503	71543	334393	1
2023.11.21	08:00:00	5247.124	5281.698	5237.400	5272.514	377730	1290315	1
2023.11.21	12:00:00	5273.054	5306.548	5267.652	5302.766	244373	974210	1
2023.11.21	16:00:00	5303.307	5305.467	5293.042	5297.904	82461	362723	1
2023.11.22	08:00:00	5298.985	5301.146	5274.135	5285.479	390647	1404172	1
2023.11.22	12:00:00	5286.020	5320.053	5283.859	5297.364	305956	1249601	1
2023.11.22	16:00:00	5297.364	5308.168	5295.744	5305.467	57671	235674	1
2023.11.23	08:00:00	5298.445	5304.927	5283.859	5289.261	208274	681974	1
2023.11.23	12:00:00	5289.261	5308.168	5283.859	5307.088	114294	469291	1
2023.11.23	16:00:00	5306.548	5307.628	5298.985	5304.927	30975	156570	1
2023.11.24	08:00:00	5297.904	5302.226	5277.916	5284.399	319053	1085916	1
2023.11.24	12:00:00	5284.399	5303.307	5278.457	5293.583	169221	723024	1
2023.11.24	16:00:00	5293.583	5300.065	5291.962	5293.583	25834	127349	1
2023.11.27	08:00:00	5296.284	5303.307	5264.951	5297.364	345339	1305776	1
2023.11.27	12:00:00	5296.824	5318.973	5287.100	5298.985	273164	1240574	1
2023.11.27	16:00:00	5298.985	5300.605	5288.721	5292.502	49540	230246	1
2023.11.28	08:00:00	5292.502	5304.387	5272.514	5274.675	437026	1513201	1
2023.11.28	12:00:00	5274.135	5277.916	5249.285	5266.032	305795	1370600	1
2023.11.28	16:00:00	5266.032	5268.192	5261.710	5263.871	61281	286072	1
2023.11.29	08:00:00	5266.032	5299.525	5255.767	5274.675	407116	1446017	1
2023.11.29	12:00:00	5275.215	5293.583	5266.032	5277.376	251079	1029686	1
2023.11.29	16:00:00	5277.376	5301.686	5274.135	5299.525	82415	339107	1
2023.11.30	08:00:00	5312.997	5345.870	5311.920	5336.709	471338	1741309	1
2023.11.30	12:00:00	5336.709	5338.865	5318.925	5320.542	239259	1032863	1
2023.11.30	16:00:00	5320.542	5334.015	5311.920	5328.087	81380	355346	1
2023.12.01	08:00:00	5308.686	5335.092	5299.525	5320.003	303442	1111944	1
2023.12.01	12:00:00	5320.003	5320.003	5261.263	5266.113	388322	1499210	1
2023.12.01	16:00:00	5265.574	5280.125	5265.036	5274.736	63525	333984	1
2023.12.04	08:00:00	5288.747	5315.153	5283.897	5310.842	272054	1023395	1
2023.12.04	12:00:00	5310.842	5352.337	5304.375	5349.643	273726	1043947	1
2023.12.04	16:00:00	5349.643	5352.337	5340.481	5340.481	67834	310452	1
2023.12.05	08:00:00	5350.181	5366.348	5339.404	5353.415	410155	1440484	1
2023.12.05	12:00:00	5353.415	5364.732	5321.081	5323.237	346038	1278432	1
2023.12.05	16:00:00	5323.237	5328.626	5317.848	5325.392	57611	254424	1
2023.12.06	08:00:00	5313.536	5315.692	5278.508	5287.130	337622	1218630	1
2023.12.06	12:00:00	5287.130	5298.447	5280.125	5290.364	192875	784809	1
2023.12.06	16:00:00	5290.364	5300.603	5288.747	5294.136	62826	282250	1
2023.12.07	08:00:00	5288.747	5308.147	5270.425	5300.064	401769	1483164	1
2023.12.07	12:00:00	5299.525	5307.609	5288.208	5302.220	199150	698464	1
2023.12.07	16:00:00	5302.220	5307.070	5294.675	5305.992	55124	255363	1
2023.12.08	08:00:00	5287.669	5329.703	5286.591	5307.609	429652	1481540	1
2023.12.08	12:00:00	5307.070	5327.548	5294.136	5320.003	197939	734867	1
2023.12.08	16:00:00	5320.003	5328.087	5315.692	5322.159	49036	223502	1
2023.12.11	08:00:00	5327.009	5352.876	5320.542	5342.098	307353	1071223	1
2023.12.11	12:00:00	5342.098	5348.026	5323.237	5324.314	169302	654196	1
2023.12.11	16:00:00	5324.314	5332.937	5321.081	5329.703	50824	236026	1
2023.12.12	08:00:00	5317.309	5352.337	5311.381	5345.870	386444	1449026	1
2023.12.12	12:00:00	5345.870	5365.810	5341.559	5355.570	213544	950579	1
2023.12.12	16:00:00	5356.109	5360.421	5351.259	5355.032	46502	227961	1
2023.12.13	08:00:00	5353.954	5368.504	5336.170	5341.559	347723	1348208	1
2023.12.13	12:00:00	5341.559	5368.504	5334.015	5365.810	198191	878816	1
2023.12.13	16:00:00	5365.271	5365.271	5300.603	5303.297	247305	1078820	1
2023.12.14	08:00:00	5265.036	5293.597	5260.185	5269.347	449292	1720854	1
2023.12.14	12:00:00	5268.808	5296.831	5267.730	5293.597	217231	944389	1
2023.12.14	16:00:00	5294.136	5304.914	5287.130	5301.142	83753	419554	1
2023.12.15	08:00:00	5295.214	5339.404	5288.208	5317.309	431227	1672609	1
2023.12.15	12:00:00	5317.309	5336.170	5314.614	5328.087	187345	819396	1
2023.12.15	16:00:00	5328.087	5332.398	5320.542	5324.314	57967	281229	1
2023.12.18	08:00:00	5323.775	5338.326	5312.997	5324.314	318864	1119984	1
2023.12.18	12:00:00	5324.314	5328.626	5272.041	5286.053	227729	935244	1
2023.12.18	16:00:00	5286.591	5291.980	5275.275	5277.969	62078	279485	1
2023.12.19	08:00:00	5269.886	5276.891	5236.474	5244.557	335227	1362157	1
2023.12.19	12:00:00	5244.557	5248.869	5226.774	5239.168	206401	995823	1
2023.12.19	16:00:00	5238.630	5247.791	5234.318	5244.557	67970	335801	1
2023.12.20	08:00:00	5248.869	5258.030	5232.702	5255.874	257144	1020341	1
2023.12.20	12:00:00	5255.874	5277.969	5251.563	5275.814	202567	845885	1
2023.12.20	16:00:00	5275.275	5299.525	5274.736	5297.369	117318	531638	1
2023.12.21	08:00:00	5267.730	5280.125	5245.096	5253.719	343968	1313726	1
2023.12.21	12:00:00	5253.719	5272.580	5241.863	5267.730	239667	975000	1
2023.12.21	16:00:00	5268.269	5269.886	5257.491	5266.113	57113	266836	1
2023.12.22	08:00:00	5250.485	5258.569	5235.396	5242.941	256102	981648	1
2023.12.22	12:00:00	5243.480	5243.480	5223.540	5227.313	189345	894660	1
2023.12.22	16:00:00	5227.313	5240.785	5226.774	5235.935	59780	262506	1
2023.12.26	08:00:00	5225.157	5235.935	5208.451	5211.685	228637	842361	1
2023.12.26	12:00:00	5211.146	5212.224	5188.512	5199.290	172024	738662	1
2023.12.26	16:00:00	5199.290	5199.290	5183.123	5183.123	53018	305956	1
2023.12.27	08:00:00	5182.045	5206.835	5171.806	5201.984	224219	885244	1
2023.12.27	12:00:00	5201.984	5210.068	5188.512	5203.601	220408	859799	1
2023.12.27	16:00:00	5203.601	5210.068	5197.134	5198.212	63078	258327	1
2023.12.28	08:00:00	5192.309	5226.653	5189.626	5210.554	291384	1066173	1
2023.12.28	12:00:00	5210.554	5247.044	5201.432	5222.360	216924	972632	1
2023.12.28	16:00:00	5222.360	5234.702	5221.287	5223.970	64773	312944	1
2024.01.02	08:00:00	5241.678	5278.705	5222.360	5260.460	327648	1199281	1
2024.01.02	12:00:00	5260.460	5300.169	5253.484	5299.633	205619	872869	1
2024.01.02	16:00:00	5300.169	5307.145	5282.998	5304.999	80681	398822	1
2024.01.03	08:00:00	5320.024	5320.561	5291.584	5301.779	350638	1204140	1
2024.01.03	12:00:00	5302.316	5309.292	5277.095	5298.560	257240	1021495	1
2024.01.03	16:00:00	5298.560	5308.219	5286.754	5300.706	99267	411806	1
2024.01.04	08:00:00	5290.510	5317.341	5282.461	5309.829	327852	1168354	1
2024.01.04	12:00:00	5309.292	5310.365	5284.608	5287.827	199567	803018	1
2024.01.04	16:00:00	5288.364	5292.657	5272.802	5273.875	67117	351637	1
2024.01.05	08:00:00	5287.827	5321.634	5252.947	5255.630	422356	1518825	1
2024.01.05	12:00:00	5255.630	5255.630	5233.629	5245.971	243612	969668	1
2024.01.05	16:00:00	5245.971	5256.167	5241.678	5248.118	59391	292494	1
2024.01.08	08:00:00	5252.947	5277.095	5248.118	5250.801	322802	1039217	1
2024.01.08	12:00:00	5250.801	5261.533	5236.312	5248.118	202209	734203	1
2024.01.08	16:00:00	5248.118	5250.801	5241.142	5242.751	59025	248617	1
2024.01.09	08:00:00	5254.020	5271.192	5248.654	5260.996	309388	1062542	1
2024.01.09	12:00:00	5261.533	5281.924	5260.996	5276.558	203016	831115	1
2024.01.09	16:00:00	5277.095	5284.608	5273.875	5279.241	62226	256728	1
2024.01.10	08:00:00	5274.948	5279.778	5249.191	5267.972	338287	1190246	1
2024.01.10	12:00:00	5267.972	5277.095	5260.460	5266.899	175205	686955	1
2024.01.10	16:00:00	5266.899	5268.509	5261.533	5265.826	42277	181692	1
2024.01.11	08:00:00	5262.606	5266.899	5227.726	5244.361	450327	1727577	1
2024.01.11	12:00:00	5243.825	5266.899	5241.142	5254.020	246343	980980	1
2024.01.11	16:00:00	5254.020	5254.557	5239.532	5241.142	56707	288002	1
2024.01.12	08:00:00	5241.678	5248.118	5196.602	5207.871	414401	1589923	1
2024.01.12	12:00:00	5207.871	5234.702	5206.261	5222.897	205658	866495	1
2024.01.12	16:00:00	5223.433	5226.116	5218.604	5221.823	43514	178856	1
2024.01.15	08:00:00	5205.188	5247.044	5205.188	5242.751	207306	772216	1
2024.01.15	12:00:00	5243.288	5255.630	5226.653	5228.263	146030	651119	1
2024.01.15	16:00:00	5228.263	5235.239	5227.726	5227.726	29813	140278	1
2024.01.16	08:00:00	5267.436	5279.778	5254.020	5273.875	390800	1446189	1
2024.01.16	12:00:00	5274.412	5305.536	5271.729	5301.243	330571	1441405	1
2024.01.16	16:00:00	5301.243	5303.389	5294.267	5297.486	71789	325932	1
2024.01.17	08:00:00	5320.024	5327.000	5294.803	5313.585	404883	1462482	1
2024.01.17	12:00:00	5313.585	5319.488	5293.193	5306.072	234430	976414	1
2024.01.17	16:00:00	5306.609	5309.292	5295.877	5309.292	59186	266812	1
2024.01.18	08:00:00	5297.486	5320.561	5282.461	5316.805	330430	1188920	1
2024.01.18	12:00:00	5317.341	5328.610	5298.560	5303.389	238167	1076083	1
2024.01.18	16:00:00	5302.853	5308.755	5294.803	5298.023	64646	301080	1
2024.01.19	08:00:00	5284.071	5304.999	5269.582	5296.950	319945	1246980	1
2024.01.19	12:00:00	5296.413	5309.292	5286.217	5295.340	190645	840157	1
2024.01.19	16:00:00	5295.340	5309.292	5293.730	5300.169	59038	284477	1
2024.01.22	08:00:00	5292.657	5329.147	5290.510	5315.195	375190	1488501	1
2024.01.22	12:00:00	5315.731	5365.637	5315.731	5360.807	301008	1492296	1
2024.01.22	16:00:00	5360.807	5365.100	5350.611	5363.490	73770	362323	1
2024.01.23	08:00:00	5357.588	5373.686	5325.390	5350.611	398471	1552258	1
2024.01.23	12:00:00	5350.611	5355.441	5316.268	5320.561	247819	1072696	1
2024.01.23	16:00:00	5320.561	5328.074	5314.658	5320.561	66583	359685	1
2024.01.24	08:00:00	5296.413	5298.560	5272.265	5287.291	314636	1296167	1
2024.01.24	12:00:00	5287.291	5298.023	5280.851	5295.340	214610	960594	1
2024.01.24	16:00:00	5295.340	5304.462	5292.657	5298.560	64945	330766	1
2024.01.25	08:00:00	5295.877	5308.755	5278.705	5279.778	280853	1041206	1
2024.01.25	12:00:00	5279.241	5298.560	5271.192	5287.827	204286	887668	1
2024.01.25	16:00:00	5287.827	5293.193	5280.315	5280.851	44298	239995	1
2024.01.26	08:00:00	5269.046	5284.071	5264.753	5277.632	313071	1205905	1
2024.01.26	12:00:00	5278.168	5284.071	5272.265	5276.558	128496	579171	1
2024.01.26	16:00:00	5276.558	5282.461	5271.192	5280.315	34833	209296	1
2024.01.29	08:00:00	5279.778	5295.340	5267.436	5288.364	277595	1100047	1
2024.01.29	12:00:00	5288.364	5324.854	5286.754	5318.414	245305	1262934	1
2024.01.29	16:00:00	5318.414	5320.561	5305.536	5317.878	75298	371175	1
2024.01.30	08:00:00	5307.145	5336.659	5296.950	5322.707	286665	1192534	1
2024.01.30	12:00:00	5322.707	5347.928	5306.072	5311.438	250388	1199708	1
2024.01.30	16:00:00	5311.438	5319.488	5303.926	5316.805	54659	260143	1
2024.01.31	08:00:00	5309.313	5328.577	5287.909	5308.778	363439	1599586	1
2024.01.31	12:00:00	5309.313	5313.059	5286.304	5296.471	233604	1068839	1
2024.01.31	16:00:00	5297.006	5322.691	5284.163	5309.848	252717	965128	1
2024.02.01	08:00:00	5309.313	5331.788	5286.839	5290.584	333011	1265558	1
2024.02.01	12:00:00	5291.120	5298.611	5271.321	5276.137	236170	1033900	1
2024.02.01	16:00:00	5276.137	5276.672	5268.110	5275.066	57191	299761	1
2024.02.02	08:00:00	5269.180	5321.085	5260.083	5307.708	337198	1411391	1
2024.02.02	12:00:00	5308.243	5338.209	5305.567	5327.507	214501	996285	1
2024.02.02	16:00:00	5327.507	5333.928	5323.226	5333.928	66048	337382	1
2024.02.05	08:00:00	5339.279	5363.894	5330.182	5359.613	263524	1063391	1
2024.02.05	12:00:00	5359.613	5382.087	5345.700	5349.446	236141	1149651	1
2024.02.05	16:00:00	5349.446	5351.051	5338.209	5347.841	57293	312782	1
2024.02.06	08:00:00	5337.139	5341.419	5316.805	5318.945	283902	1203406	1
2024.02.06	12:00:00	5319.480	5328.577	5308.778	5317.340	199524	947851	1
2024.02.06	16:00:00	5316.805	5324.831	5316.269	5323.761	50535	255533	1
2024.02.07	08:00:00	5322.156	5328.042	5309.313	5313.059	262191	1005095	1
2024.02.07	12:00:00	5313.059	5332.858	5311.454	5328.577	168875	728508	1
2024.02.07	16:00:00	5328.577	5330.717	5322.691	5328.577	41255	233360	1
2024.02.08	08:00:00	5334.998	5348.911	5332.323	5342.490	247360	1040613	1
2024.02.08	12:00:00	5342.490	5363.894	5338.209	5351.586	214774	1111551	1
2024.02.08	16:00:00	5351.586	5360.683	5347.306	5355.332	49291	267162	1
2024.02.09	08:00:00	5349.981	5351.051	5315.199	5326.436	298456	1247877	1
2024.02.09	12:00:00	5326.436	5331.252	5308.243	5312.524	151781	762844	1
2024.02.09	16:00:00	5311.989	5321.621	5307.173	5311.454	48556	271353	1
2024.02.14	12:00:00	5328.577	5337.139	5320.015	5328.042	162141	784616	1
2024.02.14	16:00:00	5328.042	5333.393	5325.366	5325.366	39747	222048	1
2024.02.15	08:00:00	5313.594	5329.647	5312.524	5323.761	248650	1090998	1
2024.02.15	12:00:00	5323.226	5340.349	5320.015	5324.831	163134	960493	1
2024.02.15	16:00:00	5325.366	5332.323	5322.156	5330.182	46564	269526	1
2024.02.16	08:00:00	5325.366	5345.700	5322.156	5333.928	212162	937936	1
2024.02.16	12:00:00	5333.928	5334.998	5313.594	5324.831	162827	813431	1
2024.02.16	16:00:00	5324.831	5325.366	5318.945	5323.226	42450	246490	1
2024.02.19	08:00:00	5323.226	5326.436	5305.032	5314.664	163356	687037	1
2024.02.19	12:00:00	5314.664	5317.875	5312.524	5316.269	66392	351361	1
2024.02.19	16:00:00	5316.269	5317.340	5311.454	5311.454	18960	118411	1
2024.02.20	08:00:00	5316.805	5317.875	5277.742	5280.417	300914	1420034	1
2024.02.20	12:00:00	5280.417	5288.979	5275.066	5279.882	140865	788495	1
2024.02.20	16:00:00	5279.347	5283.093	5275.601	5276.137	56581	295887	1
2024.02.21	08:00:00	5280.953	5283.628	5270.786	5277.742	214683	923075	1
2024.02.21	12:00:00	5277.742	5294.865	5273.461	5292.725	174346	856662	1
2024.02.21	16:00:00	5293.260	5297.541	5284.163	5285.233	66042	306329	1
2024.02.22	08:00:00	5276.137	5302.357	5267.575	5293.260	267197	1181177	1
2024.02.22	12:00:00	5293.260	5301.822	5288.979	5299.146	156924	798316	1
2024.02.22	16:00:00	5299.681	5317.875	5298.611	5312.524	70864	429945	1
2024.02.23	08:00:00	5311.454	5348.911	5309.313	5348.376	313009	1548630	1
2024.02.23	12:00:00	5348.376	5350.516	5325.366	5339.279	187597	968035	1
2024.02.23	16:00:00	5339.814	5350.516	5339.279	5349.981	54714	298204	1
2024.02.26	08:00:00	5336.068	5347.841	5320.550	5325.901	247111	965391	1
2024.02.26	12:00:00	5325.901	5343.025	5323.226	5328.577	158421	680920	1
2024.02.26	16:00:00	5328.577	5335.533	5326.972	5335.533	44700	230620	1
2024.02.27	08:00:00	5328.577	5329.647	5297.541	5297.541	284058	1145918	1
2024.02.27	12:00:00	5297.541	5298.076	5274.531	5280.417	221537	1118670	1
2024.02.27	16:00:00	5280.417	5284.698	5278.812	5280.953	56463	322205	1
2024.02.28	08:00:00	5290.584	5311.989	5288.444	5309.313	268541	1113979	1
2024.02.28	12:00:00	5309.313	5320.550	5296.471	5318.945	193034	892203	1
2024.02.28	16:00:00	5318.945	5324.296	5313.594	5313.594	68283	364110	1
2024.02.29	08:00:00	5305.592	5348.268	5303.992	5321.596	341213	1555517	1
2024.02.29	12:00:00	5321.062	5324.796	5309.326	5318.928	191699	1128382	1
2024.02.29	16:00:00	5318.395	5324.796	5315.194	5316.261	63871	332545	1
2024.03.01	08:00:00	5306.126	5320.529	5298.658	5316.795	266124	1060114	1
2024.03.01	12:00:00	5316.261	5317.328	5290.123	5297.057	189683	852994	1
2024.03.01	16:00:00	5297.591	5303.992	5295.990	5300.258	37902	204995	1
2024.03.04	08:00:00	5297.057	5301.858	5284.788	5289.056	178046	772230	1
2024.03.04	12:00:00	5289.056	5292.256	5282.654	5290.656	94678	482621	1
2024.03.04	16:00:00	5291.189	5292.790	5286.389	5290.123	41336	198478	1
2024.03.05	08:00:00	5295.990	5303.992	5289.589	5301.325	184824	746070	1
2024.03.05	12:00:00	5300.791	5305.592	5281.588	5298.658	192679	887028	1
2024.03.05	16:00:00	5299.191	5302.392	5295.457	5298.124	47697	238063	1
2024.03.06	08:00:00	5286.389	5287.989	5273.053	5281.054	221077	870770	1
2024.03.06	12:00:00	5281.054	5287.455	5274.119	5284.255	145940	677239	1
2024.03.06	16:00:00	5283.721	5291.189	5283.188	5289.589	53333	257156	1
2024.03.07	08:00:00	5278.387	5284.255	5273.586	5277.320	148292	664846	1
2024.03.07	12:00:00	5277.320	5280.521	5271.452	5274.119	113422	583539	1
2024.03.07	16:00:00	5274.119	5276.787	5272.519	5275.186	43449	266643	1
2024.03.08	08:00:00	5291.723	5334.398	5291.189	5317.861	434928	1860097	1
2024.03.08	12:00:00	5317.861	5326.397	5308.260	5324.796	166528	763918	1
2024.03.08	16:00:00	5324.263	5329.064	5319.995	5323.729	54055	289178	1
2024.03.11	08:00:00	5323.729	5341.866	5299.191	5305.592	289645	1320653	1
2024.03.11	12:00:00	5305.592	5317.861	5305.059	5316.795	122107	638385	1
2024.03.11	16:00:00	5316.795	5322.662	5314.127	5318.928	46088	235728	1
2024.03.12	08:00:00	5313.061	5334.398	5295.457	5319.462	393544	1606225	1
2024.03.12	12:00:00	5319.995	5328.530	5302.925	5308.793	152359	728550	1
2024.03.12	16:00:00	5308.793	5313.594	5305.592	5308.260	38398	189859	1
2024.03.13	08:00:00	5302.392	5326.397	5299.191	5316.261	230078	1004841	1
2024.03.13	12:00:00	5316.795	5322.129	5305.059	5306.659	139074	683199	1
2024.03.13	16:00:00	5306.659	5313.594	5306.126	5306.126	37980	202136	1
2024.03.14	08:00:00	5301.325	5319.995	5289.589	5316.795	318147	1456741	1
2024.03.14	12:00:00	5316.261	5333.331	5311.994	5331.197	163046	855309	1
2024.03.14	16:00:00	5331.197	5339.733	5323.729	5334.398	56141	333862	1
2024.03.15	08:00:00	5326.397	5340.266	5319.462	5324.263	259689	1246698	1
2024.03.15	12:00:00	5324.263	5337.599	5323.196	5331.731	102471	612135	1
2024.03.15	16:00:00	5331.731	5339.733	5329.597	5338.132	35812	208091	1
2024.03.18	08:00:00	5326.930	5371.205	5319.995	5363.737	268162	1279182	1
2024.03.18	12:00:00	5363.737	5369.072	5354.669	5364.271	159216	850268	1
2024.03.18	16:00:00	5364.271	5376.540	5361.070	5370.139	48160	268810	1
2024.03.19	08:00:00	5384.541	5395.210	5360.003	5363.737	297094	1407626	1
2024.03.19	12:00:00	5363.737	5371.205	5346.667	5353.602	175332	1000008	1
2024.03.19	16:00:00	5353.602	5374.406	5353.602	5368.538	75970	409306	1
2024.03.20	08:00:00	5369.605	5371.739	5341.333	5344.000	254380	1114419	1
2024.03.20	12:00:00	5343.467	5345.067	5305.592	5307.193	279610	1332029	1
2024.03.20	16:00:00	5307.193	5313.594	5297.591	5303.459	83584	425002	1
2024.03.21	08:00:00	5288.522	5320.529	5286.922	5316.795	261896	1275592	1
2024.03.21	12:00:00	5316.795	5319.462	5303.992	5308.260	115317	614781	1
2024.03.21	16:00:00	5308.260	5316.795	5306.126	5308.793	42920	218767	1
2024.03.22	08:00:00	5329.064	5344.533	5314.661	5321.062	279845	1225500	1
2024.03.22	12:00:00	5321.062	5338.666	5318.928	5337.599	137625	700952	1
2024.03.22	16:00:00	5337.065	5340.266	5328.530	5338.666	45984	235000	1
2024.03.25	08:00:00	5327.463	5340.266	5307.726	5315.728	263337	1182122	1
2024.03.25	12:00:00	5316.261	5320.529	5303.992	5307.193	113776	585019	1
2024.03.25	16:00:00	5306.659	5309.326	5304.525	5305.592	35229	188678	1
2024.03.26	08:00:00	5301.858	5322.129	5294.924	5319.995	250302	1201389	1
2024.03.26	12:00:00	5320.529	5326.397	5309.326	5316.795	155398	767555	1
2024.03.26	16:00:00	5316.795	5317.861	5307.726	5307.726	33924	186993	1
2024.03.27	08:00:00	5304.525	5329.064	5303.459	5316.261	271155	1200909	1
2024.03.27	12:00:00	5316.261	5318.395	5307.726	5310.393	126689	677335	1
2024.03.27	16:00:00	5309.860	5327.997	5308.260	5327.997	64656	343104	1
2024.03.28	08:00:00	5332.787	5346.092	5317.353	5328.529	264948	1273940	1
2024.03.28	12:00:00	5327.997	5349.285	5327.997	5348.753	168723	1008263	1
2024.03.28	16:00:00	5348.221	5364.720	5345.560	5361.526	59979	361251	1
2024.04.01	08:00:00	5348.221	5397.717	5347.689	5394.524	321956	1457672	1
2024.04.01	12:00:00	5394.524	5413.683	5393.459	5410.490	172920	876806	1
2024.04.01	16:00:00	5409.958	5412.619	5393.991	5394.524	64505	331009	1
2024.04.02	08:00:00	5370.042	5401.975	5369.510	5390.266	369353	1656929	1
2024.04.02	12:00:00	5390.266	5404.103	5381.751	5400.378	170846	823989	1
2024.04.02	16:00:00	5399.846	5409.958	5398.249	5408.361	36330	180206	1
2024.04.03	08:00:00	5412.087	5433.907	5408.361	5419.538	364207	1633862	1
2024.04.03	12:00:00	5419.538	5422.731	5373.767	5376.428	219741	1063536	1
2024.04.03	16:00:00	5376.961	5383.879	5373.767	5383.879	49674	227606	1
2024.04.04	08:00:00	5380.686	5388.669	5351.414	5366.849	317114	1303412	1
2024.04.04	12:00:00	5366.849	5382.283	5341.834	5379.089	202810	1012594	1
2024.04.04	16:00:00	5379.622	5398.781	5379.089	5397.717	91273	438488	1
2024.04.05	08:00:00	5391.330	5396.120	5365.784	5389.734	393480	1526883	1
2024.04.05	12:00:00	5389.734	5415.280	5388.137	5411.022	220672	1000839	1
2024.04.05	16:00:00	5410.490	5412.087	5401.442	5407.297	43534	212740	1
2024.04.08	08:00:00	5409.426	5414.216	5372.703	5379.622	276717	1051380	1
2024.04.08	12:00:00	5379.622	5380.154	5360.994	5365.784	148445	643512	1
2024.04.08	16:00:00	5365.784	5368.445	5359.398	5359.930	42848	200104	1
2024.04.09	08:00:00	5359.930	5362.059	5333.319	5339.173	307905	1187962	1
2024.04.09	12:00:00	5339.173	5345.028	5332.787	5340.770	139365	646140	1
2024.04.09	16:00:00	5341.302	5345.028	5338.109	5339.706	41058	197274	1
2024.04.10	08:00:00	5337.045	5405.168	5329.594	5401.442	455230	1856030	1
2024.04.10	12:00:00	5401.442	5423.795	5400.910	5419.538	257470	1218830	1
2024.04.10	16:00:00	5420.070	5420.070	5403.571	5405.168	55051	297725	1
2024.04.11	08:00:00	5410.490	5430.182	5394.524	5421.667	382333	1529275	1
2024.04.11	12:00:00	5421.667	5430.714	5413.683	5429.118	178611	815977	1
2024.04.11	16:00:00	5429.118	5432.843	5425.392	5430.714	49216	248636	1
2024.04.12	08:00:00	5452.535	5488.193	5446.148	5486.597	382002	1622708	1
2024.04.12	12:00:00	5487.129	5489.790	5465.308	5469.566	239651	1299592	1
2024.04.12	16:00:00	5469.566	5470.630	5455.196	5457.857	56697	319075	1
2024.04.15	08:00:00	5446.681	5534.496	5441.891	5524.384	495720	2022454	1
2024.04.15	12:00:00	5524.384	5560.042	5517.997	5520.126	270924	1260335	1
2024.04.15	16:00:00	5520.658	5535.028	5520.126	5528.109	76294	352100	1
2024.04.16	08:00:00	5542.479	5636.149	5540.350	5631.359	538247	2176217	1
2024.04.16	12:00:00	5630.827	5631.891	5586.653	5599.958	366721	1682778	1
2024.04.16	16:00:00	5599.958	5640.939	5598.894	5635.617	81935	374355	1
2024.04.17	08:00:00	5628.698	5630.827	5569.090	5583.992	466707	1779253	1
2024.04.17	12:00:00	5584.524	5627.101	5562.171	5574.944	357540	1469876	1
2024.04.17	16:00:00	5575.476	5589.314	5571.751	5576.009	65588	259616	1
2024.04.18	08:00:00	5573.880	5602.087	5571.751	5593.572	424037	1532517	1
2024.04.18	12:00:00	5593.040	5625.505	5591.443	5602.087	264133	1173782	1
2024.04.18	16:00:00	5602.087	5602.619	5583.992	5586.121	59692	268863	1
2024.04.19	08:00:00	5615.925	5623.908	5551.527	5555.785	396473	1500526	1
2024.04.19	12:00:00	5555.785	5559.510	5524.916	5534.496	227549	1044671	1
2024.04.19	16:00:00	5533.964	5550.995	5533.964	5547.801	65601	304257	1
2024.04.22	08:00:00	5547.801	5558.446	5525.448	5533.432	381853	1437843	1
2024.04.22	12:00:00	5533.432	5537.689	5508.950	5512.143	159842	709225	1
2024.04.22	16:00:00	5512.143	5513.207	5500.434	5506.289	53378	264727	1
2024.04.23	08:00:00	5510.014	5526.513	5477.549	5491.387	394166	1484101	1
2024.04.23	12:00:00	5491.919	5492.983	5452.003	5458.389	180396	828404	1
2024.04.23	16:00:00	5457.857	5467.969	5457.857	5465.840	45900	207172	1
2024.04.24	08:00:00	5466.373	5507.353	5456.260	5497.773	334018	1321427	1
2024.04.24	12:00:00	5498.305	5500.966	5476.485	5485.532	191568	880866	1
2024.04.24	16:00:00	5485.532	5488.726	5478.081	5488.726	44455	203741	1
2024.04.25	08:00:00	5487.661	5530.770	5440.294	5506.821	498234	2087687	1
2024.04.25	12:00:00	5506.289	5510.546	5487.129	5498.305	175948	759624	1
2024.04.25	16:00:00	5498.305	5502.563	5492.983	5497.773	47848	218113	1
2024.04.26	08:00:00	5502.563	5504.160	5441.891	5458.922	395167	1550489	1
2024.04.26	12:00:00	5459.454	5462.647	5439.230	5446.148	149987	713521	1
2024.04.26	16:00:00	5446.148	5456.260	5445.084	5455.196	36081	179735	1
2024.04.29	08:00:00	5439.230	5452.003	5432.311	5444.020	321721	1247424	1
2024.04.29	12:00:00	5444.020	5451.471	5436.569	5442.955	160889	774470	1
2024.04.29	16:00:00	5442.955	5454.132	5441.358	5449.874	61943	295932	1
2024.04.30	08:00:00	5447.751	5519.411	5445.627	5519.411	391742	1712740	1
2024.04.30	12:00:00	5519.411	5527.373	5506.140	5521.534	188681	945958	1
2024.04.30	16:00:00	5522.065	5543.828	5520.472	5539.582	64272	293514	1
2024.05.02	08:00:00	5491.808	5492.339	5432.888	5443.504	378596	1653297	1
2024.05.02	12:00:00	5444.035	5446.689	5429.703	5438.196	149876	770907	1
2024.05.02	16:00:00	5438.727	5447.751	5437.665	5442.973	58690	278934	1
2024.05.03	08:00:00	5431.295	5446.158	5369.190	5396.262	509040	2113194	1
2024.05.03	12:00:00	5396.262	5401.039	5387.769	5394.669	128782	596355	1
2024.05.03	16:00:00	5394.669	5403.693	5394.138	5401.570	39260	178179	1
2024.05.06	08:00:00	5387.769	5418.025	5387.238	5394.669	262867	984893	1
2024.05.06	12:00:00	5394.669	5398.916	5384.584	5394.669	139603	649087	1
2024.05.06	16:00:00	5394.669	5404.224	5393.077	5403.693	45088	215046	1
2024.05.07	08:00:00	5403.162	5409.001	5371.313	5373.437	321088	1297087	1
2024.05.07	12:00:00	5373.967	5400.508	5372.906	5395.200	146160	697653	1
2024.05.07	16:00:00	5395.200	5402.631	5389.361	5398.385	44500	210317	1
2024.05.08	08:00:00	5399.977	5433.419	5399.447	5407.409	308792	1289911	1
2024.05.08	12:00:00	5407.409	5423.333	5403.693	5421.210	124552	602358	1
2024.05.08	16:00:00	5420.679	5421.741	5408.470	5413.248	52404	269680	1
2024.05.09	08:00:00	5470.045	5507.202	5463.675	5484.908	461375	2004971	1
2024.05.09	12:00:00	5484.377	5501.894	5470.576	5472.699	204249	974035	1
2024.05.09	16:00:00	5472.168	5474.291	5463.675	5464.206	52778	251270	1
2024.05.10	08:00:00	5465.798	5478.538	5443.504	5475.353	376097	1478651	1
2024.05.10	12:00:00	5475.884	5489.154	5474.291	5484.908	145485	772909	1
2024.05.10	16:00:00	5484.377	5492.339	5481.723	5492.339	39117	182047	1
2024.05.13	08:00:00	5472.699	5473.230	5448.281	5466.329	304057	1176272	1
2024.05.13	12:00:00	5466.329	5491.808	5465.798	5477.476	154791	693496	1
2024.05.13	16:00:00	5476.945	5483.846	5474.291	5483.846	37208	163987	1
2024.05.14	08:00:00	5473.761	5487.562	5447.751	5457.305	414205	1643045	1
2024.05.14	12:00:00	5457.836	5462.613	5449.343	5454.120	111063	527607	1
2024.05.14	16:00:00	5454.120	5455.713	5449.343	5449.343	28843	141463	1
2024.05.15	08:00:00	5488.623	5493.932	5447.220	5456.244	435461	1702386	1
2024.05.15	12:00:00	5456.244	5466.329	5442.973	5464.206	186829	874611	1
2024.05.15	16:00:00	5464.206	5464.737	5456.775	5461.021	39930	176298	1
2024.05.16	08:00:00	5463.144	5463.144	5426.518	5449.874	351460	1479926	1
2024.05.16	12:00:00	5449.874	5459.959	5446.158	5451.997	118807	577680	1
2024.05.16	16:00:00	5451.997	5457.305	5450.936	5456.775	32869	157472	1
2024.05.17	08:00:00	5458.898	5461.021	5425.987	5433.419	327735	1380485	1
2024.05.17	12:00:00	5433.949	5438.727	5422.272	5423.333	121122	635139	1
2024.05.17	16:00:00	5423.333	5426.518	5419.617	5419.617	43942	220496	1
2024.05.20	08:00:00	5422.802	5450.405	5408.470	5409.532	323568	1390490	1
2024.05.20	12:00:00	5409.532	5433.419	5409.001	5427.580	136671	698407	1
2024.05.20	16:00:00	5427.580	5429.172	5421.210	5421.741	35665	162255	1
2024.05.21	08:00:00	5415.371	5429.172	5400.508	5428.111	396427	1586578	1
2024.05.21	12:00:00	5428.111	5444.035	5421.741	5433.949	172227	791517	1
2024.05.21	16:00:00	5433.949	5444.035	5431.295	5443.504	38978	201110	1
2024.05.22	08:00:00	5456.775	5484.908	5452.528	5475.353	332182	1514042	1
2024.05.22	12:00:00	5475.353	5479.600	5459.959	5474.822	194630	963175	1
2024.05.22	16:00:00	5474.822	5479.069	5468.983	5472.168	48963	218807	1
2024.05.23	08:00:00	5463.144	5476.415	5442.973	5472.168	345655	1479998	1
2024.05.23	12:00:00	5472.168	5480.130	5464.206	5478.538	140027	746324	1
2024.05.23	16:00:00	5478.538	5478.538	5459.429	5460.490	46747	251585	1
2024.05.24	08:00:00	5456.775	5475.353	5447.220	5468.983	296373	1218862	1
2024.05.24	12:00:00	5468.983	5495.524	5464.206	5492.339	151390	799334	1
2024.05.24	16:00:00	5492.339	5494.993	5482.784	5490.747	40975	192746	1
2024.05.27	08:00:00	5478.007	5504.548	5473.761	5497.116	215876	916865	1
2024.05.27	12:00:00	5497.116	5498.178	5483.846	5491.808	80013	386936	1
2024.05.27	16:00:00	5492.339	5492.870	5488.623	5492.339	21914	114426	1
2024.05.28	08:00:00	5484.908	5488.093	5451.466	5478.538	305016	1324767	1
2024.05.28	12:00:00	5478.538	5484.377	5470.045	5478.007	147635	782652	1
2024.05.28	16:00:00	5477.476	5487.031	5470.576	5482.254	47452	251878	1
2024.05.29	08:00:00	5495.524	5521.003	5488.623	5515.164	296923	1331319	1
2024.05.29	12:00:00	5514.633	5535.335	5512.510	5526.842	182986	989785	1
2024.05.29	16:00:00	5527.373	5532.681	5523.126	5525.250	53938	262294	1
2024.05.31	08:00:00	5519.425	5582.435	5515.189	5579.258	382867	1726138	1
2024.05.31	12:00:00	5579.787	5582.435	5557.019	5571.315	181239	908830	1
2024.05.31	16:00:00	5571.845	5582.435	5566.550	5571.315	67749	329795	1
2024.06.03	08:00:00	5578.199	5591.966	5541.134	5554.901	466184	1892249	1
2024.06.03	12:00:00	5554.901	5565.491	5535.310	5546.959	194686	823799	1
2024.06.03	16:00:00	5546.429	5577.669	5544.311	5575.551	61570	307567	1
2024.06.04	08:00:00	5584.023	5600.967	5571.845	5595.143	469585	1881124	1
2024.06.04	12:00:00	5595.143	5622.147	5591.436	5616.322	285447	1333371	1
2024.06.04	16:00:00	5616.322	5617.381	5609.439	5615.793	48256	206637	1
2024.06.05	08:00:00	5596.202	5628.501	5582.964	5615.793	427681	1810320	1
2024.06.05	12:00:00	5615.793	5630.619	5602.555	5625.853	174440	834049	1
2024.06.05	16:00:00	5625.853	5628.501	5620.558	5625.324	49465	241510	1
2024.06.06	08:00:00	5617.911	5634.325	5578.728	5586.141	377028	1590722	1
2024.06.06	12:00:00	5586.141	5586.671	5562.314	5566.550	166521	838265	1
2024.06.06	16:00:00	5566.550	5585.612	5566.020	5582.435	95706	440355	1
2024.06.07	08:00:00	5576.081	5621.088	5561.255	5596.202	479467	1834685	1
2024.06.07	12:00:00	5596.731	5631.148	5588.789	5627.442	203545	835388	1
2024.06.07	16:00:00	5627.971	5691.510	5626.383	5681.979	187377	900302	1
2024.06.10	08:00:00	5671.919	5717.985	5639.620	5695.217	464791	1798919	1
2024.06.10	12:00:00	5695.217	5700.511	5671.919	5683.568	239014	983966	1
2024.06.10	16:00:00	5683.568	5688.333	5676.155	5681.979	66697	285317	1
2024.06.11	08:00:00	5685.686	5700.511	5660.800	5672.448	437941	1677488	1
2024.06.11	12:00:00	5672.448	5700.511	5668.742	5684.627	212227	913593	1
2024.06.11	16:00:00	5684.097	5697.335	5681.450	5696.276	49226	217635	1
2024.06.12	08:00:00	5696.276	5759.285	5660.270	5730.163	686861	2522000	1
2024.06.12	12:00:00	5730.693	5738.635	5681.450	5711.631	318483	1182963	1
2024.06.12	16:00:00	5711.631	5745.518	5710.572	5731.751	108605	441261	1
2024.06.13	08:00:00	5719.044	5744.989	5710.572	5730.163	449763	1576634	1
2024.06.13	12:00:00	5730.163	5735.987	5687.804	5696.276	306202	1256229	1
2024.06.13	16:00:00	5696.276	5701.041	5685.156	5689.922	50134	216320	1
2024.06.14	08:00:00	5702.629	5707.924	5667.683	5677.743	439028	1593960	1
2024.06.14	12:00:00	5677.743	5712.690	5672.978	5704.218	206990	834562	1
2024.06.14	16:00:00	5704.218	5710.042	5698.923	5699.982	48404	192328	1
2024.06.17	08:00:00	5697.335	5745.518	5695.217	5741.282	325588	1117296	1
2024.06.17	12:00:00	5740.223	5756.638	5728.575	5749.225	196282	786511	1
2024.06.17	16:00:00	5749.754	5752.931	5743.400	5751.872	44896	178233	1
2024.06.18	08:00:00	5761.403	5771.463	5714.808	5733.340	435953	1686320	1
2024.06.18	12:00:00	5733.340	5752.402	5723.280	5748.695	184477	797725	1
2024.06.18	16:00:00	5748.695	5769.345	5748.695	5766.168	84996	399163	1
2024.06.19	08:00:00	5759.285	5799.526	5750.813	5792.643	302708	1156676	1
2024.06.19	12:00:00	5792.643	5811.175	5780.994	5781.524	166278	793760	1
2024.06.19	16:00:00	5782.053	5783.112	5739.694	5740.223	81708	455780	1
2024.06.20	08:00:00	5700.511	5759.815	5700.511	5753.461	447505	1904951	1
2024.06.20	12:00:00	5753.461	5796.350	5751.343	5769.345	307243	1405065	1
2024.06.20	16:00:00	5769.345	5791.055	5768.286	5776.229	88842	390637	1
2024.06.21	08:00:00	5771.463	5779.406	5746.048	5771.463	386337	1522897	1
2024.06.21	12:00:00	5770.934	5787.878	5755.049	5773.052	263671	1175270	1
2024.06.21	16:00:00	5773.581	5775.170	5752.402	5758.756	70218	320033	1
2024.06.24	08:00:00	5753.461	5760.874	5695.217	5712.690	359351	1449221	1
2024.06.24	12:00:00	5712.690	5730.163	5703.688	5711.631	185028	799152	1
2024.06.24	16:00:00	5711.631	5716.926	5708.983	5714.808	54165	234183	1
2024.06.25	08:00:00	5732.810	5764.051	5725.398	5755.049	415589	1538730	1
2024.06.25	12:00:00	5754.520	5775.699	5751.872	5773.052	225242	931826	1
2024.06.25	16:00:00	5773.581	5785.230	5771.463	5780.994	69259	270767	1
2024.06.26	08:00:00	5789.996	5847.181	5782.053	5830.237	507956	2045856	1
2024.06.26	12:00:00	5829.708	5849.299	5819.647	5847.710	203966	885995	1
2024.06.26	16:00:00	5848.240	5864.124	5838.709	5856.182	88203	407964	1
2024.06.27	08:00:00	5848.769	5856.182	5807.469	5854.594	480726	1746819	1
2024.06.27	12:00:00	5855.123	5866.772	5818.059	5820.706	286694	1281696	1
2024.06.27	16:00:00	5820.706	5835.002	5817.000	5827.590	95917	391504	1
2024.06.28	08:00:00	5812.291	5913.049	5804.906	5882.452	507911	2059917	1
2024.06.28	12:00:00	5882.980	5927.292	5865.044	5912.521	297313	1303970	1
2024.06.28	16:00:00	5912.521	5927.820	5907.774	5919.907	94851	396887	1
2024.07.01	08:00:00	5908.301	5932.567	5891.948	5916.214	470727	1710508	1
2024.07.01	12:00:00	5915.687	5958.416	5898.278	5958.416	268113	1078423	1
2024.07.01	16:00:00	5958.416	5995.871	5957.361	5984.793	142535	675088	1
2024.07.02	08:00:00	5986.903	6016.972	5956.834	5992.705	554251	2153222	1
2024.07.02	12:00:00	5992.178	6031.742	5991.123	6002.728	284128	1196333	1
2024.07.02	16:00:00	6002.201	6011.169	5974.242	6006.421	161861	668535	1
2024.07.03	08:00:00	5993.233	5998.508	5888.255	5899.333	498922	2003302	1
2024.07.03	12:00:00	5899.333	5928.347	5863.461	5879.815	315316	1325860	1
2024.07.03	16:00:00	5879.815	5895.641	5874.539	5877.177	71301	284934	1
2024.07.04	08:00:00	5833.392	5836.558	5784.860	5814.401	413547	1490441	1
2024.07.04	12:00:00	5814.929	5823.897	5800.158	5810.181	186648	725078	1
2024.07.04	16:00:00	5810.181	5812.291	5800.686	5800.686	45207	210109	1
2024.07.05	08:00:00	5786.970	5855.548	5781.167	5808.599	543881	1934034	1
2024.07.05	12:00:00	5808.599	5813.346	5775.364	5776.947	247218	930610	1
2024.07.05	16:00:00	5776.419	5786.970	5772.727	5775.364	68783	281036	1
2024.07.08	08:00:00	5771.144	5812.291	5770.617	5794.883	377348	1306661	1
2024.07.08	12:00:00	5794.883	5796.465	5772.199	5792.773	218044	826674	1
2024.07.08	16:00:00	5792.773	5796.465	5785.387	5789.080	51076	208840	1
2024.07.09	08:00:00	5789.080	5794.355	5746.350	5752.681	381863	1409733	1
2024.07.09	12:00:00	5753.208	5762.704	5725.777	5728.942	190780	804461	1
2024.07.09	16:00:00	5728.414	5737.382	5722.612	5730.525	54626	234241	1
2024.07.10	08:00:00	5717.336	5728.414	5680.410	5709.424	444888	1744192	1
2024.07.10	12:00:00	5709.424	5738.438	5707.313	5722.084	213290	935833	1
2024.07.10	16:00:00	5722.612	5733.162	5719.974	5727.887	53934	233700	1
2024.07.11	08:00:00	5718.919	5746.350	5679.354	5735.800	574043	2123093	1
2024.07.11	12:00:00	5736.327	5767.451	5732.635	5750.043	240836	1039020	1
2024.07.11	16:00:00	5750.571	5762.176	5745.823	5751.098	48946	208172	1
2024.07.12	08:00:00	5736.327	5779.057	5725.777	5773.254	469889	1634009	1
2024.07.12	12:00:00	5773.254	5774.837	5732.107	5742.658	192139	812006	1
2024.07.12	16:00:00	5742.658	5745.823	5738.438	5740.020	36673	155538	1
2024.07.15	08:00:00	5765.869	5790.135	5749.516	5764.814	409723	1387988	1
2024.07.15	12:00:00	5764.814	5771.144	5739.493	5753.208	223211	867294	1
2024.07.15	16:00:00	5753.208	5760.594	5750.571	5760.594	46474	178397	1
2024.07.16	08:00:00	5746.350	5750.571	5713.116	5725.777	464112	1618740	1
2024.07.16	12:00:00	5725.249	5773.254	5721.029	5737.910	305960	1297066	1
2024.07.16	16:00:00	5737.910	5743.185	5732.635	5733.162	48370	207668	1
2024.07.17	08:00:00	5750.043	5786.442	5742.658	5773.782	424434	1608908	1
2024.07.17	12:00:00	5773.782	5798.048	5770.617	5798.048	227736	985949	1
2024.07.17	16:00:00	5798.576	5801.741	5788.553	5801.213	60707	271820	1
2024.07.18	08:00:00	5794.883	5867.154	5791.190	5858.714	466510	1747437	1
2024.07.18	12:00:00	5858.714	5903.026	5851.328	5891.948	260335	1137686	1
2024.07.18	16:00:00	5891.948	5906.191	5851.856	5864.516	127639	551734	1
2024.07.19	08:00:00	5853.438	5884.562	5833.920	5863.461	318165	1163594	1
2024.07.19	12:00:00	5863.989	5917.269	5863.461	5915.159	246499	1013649	1
2024.07.19	16:00:00	5915.159	5930.985	5908.829	5928.347	85928	345988	1
2024.07.22	08:00:00	5908.301	5926.765	5861.351	5866.099	463638	1609968	1
2024.07.22	12:00:00	5866.099	5887.728	5847.108	5882.980	255517	1041917	1
2024.07.22	16:00:00	5882.980	5892.475	5878.232	5885.618	72983	302792	1
2024.07.23	08:00:00	5897.223	5922.017	5870.319	5877.177	536596	2011360	1
2024.07.23	12:00:00	5877.705	5911.466	5875.067	5906.191	272262	1171405	1
2024.07.23	16:00:00	5906.191	5910.411	5898.278	5900.916	55961	242018	1
2024.07.24	08:00:00	5913.576	5964.219	5910.411	5931.512	493621	1768279	1
2024.07.24	12:00:00	5930.985	5977.935	5917.797	5975.297	348459	1378067	1
2024.07.24	16:00:00	5975.297	5976.352	5967.384	5970.549	63648	256526	1
2024.07.25	08:00:00	6004.311	6013.279	5946.811	5958.416	582413	2063331	1
2024.07.25	12:00:00	5957.889	5970.549	5933.095	5965.802	298824	1162928	1
2024.07.25	16:00:00	5966.329	5969.494	5950.503	5951.031	71055	271441	1
2024.07.26	08:00:00	5929.930	5973.714	5928.875	5971.604	533493	1995438	1
2024.07.26	12:00:00	5971.604	5988.485	5963.691	5982.682	238898	973076	1
2024.07.26	16:00:00	5982.682	5983.210	5966.857	5981.100	67244	323491	1
2024.07.29	08:00:00	5978.462	5979.517	5945.228	5977.407	430013	1560274	1
2024.07.29	12:00:00	5976.880	5983.210	5938.370	5945.228	269197	1149827	1
2024.07.29	16:00:00	5945.756	5945.756	5924.127	5925.182	61154	253635	1
2024.07.30	08:00:00	5926.237	5976.352	5922.017	5951.558	466154	1703123	1
2024.07.30	12:00:00	5952.086	5968.439	5932.040	5936.260	238754	954897	1
2024.07.30	16:00:00	5935.733	5940.480	5918.852	5920.434	65467	283511	1
2024.07.31	08:00:00	5918.856	5997.747	5913.071	5966.191	592744	2210811	1
2024.07.31	12:00:00	5966.716	5990.383	5938.842	5947.783	337732	1359471	1
2024.07.31	16:00:00	5947.783	5978.287	5944.101	5971.976	128604	509361	1
2024.08.01	08:00:00	5985.650	6009.317	5944.101	5978.287	606385	2140468	1
2024.08.01	12:00:00	5978.287	6060.859	5972.502	6059.807	407391	1689213	1
2024.08.01	16:00:00	6059.807	6073.481	6048.236	6069.799	112640	478026	1
2024.08.02	08:00:00	6077.688	6112.926	6019.836	6065.592	781472	2743164	1
2024.08.02	12:00:00	6065.592	6070.851	6012.999	6042.977	361604	1316787	1
2024.08.02	16:00:00	6043.503	6047.710	6022.465	6047.184	83900	307500	1
2024.08.05	08:00:00	6184.979	6188.134	6078.214	6091.889	829413	2488334	1
2024.08.05	12:00:00	6092.415	6095.570	6027.199	6055.599	425065	1486722	1
2024.08.05	16:00:00	6055.599	6057.703	6029.303	6033.510	92439	309772	1
2024.08.06	08:00:00	6025.621	6026.673	5955.672	5975.131	721805	2605092	1
2024.08.06	12:00:00	5975.657	5985.650	5939.368	5961.457	339768	1318129	1
2024.08.06	16:00:00	5961.983	5974.605	5956.198	5966.716	90844	349922	1
2024.08.07	08:00:00	5924.116	5948.309	5902.553	5918.331	593702	2032618	1
2024.08.07	12:00:00	5918.331	5939.894	5902.553	5932.005	306507	1158506	1
2024.08.07	16:00:00	5932.005	5947.257	5927.271	5947.257	78797	284484	1
2024.08.08	08:00:00	5938.842	5964.087	5907.812	5914.649	613511	2129022	1
2024.08.08	12:00:00	5915.175	5923.064	5867.315	5873.626	294535	1197549	1
2024.08.08	16:00:00	5873.626	5880.989	5833.655	5835.233	108172	421763	1
2024.08.09	08:00:00	5835.759	5856.270	5791.055	5794.210	590434	2143362	1
2024.08.09	12:00:00	5794.736	5819.981	5789.477	5807.359	255455	1040344	1
2024.08.09	16:00:00	5807.885	5818.929	5801.573	5807.359	67581	294502	1
2024.08.12	08:00:00	5805.781	5806.307	5767.914	5781.062	556414	1931987	1
2024.08.12	12:00:00	5780.536	5822.611	5779.484	5796.314	321202	1286083	1
2024.08.12	16:00:00	5796.314	5805.781	5787.373	5791.581	70393	269000	1
2024.08.13	08:00:00	5768.439	5799.470	5761.076	5781.588	530277	2048371	1
2024.08.13	12:00:00	5782.114	5788.425	5747.928	5751.610	223421	930322	1
2024.08.13	16:00:00	5751.610	5753.713	5741.091	5751.610	73252	330188	1
2024.08.14	08:00:00	5740.039	5758.447	5718.476	5733.202	555036	1973240	1
2024.08.14	12:00:00	5733.728	5782.114	5730.046	5762.654	266060	1048699	1
2024.08.14	16:00:00	5763.180	5770.017	5760.025	5763.180	61073	256763	1
2024.08.15	08:00:00	5762.654	5782.114	5746.350	5767.388	468009	1708499	1
2024.08.15	12:00:00	5767.388	5790.529	5743.721	5777.906	234059	930668	1
2024.08.15	16:00:00	5777.906	5783.166	5774.751	5780.536	49913	202555	1
2024.08.16	08:00:00	5770.543	5780.010	5727.943	5773.699	461081	1711174	1
2024.08.16	12:00:00	5773.173	5776.854	5756.869	5762.128	176947	735268	1
2024.08.16	16:00:00	5762.128	5770.017	5757.921	5768.965	55111	237517	1
2024.08.19	08:00:00	5764.232	5765.810	5693.231	5700.068	487187	1810504	1
2024.08.19	12:00:00	5700.068	5711.639	5663.253	5693.231	309970	1324796	1
2024.08.19	16:00:00	5692.705	5704.802	5691.653	5695.335	73565	333464	1
2024.08.20	08:00:00	5728.469	5760.025	5722.683	5751.610	521035	1914098	1
2024.08.20	12:00:00	5752.136	5784.218	5752.136	5774.225	260680	1079475	1
2024.08.20	16:00:00	5774.225	5777.906	5756.343	5769.491	101564	446765	1
2024.08.21	08:00:00	5762.654	5775.803	5747.402	5766.862	520527	1774707	1
2024.08.21	12:00:00	5766.862	5802.099	5751.610	5766.862	328821	1305816	1
2024.08.21	16:00:00	5766.336	5783.166	5760.025	5768.439	67778	282102	1
2024.08.22	08:00:00	5774.751	5858.374	5770.017	5847.855	537706	2010252	1
2024.08.22	12:00:00	5847.855	5893.612	5841.544	5890.456	361484	1460194	1
2024.08.22	16:00:00	5890.456	5905.182	5874.678	5897.293	85774	344582	1
2024.08.23	08:00:00	5878.886	5878.886	5781.062	5791.055	568588	1988506	1
2024.08.23	12:00:00	5791.055	5806.833	5768.439	5769.491	263341	1016107	1
2024.08.23	16:00:00	5769.491	5781.588	5763.706	5768.965	77299	309471	1
2024.08.26	08:00:00	5781.588	5794.210	5758.447	5784.743	498286	1637315	1
2024.08.26	12:00:00	5784.218	5803.151	5762.654	5773.173	254690	944651	1
2024.08.26	16:00:00	5773.699	5792.107	5767.914	5785.269	74257	289492	1
2024.08.27	08:00:00	5768.439	5799.470	5763.180	5783.692	467852	1544506	1
2024.08.27	12:00:00	5784.218	5808.410	5776.329	5788.951	248235	892076	1
2024.08.27	16:00:00	5788.951	5806.307	5786.321	5798.418	65105	242545	1
2024.08.28	08:00:00	5799.470	5835.233	5798.944	5814.196	474088	1583197	1
2024.08.28	12:00:00	5814.722	5844.174	5808.936	5837.337	295267	1037516	1
2024.08.28	16:00:00	5837.863	5861.004	5835.233	5855.219	106166	385364	1
2024.08.29	08:00:00	5847.855	5958.302	5845.226	5931.479	571966	1951070	1
2024.08.29	12:00:00	5931.479	5947.783	5905.708	5914.649	357091	1181531	1
2024.08.29	16:00:00	5915.175	5927.797	5908.338	5920.960	91524	344390	1
2024.08.30	08:00:00	5868.006	5987.022	5861.714	5961.332	724778	2557022	1
2024.08.30	12:00:00	5961.332	5962.905	5901.037	5942.457	363094	1342214	1
2024.08.30	16:00:00	5942.457	5951.894	5870.103	5903.134	125951	459738	1
2024.09.02	08:00:00	5916.766	5953.467	5903.658	5930.398	526706	1608656	1
2024.09.02	12:00:00	5930.398	5931.971	5893.696	5913.620	229353	730159	1
2024.09.02	16:00:00	5913.620	5913.620	5897.891	5905.755	56304	185437	1
2024.09.03	08:00:00	5930.922	5944.554	5863.811	5923.582	634808	2087100	1
2024.09.03	12:00:00	5923.582	5942.981	5921.485	5933.019	243771	822192	1
2024.09.03	16:00:00	5932.495	5944.030	5927.776	5938.787	73556	246937	1
2024.09.04	08:00:00	5936.689	5952.943	5904.707	5909.426	590037	1850847	1
2024.09.04	12:00:00	5908.901	5940.884	5908.377	5924.106	219516	783571	1
2024.09.04	16:00:00	5924.106	5935.116	5923.582	5931.971	61041	226884	1
2024.09.05	08:00:00	5928.825	5940.359	5885.832	5899.464	512479	1638060	1
2024.09.05	12:00:00	5898.939	5904.183	5857.520	5869.578	264258	944862	1
2024.09.05	16:00:00	5869.578	5871.151	5851.228	5857.520	69949	254860	1
2024.09.06	08:00:00	5864.335	5883.210	5812.429	5876.919	615334	1910529	1
2024.09.06	12:00:00	5876.919	5888.978	5845.461	5876.394	301199	1017819	1
2024.09.06	16:00:00	5876.919	5887.929	5874.297	5886.881	50178	178339	1
2024.09.09	08:00:00	5872.200	5928.825	5868.006	5885.308	482434	1535676	1
2024.09.09	12:00:00	5885.832	5896.318	5859.617	5867.481	210421	764755	1
2024.09.09	16:00:00	5867.481	5873.249	5861.714	5871.151	54691	193568	1
2024.09.10	08:00:00	5860.141	5921.485	5852.276	5914.669	542420	1799993	1
2024.09.10	12:00:00	5914.669	5960.283	5910.998	5941.408	305942	1121180	1
2024.09.10	16:00:00	5941.932	5958.186	5935.641	5952.418	73522	279394	1
2024.09.11	08:00:00	5921.485	5961.856	5890.551	5945.603	659182	2080985	1
2024.09.11	12:00:00	5945.603	5949.273	5917.290	5935.116	265319	910107	1
2024.09.11	16:00:00	5934.592	5957.137	5933.019	5953.991	62578	213600	1
2024.09.12	08:00:00	5934.592	5964.477	5918.863	5957.661	490708	1537406	1
2024.09.12	12:00:00	5957.661	5957.661	5908.377	5909.426	267431	938688	1
2024.09.12	16:00:00	5909.426	5917.814	5898.939	5909.426	82011	296510	1
2024.09.13	08:00:00	5893.172	5903.134	5823.964	5829.207	540121	1806320	1
2024.09.13	12:00:00	5829.731	5853.325	5825.013	5847.558	215599	822283	1
2024.09.13	16:00:00	5847.558	5854.374	5842.315	5845.461	53155	183668	1
2024.09.16	08:00:00	5843.363	5861.714	5773.631	5786.214	556767	1922917	1
2024.09.16	12:00:00	5786.214	5799.322	5776.777	5789.884	195119	683977	1
2024.09.16	16:00:00	5789.884	5794.603	5779.923	5780.971	56755	210511	1
2024.09.17	08:00:00	5787.263	5791.982	5761.048	5779.923	474412	1610311	1
2024.09.17	12:00:00	5779.398	5783.068	5752.659	5754.756	260039	980909	1
2024.09.17	16:00:00	5754.756	5764.193	5752.659	5754.756	59230	223555	1
2024.09.18	08:00:00	5749.513	5770.485	5730.114	5740.076	443118	1434047	1
2024.09.18	12:00:00	5740.076	5761.048	5680.305	5712.812	408732	1490592	1
2024.09.18	16:00:00	5712.812	5739.027	5708.617	5733.260	190319	620902	1
2024.09.19	08:00:00	5670.867	5712.287	5664.051	5693.412	549805	1858375	1
2024.09.19	12:00:00	5692.888	5703.374	5672.965	5696.558	227666	865197	1
2024.09.19	16:00:00	5696.034	5702.326	5691.315	5691.840	49875	203816	1
2024.09.20	08:00:00	5703.899	5767.339	5686.597	5765.766	545328	1919086	1
2024.09.20	12:00:00	5766.291	5796.700	5752.134	5788.311	280869	1080482	1
2024.09.20	16:00:00	5787.787	5797.749	5782.020	5787.263	72903	274974	1
2024.09.23	08:00:00	5843.888	5875.870	5805.089	5806.138	545868	1814191	1
2024.09.23	12:00:00	5806.138	5825.537	5798.798	5804.565	212278	764612	1
2024.09.23	16:00:00	5805.089	5816.100	5801.419	5810.332	59458	216755	1
2024.09.24	08:00:00	5790.409	5798.798	5712.812	5733.260	544632	1937032	1
2024.09.24	12:00:00	5733.260	5740.076	5719.103	5720.152	196582	754337	1
2024.09.24	16:00:00	5720.152	5735.357	5715.433	5718.055	66987	262278	1
2024.09.25	08:00:00	5720.676	5762.096	5705.471	5758.426	447694	1537768	1
2024.09.25	12:00:00	5758.426	5764.718	5734.832	5745.319	227308	874566	1
2024.09.25	16:00:00	5745.319	5750.562	5739.027	5741.124	47585	196581	1
2024.09.26	08:00:00	5709.666	5715.958	5669.295	5705.996	477965	1693464	1
2024.09.26	12:00:00	5705.471	5721.201	5688.169	5707.044	228379	865602	1
2024.09.26	16:00:00	5707.044	5716.482	5701.277	5702.326	62986	264063	1
2024.09.27	08:00:00	5693.937	5724.346	5690.267	5701.277	430803	1384447	1
2024.09.27	12:00:00	5701.801	5712.287	5693.937	5699.180	194069	743133	1
2024.09.27	16:00:00	5699.704	5704.423	5691.840	5691.840	37422	142054	1
2024.09.30	08:00:00	5688.186	5734.113	5659.482	5704.887	386907	1420246	1
2024.09.30	12:00:00	5705.409	5726.807	5697.059	5707.497	180499	717645	1
2024.09.30	16:00:00	5707.497	5717.413	5702.278	5710.628	59089	247180	1
2024.10.01	08:00:00	5737.767	5738.289	5687.142	5723.154	544343	1974186	1
2024.10.01	12:00:00	5723.154	5738.289	5700.190	5720.022	290202	1164083	1
2024.10.01	16:00:00	5720.022	5727.851	5678.270	5681.923	97215	400523	1
2024.10.02	08:00:00	5673.051	5696.015	5660.004	5692.361	455395	1479931	1
2024.10.02	12:00:00	5692.361	5708.540	5688.708	5702.799	193526	746724	1
2024.10.02	16:00:00	5702.799	5705.409	5690.274	5698.102	45560	172533	1
2024.10.03	08:00:00	5712.194	5772.212	5707.497	5754.989	457391	1561528	1
2024.10.03	12:00:00	5754.989	5757.077	5722.110	5726.807	186395	747139	1
2024.10.03	16:00:00	5726.807	5739.854	5725.763	5735.679	60476	243617	1
2024.10.04	08:00:00	5730.460	5780.563	5712.194	5712.716	547169	1857707	1
2024.10.04	12:00:00	5713.237	5728.373	5709.584	5720.022	171707	681624	1
2024.10.04	16:00:00	5720.544	5722.110	5704.365	5704.365	48313	188218	1
2024.10.07	08:00:00	5726.285	5735.679	5675.139	5734.113	451675	1535840	1
2024.10.07	12:00:00	5733.592	5750.814	5731.504	5747.683	205071	819933	1
2024.10.07	16:00:00	5747.683	5756.555	5740.376	5755.511	58363	228673	1
2024.10.08	08:00:00	5762.818	5792.566	5752.902	5784.738	511978	1728564	1
2024.10.08	12:00:00	5784.216	5795.698	5774.300	5786.825	195344	740710	1
2024.10.08	16:00:00	5786.825	5800.395	5785.782	5794.132	55314	229053	1
2024.10.09	08:00:00	5791.001	5849.975	5787.869	5839.537	443418	1520711	1
2024.10.09	12:00:00	5840.059	5859.369	5829.621	5852.585	197078	810613	1
2024.10.09	16:00:00	5852.585	5860.935	5840.059	5855.716	70196	286324	1
2024.10.10	08:00:00	5840.059	5864.588	5824.402	5839.015	578984	1858087	1
2024.10.10	12:00:00	5839.537	5858.326	5834.318	5842.147	197931	765342	1
2024.10.10	16:00:00	5842.147	5849.453	5839.537	5843.191	50803	194389	1
2024.10.11	08:00:00	5832.231	5914.691	5814.486	5897.990	564964	2040090	1
2024.10.11	12:00:00	5897.990	5905.818	5880.767	5887.030	192099	810688	1
2024.10.11	16:00:00	5887.030	5888.596	5860.413	5861.979	77424	344189	1
2024.10.14	08:00:00	5873.461	5912.603	5848.931	5859.369	473632	1577324	1
2024.10.14	12:00:00	5859.369	5867.720	5819.705	5834.840	251906	986941	1
2024.10.14	16:00:00	5834.318	5855.716	5834.318	5842.669	77584	291814	1
2024.10.15	08:00:00	5847.888	5915.735	5836.406	5901.121	537724	1840264	1
2024.10.15	12:00:00	5901.643	5924.607	5892.771	5914.169	238564	948141	1
2024.10.15	16:00:00	5913.647	5921.475	5900.078	5914.169	100050	403697	1
2024.10.16	08:00:00	5913.125	5960.096	5887.552	5919.388	597010	2047142	1
2024.10.16	12:00:00	5918.866	5931.392	5901.121	5921.475	238395	918032	1
2024.10.16	16:00:00	5921.997	5929.304	5916.778	5927.738	55897	220553	1
2024.10.17	08:00:00	5939.742	5948.092	5919.388	5934.523	503437	1631957	1
2024.10.17	12:00:00	5934.523	5942.873	5920.432	5928.782	159564	638234	1
2024.10.17	16:00:00	5928.782	5930.870	5908.428	5908.428	67668	284001	1
2024.10.18	08:00:00	5891.727	5936.611	5884.421	5927.216	453955	1496368	1
2024.10.18	12:00:00	5927.738	5952.268	5924.607	5948.092	178917	725528	1
2024.10.18	16:00:00	5947.570	5961.662	5946.005	5958.530	98326	410261	1
2024.10.21	08:00:00	5961.140	5994.020	5952.789	5959.574	547459	1793044	1
2024.10.21	12:00:00	5959.574	5969.490	5948.614	5961.140	184598	717636	1
2024.10.21	16:00:00	5961.140	5961.662	5942.873	5946.005	64892	270398	1
2024.10.22	08:00:00	5940.786	5974.187	5928.782	5949.136	502515	1638807	1
2024.10.22	12:00:00	5949.136	5971.578	5936.611	5960.618	226831	868510	1
2024.10.22	16:00:00	5960.618	5961.662	5942.873	5948.092	59430	242620	1
2024.10.23	08:00:00	5972.622	5987.757	5959.052	5981.494	453032	1497025	1
2024.10.23	12:00:00	5982.016	5983.060	5939.220	5947.049	275896	1110394	1
2024.10.23	16:00:00	5947.049	5951.224	5938.176	5940.264	66757	264518	1
2024.10.24	08:00:00	5937.654	5975.231	5927.738	5958.008	456463	1542002	1
2024.10.24	12:00:00	5957.487	5968.446	5926.694	5943.395	253630	1049629	1
2024.10.24	16:00:00	5943.395	5946.005	5913.125	5919.388	96178	396445	1
2024.10.25	08:00:00	5923.563	5957.487	5920.954	5946.527	435927	1446200	1
2024.10.25	12:00:00	5946.527	5967.403	5941.830	5959.052	212065	829167	1
2024.10.25	16:00:00	5959.052	5969.490	5954.877	5964.271	59057	247785	1
2024.10.28	08:00:00	5954.877	5973.144	5936.611	5953.833	398612	1328940	1
2024.10.28	12:00:00	5953.833	5963.749	5941.308	5953.833	188264	762619	1
2024.10.28	16:00:00	5953.311	5965.315	5952.268	5964.271	65923	249507	1
2024.10.29	08:00:00	5960.096	5990.366	5947.570	5956.965	502230	1709109	1
2024.10.29	12:00:00	5956.965	6018.027	5955.399	6012.286	385376	1605002	1
2024.10.29	16:00:00	6012.286	6020.636	6008.111	6016.983	88205	345135	1
2024.10.30	08:00:00	6014.374	6046.210	6013.330	6023.246	511840	1651690	1
2024.10.30	12:00:00	6023.246	6039.425	6011.242	6012.808	248276	951410	1
2024.10.30	16:00:00	6012.808	6022.724	6006.023	6020.115	70703	317242	1
2024.10.31	08:00:00	6019.594	6039.371	6006.062	6035.208	428789	1425005	1
2024.10.31	12:00:00	6034.687	6049.781	6028.442	6033.646	239492	949441	1
2024.10.31	16:00:00	6033.646	6051.342	6032.085	6049.260	67989	258609	1
2024.11.01	08:00:00	6043.015	6091.417	6015.951	6081.528	542595	1894704	1
2024.11.01	12:00:00	6081.528	6129.931	6075.283	6129.410	273692	1175123	1
2024.11.01	16:00:00	6129.410	6146.065	6121.603	6136.176	103159	435048	1
2024.11.04	08:00:00	6091.937	6095.581	6023.758	6032.605	525279	1662622	1
2024.11.04	12:00:00	6032.085	6039.892	6008.144	6021.676	286715	1043523	1
2024.11.04	16:00:00	6022.196	6047.699	6020.635	6046.658	86957	337842	1
2024.11.05	08:00:00	6037.290	6058.108	6024.278	6034.167	518307	1688919	1
2024.11.05	12:00:00	6034.167	6050.301	5989.928	6003.460	302242	1155540	1
2024.11.05	16:00:00	6003.460	6006.062	5988.887	6001.378	71362	277854	1
2024.11.06	08:00:00	6108.072	6115.358	6009.185	6023.758	718833	2290782	1
2024.11.06	12:00:00	6023.758	6024.799	5909.257	5931.637	494176	1927185	1
2024.11.06	16:00:00	5931.637	5963.905	5913.421	5961.303	114010	439068	1
2024.11.07	08:00:00	5940.485	5956.619	5875.948	5903.012	692611	2254184	1
2024.11.07	12:00:00	5903.012	5970.151	5890.001	5924.351	443151	1665192	1
2024.11.07	16:00:00	5924.351	5947.771	5907.176	5940.485	179001	585353	1
2024.11.08	08:00:00	5978.478	6022.717	5971.192	6016.992	482666	1486231	1
2024.11.08	12:00:00	6017.512	6038.851	6002.939	6008.664	314049	1177396	1
2024.11.08	16:00:00	6008.144	6011.267	5967.028	5992.530	133121	478281	1
2024.11.11	08:00:00	6023.758	6065.394	6017.512	6049.260	465567	1478962	1
2024.11.11	12:00:00	6049.260	6052.903	6008.664	6014.390	226457	809633	1
2024.11.11	16:00:00	6013.869	6021.676	5994.612	6008.144	95294	362989	1
2024.11.12	08:00:00	6032.085	6041.453	5997.214	6008.664	505820	1695198	1
2024.11.12	12:00:00	6008.664	6044.576	6002.419	6011.267	352789	1326471	1
2024.11.12	16:00:00	6011.267	6019.074	5984.203	5993.571	80838	339827	1
2024.11.13	08:00:00	5974.835	6037.810	5968.069	6032.605	543421	1763053	1
2024.11.13	12:00:00	6032.605	6067.476	6027.921	6062.271	306420	1150702	1
2024.11.13	16:00:00	6061.751	6063.833	6036.249	6055.506	136251	516271	1
2024.11.14	08:00:00	6052.903	6077.885	6021.155	6036.249	532089	1702607	1
2024.11.14	12:00:00	6036.249	6041.453	6008.144	6027.401	275952	1026537	1
2024.11.14	16:00:00	6027.401	6054.465	6019.074	6026.360	121667	447120	1
2024.11.18	08:00:00	6021.676	6046.137	5983.683	5986.805	430001	1408714	1
2024.11.18	12:00:00	5986.805	6006.062	5978.999	5984.203	248493	899431	1
2024.11.18	16:00:00	5983.683	6001.378	5980.039	5989.928	70379	258344	1
2024.11.19	08:00:00	6006.062	6041.453	5989.408	6020.115	504095	1762421	1
2024.11.19	12:00:00	6020.115	6032.085	5999.817	6017.512	229072	876020	1
2024.11.19	16:00:00	6018.033	6019.074	6007.624	6011.787	61263	259020	1
2024.11.21	08:00:00	6026.880	6073.201	6024.799	6062.792	496857	1692541	1
2024.11.21	12:00:00	6062.792	6079.447	6047.178	6058.628	304457	1132239	1
2024.11.21	16:00:00	6059.149	6064.874	6054.465	6060.710	64064	252156	1
2024.11.22	08:00:00	6066.435	6076.844	6031.044	6074.242	515636	1700024	1
2024.11.22	12:00:00	6073.721	6074.762	6041.453	6052.903	243155	901663	1
2024.11.22	16:00:00	6052.903	6059.149	6039.892	6047.699	64566	266427	1
2024.11.25	08:00:00	6026.880	6052.903	6015.430	6033.646	504197	1556971	1
2024.11.25	12:00:00	6033.646	6062.271	6024.278	6046.658	277440	1101528	1
2024.11.25	16:00:00	6046.658	6056.546	6036.249	6038.851	91191	361584	1
2024.11.26	08:00:00	6053.424	6066.956	6019.594	6038.330	471470	1589701	1
2024.11.26	12:00:00	6038.851	6061.231	6030.524	6044.576	240710	975667	1
2024.11.26	16:00:00	6044.056	6073.201	6041.453	6048.740	105513	406096	1
2024.11.27	08:00:00	6044.056	6072.681	6042.494	6062.271	409320	1459126	1
2024.11.27	12:00:00	6062.792	6173.649	6061.751	6162.719	591636	2221195	1
2024.11.27	16:00:00	6162.719	6210.081	6139.299	6207.479	175578	648000	1
2024.11.28	08:00:00	6222.051	6248.595	6190.304	6236.104	521000	1629539	1
2024.11.28	12:00:00	6236.104	6252.758	6219.970	6231.420	224481	865978	1
2024.11.28	16:00:00	6230.899	6276.699	6226.215	6270.454	94746	354386	1
2024.11.29	08:00:00	6246.608	6363.764	6236.758	6300.002	701809	2335055	1
2024.11.29	12:00:00	6300.002	6303.631	6196.842	6258.531	509784	1598293	1
2024.11.29	16:00:00	6258.531	6267.344	6202.545	6228.983	138131	464868	1
2024.12.02	08:00:00	6247.645	6331.106	6244.534	6310.888	556778	1754025	1
2024.12.02	12:00:00	6310.888	6335.253	6287.042	6307.260	373278	1303640	1
2024.12.02	16:00:00	6307.778	6319.701	6297.929	6304.149	130927	454156	1
2024.12.03	08:00:00	6291.708	6337.845	6272.009	6318.146	530131	1652880	1
2024.12.03	12:00:00	6318.664	6326.958	6277.711	6281.340	317392	1139734	1
2024.12.03	16:00:00	6281.340	6304.668	6280.822	6281.858	131711	494408	1
2024.12.04	08:00:00	6293.263	6313.480	6283.932	6300.002	442125	1388902	1
2024.12.04	12:00:00	6299.484	6305.186	6258.013	6282.377	336765	1269974	1
2024.12.04	16:00:00	6282.377	6288.598	6271.491	6278.748	86435	335054	1
2024.12.05	08:00:00	6271.491	6275.119	6195.806	6198.916	500411	1696303	1
2024.12.05	12:00:00	6198.916	6240.387	6195.287	6232.611	258856	1025321	1
2024.12.05	16:00:00	6232.093	6251.792	6229.501	6251.792	93097	362869	1
2024.12.06	08:00:00	6256.976	6286.006	6219.133	6282.895	524898	1707215	1
2024.12.06	12:00:00	6282.895	6331.624	6278.748	6327.477	320239	1269219	1
2024.12.06	16:00:00	6327.477	6333.179	6308.815	6325.922	103322	410892	1
2024.12.09	08:00:00	6316.072	6320.219	6273.046	6283.414	431652	1374407	1
2024.12.09	12:00:00	6283.414	6324.885	6281.858	6324.885	277706	995077	1
2024.12.09	16:00:00	6324.885	6328.514	6315.554	6316.072	82786	314546	1
2024.12.10	08:00:00	6290.153	6307.260	6251.273	6275.638	547269	1794285	1
2024.12.10	12:00:00	6276.156	6302.076	6274.083	6294.818	236439	871768	1
2024.12.10	16:00:00	6294.300	6299.484	6274.083	6280.303	83475	333739	1
2024.12.11	08:00:00	6303.631	6307.778	6244.534	6258.531	523207	1778751	1
2024.12.11	12:00:00	6258.531	6284.969	6233.648	6247.126	308513	1198722	1
2024.12.11	16:00:00	6247.126	6248.163	6166.776	6184.401	297583	1051970	1
2024.12.12	08:00:00	6115.973	6178.180	6093.164	6171.960	611626	2123326	1
2024.12.12	12:00:00	6171.960	6281.858	6168.331	6263.196	461655	1790050	1
2024.12.12	16:00:00	6263.196	6272.009	6200.471	6204.618	194887	732052	1
2024.12.13	08:00:00	6212.913	6275.119	6200.471	6258.013	560123	1691672	1
2024.12.13	12:00:00	6258.013	6309.333	6236.758	6279.785	477354	1661894	1
2024.12.13	16:00:00	6279.785	6292.226	6254.384	6270.972	136807	478493	1
2024.12.16	08:00:00	6302.076	6331.624	6254.384	6287.042	654072	2046601	1
2024.12.16	12:00:00	6287.561	6324.367	6282.895	6310.370	323239	1048897	1
2024.12.16	16:00:00	6310.370	6387.610	6306.223	6387.092	173741	609972	1
2024.12.17	08:00:00	6381.389	6424.934	6328.514	6423.379	753596	2224100	1
2024.12.17	12:00:00	6423.898	6446.188	6290.671	6325.922	777475	2363598	1
2024.12.17	16:00:00	6325.922	6346.657	6304.668	6338.881	206222	556151	1
2024.12.18	08:00:00	6332.142	6402.125	6324.367	6386.573	641506	1820102	1
2024.12.18	12:00:00	6386.573	6459.148	6381.389	6450.854	430703	1442359	1
2024.12.18	16:00:00	6450.335	6557.124	6448.780	6483.512	374794	1076904	1
2024.12.19	08:00:00	6479.884	6540.535	6373.614	6383.981	1071286	3291853	1
2024.12.19	12:00:00	6383.981	6420.787	6336.808	6344.584	593183	1779779	1
2024.12.19	16:00:00	6344.584	6394.868	6341.473	6391.239	212465	626003	1
2024.12.20	08:00:00	6330.587	6346.657	6279.267	6309.852	751958	1965190	1
2024.12.20	12:00:00	6310.370	6336.808	6273.564	6286.006	550601	1672029	1
2024.12.20	16:00:00	6285.487	6332.661	6283.414	6324.885	141349	428792	1
2024.12.23	08:00:00	6348.212	6401.088	6337.845	6390.202	481365	1275415	1
2024.12.23	12:00:00	6390.202	6434.265	6386.055	6422.861	328638	998640	1
2024.12.23	16:00:00	6422.861	6432.710	6413.011	6429.600	125798	366442	1
2024.12.26	08:00:00	6391.757	6430.118	6378.279	6394.349	530529	1507809	1
2024.12.26	12:00:00	6394.349	6410.938	6376.724	6404.199	321834	1002746	1
2024.12.26	16:00:00	6404.717	6415.603	6403.162	6413.530	104899	296934	1
2024.12.27	08:00:00	6428.045	6446.707	6399.015	6428.045	492108	1295738	1
2024.12.27	12:00:00	6428.045	6441.523	6417.677	6432.710	297433	816910	1
2024.12.27	16:00:00	6432.192	6433.229	6402.125	6426.489	112391	315991	1
2024.12.30	08:00:00	6435.772	6450.727	6380.593	6414.113	466625	1326401	1
2024.12.30	12:00:00	6413.597	6474.448	6390.391	6413.082	412482	1283378	1
2024.12.30	16:00:00	6413.082	6415.144	6397.095	6398.642	86373	250754	1
2025.01.02	08:00:00	6414.629	6457.431	6386.782	6432.678	450780	1258375	1
2025.01.02	12:00:00	6433.193	6439.897	6378.015	6385.235	379820	1113970	1
2025.01.02	16:00:00	6384.719	6401.221	6368.733	6379.046	116329	340217	1
2025.01.03	08:00:00	6373.889	6427.521	6359.966	6380.593	535875	1505154	1
2025.01.03	12:00:00	6381.109	6416.691	6376.984	6412.050	310693	896827	1
2025.01.03	16:00:00	6411.535	6413.082	6394.001	6408.440	92115	258691	1
2025.01.06	08:00:00	6370.280	6377.499	6313.038	6338.307	666244	1776433	1
2025.01.06	12:00:00	6338.307	6350.684	6319.227	6333.150	285766	830411	1
2025.01.06	16:00:00	6332.635	6339.854	6327.478	6332.635	90129	259900	1
2025.01.07	08:00:00	6335.729	6339.854	6281.066	6288.801	580401	1579501	1
2025.01.07	12:00:00	6288.801	6327.993	6271.268	6324.384	386636	1172755	1
2025.01.07	16:00:00	6324.899	6337.791	6316.648	6323.352	135804	404974	1
2025.01.08	08:00:00	6344.495	6375.952	6337.791	6352.231	602342	1652259	1
2025.01.08	12:00:00	6352.231	6355.840	6330.056	6338.823	296497	883414	1
2025.01.08	16:00:00	6338.823	6340.370	6319.742	6322.836	97701	284146	1
2025.01.09	08:00:00	6324.384	6340.370	6291.380	6293.442	500458	1453028	1
2025.01.09	12:00:00	6292.927	6303.756	6263.017	6270.236	307081	1054630	1
2025.01.09	16:00:00	6270.752	6273.846	6245.999	6251.156	99184	354636	1
2025.01.10	08:00:00	6254.250	6342.948	6244.968	6317.164	568367	1873220	1
2025.01.10	12:00:00	6317.164	6337.276	6309.429	6310.976	296440	918519	1
2025.01.10	16:00:00	6310.460	6327.478	6307.882	6320.774	93843	301613	1
2025.01.13	08:00:00	6342.433	6352.231	6288.801	6329.025	556101	1534316	1
2025.01.13	12:00:00	6328.509	6334.182	6292.411	6301.178	290482	879172	1
2025.01.13	16:00:00	6301.178	6317.164	6300.662	6308.397	79649	242292	1
2025.01.14	08:00:00	6305.303	6305.303	6251.672	6281.582	606763	1772408	1
2025.01.14	12:00:00	6281.582	6287.254	6253.734	6261.470	290167	999453	1
2025.01.14	16:00:00	6261.470	6272.815	6250.640	6271.268	82808	255504	1
2025.01.15	08:00:00	6255.281	6277.972	6217.121	6247.030	581889	1693758	1
2025.01.15	12:00:00	6247.030	6268.689	6229.497	6231.560	323091	1034765	1
2025.01.15	16:00:00	6231.560	6234.654	6208.870	6217.121	112406	345914	1
2025.01.16	08:00:00	6229.497	6255.281	6199.587	6226.403	557846	1675001	1
2025.01.16	12:00:00	6226.403	6276.940	6208.870	6274.362	383701	1288253	1
2025.01.16	16:00:00	6274.362	6274.878	6253.734	6254.766	90683	277333	1
2025.01.17	08:00:00	6262.501	6296.021	6231.044	6260.954	545438	1670142	1
2025.01.17	12:00:00	6260.954	6272.815	6233.107	6262.501	310109	1027535	1
2025.01.17	16:00:00	6263.017	6285.707	6261.470	6275.909	90755	271266	1
2025.01.20	08:00:00	6270.752	6291.380	6232.076	6237.232	539109	1495200	1
2025.01.20	12:00:00	6237.748	6270.236	6233.623	6244.452	283329	877705	1
2025.01.20	16:00:00	6244.452	6253.219	6224.340	6224.340	73064	226643	1
2025.01.21	08:00:00	6255.281	6270.752	6243.936	6251.672	488534	1453736	1
2025.01.21	12:00:00	6251.672	6256.313	6218.152	6228.466	288001	977092	1
2025.01.21	16:00:00	6228.981	6237.748	6219.183	6224.340	83963	280000	1
2025.01.22	08:00:00	6211.964	6219.183	6123.266	6136.158	624369	2044062	1
2025.01.22	12:00:00	6136.158	6141.830	6110.889	6127.391	340712	1369442	1
2025.01.22	16:00:00	6127.391	6143.893	6126.360	6137.705	96171	358222	1
2025.01.23	08:00:00	6138.736	6167.615	6133.579	6138.221	483886	1414357	1
2025.01.23	12:00:00	6138.736	6139.252	6067.056	6103.154	421355	1477350	1
2025.01.23	16:00:00	6103.154	6133.579	6101.091	6117.077	179802	659282	1
2025.01.24	08:00:00	6097.481	6107.279	6063.962	6082.526	500844	1479028	1
2025.01.24	12:00:00	6083.042	6099.028	6059.320	6098.513	280266	985128	1
2025.01.24	16:00:00	6097.997	6118.624	6095.419	6103.670	100781	366873	1
2025.01.27	08:00:00	6137.189	6149.050	6093.871	6113.983	505803	1529836	1
2025.01.27	12:00:00	6113.983	6134.611	6088.199	6105.217	300888	975670	1
2025.01.27	16:00:00	6104.701	6108.311	6083.558	6084.589	101451	320653	1
2025.01.28	08:00:00	6102.122	6110.889	6070.666	6072.728	459853	1449157	1
2025.01.28	12:00:00	6072.728	6072.728	6044.881	6054.164	330172	1128232	1
2025.01.28	16:00:00	6054.679	6061.899	6043.850	6048.491	96537	328247	1
2025.01.29	08:00:00	6050.038	6075.822	6028.379	6041.787	486935	1569002	1
2025.01.29	12:00:00	6041.271	6069.634	6028.379	6056.226	296765	1116477	1
2025.01.29	16:00:00	6057.258	6072.728	6033.536	6035.599	146281	416031	1
2025.01.30	08:00:00	6047.975	6144.409	6047.460	6085.621	570381	1751054	1
2025.01.30	12:00:00	6085.105	6089.230	6044.881	6049.522	299946	1033103	1
2025.01.30	16:00:00	6049.522	6082.526	6033.536	6061.899	170682	606795	1
2025.01.31	08:00:00	6054.203	6059.334	5994.687	6001.357	508920	1572246	1
2025.01.31	12:00:00	6001.357	6042.402	6000.844	6023.932	387201	1389131	1
2025.01.31	16:00:00	6023.932	6032.141	6017.775	6025.984	99537	308242	1
2025.02.03	08:00:00	6051.124	6090.118	6026.497	6084.474	483455	1440801	1
2025.02.03	12:00:00	6083.961	6090.118	5997.765	6000.844	493298	1548952	1
2025.02.03	16:00:00	6000.844	6001.870	5975.703	5989.556	113171	409968	1
2025.02.04	08:00:00	5980.834	6007.514	5968.007	5971.599	484961	1454677	1
2025.02.04	12:00:00	5971.599	5972.112	5934.145	5954.155	354106	1209223	1
2025.02.04	16:00:00	5954.668	5954.668	5927.475	5931.067	97660	347338	1
2025.02.05	08:00:00	5938.250	5996.739	5925.936	5974.677	489483	1456007	1
2025.02.05	12:00:00	5974.164	5986.991	5945.432	5967.494	329405	1095442	1
2025.02.05	16:00:00	5967.494	5989.556	5963.390	5970.573	99675	327307	1
2025.02.06	08:00:00	5982.886	6002.896	5939.276	5956.720	544560	1665482	1
2025.02.06	12:00:00	5956.207	5967.494	5924.397	5932.606	293132	1044138	1
2025.02.06	16:00:00	5932.093	5951.589	5931.580	5937.736	110630	387004	1
2025.02.07	08:00:00	5947.998	5952.615	5910.544	5920.292	523870	1530981	1
2025.02.07	12:00:00	5920.805	5984.426	5908.492	5978.269	483761	1604575	1
2025.02.07	16:00:00	5978.269	5989.556	5958.259	5982.886	133824	469026	1
2025.02.10	08:00:00	5983.913	5998.792	5936.710	5963.903	506640	1557439	1
2025.02.10	12:00:00	5964.416	5964.929	5943.380	5955.694	215660	716666	1
2025.02.10	16:00:00	5955.694	5965.442	5955.181	5961.851	81178	271267	1
2025.02.11	08:00:00	5970.060	5978.269	5933.119	5945.946	550131	1596913	1
2025.02.11	12:00:00	5946.459	5947.485	5926.962	5938.250	239679	795647	1
2025.02.11	16:00:00	5937.736	5941.328	5927.475	5932.093	80604	282653	1
2025.02.12	08:00:00	5938.250	5956.720	5916.188	5935.171	577038	1749664	1
2025.02.12	12:00:00	5935.171	5951.589	5910.544	5927.475	318264	1135552	1
2025.02.12	16:00:00	5926.962	5936.197	5923.884	5931.067	72783	253805	1
2025.02.13	08:00:00	5925.936	5965.955	5921.318	5952.615	487587	1418077	1
2025.02.13	12:00:00	5952.615	5959.798	5924.397	5944.406	339896	1149929	1
2025.02.13	16:00:00	5944.919	5945.432	5926.962	5926.962	90251	335688	1
2025.02.14	08:00:00	5929.527	5934.658	5882.838	5885.404	415517	1393505	1
2025.02.14	12:00:00	5885.404	5888.482	5866.420	5876.681	228700	829006	1
2025.02.14	16:00:00	5876.681	5878.734	5854.106	5867.446	136377	518026	1
2025.02.17	08:00:00	5874.116	5884.377	5856.672	5867.959	342787	1036458	1
2025.02.17	12:00:00	5867.959	5879.247	5865.394	5872.064	150066	554687	1
2025.02.17	16:00:00	5872.577	5879.760	5869.498	5874.629	45971	175139	1
2025.02.18	08:00:00	5873.603	5884.890	5850.002	5852.567	438671	1407529	1
2025.02.18	12:00:00	5852.567	5860.263	5834.610	5851.541	251638	976801	1
2025.02.18	16:00:00	5851.541	5852.054	5837.175	5848.463	79453	310123	1
2025.02.19	08:00:00	5861.289	5891.560	5842.819	5849.489	473571	1586025	1
2025.02.19	12:00:00	5848.976	5877.707	5839.740	5873.603	250685	920865	1
2025.02.19	16:00:00	5873.603	5889.508	5871.038	5880.786	91443	369660	1
2025.02.20	08:00:00	5861.289	5874.629	5847.950	5851.028	457051	1435164	1
2025.02.20	12:00:00	5851.028	5865.907	5843.845	5857.185	221997	832859	1
2025.02.20	16:00:00	5857.185	5867.959	5855.646	5862.315	83069	357976	1
2025.02.21	08:00:00	5860.776	5874.629	5852.567	5857.185	379866	1296548	1
2025.02.21	12:00:00	5857.698	5893.100	5849.489	5887.969	301339	1160858	1
2025.02.21	16:00:00	5887.456	5890.534	5880.786	5888.995	87213	314221	1
2025.02.24	08:00:00	5873.603	5890.021	5861.802	5887.456	354015	1185083	1
2025.02.24	12:00:00	5887.456	5905.413	5879.760	5903.361	262949	971810	1
2025.02.24	16:00:00	5903.874	5940.815	5900.796	5933.119	137216	536625	1
2025.02.25	08:00:00	5919.266	5968.521	5918.240	5930.040	547418	1777688	1
2025.02.25	12:00:00	5930.040	5932.606	5895.152	5901.822	299899	1097205	1
2025.02.25	16:00:00	5901.822	5911.057	5892.073	5892.586	97206	351322	1
2025.02.26	08:00:00	5892.586	5958.259	5884.890	5952.615	475168	1609709	1
2025.02.26	12:00:00	5953.128	5956.720	5922.344	5943.893	338256	1269339	1
2025.02.26	16:00:00	5943.893	5971.086	5942.354	5955.694	147333	580399	1
2025.02.27	08:00:00	5971.086	5985.452	5949.024	5983.400	550441	1656413	1
2025.02.27	12:00:00	5982.886	5991.609	5973.651	5976.217	291384	947060	1
2025.02.27	16:00:00	5976.217	5995.713	5972.112	5985.452	110101	370869	1
2025.02.28	08:00:00	5978.828	6006.343	5966.599	5987.490	431215	1488084	1
2025.02.28	12:00:00	5987.999	6053.219	5986.980	6050.162	409901	1522982	1
2025.02.28	16:00:00	6050.162	6064.429	6020.609	6024.686	150868	540668	1
2025.03.05	12:00:00	5983.414	5985.452	5910.551	5916.156	442651	1539805	1
2025.03.05	16:00:00	5916.156	5917.175	5877.941	5880.998	170263	668380	1
2025.03.06	08:00:00	5891.189	5908.513	5871.827	5898.832	473441	1464802	1
2025.03.06	12:00:00	5898.322	5921.251	5874.884	5899.341	383142	1245886	1
2025.03.06	16:00:00	5899.341	5907.494	5894.755	5904.946	94511	323131	1
2025.03.07	08:00:00	5898.322	5920.741	5890.679	5911.060	456511	1336716	1
2025.03.07	12:00:00	5911.060	5934.499	5899.851	5933.480	320190	1057068	1
2025.03.07	16:00:00	5933.480	5938.575	5924.818	5925.327	84396	293615	1
2025.03.10	08:00:00	5928.894	5950.804	5908.513	5914.627	423614	1299486	1
2025.03.10	12:00:00	5914.627	6007.871	5912.589	6004.814	383557	1369799	1
2025.03.10	16:00:00	6004.814	6011.438	5986.980	5992.585	125225	440147	1
2025.03.11	08:00:00	5975.771	5985.452	5958.447	5976.790	476857	1470890	1
2025.03.11	12:00:00	5976.790	5978.828	5942.651	5944.180	287902	995452	1
2025.03.11	16:00:00	5944.180	5952.332	5939.085	5945.199	82569	310646	1
2025.03.12	08:00:00	5947.237	5981.885	5935.008	5957.428	477034	1513734	1
2025.03.12	12:00:00	5957.937	5963.032	5918.703	5935.008	264135	922812	1
2025.03.12	16:00:00	5935.008	5942.651	5929.403	5938.065	78540	261604	1
2025.03.13	08:00:00	5954.880	5969.656	5937.556	5940.613	395443	1216945	1
2025.03.13	12:00:00	5940.104	5945.199	5927.875	5942.651	191495	682910	1
2025.03.13	16:00:00	5943.161	5943.161	5924.308	5933.989	73157	297929	1
2025.03.14	08:00:00	5920.741	5922.780	5856.031	5862.145	485494	1622550	1
2025.03.14	12:00:00	5862.655	5871.827	5841.255	5867.241	271058	963046	1
2025.03.14	16:00:00	5866.731	5880.489	5861.636	5875.903	89457	330724	1
2025.03.17	08:00:00	5865.712	5870.807	5826.988	5833.612	422222	1326221	1
2025.03.17	12:00:00	5834.121	5834.631	5792.849	5793.868	278744	1046039	1
2025.03.17	16:00:00	5794.378	5814.759	5791.830	5813.740	94648	349562	1
2025.03.18	08:00:00	5828.007	5839.726	5804.059	5813.231	440248	1360376	1
2025.03.18	12:00:00	5813.231	5816.288	5779.092	5791.321	274949	960996	1
2025.03.18	16:00:00	5791.321	5798.964	5789.792	5797.435	61747	207287	1
2025.03.19	08:00:00	5807.116	5813.231	5776.544	5782.149	382357	1228660	1
2025.03.19	12:00:00	5781.640	5786.735	5753.106	5756.673	275255	1011417	1
2025.03.19	16:00:00	5756.163	5773.997	5753.616	5770.940	106304	370757	1
2025.03.20	08:00:00	5783.168	5800.492	5767.882	5787.245	416261	1290071	1
2025.03.20	12:00:00	5787.754	5803.550	5775.016	5793.868	257853	943373	1
2025.03.20	16:00:00	5793.868	5803.550	5784.697	5796.926	86197	323925	1
2025.03.21	08:00:00	5808.135	5852.974	5801.002	5851.445	432038	1414496	1
2025.03.21	12:00:00	5850.936	5855.012	5823.931	5842.274	236700	865470	1
2025.03.21	16:00:00	5841.764	5857.560	5833.102	5847.879	68033	257850	1
2025.03.24	08:00:00	5831.574	5891.698	5820.364	5858.579	456782	1537051	1
2025.03.24	12:00:00	5858.579	5879.979	5842.783	5870.807	225066	828588	1
2025.03.24	16:00:00	5870.807	5884.565	5868.769	5879.470	67994	248166	1
2025.03.25	08:00:00	5870.807	5871.317	5796.926	5797.945	478683	1601321	1
2025.03.25	12:00:00	5797.945	5822.912	5792.849	5812.721	251152	968829	1
2025.03.25	16:00:00	5812.721	5828.007	5809.664	5814.759	87157	311686	1
2025.03.26	08:00:00	5819.854	5851.955	5807.626	5842.274	402341	1297117	1
2025.03.26	12:00:00	5842.274	5862.145	5838.198	5846.860	240303	866925	1
2025.03.26	16:00:00	5846.860	5853.483	5840.745	5851.445	70248	286959	1
2025.03.27	08:00:00	5838.198	5885.584	5835.140	5854.503	452655	1473736	1
2025.03.27	12:00:00	5853.993	5878.960	5844.312	5865.712	219939	825284	1
2025.03.27	16:00:00	5865.712	5876.922	5851.445	5853.993	84979	313795	1
2025.03.28	08:00:00	5860.107	5894.246	5859.088	5880.489	467790	1504201	1
2025.03.28	12:00:00	5879.979	5885.074	5857.560	5868.260	256075	923712	1
2025.03.28	16:00:00	5868.769	5877.941	5868.260	5869.279	53533	191731	1
2025.03.31	08:00:00	5874.346	5894.612	5829.759	5834.825	493866	1591627	1
2025.03.31	12:00:00	5834.825	5850.025	5808.985	5820.638	237994	891499	1
2025.03.31	16:00:00	5820.132	5824.185	5806.452	5807.465	86112	340145	1
2025.04.01	08:00:00	5820.638	5838.879	5795.305	5797.838	468632	1425742	1
2025.04.01	12:00:00	5797.838	5800.878	5778.078	5787.198	252324	906897	1
2025.04.01	16:00:00	5787.198	5792.265	5785.171	5787.198	55009	203652	1
2025.04.02	08:00:00	5786.185	5818.612	5763.891	5805.945	519640	1590739	1
2025.04.02	12:00:00	5805.438	5815.065	5787.198	5796.318	245705	843713	1
2025.04.02	16:00:00	5796.318	5814.558	5750.718	5795.812	232743	696372	1
2025.04.03	08:00:00	5727.918	5747.678	5694.477	5697.517	613002	1888870	1
2025.04.03	12:00:00	5697.517	5728.424	5694.984	5720.318	301214	923710	1
2025.04.03	16:00:00	5720.318	5738.558	5718.291	5737.038	90357	288264	1
2025.04.04	08:00:00	5802.905	5926.533	5800.372	5916.399	715192	2277329	1
2025.04.04	12:00:00	5915.893	5947.813	5887.519	5944.266	509613	1609965	1
2025.04.04	16:00:00	5944.266	5963.013	5931.093	5961.493	137798	433889	1
2025.04.07	08:00:00	5983.787	6012.160	5917.413	5978.720	829055	2460230	1
2025.04.07	12:00:00	5978.720	6038.000	5965.040	6020.774	484465	1444734	1
2025.04.07	16:00:00	6020.774	6022.800	6006.080	6016.214	101125	286892	1
2025.04.08	08:00:00	5977.200	6059.787	5962.000	6047.627	588309	1886254	1
2025.04.08	12:00:00	6047.120	6105.388	6045.094	6087.148	559839	1778960	1
2025.04.08	16:00:00	6087.654	6122.615	6079.547	6117.548	151608	470381	1
2025.04.09	08:00:00	6130.215	6199.122	6128.188	6164.162	764181	2252886	1
2025.04.09	12:00:00	6163.655	6173.282	5940.213	5958.453	719385	2249980	1
2025.04.09	16:00:00	5958.453	5967.066	5913.866	5921.973	142010	463821	1
2025.04.10	08:00:00	5957.946	6025.334	5920.453	6021.280	646713	1881634	1
2025.04.10	12:00:00	6021.280	6054.721	5982.773	5991.387	497544	1555152	1
2025.04.10	16:00:00	5991.387	6008.107	5977.200	5977.200	123555	377079	1
2025.04.11	08:00:00	5920.959	6014.694	5910.826	5986.320	724086	2111154	1
2025.04.11	12:00:00	5985.813	5992.907	5944.773	5968.080	397928	1151022	1
2025.04.11	16:00:00	5968.586	5971.120	5954.400	5959.466	79464	223712	1
2025.04.14	08:00:00	5937.680	5951.866	5919.439	5934.133	506920	1351176	1
2025.04.14	12:00:00	5934.133	5967.066	5929.066	5945.786	324223	938707	1
2025.04.14	16:00:00	5945.786	5953.386	5938.693	5952.880	61228	209941	1
2025.04.15	08:00:00	5948.320	5985.307	5922.986	5968.080	540053	1576655	1
2025.04.15	12:00:00	5968.080	5994.427	5967.066	5986.827	275998	847355	1
2025.04.15	16:00:00	5986.320	5987.840	5966.560	5968.586	58180	199351	1
2025.04.16	08:00:00	5958.453	6008.107	5953.386	5974.667	536050	1584296	1
2025.04.16	12:00:00	5974.160	5976.187	5943.253	5947.813	323216	1013411	1
2025.04.16	16:00:00	5947.813	5963.520	5947.306	5956.933	76005	230901	1
2025.04.17	08:00:00	5964.026	5978.213	5938.186	5947.813	462364	1348637	1
2025.04.17	12:00:00	5947.813	5950.853	5884.479	5889.039	365498	1224784	1
2025.04.17	16:00:00	5889.039	5903.226	5887.012	5901.706	66407	216495	1
2025.04.22	08:00:00	5881.439	5888.026	5836.345	5837.865	435011	1323224	1
2025.04.22	12:00:00	5837.865	5839.892	5802.905	5806.452	319597	1060233	1
2025.04.22	16:00:00	5806.452	5817.598	5801.892	5806.958	76338	297600	1
2025.04.23	08:00:00	5784.158	5792.772	5739.571	5776.558	585359	1811261	1
2025.04.23	12:00:00	5777.065	5805.438	5771.491	5792.772	305800	1004614	1
2025.04.23	16:00:00	5792.772	5811.518	5785.171	5786.185	87725	317142	1
2025.04.24	08:00:00	5787.198	5787.198	5744.638	5757.811	524891	1652126	1
2025.04.24	12:00:00	5758.318	5767.945	5743.118	5764.905	264820	872122	1
2025.04.24	16:00:00	5764.905	5775.545	5759.838	5764.398	68526	248438	1
2025.04.25	08:00:00	5781.625	5788.212	5756.798	5757.305	462883	1380500	1
2025.04.25	12:00:00	5756.798	5771.998	5744.638	5765.918	254242	864529	1
2025.04.25	16:00:00	5765.918	5772.505	5761.358	5767.438	61262	201262	1
2025.04.28	08:00:00	5776.051	5778.585	5725.384	5752.745	479692	1525538	1
2025.04.28	12:00:00	5752.238	5766.425	5727.411	5728.931	288376	1074107	1
2025.04.28	16:00:00	5728.424	5733.998	5723.358	5732.478	73559	265925	1
2025.04.29	08:00:00	5737.038	5739.571	5713.731	5722.851	481112	1418766	1
2025.04.29	12:00:00	5722.851	5724.878	5695.491	5708.664	267122	864406	1
2025.04.29	16:00:00	5708.664	5713.224	5688.904	5690.424	67867	238634	1
2025.04.30	08:00:00	5697.467	5752.801	5678.854	5735.698	541419	1757423	1
2025.04.30	12:00:00	5735.698	5761.856	5726.643	5738.716	308679	1128248	1
2025.04.30	16:00:00	5739.219	5756.826	5734.692	5745.256	92254	332551	1
2025.05.02	08:00:00	5744.753	5749.783	5698.473	5706.018	469811	1403085	1
2025.05.02	12:00:00	5705.515	5734.189	5704.509	5726.140	215608	699234	1
2025.05.02	16:00:00	5726.140	5732.680	5722.619	5729.661	51216	192212	1
2025.05.05	08:00:00	5726.140	5727.649	5698.976	5725.637	386713	1236355	1
2025.05.05	12:00:00	5725.637	5761.353	5724.128	5758.838	248200	841288	1
2025.05.05	16:00:00	5758.335	5774.432	5754.814	5767.893	63545	248507	1
2025.05.06	08:00:00	5767.893	5807.130	5761.353	5787.511	518950	1683768	1
2025.05.06	12:00:00	5787.008	5797.069	5765.377	5776.947	289595	983098	1
2025.05.06	16:00:00	5776.444	5792.542	5772.420	5784.493	67315	249760	1
2025.05.07	08:00:00	5774.935	5811.657	5764.874	5806.627	453334	1395927	1
2025.05.07	12:00:00	5807.130	5821.718	5796.566	5814.173	285318	956702	1
2025.05.07	16:00:00	5814.173	5830.773	5805.621	5807.633	116108	408818	1
2025.05.08	08:00:00	5787.008	5815.682	5736.704	5743.244	522619	1707114	1
2025.05.08	12:00:00	5743.244	5753.807	5727.146	5742.237	244512	855807	1
2025.05.08	16:00:00	5741.734	5744.250	5724.128	5725.134	97226	384468	1
2025.05.09	08:00:00	5732.177	5733.183	5709.037	5710.043	436744	1340783	1
2025.05.09	12:00:00	5709.540	5720.607	5700.988	5714.067	217810	797119	1
2025.05.09	16:00:00	5713.564	5720.104	5705.012	5713.564	56945	235995	1
2025.05.12	08:00:00	5734.692	5759.844	5721.613	5744.753	521616	1609838	1
2025.05.12	12:00:00	5744.753	5767.893	5741.734	5754.310	215440	756630	1
2025.05.12	16:00:00	5754.310	5755.317	5730.164	5732.177	85355	331608	1
2025.05.13	08:00:00	5721.110	5733.686	5680.866	5687.909	520185	1675330	1
2025.05.13	12:00:00	5687.909	5688.412	5653.199	5655.211	303209	1187123	1
2025.05.13	16:00:00	5655.211	5672.817	5653.702	5672.817	78197	333344	1
2025.05.14	08:00:00	5661.247	5673.824	5638.611	5670.302	556611	1731245	1
2025.05.14	12:00:00	5670.302	5692.436	5659.738	5678.351	259341	919950	1
2025.05.14	16:00:00	5678.351	5699.479	5677.848	5696.964	69806	264094	1
2025.05.15	08:00:00	5688.412	5702.497	5669.296	5700.485	474172	1470181	1
2025.05.15	12:00:00	5700.485	5753.807	5688.915	5737.207	401963	1427459	1
2025.05.15	16:00:00	5737.207	5748.274	5728.655	5737.710	87227	300161	1
2025.05.16	08:00:00	5727.649	5767.893	5723.122	5751.292	481043	1494053	1
2025.05.16	12:00:00	5751.292	5753.304	5714.570	5723.625	238533	858113	1
2025.05.16	16:00:00	5724.128	5725.134	5714.570	5722.619	56013	223747	1
2025.05.19	08:00:00	5711.049	5743.244	5700.988	5704.509	539197	1517779	1
2025.05.19	12:00:00	5704.509	5704.509	5684.387	5695.957	226674	739262	1
2025.05.19	16:00:00	5696.461	5707.527	5692.939	5697.467	74344	281687	1
2025.05.20	08:00:00	5696.964	5725.134	5691.933	5717.588	521387	1669065	1
2025.05.20	12:00:00	5717.085	5733.183	5707.527	5729.661	227604	857039	1
2025.05.20	16:00:00	5730.164	5730.164	5711.049	5711.049	68135	256662	1
2025.05.21	08:00:00	5717.588	5725.637	5691.933	5694.448	432594	1330906	1
2025.05.21	12:00:00	5694.448	5714.067	5693.442	5703.000	245621	870450	1
2025.05.21	16:00:00	5703.503	5706.018	5686.903	5691.933	82248	306498	1
2025.05.22	08:00:00	5694.951	5725.637	5679.357	5680.866	515971	1638637	1
2025.05.22	12:00:00	5681.369	5699.479	5638.611	5698.976	411326	1634773	1
2025.05.22	16:00:00	5698.473	5818.700	5673.321	5800.087	240320	1000930	1
2025.05.23	08:00:00	5774.935	5787.511	5722.116	5725.637	611499	1943440	1
2025.05.23	12:00:00	5725.637	5731.674	5693.945	5694.951	247350	822822	1
2025.05.23	16:00:00	5695.454	5698.473	5684.891	5693.945	86159	305560	1
2025.05.26	08:00:00	5684.387	5712.558	5676.339	5706.018	357010	1017591	1
2025.05.26	12:00:00	5706.521	5720.607	5701.491	5714.570	138179	476394	1
2025.05.26	16:00:00	5714.570	5719.097	5703.503	5703.503	36186	127820	1
2025.05.27	08:00:00	5699.479	5711.552	5682.878	5693.442	456548	1453963	1
2025.05.27	12:00:00	5693.442	5702.497	5679.860	5683.884	212352	737106	1
2025.05.27	16:00:00	5683.381	5689.921	5674.327	5677.345	62544	218474	1
2025.05.28	08:00:00	5687.406	5737.207	5681.369	5734.189	460045	1451889	1
2025.05.28	12:00:00	5734.692	5755.820	5719.097	5726.643	313235	1099433	1
2025.05.28	16:00:00	5726.140	5735.698	5720.607	5728.655	67226	252235	1
2025.05.29	08:00:00	5735.195	5740.728	5679.860	5681.872	485538	1486922	1
2025.05.29	12:00:00	5682.375	5697.970	5679.357	5692.436	211968	737407	1
2025.05.29	16:00:00	5692.939	5712.055	5691.430	5703.000	68644	266749	1
2025.05.30	08:00:00	5707.000	5777.500	5696.000	5769.000	501665	1681118	1
2025.05.30	12:00:00	5768.500	5771.000	5743.000	5749.000	234183	862046	1
2025.05.30	16:00:00	5748.500	5770.000	5748.500	5769.000	69526	286521	1
2025.06.02	08:00:00	5737.500	5745.000	5701.500	5724.500	480769	1459145	1
2025.06.02	12:00:00	5724.500	5745.000	5716.000	5718.000	239859	757099	1
2025.06.02	16:00:00	5717.500	5722.000	5707.500	5713.500	70881	258859	1
2025.06.03	08:00:00	5714.000	5745.000	5675.500	5677.500	527702	1723616	1
2025.06.03	12:00:00	5678.000	5692.000	5658.500	5673.000	259840	884636	1
2025.06.03	16:00:00	5673.000	5680.000	5666.000	5672.000	76428	277105	1
2025.06.04	08:00:00	5670.000	5674.500	5641.500	5659.000	480782	1425176	1
2025.06.04	12:00:00	5659.500	5680.000	5659.500	5678.000	217167	743781	1
2025.06.04	16:00:00	5678.000	5684.000	5662.000	5662.000	74768	284449	1
2025.06.05	08:00:00	5665.000	5668.500	5619.000	5627.500	521689	1671499	1
2025.06.05	12:00:00	5627.500	5633.500	5608.000	5618.000	251797	909469	1
2025.06.05	16:00:00	5618.500	5624.500	5611.000	5613.000	68421	264164	1
2025.06.06	08:00:00	5624.000	5640.000	5591.500	5638.000	537463	1640857	1
2025.06.06	12:00:00	5638.000	5645.500	5588.500	5592.500	304999	1067421	1
2025.06.06	16:00:00	5593.000	5598.500	5585.000	5592.000	70372	254426	1
2025.06.09	08:00:00	5596.500	5624.500	5577.500	5612.000	470972	1400320	1
2025.06.09	12:00:00	5612.000	5612.500	5580.500	5583.500	223184	723967	1
2025.06.09	16:00:00	5584.000	5593.000	5582.000	5584.000	65058	237750	1
2025.06.10	08:00:00	5581.500	5595.500	5561.500	5584.000	472052	1532331	1
2025.06.10	12:00:00	5584.500	5601.000	5575.000	5597.000	207626	681651	1
2025.06.10	16:00:00	5597.500	5600.000	5588.500	5592.500	73298	247301	1
2025.06.11	08:00:00	5591.000	5602.000	5552.000	5564.500	518710	1678182	1
2025.06.11	12:00:00	5564.500	5567.500	5542.500	5560.500	234934	834545	1
2025.06.11	16:00:00	5560.500	5567.000	5555.500	5560.000	58725	242125	1
2025.06.12	08:00:00	5550.000	5579.000	5544.500	5566.500	433021	1358982	1
2025.06.12	12:00:00	5566.500	5579.500	5557.000	5563.000	204261	784666	1
2025.06.12	16:00:00	5563.000	5566.500	5552.000	5553.000	53646	215581	1
2025.06.13	08:00:00	5587.000	5612.000	5563.500	5569.500	488254	1598606	1
2025.06.13	12:00:00	5570.000	5576.500	5551.000	5552.500	234352	875795	1
2025.06.13	16:00:00	5552.500	5569.500	5548.500	5569.000	65613	291830	1
2025.06.16	08:00:00	5543.000	5553.500	5512.500	5519.500	436238	1422371	1
2025.06.16	12:00:00	5519.000	5536.000	5507.000	5513.000	245585	910584	1
2025.06.16	16:00:00	5513.000	5513.500	5498.000	5498.500	87292	383979	1
2025.06.17	08:00:00	5508.000	5520.000	5480.000	5500.000	496245	1598605	1
2025.06.17	12:00:00	5500.000	5521.000	5483.000	5516.000	299263	1112085	1
2025.06.17	16:00:00	5516.000	5518.500	5507.000	5507.500	71996	274738	1
2025.06.18	08:00:00	5506.000	5524.500	5488.000	5495.000	434188	1406085	1
2025.06.18	12:00:00	5495.000	5522.000	5494.500	5518.500	252820	896784	1
2025.06.18	16:00:00	5518.500	5519.500	5493.000	5496.000	73879	286269	1
2025.06.20	08:00:00	5483.000	5516.500	5480.000	5514.000	395825	1263747	1
2025.06.20	12:00:00	5513.500	5535.000	5509.500	5534.000	237452	803251	1
2025.06.20	16:00:00	5534.500	5538.000	5521.500	5527.000	74712	268763	1
2025.06.23	08:00:00	5545.500	5552.500	5515.500	5522.000	481304	1512658	1
2025.06.23	12:00:00	5522.000	5534.000	5505.000	5510.500	301414	1062024	1
2025.06.23	16:00:00	5510.500	5516.500	5501.000	5505.000	61112	233700	1
2025.06.24	08:00:00	5482.000	5513.000	5482.000	5502.000	469070	1571670	1
2025.06.24	12:00:00	5502.500	5530.000	5493.000	5528.000	247639	960880	1
2025.06.24	16:00:00	5528.000	5530.000	5516.000	5519.500	82618	325254	1
2025.06.25	08:00:00	5517.500	5558.000	5515.000	5549.000	471255	1545179	1
2025.06.25	12:00:00	5549.000	5579.000	5536.000	5556.500	281525	1047277	1
2025.06.25	16:00:00	5556.500	5570.000	5555.000	5562.000	78898	315620	1
2025.06.26	08:00:00	5552.000	5567.000	5507.000	5510.000	489317	1586916	1
2025.06.26	12:00:00	5510.000	5516.000	5494.500	5498.000	250019	859697	1
2025.06.26	16:00:00	5498.000	5510.500	5411.500	5483.000	103913	475846	1
2025.06.27	08:00:00	5530.055	5547.685	5501.849	5529.552	503505	1621434	1
2025.06.27	12:00:00	5530.055	5539.122	5506.886	5531.063	305386	1132347	1
2025.06.27	16:00:00	5530.559	5533.581	5519.982	5522.500	66018	243965	1
2025.06.30	08:00:00	5525.500	5547.500	5496.500	5497.500	467331	1548494	1
2025.06.30	12:00:00	5497.500	5501.500	5465.000	5468.500	287141	1153000	1
2025.06.30	16:00:00	5468.500	5478.000	5468.000	5473.500	62938	277739	1
2025.07.01	08:00:00	5467.500	5499.000	5457.500	5491.000	450143	1436421	1
2025.07.01	12:00:00	5491.000	5509.500	5488.500	5507.000	226378	812108	1
2025.07.01	16:00:00	5506.500	5509.000	5492.000	5495.500	68496	285529	1
2025.07.02	08:00:00	5502.000	5518.500	5479.500	5483.500	483652	1589314	1
2025.07.02	12:00:00	5484.000	5485.000	5456.000	5460.500	256557	985719	1
2025.07.02	16:00:00	5460.000	5465.000	5452.500	5464.500	73807	313215	1
2025.07.03	08:00:00	5465.000	5482.500	5440.000	5445.500	430619	1492009	1
2025.07.03	12:00:00	5446.000	5468.500	5445.000	5447.500	194978	695430	1
2025.07.03	16:00:00	5447.000	5449.500	5437.500	5448.000	59202	261365	1
2025.07.04	08:00:00	5455.500	5460.000	5437.500	5441.000	257203	772223	1
2025.07.04	12:00:00	5441.500	5460.500	5440.000	5458.000	103460	391378	1
2025.07.04	16:00:00	5457.500	5462.000	5452.000	5455.500	32187	128303	1
2025.07.07	08:00:00	5474.000	5502.000	5470.500	5489.500	441888	1475688	1
2025.07.07	12:00:00	5489.000	5517.000	5488.000	5515.000	260792	990000	1
2025.07.07	16:00:00	5515.500	5526.000	5507.500	5520.500	61782	264674	1
2025.07.08	08:00:00	5505.500	5510.500	5479.500	5491.000	429577	1414518	1
2025.07.08	12:00:00	5491.000	5505.000	5467.000	5471.500	277757	968997	1
2025.07.08	16:00:00	5471.500	5485.000	5470.500	5483.500	65538	264322	1
2025.07.09	08:00:00	5488.000	5506.500	5479.500	5500.500	330289	1133995	1
2025.07.09	12:00:00	5500.500	5526.500	5478.000	5516.000	276115	1102823	1
2025.07.09	16:00:00	5516.500	5638.000	5515.000	5608.500	224489	961958	1
2025.07.10	08:00:00	5643.500	5658.000	5553.000	5575.500	235612	2433121	0
2025.07.10	12:00:00	5576.000	5593.000	5555.000	5578.000	99774	1144987	0
2025.07.10	16:00:00	5578.000	5579.500	5558.000	5561.500	31812	338940	0
2025.07.11	08:00:00	5579.500	5619.000	5577.000	5598.000	172624	1729385	0
2025.07.11	12:00:00	5598.500	5610.000	5569.000	5574.000	69594	778955	0
2025.07.11	16:00:00	5573.500	5597.000	5567.500	5590.500	24240	247498	0
2025.07.14	08:00:00	5591.500	5599.500	5568.500	5588.000	144234	1333750	0
2025.07.14	12:00:00	5587.500	5614.000	5587.000	5607.000	71228	782634	0
2025.07.14	16:00:00	5607.000	5621.500	5604.000	5613.000	29450	380481	0
2025.07.15	08:00:00	5599.000	5623.000	5556.500	5577.000	186753	1854740	0
2025.07.15	12:00:00	5577.000	5627.000	5570.000	5583.500	119654	1421850	0
2025.07.15	16:00:00	5583.500	5586.500	5572.500	5574.000	24717	271289	0
2025.07.16	08:00:00	5585.000	5613.500	5576.500	5590.500	471798	1561117	1
2025.07.16	12:00:00	5591.000	5598.000	5560.000	5578.000	394269	1505487	1
2025.07.16	16:00:00	5577.500	5590.000	5575.000	5587.000	55938	217202	1
2025.07.17	08:00:00	5601.000	5629.000	5575.500	5580.000	452746	1528974	1
2025.07.17	12:00:00	5580.000	5590.000	5561.000	5566.500	206469	754506	1
2025.07.17	16:00:00	5566.500	5572.500	5556.500	5567.000	66869	296172	1
2025.07.18	08:00:00	5581.000	5585.000	5539.500	5561.500	438024	1499805	1
2025.07.18	12:00:00	5561.000	5615.000	5555.500	5611.000	259212	1039961	1
2025.07.18	16:00:00	5611.000	5611.000	5588.000	5592.500	74210	328271	1
2025.07.21	08:00:00	5610.000	5626.500	5570.000	5574.000	422377	1382035	1
2025.07.21	12:00:00	5574.000	5585.000	5565.000	5578.500	178047	640873	1
2025.07.21	16:00:00	5578.000	5584.000	5576.000	5581.000	51017	190703	1
2025.07.22	08:00:00	5584.500	5603.500	5573.000	5579.000	451590	1497128	1
2025.07.22	12:00:00	5579.500	5584.000	5564.000	5579.000	216572	806939	1
2025.07.22	16:00:00	5578.500	5586.500	5572.000	5575.000	59297	235447	1
2025.07.23	08:00:00	5575.000	5588.500	5565.000	5567.000	379537	1304898	1
2025.07.23	12:00:00	5567.500	5572.000	5525.500	5529.000	264777	1032424	1
2025.07.23	16:00:00	5529.000	5534.000	5520.500	5521.000	59108	255241	1
2025.07.24	08:00:00	5534.500	5549.000	5526.000	5537.500	376911	1307656	1
2025.07.24	12:00:00	5538.000	5545.500	5527.000	5531.000	181943	732485	1
2025.07.24	16:00:00	5531.500	5533.500	5521.500	5532.500	66291	274605	1
2025.07.25	08:00:00	5540.000	5554.000	5528.500	5545.500	352764	1236637	1
2025.07.25	12:00:00	5546.000	5581.000	5544.500	5575.500	234176	911107	1
2025.07.25	16:00:00	5575.500	5576.000	5565.500	5568.000	49778	225738	1
2025.07.28	08:00:00	5592.500	5611.500	5573.500	5588.500	392800	1465918	1
2025.07.28	12:00:00	5588.500	5609.000	5586.500	5604.000	186932	720317	1
2025.07.28	16:00:00	5604.000	5605.500	5590.500	5594.500	56441	236499	1
2025.07.29	08:00:00	5604.000	5607.500	5573.000	5596.000	427799	1678428	1
2025.07.29	12:00:00	5596.000	5598.000	5562.000	5572.000	229531	939983	1
2025.07.29	16:00:00	5572.000	5585.000	5569.000	5580.000	54686	227261	1
2025.07.30	08:00:00	5623.496	5659.270	5623.496	5648.689	396624	1458159	1
2025.07.30	12:00:00	5649.193	5675.393	5578.653	5616.442	517043	1986879	1
2025.07.30	16:00:00	5616.442	5635.589	5609.892	5624.000	112556	360545	1
2025.07.31	08:00:00	5610.000	5668.000	5606.000	5641.000	441583	1701431	1
2025.07.31	12:00:00	5641.000	5660.000	5623.500	5640.500	224396	915117	1
2025.07.31	16:00:00	5641.000	5652.000	5637.500	5649.500	64632	252999	1
2025.08.01	08:00:00	5662.000	5669.500	5568.000	5589.000	571755	2165966	1
2025.08.01	12:00:00	5589.000	5603.000	5578.000	5599.000	220629	852878	1
2025.08.01	16:00:00	5599.500	5599.500	5574.000	5581.000	86466	349401	1
2025.08.04	08:00:00	5572.000	5583.000	5534.000	5545.000	380118	1351309	1
2025.08.04	12:00:00	5544.500	5565.000	5542.500	5550.500	204800	800177	1
2025.08.04	16:00:00	5550.500	5559.000	5531.500	5559.000	72418	330605	1
2025.08.05	08:00:00	5570.500	5573.000	5535.000	5549.000	420510	1419261	1
2025.08.05	12:00:00	5549.000	5551.000	5536.000	5542.500	167243	641021	1
2025.08.05	16:00:00	5542.500	5545.500	5538.500	5541.500	46240	175253	1
2025.08.06	08:00:00	5538.500	5545.500	5494.000	5515.000	420441	1571473	1
2025.08.06	12:00:00	5515.000	5517.500	5492.500	5498.500	200221	816252	1
2025.08.06	16:00:00	5498.500	5501.500	5492.000	5493.000	60732	259728	1
2025.08.07	08:00:00	5498.000	5508.000	5484.000	5503.500	412045	1445833	1
2025.08.07	12:00:00	5504.000	5509.000	5477.500	5481.500	222911	903573	1
2025.08.07	16:00:00	5481.000	5482.500	5445.500	5448.000	132820	614774	1
2025.08.08	08:00:00	5457.000	5468.500	5445.000	5456.000	362322	1281826	1
2025.08.08	12:00:00	5456.000	5473.500	5446.500	5464.000	205956	894110	1
2025.08.08	16:00:00	5463.500	5473.000	5459.500	5462.000	70354	286191	1
2025.08.11	08:00:00	5470.000	5486.500	5464.000	5481.000	303757	1077591	1
2025.08.11	12:00:00	5481.000	5487.500	5462.000	5472.000	187814	724566	1
2025.08.11	16:00:00	5472.000	5474.000	5465.500	5467.500	51417	219937	1
2025.08.12	08:00:00	5468.500	5470.500	5430.500	5435.000	413326	1500252	1
2025.08.12	12:00:00	5435.000	5435.500	5412.000	5417.000	227906	1010431	1
2025.08.12	16:00:00	5417.500	5430.000	5411.500	5428.500	74021	341149	1
2025.08.13	08:00:00	5413.000	5428.000	5404.000	5417.500	361283	1326333	1
2025.08.13	12:00:00	5417.500	5435.000	5414.000	5428.500	189819	788268	1
2025.08.13	16:00:00	5429.000	5431.000	5413.000	5415.000	55533	234112	1
2025.08.14	08:00:00	5425.500	5447.000	5417.500	5422.500	407278	1467390	1
2025.08.14	12:00:00	5423.000	5455.500	5422.000	5436.500	233945	980793	1
2025.08.14	16:00:00	5436.500	5443.000	5433.500	5434.500	46274	207916	1
2025.08.15	08:00:00	5428.000	5429.500	5405.500	5415.000	303789	1092741	1
2025.08.15	12:00:00	5414.500	5426.000	5413.000	5422.000	147607	600919	1
2025.08.15	16:00:00	5421.500	5424.000	5412.000	5414.000	46711	207160	1
2025.08.18	08:00:00	5422.000	5441.000	5422.000	5434.000	294397	1046381	1
2025.08.18	12:00:00	5434.000	5459.000	5432.000	5453.500	200383	843650	1
2025.08.18	16:00:00	5453.000	5460.000	5449.500	5456.500	52710	230384	1
2025.08.19	08:00:00	5451.500	5506.500	5446.000	5497.000	416336	1696516	1
2025.08.19	12:00:00	5497.500	5513.000	5479.000	5508.500	260049	1113812	1
2025.08.19	16:00:00	5508.500	5525.000	5508.000	5515.500	97338	464267	1
2025.08.20	08:00:00	5513.000	5519.500	5479.500	5487.000	383239	1429324	1
2025.08.20	12:00:00	5486.500	5501.500	5476.500	5487.500	213852	924505	1
2025.08.20	16:00:00	5487.000	5501.500	5485.500	5492.500	67282	297554	1
2025.08.21	08:00:00	5503.000	5510.500	5480.000	5498.000	428698	1515401	1
2025.08.21	12:00:00	5498.000	5508.500	5481.000	5488.500	218597	873010	1
2025.08.21	16:00:00	5488.000	5495.000	5484.500	5484.500	48338	214940	1
2025.08.22	08:00:00	5486.500	5488.500	5430.000	5434.000	439148	1669470	1
2025.08.22	12:00:00	5434.000	5439.000	5423.500	5436.000	173123	713456	1
2025.08.22	16:00:00	5435.500	5441.000	5433.000	5437.500	45953	198504	1
2025.08.25	08:00:00	5438.500	5446.500	5410.500	5414.500	275901	1028040	1
2025.08.25	12:00:00	5414.000	5422.500	5413.000	5421.500	143483	617488	1
2025.08.25	16:00:00	5421.500	5424.500	5417.000	5418.500	51811	222248	1
2025.08.26	08:00:00	5410.000	5440.000	5405.500	5434.500	310689	1211884	1
2025.08.26	12:00:00	5434.500	5456.000	5431.000	5442.000	182596	800159	1
2025.08.26	16:00:00	5442.000	5443.500	5435.500	5439.500	53420	248310	1
2025.08.27	08:00:00	5455.000	5462.500	5432.500	5450.500	368371	1463756	1
2025.08.27	12:00:00	5450.500	5452.500	5419.500	5426.000	233185	947989	1
2025.08.27	16:00:00	5426.500	5428.000	5419.500	5424.500	51118	228950	1
2025.08.28	08:00:00	5456.482	5473.101	5445.403	5449.935	391576	1517335	1
2025.08.28	12:00:00	5450.439	5456.482	5437.345	5447.921	179883	749269	1
2025.08.28	16:00:00	5447.417	5460.007	5441.878	5459.000	50098	227334	1
2025.08.29	08:00:00	5460.000	5483.000	5452.000	5467.500	404526	1572381	1
2025.08.29	12:00:00	5467.000	5475.000	5461.000	5463.500	146906	691016	1
2025.08.29	16:00:00	5463.500	5474.000	5457.500	5467.000	55174	254468	1
2025.09.01	08:00:00	5463.500	5481.500	5454.500	5479.500	236103	930039	1
2025.09.01	12:00:00	5479.000	5489.000	5478.000	5482.500	110722	470852	1
2025.09.01	16:00:00	5482.500	5485.000	5477.000	5477.500	32830	145080	1
2025.09.02	08:00:00	5505.000	5539.000	5491.500	5496.500	460873	1784066	1
2025.09.02	12:00:00	5497.000	5513.000	5482.500	5508.000	219812	890260	1
2025.09.02	16:00:00	5508.000	5515.500	5501.000	5506.000	58071	257579	1
2025.09.03	08:00:00	5499.000	5500.000	5469.000	5476.000	344743	1302184	1
2025.09.03	12:00:00	5476.500	5504.000	5475.500	5494.500	189131	775639	1
2025.09.03	16:00:00	5494.000	5495.000	5483.000	5484.000	48781	217418	1
2025.09.04	08:00:00	5499.500	5500.000	5481.000	5495.500	309674	1154031	1
2025.09.04	12:00:00	5495.500	5507.000	5476.500	5482.500	197893	825606	1
2025.09.04	16:00:00	5482.500	5484.500	5478.500	5480.500	49177	199722	1
2025.09.05	08:00:00	5463.500	5472.500	5415.000	5441.500	464812	1842818	1
2025.09.05	12:00:00	5441.500	5451.000	5427.000	5442.500	186170	748183	1
2025.09.05	16:00:00	5442.500	5452.500	5441.500	5444.000	65675	280168	1
2025.09.08	08:00:00	5439.000	5478.500	5433.000	5468.500	323625	1267161	1
2025.09.08	12:00:00	5469.000	5469.000	5449.000	5450.500	155037	631914	1
2025.09.08	16:00:00	5451.000	5454.500	5446.000	5452.000	54390	221141	1
2025.09.09	08:00:00	5450.000	5467.000	5441.000	5451.000	366394	1350805	1
2025.09.09	12:00:00	5451.000	5467.500	5450.500	5460.500	163220	639785	1
2025.09.09	16:00:00	5460.000	5472.000	5460.000	5460.500	51930	216570	1
2025.09.10	08:00:00	5460.500	5465.000	5426.000	5431.000	387177	1430689	1
2025.09.10	12:00:00	5431.000	5436.500	5424.000	5431.500	141831	596266	1
2025.09.10	16:00:00	5431.000	5436.500	5426.000	5427.500	47250	196286	1
2025.09.11	08:00:00	5435.000	5449.000	5400.000	5406.000	388910	1521056	1
2025.09.11	12:00:00	5406.000	5417.000	5399.000	5412.500	176707	808185	1
2025.09.11	16:00:00	5413.000	5418.500	5409.000	5414.500	60172	268688	1
2025.09.12	08:00:00	5423.000	5431.500	5376.000	5385.000	372614	1513131	1
2025.09.12	12:00:00	5385.500	5388.000	5366.000	5373.000	204771	1000936	1
2025.09.12	16:00:00	5373.000	5380.000	5363.500	5370.500	64207	284155	1
2025.09.15	08:00:00	5369.500	5371.500	5335.500	5336.500	352071	1451082	1
2025.09.15	12:00:00	5336.500	5340.500	5329.000	5337.000	157312	734483	1
2025.09.15	16:00:00	5337.000	5343.000	5334.000	5337.500	51030	213238	1
2025.09.16	08:00:00	5324.500	5340.000	5315.500	5330.000	352370	1335722	1
2025.09.16	12:00:00	5330.000	5332.500	5310.000	5319.000	171534	753740	1
2025.09.16	16:00:00	5319.000	5319.500	5312.000	5313.000	54222	261165	1
2025.09.17	08:00:00	5317.500	5324.500	5308.500	5318.500	249722	999220	1
2025.09.17	12:00:00	5318.500	5329.000	5291.000	5318.000	327121	1334744	1
2025.09.17	16:00:00	5318.500	5327.500	5310.000	5327.000	102769	384563	1
2025.09.18	08:00:00	5309.500	5329.000	5284.500	5315.500	403653	1624160	1
2025.09.18	12:00:00	5316.000	5322.500	5309.000	5317.000	140845	672282	1
2025.09.18	16:00:00	5317.000	5334.000	5317.000	5321.000	72082	309147	1
2025.09.19	08:00:00	5338.000	5351.500	5329.500	5330.500	299483	1196751	1
2025.09.19	12:00:00	5330.500	5342.500	5330.500	5332.500	132934	612579	1
2025.09.19	16:00:00	5332.000	5347.500	5328.000	5346.000	49274	222288	1
2025.09.22	08:00:00	5335.000	5376.000	5331.000	5364.000	364845	1530687	1
2025.09.22	12:00:00	5364.000	5367.000	5341.500	5349.500	175574	767060	1
2025.09.22	16:00:00	5349.000	5351.000	5343.500	5346.500	46497	192322	1
2025.09.23	08:00:00	5347.500	5354.500	5300.500	5309.500	364965	1566436	1
2025.09.23	12:00:00	5309.500	5312.000	5285.000	5293.000	246531	1161568	1
2025.09.23	16:00:00	5292.500	5295.500	5284.500	5285.000	64069	313919	1
2025.09.24	08:00:00	5302.000	5324.000	5300.000	5315.000	287887	1183920	1
2025.09.24	12:00:00	5315.000	5336.500	5314.000	5335.000	165633	713923	1
2025.09.24	16:00:00	5334.500	5341.000	5307.000	5313.000	76267	392203	1
2025.09.25	08:00:00	5331.000	5359.000	5314.500	5356.500	411022	1714527	1
2025.09.25	12:00:00	5356.500	5374.000	5348.500	5371.000	209980	1010052	1
2025.09.25	16:00:00	5370.500	5377.000	5364.500	5369.000	70494	309759	1
2025.09.26	08:00:00	5370.000	5370.000	5340.000	5349.500	370258	1513038	1
2025.09.26	12:00:00	5349.500	5351.500	5338.000	5342.000	147743	597838	1
2025.09.26	16:00:00	5341.500	5355.000	5339.000	5354.500	44026	187951	1
2025.09.29	08:00:00	5386.679	5388.191	5347.879	5368.539	353737	1456476	1
2025.09.29	12:00:00	5368.035	5374.082	5354.430	5356.445	161013	699014	1
2025.09.29	16:00:00	5356.949	5369.547	5355.942	5363.500	48113	213365	1
2025.09.30	08:00:00	5355.000	5370.000	5346.000	5370.000	330690	1390791	1
2025.09.30	12:00:00	5370.000	5376.000	5354.000	5360.500	189708	895702	1
2025.09.30	16:00:00	5361.000	5367.500	5358.000	5361.000	49001	225478	1
2025.10.01	08:00:00	5347.500	5366.500	5334.000	5360.000	382528	1553947	1
2025.10.01	12:00:00	5360.500	5376.500	5357.000	5362.000	184900	827971	1
2025.10.01	16:00:00	5362.000	5374.000	5360.000	5368.000	50500	225774	1
2025.10.02	08:00:00	5359.500	5393.500	5347.000	5388.000	349760	1411160	1
2025.10.02	12:00:00	5388.000	5413.000	5376.500	5379.500	241274	1116849	1
2025.10.02	16:00:00	5379.000	5382.000	5374.500	5379.000	50694	248040	1
2025.10.03	08:00:00	5370.000	5396.500	5361.500	5391.500	382679	1536130	1
2025.10.03	12:00:00	5391.500	5399.000	5371.000	5372.000	195651	822364	1
2025.10.03	16:00:00	5371.500	5379.000	5365.000	5378.000	63465	284215	1
2025.10.06	08:00:00	5382.000	5386.000	5348.500	5357.000	374800	1524467	1
2025.10.06	12:00:00	5357.500	5359.500	5343.000	5345.500	134291	608253	1
2025.10.06	16:00:00	5346.000	5349.500	5342.000	5343.000	52654	231444	1
2025.10.07	08:00:00	5354.500	5379.000	5352.000	5369.500	353555	1373946	1
2025.10.07	12:00:00	5369.500	5386.000	5364.000	5383.500	194534	853880	1
2025.10.07	16:00:00	5383.500	5391.000	5379.500	5388.000	57169	280200	1
2025.10.08	08:00:00	5388.000	5395.000	5360.000	5378.500	362511	1416295	1
2025.10.08	12:00:00	5378.000	5390.000	5373.500	5385.000	177900	780030	1
2025.10.08	16:00:00	5384.500	5385.000	5364.000	5364.000	68446	323774	1
2025.10.09	08:00:00	5360.000	5395.500	5352.500	5392.500	397102	1538636	1
2025.10.09	12:00:00	5392.500	5408.000	5388.500	5405.000	220883	994866	1
2025.10.09	16:00:00	5404.500	5409.500	5396.500	5406.500	61889	291312	1
2025.10.10	08:00:00	5399.500	5523.000	5387.500	5481.500	626642	2561450	1
2025.10.10	12:00:00	5481.000	5545.500	5477.000	5529.000	458375	1776391	1
2025.10.10	16:00:00	5528.500	5560.000	5520.500	5559.500	106142	494282	1
2025.10.13	08:00:00	5520.000	5526.000	5478.000	5478.000	465593	1690406	1
2025.10.13	12:00:00	5478.000	5482.500	5468.000	5474.500	177492	707801	1
2025.10.13	16:00:00	5474.500	5494.500	5473.500	5484.000	60457	264544	1
2025.10.14	08:00:00	5506.000	5543.000	5506.000	5523.500	488331	1892835	1
2025.10.14	12:00:00	5524.000	5531.000	5480.500	5489.500	277452	1171815	1
2025.10.14	16:00:00	5489.500	5509.500	5486.500	5500.500	77381	317291	1
2025.10.15	08:00:00	5482.500	5493.500	5454.500	5456.000	375431	1446718	1
2025.10.15	12:00:00	5456.000	5490.000	5455.000	5479.000	207864	876458	1
2025.10.15	16:00:00	5479.000	5485.000	5469.500	5475.000	56502	249899	1
2025.10.16	08:00:00	5470.000	5473.500	5442.000	5444.000	347307	1366859	1
2025.10.16	12:00:00	5444.000	5479.500	5442.500	5466.000	258499	1071297	1
2025.10.16	16:00:00	5466.000	5473.500	5460.500	5473.000	50253	227324	1
2025.10.17	08:00:00	5469.500	5479.000	5440.500	5449.500	383061	1486342	1
2025.10.17	12:00:00	5449.500	5450.000	5422.000	5423.000	189687	811321	1
2025.10.17	16:00:00	5422.500	5430.000	5421.000	5425.000	47156	197340	1
2025.10.20	08:00:00	5429.500	5429.500	5383.000	5394.000	310244	1234613	1
2025.10.20	12:00:00	5394.000	5398.500	5383.000	5386.500	133499	604786	1
2025.10.20	16:00:00	5386.500	5392.500	5385.500	5389.500	40063	186896	1
2025.10.21	08:00:00	5404.500	5419.500	5392.500	5399.500	350256	1358812	1
2025.10.21	12:00:00	5399.500	5404.000	5384.000	5398.500	206959	840103	1
2025.10.21	16:00:00	5398.000	5405.500	5396.500	5402.500	43813	216184	1
2025.10.22	08:00:00	5407.500	5414.000	5389.000	5406.000	314641	1203109	1
2025.10.22	12:00:00	5406.000	5426.000	5399.000	5415.000	238084	1016878	1
2025.10.22	16:00:00	5414.500	5416.500	5406.500	5414.000	50483	233191	1
2025.10.23	08:00:00	5414.000	5415.000	5390.500	5395.500	260198	1032090	1
2025.10.23	12:00:00	5395.500	5407.000	5389.500	5392.000	149923	697869	1
2025.10.23	16:00:00	5392.000	5399.000	5391.000	5392.000	36850	167734	1
2025.10.24	08:00:00	5397.000	5401.500	5372.000	5396.500	313019	1199115	1
2025.10.24	12:00:00	5396.500	5405.000	5388.000	5399.000	132672	582805	1
2025.10.24	16:00:00	5398.500	5405.000	5395.500	5395.500	35023	150583	1
2025.10.27	08:00:00	5372.500	5393.500	5368.000	5385.500	269375	1047972	1
2025.10.27	12:00:00	5385.500	5390.500	5375.500	5377.000	150221	728722	1
2025.10.27	16:00:00	5377.000	5383.000	5377.000	5382.000	37216	186783	1
2025.10.28	08:00:00	5385.500	5393.500	5370.000	5372.500	265017	1131622	1
2025.10.28	12:00:00	5372.500	5374.000	5358.500	5361.500	157411	749550	1
2025.10.28	16:00:00	5362.000	5368.000	5361.500	5365.000	44065	195613	1
2025.10.29	08:00:00	5367.000	5369.000	5340.000	5344.000	271341	1225328	1
2025.10.29	12:00:00	5344.500	5371.000	5338.000	5362.000	283414	1234716	1
2025.10.29	16:00:00	5361.500	5370.500	5358.000	5359.000	94110	365432	1
2025.10.30	08:00:00	5398.365	5431.064	5398.365	5418.488	321449	1255932	1
2025.10.30	12:00:00	5418.991	5423.518	5410.439	5412.954	169202	685290	1
2025.10.30	16:00:00	5413.457	5422.009	5412.451	5420.500	45789	213657	1
2025.10.31	08:00:00	5425.000	5431.500	5406.500	5426.000	284641	1233515	1
2025.10.31	12:00:00	5426.000	5434.500	5407.000	5414.000	207569	1037752	1
2025.10.31	16:00:00	5413.500	5419.000	5409.000	5414.000	42604	205290	1
2025.11.03	08:00:00	5409.500	5417.000	5380.000	5386.500	261988	1081915	1
2025.11.03	12:00:00	5386.500	5405.000	5378.000	5390.500	202937	906697	1
2025.11.03	16:00:00	5391.000	5397.500	5388.500	5396.000	45348	212233	1
2025.11.04	08:00:00	5417.500	5431.500	5412.000	5414.000	313491	1345673	1
2025.11.04	12:00:00	5414.000	5434.000	5410.500	5430.000	167493	807058	1
2025.11.04	16:00:00	5429.500	5443.500	5427.500	5442.500	64334	304186	1
2025.11.05	08:00:00	5433.000	5435.500	5396.000	5400.500	276284	1123027	1
2025.11.05	12:00:00	5400.500	5406.500	5383.000	5390.500	197478	882730	1
2025.11.05	16:00:00	5390.000	5393.000	5382.500	5386.000	51341	237150	1
2025.11.06	08:00:00	5380.000	5383.500	5359.500	5379.500	292072	1241375	1
2025.11.06	12:00:00	5379.000	5393.000	5374.500	5381.000	216488	945711	1
2025.11.06	16:00:00	5380.500	5382.500	5374.500	5378.500	51075	260513	1
2025.11.07	08:00:00	5376.000	5390.500	5369.000	5376.500	262925	1060230	1
2025.11.07	12:00:00	5376.500	5379.000	5360.500	5362.000	192050	895116	1
2025.11.07	16:00:00	5362.000	5362.500	5352.000	5354.500	60541	291997	1
2025.11.10	08:00:00	5340.000	5347.000	5327.000	5338.500	248167	1115370	1
2025.11.10	12:00:00	5339.000	5345.000	5326.000	5327.500	146110	701704	1
2025.11.10	16:00:00	5327.500	5331.500	5308.500	5314.500	59378	320462	1
2025.11.11	08:00:00	5313.500	5321.500	5286.500	5287.500	305801	1304473	1
2025.11.11	12:00:00	5287.000	5303.000	5286.000	5293.500	159679	808136	1
2025.11.11	16:00:00	5294.000	5297.500	5292.000	5295.500	46889	215169	1
2025.11.12	08:00:00	5298.500	5319.500	5286.000	5316.000	246911	1013537	1
2025.11.12	12:00:00	5315.500	5322.500	5309.000	5314.500	142674	624421	1
2025.11.12	16:00:00	5314.000	5316.500	5309.000	5313.000	46500	225471	1
2025.11.13	08:00:00	5301.500	5310.000	5292.000	5307.000	278768	1106751	1
2025.11.13	12:00:00	5307.000	5320.500	5299.000	5317.500	198007	948929	1
2025.11.13	16:00:00	5317.500	5324.500	5308.000	5309.500	80502	401944	1
2025.11.14	08:00:00	5325.000	5333.500	5302.000	5305.500	329883	1383215	1
2025.11.14	12:00:00	5305.500	5315.000	5289.000	5314.000	207652	954849	1
2025.11.14	16:00:00	5314.500	5319.000	5311.500	5313.000	47097	239737	1
2025.11.17	08:00:00	5317.000	5329.000	5308.500	5327.000	214040	866450	1
2025.11.17	12:00:00	5326.500	5333.000	5319.000	5331.500	148753	698518	1
2025.11.17	16:00:00	5331.500	5348.500	5331.500	5344.000	101835	472365	1
2025.11.18	08:00:00	5351.000	5358.500	5328.500	5350.000	271113	1078167	1
2025.11.18	12:00:00	5350.000	5356.500	5328.000	5332.000	211269	863243	1
2025.11.18	16:00:00	5332.000	5340.000	5328.000	5339.500	52989	209626	1
2025.11.19	08:00:00	5336.500	5355.000	5332.500	5341.000	225816	916444	1
2025.11.19	12:00:00	5341.500	5359.500	5336.500	5343.500	183949	820123	1
2025.11.19	16:00:00	5343.000	5353.000	5336.000	5338.500	66918	293296	1
2025.11.21	08:00:00	5362.500	5407.500	5360.500	5404.500	350342	1348945	1
2025.11.21	12:00:00	5405.000	5443.000	5395.500	5413.000	361315	1486143	1
2025.11.21	16:00:00	5413.000	5419.500	5406.500	5416.500	54586	234292	1
2025.11.24	08:00:00	5408.000	5415.000	5386.500	5402.500	318680	1234730	1
2025.11.24	12:00:00	5402.000	5406.500	5396.500	5399.000	148790	698574	1
2025.11.24	16:00:00	5399.000	5402.500	5392.000	5394.500	43174	225073	1
2025.11.25	08:00:00	5392.000	5415.500	5358.500	5402.000	385498	1648225	1
2025.11.25	12:00:00	5402.500	5403.000	5377.500	5379.500	225000	1008258	1
2025.11.25	16:00:00	5379.500	5392.000	5374.000	5385.000	60379	308012	1
2025.11.26	08:00:00	5385.000	5392.500	5371.500	5375.000	284450	1049115	1
2025.11.26	12:00:00	5374.500	5376.500	5338.000	5339.000	221882	975119	1
2025.11.26	16:00:00	5339.500	5340.500	5331.500	5335.500	65502	354639	1
2025.11.27	08:00:00	5375.384	5393.000	5365.821	5390.987	176633	668079	1
2025.11.27	12:00:00	5390.987	5396.020	5375.887	5393.503	119444	483844	1
2025.11.27	16:00:00	5393.503	5394.510	5386.457	5393.000	30773	142374	1
2025.11.28	08:00:00	5388.000	5396.000	5361.500	5365.500	241642	1085262	1
2025.11.28	12:00:00	5365.000	5386.500	5363.500	5367.500	156152	799205	1
2025.11.28	16:00:00	5367.500	5374.000	5364.500	5371.500	33488	177070	1
2025.12.01	08:00:00	5371.500	5385.500	5362.000	5377.500	267534	1032470	1
2025.12.01	12:00:00	5377.500	5395.500	5370.500	5393.000	183125	817710	1
2025.12.01	16:00:00	5393.000	5400.000	5385.500	5386.000	55699	274449	1
2025.12.02	08:00:00	5388.000	5396.500	5370.500	5372.500	265304	1066618	1
2025.12.02	12:00:00	5373.000	5379.500	5362.500	5368.000	168984	756923	1
2025.12.02	16:00:00	5368.000	5368.500	5360.000	5361.500	47791	227557	1
2025.12.03	08:00:00	5350.000	5355.500	5331.000	5337.000	299026	1218343	1
2025.12.03	12:00:00	5337.000	5346.000	5330.000	5341.000	160212	732838	1
2025.12.03	16:00:00	5341.000	5346.000	5339.000	5341.500	47279	209660	1
2025.12.04	08:00:00	5336.000	5341.500	5318.500	5326.000	246127	1019152	1
2025.12.04	12:00:00	5326.500	5347.000	5322.000	5341.500	167465	799220	1
2025.12.04	16:00:00	5341.500	5347.000	5335.000	5341.000	61674	298551	1
2025.12.05	08:00:00	5327.500	5378.500	5326.000	5372.000	269539	1139160	1
2025.12.05	12:00:00	5372.000	5514.500	5362.000	5506.500	762401	3015217	1
2025.12.05	16:00:00	5506.500	5512.000	5458.500	5466.000	199294	736984	1
2025.12.08	08:00:00	5451.500	5465.000	5414.000	5452.000	432820	1677667	1
2025.12.08	12:00:00	5452.000	5495.000	5444.000	5448.500	344369	1316303	1
2025.12.08	16:00:00	5449.000	5472.500	5446.500	5457.500	84317	381992	1
2025.12.09	08:00:00	5449.000	5522.000	5446.000	5493.000	465887	1725311	1
2025.12.09	12:00:00	5493.000	5504.500	5447.000	5465.000	303570	1244325	1
2025.12.09	16:00:00	5464.500	5471.000	5457.500	5459.500	79335	331321	1
2025.12.10	08:00:00	5449.500	5493.000	5442.500	5491.000	329694	1206786	1
2025.12.10	12:00:00	5491.000	5515.000	5483.000	5509.000	223263	910266	1
2025.12.10	16:00:00	5509.500	5510.000	5479.500	5497.000	192863	651321	1
2025.12.11	08:00:00	5499.500	5500.000	5441.500	5443.000	325038	1273883	1
2025.12.11	12:00:00	5443.000	5444.500	5417.500	5421.000	248371	1143325	1
2025.12.11	16:00:00	5421.000	5432.000	5418.500	5431.500	54930	278126	1
2025.12.12	08:00:00	5429.500	5440.000	5399.000	5404.000	315875	1208723	1
2025.12.12	12:00:00	5404.000	5446.000	5403.500	5426.000	279726	1254813	1
2025.12.12	16:00:00	5425.500	5445.000	5425.500	5433.000	67476	279395	1
2025.12.15	08:00:00	5420.000	5430.500	5399.000	5425.000	290902	1137159	1
2025.12.15	12:00:00	5424.500	5444.000	5412.500	5442.000	220767	893442	1
2025.12.15	16:00:00	5442.000	5444.000	5431.500	5433.500	55438	222003	1
2025.12.16	08:00:00	5438.500	5475.000	5432.500	5466.500	456658	1716695	1
2025.12.16	12:00:00	5467.000	5491.500	5462.500	5480.500	253371	1077766	1
2025.12.16	16:00:00	5480.000	5540.500	5477.500	5528.500	98436	434343	1
2025.12.17	08:00:00	5516.000	5535.000	5498.500	5514.500	427442	1632370	1
2025.12.17	12:00:00	5514.500	5545.000	5512.500	5533.000	275153	1144956	1
2025.12.17	16:00:00	5532.500	5542.000	5522.500	5534.500	71899	303593	1
2025.12.18	08:00:00	5519.000	5571.500	5516.000	5542.500	424398	1732400	1
2025.12.18	12:00:00	5542.000	5544.500	5513.500	5531.000	260358	1123223	1
2025.12.18	16:00:00	5531.000	5537.500	5527.500	5534.500	54215	239623	1
2025.12.19	08:00:00	5535.000	5556.500	5508.000	5516.500	360254	1440461	1
2025.12.19	12:00:00	5516.000	5543.500	5513.000	5541.500	165560	793170	1
2025.12.19	16:00:00	5541.500	5560.500	5535.000	5555.000	66998	317153	1
2025.12.22	08:00:00	5538.500	5560.500	5525.000	5553.000	310966	1163306	1
2025.12.22	12:00:00	5553.000	5614.000	5546.000	5590.500	335713	1461833	1
2025.12.22	16:00:00	5590.500	5604.000	5584.000	5598.500	89123	380149	1
2025.12.23	08:00:00	5588.500	5603.000	5560.000	5561.000	326915	1256776	1
2025.12.23	12:00:00	5561.000	5563.000	5538.000	5543.500	192518	813825	1
2025.12.23	16:00:00	5543.500	5545.000	5523.000	5528.500	63225	245633	1
2025.12.26	08:00:00	5550.000	5570.000	5541.000	5542.500	258602	958262	1
2025.12.26	12:00:00	5542.500	5550.000	5523.000	5546.500	181961	728997	1
2025.12.26	16:00:00	5546.000	5552.500	5540.000	5545.500	41354	163956	1
2025.12.29	08:00:00	5589.287	5625.571	5586.767	5617.004	250465	933913	1
2025.12.29	12:00:00	5617.004	5630.107	5605.917	5622.043	197939	850361	1
2025.12.29	16:00:00	5622.547	5627.083	5605.917	5616.500	65020	262631	1
2025.12.30	08:00:00	5604.000	5608.000	5530.500	5537.000	331337	1284092	1
2025.12.30	12:00:00	5537.000	5545.000	5525.500	5531.500	187574	892149	1
2025.12.30	16:00:00	5531.500	5533.000	5513.000	5519.000	61736	271838	1
2026.01.02	08:00:00	5507.000	5508.000	5457.000	5475.000	294240	1166969	1
2026.01.02	12:00:00	5475.000	5491.500	5454.000	5463.000	193565	765785	1
2026.01.02	16:00:00	5463.000	5466.000	5452.000	5456.000	55676	252117	1
2026.01.05	08:00:00	5455.000	5489.500	5455.000	5471.500	318797	1141441	1
2026.01.05	12:00:00	5471.500	5476.500	5431.500	5436.000	210665	890152	1
2026.01.05	16:00:00	5436.500	5449.000	5434.500	5449.000	58694	265916	1
2026.01.06	08:00:00	5449.000	5452.000	5397.500	5403.500	345582	1299618	1
2026.01.06	12:00:00	5403.500	5417.500	5399.500	5408.000	178529	775247	1
2026.01.06	16:00:00	5408.000	5418.000	5405.500	5409.000	56941	272801	1
2026.01.07	08:00:00	5403.000	5432.500	5401.000	5422.000	301894	1121969	1
2026.01.07	12:00:00	5422.500	5434.000	5415.000	5418.500	177399	758228	1
2026.01.07	16:00:00	5418.500	5424.000	5417.500	5420.500	43497	205044	1
2026.01.08	08:00:00	5424.000	5428.500	5406.500	5418.500	285860	1030410	1
2026.01.08	12:00:00	5419.000	5428.000	5413.000	5425.000	152502	619773	1
2026.01.08	16:00:00	5425.500	5427.000	5417.000	5417.500	40728	183933	1
2026.01.09	08:00:00	5428.500	5428.500	5384.000	5393.000	337721	1284980	1
2026.01.09	12:00:00	5393.500	5400.500	5381.500	5394.500	161451	680370	1
2026.01.09	16:00:00	5394.000	5402.000	5391.000	5402.000	43199	211214	1
