<DATE>	<TIME>	<OPEN>	<HIGH>	<LOW>	<CLOSE>	<TICKVOL>	<VOL>	<SPREAD>
2021.04.19	06:00:00	179395	180229	178790	179580	1894851	7071827	1
2021.04.19	12:00:00	179580	180835	178731	179166	2297176	9240415	1
2021.04.20	06:00:00	178509	179786	178266	178664	1986951	7648720	1
2021.04.20	12:00:00	178672	178878	177557	177579	2123701	8692550	1
2021.04.22	06:00:00	178325	179336	177195	178081	2139853	7877780	1
2021.04.22	12:00:00	178081	178686	176612	177557	2590295	10302956	1
2021.04.23	06:00:00	178214	179115	177771	177933	2180263	7461142	1
2021.04.23	12:00:00	177941	179033	177623	178982	1875730	6736946	1
2021.04.26	06:00:00	179336	179764	178694	179092	1969352	6762678	1
2021.04.26	12:00:00	179100	179299	177394	179085	2028392	7562223	1
2021.04.27	06:00:00	179100	179454	177970	178229	1847912	7144682	1
2021.04.27	12:00:00	178229	178236	175940	175999	2216527	9225030	1
2021.04.28	06:00:00	176605	178502	176479	178428	1610373	5963751	1
2021.04.28	12:00:00	178428	180119	178332	180074	2073553	8395148	1
2021.04.29	06:00:00	179698	180207	178022	178199	1965773	7484690	1
2021.04.29	12:00:00	178199	178317	177298	177572	2147073	9167167	1
2021.04.30	06:00:00	177232	177867	176221	176767	2064468	7729676	1
2021.04.30	12:00:00	176767	177978	175564	175785	2578156	10473702	1
2021.05.03	06:00:00	176885	177675	175888	177143	1997697	7162344	1
2021.05.03	12:00:00	177151	177195	175431	176479	2202034	8989215	1
2021.05.04	06:00:00	176088	176737	174633	174759	2184046	8099195	1
2021.05.04	12:00:00	174751	175778	174102	174493	2326217	9426449	1
2021.05.05	06:00:00	175261	177114	174921	176915	2035884	7445116	1
2021.05.05	12:00:00	176907	177483	176619	177247	1780317	7773725	1
2021.05.06	06:00:00	177217	177645	176228	176811	2110035	7774809	1
2021.05.06	12:00:00	176804	177800	176176	177741	2224672	8966156	1
2021.05.07	06:00:00	178111	179410	177741	179277	1703332	6152673	1
2021.05.07	12:00:00	179270	181174	178613	180731	1743056	7443114	1
2021.05.10	06:00:00	180569	181676	180318	180598	1820113	6548753	1
2021.05.10	12:00:00	180598	181263	180200	180429	2031112	8226088	1
2021.05.11	06:00:00	179085	180141	177867	179971	2243440	8335122	1
2021.05.11	12:00:00	179971	181979	179801	181551	2231533	9469899	1
2021.05.12	06:00:00	181248	181455	178775	178827	2292458	8066972	1
2021.05.12	12:00:00	178834	179004	176664	177033	2507229	10396138	1
2021.05.13	06:00:00	177343	179506	176929	178864	2071831	7611001	1
2021.05.13	12:00:00	178864	179727	177225	178613	2507942	10236989	1
2021.05.14	06:00:00	179417	180835	179417	180015	1912336	7232426	1
2021.05.14	12:00:00	180023	180576	178930	179927	2316891	9372343	1
2021.05.17	06:00:00	179299	181189	179151	180990	1846655	6426083	1
2021.05.17	12:00:00	180990	182156	180192	181625	1927153	7200379	1
2021.05.18	06:00:00	182422	182614	181182	181521	2094686	7811881	1
2021.05.18	12:00:00	181514	182850	181270	181462	2333928	9773889	1
2021.05.19	06:00:00	180067	181529	179676	180909	2197222	8132200	1
2021.05.19	12:00:00	180909	182341	180133	181758	2522658	9783223	1
2021.05.20	06:00:00	181595	181935	180731	181381	1754776	6649918	1
2021.05.20	12:00:00	181374	181625	180576	181226	1972503	8201446	1
2021.05.21	06:00:00	181898	181972	180443	180650	1394408	5087609	1
2021.05.21	12:00:00	180658	181625	180000	181248	1710024	6958729	1
2021.05.24	06:00:00	181536	182828	181167	181935	1627105	6245853	1
2021.05.24	12:00:00	181927	183714	181927	183293	1739632	7464616	1
2021.05.25	06:00:00	183182	184460	183094	183234	1824890	7171814	1
2021.05.25	12:00:00	183234	183249	181447	182075	1959581	8812836	1
2021.05.26	06:00:00	182378	183677	182355	183647	1700709	6582346	1
2021.05.26	12:00:00	183655	183839	182769	182924	1676122	7318923	1
2021.05.27	06:00:00	182924	184179	182902	183337	1625488	6749727	1
2021.05.27	12:00:00	183330	184002	182533	183972	1902635	8988844	1
2021.05.28	06:00:00	184327	184777	183603	184607	1626722	6454629	1
2021.05.28	12:00:00	184600	185862	184386	185323	1563541	7098033	1
2021.05.31	06:00:00	185323	186231	185139	186017	1257305	4965410	1
2021.05.31	12:00:00	186017	186541	185471	186246	1606228	6387740	1
2021.06.01	06:00:00	186925	189723	186549	189206	1860860	7635921	1
2021.06.01	12:00:00	189206	189819	189103	189627	1557954	7572989	1
2021.06.02	06:00:00	189376	190447	189066	190284	1731799	7059220	1
2021.06.02	12:00:00	190284	191466	190144	191104	1846941	8840045	1
2021.06.04	06:00:00	190624	191931	190624	190986	1975014	7594218	1
2021.06.04	12:00:00	190986	192359	190764	192063	1911624	8320881	1
2021.06.07	06:00:00	192204	192337	191296	192263	2020824	8169760	1
2021.06.07	12:00:00	192263	193953	192027	192706	2085752	9881197	1
2021.06.08	06:00:00	192839	193267	191886	192669	1930039	8147219	1
2021.06.08	12:00:00	192669	193237	190941	191982	2394530	11558397	1
2021.06.09	06:00:00	192004	192388	191008	192012	2185429	9304376	1
2021.06.09	12:00:00	192012	193363	191421	191598	2416830	11402730	1
2021.06.10	06:00:00	191650	192721	191244	191576	2395095	10105360	1
2021.06.10	12:00:00	191576	192920	191207	192093	2360882	10758899	1
2021.06.11	06:00:00	192514	192573	190572	190986	1861878	7185161	1
2021.06.11	12:00:00	190993	191355	189937	191296	1787586	7682055	1
2021.06.14	06:00:00	191591	193643	191488	193599	1675205	6876546	1
2021.06.14	12:00:00	193599	193621	191429	192255	2140713	10121176	1
2021.06.15	06:00:00	192506	192514	191392	192093	2395837	9580764	1
2021.06.15	12:00:00	192093	192241	190816	192056	2236757	10398290	1
2021.06.16	06:00:00	191646	192254	190986	191550	1745423	7259514	1
2021.06.16	12:00:00	191543	192320	189270	190531	2882026	13343932	1
2021.06.17	06:00:00	190392	191704	189754	191088	1976488	8160111	1
2021.06.17	12:00:00	191088	191206	188156	189571	2792789	12696182	1
2021.06.18	06:00:00	189659	189908	188046	189058	2357445	9446613	1
2021.06.18	12:00:00	189058	189996	188083	188427	2363834	10744598	1
2021.06.21	06:00:00	189138	190392	188786	190165	2024441	7785161	1
2021.06.21	12:00:00	190165	190949	189805	190465	1945648	8257113	1
2021.06.22	06:00:00	190487	190509	188383	188742	1954557	8105962	1
2021.06.22	12:00:00	188750	190297	188618	190260	2343670	10658256	1
2021.06.23	06:00:00	190260	191558	189681	191066	1796057	7161173	1
2021.06.23	12:00:00	191059	191316	188904	189498	2183593	10020541	1
2021.06.24	06:00:00	190150	191088	189915	190407	1828222	7410138	1
2021.06.24	12:00:00	190407	191066	189879	190795	2023432	9098790	1
2021.06.25	06:00:00	191030	191272	189967	190018	1835355	7236282	1
2021.06.25	12:00:00	190018	190084	186558	187892	2631899	11925483	1
2021.06.28	06:00:00	187745	188801	186132	186976	2203293	8791375	1
2021.06.28	12:00:00	186976	187958	186609	187679	2226259	9983043	1
2021.06.29	06:00:00	187533	187826	185869	186682	2027201	8714242	1
2021.06.29	12:00:00	186682	187657	186316	187349	2145862	10070489	1
2021.06.30	06:00:00	186800	187335	186088	186345	2006785	8827416	1
2021.06.30	12:00:00	186338	187437	185847	186191	2241351	10884492	1
2021.07.01	06:00:00	186851	187291	184828	185429	2294318	9866258	1
2021.07.01	12:00:00	185421	185575	183992	184864	2462501	11754612	1
2021.07.02	06:00:00	185187	187122	184864	186917	2248011	8885509	1
2021.07.02	12:00:00	186917	188310	186792	188295	1774529	8385854	1
2021.07.05	06:00:00	187679	188024	186235	186800	1658221	6478450	1
2021.07.05	12:00:00	186800	187555	186433	187239	1949107	7650264	1
2021.07.06	06:00:00	186983	187130	184344	184410	2327657	9758900	1
2021.07.06	12:00:00	184410	185150	183721	183808	2332661	10166331	1
2021.07.07	06:00:00	184718	186125	184263	185069	2221368	9292617	1
2021.07.07	12:00:00	185062	187305	185011	186792	2161837	10193664	1
2021.07.08	06:00:00	184278	184505	182877	183728	2479819	9647443	1
2021.07.08	12:00:00	183721	185392	183662	184307	2526911	11029205	1
2021.07.12	06:00:00	185553	186543	184981	186455	1914866	7919228	1
2021.07.12	12:00:00	186455	188412	186264	188412	1841037	9384693	1
2021.07.13	06:00:00	187936	187965	186103	186191	2205908	9173213	1
2021.07.13	12:00:00	186191	189131	185949	188882	2371654	11497474	1
2021.07.14	06:00:00	189043	190817	188735	189329	2285272	9454419	1
2021.07.14	12:00:00	189322	189578	188456	189146	2528737	12220840	1
2021.07.15	06:00:00	188515	189857	188229	188911	2349073	9577555	1
2021.07.15	12:00:00	188911	188933	186660	187745	2418827	11551477	1
2021.07.16	06:00:00	187892	188456	187130	187892	2051286	7976508	1
2021.07.16	12:00:00	187892	187899	185011	185414	2247238	10401872	1
2021.07.19	06:00:00	182914	183398	181792	181910	2554375	9708417	1
2021.07.19	12:00:00	181902	183559	181316	183369	2824309	12511538	1
2021.07.20	06:00:00	184278	184461	181675	183581	2500132	10248758	1
2021.07.20	12:00:00	183581	184835	182855	184131	2538068	11711451	1
2021.07.21	06:00:00	184380	185465	184058	184534	2221516	8962044	1
2021.07.21	12:00:00	184527	185495	184336	185370	2118436	9486442	1
2021.07.22	06:00:00	185407	185759	184292	184483	2001505	8160152	1
2021.07.22	12:00:00	184483	185949	184358	185590	1850490	9102676	1
2021.07.23	06:00:00	186066	186132	184344	184681	1580899	6520651	1
2021.07.23	12:00:00	184681	184710	182819	183259	1983334	9507715	1
2021.07.26	06:00:00	183442	185392	183303	185377	1595462	6888023	1
2021.07.26	12:00:00	185377	185597	184659	185062	1648797	8419609	1
2021.07.27	06:00:00	184549	184681	183031	183574	1915641	8051416	1
2021.07.27	12:00:00	183574	183794	181734	182936	2060630	10195394	1
2021.07.28	06:00:00	183662	185201	183633	183984	1919844	8139296	1
2021.07.28	12:00:00	183977	186301	183882	185194	2329720	11166484	1
2021.07.29	06:00:00	185355	186426	183486	183867	2013551	8935670	1
2021.07.29	12:00:00	183860	185084	183684	183999	2126428	10355638	1
2021.07.30	06:00:00	183046	183640	181624	181682	2067089	8793933	1
2021.07.30	12:00:00	181682	181954	178589	179380	2338382	11864277	1
2021.08.02	06:00:00	181367	182995	180685	182328	1888395	7833601	1
2021.08.02	12:00:00	182320	182841	178860	180612	2815877	13339512	1
2021.08.03	06:00:00	180671	181052	177350	178391	2865943	10957395	1
2021.08.03	12:00:00	178383	181844	178354	180685	2965539	11058884	1
2021.08.04	06:00:00	180685	181550	178376	179080	3142619	10714476	1
2021.08.04	12:00:00	179080	179923	177614	178911	2732342	10820966	1
2021.08.05	06:00:00	180715	181521	180253	180810	2534746	8947790	1
2021.08.05	12:00:00	180810	181030	177174	177562	2886475	11335635	1
2021.08.06	06:00:00	178178	179886	177562	179358	2485726	8274070	1
2021.08.06	12:00:00	179358	181037	179095	180451	2145009	8731233	1
2021.08.09	06:00:00	179615	181177	179116	179454	2199388	8278139	1
2021.08.09	12:00:00	179446	181506	179358	180370	2434826	10062857	1
2021.08.10	06:00:00	180766	181309	180128	181045	2377545	8823152	1
2021.08.10	12:00:00	181045	181316	179102	179542	2494781	10475346	1
2021.08.11	06:00:00	179945	180084	177203	177878	2618120	9508169	1
2021.08.11	12:00:00	177885	180202	177621	179073	2505375	10575723	1
2021.08.12	06:00:00	179454	179549	176727	177438	2266601	8529609	1
2021.08.12	12:00:00	177445	178750	176492	176976	2545908	10558997	1
2021.08.13	06:00:00	177254	177856	175861	176573	2514573	8988486	1
2021.08.13	12:00:00	176565	177907	176455	177702	2658122	10340614	1
2021.08.16	06:00:00	176756	177064	174952	175194	2037311	8179596	1
2021.08.16	12:00:00	175187	175407	174043	175407	2860791	12358359	1
2021.08.17	06:00:00	174945	174982	173105	173215	2885414	11164320	1
2021.08.17	12:00:00	173222	173699	170407	171771	3449257	15048326	1
2021.08.18	06:00:00	172781	172890	170455	171218	2534907	9404641	1
2021.08.18	12:00:00	171218	173936	169264	169976	3301848	13690314	1
2021.08.19	06:00:00	167418	169671	166873	168988	2877694	10437882	1
2021.08.19	12:00:00	168988	172090	168493	171545	3402122	14489682	1
2021.08.20	06:00:00	170441	171189	169198	171073	2583175	9696750	1
2021.08.20	12:00:00	171073	173173	170964	172846	2594985	9935735	1
2021.08.23	06:00:00	173376	173805	171821	172468	2449705	8937936	1
2021.08.23	12:00:00	172468	172723	171117	171574	2784616	11252253	1
2021.08.24	06:00:00	172810	175978	172766	175724	2049276	8230791	1
2021.08.24	12:00:00	175724	176247	175222	176247	2375556	10522586	1
2021.08.25	06:00:00	176058	176160	174169	174917	2267298	8770242	1
2021.08.25	12:00:00	174917	176704	174554	176414	2358772	10202704	1
2021.08.26	06:00:00	175920	176661	175244	175418	2354749	9117362	1
2021.08.26	12:00:00	175418	175426	172984	173776	2714863	11687747	1
2021.08.27	06:00:00	174372	175687	173900	175353	2042934	7853570	1
2021.08.27	12:00:00	175353	176428	174946	175629	1931441	8349305	1
2021.08.30	06:00:00	176021	176138	174248	175375	1834039	7299116	1
2021.08.30	12:00:00	175375	175876	174583	175309	2257831	9999155	1
2021.08.31	06:00:00	174670	175549	174110	174605	2476317	9085587	1
2021.08.31	12:00:00	174597	174968	172090	173231	2995085	12481456	1
2021.09.01	06:00:00	173522	174365	172396	174212	2422316	9027562	1
2021.09.01	12:00:00	174212	175288	173057	173202	2722209	11310911	1
2021.09.02	06:00:00	173805	174009	171611	172643	2582396	9778837	1
2021.09.02	12:00:00	172635	173144	169918	170266	3169099	12617490	1
2021.09.03	06:00:00	171000	171996	169482	169518	2654882	9282627	1
2021.09.03	12:00:00	169511	170557	168704	169823	2581200	10591363	1
2021.09.06	06:00:00	170325	171545	169351	171393	1810440	6579571	1
2021.09.06	12:00:00	171400	172337	170862	172025	1937839	7426654	1
2021.09.08	06:00:00	170252	171458	167207	167476	2600000	9990689	1
2021.09.08	12:00:00	167483	167927	165049	165427	3385660	13864728	1
2021.09.09	06:00:00	166502	167026	164947	165630	3376815	11262280	1
2021.09.09	12:00:00	165630	170390	163952	170150	3920103	14346273	1
2021.09.10	06:00:00	170397	171771	168101	168406	2918982	8952956	1
2021.09.10	12:00:00	168414	169315	166255	166662	3536005	11774998	1
2021.09.13	06:00:00	167999	170252	167876	169976	3090320	9802594	1
2021.09.13	12:00:00	169976	170884	169351	169569	3274376	10725255	1
2021.09.14	06:00:00	169017	171102	168552	169605	2959828	9324283	1
2021.09.14	12:00:00	169598	171073	168871	169889	2957617	10433284	1
2021.09.15	06:00:00	169525	170005	167505	167730	2767881	8818031	1
2021.09.15	12:00:00	167730	168232	167280	167999	2524716	8707558	1
2021.09.16	06:00:00	166902	167316	165245	166183	2953444	9093386	1
2021.09.16	12:00:00	166190	166655	165420	166270	2573683	8912990	1
2021.09.17	06:00:00	165354	165885	162266	162404	2586380	8695782	1
2021.09.17	12:00:00	162397	163073	161612	161612	2766775	10092359	1
2021.09.20	06:00:00	158706	160101	157841	157979	3131825	9881846	1
2021.09.20	12:00:00	157986	159534	156664	159440	3478150	12377067	1
2021.09.21	06:00:00	160733	161133	158662	159331	3306566	10627296	1
2021.09.21	12:00:00	159338	161590	159062	160210	3505199	12347918	1
2021.09.22	06:00:00	162041	163945	162041	163051	2435338	7877634	1
2021.09.22	12:00:00	163051	165100	162935	163400	3323242	11930942	1
2021.09.23	06:00:00	164068	165696	163741	165500	2597394	8313482	1
2021.09.23	12:00:00	165500	166604	165071	165689	2655819	9477383	1
2021.09.24	06:00:00	164606	165224	163763	163916	2658178	8324688	1
2021.09.24	12:00:00	163923	165413	163719	165311	2530231	9137258	1
2021.09.27	06:00:00	165790	165892	164032	165333	2329186	8302521	1
2021.09.27	12:00:00	165325	167295	163283	164802	3015789	12071248	1
2021.09.28	06:00:00	163574	164744	161837	162070	2991917	10072039	1
2021.09.28	12:00:00	162070	162259	159832	159890	3285030	12356178	1
2021.09.29	06:00:00	160878	162731	160573	162593	2829923	9344530	1
2021.09.29	12:00:00	162586	163051	161089	161518	3178298	12215237	1
2021.09.30	06:00:00	162259	163458	162077	162564	2741651	9449891	1
2021.09.30	12:00:00	162564	163516	160529	160864	3520544	13110146	1
2021.10.01	06:00:00	161387	162971	161213	162462	2634197	9266469	1
2021.10.01	12:00:00	162462	164439	162259	164395	2648911	10246474	1
2021.10.04	06:00:00	163204	163378	160609	160864	2552377	8979691	1
2021.10.04	12:00:00	160864	161053	159716	160442	3155091	12216299	1
2021.10.05	06:00:00	161416	161699	159948	161024	3035143	10162197	1
2021.10.05	12:00:00	161024	162499	160086	160297	3025476	11724672	1
2021.10.06	06:00:00	158829	159418	157129	158742	3405688	11786281	1
2021.10.06	12:00:00	158735	161009	157703	160871	3256489	12703886	1
2021.10.07	06:00:00	162426	162426	160631	161329	2764249	9379018	1
2021.10.07	12:00:00	161322	162019	160551	161285	3083006	11586622	1
2021.10.08	06:00:00	161816	164933	161670	164686	2613231	9226575	1
2021.10.08	12:00:00	164686	166379	163930	164221	2679223	11127872	1
2021.10.11	06:00:00	164511	165616	163741	164511	2640706	9045590	1
2021.10.11	12:00:00	164504	165391	162768	162913	2633797	9906956	1
2021.10.13	06:00:00	162913	164235	162590	163876	2325963	8129898	1
2021.10.13	12:00:00	163876	165887	163833	164314	2577020	11060518	1
2021.10.14	06:00:00	165679	166017	164177	164946	2290356	8102580	1
2021.10.14	12:00:00	164946	165040	163459	164759	2435888	9366794	1
2021.10.15	06:00:00	165068	166232	163976	165873	2148530	8329990	1
2021.10.15	12:00:00	165880	166606	165816	166060	1890963	8035223	1
2021.10.18	06:00:00	165341	165528	163459	164213	2434629	8637274	1
2021.10.18	12:00:00	164206	166778	164062	165672	2502376	10128836	1
2021.10.19	06:00:00	165097	165111	162123	162503	2703443	9246297	1
2021.10.19	12:00:00	162503	162640	159335	161160	3750765	14010914	1
2021.10.20	06:00:00	161505	162058	160168	161174	3258799	11065796	1
2021.10.20	12:00:00	161181	162575	157833	158171	3406870	12601785	1
2021.10.21	06:00:00	156030	158731	155915	157718	2983798	9786666	1
2021.10.21	12:00:00	157718	157732	153177	156145	4352263	15686616	1
2021.10.22	06:00:00	154981	155735	149427	149894	3479936	12080864	1
2021.10.22	12:00:00	149886	156439	148960	153759	4754452	14363736	1
2021.10.25	06:00:00	155060	157488	154126	157093	3006017	9252592	1
2021.10.25	12:00:00	157093	158559	156181	157481	3426942	12126764	1
2021.10.26	06:00:00	157057	157071	154564	154758	3132804	10295056	1
2021.10.26	12:00:00	154751	155433	153809	154478	3499141	12613159	1
2021.10.27	06:00:00	154334	156849	154061	156181	2603242	8597335	1
2021.10.27	12:00:00	156181	156885	153594	155117	3252932	11664795	1
2021.10.28	06:00:00	154442	155088	152940	153486	2949464	9519921	1
2021.10.28	12:00:00	153493	155469	150634	151561	3929391	12984699	1
2021.10.29	06:00:00	152114	153903	150864	152811	3312341	10104342	1
2021.10.29	12:00:00	152804	153005	149606	150526	3815220	12161223	1
2021.11.01	06:00:00	151359	152725	150986	151884	2731796	8572494	1
2021.11.01	12:00:00	151884	153659	151532	152322	3310073	11385380	1
2021.11.03	06:00:00	151410	153170	150641	152588	3041801	9545319	1
2021.11.03	12:00:00	152581	154672	151690	154233	4322208	13901097	1
2021.11.04	06:00:00	154478	154514	151187	151273	2884163	9403944	1
2021.11.04	12:00:00	151266	151453	148758	149491	3783913	12496118	1
2021.11.05	06:00:00	150310	152875	149448	151690	2705143	8360027	1
2021.11.05	12:00:00	151683	152502	150986	151259	3080648	10139803	1
2021.11.08	06:00:00	150670	153005	149937	152646	2794917	8381199	1
2021.11.08	12:00:00	152653	152696	151122	151568	3345184	11316703	1
2021.11.08	18:00:00	151561	151740	151374	151740	63053	201202	1
2021.11.09	06:00:00	152092	154348	151539	153213	2791964	8537412	1
2021.11.09	12:00:00	153213	154003	151941	152610	3783935	12103613	1
2021.11.09	18:00:00	152617	152717	152293	152365	55623	164198	1
2021.11.10	06:00:00	151949	154585	151259	154506	2963600	9061557	1
2021.11.10	12:00:00	154506	155297	152581	153206	3616225	11923670	1
2021.11.10	18:00:00	153206	153695	153012	153673	77960	214512	1
2021.11.11	06:00:00	154550	156734	154420	156310	2500679	7598164	1
2021.11.11	12:00:00	156310	157100	155318	155606	3280918	10793092	1
2021.11.11	18:00:00	155606	156346	155469	156346	65904	212536	1
2021.11.12	06:00:00	155915	156166	153120	153608	3116770	9380292	1
2021.11.12	12:00:00	153608	154147	152753	153680	2962703	9740832	1
2021.11.12	18:00:00	153680	153723	153386	153673	93858	250868	1
2021.11.16	06:00:00	154061	154664	151101	151173	2877970	8912749	1
2021.11.16	12:00:00	151165	152028	150325	150684	3019187	10873120	1
2021.11.16	18:00:00	150691	150964	150619	150885	88949	274999	1
2021.11.17	06:00:00	150598	152559	149793	149858	3152845	9647214	1
2021.11.17	12:00:00	149865	150634	147889	148945	3637248	11876037	1
2021.11.17	18:00:00	148945	149017	148543	149017	94415	275399	1
2021.11.18	06:00:00	149161	149901	148169	148385	3208338	9679515	1
2021.11.18	12:00:00	148385	148464	147314	147889	3233072	11002107	1
2021.11.18	18:00:00	147889	148658	147781	148658	73364	241350	1
2021.11.19	06:00:00	148047	150159	147508	149879	2885667	8872793	1
2021.11.19	12:00:00	149872	150066	148615	148802	2856152	9347792	1
2021.11.19	18:00:00	148802	148974	148737	148873	49602	146525	1
2021.11.22	06:00:00	149894	150792	148665	149944	2632474	8132371	1
2021.11.22	12:00:00	149937	151065	147321	147465	3203313	11367472	1
2021.11.22	18:00:00	147465	147623	147149	147149	80016	249982	1
2021.11.23	06:00:00	147580	149613	147408	149312	2932684	9202219	1
2021.11.23	12:00:00	149319	149965	146775	149118	4201010	14135631	1
2021.11.23	18:00:00	149125	150253	149103	150167	148137	407848	1
2021.11.24	06:00:00	149448	149851	147731	149815	3118106	9699826	1
2021.11.24	12:00:00	149815	151661	149657	150835	3156533	10961162	1
2021.11.24	18:00:00	150828	150971	150619	150741	67094	197411	1
2021.11.25	06:00:00	150526	152840	150274	152732	2532266	8238483	1
2021.11.25	12:00:00	152732	153580	152387	152646	2446528	8096769	1
2021.11.25	18:00:00	152653	153041	152559	152947	54283	193503	1
2021.11.26	06:00:00	148155	149448	146833	147142	2917371	9014990	1
2021.11.26	12:00:00	147142	147954	146244	147350	2943248	9614163	1
2021.11.26	18:00:00	147350	147501	147091	147091	68268	187870	1
2021.11.29	06:00:00	148895	150188	148277	148356	2889867	9483206	1
2021.11.29	12:00:00	148356	149671	147839	148148	3327705	12328048	1
2021.11.29	18:00:00	148141	148471	148033	148471	101409	332110	1
2021.11.30	06:00:00	147077	148572	146933	147372	2983523	9755180	1
2021.11.30	12:00:00	147386	148047	144261	146718	4154609	15245307	1
2021.11.30	18:00:00	146718	147408	146696	147379	112975	347258	1
2021.12.01	06:00:00	148320	149721	148227	149621	2667089	8680737	1
2021.12.01	12:00:00	149621	150073	144979	145231	4371553	15752220	1
2021.12.01	18:00:00	145231	145338	144850	144850	145846	408623	1
2021.12.02	06:00:00	145971	149419	145863	149376	2793680	9190284	1
2021.12.02	12:00:00	149376	150224	148615	150159	3670828	13461024	1
2021.12.02	18:00:00	150152	150533	150066	150526	106997	346264	1
2021.12.03	06:00:00	150001	153946	149384	152689	3036587	9632846	1
2021.12.03	12:00:00	152689	152890	149865	151022	4279420	14308809	1
2021.12.03	18:00:00	151022	151984	150971	151819	135613	374816	1
2021.12.06	06:00:00	152552	154262	152020	154162	3407185	10745283	1
2021.12.06	12:00:00	154162	154995	153659	154090	3246696	11315178	1
2021.12.06	18:00:00	154090	154320	153881	154075	98484	314053	1
2021.12.07	06:00:00	155965	156612	154844	155218	2661862	8224544	1
2021.12.07	12:00:00	155218	156109	154197	154794	3490367	11956414	1
2021.12.07	18:00:00	154794	155196	154751	155196	90680	278297	1
2021.12.08	06:00:00	155872	156317	154449	156058	2641809	8545007	1
2021.12.08	12:00:00	156058	156094	154700	155649	2780296	9857204	1
2021.12.08	18:00:00	155649	155872	155591	155771	70989	268450	1
2021.12.09	06:00:00	154406	154736	152760	152919	2349320	7843098	1
2021.12.09	12:00:00	152926	153601	152258	152610	2762419	10316153	1
2021.12.09	18:00:00	152610	152911	152437	152911	79076	278134	1
2021.12.10	06:00:00	153544	155850	153544	154593	2182391	7543048	1
2021.12.10	12:00:00	154593	155139	154356	154959	2310055	8776483	1
2021.12.10	18:00:00	154959	155297	154923	155211	73775	258709	1
2021.12.13	06:00:00	155987	157531	155110	156870	1851654	6582175	1
2021.12.13	12:00:00	156877	156899	154557	154672	2853230	10917408	1
2021.12.13	18:00:00	154672	154981	154219	154938	125331	478132	1
2021.12.14	06:00:00	154248	157000	154241	155613	2741969	9531376	1
2021.12.14	12:00:00	155613	155764	152954	153443	3233305	11867547	1
2021.12.14	18:00:00	153443	153472	153055	153069	65757	197790	1
2021.12.15	06:00:00	153409	154088	151824	151930	2567397	8228192	1
2021.12.15	12:00:00	151923	154463	151675	154152	3120144	10818900	1
2021.12.15	18:00:00	154152	154364	153869	154364	60313	211983	1
2021.12.16	06:00:00	155433	156431	154768	155058	2603439	8454044	1
2021.12.16	12:00:00	155051	155964	154456	155447	2813537	10001351	1
2021.12.16	18:00:00	155447	155645	155327	155624	65284	214759	1
2021.12.17	06:00:00	154923	154966	152956	153239	2245962	7391384	1
2021.12.17	12:00:00	153246	154732	152716	153869	3167800	11143433	1
2021.12.17	18:00:00	153869	153940	153402	153544	85897	282806	1
2021.12.20	06:00:00	151711	152022	150147	150706	2556740	8053101	1
2021.12.20	12:00:00	150699	151173	149567	150402	2949348	10155817	1
2021.12.20	18:00:00	150409	150869	150359	150791	82565	288414	1
2021.12.21	06:00:00	152001	152249	150487	150699	2138856	7104179	1
2021.12.21	12:00:00	150699	151619	150678	151017	2467750	9234135	1
2021.12.21	18:00:00	151024	151223	150918	150918	60697	250852	1
2021.12.22	06:00:00	150791	151527	149510	149666	2151568	7194606	1
2021.12.22	12:00:00	149673	150975	149623	150791	2142033	7983269	1
2021.12.22	18:00:00	150798	151194	150706	151194	53465	209685	1
2021.12.23	06:00:00	151541	151775	149935	150232	1681946	6033534	1
2021.12.23	12:00:00	150232	150494	149772	150140	1719796	7270298	1
2021.12.23	18:00:00	150140	150154	149446	149446	84113	270218	1
2021.12.27	06:00:00	150154	151237	149921	150487	1660883	5834080	1
2021.12.27	12:00:00	150487	151371	150260	150954	1783531	7138128	1
2021.12.27	18:00:00	150954	151286	150805	151286	59392	243593	1
2021.12.28	06:00:00	151569	151661	149496	150034	1823270	6399508	1
2021.12.28	12:00:00	150041	150197	149482	150005	1782899	6899519	1
2021.12.28	18:00:00	150005	150119	149836	149956	61670	235125	1
2021.12.29	06:00:00	150154	150642	149220	149638	2113441	6704815	1
2021.12.29	12:00:00	149638	149659	148463	148760	1957648	6726245	1
2021.12.29	18:00:00	148760	148972	148590	148590	63962	203492	1
2021.12.30	06:00:00	148880	150381	148852	150069	2257206	6734597	1
2021.12.30	12:00:00	150062	150706	149638	149836	1776985	5912924	1
2021.12.30	18:00:00	149836	149963	149616	149822	66899	201521	1
2022.01.03	06:00:00	150572	151775	147692	148286	2641109	8676493	1
2022.01.03	12:00:00	148286	149262	148152	148548	2153720	7633369	1
2022.01.03	18:00:00	148548	148619	148180	148258	81181	248990	1
2022.01.04	06:00:00	149220	149708	147239	147826	2745965	8834191	1
2022.01.04	12:00:00	147819	149036	147465	147805	2490286	8673768	1
2022.01.04	18:00:00	147805	147854	147550	147798	62818	203211	1
2022.01.05	06:00:00	147989	148166	146234	147550	2659952	8838718	1
2022.01.05	12:00:00	147550	147840	143963	144203	3125530	11494569	1
2022.01.05	18:00:00	144203	144238	143757	143757	87143	346519	1
2022.01.06	06:00:00	144316	145724	143849	145095	2850944	9038741	1
2022.01.06	12:00:00	145102	146022	144514	144691	3095211	10510847	1
2022.01.06	18:00:00	144691	145201	144670	145201	73493	267188	1
2022.01.07	06:00:00	144897	146142	144147	146078	2693259	8928263	1
2022.01.07	12:00:00	146071	146312	144713	146142	2525772	9503311	1
2022.01.07	18:00:00	146142	146786	146085	146347	89787	296693	1
2022.01.10	06:00:00	145625	146340	144670	144691	2554362	8793440	1
2022.01.10	12:00:00	144691	145456	143998	145314	3003663	11624340	1
2022.01.10	18:00:00	145314	146213	145265	146213	99800	399597	1
2022.01.11	06:00:00	146333	146644	145151	146333	2479794	8848154	1
2022.01.11	12:00:00	146340	148102	146333	148017	2421610	9965464	1
2022.01.11	18:00:00	148017	148420	147953	148279	78368	341126	1
2022.01.12	06:00:00	148314	150444	147713	150423	2519136	8764324	1
2022.01.12	12:00:00	150423	150940	149581	150763	2466293	10291941	1
2022.01.12	18:00:00	150763	151060	150487	151060	78707	331106	1
2022.01.13	06:00:00	150437	151449	149517	151286	2471099	8621037	1
2022.01.13	12:00:00	151286	151421	149928	150402	3295133	12342160	1
2022.01.13	18:00:00	150395	150444	150175	150437	63350	227108	1
2022.01.14	06:00:00	150204	151201	149588	151081	2878030	9550978	1
2022.01.14	12:00:00	151074	152539	150826	152376	2721462	10611228	1
2022.01.14	18:00:00	152376	152822	152284	152822	75420	322900	1
2022.01.17	06:00:00	152362	152638	151024	151598	1923707	6810231	1
2022.01.17	12:00:00	151605	152199	151399	151760	1831111	6979779	1
2022.01.17	18:00:00	151760	151782	151428	151428	88508	317950	1
2022.01.18	06:00:00	150437	151697	150232	151399	2433550	8666708	1
2022.01.18	12:00:00	151399	152482	150557	151888	3273932	13606224	1
2022.01.18	18:00:00	151881	152192	151760	152178	70103	266078	1
2022.01.19	06:00:00	152178	154605	152150	154414	2402345	8588044	1
2022.01.19	12:00:00	154407	154704	153763	153834	2858992	10998162	1
2022.01.19	18:00:00	153827	154067	153763	154046	94189	343617	1
2022.01.20	06:00:00	154824	155787	153975	155765	2388039	8174768	1
2022.01.20	12:00:00	155765	156402	155121	155298	2519978	9978722	1
2022.01.20	18:00:00	155298	155461	155100	155461	92254	357246	1
2022.01.21	06:00:00	154966	156282	154103	155631	2709353	9395145	1
2022.01.21	12:00:00	155624	155900	154499	154803	4048569	13899367	1
2022.01.21	18:00:00	154810	155114	154718	155037	99072	281926	1
2022.01.24	06:00:00	154195	154754	152355	152496	3003407	10144084	1
2022.01.24	12:00:00	152496	153551	151619	153367	5064540	16628782	1
2022.01.24	18:00:00	153367	154294	153331	154279	126216	414119	1
2022.01.25	06:00:00	153515	154704	152312	153819	2713642	9350073	1
2022.01.25	12:00:00	153819	157570	153062	156982	4217784	14968593	1
2022.01.25	18:00:00	156975	157188	156664	156813	98008	351546	1
2022.01.26	06:00:00	157895	159799	157718	159530	2827049	9467794	1
2022.01.26	12:00:00	159530	160301	157690	158546	4630846	15579612	1
2022.01.26	18:00:00	158553	158617	158178	158617	74304	230818	1
2022.01.27	06:00:00	158660	160528	158645	159933	2778907	9352695	1
2022.01.27	12:00:00	159933	160740	158730	159997	4349398	15089905	1
2022.01.27	18:00:00	159997	160046	159707	159778	77731	270737	1
2022.01.28	06:00:00	159410	160598	158744	159233	2892962	9063624	1
2022.01.28	12:00:00	159233	159806	158348	158886	3838314	13064815	1
2022.01.28	18:00:00	158893	159127	158773	159127	81603	235281	1
2022.01.31	06:00:00	159169	159417	157902	159070	2496048	7763941	1
2022.01.31	12:00:00	159077	159976	158249	159671	3047564	10200752	1
2022.01.31	18:00:00	159664	159721	159112	159112	99897	342034	1
2022.02.01	06:00:00	159268	160301	159070	160202	2475550	7731580	1
2022.02.01	12:00:00	160209	160924	159742	160712	2608937	8989683	1
2022.02.01	18:00:00	160712	161044	160662	160973	88644	312444	1
2022.02.02	06:00:00	161334	161525	159693	159714	1965580	6269091	1
2022.02.02	12:00:00	159714	159806	158461	158865	2698265	9784007	1
2022.02.02	18:00:00	158872	159006	158171	158546	150782	496080	1
2022.02.03	06:00:00	157924	159558	157881	158497	2622227	8686114	1
2022.02.03	12:00:00	158497	159027	157832	158256	3241688	11094693	1
2022.02.03	18:00:00	158256	159197	158207	159197	137757	412085	1
2022.02.04	06:00:00	158504	158702	156431	157853	2652421	8061286	1
2022.02.04	12:00:00	157853	159480	157428	159155	2790782	9252994	1
2022.02.04	18:00:00	159162	159226	158907	158907	95007	288529	1
2022.02.07	06:00:00	158999	159211	158016	158957	2782562	8577178	1
2022.02.07	12:00:00	158957	159410	158638	158886	2780886	9313711	1
2022.02.07	18:00:00	158879	158978	158688	158957	70885	226112	1
2022.02.08	06:00:00	158362	158667	157159	157973	2316316	7304076	1
2022.02.08	12:00:00	157980	159105	157457	159056	2434481	8314244	1
2022.02.08	18:00:00	159056	159565	158964	159565	89411	290583	1
2022.02.09	06:00:00	159919	160061	158327	159219	2757600	8543172	1
2022.02.09	12:00:00	159219	160429	158865	159289	2492516	8687643	1
2022.02.09	18:00:00	159289	159388	159020	159063	68601	207243	1
2022.02.10	06:00:00	159211	160591	158851	160528	2966268	9039909	1
2022.02.10	12:00:00	160528	161313	160223	160443	3110388	10214789	1
2022.02.10	18:00:00	160443	160704	160386	160620	87778	257832	1
2022.02.11	06:00:00	160089	162169	160075	161992	2519587	7835036	1
2022.02.11	12:00:00	161985	162735	160061	160683	3866296	12177498	1
2022.02.11	18:00:00	160683	161051	160556	161051	75647	197908	1
2022.02.14	06:00:00	159919	161773	159749	161348	2613323	7667957	1
2022.02.14	12:00:00	161348	161532	160414	161101	3412859	10603960	1
2022.02.14	18:00:00	161101	161327	161051	161278	70400	218103	1
2022.02.15	06:00:00	162042	162346	161490	161547	2361255	6869316	1
2022.02.15	12:00:00	161547	162608	161306	162544	1950725	6391527	1
2022.02.15	18:00:00	162537	162941	162466	162941	93571	250082	1
2022.02.16	06:00:00	162563	163982	162563	163514	1765178	5470834	1
2022.02.16	12:00:00	163507	163947	162836	163136	2292055	7986531	1
2022.02.16	18:00:00	163143	163290	163080	163157	60801	201198	1
2022.02.17	06:00:00	162626	163087	161696	161794	2304135	7183435	1
2022.02.17	12:00:00	161794	161864	160703	160815	2106132	7298366	1
2022.02.17	18:00:00	160822	160920	160528	160668	100924	273234	1
2022.02.18	06:00:00	161304	161948	160647	161151	2132142	6628332	1
2022.02.18	12:00:00	161151	161186	159494	159927	2935234	9787741	1
2022.02.18	18:00:00	159927	160053	159619	159633	107606	272923	1
2022.02.21	06:00:00	159857	160542	159214	160445	1980299	6200441	1
2022.02.21	12:00:00	160445	160584	158060	158221	1866515	5836852	1
2022.02.21	18:00:00	158207	158277	157941	157941	77600	229029	1
2022.02.22	06:00:00	158920	160521	158920	160326	2317571	7370774	1
2022.02.22	12:00:00	160326	160403	158829	159794	3141720	10776829	1
2022.02.22	18:00:00	159794	160521	159787	160521	103760	350670	1
2022.02.23	06:00:00	160389	160962	159571	159682	2406460	7618064	1
2022.02.23	12:00:00	159682	159857	158032	158179	2682561	9572275	1
2022.02.23	18:00:00	158179	158263	157907	158025	83608	280083	1
2022.02.24	06:00:00	154516	155907	153886	155292	3049635	9098073	1
2022.02.24	12:00:00	155292	157830	154264	157739	3734843	12311522	1
2022.02.24	18:00:00	157739	157802	157515	157662	79724	292212	1
2022.02.25	06:00:00	157445	157886	156270	157375	2442581	7651920	1
2022.02.25	12:00:00	157382	159969	156830	159906	2576368	8514813	1
2022.02.25	18:00:00	159906	160102	159717	159759	117720	319785	1
2022.03.02	12:00:00	161158	163143	160983	162724	2401330	8076524	1
2022.03.02	18:00:00	162717	163073	162584	163052	106786	323204	1
2022.03.03	06:00:00	162975	163738	162640	163255	1997455	6504462	1
2022.03.03	12:00:00	163255	163821	162472	162724	2699316	8793162	1
2022.03.03	18:00:00	162724	163129	162696	163059	88091	279136	1
2022.03.04	06:00:00	161920	162472	160717	161053	2306585	6919109	1
2022.03.04	12:00:00	161060	161969	160172	161920	2644600	8842551	1
2022.03.04	18:00:00	161920	161927	161570	161626	91547	284424	1
2022.03.07	06:00:00	161004	161689	160452	160717	2192585	6969744	1
2022.03.07	12:00:00	160717	161109	156788	156837	2854804	9687547	1
2022.03.07	18:00:00	156837	156921	156354	156354	133357	429242	1
2022.03.08	06:00:00	157620	158913	156963	157697	2868503	8777575	1
2022.03.08	12:00:00	157697	158634	156606	156998	4064512	14163867	1
2022.03.08	18:00:00	156991	157207	156613	156627	111963	293342	1
2022.03.09	06:00:00	158557	159675	157536	159382	2402294	7663808	1
2022.03.09	12:00:00	159389	160990	159389	160570	2625455	9355804	1
2022.03.09	18:00:00	160570	160808	160493	160514	90069	267864	1
2022.03.10	06:00:00	159619	160319	157697	158794	2559426	7929594	1
2022.03.10	12:00:00	158794	160249	158340	160095	2815154	9511663	1
2022.03.10	18:00:00	160088	160270	159878	160249	97878	293450	1
2022.03.11	06:00:00	161647	161843	159920	160032	2557596	7601251	1
2022.03.11	12:00:00	160025	160130	156816	157333	2892566	9624357	1
2022.03.11	18:00:00	157326	157872	157179	157872	109246	299223	1
2022.03.14	06:00:00	157662	158424	155886	156473	2679301	8080119	1
2022.03.14	12:00:00	156473	156767	154523	154949	3074709	9758291	1
2022.03.15	06:00:00	155047	155138	151817	153299	2562316	8567084	1
2022.03.15	12:00:00	153292	154355	152684	153383	2953379	9933148	1
2022.03.16	06:00:00	155571	156627	154732	155795	2308106	7486061	1
2022.03.16	12:00:00	155802	157075	153607	157075	3251872	10448766	1
2022.03.17	06:00:00	156627	157851	156047	157305	2692296	8285640	1
2022.03.17	12:00:00	157305	159396	157040	159158	2340806	7820884	1
2022.03.18	06:00:00	158165	160654	158095	160556	2117651	6792136	1
2022.03.18	12:00:00	160549	162339	160256	162032	1914992	6977621	1
2022.03.21	06:00:00	161787	163675	161689	163003	2303390	7035518	1
2022.03.21	12:00:00	163010	163807	162255	163738	2635518	8814576	1
2022.03.22	06:00:00	163891	165409	163500	165122	1907146	6358508	1
2022.03.22	12:00:00	165115	165339	164339	165304	2035641	7430814	1
2022.03.23	06:00:00	164653	166073	164451	165884	2143778	6952301	1
2022.03.23	12:00:00	165884	166311	164947	165311	2088702	7288031	1
2022.03.24	06:00:00	165548	166269	164667	166234	1791546	5903986	1
2022.03.24	12:00:00	166234	167800	166171	167779	1945771	7205003	1
2022.03.25	06:00:00	167765	168282	167240	167639	2040741	6305578	1
2022.03.25	12:00:00	167639	167912	166492	167492	2109252	7428566	1
2022.03.28	06:00:00	167800	168128	165793	166290	1840905	5744240	1
2022.03.28	12:00:00	166290	167359	166017	166961	2061379	7360150	1
2022.03.29	06:00:00	168079	169736	167765	168436	2459085	7921372	1
2022.03.29	12:00:00	168436	169107	167814	168324	1966757	7305168	1
2022.03.30	06:00:00	167954	169352	167933	168471	2163574	7152714	1
2022.03.30	12:00:00	168471	169254	168184	169058	1966915	7319024	1
2022.03.31	06:00:00	168925	169660	168492	168918	1909922	6437880	1
2022.03.31	12:00:00	168918	169142	168093	168478	1861460	6905566	1
2022.04.01	06:00:00	168918	170478	168897	170366	1765533	5979416	1
2022.04.01	12:00:00	170373	170911	169715	170596	1777751	6775507	1
2022.04.04	06:00:00	170932	171016	169408	169785	1741387	5748137	1
2022.04.04	12:00:00	169785	170275	169247	169939	1581458	6131977	1
2022.04.05	06:00:00	169820	170519	168254	168485	2259870	7492411	1
2022.04.05	12:00:00	168485	168667	166122	166716	2339549	8475402	1
2022.04.06	06:00:00	165674	166206	164528	165164	2587616	7739587	1
2022.04.06	12:00:00	165164	165989	163486	165290	2957325	9747068	1
2022.04.07	06:00:00	165786	166080	164353	165073	2422118	7554582	1
2022.04.07	12:00:00	165080	167010	164674	166345	2508260	8639282	1
2022.04.08	06:00:00	166807	166807	164325	166038	2101870	6919361	1
2022.04.08	12:00:00	166038	166324	165199	165465	1971281	7141052	1
2022.04.11	06:00:00	164619	164765	163570	164199	2268513	6840298	1
2022.04.11	12:00:00	164192	164528	163255	163584	2066596	6871582	1
2022.04.12	06:00:00	164192	165828	164045	164605	2209671	6113814	1
2022.04.12	12:00:00	164605	164842	162297	162948	2501704	7592180	1
2022.04.13	06:00:00	163305	163731	162666	162893	2015208	5786911	1
2022.04.13	12:00:00	162893	164184	162583	163532	2174236	7649671	1
2022.04.14	06:00:00	163209	163367	162198	162350	2261531	6741498	1
2022.04.14	12:00:00	162350	162755	161587	162040	1909440	6296665	1
2022.04.18	06:00:00	161814	162329	160934	161800	2136667	6190767	1
2022.04.18	12:00:00	161793	162501	161278	161642	2222820	6926389	1
2022.04.19	06:00:00	161374	161436	160219	160604	1949552	6139250	1
2022.04.19	12:00:00	160597	161312	159580	160735	2053684	7383984	1
2022.04.20	06:00:00	161346	161367	159395	159793	1976845	6257730	1
2022.04.20	12:00:00	159800	159814	159037	159099	2008622	6941245	1
2022.04.22	06:00:00	157368	157560	155938	156014	2036981	5966138	1
2022.04.22	12:00:00	156014	156364	154261	155155	2475421	8098680	1
2022.04.25	06:00:00	153018	153643	152440	152454	2385913	6921580	1
2022.04.25	12:00:00	152454	155114	152317	154481	2889719	9967135	1
2022.04.26	06:00:00	154048	154069	151602	151836	2195218	6718193	1
2022.04.26	12:00:00	151829	152097	150097	150131	2323696	8054870	1
2022.04.27	06:00:00	151877	153526	151719	152605	2646044	7921209	1
2022.04.27	12:00:00	152612	153354	151842	152598	2908116	9162026	1
2022.04.28	06:00:00	154076	154213	151629	152035	2193737	6386656	1
2022.04.28	12:00:00	152035	154303	151911	152427	2592298	8708573	1
2022.04.29	06:00:00	152337	155856	152200	154839	2343584	7272623	1
2022.04.29	12:00:00	154839	155258	149018	149808	2918790	10466288	1
2022.05.02	06:00:00	149424	150496	147547	147829	2635932	7458987	1
2022.05.02	12:00:00	147829	148571	146352	148571	3226741	10277382	1
2022.05.03	06:00:00	148365	149149	147980	148640	2609808	7500535	1
2022.05.03	12:00:00	148647	149032	147493	148187	2995382	9138007	1
2022.05.04	06:00:00	148406	148571	145843	146283	2054469	6282250	1
2022.05.04	12:00:00	146283	151217	146022	151073	3841918	12099158	1
2022.05.05	06:00:00	149891	150159	144462	145864	2517691	8015720	1
2022.05.05	12:00:00	145871	146922	144400	146833	3848482	11795012	1
2022.05.06	06:00:00	145891	147747	144400	146908	3365425	8797212	1
2022.05.06	12:00:00	146908	147788	145431	146139	3422255	10086021	1
2022.05.09	06:00:00	144022	144565	142936	143005	2682881	7445396	1
2022.05.09	12:00:00	143012	145204	142833	143837	3418835	10675346	1
2022.05.10	06:00:00	144565	144709	142895	143170	2724309	7732081	1
2022.05.10	12:00:00	143163	143850	142112	143431	3606379	10769745	1
2022.05.11	06:00:00	144689	146152	143040	145720	3272321	9148351	1
2022.05.11	12:00:00	145720	146262	144276	145142	3258232	10318378	1
2022.05.12	06:00:00	143569	146022	143259	145891	3069241	8621774	1
2022.05.12	12:00:00	145891	147094	145080	146991	3236889	9838988	1
2022.05.13	06:00:00	148523	149451	147197	149101	2202968	6357967	1
2022.05.13	12:00:00	149101	149547	148104	148104	2402472	7847604	1
2022.05.16	06:00:00	147850	149692	147850	149465	2684922	7407562	1
2022.05.16	12:00:00	149465	150908	149341	150221	2523035	8326785	1
2022.05.17	06:00:00	151609	152269	150585	150729	2484359	7255516	1
2022.05.17	12:00:00	150729	151251	150118	151251	2628104	8429987	1
2022.05.18	06:00:00	150166	150983	148929	149176	2209922	6362590	1
2022.05.18	12:00:00	149176	149190	146750	147011	2813511	9703569	1
2022.05.19	06:00:00	146482	148269	146372	147596	2822364	8021335	1
2022.05.19	12:00:00	147589	148805	147355	148242	2819818	9183718	1
2022.05.20	06:00:00	149327	150674	149046	149678	2435805	6854364	1
2022.05.20	12:00:00	149678	150750	148626	150372	3055324	9517038	1
2022.05.23	06:00:00	151251	152488	150963	152475	2458601	7057791	1
2022.05.23	12:00:00	152468	153265	152365	153176	2209993	7440733	1
2022.05.24	06:00:00	151458	151911	149980	150358	2647332	7801349	1
2022.05.24	12:00:00	150365	153286	150097	153059	3091428	10083847	1
2022.05.25	06:00:00	152303	152866	151561	152695	2244989	6308698	1
2022.05.25	12:00:00	152688	153581	151932	152413	2503862	7629899	1
2022.05.26	06:00:00	153244	154571	152482	154447	1950597	5636180	1
2022.05.26	12:00:00	154440	155017	154303	154811	1823327	6409678	1
2022.05.27	06:00:00	154344	155114	153877	154949	2191692	6430235	1
2022.05.27	12:00:00	154949	155416	154378	154577	1817487	5931368	1
2022.05.30	06:00:00	155601	156241	153024	153231	1741253	5300961	1
2022.05.30	12:00:00	153237	153540	152564	152564	1519211	4954995	1
2022.05.31	06:00:00	152956	154571	152942	154234	2435945	7070217	1
2022.05.31	12:00:00	154234	154399	152750	153657	2861624	9639847	1
2022.06.01	06:00:00	154172	154481	152791	154358	2440261	7413848	1
2022.06.01	12:00:00	154358	154536	153292	153773	2440554	7884183	1
2022.06.02	06:00:00	154206	155347	153279	153794	2325712	7002372	1
2022.06.02	12:00:00	153794	155595	153746	155120	2066586	7088952	1
2022.06.03	06:00:00	154248	154474	153292	153526	2382577	6955220	1
2022.06.03	12:00:00	153519	153980	152880	153588	2278552	7494660	1
2022.06.06	06:00:00	154708	154942	152200	152564	2033372	6297693	1
2022.06.06	12:00:00	152571	152695	151533	152131	2217796	7649782	1
2022.06.07	06:00:00	151444	152159	150660	151973	2635303	7902562	1
2022.06.07	12:00:00	151973	152138	151224	151664	2036887	6959059	1
2022.06.08	06:00:00	151355	151698	150049	150647	2269576	7036613	1
2022.06.08	12:00:00	150640	151334	148729	149616	2526100	8871583	1
2022.06.09	06:00:00	150049	150420	147547	148441	2951785	8848474	1
2022.06.09	12:00:00	148441	148984	147279	148029	2637819	8645836	1
2022.06.10	06:00:00	148228	148475	143878	144819	3160529	8559611	1
2022.06.10	12:00:00	144819	146029	144675	144929	2720402	8789736	1
2022.06.13	06:00:00	142387	142998	139858	140889	2823240	8210520	1
2022.06.13	12:00:00	140882	142208	140263	141287	3308797	10325455	1
2022.06.14	06:00:00	141562	142112	139775	140167	3016610	8796868	1
2022.06.14	12:00:00	140167	141081	139212	140284	3067241	9772427	1
2022.06.15	06:00:00	141206	142714	140513	141893	2252293	6679434	1
2022.06.15	12:00:00	141900	142923	139934	141577	3669873	11023318	1
2022.06.17	06:00:00	138789	139207	135079	135833	2983441	8375650	1
2022.06.17	12:00:00	135833	137308	135140	136453	3075465	9754290	1
2022.06.20	06:00:00	136614	137140	134891	137099	2759740	7590841	1
2022.06.20	12:00:00	137099	137739	136729	137012	1988260	6214261	1
2022.06.21	06:00:00	138022	138533	137059	137200	2728284	8277499	1
2022.06.21	12:00:00	137207	137793	135793	137739	2835965	9231022	1
2022.06.22	06:00:00	135127	136655	134346	136399	2992302	8463360	1
2022.06.22	12:00:00	136399	137604	135719	135746	2511102	8258300	1
2022.06.23	06:00:00	136655	137369	135571	136668	2978568	8666604	1
2022.06.23	12:00:00	136675	136722	133578	133578	2792334	9320477	1
2022.06.24	06:00:00	134655	136056	134063	135335	2550519	7968350	1
2022.06.24	12:00:00	135335	135557	134500	135463	2287161	7338290	1
2022.06.27	06:00:00	136136	138345	135564	138325	2794173	8018731	1
2022.06.27	12:00:00	138325	138621	137597	138621	2184942	7390906	1
2022.06.28	06:00:00	139247	139900	138170	138729	2951915	8709256	1
2022.06.28	12:00:00	138722	138910	136635	137496	2679699	8832524	1
2022.06.29	06:00:00	137510	138951	136500	136567	3212914	9713704	1
2022.06.29	12:00:00	136574	136702	135551	136204	2559904	8848290	1
2022.06.30	06:00:00	134756	135106	133410	134339	3317241	8921839	1
2022.06.30	12:00:00	134339	135598	133713	133713	3242927	10278938	1
2022.07.01	06:00:00	133625	134352	132716	133652	3161857	9103705	1
2022.07.01	12:00:00	133652	135638	133524	135611	2607511	8789017	1
2022.07.04	06:00:00	134911	135510	133995	135302	2346660	6863448	1
2022.07.04	12:00:00	135308	135638	133982	133982	1748026	5561964	1
2022.07.05	06:00:00	133484	133538	131949	132346	2958318	8760290	1
2022.07.05	12:00:00	132346	134305	131612	133982	3066156	10188504	1
2022.07.06	06:00:00	133490	135214	133033	133814	2990410	8626684	1
2022.07.06	12:00:00	133814	135248	132804	134595	2911510	9809227	1
2022.07.07	06:00:00	135652	137618	135564	137093	2190771	6717312	1
2022.07.07	12:00:00	137093	138392	136998	137927	1817954	6774410	1
2022.07.08	06:00:00	137416	138446	136621	137503	3071355	8392224	1
2022.07.08	12:00:00	137503	137638	136170	136561	2170112	7122766	1
2022.07.11	06:00:00	135369	135625	133841	133982	2640662	7768964	1
2022.07.11	12:00:00	133982	134837	133235	133558	2420000	8528035	1
2022.07.12	06:00:00	132952	133618	132339	133558	2641369	7944550	1
2022.07.12	12:00:00	133551	134426	133241	134245	2395303	8368104	1
2022.07.13	06:00:00	134258	134628	132440	134440	3205535	9212812	1
2022.07.13	12:00:00	134433	134682	132763	132864	2610559	8793300	1
2022.07.14	06:00:00	131740	132124	129855	130427	2411052	7602319	1
2022.07.14	12:00:00	130427	131114	130313	130414	2329896	7985746	1
2022.07.15	06:00:00	130824	131181	129478	131013	2649268	7951869	1
2022.07.15	12:00:00	131013	131928	130912	131376	1702284	5816459	1
2022.07.18	06:00:00	132837	133666	132191	133578	2068438	5976458	1
2022.07.18	12:00:00	133578	133639	131309	131363	2490897	8100199	1
2022.07.19	06:00:00	132205	132986	131834	132292	2447434	7461044	1
2022.07.19	12:00:00	132292	134036	132252	133800	2063494	7203934	1
2022.07.20	06:00:00	133174	133363	132070	133073	2266046	6706037	1
2022.07.20	12:00:00	133073	133639	132629	132999	2354684	7777641	1
2022.07.21	06:00:00	132790	132891	131686	132622	2401759	7206510	1
2022.07.21	12:00:00	132622	134507	132568	134440	2130552	7481819	1
2022.07.22	06:00:00	134723	135308	134171	135207	2159741	6467612	1
2022.07.22	12:00:00	135207	135248	133369	134595	2041760	7287242	1
2022.07.25	06:00:00	135214	136136	135059	135726	2182286	6530398	1
2022.07.25	12:00:00	135726	136359	135571	136110	1820343	6272486	1
2022.07.26	06:00:00	135941	136594	135531	135860	1966364	6264945	1
2022.07.26	12:00:00	135854	135901	134675	135329	2006683	7402421	1
2022.07.27	06:00:00	136035	136332	135483	136029	1767501	5396836	1
2022.07.27	12:00:00	136029	138089	135658	138089	2254730	7307110	1
2022.07.28	06:00:00	137678	138453	136864	137295	2207005	6605906	1
2022.07.28	12:00:00	137295	139503	137281	139368	1906241	6798248	1
2022.07.29	06:00:00	139759	139819	138917	139563	2207560	6353031	1
2022.07.29	12:00:00	139563	140923	139348	139449	2130713	7346115	1
2022.08.01	06:00:00	139806	139907	138277	139712	2259253	6927491	1
2022.08.01	12:00:00	139712	139786	137698	138459	2324298	7574321	1
2022.08.02	06:00:00	137685	139718	137476	139503	2959341	8812578	1
2022.08.02	12:00:00	139503	140365	139112	140365	2574776	8657818	1
2022.08.03	06:00:00	140311	140540	138998	139287	2269779	6588609	1
2022.08.03	12:00:00	139294	140695	139032	140614	2144248	7195236	1
2022.08.04	06:00:00	140398	142411	140270	142243	2082983	6355868	1
2022.08.04	12:00:00	142243	144377	142021	143953	2246604	8168358	1
2022.08.05	06:00:00	143724	144923	142560	144775	2599564	7480479	1
2022.08.05	12:00:00	144781	144815	143266	143691	2181502	7404580	1
2022.08.08	06:00:00	144418	146101	144290	145886	2204286	6361423	1
2022.08.08	12:00:00	145892	147165	145542	147165	2570531	8434880	1
2022.08.09	06:00:00	146909	147569	145630	145966	2661542	7804904	1
2022.08.09	12:00:00	145966	147448	145589	146889	2416908	8034421	1
2022.08.10	06:00:00	146774	149312	146673	148727	2739345	7547051	1
2022.08.10	12:00:00	148720	149097	147959	148828	2162526	6946303	1
2022.08.11	06:00:00	149198	150497	148962	149043	2513331	7226826	1
2022.08.11	12:00:00	149050	149885	147737	148525	2726114	8735058	1
2022.08.12	06:00:00	148505	149959	148498	149434	2335227	6437518	1
2022.08.12	12:00:00	149440	152039	149360	151770	2203913	7255511	1
2022.08.15	06:00:00	150141	151581	149218	151319	2281907	6744543	1
2022.08.15	12:00:00	151319	152605	151245	152450	2067379	7251446	1
2022.08.16	06:00:00	152228	153083	151743	152006	2722166	7921997	1
2022.08.16	12:00:00	151999	153359	151770	153217	2360109	7763101	1
2022.08.17	06:00:00	151955	153046	151089	152609	2086344	6107208	1
2022.08.17	12:00:00	152603	153680	152365	152675	2331579	7884575	1
2022.08.18	06:00:00	153065	153938	152768	153237	2352878	6985620	1
2022.08.18	12:00:00	153244	153535	152418	153482	2006647	6987239	1
2022.08.19	06:00:00	152001	152385	149952	150217	2256640	6585026	1
2022.08.19	12:00:00	150223	150382	149159	149185	2145631	7690805	1
2022.08.22	06:00:00	148260	148848	147685	148326	2423129	6980215	1
2022.08.22	12:00:00	148326	149119	148161	148577	2430023	8040601	1
2022.08.23	06:00:00	149463	151049	148670	150732	1991994	6184354	1
2022.08.23	12:00:00	150726	151948	150455	151796	2020307	6805883	1
2022.08.24	06:00:00	151730	152913	151069	152642	2389758	7164339	1
2022.08.24	12:00:00	152636	152854	151221	151743	2229380	7954321	1
2022.08.25	06:00:00	152715	153099	151770	152054	2427284	7168841	1
2022.08.25	12:00:00	152054	152464	151307	152239	1990860	6670628	1
2022.08.26	06:00:00	151836	153151	151010	151512	2806862	8400391	1
2022.08.26	12:00:00	151512	151545	150144	150897	2181565	7580598	1
2022.08.29	06:00:00	149939	151393	149556	151082	2048902	6169832	1
2022.08.29	12:00:00	151076	151922	150560	150997	2170488	7263807	1
2022.08.30	06:00:00	151228	151420	149014	149589	2473033	7689591	1
2022.08.30	12:00:00	149582	149668	147612	147645	2599848	8992875	1
2022.08.31	06:00:00	147883	149298	147308	148584	3102583	8784100	1
2022.08.31	12:00:00	148584	149020	146766	147665	2859156	9053615	1
2022.09.01	06:00:00	147070	147407	145153	145213	3089095	8806944	1
2022.09.01	12:00:00	145220	148227	144915	147910	2831154	9581217	1
2022.09.02	06:00:00	147652	150448	147315	150243	2828583	7811290	1
2022.09.02	12:00:00	150243	150355	147969	148524	2780507	8956589	1
2022.09.05	06:00:00	148346	150772	148293	150263	1959882	5526369	1
2022.09.05	12:00:00	150256	150375	149443	150150	1815603	5505967	1
2022.09.06	06:00:00	149846	149879	146290	147077	2942891	8670682	1
2022.09.06	12:00:00	147070	147262	146185	146218	2881707	9447207	1
2022.09.08	06:00:00	147725	148134	146634	147044	3517954	9570655	1
2022.09.08	12:00:00	147050	147440	145114	146753	3362727	10877414	1
2022.09.09	06:00:00	148194	150038	148042	149919	2553794	7141175	1
2022.09.09	12:00:00	149919	150408	149774	150111	2001326	6244831	1
2022.09.12	06:00:00	151010	152550	150540	151710	2253896	6535118	1
2022.09.12	12:00:00	151717	152028	151281	151499	2224014	7080223	1
2022.09.13	06:00:00	152226	152510	148842	149377	3207428	9071965	1
2022.09.13	12:00:00	149384	149589	147454	147758	2551145	8405239	1
2022.09.14	06:00:00	147559	148789	146839	148194	3131518	8813745	1
2022.09.14	12:00:00	148187	148234	146965	147877	2686766	8854980	1
2022.09.15	06:00:00	147348	148260	145986	146026	3065994	8918226	1
2022.09.15	12:00:00	146033	147077	145986	146224	2628063	8689281	1
2022.09.16	06:00:00	145563	145966	144651	145246	2679684	7561905	1
2022.09.16	12:00:00	145246	146026	144684	145947	2819550	9380321	1
2022.09.19	06:00:00	144314	147031	144069	146918	2514572	7502662	1
2022.09.19	12:00:00	146918	150045	146885	149992	2707589	9517539	1
2022.09.20	06:00:00	149252	149959	148280	149192	3080226	8575310	1
2022.09.20	12:00:00	149192	150269	148723	149926	2577665	8387151	1
2022.09.21	06:00:00	150177	150600	148657	148743	2517991	7255545	1
2022.09.21	12:00:00	148743	150944	148108	148855	3836360	11393885	1
2022.09.22	06:00:00	150018	151281	149053	149271	2892578	8222374	1
2022.09.22	12:00:00	149271	152305	148743	151591	2976693	9555005	1
2022.09.23	06:00:00	149648	149873	147414	147639	2762346	7618946	1
2022.09.23	12:00:00	147632	148842	147163	148379	3212750	10455830	1
2022.09.26	06:00:00	147434	147817	146284	146575	3159011	8698332	1
2022.09.26	12:00:00	146575	146687	144195	144268	3495767	11511914	1
2022.09.27	06:00:00	145881	147513	144849	145715	3192370	8958824	1
2022.09.27	12:00:00	145709	145808	143607	144274	3283961	10560598	1
2022.09.28	06:00:00	142952	144578	142814	144175	3164351	9014102	1
2022.09.28	12:00:00	144175	144750	143395	143660	2853514	9264291	1
2022.09.29	06:00:00	143197	143627	140831	142311	2816568	8130444	1
2022.09.29	12:00:00	142311	143541	141221	142926	2974740	9198747	1
2022.09.30	06:00:00	143435	144929	142113	144763	2620708	7904233	1
2022.09.30	12:00:00	144770	146687	144618	146608	2917560	9919114	1
2022.10.03	06:00:00	151175	153138	150184	153013	2837544	7961544	1
2022.10.03	12:00:00	153006	154844	152299	154632	2718553	8736136	1
2022.10.04	06:00:00	156073	157104	154718	155167	2942171	8710998	1
2022.10.04	12:00:00	155167	155267	153482	154553	3007516	9547778	1
2022.10.05	06:00:00	153455	155286	153184	154374	2978584	8218781	1
2022.10.05	12:00:00	154368	155908	154209	155729	2468643	8087380	1
2022.10.06	06:00:00	155081	156919	154896	156126	2595803	7854816	1
2022.10.06	12:00:00	156126	156437	154956	155068	2375747	8256769	1
2022.10.07	06:00:00	155399	156245	154652	155485	2688202	7684914	1
2022.10.07	12:00:00	155485	155776	153416	155002	2376387	8129100	1
2022.10.10	06:00:00	154619	155200	153079	153363	2365872	6702047	1
2022.10.10	12:00:00	153363	153707	152523	153482	2420199	8294500	1
2022.10.11	06:00:00	152570	153363	151770	152312	2608863	7888902	1
2022.10.11	12:00:00	152305	153317	151122	151565	2743297	9325807	1
2022.10.13	06:00:00	152734	153423	149174	150142	2320580	6895687	1
2022.10.13	12:00:00	150149	152929	149999	150759	2501749	9145085	1
2022.10.14	06:00:00	151403	151929	149908	150532	2852143	8905009	1
2022.10.14	12:00:00	150532	150935	147700	147901	2884342	9602253	1
2022.10.17	06:00:00	149421	150448	148674	150376	2258126	7044384	1
2022.10.17	12:00:00	150383	151390	150292	150604	2153164	7589990	1
2022.10.18	06:00:00	151948	152962	151370	151929	2259770	7453123	1
2022.10.18	12:00:00	151929	153657	150987	153514	2837866	10019086	1
2022.10.19	06:00:00	152669	153787	152202	153105	2481473	8171758	1
2022.10.19	12:00:00	153105	154053	152819	153650	2516489	9122275	1
2022.10.20	06:00:00	154437	155502	154307	155158	2295978	7475141	1
2022.10.20	12:00:00	155158	155158	153923	154553	2451147	8933317	1
2022.10.21	06:00:00	153819	156470	153683	156093	2622902	8631016	1
2022.10.21	12:00:00	156093	159588	155729	158997	2675990	9611950	1
2022.10.24	06:00:00	158289	158302	154449	155093	2737091	8143711	1
2022.10.24	12:00:00	155093	155216	152884	153384	2795489	10236180	1
2022.10.25	06:00:00	153345	154196	151331	152643	2548554	7631118	1
2022.10.25	12:00:00	152643	153423	150772	150915	2291865	7874398	1
2022.10.26	06:00:00	151234	151799	148953	149486	2689139	7742347	1
2022.10.26	12:00:00	149486	150948	148375	149746	2738499	8966162	1
2022.10.27	06:00:00	149291	150766	148512	149713	3257612	9062471	1
2022.10.27	12:00:00	149707	153598	148934	150220	3300922	10878271	1
2022.10.28	06:00:00	148726	151084	148661	150019	2850186	7904547	1
2022.10.28	12:00:00	150025	152150	149824	152078	2713795	9105575	1
2022.10.31	06:00:00	146823	153904	146173	152403	3189385	9142272	1
2022.10.31	12:00:00	152397	153313	149486	152591	3544308	11230511	1
2022.11.01	06:00:00	153456	154963	152013	153423	3275835	8246112	1
2022.11.01	12:00:00	153423	155814	152000	152552	3582749	10012259	1
2022.11.03	06:00:00	150545	153365	150058	153261	2692397	7121349	1
2022.11.03	12:00:00	153267	154579	152929	153923	2410635	7461014	1
2022.11.04	06:00:00	156067	157925	155294	157568	3059801	7930288	1
2022.11.04	12:00:00	157568	158003	154488	154969	3136850	9676733	1
2022.11.07	06:00:00	155976	156282	152215	152611	2759131	7453009	1
2022.11.07	12:00:00	152604	153228	151201	151435	2839793	8575943	1
2022.11.07	18:00:00	151435	151675	151325	151604	60590	179494	1
2022.11.08	06:00:00	151682	152611	149707	151682	2713140	7484288	1
2022.11.08	12:00:00	151682	154086	151526	152364	3296205	10421314	1
2022.11.08	18:00:00	152364	153131	152228	153131	91322	246945	1
2022.11.09	06:00:00	151890	152312	150740	151877	2572174	6735296	1
2022.11.09	12:00:00	151877	152572	148453	149155	3063307	9608401	1
2022.11.09	18:00:00	149155	149545	148921	149233	70512	258787	1
2022.11.10	06:00:00	148323	148323	143776	144887	3282169	7755805	1
2022.11.10	12:00:00	144880	145842	142314	143620	3510731	9462308	1
2022.11.10	18:00:00	143626	144354	143483	144302	90714	287588	1
2022.11.11	06:00:00	145504	146244	143152	145302	3096725	7518142	1
2022.11.11	12:00:00	145296	148466	144964	147342	3347829	9523079	1
2022.11.11	18:00:00	147336	147648	147024	147648	73510	209141	1
2022.11.14	06:00:00	147024	149415	146511	147095	2853072	7064921	1
2022.11.14	12:00:00	147095	150019	146952	148115	3130122	9315050	1
2022.11.14	18:00:00	148109	148518	148070	148408	94173	248330	1
2022.11.16	06:00:00	147674	148538	145809	146147	3090925	7935617	1
2022.11.16	12:00:00	146147	146290	143366	144302	3378136	10392878	1
2022.11.16	18:00:00	144295	144419	143574	143574	69958	237343	1
2022.11.17	06:00:00	141827	142398	140462	141632	3018823	7372331	1
2022.11.17	12:00:00	141632	143717	140560	143386	3641221	10707108	1
2022.11.17	18:00:00	143379	143652	142860	142860	78916	249741	1
2022.11.18	06:00:00	144757	146153	143061	143730	2891886	7531802	1
2022.11.18	12:00:00	143724	144256	141976	142353	3119208	9102918	1
2022.11.18	18:00:00	142353	142528	142054	142392	81499	245739	1
2022.11.21	06:00:00	142379	144367	142340	142535	2673425	7005712	1
2022.11.21	12:00:00	142528	144191	141255	143990	3253936	9835489	1
2022.11.21	18:00:00	143997	144094	143639	144068	94589	247921	1
2022.11.22	06:00:00	143574	144776	142541	143262	2867661	7358541	1
2022.11.22	12:00:00	143256	143737	141054	142275	3299760	10144234	1
2022.11.22	18:00:00	142275	142405	142015	142366	85922	206885	1
2022.11.23	06:00:00	142879	143152	141196	141963	2493026	6942189	1
2022.11.23	12:00:00	141970	142951	141028	142223	3318177	10731771	1
2022.11.23	18:00:00	142229	142496	141781	141781	74668	216919	1
2022.11.24	06:00:00	143418	146504	142996	146270	2509710	6888987	1
2022.11.24	12:00:00	146264	147375	145393	146446	2064715	6345237	1
2022.11.24	18:00:00	146452	146771	146179	146771	65500	175851	1
2022.11.25	06:00:00	145887	146868	144133	144328	2392963	6642107	1
2022.11.25	12:00:00	144334	145036	141768	142437	2589695	8195496	1
2022.11.25	18:00:00	142450	142470	142041	142041	46935	166379	1
2022.11.28	06:00:00	141041	142847	140216	142574	2607016	7012380	1
2022.11.28	12:00:00	142574	143022	141905	142372	2090479	6948822	1
2022.11.28	18:00:00	142372	142398	141996	142106	66191	245479	1
2022.11.29	06:00:00	143119	145322	142606	145107	2414525	6687710	1
2022.11.29	12:00:00	145114	146608	144646	144939	2605222	8710652	1
2022.11.29	18:00:00	144945	145094	144828	145029	81664	227155	1
2022.11.30	06:00:00	145523	146303	144640	146134	2532832	6873816	1
2022.11.30	12:00:00	146140	146647	143704	146238	3681783	10932825	1
2022.11.30	18:00:00	146238	146887	146218	146887	93434	301851	1
2022.12.01	06:00:00	146173	146420	144977	145965	2397070	6409417	1
2022.12.01	12:00:00	145958	146062	144100	144874	2887263	9007548	1
2022.12.01	18:00:00	144874	144971	144536	144971	65238	229633	1
2022.12.02	06:00:00	144874	148382	143217	148219	2815831	7653743	1
2022.12.02	12:00:00	148226	148226	145764	145984	2382443	7803349	1
2022.12.02	18:00:00	145984	146108	145816	145829	59380	180512	1
2022.12.05	06:00:00	146582	146615	143659	143717	2577752	7046038	1
2022.12.05	12:00:00	143724	144321	142294	142502	2427433	7813714	1
2022.12.05	18:00:00	142502	142528	142249	142249	69103	214312	1
2022.12.06	06:00:00	142626	144126	142502	143763	2635810	7364715	1
2022.12.06	12:00:00	143769	144055	142151	143529	2948507	9385435	1
2022.12.06	18:00:00	143529	144042	143399	143789	92603	275902	1
2022.12.07	06:00:00	142626	143496	141931	143016	2609261	7362295	1
2022.12.07	12:00:00	143022	143366	141313	141924	3134894	10231190	1
2022.12.07	18:00:00	141924	142593	141872	142457	103695	269678	1
2022.12.08	06:00:00	142197	142593	140865	141931	2428144	6843844	1
2022.12.08	12:00:00	141924	142009	139001	139312	2949240	9803334	1
2022.12.08	18:00:00	139306	139546	139144	139248	91146	282853	1
2022.12.09	06:00:00	140170	140891	139202	140469	2334454	6566576	1
2022.12.09	12:00:00	140469	141248	139702	139741	1902972	5800228	1
2022.12.09	18:00:00	139741	140040	139618	140040	75618	204077	1
2022.12.12	06:00:00	140190	140190	134823	135473	2730746	7933059	1
2022.12.12	12:00:00	135473	137662	135051	137247	2551977	8748138	1
2022.12.12	18:00:00	137247	137260	136110	136123	143486	382663	1
2022.12.13	06:00:00	136402	139027	136181	137539	2808827	7218614	1
2022.12.13	12:00:00	137532	138234	133992	134115	3376679	10215036	1
2022.12.13	18:00:00	134115	134869	133953	134628	102122	261788	1
2022.12.14	06:00:00	133618	134038	132049	132131	2430914	6581284	1
2022.12.14	12:00:00	132131	135378	131705	134114	3950007	11333873	1
2022.12.14	18:00:00	134114	134959	134031	134279	109516	289650	1
2022.12.15	06:00:00	133478	136783	133059	135963	2475898	6635546	1
2022.12.15	12:00:00	135969	136262	133910	134107	3019398	9574942	1
2022.12.15	18:00:00	134114	134520	134063	134520	76755	210712	1
2022.12.16	06:00:00	133593	134724	132805	133694	2411597	6554502	1
2022.12.16	12:00:00	133701	133726	132309	132729	2647499	8119223	1
2022.12.16	18:00:00	132741	133161	132614	133072	106077	277148	1
2022.12.19	06:00:00	133440	134609	132417	133879	2392953	6574575	1
2022.12.19	12:00:00	133879	136039	133853	135512	2817300	8638453	1
2022.12.19	18:00:00	135512	135810	135423	135709	83674	248550	1
2022.12.20	06:00:00	135607	139184	134914	138860	2908641	8419549	1
2022.12.20	12:00:00	138860	139521	137895	138384	2938980	9518789	1
2022.12.20	18:00:00	138390	138962	138308	138943	80569	244212	1
2022.12.21	06:00:00	139426	139553	136948	138104	2966279	7914507	1
2022.12.21	12:00:00	138111	139242	137837	138962	2808861	8753942	1
2022.12.21	18:00:00	138962	139032	138778	138968	71663	199902	1
2022.12.22	06:00:00	138524	140074	138276	138619	2648853	7008153	1
2022.12.22	12:00:00	138613	139343	137494	139032	2893073	8610197	1
2022.12.22	18:00:00	139032	139337	138670	139019	92054	246849	1
2022.12.23	06:00:00	139235	141637	138886	141180	2611828	6592297	1
2022.12.23	12:00:00	141180	142114	140875	141688	2090584	6476354	1
2022.12.23	18:00:00	141694	141885	141358	141612	87607	289578	1
2022.12.26	06:00:00	141370	142050	139718	140385	1984230	4791933	1
2022.12.26	12:00:00	140385	140919	139845	140519	1586109	4000986	1
2022.12.26	18:00:00	140513	140640	140303	140455	68370	199352	1
2022.12.27	06:00:00	141288	141536	138454	139184	2207928	6033779	1
2022.12.27	12:00:00	139184	140697	138975	139966	2362155	7659819	1
2022.12.27	18:00:00	139966	140303	139909	139909	65598	193427	1
2022.12.28	06:00:00	140277	142317	140049	141701	2354007	6398394	1
2022.12.28	12:00:00	141701	142571	140951	142336	2483256	7607855	1
2022.12.28	18:00:00	142336	142705	142292	142635	86597	236471	1
2022.12.29	06:00:00	142438	143416	142031	142330	2334158	5903233	1
2022.12.29	12:00:00	142330	142660	141110	141599	2436939	6872671	1
2022.12.29	18:00:00	141599	141599	140913	141110	114415	336415	1
2023.01.02	06:00:00	140303	140538	136319	136960	1847940	4672190	1
2023.01.02	12:00:00	136960	137539	136389	136891	1798638	4891659	1
2023.01.02	18:00:00	136884	136960	136490	136490	47201	180877	1
2023.01.03	06:00:00	137189	137310	135321	136370	3000536	8119438	1
2023.01.03	12:00:00	136370	136649	133618	133847	2959594	9541344	1
2023.01.03	18:00:00	133847	134050	133402	133440	105069	315581	1
2023.01.04	06:00:00	134139	135092	133777	134374	2636189	7092982	1
2023.01.04	12:00:00	134368	136071	133631	135671	3399527	10554191	1
2023.01.04	18:00:00	135677	135829	135550	135817	63910	191685	1
2023.01.05	06:00:00	136338	137018	135537	136713	2368747	6755422	1
2023.01.05	12:00:00	136719	138702	136268	138517	2405149	8130141	1
2023.01.05	18:00:00	138517	138867	138447	138778	59882	232682	1
2023.01.06	06:00:00	138587	140830	138327	138968	2470658	6862599	1
2023.01.06	12:00:00	138968	140290	138682	140239	2263262	7344452	1
2023.01.06	18:00:00	140239	140621	140144	140557	64791	234896	1
2023.01.09	06:00:00	138949	140449	138269	139629	2390433	6630103	1
2023.01.09	12:00:00	139623	141440	139286	139877	2871251	8912042	1
2023.01.09	18:00:00	139871	140271	139852	140061	85633	248529	1
2023.01.10	06:00:00	139477	140989	139000	140576	2506130	7144655	1
2023.01.10	12:00:00	140582	142965	140023	142343	2608958	8696822	1
2023.01.10	18:00:00	142343	142641	142196	142196	74374	257420	1
2023.01.11	06:00:00	142273	143658	142025	143099	2595758	7685407	1
2023.01.11	12:00:00	143092	144783	142374	144624	2409428	7883152	1
2023.01.11	18:00:00	144624	145119	144567	144865	114674	340502	1
2023.01.12	06:00:00	143861	144420	142260	142501	2928794	7721335	1
2023.01.12	12:00:00	142501	144967	141949	143734	3167674	9519306	1
2023.01.12	18:00:00	143734	143829	143480	143594	75367	251670	1
2023.01.13	06:00:00	143137	143474	141580	142540	2438479	6976870	1
2023.01.13	12:00:00	142540	142800	141974	142330	2184976	6981912	1
2023.01.13	18:00:00	142324	142616	142279	142324	70186	224623	1
2023.01.16	06:00:00	141192	141879	139763	140385	2239200	6316731	1
2023.01.16	12:00:00	140385	140538	139420	139820	1923792	5738168	1
2023.01.16	18:00:00	139814	140004	139737	139737	46921	177374	1
2023.01.17	06:00:00	139794	142133	139718	141942	2360076	6762522	1
2023.01.17	12:00:00	141936	143175	141764	142978	2059684	6871618	1
2023.01.17	18:00:00	142972	143118	142813	142997	76285	248836	1
2023.01.18	06:00:00	143505	145030	143391	144459	2542367	7179699	1
2023.01.18	12:00:00	144465	145310	143734	143849	2933088	9309607	1
2023.01.18	18:00:00	143842	143963	143385	143607	92833	324596	1
2023.01.19	06:00:00	142018	144300	141707	143493	2383287	6636544	1
2023.01.19	12:00:00	143499	145094	142832	144592	2717958	8248430	1
2023.01.19	18:00:00	144586	144757	144262	144262	87353	275721	1
2023.01.20	06:00:00	144725	144891	143029	143544	2396124	6751698	1
2023.01.20	12:00:00	143550	144077	143150	143645	2191399	7208029	1
2023.01.20	18:00:00	143645	143683	143340	143683	85743	249950	1
2023.01.23	06:00:00	143861	144725	143118	144007	2563539	6969413	1
2023.01.23	12:00:00	144007	144579	142813	143188	2636629	8374542	1
2023.01.23	18:00:00	143188	143200	142686	142794	97805	296194	1
2023.01.24	06:00:00	142419	144376	142171	143258	2304352	6890592	1
2023.01.24	12:00:00	143258	144713	143143	144573	2247072	7424911	1
2023.01.24	18:00:00	144567	144878	144560	144751	106551	347833	1
2023.01.25	06:00:00	144211	144961	143188	143505	2331642	6550468	1
2023.01.25	12:00:00	143512	146365	143080	146219	2619745	8269861	1
2023.01.25	18:00:00	146225	146524	146206	146524	61897	215721	1
2023.01.26	06:00:00	146206	146892	145412	145736	2586633	7260485	1
2023.01.26	12:00:00	145736	146308	145221	146225	2194146	7266518	1
2023.01.26	18:00:00	146231	146282	145685	145685	67455	219990	1
2023.01.27	06:00:00	145933	146238	143728	144058	2181729	6484447	1
2023.01.27	12:00:00	144065	144338	143131	143753	2063219	6373002	1
2023.01.27	18:00:00	143747	143817	143385	143429	84641	251602	1
2023.01.30	06:00:00	143111	144401	142845	143245	2395947	6713679	1
2023.01.30	12:00:00	143251	143887	142813	143258	2281742	7216032	1
2023.01.30	18:00:00	143258	143721	143258	143690	83999	259694	1
2023.01.31	06:00:00	143169	144999	142959	144668	2263030	6463363	1
2023.01.31	12:00:00	144675	145215	144287	145183	1877846	5749661	1
2023.01.31	18:00:00	145183	145208	144776	144853	84952	256609	1
2023.02.01	06:00:00	144700	145018	142940	143042	2291226	6451253	1
2023.02.01	12:00:00	143048	143658	141262	142946	3288141	10225027	1
2023.02.01	18:00:00	142946	143353	142686	143264	123355	367062	1
2023.02.02	06:00:00	142463	144173	141059	142114	2655667	7382830	1
2023.02.02	12:00:00	142114	142222	139922	140373	2914780	9317971	1
2023.02.02	18:00:00	140373	140525	140074	140258	87285	278304	1
2023.02.03	06:00:00	139604	141021	139000	140455	2659040	7315906	1
2023.02.03	12:00:00	140443	140773	137844	138422	2809520	8642094	1
2023.02.03	18:00:00	138422	138492	138149	138308	77663	257167	1
2023.02.06	06:00:00	137698	138320	136992	137386	2593563	7304053	1
2023.02.06	12:00:00	137386	138702	136872	138473	2950795	9335821	1
2023.02.06	18:00:00	138473	138854	138308	138524	96416	306401	1
2023.02.07	06:00:00	138975	139407	137532	137996	2774195	7706033	1
2023.02.07	12:00:00	137996	138212	136535	137450	3405535	9928598	1
2023.02.07	18:00:00	137443	137462	137043	137380	96038	251463	1
2023.02.08	06:00:00	137888	139229	137825	138873	2566406	7553267	1
2023.02.08	12:00:00	138873	140411	138079	139833	3006287	9332714	1
2023.02.08	18:00:00	139833	140354	139794	140354	90218	309168	1
2023.02.09	06:00:00	140868	140900	138168	138212	2511476	7080545	1
2023.02.09	12:00:00	138212	139102	137151	137685	2934072	9377751	1
2023.02.09	18:00:00	137685	137837	137221	137374	98558	300017	1
2023.02.10	06:00:00	136808	138269	136134	137405	2423898	7162858	1
2023.02.10	12:00:00	137399	137888	136897	137507	2259734	7429559	1
2023.02.10	18:00:00	137507	137691	137323	137323	62764	204230	1
2023.02.13	06:00:00	137475	138841	136579	138752	2388499	7120128	1
2023.02.13	12:00:00	138752	138968	138136	138422	1939451	6465117	1
2023.02.13	18:00:00	138416	138714	138403	138714	70484	266364	1
2023.02.14	06:00:00	138968	139470	137831	138873	2696509	7846059	1
2023.02.14	12:00:00	138867	138962	136681	137094	2656379	8957368	1
2023.02.14	18:00:00	137094	137145	136846	136960	83979	243658	1
2023.02.15	06:00:00	137392	138706	136397	138243	2013989	6278641	1
2023.02.15	12:00:00	138249	140270	138105	139457	2229656	7858056	1
2023.02.15	18:00:00	139463	139701	139401	139476	66922	244638	1
2023.02.16	06:00:00	139569	139876	137736	138018	2244369	6682517	1
2023.02.16	12:00:00	138018	140464	137736	139857	2859435	10156559	1
2023.02.16	18:00:00	139857	140395	139645	140377	87252	362336	1
2023.02.17	06:00:00	139200	139444	138487	138900	2173946	6471172	1
2023.02.17	12:00:00	138906	139688	138712	138725	2263558	7544435	1
2023.02.17	18:00:00	138719	138887	138512	138512	57360	210036	1
2023.02.22	12:00:00	137499	137536	135484	136103	2529621	8310970	1
2023.02.22	18:00:00	136110	136178	135759	135759	65725	229675	1
2023.02.23	06:00:00	136529	138099	135959	137855	2110433	6541659	1
2023.02.23	12:00:00	137849	137899	135403	136679	2329351	8625309	1
2023.02.23	18:00:00	136679	136817	136610	136610	41894	166489	1
2023.02.24	06:00:00	135891	136516	134846	135040	2010350	6465222	1
2023.02.24	12:00:00	135040	135190	133645	134414	1945266	7231067	1
2023.02.24	18:00:00	134414	134502	134145	134502	63695	232197	1
2023.02.27	06:00:00	135084	135196	133738	134301	2175288	6442031	1
2023.02.27	12:00:00	134301	135077	133463	134076	2703924	9058212	1
2023.02.27	18:00:00	134076	134170	133795	133795	103635	419886	1
2023.02.28	06:00:00	134014	135471	133738	134014	2362675	6840229	1
2023.02.28	12:00:00	134014	134514	132956	132956	2833595	9379180	1
2023.02.28	18:00:00	132963	133075	132287	132318	117915	441005	1
2023.03.01	06:00:00	133088	133507	131449	131580	2531243	7826834	1
2023.03.01	12:00:00	131586	132456	130604	132343	2876573	9798224	1
2023.03.01	18:00:00	132343	132618	132187	132387	72631	267176	1
2023.03.02	06:00:00	132775	132963	131398	131949	2496425	7729764	1
2023.03.02	12:00:00	131949	132381	130760	130804	2652226	9014824	1
2023.03.02	18:00:00	130804	131011	130673	130760	97251	327876	1
2023.03.03	06:00:00	131161	132199	130829	132130	2221109	7180575	1
2023.03.03	12:00:00	132137	132356	131173	131361	2132127	7722002	1
2023.03.03	18:00:00	131361	131505	131280	131311	60566	203398	1
2023.03.06	06:00:00	131136	132037	130523	131136	2121205	6547066	1
2023.03.06	12:00:00	131148	133200	130917	132812	2361868	8594338	1
2023.03.06	18:00:00	132812	132844	132462	132612	84723	290666	1
2023.03.07	06:00:00	132706	133075	131836	132143	2165354	6773412	1
2023.03.07	12:00:00	132143	132174	130904	131880	2674643	8905502	1
2023.03.07	18:00:00	131874	132130	131799	132130	52677	179749	1
2023.03.08	06:00:00	132312	134364	131918	134183	2238672	6867350	1
2023.03.08	12:00:00	134189	135090	133939	134789	2134889	8052654	1
2023.03.08	18:00:00	134789	135140	134777	135140	87794	341902	1
2023.03.09	06:00:00	134702	135102	133957	134170	2238272	7037029	1
2023.03.09	12:00:00	134176	134908	132850	133100	2849487	10338324	1
2023.03.09	18:00:00	133100	133125	132450	132518	112297	389059	1
2023.03.10	06:00:00	132669	132825	130923	131799	2700409	7950369	1
2023.03.10	12:00:00	131799	132656	130329	130704	3001654	10282479	1
2023.03.10	18:00:00	130704	131073	130666	131073	83564	279887	1
2023.03.13	06:00:00	130823	131248	129052	131148	3334032	9866495	1
2023.03.13	12:00:00	131154	131292	129891	130422	3208408	10268047	1
2023.03.14	06:00:00	130948	131567	129822	130516	2752188	8438077	1
2023.03.14	12:00:00	130516	131042	129365	130060	2619281	8742880	1
2023.03.15	06:00:00	128508	128758	126988	127463	2866414	8383785	1
2023.03.15	12:00:00	127469	130053	127332	129697	3172137	10248267	1
2023.03.16	06:00:00	129622	130510	129159	130035	2599236	7597263	1
2023.03.16	12:00:00	130035	131104	129590	130610	2339816	7837967	1
2023.03.17	06:00:00	130479	130554	128051	128408	1790427	5685489	1
2023.03.17	12:00:00	128402	129246	128220	128420	1982912	7192353	1
2023.03.20	06:00:00	128583	128983	127294	128151	2274583	7096145	1
2023.03.20	12:00:00	128151	128226	126775	127182	1953031	7197157	1
2023.03.21	06:00:00	128170	128258	127050	127657	2076408	6569386	1
2023.03.21	12:00:00	127657	127820	127169	127432	1582469	5705767	1
2023.03.22	06:00:00	127319	127494	126318	127000	1763684	5607852	1
2023.03.22	12:00:00	127006	128445	125974	125974	2853111	9422758	1
2023.03.23	06:00:00	126074	127357	125211	125624	2198396	6900328	1
2023.03.23	12:00:00	125630	125768	121926	122070	2853974	9792295	1
2023.03.24	06:00:00	121814	123909	121688	123559	2404991	7561658	1
2023.03.24	12:00:00	123565	124967	123109	124554	2149378	8088487	1
2023.03.27	06:00:00	125073	125786	124535	125098	2106405	6443655	1
2023.03.27	12:00:00	125098	125786	124767	125630	1859303	6325138	1
2023.03.28	06:00:00	125255	127307	124842	126938	2071435	6789231	1
2023.03.28	12:00:00	126944	127713	126931	127507	1547241	5779697	1
2023.03.29	06:00:00	127945	128195	126675	127344	2190021	6784901	1
2023.03.29	12:00:00	127344	128477	125830	128114	2381852	8662369	1
2023.03.30	06:00:00	129734	130804	128921	129622	2512540	7689116	1
2023.03.30	12:00:00	129622	130729	129259	130698	1962459	6540536	1
2023.03.31	06:00:00	130135	130979	129353	129403	2339987	7044644	1
2023.03.31	12:00:00	129403	129421	127219	127501	2361676	8406327	1
2023.04.03	06:00:00	127932	128258	126206	126687	2242441	7054810	1
2023.04.03	12:00:00	126687	127538	126550	127357	1945307	7229476	1
2023.04.04	06:00:00	127864	129284	127357	128151	2252621	7472288	1
2023.04.04	12:00:00	128145	128358	127532	128014	2012174	7429697	1
2023.04.05	06:00:00	127826	128076	125198	125542	2662877	8669983	1
2023.04.05	12:00:00	125542	126844	125367	126231	2135343	8049108	1
2023.04.06	06:00:00	126381	127282	125955	126287	2222484	7026230	1
2023.04.06	12:00:00	126293	126794	125761	126794	1701682	6019307	1
2023.04.10	06:00:00	126543	128070	126187	127413	2013564	6657237	1
2023.04.10	12:00:00	127413	127964	127288	127776	1615654	5857321	1
2023.04.11	06:00:00	128258	132293	128183	131693	2635735	8281504	1
2023.04.11	12:00:00	131693	133776	131555	133476	2365107	8287229	1
2023.04.12	06:00:00	133236	134918	132843	133414	2541319	7460990	1
2023.04.12	12:00:00	133414	135661	133083	133721	2394000	8169341	1
2023.04.13	06:00:00	133844	134335	132966	133261	2531508	7647134	1
2023.04.13	12:00:00	133267	133752	132880	133046	1818084	6266699	1
2023.04.14	06:00:00	132923	133660	131100	132524	2592623	7758460	1
2023.04.14	12:00:00	132524	133764	132291	133598	1987081	7000414	1
2023.04.17	06:00:00	133697	133721	132370	132634	2285939	7238485	1
2023.04.17	12:00:00	132628	132862	132057	132530	1761988	6571517	1
2023.04.18	06:00:00	133132	134304	131296	132880	2464847	8137515	1
2023.04.18	12:00:00	132874	133046	131990	132370	1867557	7214440	1
2023.04.19	06:00:00	131302	131572	129847	130639	2366703	7449351	1
2023.04.19	12:00:00	130639	130676	129319	129976	1927446	6872747	1
2023.04.20	06:00:00	129546	130676	128607	130099	2532732	7990295	1
2023.04.20	12:00:00	130105	130627	129743	130332	1676977	6198706	1
2023.04.24	06:00:00	129730	130879	128754	129896	2356709	7526444	1
2023.04.24	12:00:00	129896	130222	129516	129896	1517606	5530717	1
2023.04.25	06:00:00	129393	129534	127919	128140	2350141	7329809	1
2023.04.25	12:00:00	128140	129559	127975	129559	1851586	6604017	1
2023.04.26	06:00:00	129135	129994	127778	128281	2108011	6854761	1
2023.04.26	12:00:00	128281	128478	127397	127975	1676532	6162678	1
2023.04.27	06:00:00	128263	128564	126998	127925	2219290	6994830	1
2023.04.27	12:00:00	127919	128533	127244	128263	1833433	6473918	1
2023.04.28	06:00:00	127950	129737	127551	128791	2267202	7311031	1
2023.04.28	12:00:00	128791	130123	128429	129239	1775205	6490563	1
2023.05.02	06:00:00	129147	129638	126691	126955	2469592	7707431	1
2023.05.02	12:00:00	126955	127084	126354	126354	1560779	6035758	1
2023.05.03	06:00:00	126710	127416	126139	126716	2493684	7880463	1
2023.05.03	12:00:00	126710	127379	126372	126599	2187467	7629915	1
2023.05.04	06:00:00	126661	128687	126169	126329	2591190	8278148	1
2023.05.04	12:00:00	126335	128281	125641	128140	2301802	8646683	1
2023.05.05	06:00:00	127827	128656	127404	128306	2291189	6991090	1
2023.05.05	12:00:00	128300	131321	128134	130872	2233265	8339350	1
2023.05.08	06:00:00	131511	132407	130829	132346	2286980	7402007	1
2023.05.08	12:00:00	132346	132659	131339	131413	2119193	7815812	1
2023.05.09	06:00:00	131143	133027	130860	132763	2131941	7191408	1
2023.05.09	12:00:00	132763	133912	132757	133476	1954515	7495653	1
2023.05.10	06:00:00	132923	133623	132113	132776	2453480	7834195	1
2023.05.10	12:00:00	132782	133844	132727	133703	1747151	6608843	1
2023.05.11	06:00:00	133003	133414	131959	132972	2164414	7319280	1
2023.05.11	12:00:00	132978	134986	132800	134212	2086961	8127494	1
2023.05.12	06:00:00	134212	134925	133150	134654	2163890	7266913	1
2023.05.12	12:00:00	134654	134949	134034	134642	1699480	6268068	1
2023.05.15	06:00:00	135195	135305	134268	134667	2048889	6475586	1
2023.05.15	12:00:00	134667	135532	134507	135225	1720882	6301415	1
2023.05.16	06:00:00	134888	136607	134648	135219	2252598	7825809	1
2023.05.16	12:00:00	135225	135594	133562	133905	2058958	8216581	1
2023.05.17	06:00:00	134335	136048	134028	135170	2409577	7927218	1
2023.05.17	12:00:00	135176	136073	134955	135925	1997661	7489538	1
2023.05.18	06:00:00	135624	135766	134519	135054	2335431	7893374	1
2023.05.18	12:00:00	135060	136631	135023	136472	1857900	7281096	1
2023.05.19	06:00:00	136398	137460	135790	137012	2082860	7393830	1
2023.05.19	12:00:00	137006	137681	136681	136852	1959557	7506183	1
2023.05.22	06:00:00	136607	138203	136300	136816	2359088	7490325	1
2023.05.22	12:00:00	136809	137233	136097	136613	1902002	7056680	1
2023.05.23	06:00:00	136140	137356	135753	137239	2189416	7238272	1
2023.05.23	12:00:00	137239	137712	135600	136417	2347215	9281185	1
2023.05.24	06:00:00	135888	136392	134280	135060	2128038	7427724	1
2023.05.24	12:00:00	135054	135563	134040	134986	1969871	7373501	1
2023.05.25	06:00:00	135434	137380	135318	136582	2627682	8458265	1
2023.05.25	12:00:00	136582	136773	135391	135876	2125642	7912212	1
2023.05.26	06:00:00	136668	138025	136558	137104	2247892	7497364	1
2023.05.26	12:00:00	137098	137798	135551	136938	2305424	8781863	1
2023.05.29	06:00:00	137282	137436	135968	136588	1658681	5097960	1
2023.05.29	12:00:00	136588	136791	135870	136134	1701485	5727418	1
2023.05.30	06:00:00	136515	137503	134304	134446	2477699	8236936	1
2023.05.30	12:00:00	134452	134869	133912	134237	2002415	7190419	1
2023.05.31	06:00:00	133758	134501	133445	133869	2310962	7611143	1
2023.05.31	12:00:00	133869	134661	133476	133605	2065846	7736321	1
2023.06.01	06:00:00	134507	135017	133494	134777	2176531	7015517	1
2023.06.01	12:00:00	134783	137012	134470	137006	2312075	8671085	1
2023.06.02	06:00:00	137380	139339	137288	138836	2149751	6810279	1
2023.06.02	12:00:00	138842	139271	138166	139001	1836665	7015821	1
2023.06.05	06:00:00	138694	139370	137534	138393	2110577	6975723	1
2023.06.05	12:00:00	138393	139198	138228	138793	1505731	5689538	1
2023.06.06	06:00:00	138529	140438	138510	140370	2203633	7125019	1
2023.06.06	12:00:00	140370	141580	140211	141580	2162655	8265945	1
2023.06.07	06:00:00	141948	142771	141654	141881	2246184	7275380	1
2023.06.07	12:00:00	141887	142661	141052	142544	2088242	7732738	1
2023.06.09	06:00:00	142882	144699	142857	144312	1996228	6801196	1
2023.06.09	12:00:00	144312	144687	143588	143845	1723424	6261964	1
2023.06.12	06:00:00	144220	144944	143440	144380	2088520	7000218	1
2023.06.12	12:00:00	144380	144822	144017	144637	1797545	6590941	1
2023.06.13	06:00:00	144834	145159	143735	144453	2177889	6858580	1
2023.06.13	12:00:00	144447	144515	142961	143888	2061468	7509414	1
2023.06.14	06:00:00	144431	145737	144123	145629	1937534	6138720	1
2023.06.14	12:00:00	145629	146659	144388	146153	3254578	11076286	1
2023.06.15	06:00:00	145575	147267	145551	146900	2113022	6317254	1
2023.06.15	12:00:00	146894	147159	145990	146785	2173414	7496834	1
2023.06.16	06:00:00	146779	147038	145466	146629	2100517	6520069	1
2023.06.16	12:00:00	146635	146707	145798	145846	1770860	6349281	1
2023.06.19	06:00:00	145804	147032	145551	146966	1976668	6171346	1
2023.06.19	12:00:00	146966	147544	146840	147538	1610707	5178196	1
2023.06.20	06:00:00	147032	147057	145418	145677	2340246	7237909	1
2023.06.20	12:00:00	145677	147081	145659	146960	2027052	6944613	1
2023.06.21	06:00:00	146900	147316	146406	147002	2381501	7301486	1
2023.06.21	12:00:00	147002	148008	146792	147833	2007526	6986197	1
2023.06.22	06:00:00	146713	147340	145364	145485	2423868	7190232	1
2023.06.22	12:00:00	145485	146370	144768	146370	2334237	8292030	1
2023.06.23	06:00:00	145635	146177	144924	145581	2320909	7138143	1
2023.06.23	12:00:00	145575	146472	145436	146015	2115767	7445775	1
2023.06.26	06:00:00	145707	145942	144437	144617	2224065	6807327	1
2023.06.26	12:00:00	144623	145316	143949	144491	1945420	6914323	1
2023.06.27	06:00:00	145316	146237	143250	143383	2887696	8707487	1
2023.06.27	12:00:00	143383	144220	142798	143870	2179200	7638472	1
2023.06.28	06:00:00	144129	144424	143262	143840	2521759	7657228	1
2023.06.28	12:00:00	143846	144491	142684	142828	2341406	8104262	1
2023.06.29	06:00:00	143485	144292	142594	143943	2241507	6873228	1
2023.06.29	12:00:00	143937	145491	143937	145472	2161584	7415546	1
2023.06.30	06:00:00	145587	146418	145244	145719	2443619	7265620	1
2023.06.30	12:00:00	145713	145900	143888	143949	2339019	8250236	1
2023.07.03	06:00:00	144533	146448	144431	146274	2203531	6849337	1
2023.07.03	12:00:00	146268	146647	146081	146526	1752978	5771111	1
2023.07.04	06:00:00	146286	146466	145412	145689	2108489	6545875	1
2023.07.04	12:00:00	145689	146159	145135	145629	1782715	5864226	1
2023.07.05	06:00:00	144997	146388	144226	145810	2620712	8128186	1
2023.07.05	12:00:00	145810	146942	145503	145960	2243027	8055937	1
2023.07.06	06:00:00	145756	145762	143075	143124	2754091	8347313	1
2023.07.06	12:00:00	143124	143870	142925	143527	2184582	7625482	1
2023.07.07	06:00:00	144051	145695	143587	144906	2623124	7875494	1
2023.07.07	12:00:00	144906	146015	144696	144696	1896852	6715048	1
2023.07.10	06:00:00	144467	144882	144021	144551	2258345	6992107	1
2023.07.10	12:00:00	144557	144912	143364	143473	2080254	7318537	1
2023.07.11	06:00:00	144214	144310	140973	141889	2607501	8182613	1
2023.07.11	12:00:00	141889	143587	141539	143587	2173484	7650545	1
2023.07.12	06:00:00	143955	145123	143515	144894	2613923	7396180	1
2023.07.12	12:00:00	144894	145039	142955	143105	2356880	7926396	1
2023.07.13	06:00:00	143822	145906	143720	145701	2575335	7368304	1
2023.07.13	12:00:00	145701	145966	145117	145117	1887649	6240785	1
2023.07.14	06:00:00	145430	145713	143690	144141	2361001	7156772	1
2023.07.14	12:00:00	144141	144424	143057	143298	2040856	6877146	1
2023.07.17	06:00:00	142985	143395	141913	142810	2448720	7495043	1
2023.07.17	12:00:00	142816	144184	142738	144039	1933305	6425332	1
2023.07.18	06:00:00	143949	144503	143069	144057	2730966	8055305	1
2023.07.18	12:00:00	144057	144159	142624	143310	2308319	8212977	1
2023.07.19	06:00:00	143527	143660	142268	142485	2519036	7536742	1
2023.07.19	12:00:00	142485	143587	141762	142925	2250408	7998430	1
2023.07.20	06:00:00	143286	143931	142672	143401	2602909	7892138	1
2023.07.20	12:00:00	143401	143822	143033	143762	1978070	6985443	1
2023.07.21	06:00:00	143467	146352	143148	145846	2633779	8264965	1
2023.07.21	12:00:00	145846	146394	145569	146394	1983986	7394487	1
2023.07.24	06:00:00	146021	147761	145756	147400	2692750	8010464	1
2023.07.24	12:00:00	147400	147936	146876	147821	2051011	7123499	1
2023.07.25	06:00:00	148351	149683	147960	148014	2565598	7952227	1
2023.07.25	12:00:00	148014	148737	147870	147984	2030275	6963510	1
2023.07.26	06:00:00	147743	148460	147225	147797	2410549	7092210	1
2023.07.26	12:00:00	147803	149002	147322	148376	2488714	8145707	1
2023.07.27	06:00:00	148954	149219	146406	146924	2453398	7540950	1
2023.07.27	12:00:00	146924	147189	144659	144816	2402628	8507967	1
2023.07.28	06:00:00	145527	146677	145039	145394	2349450	7307242	1
2023.07.28	12:00:00	145400	145864	145153	145418	1757586	6057401	1
2023.07.31	06:00:00	146225	147936	146002	147581	2093964	6636682	1
2023.07.31	12:00:00	147587	148014	147135	147749	2043422	6904320	1
2023.08.01	06:00:00	147231	147249	145762	146147	2565690	8303444	1
2023.08.01	12:00:00	146147	147147	145424	146502	2124028	7654402	1
2023.08.02	06:00:00	145792	146376	144870	145057	2633519	8310040	1
2023.08.02	12:00:00	145057	146779	145051	145930	2306595	8261570	1
2023.08.03	06:00:00	147249	148363	145852	146448	3264625	10231069	1
2023.08.03	12:00:00	146454	147129	145274	145400	2507159	9051330	1
2023.08.04	06:00:00	145370	146340	144129	146334	3174301	9939224	1
2023.08.04	12:00:00	146334	146882	143997	144406	2705525	10240176	1
2023.08.07	06:00:00	144744	145147	143678	143828	2718714	8319428	1
2023.08.07	12:00:00	143822	144671	143623	143985	2085285	7131346	1
2023.08.08	06:00:00	142955	143515	141678	143057	2846698	8735150	1
2023.08.08	12:00:00	143051	144412	143015	143648	2301266	7920268	1
2023.08.09	06:00:00	144238	144238	142503	142708	2868689	9321329	1
2023.08.09	12:00:00	142708	142985	142256	142889	2202242	8030271	1
2023.08.10	06:00:00	143467	144184	143081	143581	2603780	8214525	1
2023.08.10	12:00:00	143581	143599	142250	142250	2308715	8286678	1
2023.08.11	06:00:00	142563	143660	142178	143148	2444154	7796264	1
2023.08.11	12:00:00	143148	143376	141600	142491	2348653	8744738	1
2023.08.14	06:00:00	142347	142419	140588	140943	2549859	8119614	1
2023.08.14	12:00:00	140937	141606	140510	140588	2154416	7771960	1
2023.08.15	06:00:00	139817	141780	139504	140136	2956316	9474787	1
2023.08.15	12:00:00	140136	141046	139329	139450	2320433	8269147	1
2023.08.16	06:00:00	139881	141321	139520	141073	2493434	8114248	1
2023.08.16	12:00:00	141079	141115	138835	139148	2383152	8502720	1
2023.08.17	06:00:00	140022	140377	138948	138983	2493771	7906612	1
2023.08.17	12:00:00	138983	139261	138162	138475	2351507	8617221	1
2023.08.18	06:00:00	138168	138930	137690	138782	2599249	8480577	1
2023.08.18	12:00:00	138782	139243	138345	138493	2120355	7627808	1
2023.08.21	06:00:00	139178	139190	137324	137743	2506409	8198337	1
2023.08.21	12:00:00	137749	137944	137117	137141	2206210	7954724	1
2023.08.22	06:00:00	137944	139125	137708	138865	2475862	8150513	1
2023.08.22	12:00:00	138865	139822	138422	139762	2045546	7586466	1
2023.08.23	06:00:00	140318	141162	139668	141103	2245161	7509808	1
2023.08.23	12:00:00	141103	142314	141032	142243	1785426	6704801	1
2023.08.24	06:00:00	141835	141959	140784	140896	2175273	7543202	1
2023.08.24	12:00:00	140896	140967	140211	140684	2173744	7962829	1
2023.08.25	06:00:00	140571	140790	138700	138782	2742830	8468340	1
2023.08.25	12:00:00	138788	139438	138475	139007	2335050	7929721	1
2023.08.28	06:00:00	139355	139650	138841	139243	2300821	7181545	1
2023.08.28	12:00:00	139249	140760	139207	140589	2205253	8075862	1
2023.08.29	06:00:00	140447	142148	140335	141788	2291281	7409546	1
2023.08.29	12:00:00	141788	142125	141026	141812	2014746	6966284	1
2023.08.30	06:00:00	141623	142426	141321	141528	2320144	7266768	1
2023.08.30	12:00:00	141534	141877	140648	140814	1931690	6763044	1
2023.08.31	06:00:00	140896	141221	139089	139562	2448766	7713820	1
2023.08.31	12:00:00	139562	140312	138629	139054	2110123	7540093	1
2023.09.01	06:00:00	139833	141192	139125	140820	2375008	7362222	1
2023.09.01	12:00:00	140825	141268	140312	140619	1731963	5803590	1
2023.09.04	06:00:00	140896	141882	140595	141564	1973598	5877861	1
2023.09.04	12:00:00	141569	141646	140696	141056	1638226	5306706	1
2023.09.05	06:00:00	140607	140955	139438	140678	2702706	8781760	1
2023.09.05	12:00:00	140672	141103	140129	140601	2195262	7892682	1
2023.09.06	06:00:00	140424	141014	139331	139461	2564846	8377471	1
2023.09.06	12:00:00	139467	139556	138463	138605	1993487	7387985	1
2023.09.08	06:00:00	137377	138056	137034	137684	1915786	6026199	1
2023.09.08	12:00:00	137690	138139	137524	137708	1751640	6396230	1
2023.09.11	06:00:00	138670	139125	138257	138611	2070790	6718791	1
2023.09.11	12:00:00	138605	140005	138115	139999	2200962	8256701	1
2023.09.12	06:00:00	139999	141008	139703	140873	2255637	7475486	1
2023.09.12	12:00:00	140867	141121	140583	140583	1922953	7404024	1
2023.09.13	06:00:00	140489	142461	140259	142343	2576964	8563836	1
2023.09.13	12:00:00	142343	142497	140967	141127	1912996	7098429	1
2023.09.14	06:00:00	141841	142497	141629	142349	2380890	7877462	1
2023.09.14	12:00:00	142355	142839	141965	142172	1948748	7486431	1
2023.09.15	06:00:00	142609	142880	141853	142243	2098436	7188254	1
2023.09.15	12:00:00	142237	142302	141434	141705	1806095	6948953	1
2023.09.18	06:00:00	141428	142414	141050	142125	2231170	7653971	1
2023.09.18	12:00:00	142119	142296	140731	141239	1879372	7048193	1
2023.09.19	06:00:00	141345	141386	140447	140737	2262544	7672602	1
2023.09.19	12:00:00	140743	141192	140093	140365	2209317	9033458	1
2023.09.20	06:00:00	140583	142048	140507	141936	1945921	6889117	1
2023.09.20	12:00:00	141936	142550	141056	141168	2583054	10122067	1
2023.09.21	06:00:00	140188	140205	138233	138753	2622501	8677014	1
2023.09.21	12:00:00	138753	139207	137950	138044	2384204	9110179	1
2023.09.22	06:00:00	138723	139355	138339	138765	2131329	7295589	1
2023.09.22	12:00:00	138765	138806	137749	138310	1988813	8089438	1
2023.09.25	06:00:00	137471	137950	137206	137459	1887529	6223025	1
2023.09.25	12:00:00	137465	138333	137389	138186	1887997	7315725	1
2023.09.26	06:00:00	137648	137879	136432	137017	2281726	7890642	1
2023.09.26	12:00:00	137017	137023	135446	135588	2253352	9126008	1
2023.09.27	06:00:00	136290	136993	135847	136019	2028255	7204688	1
2023.09.27	12:00:00	136025	136196	134619	135782	2673005	10045596	1
2023.09.28	06:00:00	135818	136904	135458	136887	2684160	8744528	1
2023.09.28	12:00:00	136881	137731	136580	137672	2337319	8626284	1
2023.09.29	06:00:00	138139	139042	138091	138328	2250001	7614080	1
2023.09.29	12:00:00	138333	138641	137483	138446	2352604	8627985	1
2023.10.02	06:00:00	138180	138528	136521	136674	2362397	8267585	1
2023.10.02	12:00:00	136668	136881	136090	136503	2092967	7971354	1
2023.10.03	06:00:00	135818	136438	135174	135464	2637944	9089677	1
2023.10.03	12:00:00	135464	135712	134111	134188	2604485	9798223	1
2023.10.04	06:00:00	134979	135263	133952	134519	2583548	8536553	1
2023.10.04	12:00:00	134519	135322	134336	134377	2384706	8875870	1
2023.10.05	06:00:00	134637	135487	133804	133857	2589091	8630451	1
2023.10.05	12:00:00	133857	134418	133491	134342	2178585	8060661	1
2023.10.06	06:00:00	134401	134531	132109	133084	3272060	10233470	1
2023.10.06	12:00:00	133090	135576	133042	135464	2748706	10090167	1
2023.10.09	06:00:00	134188	134855	133975	134655	2224649	7409449	1
2023.10.09	12:00:00	134649	136639	134507	136633	2502027	9444077	1
2023.10.10	06:00:00	136881	138227	136698	137932	2326576	7643037	1
2023.10.10	12:00:00	137932	138393	137684	137896	2108547	8338836	1
2023.10.11	06:00:00	138528	139001	137772	137967	2349582	7844123	1
2023.10.11	12:00:00	137961	138729	137454	138658	2168024	8237876	1
2023.10.13	06:00:00	137353	138398	137253	137885	2269130	7373249	1
2023.10.13	12:00:00	137879	137979	136627	136851	2364884	8731810	1
2023.10.16	06:00:00	137471	138221	137111	137832	2515570	8306796	1
2023.10.16	12:00:00	137832	138180	137306	137495	2046079	7658873	1
2023.10.17	06:00:00	137164	137891	136479	137843	2486492	8468540	1
2023.10.17	12:00:00	137843	138144	136568	136668	2387694	9069655	1
2023.10.18	06:00:00	136261	136552	135150	135255	2155643	7330013	1
2023.10.18	12:00:00	135249	136162	134575	134633	2652410	10448161	1
2023.10.19	06:00:00	134516	135261	134406	134842	2381995	7945978	1
2023.10.19	12:00:00	134836	135994	134406	134545	3395614	13038517	1
2023.10.20	06:00:00	134307	134720	132818	133068	2554615	9348984	1
2023.10.20	12:00:00	133068	134179	132935	133493	2534853	9982494	1
2023.10.23	06:00:00	132935	133609	132347	133475	2521016	8800611	1
2023.10.23	12:00:00	133481	134197	132952	133313	2745519	10018947	1
2023.10.24	06:00:00	134220	134761	133784	134255	2598959	8753224	1
2023.10.24	12:00:00	134261	134726	133010	134284	2934573	11213321	1
2023.10.25	06:00:00	134226	134569	133220	133702	2445609	8096880	1
2023.10.25	12:00:00	133696	134057	132807	132958	2781757	10175816	1
2023.10.26	06:00:00	132388	134365	132225	134313	2722567	8590422	1
2023.10.26	12:00:00	134307	135802	133598	135761	3218464	11706578	1
2023.10.27	06:00:00	135697	135924	134999	135156	2492943	8425651	1
2023.10.27	12:00:00	135150	135645	132993	133714	3167908	12070241	1
2023.10.30	06:00:00	134400	134819	133126	133760	2361269	8417568	1
2023.10.30	12:00:00	133760	134051	132132	132365	2759539	10138839	1
2023.10.31	06:00:00	132888	133673	131917	133272	2741695	9507161	1
2023.10.31	12:00:00	133278	133737	132714	133377	2721565	10330842	1
2023.11.01	06:00:00	133214	135313	132853	135040	2460441	8324898	1
2023.11.01	12:00:00	135040	135976	134522	135976	3066390	11279658	1
2023.11.03	06:00:00	136976	139041	136918	138430	2483020	8452735	1
2023.11.03	12:00:00	138430	139431	138256	139326	2096049	8103525	1
2023.11.06	06:00:00	139169	139721	138942	139128	2005299	6914905	1
2023.11.06	12:00:00	139128	139617	138750	139372	2286977	8947956	1
2023.11.06	18:00:00	139378	139413	139227	139413	44685	208304	1
2023.11.07	06:00:00	138820	140152	138407	139937	2231050	7971331	1
2023.11.07	12:00:00	139937	140594	139692	140291	2298744	9151690	1
2023.11.07	18:00:00	140297	140297	140047	140094	52469	236507	1
2023.11.08	06:00:00	139820	141018	139692	140315	2163098	7856664	1
2023.11.08	12:00:00	140320	140390	139186	139960	2592190	10521856	1
2023.11.08	18:00:00	139960	139995	139867	139989	43286	182424	1
2023.11.09	06:00:00	140210	141280	139925	141216	2165503	7712215	1
2023.11.09	12:00:00	141222	141234	139024	139762	2994541	12022264	1
2023.11.09	18:00:00	139762	139919	139634	139919	38140	163420	1
2023.11.10	06:00:00	140210	141297	139937	141106	2157528	7389877	1
2023.11.10	12:00:00	141106	141914	140855	141675	2328823	8897453	1
2023.11.10	18:00:00	141681	141798	141571	141728	53934	207712	1
2023.11.13	06:00:00	141385	141460	140623	140664	1928583	6810451	1
2023.11.13	12:00:00	140669	141466	140582	141344	2067123	8400129	1
2023.11.13	18:00:00	141344	141507	141274	141455	49545	192790	1
2023.11.14	06:00:00	141408	145147	141379	144514	2287701	7554362	1
2023.11.14	12:00:00	144508	144769	144095	144717	2007736	7661583	1
2023.11.14	18:00:00	144723	145043	144607	144944	75392	297625	1
2023.11.16	06:00:00	144781	145665	144374	145136	2185035	7489087	1
2023.11.16	12:00:00	145130	146299	144822	146282	2536090	9800246	1
2023.11.16	18:00:00	146287	146357	146119	146357	58494	283409	1
2023.11.17	06:00:00	146363	146729	145933	146398	2022948	6805590	1
2023.11.17	12:00:00	146404	147067	146218	146293	2094470	7863507	1
2023.11.17	18:00:00	146287	146491	146241	146433	50831	177773	1
2023.11.20	06:00:00	146747	147253	146375	147154	1752658	6003496	1
2023.11.20	12:00:00	147154	147840	146956	147660	1962629	7458495	1
2023.11.20	18:00:00	147660	147852	147561	147834	57716	238899	1
2023.11.21	06:00:00	147474	147706	146741	147131	1984413	6863982	1
2023.11.21	12:00:00	147136	147392	146404	147241	2252203	8612603	1
2023.11.21	18:00:00	147247	147253	147078	147165	57960	249372	1
2023.11.22	06:00:00	147276	148567	147276	148148	2119653	7322718	1
2023.11.22	12:00:00	148154	148236	146840	147456	2567226	9722365	1
2023.11.22	18:00:00	147462	147584	147381	147549	44341	207613	1
2023.11.23	06:00:00	147253	148276	147008	148218	1633687	5460925	1
2023.11.23	12:00:00	148224	148352	147858	148154	1103325	4037580	1
2023.11.23	18:00:00	148160	148294	148102	148294	28283	148493	1
2023.11.24	06:00:00	148125	148137	146869	147398	1675607	5629501	1
2023.11.24	12:00:00	147392	147619	146601	146822	1710370	6623804	1
2023.11.24	18:00:00	146822	146950	146706	146950	42938	190788	1
2023.11.27	06:00:00	146665	147305	146433	146747	2098957	7345188	1
2023.11.27	12:00:00	146747	147102	145956	147003	2044838	7675397	1
2023.11.27	18:00:00	147003	147113	146968	147113	46200	218964	1
2023.11.28	06:00:00	146689	147666	146508	147584	2139081	7686268	1
2023.11.28	12:00:00	147578	148329	147526	147817	1890626	7814676	1
2023.11.28	18:00:00	147817	148009	147788	147951	53318	240841	1
2023.11.29	06:00:00	148183	148747	147538	147863	1764782	6503382	1
2023.11.29	12:00:00	147858	148166	147096	147154	2212551	9182592	1
2023.11.29	18:00:00	147154	147363	147125	147363	52556	233668	1
2023.11.30	06:00:00	147718	148596	147427	147712	1865302	6650763	1
2023.11.30	12:00:00	147712	148782	147282	148730	2086868	8199884	1
2023.11.30	18:00:00	148730	148840	148631	148666	65331	306224	1
2023.12.01	06:00:00	148986	149172	147799	148154	1823805	6159913	1
2023.12.01	12:00:00	148160	149637	148038	149463	2465961	9362089	1
2023.12.01	18:00:00	149468	149631	149422	149422	57729	226824	1
2023.12.04	06:00:00	148806	149108	148410	148637	1684495	5491815	1
2023.12.04	12:00:00	148637	148782	147730	147991	2254419	8549232	1
2023.12.04	18:00:00	147991	148079	147910	148079	54000	197366	1
2023.12.05	06:00:00	147834	148718	147514	148003	2155325	7335057	1
2023.12.05	12:00:00	148003	148648	147462	147910	2604522	9961929	1
2023.12.05	18:00:00	147910	147991	147799	147834	86053	325170	1
2023.12.06	06:00:00	148294	148742	147578	147648	1998022	6591000	1
2023.12.06	12:00:00	147654	147747	146427	146543	2405344	9266868	1
2023.12.06	18:00:00	146543	146566	146247	146247	76746	342183	1
2023.12.07	06:00:00	146479	147526	146357	146939	1755210	6118213	1
2023.12.07	12:00:00	146933	147189	146270	146683	2362014	9092794	1
2023.12.07	18:00:00	146689	146910	146671	146898	70899	236819	1
2023.12.08	06:00:00	147038	147718	146171	147509	2287927	8073948	1
2023.12.08	12:00:00	147514	148294	146491	148137	2390946	8867199	1
2023.12.08	18:00:00	148137	148154	147840	147997	52355	238642	1
2023.12.11	06:00:00	147863	148067	147212	147706	1767162	6437909	1
2023.12.11	12:00:00	147712	147974	147323	147799	1984322	8156947	1
2023.12.11	18:00:00	147799	147933	147759	147910	36180	156182	1
2023.12.12	06:00:00	148195	148404	146753	146886	1815975	6110940	1
2023.12.12	12:00:00	146886	147305	146566	147171	1812965	6773969	1
2023.12.12	18:00:00	147171	147270	147055	147165	78436	205629	1
2023.12.13	06:00:00	147165	147874	146737	147411	1617059	5370219	1
2023.12.13	12:00:00	147406	150934	146954	150848	2807260	10708898	1
2023.12.13	18:00:00	150848	151322	150665	151191	83066	368697	1
2023.12.14	06:00:00	151665	152495	151414	152043	1928347	6588703	1
2023.12.14	12:00:00	152037	152209	151471	152071	2024210	7900963	1
2023.12.14	18:00:00	152071	152129	151923	151991	50882	200682	1
2023.12.15	06:00:00	152209	152963	151282	151391	1792827	6112012	1
2023.12.15	12:00:00	151391	151711	150871	151197	1888703	7028540	1
2023.12.15	18:00:00	151202	151408	151197	151317	62610	213929	1
2023.12.18	06:00:00	151465	152140	151460	151877	1481740	5187175	1
2023.12.18	12:00:00	151877	152660	151791	152420	1608841	6151713	1
2023.12.18	18:00:00	152420	152426	152226	152226	62538	235646	1
2023.12.19	06:00:00	152266	153289	152106	153158	1316336	4609268	1
2023.12.19	12:00:00	153152	153261	152346	153163	2030189	8310060	1
2023.12.19	18:00:00	153158	153261	153066	153226	66744	259157	1
2023.12.20	06:00:00	152792	153609	152557	152723	1658147	5719252	1
2023.12.20	12:00:00	152718	153181	151557	151757	2368288	8994732	1
2023.12.20	18:00:00	151757	151831	151608	151785	92178	333646	1
2023.12.21	06:00:00	152523	153449	152403	152838	1700485	5606040	1
2023.12.21	12:00:00	152843	153352	152460	153278	2263137	8138183	1
2023.12.21	18:00:00	153278	153512	153272	153512	52911	195398	1
2023.12.22	06:00:00	153352	153804	153169	153215	1439195	5112012	1
2023.12.22	12:00:00	153215	154290	153135	153815	1683144	6883139	1
2023.12.22	18:00:00	153821	154067	153804	153804	52476	207160	1
2023.12.26	06:00:00	154107	154747	153832	154662	1138851	3705505	1
2023.12.26	12:00:00	154656	154953	154519	154827	1192620	4398718	1
2023.12.26	18:00:00	154833	155010	154787	154930	47277	202648	1
2023.12.27	06:00:00	154839	155130	154461	154873	1276380	4473144	1
2023.12.27	12:00:00	154867	155473	154856	155445	1434690	5780926	1
2023.12.27	18:00:00	155451	155639	155428	155605	49005	204144	1
2023.12.28	06:00:00	155273	155479	154867	155176	1320969	4449931	1
2023.12.28	12:00:00	155170	155622	155085	155291	1418843	5629607	1
2023.12.28	18:00:00	155291	155451	155210	155353	44906	188070	1
2024.01.02	06:00:00	154667	154782	153918	154690	1526675	5260266	1
2024.01.02	12:00:00	154690	154719	152723	153495	1986225	7809491	1
2024.01.02	18:00:00	153495	153587	153415	153501	55554	235270	1
2024.01.03	06:00:00	153152	153907	152803	153398	1671438	5904158	1
2024.01.03	12:00:00	153404	154553	153312	153764	2382078	8962247	1
2024.01.03	18:00:00	153764	153924	153615	153924	54474	206967	1
2024.01.04	06:00:00	153981	154055	151700	152300	1590548	5958531	1
2024.01.04	12:00:00	152300	152632	151397	151620	2240148	9024258	1
2024.01.04	18:00:00	151625	151763	151534	151557	75781	310790	1
2024.01.05	06:00:00	151305	152414	150768	152289	1982093	6887804	1
2024.01.05	12:00:00	152289	153284	151888	152575	2395641	9221961	1
2024.01.05	18:00:00	152575	152706	152495	152689	48325	196419	1
2024.01.08	06:00:00	151911	152134	151299	152037	1868716	6144508	1
2024.01.08	12:00:00	152043	153083	151826	152958	2148822	8353023	1
2024.01.08	18:00:00	152963	153295	152866	153295	67329	260670	1
2024.01.09	06:00:00	152655	152660	151362	151614	1998432	6920035	1
2024.01.09	12:00:00	151620	152123	151420	151734	2157033	8416042	1
2024.01.09	18:00:00	151734	151848	151591	151591	58895	240288	1
2024.01.10	06:00:00	151751	152163	150813	150962	1935693	6831551	1
2024.01.10	12:00:00	150956	151208	150488	150859	1973380	7639587	1
2024.01.10	18:00:00	150859	150996	150819	150848	44138	189474	1
2024.01.11	06:00:00	151008	151442	150213	150705	2515738	8097507	1
2024.01.11	12:00:00	150705	150996	149750	150796	2447267	8440304	1
2024.01.11	18:00:00	150802	150836	150579	150642	41221	190355	1
2024.01.12	06:00:00	150470	152140	150242	151545	1944277	6942224	1
2024.01.12	12:00:00	151540	151734	150711	151071	1883883	6812825	1
2024.01.12	18:00:00	151071	151231	150956	150956	48952	194638	1
2024.01.15	06:00:00	150602	150934	150104	150659	1319502	4777476	1
2024.01.15	12:00:00	150659	151751	150327	151723	1498519	6025038	1
2024.01.15	18:00:00	151728	151900	151643	151711	55612	226138	1
2024.01.16	06:00:00	150888	150962	149475	149556	2068739	7478868	1
2024.01.16	12:00:00	149556	149784	148692	148955	2476761	9645581	1
2024.01.16	18:00:00	148949	148995	148681	148744	63017	246311	1
2024.01.17	06:00:00	148206	148852	147497	148435	2019423	7046248	1
2024.01.17	12:00:00	148435	148675	147680	148115	1958893	7579646	1
2024.01.17	18:00:00	148120	148120	147692	147714	62033	258487	1
2024.01.18	06:00:00	148355	148892	147034	147371	1922247	7241455	1
2024.01.18	12:00:00	147366	147371	146525	146554	1984561	8109135	1
2024.01.18	18:00:00	146548	146628	146422	146434	68967	287863	1
2024.01.19	06:00:00	147165	147394	145730	146010	1839862	6791000	1
2024.01.19	12:00:00	146016	147063	145570	146931	1923229	8114840	1
2024.01.19	18:00:00	146931	147028	146639	146662	55307	244083	1
2024.01.22	06:00:00	146891	147080	146010	146960	1867574	6946153	1
2024.01.22	12:00:00	146960	147114	144753	145690	2198538	8962952	1
2024.01.22	18:00:00	145690	145696	145313	145519	55262	240186	1
2024.01.23	06:00:00	145919	146800	145782	146439	2003305	7493309	1
2024.01.23	12:00:00	146434	147571	146091	147560	2117312	8505882	1
2024.01.23	18:00:00	147554	147697	147457	147554	55443	238961	1
2024.01.24	06:00:00	148389	148909	147777	147789	1721684	6571393	1
2024.01.24	12:00:00	147783	148126	146719	146828	2437898	10167057	1
2024.01.24	18:00:00	146828	146891	146662	146737	58666	241583	1
2024.01.25	06:00:00	147223	147823	146880	147812	1739986	6430932	1
2024.01.25	12:00:00	147817	147880	146834	147240	2182843	8633842	1
2024.01.25	18:00:00	147240	147326	147040	147143	56738	247022	1
2024.01.26	06:00:00	147663	148349	146800	147646	1962438	6904326	1
2024.01.26	12:00:00	147640	148441	147217	148035	2006835	7717157	1
2024.01.26	18:00:00	148029	148126	147892	147892	56240	215741	1
2024.01.29	06:00:00	148240	148269	147023	147303	1757136	6281644	1
2024.01.29	12:00:00	147303	147657	146742	147606	2255474	8730455	1
2024.01.29	18:00:00	147611	147634	147388	147634	59605	240332	1
2024.01.30	06:00:00	147314	147817	146228	146548	1872710	7031933	1
2024.01.30	12:00:00	146554	146594	145799	146285	2333045	9508576	1
2024.01.30	18:00:00	146285	146291	145988	145988	72793	304337	1
2024.01.31	06:00:00	145913	147909	145839	147554	1931132	7366539	1
2024.01.31	12:00:00	147554	148732	146622	146777	2905498	11710376	1
2024.01.31	18:00:00	146771	146794	146262	146365	79647	338194	1
2024.02.01	06:00:00	146931	147206	146434	146765	1826536	6801140	1
2024.02.01	12:00:00	146771	147194	145856	147171	2511450	9882236	1
2024.02.01	18:00:00	147177	147463	147131	147280	61363	263845	1
2024.02.02	06:00:00	147560	147840	145410	145593	2073976	7815688	1
2024.02.02	12:00:00	145587	146142	145073	145787	2066788	8373623	1
2024.02.02	18:00:00	145787	145913	145667	145896	56106	222803	1
2024.02.05	06:00:00	145599	146462	145444	145828	1693501	6174129	1
2024.02.05	12:00:00	145839	146456	144787	146193	2288074	9528392	1
2024.02.05	18:00:00	146193	146336	146102	146148	62014	255812	1
2024.02.06	06:00:00	146371	148629	146228	148561	1989149	7427382	1
2024.02.06	12:00:00	148561	149613	148355	149567	1996238	8321674	1
2024.02.06	18:00:00	149578	149933	149481	149933	117173	471610	1
2024.02.07	06:00:00	149407	149407	148258	148704	1950710	7307582	1
2024.02.07	12:00:00	148709	149007	148155	148881	2178513	8670450	1
2024.02.07	18:00:00	148881	148892	148601	148715	58048	236911	1
2024.02.08	06:00:00	148475	148887	147291	147366	1913829	6953715	1
2024.02.08	12:00:00	147366	147388	146325	146565	2222896	9049070	1
2024.02.08	18:00:00	146571	146834	146491	146697	80633	307748	1
2024.02.09	06:00:00	147063	147543	146113	146840	2121213	7985710	1
2024.02.09	12:00:00	146840	146897	145890	146411	2006225	7897857	1
2024.02.09	18:00:00	146416	146685	146279	146445	80700	280522	1
2024.02.14	12:00:00	145456	145849	144720	145085	2134178	8024289	1
2024.02.14	18:00:00	145085	145237	145040	145209	49158	197567	1
2024.02.15	06:00:00	145507	145821	144967	145383	1930319	6979735	1
2024.02.15	12:00:00	145383	146024	145164	145951	2142967	8139019	1
2024.02.15	18:00:00	145951	145995	145810	145995	42793	199603	1
2024.02.16	06:00:00	146310	147074	145759	146203	2077884	7975164	1
2024.02.16	12:00:00	146203	147417	146164	147013	1999588	7753783	1
2024.02.16	18:00:00	147018	147080	146951	147041	47907	219951	1
2024.02.19	06:00:00	146630	146754	146203	146608	1342972	4971601	1
2024.02.19	12:00:00	146608	147198	146507	147136	1301444	5093261	1
2024.02.19	18:00:00	147142	147305	147142	147271	44492	229117	1
2024.02.20	06:00:00	146552	148052	146203	147940	1950673	7581096	1
2024.02.20	12:00:00	147940	148226	147726	148210	1947452	8012588	1
2024.02.20	18:00:00	148215	148434	148181	148434	72973	336897	1
2024.02.21	06:00:00	147816	148339	147749	148035	1849339	6747341	1
2024.02.21	12:00:00	148035	148367	147473	148344	2341221	8939632	1
2024.02.21	18:00:00	148350	148631	148226	148631	56701	269015	1
2024.02.22	06:00:00	149423	149480	148434	148569	1693507	6154881	1
2024.02.22	12:00:00	148569	149036	148153	148316	2184004	8798920	1
2024.02.22	18:00:00	148316	148474	148299	148417	59103	247920	1
2024.02.23	06:00:00	148648	148895	147743	147878	1597710	6208893	1
2024.02.23	12:00:00	147872	147968	147074	147440	1965954	8258288	1
2024.02.23	18:00:00	147434	147811	147395	147811	55108	225728	1
2024.02.26	06:00:00	147496	148114	147074	147844	1514498	5525512	1
2024.02.26	12:00:00	147844	148041	147142	147709	1800057	7391238	1
2024.02.26	18:00:00	147698	147827	147552	147552	54084	219574	1
2024.02.27	06:00:00	148187	149513	148165	149451	1571632	5858371	1
2024.02.27	12:00:00	149446	150137	149440	150081	1679260	6869576	1
2024.02.27	18:00:00	150086	150154	149901	149901	74595	306073	1
2024.02.28	06:00:00	149367	149570	148783	148929	1708113	6194735	1
2024.02.28	12:00:00	148929	149249	147704	148170	2347233	9341961	1
2024.02.28	18:00:00	148170	148226	147985	148159	73716	266338	1
2024.02.29	06:00:00	148580	148659	146720	147041	1893545	7294260	1
2024.02.29	12:00:00	147041	147310	146411	146782	2026392	8076435	1
2024.02.29	18:00:00	146777	147114	146726	147007	79109	311776	1
2024.03.01	06:00:00	147198	147586	146366	146417	1630934	6003071	1
2024.03.01	12:00:00	146417	147563	146411	147024	2008917	7803690	1
2024.03.01	18:00:00	147024	147074	146670	146670	58908	233404	1
2024.03.04	06:00:00	146872	147091	145956	146097	1598004	5656935	1
2024.03.04	12:00:00	146091	146428	145816	145984	1558323	6280870	1
2024.03.04	18:00:00	145984	146029	145900	145900	57633	209050	1
2024.03.05	06:00:00	145771	146288	145686	145934	1730330	6328834	1
2024.03.05	12:00:00	145939	146692	145287	145709	2265789	9086826	1
2024.03.05	18:00:00	145709	145827	145580	145827	62374	232787	1
2024.03.06	06:00:00	146305	146827	145973	146445	1760098	6269039	1
2024.03.06	12:00:00	146445	146979	146046	146456	2422546	9929759	1
2024.03.06	18:00:00	146462	146563	146355	146406	62545	225588	1
2024.03.07	06:00:00	146760	146799	145518	145608	1722406	6303044	1
2024.03.07	12:00:00	145608	145900	145400	145827	1830570	7733608	1
2024.03.07	18:00:00	145827	145877	145670	145754	56201	223297	1
2024.03.08	06:00:00	143298	143956	142849	143725	2030291	7240572	1
2024.03.08	12:00:00	143725	144849	143714	144315	2734609	11180574	1
2024.03.08	18:00:00	144315	144400	144119	144203	81974	290048	1
2024.03.11	06:00:00	143517	144130	143000	144006	2114879	7834275	1
2024.03.11	12:00:00	144006	144012	143079	143382	2043243	8255031	1
2024.03.11	18:00:00	143382	143405	143264	143366	48213	108584	1
2024.03.12	06:00:00	143714	144810	143641	144130	2383872	8466508	1
2024.03.12	12:00:00	144124	145349	144057	144922	2214685	8500956	1
2024.03.12	18:00:00	144911	145029	144877	144877	30485	98634	1
2024.03.13	06:00:00	144917	145557	144400	145068	2009534	7353188	1
2024.03.13	12:00:00	145068	145816	145040	145355	1928791	7785119	1
2024.03.13	18:00:00	145349	145523	145316	145349	49565	120687	1
2024.03.14	06:00:00	145602	145636	144529	144990	2218821	8219727	1
2024.03.14	12:00:00	144995	145119	144164	144905	2109267	8757064	1
2024.03.14	18:00:00	144905	145012	144888	144984	41878	105110	1
2024.03.15	06:00:00	144905	145051	143714	143804	2074456	7891071	1
2024.03.15	12:00:00	143804	143905	143315	143512	1623963	6869483	1
2024.03.15	18:00:00	143500	143517	143253	143287	79020	168018	1
2024.03.18	06:00:00	144085	144512	143040	143113	1981875	7558248	1
2024.03.18	12:00:00	143113	143866	143062	143647	1599838	6983013	1
2024.03.18	18:00:00	143647	143736	143562	143641	56944	127266	1
2024.03.19	06:00:00	143686	144697	143410	144607	2007546	7629011	1
2024.03.19	12:00:00	144602	144956	144220	144411	1981223	8805092	1
2024.03.19	18:00:00	144405	144579	144405	144518	54309	127623	1
2024.03.20	06:00:00	144377	144917	144051	144355	2012936	7424351	1
2024.03.20	12:00:00	144349	146569	144287	146479	2788617	11194119	1
2024.03.20	18:00:00	146473	146844	146456	146563	83404	183864	1
2024.03.21	06:00:00	146479	146681	145214	145338	1636873	6406932	1
2024.03.21	12:00:00	145338	145372	144832	144883	1471791	6359281	1
2024.03.21	18:00:00	144883	144922	144793	144855	49019	129554	1
2024.03.22	06:00:00	144799	144827	143860	144119	2048544	7483853	1
2024.03.22	12:00:00	144113	144349	143439	143618	1740176	7316429	1
2024.03.22	18:00:00	143624	143624	143455	143455	34429	98152	1
2024.03.25	06:00:00	143579	143815	143068	143506	1928343	6727582	1
2024.03.25	12:00:00	143506	143765	143242	143410	1372033	5685029	1
2024.03.25	18:00:00	143416	143472	143360	143371	47743	105973	1
2024.03.26	06:00:00	143467	143731	142854	143410	1932822	6884242	1
2024.03.26	12:00:00	143410	143793	143326	143444	1516644	6150877	1
2024.03.26	18:00:00	143444	143478	143394	143450	39094	96921	1
2024.03.27	06:00:00	143635	143680	142545	143214	1751249	6625650	1
2024.03.27	12:00:00	143208	144400	143174	144096	1684229	7909143	1
2024.03.27	18:00:00	144096	144175	143883	143883	30398	107185	1
2024.03.28	06:00:00	143798	144742	143652	144686	1584822	6003198	1
2024.03.28	12:00:00	144681	145001	144394	144725	1597183	6706191	1
2024.03.28	18:00:00	144720	144804	144652	144692	55392	129657	1
2024.04.01	06:00:00	144860	145276	143804	143911	1656321	6310851	1
2024.04.01	12:00:00	143916	143927	143079	143281	1597041	7064394	1
2024.04.01	18:00:00	143287	143343	143191	143298	69613	151534	1
2024.04.02	06:00:00	143467	143703	142832	143169	2211581	8415938	1
2024.04.02	12:00:00	143174	144040	142882	143849	1724256	7520879	1
2024.04.02	18:00:00	143854	143860	143590	143590	28435	103089	1
2024.04.03	06:00:00	143394	143787	142275	142663	2139343	8481524	1
2024.04.03	12:00:00	142663	144096	142506	143484	1961459	8796555	1
2024.04.03	18:00:00	143484	143568	143478	143534	39720	83241	1
2024.04.04	06:00:00	143793	145861	143568	144742	2382301	9863736	1
2024.04.04	12:00:00	144742	146237	143360	143630	2806944	11584059	1
2024.04.04	18:00:00	143618	143686	143394	143478	70306	154866	1
2024.04.05	06:00:00	143731	144310	142461	142938	2676095	9714942	1
2024.04.05	12:00:00	142944	143467	142438	142804	2410418	10448997	1
2024.04.05	18:00:00	142804	142933	142613	142933	70047	148190	1
2024.04.08	06:00:00	143130	144692	142759	144619	2005496	7299973	1
2024.04.08	12:00:00	144619	145619	144596	145321	2062541	8670991	1
2024.04.08	18:00:00	145321	145417	144973	144973	92536	215270	1
2024.04.09	06:00:00	145377	146462	145248	145939	2398628	9078568	1
2024.04.09	12:00:00	145939	146501	145529	146338	2324465	9527960	1
2024.04.09	18:00:00	146338	146541	146316	146423	62649	139524	1
2024.04.10	06:00:00	146782	147659	144866	145096	3188378	11008948	1
2024.04.10	12:00:00	145096	145169	143765	144152	2569303	10849425	1
2024.04.10	18:00:00	144152	144225	143989	144225	48012	115953	1
2024.04.11	06:00:00	143804	144225	142961	143304	2372739	8601918	1
2024.04.11	12:00:00	143309	143899	142916	143321	2240198	9644990	1
2024.04.11	18:00:00	143326	143433	143231	143231	44921	98084	1
2024.04.12	06:00:00	143579	143714	142624	142646	2524863	9168151	1
2024.04.12	12:00:00	142646	143096	141303	141691	2444153	10051545	1
2024.04.12	18:00:00	141691	141713	141556	141579	41816	97786	1
2024.04.15	06:00:00	142247	142495	141213	141612	2631784	9520425	1
2024.04.15	12:00:00	141612	141944	140573	140814	2662318	10690481	1
2024.04.15	18:00:00	140814	140870	140674	140691	75114	154070	1
2024.04.16	06:00:00	140691	140702	139089	139921	2577924	9778897	1
2024.04.16	12:00:00	139915	140719	139488	139629	3111281	12435915	1
2024.04.16	18:00:00	139629	139645	139381	139381	24585	85925	1
2024.04.17	06:00:00	140367	140905	139365	139520	2306469	8105673	1
2024.04.17	12:00:00	139509	139980	138805	139276	2668517	10441636	1
2024.04.17	18:00:00	139270	139614	139265	139525	59779	128424	1
2024.04.18	06:00:00	140013	140511	138872	139908	2608691	9390122	1
2024.04.18	12:00:00	139908	140046	138484	139359	2530049	10250159	1
2024.04.18	18:00:00	139354	139453	139282	139426	50241	116567	1
2024.04.19	06:00:00	138921	140899	138883	140705	2452935	9006152	1
2024.04.19	12:00:00	140711	140860	139996	140401	2163940	8529833	1
2024.04.19	18:00:00	140401	140561	140351	140489	45181	111934	1
2024.04.22	06:00:00	141038	141060	139741	140345	2339905	8573258	1
2024.04.22	12:00:00	140345	141437	140251	140833	2056510	8285123	1
2024.04.22	18:00:00	140833	141243	140811	141137	45326	110719	1
2024.04.23	06:00:00	140739	140755	139337	139758	2716191	9677300	1
2024.04.23	12:00:00	139752	141193	139686	140345	2165316	8773858	1
2024.04.23	18:00:00	140351	140434	140234	140234	37576	95910	1
2024.04.24	06:00:00	140755	141043	139885	140085	2390602	8335278	1
2024.04.24	12:00:00	140079	140245	139608	139880	2118557	8443195	1
2024.04.24	18:00:00	139880	139896	139764	139841	37181	114741	1
2024.04.25	06:00:00	139509	140993	138539	139293	2852290	10017175	1
2024.04.25	12:00:00	139293	139813	139221	139475	2272384	8866716	1
2024.04.25	18:00:00	139475	139575	139459	139481	35292	85258	1
2024.04.26	06:00:00	140434	141730	139880	141509	2453151	8189489	1
2024.04.26	12:00:00	141514	142096	141392	141752	1566425	6263774	1
2024.04.26	18:00:00	141758	142024	141686	141819	73027	193803	1
2024.04.29	06:00:00	141808	142268	141509	142179	2169849	7670953	1
2024.04.29	12:00:00	142184	142628	141874	142522	2146418	7997805	1
2024.04.29	18:00:00	142528	142677	142506	142583	49881	116732	1
2024.04.30	06:00:00	142173	142506	141187	141215	2381596	8692500	1
2024.04.30	12:00:00	141221	141326	140838	141198	2040326	7905115	1
2024.04.30	18:00:00	141204	141209	141099	141099	46770	115546	1
2024.05.02	06:00:00	142013	142744	141686	142201	2257494	8473123	1
2024.05.02	12:00:00	142207	142966	141835	142340	2154513	8730942	1
2024.05.02	18:00:00	142334	142362	142118	142118	52261	137404	1
2024.05.03	06:00:00	142317	144384	141647	143830	2993220	10467354	1
2024.05.03	12:00:00	143835	144218	143558	144123	1662058	6652379	1
2024.05.03	18:00:00	144123	144356	144079	144229	50251	178539	1
2024.05.06	06:00:00	144495	144572	143459	144345	2030018	7285692	1
2024.05.06	12:00:00	144345	144439	143664	143835	1831151	7503564	1
2024.05.06	18:00:00	143841	143880	143669	143669	51308	133424	1
2024.05.07	06:00:00	143669	145043	143592	144965	2223723	8392024	1
2024.05.07	12:00:00	144971	145115	144323	144478	1652163	6707613	1
2024.05.07	18:00:00	144478	144578	144400	144428	42460	117225	1
2024.05.08	06:00:00	143924	144478	143093	144179	2146048	8182283	1
2024.05.08	12:00:00	144184	144805	144129	144705	1794035	7705415	1
2024.05.08	18:00:00	144716	145713	144705	145060	91585	256267	1
2024.05.09	06:00:00	143592	143619	142245	142672	2599674	9300812	1
2024.05.09	12:00:00	142666	143575	142495	143420	2192052	8482298	1
2024.05.09	18:00:00	143409	143669	143409	143647	50962	166134	1
2024.05.10	06:00:00	143592	144062	142761	142849	2505314	9003212	1
2024.05.10	12:00:00	142844	142999	142400	142672	1747296	7178538	1
2024.05.10	18:00:00	142672	142727	142567	142628	41398	134426	1
2024.05.13	06:00:00	143226	143724	142539	143226	2032068	7182306	1
2024.05.13	12:00:00	143231	143331	142733	143248	2019949	7957648	1
2024.05.13	18:00:00	143254	143326	143198	143259	34414	109388	1
2024.05.14	06:00:00	142611	143996	142384	143907	2823998	10177911	1
2024.05.14	12:00:00	143902	143913	143176	143575	1785421	7461751	1
2024.05.14	18:00:00	143586	143747	143553	143741	38025	109918	1
2024.05.15	06:00:00	142074	143093	141387	142434	2809505	10170697	1
2024.05.15	12:00:00	142434	143182	142040	143015	2095397	8588702	1
2024.05.15	18:00:00	143021	143259	142927	143159	57785	173887	1
2024.05.16	06:00:00	143115	144029	142594	143121	2366231	8762513	1
2024.05.16	12:00:00	143126	143442	142733	143110	1999339	8173759	1
2024.05.16	18:00:00	143115	143132	142954	143043	55027	143636	1
2024.05.17	06:00:00	143315	143342	142284	142755	2304356	8386188	1
2024.05.17	12:00:00	142755	143121	142461	143043	1496059	6214164	1
2024.05.17	18:00:00	143043	143148	142932	143148	43845	125063	1
2024.05.20	06:00:00	143315	143337	142002	143010	2487799	9308643	1
2024.05.20	12:00:00	143010	143514	142273	142533	1590895	6682594	1
2024.05.20	18:00:00	142533	142533	142284	142351	59281	148962	1
2024.05.21	06:00:00	142484	142871	141891	142162	3044972	11098950	1
2024.05.21	12:00:00	142162	142373	141669	141902	2177961	8902361	1
2024.05.21	18:00:00	141907	142118	141824	142046	48014	136949	1
2024.05.22	06:00:00	141819	141863	140412	140583	2703818	10139927	1
2024.05.22	12:00:00	140583	140877	139631	139647	2507385	9956920	1
2024.05.22	18:00:00	139653	139692	139160	139248	118534	325130	1
2024.05.23	06:00:00	139769	140101	138606	138700	2831081	10392890	1
2024.05.23	12:00:00	138700	139043	138462	138855	2175225	8402040	1
2024.05.23	18:00:00	138849	139082	138811	138994	57662	153157	1
2024.05.24	06:00:00	139215	139514	138861	139138	2328084	8061406	1
2024.05.24	12:00:00	139138	139165	138174	138235	1742196	6771042	1
2024.05.24	18:00:00	138235	138262	137952	137952	69445	168458	1
2024.05.27	06:00:00	138284	138589	137996	138201	1937719	6633975	1
2024.05.27	12:00:00	138201	138545	138118	138440	1153994	4301498	1
2024.05.27	18:00:00	138445	138550	138428	138495	40246	97423	1
2024.05.28	06:00:00	138955	139824	138462	138550	2339161	8986785	1
2024.05.28	12:00:00	138550	138844	137309	137343	2379154	9934047	1
2024.05.28	18:00:00	137343	137387	137210	137348	68964	184689	1
2024.05.29	06:00:00	137077	137237	136129	136744	2144029	7982775	1
2024.05.29	12:00:00	136750	136855	136168	136462	1900639	7877737	1
2024.05.29	18:00:00	136456	136722	136417	136667	40524	135033	1
2024.05.31	06:00:00	136667	136789	135581	135664	2156639	7973278	1
2024.05.31	12:00:00	135659	136019	135409	135902	1665982	6722397	1
2024.05.31	18:00:00	135897	136052	135891	135969	38830	138862	1
2024.06.03	06:00:00	136124	136190	134872	135775	2441875	8755299	1
2024.06.03	12:00:00	135780	136068	135127	135382	1946120	7657192	1
2024.06.03	18:00:00	135376	135382	135138	135177	48986	142115	1
2024.06.04	06:00:00	134861	135376	134196	134562	2760439	9511293	1
2024.06.04	12:00:00	134562	135382	134495	135276	2142016	8536211	1
2024.06.04	18:00:00	135265	135459	135221	135221	54190	160495	1
2024.06.05	06:00:00	135509	135592	134567	135238	2386760	8688785	1
2024.06.05	12:00:00	135232	135548	134517	134711	2113816	8571574	1
2024.06.05	18:00:00	134706	134772	134617	134634	48637	134112	1
2024.06.06	06:00:00	134839	136107	134490	135969	2381898	8511099	1
2024.06.06	12:00:00	135969	136794	135952	136456	1994111	8431857	1
2024.06.06	18:00:00	136456	136606	136285	136285	63601	156768	1
2024.06.07	06:00:00	136224	136750	134750	135321	2618551	8855129	1
2024.06.07	12:00:00	135326	135370	133697	133797	2420220	10051411	1
2024.06.07	18:00:00	133797	133814	133382	133625	89986	241348	1
2024.06.10	06:00:00	133725	134617	133526	134301	2453639	8817679	1
2024.06.10	12:00:00	134301	134401	133686	134024	2133485	8602155	1
2024.06.10	18:00:00	134019	134213	134013	134163	60531	161531	1
2024.06.11	06:00:00	133509	134894	133304	134600	2713861	9489051	1
2024.06.11	12:00:00	134600	135016	134395	134866	1956556	7537514	1
2024.06.11	18:00:00	134866	135038	134794	134839	60303	167104	1
2024.06.12	06:00:00	134632	135972	132675	133062	3199495	10713733	1
2024.06.12	12:00:00	133067	133585	132260	132538	2785545	10438140	1
2024.06.12	18:00:00	132538	132620	132408	132593	55475	149082	1
2024.06.13	06:00:00	132811	133280	131983	132211	2894084	9560381	1
2024.06.13	12:00:00	132211	133051	131933	132326	2465380	9314017	1
2024.06.13	18:00:00	132320	132462	132282	132337	36413	102900	1
2024.06.14	06:00:00	132233	132615	131459	132528	2631989	8928523	1
2024.06.14	12:00:00	132522	133127	131923	132479	2223540	8249916	1
2024.06.14	18:00:00	132479	132577	132391	132577	34429	90308	1
2024.06.17	06:00:00	132451	132898	131312	131443	2304328	7739549	1
2024.06.17	12:00:00	131443	132413	131247	131737	2167083	8568208	1
2024.06.17	18:00:00	131732	131879	131694	131764	55089	147507	1
2024.06.18	06:00:00	131416	132827	131116	132337	2815000	9569393	1
2024.06.18	12:00:00	132342	132773	131923	132386	2093053	7737705	1
2024.06.18	18:00:00	132380	132479	132304	132386	43613	123247	1
2024.06.19	06:00:00	132451	132566	131525	131797	2206918	7450816	1
2024.06.19	12:00:00	131797	133193	131677	133105	2149734	7585373	1
2024.06.19	18:00:00	133105	133814	133078	133814	86196	214845	1
2024.06.20	06:00:00	134381	134517	133389	133623	2800509	9724677	1
2024.06.20	12:00:00	133623	133645	132746	133149	2691783	9899440	1
2024.06.20	18:00:00	133149	133203	133002	133094	65676	182958	1
2024.06.21	06:00:00	133105	134223	132669	133917	2522921	9081804	1
2024.06.21	12:00:00	133917	134326	133607	134299	1975052	7605772	1
2024.06.21	18:00:00	134299	134359	134212	134294	45563	124361	1
2024.06.24	06:00:00	134185	135711	133890	135460	2239674	7869841	1
2024.06.24	12:00:00	135465	135558	135171	135504	1891038	7274334	1
2024.06.24	18:00:00	135509	135667	135455	135547	62489	167381	1
2024.06.25	06:00:00	135215	135624	134839	135051	2421733	8355474	1
2024.06.25	12:00:00	135057	135297	134653	135138	1974585	7456070	1
2024.06.25	18:00:00	135138	135280	135106	135280	44651	123864	1
2024.06.26	06:00:00	135340	135422	133934	134304	2559603	8865728	1
2024.06.26	12:00:00	134310	135558	134190	135465	2306049	8818017	1
2024.06.26	18:00:00	135465	135580	135395	135580	40477	133006	1
2024.06.27	06:00:00	135231	136643	135231	135809	2534976	9209525	1
2024.06.27	12:00:00	135809	137286	135678	137253	2256300	8833079	1
2024.06.27	18:00:00	137253	137357	137226	137248	49711	133701	1
2024.06.28	06:00:00	137177	137488	135940	136915	2657142	9948128	1
2024.06.28	12:00:00	136921	137084	136289	136632	2134034	8740535	1
2024.06.28	18:00:00	136626	136643	136539	136539	29231	76288	1
2024.07.01	06:00:00	136921	137967	136327	137777	2712153	9843039	1
2024.07.01	12:00:00	137771	138136	137253	137477	2316532	9063671	1
2024.07.01	18:00:00	137471	137553	137270	137270	45844	124336	1
2024.07.02	06:00:00	137030	138392	136861	137924	2771980	10360932	1
2024.07.02	12:00:00	137924	138093	136975	137744	2190421	8310349	1
2024.07.02	18:00:00	137749	137880	137717	137880	38175	109259	1
2024.07.03	06:00:00	138147	139537	138071	139221	2340541	8633176	1
2024.07.03	12:00:00	139221	139510	138512	138921	1839585	7302181	1
2024.07.03	18:00:00	138921	139101	138861	139101	36489	103187	1
2024.07.04	06:00:00	139537	139799	138850	138938	2303005	7909498	1
2024.07.04	12:00:00	138938	139325	138856	138998	1395994	5505055	1
2024.07.04	18:00:00	138998	139047	138965	139030	28012	83300	1
2024.07.05	06:00:00	139101	139793	138185	138616	2658527	9480258	1
2024.07.05	12:00:00	138616	139145	138551	139068	1742767	6667366	1
2024.07.05	18:00:00	139063	139319	139041	139276	29172	88494	1
2024.07.08	06:00:00	139101	139210	138218	138333	2501988	8659946	1
2024.07.08	12:00:00	138338	139368	138267	139259	2170266	7458854	1
2024.07.08	18:00:00	139270	139292	139145	139188	35587	106508	1
2024.07.09	06:00:00	139183	139613	138567	139515	2518811	8864438	1
2024.07.09	12:00:00	139510	140120	139232	139951	1934544	7702994	1
2024.07.09	18:00:00	139957	140191	139951	140055	66967	198353	1
2024.07.10	06:00:00	140218	140676	139646	139842	2667364	9063200	1
2024.07.10	12:00:00	139848	140115	139603	139848	1955969	7411800	1
2024.07.10	18:00:00	139848	139897	139701	139712	35500	123205	1
2024.07.11	06:00:00	139973	141140	139891	140883	2801918	9811920	1
2024.07.11	12:00:00	140889	141189	140736	141047	1779975	6642107	1
2024.07.11	18:00:00	141047	141189	141042	141140	46086	125882	1
2024.07.12	06:00:00	141085	141576	140698	141320	2529116	9127379	1
2024.07.12	12:00:00	141320	141881	141194	141706	1565979	6320023	1
2024.07.12	18:00:00	141701	141865	141668	141859	37146	105705	1
2024.07.15	06:00:00	141663	142088	141445	141903	2148597	7477530	1
2024.07.15	12:00:00	141908	142339	141734	142241	1777881	6835740	1
2024.07.15	18:00:00	142246	142339	142213	142301	45019	133206	1
2024.07.16	06:00:00	141935	142333	141777	142044	2211292	7962725	1
2024.07.16	12:00:00	142044	142170	141423	141990	1942820	7713946	1
2024.07.16	18:00:00	141990	142093	141968	142083	32399	92676	1
2024.07.17	06:00:00	141696	142290	141358	142115	2222500	7962827	1
2024.07.17	12:00:00	142110	142366	141865	142203	1673612	6491676	1
2024.07.17	18:00:00	142208	142235	142006	142061	36573	107285	1
2024.07.18	06:00:00	141963	142224	140785	140856	2280129	7981628	1
2024.07.18	12:00:00	140851	140965	139951	140562	2027093	8160954	1
2024.07.18	18:00:00	140562	140900	140524	140900	96616	278276	1
2024.07.19	06:00:00	140671	141014	140115	140398	1408403	4547334	1
2024.07.19	12:00:00	140404	140513	139804	139908	1468380	6073641	1
2024.07.19	18:00:00	139902	139913	139428	139428	67256	180916	1
2024.07.22	06:00:00	139973	140475	139684	140458	2169597	7432765	1
2024.07.22	12:00:00	140453	140573	140039	140333	1427685	5776294	1
2024.07.22	18:00:00	140333	140458	140311	140404	31543	95723	1
2024.07.23	06:00:00	140044	140088	139139	139276	1895367	7271807	1
2024.07.23	12:00:00	139276	139477	138278	138540	1548775	6599723	1
2024.07.23	18:00:00	138534	138540	138120	138322	106339	269214	1
2024.07.24	06:00:00	138452	138905	138278	138878	1871464	7106161	1
2024.07.24	12:00:00	138878	138965	138294	138747	1562427	6615131	1
2024.07.24	18:00:00	138741	138801	138670	138670	35475	121178	1
2024.07.25	06:00:00	138169	138278	137559	137984	2075037	7350110	1
2024.07.25	12:00:00	137984	138311	137798	138011	1589111	6169500	1
2024.07.25	18:00:00	138011	138027	137946	138011	16199	62373	1
2024.07.26	06:00:00	138556	138676	138011	138572	1752656	6400115	1
2024.07.26	12:00:00	138567	139864	138567	139772	1668533	7100395	1
2024.07.26	18:00:00	139772	139946	139728	139788	41469	156514	1
2024.07.29	06:00:00	139662	139886	138600	138670	1665498	6402449	1
2024.07.29	12:00:00	138670	139254	138578	139199	1417665	6026075	1
2024.07.29	18:00:00	139199	139352	139183	139314	30404	121814	1
2024.07.30	06:00:00	139014	139172	138093	138327	1638866	6336063	1
2024.07.30	12:00:00	138327	138338	137820	138305	1434019	6045741	1
2024.07.30	18:00:00	138300	138420	138256	138349	38115	135546	1
2024.07.31	06:00:00	138883	139592	138507	139172	1741466	6509705	1
2024.07.31	12:00:00	139177	139859	139123	139750	1794212	7405656	1
2024.07.31	18:00:00	139750	139782	139543	139652	32961	106426	1
2024.08.01	06:00:00	139515	140982	139226	140251	1875681	7197770	1
2024.08.01	12:00:00	140257	140273	139008	139194	2101523	8622081	1
2024.08.01	18:00:00	139199	139265	139166	139221	29018	88466	1
2024.08.02	06:00:00	138790	140006	138071	138087	2510182	9060607	1
2024.08.02	12:00:00	138082	138185	137455	137651	1911027	6857828	1
2024.08.02	18:00:00	137646	138202	137608	138202	43748	127077	1
2024.08.05	06:00:00	134948	136130	134228	135809	3039485	9981166	1
2024.08.05	12:00:00	135803	137308	135558	137242	2356418	8844390	1
2024.08.05	18:00:00	137248	137995	137237	137471	74179	194607	1
2024.08.06	06:00:00	137411	137417	136643	136839	2598350	8814124	1
2024.08.06	12:00:00	136839	138709	136828	137559	2392643	9184994	1
2024.08.06	18:00:00	137553	137624	137477	137608	59559	153640	1
2024.08.07	06:00:00	138338	139166	138125	138632	2467576	8358013	1
2024.08.07	12:00:00	138632	139412	138267	138992	2418090	8787229	1
2024.08.07	18:00:00	138987	139243	138987	139188	47756	132813	1
2024.08.08	06:00:00	138883	140322	138878	140186	2123002	7754013	1
2024.08.08	12:00:00	140180	140720	140104	140665	1607432	6368383	1
2024.08.08	18:00:00	140671	140916	140649	140802	71181	185239	1
2024.08.09	06:00:00	140447	141543	140229	141488	2106201	7796068	1
2024.08.09	12:00:00	141488	142987	141478	142933	1742242	7349707	1
2024.08.09	18:00:00	142938	142977	142590	142797	46144	124858	1
2024.08.12	06:00:00	142808	143701	142704	143483	1939014	6709017	1
2024.08.12	12:00:00	143478	143685	143047	143364	1746293	6796898	1
2024.08.12	18:00:00	143358	143418	143244	143271	55242	150896	1
2024.08.13	06:00:00	143374	144268	143331	144127	1965105	7216860	1
2024.08.13	12:00:00	144121	144552	143876	144481	1608344	6467025	1
2024.08.13	18:00:00	144475	144552	144470	144552	32254	96107	1
2024.08.14	06:00:00	144482	145029	144278	144900	1871183	6198218	1
2024.08.14	12:00:00	144906	145920	144804	145281	1793393	7079158	1
2024.08.14	18:00:00	145281	145308	144621	145104	58152	170485	1
2024.08.15	06:00:00	145276	146349	145217	146311	1927270	7024541	1
2024.08.15	12:00:00	146311	146735	146177	146370	1538096	6515600	1
2024.08.15	18:00:00	146376	146488	146290	146365	52477	143302	1
2024.08.16	06:00:00	146123	147035	146038	146343	1776340	6587948	1
2024.08.16	12:00:00	146349	146692	145941	146005	1534771	6373640	1
2024.08.16	18:00:00	146005	146161	146000	146129	36796	107241	1
2024.08.19	06:00:00	146290	147518	146258	147454	1745157	6487190	1
2024.08.19	12:00:00	147448	148478	147373	148199	1685197	7284311	1
2024.08.19	18:00:00	148199	148409	148119	148317	74651	208598	1
2024.08.20	06:00:00	148108	148382	147416	147738	2031535	7453991	1
2024.08.20	12:00:00	147744	148623	147695	148596	1772601	7333551	1
2024.08.20	18:00:00	148591	148602	148355	148500	60999	165099	1
2024.08.21	06:00:00	148688	149219	148500	148596	1913145	6882670	1
2024.08.21	12:00:00	148596	148956	148334	148827	1669346	6475925	1
2024.08.21	18:00:00	148827	148918	148790	148875	37196	101191	1
2024.08.22	06:00:00	148832	148838	147486	147668	1929782	7019891	1
2024.08.22	12:00:00	147674	147760	146703	147363	2094791	8373033	1
2024.08.22	18:00:00	147363	147448	147132	147357	44044	132948	1
2024.08.23	06:00:00	147797	148425	147325	148403	2158713	7723108	1
2024.08.23	12:00:00	148403	148575	147609	147776	1515464	5875163	1
2024.08.23	18:00:00	147776	147840	147636	147786	42155	121934	1
2024.08.26	06:00:00	148017	148902	147808	148527	2109669	7445868	1
2024.08.26	12:00:00	148527	149074	148216	148977	1618861	6401452	1
2024.08.26	18:00:00	148972	148977	148832	148924	39109	108107	1
2024.08.27	06:00:00	148859	149203	148548	149009	2062051	7539118	1
2024.08.27	12:00:00	149009	149192	148666	148747	1293796	5327355	1
2024.08.27	18:00:00	148747	148843	148682	148725	37066	104014	1
2024.08.28	06:00:00	148334	148709	147540	148537	2036075	7626773	1
2024.08.28	12:00:00	148537	149428	148221	149256	1927672	8177678	1
2024.08.28	18:00:00	149256	149326	149187	149305	44654	122931	1
2024.08.29	06:00:00	149465	149583	147867	148049	1906085	7502320	1
2024.08.29	12:00:00	148044	148130	147432	147497	1758024	7612950	1
2024.08.29	18:00:00	147497	147556	147411	147486	38855	115618	1
2024.08.30	06:00:00	147840	148028	146445	147684	2374809	8687356	1
2024.08.30	12:00:00	147679	149117	146783	148124	1931162	7605938	1
2024.08.30	18:00:00	148130	148291	147915	148081	33341	102416	1
2024.09.02	06:00:00	147250	147502	146043	146333	1991693	7035528	1
2024.09.02	12:00:00	146327	146923	146225	146354	1303448	4921557	1
2024.09.02	18:00:00	146354	146360	146145	146145	45736	119410	1
2024.09.03	06:00:00	145582	146542	145480	146048	2375141	8877597	1
2024.09.03	12:00:00	146048	146370	145592	146022	1812349	7191764	1
2024.09.03	18:00:00	146016	146177	145963	146145	42451	126155	1
2024.09.04	06:00:00	145780	148548	145646	148478	2273853	8559311	1
2024.09.04	12:00:00	148484	148511	147684	148060	1828166	7646869	1
2024.09.04	18:00:00	148060	148135	147819	147969	59881	172166	1
2024.09.05	06:00:00	147894	148419	147271	147620	2169813	7651323	1
2024.09.05	12:00:00	147625	148269	147491	148119	1770405	7065033	1
2024.09.05	18:00:00	148119	148371	148092	148339	27982	111986	1
2024.09.06	06:00:00	147840	148891	146461	146537	2618737	8842542	1
2024.09.06	12:00:00	146542	146998	145533	145689	1812290	7112826	1
2024.09.06	18:00:00	145689	145818	145614	145818	29073	98060	1
2024.09.09	06:00:00	146445	146767	145759	146327	1996811	6748054	1
2024.09.09	12:00:00	146322	146483	145769	145871	1432898	5461584	1
2024.09.09	18:00:00	145871	145904	145748	145748	22269	80236	1
2024.09.10	06:00:00	145630	146064	144874	145083	2047231	7258337	1
2024.09.10	12:00:00	145083	145689	144890	145517	1600813	6264102	1
2024.09.10	18:00:00	145512	145614	145453	145501	34419	126243	1
2024.09.11	06:00:00	145802	146242	144852	145083	2448810	8682017	1
2024.09.11	12:00:00	145088	146177	145013	145812	1662377	6413758	1
2024.09.11	18:00:00	145818	145818	145582	145673	22455	79488	1
2024.09.12	06:00:00	146215	146225	144541	144621	1934990	7151286	1
2024.09.12	12:00:00	144621	145437	144568	145067	1510812	6329347	1
2024.09.12	18:00:00	145067	145185	145051	145115	23289	90111	1
2024.09.13	06:00:00	145104	147073	144938	147009	2011707	7104382	1
2024.09.13	12:00:00	147009	147014	145721	146022	1450881	5958446	1
2024.09.13	18:00:00	146027	146059	145855	145925	18207	76077	1
2024.09.16	06:00:00	146166	146858	145748	146301	1960232	6809138	1
2024.09.16	12:00:00	146295	146360	145925	146199	1239594	4744931	1
2024.09.16	18:00:00	146193	146263	146134	146182	24377	88870	1
2024.09.17	06:00:00	146499	146697	144986	145330	2292324	8529453	1
2024.09.17	12:00:00	145324	146172	145222	146070	1591218	6282460	1
2024.09.17	18:00:00	146070	146215	146064	146215	23797	96639	1
2024.09.18	06:00:00	145952	146113	144799	144900	2295834	8239710	1
2024.09.18	12:00:00	144900	146172	144300	144332	2893684	10408888	1
2024.09.18	18:00:00	144332	144477	144246	144407	30727	105255	1
2024.09.19	06:00:00	145641	146102	144096	144461	2636456	8994647	1
2024.09.19	12:00:00	144455	144718	143484	143581	1751569	6707039	1
2024.09.19	18:00:00	143575	143581	143409	143457	27316	111877	1
2024.09.20	06:00:00	143484	143887	142208	142283	2657832	8846994	1
2024.09.20	12:00:00	142283	142395	141306	141451	1823597	7147189	1
2024.09.20	18:00:00	141457	141462	141199	141199	29842	123254	1
2024.09.23	06:00:00	140974	141349	140384	141006	2376508	8059518	1
2024.09.23	12:00:00	141011	141231	140679	140829	1621511	6014070	1
2024.09.23	18:00:00	140829	140990	140829	140931	25163	97275	1
2024.09.24	06:00:00	142250	143618	142079	142293	2564581	8752011	1
2024.09.24	12:00:00	142293	142953	141977	142637	1617917	6205021	1
2024.09.24	18:00:00	142631	142664	142535	142583	18937	73547	1
2024.09.25	06:00:00	143087	143597	142256	142562	2426452	7941545	1
2024.09.25	12:00:00	142556	142690	141794	142047	1710952	6625991	1
2024.09.25	18:00:00	142047	142390	141982	142079	25064	97872	1
2024.09.26	06:00:00	143012	143763	142417	142444	2596790	8301541	1
2024.09.26	12:00:00	142444	143752	142433	143345	1771206	6726541	1
2024.09.26	18:00:00	143345	143377	143254	143264	25974	92460	1
2024.09.27	06:00:00	143334	144402	142803	144101	2173757	7345758	1
2024.09.27	12:00:00	144101	144219	142921	143050	1747924	6748504	1
2024.09.27	18:00:00	143050	143136	143018	143087	17050	64631	1
2024.09.30	06:00:00	143457	143972	142637	143173	2009915	6278802	1
2024.09.30	12:00:00	143173	143356	142106	142385	1716470	6397002	1
2024.09.30	18:00:00	142385	142476	142299	142342	32738	99877	1
2024.10.01	06:00:00	142095	143425	142014	143393	2964296	9694139	1
2024.10.01	12:00:00	143393	143752	142615	143055	2481167	9483242	1
2024.10.01	18:00:00	143050	143318	143044	143211	31170	118484	1
2024.10.02	06:00:00	143463	145351	143382	144391	2938126	9497718	1
2024.10.02	12:00:00	144391	144820	143527	143838	2003443	7496664	1
2024.10.02	18:00:00	143844	143988	143833	143913	28440	97114	1
2024.10.03	06:00:00	143629	143699	141124	141172	3011424	10165732	1
2024.10.03	12:00:00	141167	141972	141156	141617	2075058	8195876	1
2024.10.03	18:00:00	141623	141634	141478	141532	35570	136292	1
2024.10.04	06:00:00	141778	142261	140904	141580	2804729	9059552	1
2024.10.04	12:00:00	141575	141934	141274	141778	1339436	5495203	1
2024.10.04	18:00:00	141773	141843	141703	141843	22639	83884	1
2024.10.07	06:00:00	141521	143066	141457	142315	2483467	8118213	1
2024.10.07	12:00:00	142315	142363	141580	141993	1797015	7015304	1
2024.10.07	18:00:00	141998	142025	141880	141955	30606	113243	1
2024.10.08	06:00:00	140958	141296	140115	141060	2877733	9513310	1
2024.10.08	12:00:00	141054	141548	140904	141296	1710980	6896425	1
2024.10.08	18:00:00	141301	141430	141231	141430	26058	106577	1
2024.10.09	06:00:00	141349	141430	139584	140126	2348820	8308620	1
2024.10.09	12:00:00	140126	140255	139322	139590	1827220	7539952	1
2024.10.09	18:00:00	139595	139601	139375	139477	45050	176154	1
2024.10.10	06:00:00	139729	140040	139359	139890	2274077	7283975	1
2024.10.10	12:00:00	139890	140164	139423	140035	1390905	5653023	1
2024.10.10	18:00:00	140035	140105	139981	139981	23783	92953	1
2024.10.11	06:00:00	139837	140486	138801	139375	2200470	7658468	1
2024.10.11	12:00:00	139381	139735	138968	139643	1368291	5560194	1
2024.10.11	18:00:00	139649	139906	139622	139761	26201	104885	1
2024.10.14	06:00:00	139579	140083	138849	139981	2618809	8458667	1
2024.10.14	12:00:00	139987	140834	139257	140604	1844656	7441388	1
2024.10.14	18:00:00	140609	140748	140566	140748	28021	115160	1
2024.10.15	06:00:00	140126	140899	139692	140496	2541141	8872723	1
2024.10.15	12:00:00	140502	140668	140024	140427	1529393	6028400	1
2024.10.15	18:00:00	140427	140470	140292	140292	19350	77152	1
2024.10.16	06:00:00	140435	141189	140140	140951	2597010	8773356	1
2024.10.16	12:00:00	140946	141668	140625	140930	1709991	7038239	1
2024.10.16	18:00:00	140925	140957	140725	140725	24726	112045	1
2024.10.17	06:00:00	140593	140688	139117	139929	2351398	8298688	1
2024.10.17	12:00:00	139929	140229	139576	140150	1338823	5541432	1
2024.10.17	18:00:00	140150	140319	140119	140256	28808	115597	1
2024.10.18	06:00:00	140730	141099	139307	139765	2325774	8657017	1
2024.10.18	12:00:00	139765	140008	139338	139813	1267935	5466948	1
2024.10.18	18:00:00	139818	139823	139507	139507	30080	118292	1
2024.10.21	06:00:00	139328	140356	139191	139618	2556366	8846458	1
2024.10.21	12:00:00	139623	139908	139291	139554	1530461	6174961	1
2024.10.21	18:00:00	139554	139560	139412	139412	18290	74690	1
2024.10.22	06:00:00	139233	139322	138084	138516	2906620	10603376	1
2024.10.22	12:00:00	138511	139249	138142	139170	1613864	6835104	1
2024.10.22	18:00:00	139175	139386	139159	139307	34615	144884	1
2024.10.23	06:00:00	138663	138685	137525	137804	2631837	9528347	1
2024.10.23	12:00:00	137809	138273	137641	138115	1600615	6834253	1
2024.10.23	18:00:00	138110	138163	137915	137915	23078	101364	1
2024.10.24	06:00:00	138458	138711	137714	138410	2425302	8529568	1
2024.10.24	12:00:00	138410	139233	137772	139164	1954849	7893484	1
2024.10.24	18:00:00	139170	139407	139159	139370	39888	158535	1
2024.10.25	06:00:00	139496	139560	138816	139312	2397961	8181137	1
2024.10.25	12:00:00	139307	139359	138663	138859	1649723	6640040	1
2024.10.25	18:00:00	138859	138869	138632	138632	35611	135791	1
2024.10.28	06:00:00	138758	140192	138500	140124	2190489	7820539	1
2024.10.28	12:00:00	140124	140540	140045	140498	1522554	6442697	1
2024.10.28	18:00:00	140498	140825	140488	140651	69986	290108	1
2024.10.29	06:00:00	140366	140746	140108	140256	2500126	8996816	1
2024.10.29	12:00:00	140256	140493	139554	139660	1591764	6800740	1
2024.10.29	18:00:00	139660	139691	139528	139607	27378	117827	1
2024.10.30	06:00:00	139444	139923	139059	139533	2195671	7757625	1
2024.10.30	12:00:00	139528	139934	139402	139507	1283004	5377510	1
2024.10.30	18:00:00	139507	139533	139328	139328	22278	95989	1
2024.10.31	06:00:00	139117	139533	138711	138953	2268691	7785661	1
2024.10.31	12:00:00	138948	139117	138352	138400	1468040	6058111	1
2024.10.31	18:00:00	138395	138410	138157	138273	43211	173396	1
2024.11.01	06:00:00	138616	138795	137351	137609	2126798	7785705	1
2024.11.01	12:00:00	137609	137620	136112	136186	1428220	6060886	1
2024.11.01	18:00:00	136180	136228	136012	136196	44298	183468	1
2024.11.04	06:00:00	137071	138806	137071	138732	1969533	7082704	1
2024.11.04	12:00:00	138732	139359	138658	139191	1851090	8031606	1
2024.11.04	18:00:00	139196	139322	139101	139175	64538	304192	1
2024.11.05	06:00:00	139101	139312	138368	138537	2080120	7497797	1
2024.11.05	12:00:00	138537	139460	138263	139312	1632785	6832758	1
2024.11.05	18:00:00	139312	139370	139106	139106	41045	197184	1
2024.11.06	06:00:00	137762	138105	136839	137514	2935912	9915008	1
2024.11.06	12:00:00	137519	139201	137467	138721	2238114	8814152	1
2024.11.06	18:00:00	138727	138827	137535	137535	86020	421199	1
2024.11.07	06:00:00	138284	139881	138015	139090	2685049	9098890	1
2024.11.07	12:00:00	139085	139249	137709	138068	2432251	9542790	1
2024.11.07	18:00:00	138062	138168	137904	138057	66456	243457	1
2024.11.08	06:00:00	137177	137430	135658	135843	2384664	8469841	1
2024.11.08	12:00:00	135848	136381	134989	136075	2308259	9302962	1
2024.11.08	18:00:00	136075	136085	135806	135880	78507	299345	1
2024.11.11	06:00:00	135437	135822	135205	135411	2372528	8115288	1
2024.11.11	12:00:00	135411	136244	135358	135906	1759901	7234072	1
2024.11.11	18:00:00	135906	136006	135832	135911	52208	200466	1
2024.11.12	06:00:00	135511	136281	135205	135864	2281237	8219732	1
2024.11.12	12:00:00	135864	136122	135374	135595	1718326	6749597	1
2024.11.12	18:00:00	135595	135827	135590	135701	45861	193679	1
2024.11.13	06:00:00	135806	136254	134862	135047	2513056	8689358	1
2024.11.13	12:00:00	135047	136138	134773	135848	2084313	8331973	1
2024.11.13	18:00:00	135848	135906	135695	135759	61829	230166	1
2024.11.14	06:00:00	136085	136481	135332	136143	2423839	8268968	1
2024.11.14	12:00:00	136143	136328	135585	135622	1745250	6615040	1
2024.11.14	18:00:00	135622	135743	135590	135616	48984	188346	1
2024.11.18	06:00:00	135859	136328	135200	135521	2224472	7370196	1
2024.11.18	12:00:00	135527	135959	135073	135743	1775617	6474729	1
2024.11.18	18:00:00	135743	135785	135574	135574	42346	152435	1
2024.11.19	06:00:00	135374	136291	135010	136091	2580017	8411344	1
2024.11.19	12:00:00	136085	136523	135880	136149	1744576	6587102	1
2024.11.19	18:00:00	136143	136302	136133	136291	59586	219627	1
2024.11.21	06:00:00	135911	136191	134425	134551	2427361	8372964	1
2024.11.21	12:00:00	134551	135252	134277	134883	2026436	8088328	1
2024.11.21	18:00:00	134883	134894	134599	134651	99045	361043	1
2024.11.22	06:00:00	134709	135764	134630	135337	2416597	8276620	1
2024.11.22	12:00:00	135332	137251	135300	137166	1902909	7705729	1
2024.11.22	18:00:00	137166	137530	137040	137240	107237	421998	1
2024.11.25	06:00:00	137382	137419	136644	136940	2325164	7692139	1
2024.11.25	12:00:00	136940	137229	136639	136692	1588276	6217374	1
2024.11.25	18:00:00	136692	136945	136602	136713	117413	388494	1
2024.11.26	06:00:00	136491	137725	136344	137530	2352805	7796780	1
2024.11.26	12:00:00	137530	138120	137425	137778	1798365	7034695	1
2024.11.26	18:00:00	137772	137899	137746	137825	56586	211666	1
2024.11.27	06:00:00	137704	138036	137219	137609	2236173	7513029	1
2024.11.27	12:00:00	137614	137646	134831	135189	2936251	10717055	1
2024.11.27	18:00:00	135189	135268	134868	135036	121398	405578	1
2024.11.28	06:00:00	135226	135226	133391	133608	2320861	7944239	1
2024.11.28	12:00:00	133602	133724	131573	132026	1640028	6274148	1
2024.11.28	18:00:00	132026	132142	131636	132084	95443	349502	1
2024.11.29	06:00:00	132479	132680	131172	132073	2985953	9015519	1
2024.11.29	12:00:00	132079	133565	131984	133297	2533205	7399969	1
2024.11.29	18:00:00	133291	133318	132870	132870	97635	313183	1
2024.12.02	06:00:00	133181	133265	131905	132701	2490050	8307602	1
2024.12.02	12:00:00	132706	133233	132258	132569	2148640	7746862	1
2024.12.02	18:00:00	132574	132595	132379	132432	92706	283726	1
2024.12.03	06:00:00	133017	133724	132537	133080	2597422	8704924	1
2024.12.03	12:00:00	133080	133507	132732	133365	1999824	7045031	1
2024.12.03	18:00:00	133365	133376	133149	133181	56483	201854	1
2024.12.04	06:00:00	133207	134040	132833	133913	2253485	7515856	1
2024.12.04	12:00:00	133913	134056	133065	133318	1962918	7285895	1
2024.12.04	18:00:00	133318	133418	133270	133339	35789	132431	1
2024.12.05	06:00:00	133529	135347	133138	135268	2234217	7890086	1
2024.12.05	12:00:00	135268	135379	134804	135121	1646726	6770166	1
2024.12.05	18:00:00	135126	135300	135042	135300	75393	254264	1
2024.12.06	06:00:00	134926	134978	133608	133666	2256642	7534938	1
2024.12.06	12:00:00	133666	133697	132838	132880	1804765	7199695	1
2024.12.06	18:00:00	132885	133033	132859	132959	59020	231338	1
2024.12.09	06:00:00	133634	134709	133386	134478	1829393	6117066	1
2024.12.09	12:00:00	134478	134720	134103	134414	1670755	6172408	1
2024.12.09	18:00:00	134409	134446	134251	134319	42361	172818	1
2024.12.10	06:00:00	135237	135753	134815	135379	2477546	8181826	1
2024.12.10	12:00:00	135379	135574	134931	135458	1535627	5707318	1
2024.12.10	18:00:00	135463	135511	135384	135453	51449	189926	1
2024.12.11	06:00:00	135237	136043	134773	134847	2361886	7922215	1
2024.12.11	12:00:00	134852	138431	134462	136971	2730452	9308560	1
2024.12.11	18:00:00	136971	137361	136834	137129	98379	308606	1
2024.12.12	06:00:00	137345	137577	133956	134246	2354716	8199859	1
2024.12.12	12:00:00	134246	134272	132801	133186	2291305	9233426	1
2024.12.12	18:00:00	133186	133270	132885	133128	83227	297036	1
2024.12.13	06:00:00	133175	133434	132300	132453	2079934	6965597	1
2024.12.13	12:00:00	132453	132717	131367	131515	2003297	7086288	1
2024.12.13	18:00:00	131515	131979	131425	131799	87704	281301	1
2024.12.16	06:00:00	131599	131820	131056	131488	2079189	6537220	1
2024.12.16	12:00:00	131483	131678	130228	130307	1843201	6399137	1
2024.12.16	18:00:00	130313	130450	130028	130176	89972	309974	1
2024.12.17	06:00:00	130244	131309	130212	130629	2347034	7041444	1
2024.12.17	12:00:00	130634	132253	130518	131952	2921212	9586312	1
2024.12.17	18:00:00	131952	131963	131657	131768	76067	233183	1
2024.12.18	06:00:00	131617	131903	129660	129686	2026640	6063384	1
2024.12.18	12:00:00	129686	129717	126726	127453	2897134	9657010	1
2024.12.18	18:00:00	127453	128310	127251	127900	103054	369528	1
2024.12.19	06:00:00	128601	128658	127614	128222	2502005	7544065	1
2024.12.19	12:00:00	128227	128497	127510	127884	2105528	6973541	1
2024.12.19	18:00:00	127879	127889	127640	127708	70035	211781	1
2024.12.20	06:00:00	127303	127889	127064	127552	1994121	5968539	1
2024.12.20	12:00:00	127557	128710	127417	128227	1999722	6668378	1
2024.12.20	18:00:00	128227	128736	128211	128699	85759	292350	1
2024.12.23	06:00:00	128185	128310	127147	127189	1705549	5144463	1
2024.12.23	12:00:00	127194	127578	126898	127209	1501626	5027709	1
2024.12.23	18:00:00	127209	127235	126778	126861	90445	284844	1
2024.12.26	06:00:00	126893	127407	126327	127235	1827055	5212884	1
2024.12.26	12:00:00	127235	127832	127048	127287	1624445	5410563	1
2024.12.26	18:00:00	127282	127375	127194	127344	59314	186194	1
2024.12.27	06:00:00	127204	127796	126706	127017	1776277	5300085	1
2024.12.27	12:00:00	127022	127054	126010	126098	1645050	5370585	1
2024.12.27	18:00:00	126098	126379	125958	126197	67158	236759	1
2024.12.30	06:00:00	126166	127105	126103	126441	1614913	4838519	1
2024.12.30	12:00:00	126436	126836	126067	126327	1585866	5168665	1
2024.12.30	18:00:00	126322	126405	126171	126285	51058	164013	1
2025.01.02	06:00:00	126462	127069	124915	125652	1835244	5283701	1
2025.01.02	12:00:00	125657	126654	125652	126036	2074000	6758872	1
2025.01.02	18:00:00	126036	126124	125958	126015	50910	149396	1
2025.01.03	06:00:00	125917	126228	125024	125153	1973938	5941778	1
2025.01.03	12:00:00	125148	125174	124120	124141	1578264	5399788	1
2025.01.03	18:00:00	124146	124276	124063	124084	52407	175617	1
2025.01.06	06:00:00	124525	126036	124421	125885	2283432	6983875	1
2025.01.06	12:00:00	125891	126129	125351	125615	1796187	5938701	1
2025.01.06	18:00:00	125615	125792	125605	125724	51303	159725	1
2025.01.07	06:00:00	125704	127194	125553	127033	2041729	6644754	1
2025.01.07	12:00:00	127033	127568	126581	127012	1936165	6727185	1
2025.01.07	18:00:00	127012	127147	126965	127121	65625	210870	1
2025.01.08	06:00:00	126887	127043	125356	125475	2173719	6806420	1
2025.01.08	12:00:00	125480	125797	124987	125221	1646758	5567874	1
2025.01.08	18:00:00	125221	125486	125185	125423	62761	193465	1
2025.01.09	06:00:00	125408	125584	125096	125480	1894341	5902081	1
2025.01.09	12:00:00	125475	125797	125278	125553	1287470	4789310	1
2025.01.09	18:00:00	125553	125584	125366	125382	45690	164777	1
2025.01.10	06:00:00	125756	126078	124556	124613	1899058	5896982	1
2025.01.10	12:00:00	124608	124878	124245	124478	1638691	5908677	1
2025.01.10	18:00:00	124478	124754	124437	124655	65937	206282	1
2025.01.13	06:00:00	124380	125086	124151	124904	1941512	6109902	1
2025.01.13	12:00:00	124904	125278	124375	124525	1484680	5461825	1
2025.01.13	18:00:00	124530	124577	124364	124364	51906	166880	1
2025.01.14	06:00:00	124842	125133	123622	124141	2490583	7961564	1
2025.01.14	12:00:00	124146	124977	124115	124878	1607446	5248342	1
2025.01.14	18:00:00	124878	124992	124837	124941	39576	132541	1
2025.01.15	06:00:00	124883	126716	124883	126264	1904568	6314487	1
2025.01.15	12:00:00	126270	128715	125979	128377	1914938	8004334	1
2025.01.15	18:00:00	128372	128559	128206	128227	71079	265633	1
2025.01.16	06:00:00	127874	128154	127069	127199	2063860	6860261	1
2025.01.16	12:00:00	127194	127277	126259	126752	1676413	6024834	1
2025.01.16	18:00:00	126758	126820	126607	126643	56566	191065	1
2025.01.17	06:00:00	127266	127671	126482	127625	2057766	6873526	1
2025.01.17	12:00:00	127619	128294	127484	127812	1577894	5963149	1
2025.01.17	18:00:00	127812	127910	127588	127588	53168	184816	1
2025.01.20	06:00:00	127625	128596	126934	128512	2203832	7271152	1
2025.01.20	12:00:00	128512	128819	128019	128559	1549867	5256855	1
2025.01.20	18:00:00	128559	128606	128279	128429	56175	191222	1
2025.01.21	06:00:00	128175	128346	127588	127973	1906254	6193223	1
2025.01.21	12:00:00	127973	129078	127895	128886	1552403	5621046	1
2025.01.21	18:00:00	128881	128985	128798	128798	43485	144005	1
2025.01.22	06:00:00	128995	129556	128621	128689	1984015	6485108	1
2025.01.22	12:00:00	128689	129104	128383	128461	1476121	5381423	1
2025.01.22	18:00:00	128455	128538	128352	128507	53465	191206	1
2025.01.23	06:00:00	128549	129514	128154	128486	2039791	6818466	1
2025.01.23	12:00:00	128486	128570	127542	127895	1760061	6405383	1
2025.01.23	18:00:00	127900	127993	127801	127838	42803	134884	1
2025.01.24	06:00:00	128082	128305	127500	127645	1923946	6119682	1
2025.01.24	12:00:00	127645	128030	127557	127874	1149156	4100011	1
2025.01.24	18:00:00	127869	127936	127791	127832	31623	109418	1
2025.01.27	06:00:00	127043	129437	126877	129172	2083939	6899903	1
2025.01.27	12:00:00	129172	130309	128871	130247	1766441	6375142	1
2025.01.27	18:00:00	130247	130475	130236	130314	70613	250583	1
2025.01.28	06:00:00	130054	130423	129587	129681	1809444	5778679	1
2025.01.28	12:00:00	129681	129857	129260	129385	1450622	5213340	1
2025.01.28	18:00:00	129385	129520	129302	129509	54785	173090	1
2025.01.29	06:00:00	129649	130350	128876	129281	1765048	5724671	1
2025.01.29	12:00:00	129286	129639	128497	128694	1693146	5732217	1
2025.01.29	18:00:00	128694	128720	128564	128705	60529	170381	1
2025.01.30	06:00:00	129224	131124	129011	130802	2212918	7169266	1
2025.01.30	12:00:00	130802	132640	130729	132302	2016864	7292522	1
2025.01.30	18:00:00	132297	132495	132105	132334	96366	349560	1
2025.01.31	06:00:00	132193	132925	132095	132510	1933052	5928720	1
2025.01.31	12:00:00	132510	132697	131358	131519	1914345	6206209	1
2025.01.31	18:00:00	131513	131695	131441	131612	58061	192555	1
2025.02.03	06:00:00	130537	131399	130278	131072	1805548	5600543	1
2025.02.03	12:00:00	131072	131768	130870	131030	2064055	6844827	1
2025.02.03	18:00:00	131036	131269	130927	131269	51573	183698	1
2025.02.04	06:00:00	131352	131389	129758	130444	1956929	6002436	1
2025.02.04	12:00:00	130449	131041	130189	130257	1717568	5741325	1
2025.02.04	18:00:00	130262	130350	130174	130262	45961	151029	1
2025.02.05	06:00:00	130366	130735	129634	130236	1978624	6198137	1
2025.02.05	12:00:00	130241	130958	130221	130563	1495793	5177189	1
2025.02.05	18:00:00	130563	130766	130537	130703	50515	166314	1
2025.02.06	06:00:00	130781	131306	130210	130672	2038897	6449108	1
2025.02.06	12:00:00	130667	131503	130382	131295	1576237	5483469	1
2025.02.06	18:00:00	131295	131352	130958	130958	53552	182172	1
2025.02.07	06:00:00	131233	131607	130392	130724	1868564	5723018	1
2025.02.07	12:00:00	130719	130771	129089	129520	2093702	6982228	1
2025.02.07	18:00:00	129514	129790	129499	129717	52488	180711	1
2025.02.10	06:00:00	129899	131342	129649	130480	1957093	6321713	1
2025.02.10	12:00:00	130485	130968	130376	130631	1337048	4809547	1
2025.02.10	18:00:00	130631	130672	130428	130470	59368	198703	1
2025.02.11	06:00:00	130574	131872	130382	131306	1930683	6175764	1
2025.02.11	12:00:00	131311	131586	130968	131498	1226159	4286842	1
2025.02.11	18:00:00	131498	131550	131347	131446	56589	169487	1
2025.02.12	06:00:00	131425	131741	129067	129490	2491250	7332628	1
2025.02.12	12:00:00	129490	129602	128798	129001	1829977	6433759	1
2025.02.12	18:00:00	129001	129103	128762	128762	71650	237872	1
2025.02.13	06:00:00	129286	129388	128375	128792	1798065	5764757	1
2025.02.13	12:00:00	128792	129592	128624	129577	1633047	5929023	1
2025.02.13	18:00:00	129572	129653	129470	129500	50581	180021	1
2025.02.14	06:00:00	129378	131217	129353	131105	1753612	5823439	1
2025.02.14	12:00:00	131105	133371	131064	133076	1738344	6412323	1
2025.02.14	18:00:00	133076	133188	132678	132877	85009	313924	1
2025.02.17	06:00:00	132872	134074	132841	133916	1730495	5300605	1
2025.02.17	12:00:00	133916	134389	133310	133422	1524227	5027561	1
2025.02.17	18:00:00	133422	133447	133188	133310	62649	204893	1
2025.02.18	06:00:00	133738	133763	132714	133437	1876312	6204096	1
2025.02.18	12:00:00	133437	134053	132729	132999	1593916	5861520	1
2025.02.18	18:00:00	132994	133233	132943	133198	62561	209394	1
2025.02.19	06:00:00	133025	133045	131853	132220	1789483	5977009	1
2025.02.19	12:00:00	132225	132449	131548	131853	1375073	5108841	1
2025.02.19	18:00:00	131858	131996	131736	131792	67559	266446	1
2025.02.20	06:00:00	132108	132413	131492	132215	1828403	5936005	1
2025.02.20	12:00:00	132215	132393	131609	132164	1359416	5008001	1
2025.02.20	18:00:00	132169	132179	131818	131874	49087	191276	1
2025.02.21	06:00:00	131925	132159	131313	131466	1667433	5235428	1
2025.02.21	12:00:00	131461	131746	130830	131568	1590598	5473097	1
2025.02.21	18:00:00	131568	131690	131543	131558	51712	173970	1
2025.02.24	06:00:00	131838	132184	131135	131181	1913004	6145698	1
2025.02.24	12:00:00	131181	131217	129424	129674	1742212	6348143	1
2025.02.24	18:00:00	129679	129918	129643	129918	50497	213915	1
2025.02.25	06:00:00	129989	131140	129908	130901	2080713	6483512	1
2025.02.25	12:00:00	130896	131028	130234	130274	1742752	6160030	1
2025.02.25	18:00:00	130280	130432	130091	130188	71392	252117	1
2025.02.26	06:00:00	130702	131532	129261	129546	2202781	6908776	1
2025.02.26	12:00:00	129551	129882	128905	129011	1644216	5647027	1
2025.02.26	18:00:00	129006	129241	128894	129241	61766	218395	1
2025.02.27	06:00:00	128441	128950	128186	128665	1823626	5671645	1
2025.02.27	12:00:00	128665	129668	128512	128726	1901436	6549973	1
2025.02.27	18:00:00	128721	128925	128665	128864	63003	213909	1
2025.02.28	06:00:00	128736	128996	127962	128186	1770149	5561815	1
2025.02.28	12:00:00	128192	128563	126603	127091	1963304	6882968	1
2025.02.28	18:00:00	127091	127254	126791	127168	93988	308343	1
2025.03.05	12:00:00	127514	127626	126735	127107	1820075	6135637	1
2025.03.05	18:00:00	127107	127265	126974	127117	65623	198643	1
2025.03.06	06:00:00	126801	127540	126526	126939	2008699	6412255	1
2025.03.06	12:00:00	126944	128146	126704	127290	2680227	8520214	1
2025.03.06	18:00:00	127290	127402	127173	127382	58531	184788	1
2025.03.07	06:00:00	127479	128166	126002	128115	2370980	7200580	1
2025.03.07	12:00:00	128115	129826	128074	129200	2367237	7770417	1
2025.03.07	18:00:00	129200	129210	128848	129047	96389	307682	1
2025.03.10	06:00:00	128390	128553	127214	127713	2201947	7081990	1
2025.03.10	12:00:00	127713	128701	127545	128181	2331641	8038222	1
2025.03.10	18:00:00	128176	128304	128135	128202	36814	106242	1
2025.03.11	06:00:00	128604	128670	126801	126898	2379959	7451757	1
2025.03.11	12:00:00	126898	127550	126266	127412	2180528	7716527	1
2025.03.11	18:00:00	127407	127524	127336	127484	48792	130349	1
2025.03.12	06:00:00	127626	128110	126745	127056	2264801	6765781	1
2025.03.12	12:00:00	127056	127718	126669	127473	2180749	7538039	1
2025.03.12	18:00:00	127484	127585	127346	127346	34886	95563	1
2025.03.13	06:00:00	127142	129123	126969	129017	2177056	7183196	1
2025.03.13	12:00:00	129011	129526	128772	129261	1522906	5561945	1
2025.03.13	18:00:00	129261	129551	129241	129429	62185	182194	1
2025.03.14	06:00:00	129786	131955	129719	131909	1989572	6475684	1
2025.03.14	12:00:00	131904	132974	131894	132658	1644452	6373948	1
2025.03.14	18:00:00	132653	132688	132429	132500	38054	154926	1
2025.03.17	06:00:00	132500	133799	132301	133570	2084563	6299389	1
2025.03.17	12:00:00	133564	135148	133559	134654	1760833	5978172	1
2025.03.17	18:00:00	134649	134812	134619	134756	45615	125593	1
2025.03.18	06:00:00	134313	135204	133931	134614	2200511	6598302	1
2025.03.18	12:00:00	134619	135632	134517	135306	1893035	6386717	1
2025.03.18	18:00:00	135301	135403	135240	135296	34393	96420	1
2025.03.19	06:00:00	135001	136544	134990	136147	2039391	6239664	1
2025.03.19	12:00:00	136147	136814	135729	136610	1867173	6310710	1
2025.03.19	18:00:00	136615	136951	136600	136620	60701	168594	1
2025.03.20	06:00:00	136070	136330	135530	136157	1960887	6116811	1
2025.03.20	12:00:00	136152	136442	135362	135622	1808647	6308927	1
2025.03.20	18:00:00	135617	135759	135520	135739	52345	131800	1
2025.03.21	06:00:00	135418	136218	135077	135724	2104255	6600897	1
2025.03.21	12:00:00	135724	136065	135316	135734	1663524	5833705	1
2025.03.21	18:00:00	135739	135770	135581	135581	26976	83604	1
2025.03.24	06:00:00	136386	136635	134965	135637	2112240	6536115	1
2025.03.24	12:00:00	135637	135658	134374	134792	1796286	6406254	1
2025.03.24	18:00:00	134797	135001	134746	134929	61874	153592	1
2025.03.25	06:00:00	134654	136595	134542	136539	2103892	6584942	1
2025.03.25	12:00:00	136539	136951	135362	135821	1791303	6302710	1
2025.03.25	18:00:00	135826	135836	135525	135668	54944	140841	1
2025.03.26	06:00:00	135652	136320	135469	135765	2162410	6738088	1
2025.03.26	12:00:00	135765	136360	135566	135790	1697015	6269291	1
2025.03.26	18:00:00	135790	135810	135067	135673	61165	174712	1
2025.03.27	06:00:00	136162	136656	135714	136167	2271994	7049611	1
2025.03.27	12:00:00	136167	137140	136141	136365	1795375	6121626	1
2025.03.27	18:00:00	136365	136401	136248	136320	31303	93638	1
2025.03.28	06:00:00	136228	136284	134573	134639	2190298	7144591	1
2025.03.28	12:00:00	134634	136116	134481	135153	1796643	6415639	1
2025.03.28	18:00:00	135153	135215	135072	135184	22419	67788	1
2025.03.31	06:00:00	134384	134624	133361	133890	2061526	6258175	1
2025.03.31	12:00:00	133890	134165	133233	133483	1830343	6616141	1
2025.03.31	18:00:00	133478	133503	133391	133391	32386	91278	1
2025.04.01	06:00:00	133564	134848	133050	134491	2425911	7655838	1
2025.04.01	12:00:00	134486	135128	134064	134277	1820513	6192915	1
2025.04.01	18:00:00	134277	134288	134053	134145	32296	89021	1
2025.04.02	06:00:00	133967	134583	133315	133936	2358938	7505678	1
2025.04.02	12:00:00	133941	135887	133422	133824	2334806	7348709	1
2025.04.02	18:00:00	133829	133992	133188	133188	42783	141143	1
2025.04.03	06:00:00	132760	135602	132622	134608	2905078	8978585	1
2025.04.03	12:00:00	134614	134639	133799	134196	2204729	6890660	1
2025.04.03	18:00:00	134186	134318	134099	134318	24858	75631	1
2025.04.04	06:00:00	132108	132312	129180	129648	2804836	8299769	1
2025.04.04	12:00:00	129643	130595	129526	129989	2609304	8006799	1
2025.04.04	18:00:00	129994	130162	129714	130020	44474	123751	1
2025.04.07	06:00:00	127983	131420	126531	129551	4396119	11340617	1
2025.04.07	12:00:00	129551	129954	127412	128237	3845440	9148053	1
2025.04.07	18:00:00	128237	128298	128054	128227	26891	66418	1
2025.04.08	06:00:00	129663	130356	128049	128125	2906971	8453747	1
2025.04.08	12:00:00	128125	128410	125940	126312	3530656	10377773	1
2025.04.08	18:00:00	126312	126429	126098	126302	50572	125278	1
2025.04.09	06:00:00	125299	127361	124835	126251	3447017	9451156	1
2025.04.09	12:00:00	126251	132373	125900	129994	4255352	10731037	1
2025.04.09	18:00:00	129989	130320	129867	129918	41722	98875	1
2025.04.10	06:00:00	129505	130626	128859	129057	3163022	8338981	1
2025.04.10	12:00:00	129062	129327	127382	128950	3939061	9769353	1
2025.04.10	18:00:00	128945	128981	128706	128884	33737	75313	1
2025.04.11	06:00:00	129439	130045	128441	129022	3220000	8465058	1
2025.04.11	12:00:00	129022	130926	128640	130259	2499242	7502857	1
2025.04.11	18:00:00	130264	130371	130112	130295	29086	74135	1
2025.04.14	06:00:00	130987	132108	130830	131257	2595973	7494373	1
2025.04.14	12:00:00	131252	132541	130809	132031	2959417	9063603	1
2025.04.14	18:00:00	132031	132088	131802	131884	46290	119253	1
2025.04.15	06:00:00	131853	132408	131344	131634	2588663	7764849	1
2025.04.15	12:00:00	131634	132296	131415	131650	2164239	6659019	1
2025.04.15	18:00:00	131655	131680	131583	131675	46374	103558	1
2025.04.16	06:00:00	131520	131680	130535	130775	2388484	6888333	1
2025.04.16	12:00:00	130775	132065	130380	130610	2459578	7842988	1
2025.04.16	18:00:00	130610	130735	130465	130570	43676	98645	1
2025.04.17	06:00:00	130855	131530	130270	131280	2349578	7220723	1
2025.04.17	12:00:00	131280	132600	131245	131980	2236137	7224865	1
2025.04.17	18:00:00	131980	132070	131850	131875	33139	102343	1
2025.04.22	06:00:00	132140	132610	130940	132520	2370033	7520109	1
2025.04.22	12:00:00	132520	133335	132415	132845	2149974	7198747	1
2025.04.22	18:00:00	132840	133110	132820	133110	45969	105363	1
2025.04.23	06:00:00	134125	135670	134110	135580	2446044	7792510	1
2025.04.23	12:00:00	135585	135770	134625	134930	2096167	7389328	1
2025.04.23	18:00:00	134925	135045	134870	135015	34634	85044	1
2025.04.24	06:00:00	134785	135720	134675	135500	2205824	7176719	1
2025.04.24	12:00:00	135500	137390	135495	136975	2142145	7690038	1
2025.04.24	18:00:00	136980	137075	136960	137050	41265	106834	1
2025.04.25	06:00:00	136745	137430	136530	137265	2284943	7151861	1
2025.04.25	12:00:00	137265	137320	136500	137175	1849312	6306484	1
2025.04.25	18:00:00	137170	137285	137105	137265	22292	69111	1
2025.04.28	06:00:00	136890	138070	136840	137805	2108189	6726703	1
2025.04.28	12:00:00	137805	137900	136955	137220	1647347	5892770	1
2025.04.28	18:00:00	137220	137325	137200	137275	29753	73490	1
2025.04.29	06:00:00	137265	138435	137145	138335	2188096	6848756	1
2025.04.29	12:00:00	138335	138465	137285	137405	1590559	5760584	1
2025.04.29	18:00:00	137410	137435	137330	137420	44879	103869	1
2025.04.30	06:00:00	137155	137640	136115	136255	2414492	7945487	1
2025.04.30	12:00:00	136255	137500	136230	136980	2150396	7580697	1
2025.04.30	18:00:00	136975	137030	136785	136800	37199	105122	1
2025.05.02	06:00:00	137240	137465	136380	137115	2191343	7177722	1
2025.05.02	12:00:00	137115	137305	136380	137235	1714411	5958568	1
2025.05.02	18:00:00	137235	137555	137215	137555	30999	110014	1
2025.05.05	06:00:00	136975	137460	135620	135945	2069108	6973509	1
2025.05.05	12:00:00	135950	136090	135400	135545	1537327	5518431	1
2025.05.05	18:00:00	135545	135570	135300	135300	44846	135099	1
2025.05.06	06:00:00	135300	136220	135285	135530	2142753	7225939	1
2025.05.06	12:00:00	135535	135840	135160	135510	1640256	5906962	1
2025.05.06	18:00:00	135515	135685	135505	135665	41182	100368	1
2025.05.07	06:00:00	136000	136500	134675	134875	2087782	7162162	1
2025.05.07	12:00:00	134875	135520	134755	135350	2227982	8064534	1
2025.05.07	18:00:00	135355	135445	135315	135390	36656	95192	1
2025.05.08	06:00:00	136400	138885	136380	138610	2261609	7811258	1
2025.05.08	12:00:00	138610	139620	138050	138260	1992746	7370881	1
2025.05.08	18:00:00	138255	138360	138205	138360	43260	104648	1
2025.05.09	06:00:00	138800	139070	138205	138560	2169886	7257781	1
2025.05.09	12:00:00	138565	138595	137905	138250	1465776	5444508	1
2025.05.09	18:00:00	138255	138340	138215	138220	21710	61574	1
2025.05.12	06:00:00	140305	140310	138230	138510	2076311	7014697	1
2025.05.12	12:00:00	138505	138610	138060	138535	1506608	5406558	1
2025.05.12	18:00:00	138540	138620	138445	138620	39612	98226	1
2025.05.13	06:00:00	138700	140115	138325	140040	2079578	6758152	1
2025.05.13	12:00:00	140040	141360	140020	140750	1789612	6692879	1
2025.05.13	18:00:00	140755	140765	140525	140525	33795	115867	1
2025.05.14	06:00:00	140555	141030	140090	140420	2294318	7278058	1
2025.05.14	12:00:00	140425	140745	139925	140025	1616754	5662883	1
2025.05.14	18:00:00	140020	140145	140015	140065	31891	83961	1
2025.05.15	06:00:00	139775	140940	139570	140315	2040743	6297413	1
2025.05.15	12:00:00	140315	141170	140000	141045	2008098	6656627	1
2025.05.15	18:00:00	141045	141090	140930	141075	30979	95686	1
2025.05.16	06:00:00	140770	140790	139120	139400	2239156	7389673	1
2025.05.16	12:00:00	139395	140850	139285	140470	1708717	5765355	1
2025.05.16	18:00:00	140465	140500	140250	140325	39857	101606	1
2025.05.19	06:00:00	140000	141315	139895	141225	2206163	7145051	1
2025.05.19	12:00:00	141225	141740	141055	141175	1832586	6230890	1
2025.05.19	18:00:00	141170	141320	141110	141310	46446	110234	1
2025.05.20	06:00:00	141300	141455	140390	140755	2095840	6606337	1
2025.05.20	12:00:00	140760	141730	140635	141480	1590031	5545073	1
2025.05.20	18:00:00	141475	141525	141420	141500	34294	90102	1
2025.05.21	06:00:00	141270	141515	139590	140055	2137729	6821289	1
2025.05.21	12:00:00	140055	140105	138790	138975	1961229	7044366	1
2025.05.21	18:00:00	138975	139160	138910	139060	34016	112038	1
2025.05.22	06:00:00	139065	139440	138415	139275	2270618	7336498	1
2025.05.22	12:00:00	139280	140150	137345	137400	2425057	8593718	1
2025.05.22	18:00:00	137395	137465	135175	136290	137616	434501	1
2025.05.23	06:00:00	136440	138235	135960	138050	2677298	7858863	1
2025.05.23	12:00:00	138050	139095	137890	138870	2113529	6567725	1
2025.05.23	18:00:00	138865	139205	138800	138830	59014	148535	1
2025.05.26	06:00:00	139200	139965	138715	139140	2336349	6891130	1
2025.05.26	12:00:00	139140	139455	138840	139360	1280261	3779693	1
2025.05.26	18:00:00	139355	139475	139275	139420	45200	96144	1
2025.05.27	06:00:00	140020	141625	140020	141005	2454766	7112502	1
2025.05.27	12:00:00	141000	141035	140420	140905	1768077	5804903	1
2025.05.27	18:00:00	140905	140975	140900	140930	36124	76196	1
2025.05.28	06:00:00	140795	141080	139690	140115	2045726	5955557	1
2025.05.28	12:00:00	140115	140320	139565	140285	1443632	4590656	1
2025.05.28	18:00:00	140285	140375	140245	140285	49113	98094	1
2025.05.29	06:00:00	140600	140600	139065	139710	2464030	7174423	1
2025.05.29	12:00:00	139705	140110	138835	139680	1813273	5995892	1
2025.05.29	18:00:00	139680	139720	139605	139605	26341	75368	1
2025.05.30	06:00:00	139600	140045	137705	138015	2465239	7079698	1
2025.05.30	12:00:00	138020	138575	137535	137885	1887319	5879278	1
2025.05.30	18:00:00	137885	138020	137715	138020	41342	98046	1
2025.06.02	06:00:00	138110	139570	137775	137890	2279118	6943861	1
2025.06.02	12:00:00	137885	138050	137240	137565	1782528	5724761	1
2025.06.02	18:00:00	137560	137575	137345	137435	52476	115351	1
2025.06.03	06:00:00	137525	137960	136845	137845	1817907	5198390	1
2025.06.03	12:00:00	137845	138530	137625	138350	1925714	5975765	1
2025.06.03	18:00:00	138350	138575	138340	138490	47733	112411	1
2025.06.04	06:00:00	138650	139550	138500	138555	2582726	7082392	1
2025.06.04	12:00:00	138560	138645	137440	137820	1726111	5332252	1
2025.06.04	18:00:00	137825	137890	137775	137815	34007	83263	1
2025.06.05	06:00:00	138010	138250	137185	137570	2567831	7262497	1
2025.06.05	12:00:00	137565	137940	136570	136865	2084238	6389370	1
2025.06.05	18:00:00	136865	136995	136845	136935	38271	90053	1
2025.06.06	06:00:00	137400	137535	136330	136390	2437897	6878484	1
2025.06.06	12:00:00	136395	137000	136150	136890	2050913	6184959	1
2025.06.06	18:00:00	136885	136985	136750	136800	33860	94634	1
2025.06.09	06:00:00	136775	137200	134520	135205	2454856	6978153	1
2025.06.09	12:00:00	135205	136495	135180	136295	1877069	5858477	1
2025.06.09	18:00:00	136295	136355	136240	136290	38579	91891	1
2025.06.10	06:00:00	136780	137885	136500	137320	2881138	8156875	1
2025.06.10	12:00:00	137320	137665	136655	136975	1973673	6080448	1
2025.06.10	18:00:00	136980	137260	136965	137045	41421	101431	1
2025.06.11	06:00:00	137020	137415	135710	136680	2932170	7923850	1
2025.06.11	12:00:00	136680	137950	136180	137335	2069233	6581298	1
2025.06.11	18:00:00	137335	137435	137315	137320	33675	84841	1
2025.06.12	06:00:00	136830	137840	136020	137310	2850385	8065353	1
2025.06.12	12:00:00	137310	138245	137235	138000	1797557	5675522	1
2025.06.12	18:00:00	138000	138215	137990	138175	63350	155903	1
2025.06.13	06:00:00	137385	137930	136660	137235	2831949	7812740	1
2025.06.13	12:00:00	137235	137950	137065	137260	2181286	6467229	1
2025.06.13	18:00:00	137260	137425	137255	137285	42089	106193	1
2025.06.16	06:00:00	137600	140115	137550	140075	2755806	7725367	1
2025.06.16	12:00:00	140075	140265	139460	139755	1815752	5612326	1
2025.06.16	18:00:00	139755	140150	139740	140150	60688	125574	1
2025.06.17	06:00:00	142324	142471	141396	141473	2670105	7237023	1
2025.06.17	12:00:00	141478	141682	140927	141381	2037174	5992795	1
2025.06.17	18:00:00	141386	141600	141320	141600	51451	118116	1
2025.06.18	06:00:00	141695	141830	141000	141590	2208765	5912607	1
2025.06.18	12:00:00	141590	141960	141155	141595	1903310	5644875	1
2025.06.18	18:00:00	141595	141680	141500	141655	37158	96555	1
2025.06.20	06:00:00	141580	141745	139400	139500	2120351	6114224	1
2025.06.20	12:00:00	139495	140375	139305	139730	1831749	5733754	1
2025.06.20	18:00:00	139730	139850	139670	139710	47234	102320	1
2025.06.23	06:00:00	139695	139945	138795	139095	2315786	6600323	1
2025.06.23	12:00:00	139100	139235	138320	139135	2060972	6503484	1
2025.06.23	18:00:00	139135	139260	139105	139215	36199	94027	1
2025.06.24	06:00:00	139860	140350	138640	140320	2674857	7978338	1
2025.06.24	12:00:00	140325	140670	139330	139505	1587529	5317590	1
2025.06.24	18:00:00	139495	139510	139300	139300	37418	97549	1
2025.06.25	06:00:00	139300	139385	138250	138470	2497788	7151670	1
2025.06.25	12:00:00	138470	138645	137735	137975	1910404	6154283	1
2025.06.25	18:00:00	137980	138210	137890	138190	54244	142970	1
2025.06.26	06:00:00	138635	139565	138325	139355	2607118	7465403	1
2025.06.26	12:00:00	139355	139750	139220	139270	1698512	5557397	1
2025.06.26	18:00:00	139270	139485	139140	139225	63269	170676	1
2025.06.27	06:00:00	139600	139740	138300	139025	2487400	7038492	1
2025.06.27	12:00:00	139025	139565	138825	139145	1792078	5762557	1
2025.06.27	18:00:00	139145	139335	139140	139335	31960	87482	1
2025.06.30	06:00:00	139250	140355	138025	140290	2416165	7072634	1
2025.06.30	12:00:00	140285	141450	140135	141195	1965089	6354861	1
2025.06.30	18:00:00	141195	141350	141115	141115	56743	144578	1
2025.07.01	06:00:00	140900	141885	140725	141335	2705738	7646214	1
2025.07.01	12:00:00	141340	141950	141150	141665	1764023	5636382	1
2025.07.01	18:00:00	141660	141785	141625	141785	53882	117556	1
2025.07.02	06:00:00	141830	142200	140400	140830	2976017	9135629	1
2025.07.02	12:00:00	140830	141685	140725	141325	2003621	6838893	1
2025.07.02	18:00:00	141325	141450	141285	141435	53385	148610	1
2025.07.03	06:00:00	141160	143295	140865	142685	2730127	8389134	1
2025.07.03	12:00:00	142685	143445	142535	143140	1521602	5186989	1
2025.07.03	18:00:00	143140	143255	143060	143125	33522	113051	1
2025.07.04	06:00:00	142675	143370	142415	143155	1919020	5306964	1
2025.07.04	12:00:00	143155	143650	143050	143390	1176772	3766408	1
2025.07.04	18:00:00	143390	143825	143385	143815	43397	139500	1
2025.07.07	06:00:00	143360	143415	142060	142235	2416566	7382901	1
2025.07.07	12:00:00	142235	142240	141145	141435	1861879	6928291	1
2025.07.07	18:00:00	141430	141465	141325	141325	36258	123084	1
2025.07.08	06:00:00	141670	141895	140800	141100	2688222	8282821	1
2025.07.08	12:00:00	141100	141290	140530	141260	1907440	6441887	1
2025.07.08	18:00:00	141255	141370	141205	141250	43475	129223	1
2025.07.09	06:00:00	141280	141340	139720	139730	2296377	7215889	1
2025.07.09	12:00:00	139730	139850	137155	137970	2063185	7181724	1
2025.07.09	18:00:00	137970	138030	137500	137820	98635	222264	1
2025.07.10	06:00:00	137320	138395	136755	138195	830175	8025587	0
2025.07.10	12:00:00	138190	138695	137920	138635	592497	6047174	0
2025.07.10	18:00:00	138640	138875	138575	138575	18207	144775	0
2025.07.11	06:00:00	138100	138255	137135	137610	777731	7401995	0
2025.07.11	12:00:00	137605	137920	137005	137730	540840	5610873	0
2025.07.11	18:00:00	137730	137830	137460	137615	13546	111827	0
2025.07.14	06:00:00	137370	137720	136225	136435	774389	7337066	0
2025.07.14	12:00:00	136430	136915	136390	136705	489714	5082384	0
2025.07.14	18:00:00	136705	136750	136580	136740	9326	81911	0
2025.07.15	06:00:00	136880	137535	135870	136175	810133	7745019	0
2025.07.15	12:00:00	136175	137025	135650	136845	630517	6588167	0
2025.07.15	18:00:00	136845	137175	136820	137175	14201	124277	0
2025.07.16	06:00:00	136640	137280	135730	135735	2463060	7570291	1
2025.07.16	12:00:00	135735	136980	135525	136655	2215899	7496380	1
2025.07.16	18:00:00	136655	136665	136450	136495	28273	89069	1
2025.07.17	06:00:00	136210	137015	135635	136930	2504327	7684458	1
2025.07.17	12:00:00	136930	137065	136240	136845	1641665	5577982	1
2025.07.17	18:00:00	136845	136910	136740	136795	43131	95847	1
2025.07.18	06:00:00	136565	136640	135250	135810	2591799	7975798	1
2025.07.18	12:00:00	135810	136020	134310	134675	1718323	6113608	1
2025.07.18	18:00:00	134670	134750	134575	134725	36209	118836	1
2025.07.21	06:00:00	134140	135835	134040	135750	2444270	7180406	1
2025.07.21	12:00:00	135750	136050	135180	135285	1585356	5180763	1
2025.07.21	18:00:00	135295	135300	134975	135145	48070	130449	1
2025.07.22	06:00:00	135250	136385	134785	136190	2482525	7007311	1
2025.07.22	12:00:00	136195	136350	134975	135345	1757181	5545663	1
2025.07.22	18:00:00	135345	135575	135265	135575	42468	118568	1
2025.07.23	06:00:00	135675	136135	134505	135950	2634128	8314664	1
2025.07.23	12:00:00	135950	136800	135800	136220	1731925	6117829	1
2025.07.23	18:00:00	136225	136425	136205	136360	41325	92070	1
2025.07.24	06:00:00	136065	136160	134510	134990	2257728	6983012	1
2025.07.24	12:00:00	134985	135120	134515	134850	1497760	5243860	1
2025.07.24	18:00:00	134850	134885	134595	134595	57549	145594	1
2025.07.25	06:00:00	134530	135555	134325	134375	2321101	7255403	1
2025.07.25	12:00:00	134375	134785	134075	134285	1559269	5503177	1
2025.07.25	18:00:00	134280	134300	134130	134280	33026	98734	1
2025.07.28	06:00:00	134210	134885	133085	133385	2283503	6844278	1
2025.07.28	12:00:00	133390	133390	132335	133075	1644439	5881504	1
2025.07.28	18:00:00	133070	133250	133055	133065	68287	168046	1
2025.07.29	06:00:00	133150	133715	132770	133475	2602790	7903117	1
2025.07.29	12:00:00	133480	134100	133225	133395	1667631	5816666	1
2025.07.29	18:00:00	133390	133410	133295	133355	35848	92442	1
2025.07.30	06:00:00	133435	134020	132520	132720	2935072	8968259	1
2025.07.30	12:00:00	132720	135870	132495	134560	2982877	9246275	1
2025.07.30	18:00:00	134560	134825	134545	134560	46415	115076	1
2025.07.31	06:00:00	133980	134210	132520	133110	2429052	7813103	1
2025.07.31	12:00:00	133115	134030	133085	133590	1975722	7094263	1
2025.07.31	18:00:00	133590	133715	133515	133635	41374	97912	1
2025.08.01	06:00:00	132905	135480	132505	133830	3154577	9491215	1
2025.08.01	12:00:00	133825	133930	132575	132915	2073146	6699581	1
2025.08.01	18:00:00	132905	132990	132820	132990	34675	92785	1
2025.08.04	06:00:00	133400	134585	133055	133765	2756554	8252053	1
2025.08.04	12:00:00	133765	133775	132815	133600	1869279	6334704	1
2025.08.04	18:00:00	133605	133700	133000	133200	66095	203892	1
2025.08.05	06:00:00	132760	134650	132600	133270	3049641	9247891	1
2025.08.05	12:00:00	133265	134180	133230	133480	2091916	7367238	1
2025.08.05	18:00:00	133485	133550	133425	133520	44487	114507	1
2025.08.06	06:00:00	133760	135585	133740	134815	2968697	9552821	1
2025.08.06	12:00:00	134810	135315	134555	134770	1887613	6834466	1
2025.08.06	18:00:00	134765	134970	134645	134780	67795	161360	1
2025.08.07	06:00:00	135225	136495	135035	136350	2607881	8623574	1
2025.08.07	12:00:00	136350	137265	136310	136805	1993863	7254399	1
2025.08.07	18:00:00	136805	137135	136780	137060	77036	197633	1
2025.08.08	06:00:00	136705	136760	135720	136415	2434570	8023487	1
2025.08.08	12:00:00	136415	136795	135770	136250	1816119	6613691	1
2025.08.08	18:00:00	136245	136365	136205	136365	33096	109625	1
2025.08.11	06:00:00	136105	136380	135525	135915	2381350	7386140	1
2025.08.11	12:00:00	135915	136445	135510	135855	1879465	6589240	1
2025.08.11	18:00:00	135855	135920	135750	135850	38482	97745	1
2025.08.12	06:00:00	139291	141048	139020	140936	2683014	8328714	1
2025.08.12	12:00:00	140936	141493	140829	141058	1824024	6552944	1
2025.08.12	18:00:00	141064	141247	140992	141130	66029	166144	1
2025.08.13	06:00:00	141130	141445	139845	140180	1979057	5994065	1
2025.08.13	12:00:00	140180	140385	139530	139690	1673447	6041456	1
2025.08.13	18:00:00	139695	139740	139595	139675	38415	90490	1
2025.08.14	06:00:00	139480	140460	138485	140265	2753164	8891581	1
2025.08.14	12:00:00	140270	140295	139220	139300	1733360	6331944	1
2025.08.14	18:00:00	139295	139410	139285	139400	28081	85664	1
2025.08.15	06:00:00	139500	139500	138570	139100	2279903	7236042	1
2025.08.15	12:00:00	139100	139700	138400	139420	1581080	5848152	1
2025.08.15	18:00:00	139420	140820	139275	139395	68618	207556	1
2025.08.18	06:00:00	139295	140500	138955	140465	2496224	7705069	1
2025.08.18	12:00:00	140465	140820	140020	140175	1694381	5931633	1
2025.08.18	18:00:00	140175	140185	140050	140075	55262	133740	1
2025.08.19	06:00:00	140170	140200	137300	137410	2641043	9081712	1
2025.08.19	12:00:00	137405	137645	136525	136685	1995714	7858352	1
2025.08.19	18:00:00	136675	136700	136250	136490	93292	239479	1
2025.08.20	06:00:00	136795	137430	136460	136900	2609551	8483809	1
2025.08.20	12:00:00	136900	137665	136820	137065	1897306	6807768	1
2025.08.20	18:00:00	137065	137175	136910	137145	65565	163861	1
2025.08.21	06:00:00	136960	137565	135900	136890	1212414	3548614	1
2025.08.21	12:00:00	136890	137390	136580	137180	1391595	5011770	1
2025.08.21	18:00:00	137185	137215	137060	137140	43733	102194	1
2025.08.22	06:00:00	137165	140135	137005	139975	2693175	8291317	1
2025.08.22	12:00:00	139975	140860	139785	140655	1583396	6160480	1
2025.08.22	18:00:00	140650	140925	140620	140740	56363	142998	1
2025.08.25	06:00:00	140780	141585	140670	141210	2162931	6844654	1
2025.08.25	12:00:00	141215	141500	140500	140645	1712035	6039264	1
2025.08.25	18:00:00	140640	140885	140625	140850	63916	155383	1
2025.08.26	06:00:00	140525	140735	139450	139765	2367605	7615947	1
2025.08.26	12:00:00	139765	140480	139460	140430	1517851	5493604	1
2025.08.26	18:00:00	140425	140570	140400	140435	65386	153727	1
2025.08.27	06:00:00	140100	140485	139540	140035	2423560	7739254	1
2025.08.27	12:00:00	140035	141765	139965	141555	2060419	7134904	1
2025.08.27	18:00:00	141550	141630	141310	141310	72052	156177	1
2025.08.28	06:00:00	142150	144660	142115	144205	2671232	9038114	1
2025.08.28	12:00:00	144205	144385	143500	143630	1584081	5998914	1
2025.08.28	18:00:00	143630	143750	143530	143750	56937	144551	1
2025.08.29	06:00:00	143005	144430	142870	144350	2088987	7030068	1
2025.08.29	12:00:00	144350	144775	143785	144010	1637855	5970739	1
2025.08.29	18:00:00	144010	144460	144000	144095	81590	186014	1
2025.09.01	06:00:00	143905	144250	143465	143555	2018377	6223825	1
2025.09.01	12:00:00	143555	143635	143035	143490	1506724	5140685	1
2025.09.01	18:00:00	143490	143640	143385	143610	47704	141922	1
2025.09.02	06:00:00	142650	143250	141615	142965	2926485	9254646	1
2025.09.02	12:00:00	142960	143065	142080	142330	2068952	6941811	1
2025.09.02	18:00:00	142325	142500	142300	142500	52245	116363	1
2025.09.03	06:00:00	142700	142815	141820	142300	2588790	8141022	1
2025.09.03	12:00:00	142295	142295	141590	141830	1784768	6241412	1
2025.09.03	18:00:00	141835	141920	141745	141780	55522	137687	1
2025.09.04	06:00:00	141750	142365	141550	142325	2419151	7561238	1
2025.09.04	12:00:00	142325	143495	142135	143010	1839960	6858530	1
2025.09.04	18:00:00	143005	143110	142965	142965	42892	120226	1
2025.09.05	06:00:00	143240	145465	143160	144190	2664350	8873654	1
2025.09.05	12:00:00	144185	144825	143930	144615	1698493	6147540	1
2025.09.05	18:00:00	144615	144700	144600	144650	25104	91968	1
2025.09.08	06:00:00	144850	145025	143335	143375	2310165	7717926	1
2025.09.08	12:00:00	143370	143800	143145	143695	1734022	6399577	1
2025.09.08	18:00:00	143690	143835	143640	143790	57508	142973	1
2025.09.09	06:00:00	143930	144475	143580	143825	2680776	8937342	1
2025.09.09	12:00:00	143825	143860	143340	143485	1639030	6094469	1
2025.09.09	18:00:00	143485	143605	143455	143605	37313	122568	1
2025.09.10	06:00:00	143780	144920	142965	144440	2938006	9465418	1
2025.09.10	12:00:00	144440	144630	143840	144335	1692968	5964892	1
2025.09.10	18:00:00	144330	144380	144225	144335	44731	109433	1
2025.09.11	06:00:00	144150	145695	143380	145480	2956471	9188927	1
2025.09.11	12:00:00	145480	145590	144595	144830	1683581	6126547	1
2025.09.11	18:00:00	144830	144880	144755	144795	46253	116683	1
2025.09.12	06:00:00	144395	144870	143550	144205	2537368	8353137	1
2025.09.12	12:00:00	144210	144590	143755	144035	1476885	5251709	1
2025.09.12	18:00:00	144040	144200	143975	144165	43033	149211	1
2025.09.15	06:00:00	144150	145315	143930	145135	2823868	9138828	1
2025.09.15	12:00:00	145135	145805	144900	144940	1970640	7095268	1
2025.09.15	18:00:00	144940	145010	144685	144790	94480	225790	1
2025.09.16	06:00:00	145620	146260	145230	145505	3159103	9747636	1
2025.09.16	12:00:00	145505	145715	145050	145495	2003490	6993963	1
2025.09.16	18:00:00	145495	145555	145380	145475	52617	133159	1
2025.09.17	06:00:00	145400	146820	145115	146585	2893388	9358758	1
2025.09.17	12:00:00	146580	147895	146480	146960	3274193	10767445	1
2025.09.17	18:00:00	146960	147070	146885	146995	54274	128878	1
2025.09.18	06:00:00	147100	147395	146325	146630	2584310	7740405	1
2025.09.18	12:00:00	146625	147115	146400	146780	1769852	5884145	1
2025.09.18	18:00:00	146780	147130	146780	147105	57745	165152	1
2025.09.19	06:00:00	146730	147720	146435	147080	2491043	7719115	1
2025.09.19	12:00:00	147080	147470	146785	146975	1620590	5550104	1
2025.09.19	18:00:00	146970	146990	146830	146840	57046	151327	1
2025.09.22	06:00:00	146675	146775	145240	145435	2628776	8396257	1
2025.09.22	12:00:00	145430	146605	145415	146260	1884050	6577518	1
2025.09.22	18:00:00	146265	146300	146200	146245	55760	128160	1
2025.09.23	06:00:00	146135	147780	146040	147630	2644192	8568807	1
2025.09.23	12:00:00	147630	148375	147510	147530	2209436	7500877	1
2025.09.23	18:00:00	147525	147650	147455	147590	63438	158253	1
2025.09.24	06:00:00	147590	147890	147235	147360	2507907	8022846	1
2025.09.24	12:00:00	147355	147720	147155	147600	1930720	6803856	1
2025.09.24	18:00:00	147595	149000	147575	148800	152415	434294	1
2025.09.25	06:00:00	148000	148700	146490	146915	2736321	8566933	1
2025.09.25	12:00:00	146910	147500	146110	146340	1991642	7165351	1
2025.09.25	18:00:00	146345	146585	146315	146405	56281	142965	1
2025.09.26	06:00:00	146545	147170	145975	146305	2517230	8033009	1
2025.09.26	12:00:00	146305	146545	146025	146500	1302571	4623877	1
2025.09.26	18:00:00	146500	146520	146305	146360	32276	103287	1
2025.09.29	06:00:00	146635	149095	146620	147370	2381865	7570057	1
2025.09.29	12:00:00	147375	147640	147110	147360	1613505	5866957	1
2025.09.29	18:00:00	147360	147430	147250	147305	54161	127946	1
2025.09.30	06:00:00	147400	148435	146835	146930	2358407	7979882	1
2025.09.30	12:00:00	146935	147250	146610	147145	1522136	5703882	1
2025.09.30	18:00:00	147140	147245	147120	147135	34966	81315	1
2025.10.01	06:00:00	147205	148125	146335	146445	3207963	9868170	1
2025.10.01	12:00:00	146440	146640	145910	146375	1842311	6320190	1
2025.10.01	18:00:00	146370	146385	146250	146255	45852	115163	1
2025.10.02	06:00:00	146750	147280	144570	144615	2894234	9698369	1
2025.10.02	12:00:00	144615	144890	144235	144780	1834002	6877063	1
2025.10.02	18:00:00	144775	144785	144650	144725	44537	120084	1
2025.10.03	06:00:00	145000	145050	144210	144450	2541132	8386115	1
2025.10.03	12:00:00	144455	145160	144335	144815	1875993	6876750	1
2025.10.03	18:00:00	144820	144850	144635	144670	29850	99853	1
2025.10.06	06:00:00	144860	145335	144050	144385	2897022	9754096	1
2025.10.06	12:00:00	144380	144515	143820	144145	1728231	6436200	1
2025.10.06	18:00:00	144150	144220	144000	144060	52226	129285	1
2025.10.07	06:00:00	143650	143715	141765	142070	2732172	9199268	1
2025.10.07	12:00:00	142070	142260	141420	141795	1917323	7120212	1
2025.10.07	18:00:00	141790	141820	141600	141615	50812	153088	1
2025.10.08	06:00:00	141700	142715	141640	142585	2737256	8988878	1
2025.10.08	12:00:00	142590	142650	142020	142540	1625531	5980860	1
2025.10.08	18:00:00	142540	142780	142490	142490	77102	184527	1
2025.10.09	06:00:00	142900	143800	142110	142355	3053306	9743113	1
2025.10.09	12:00:00	142355	142810	141810	141940	1785504	6186189	1
2025.10.09	18:00:00	141945	141995	141890	141890	44118	113575	1
2025.10.10	06:00:00	142145	142685	141355	141560	3103135	10142987	1
2025.10.10	12:00:00	141560	141605	140165	140330	2684704	8821579	1
2025.10.10	18:00:00	140330	140475	140055	140350	52204	152098	1
2025.10.13	06:00:00	141550	142315	141550	142065	3056124	9320578	1
2025.10.13	12:00:00	142060	142450	141480	141645	1913950	6568529	1
2025.10.13	18:00:00	141640	141685	141525	141615	59789	152436	1
2025.10.14	06:00:00	143689	145835	143597	145262	3154460	9967362	1
2025.10.14	12:00:00	145268	145682	144435	144797	2167081	7246318	1
2025.10.14	18:00:00	144803	145615	144792	144915	90440	246319	1
2025.10.15	06:00:00	145145	146100	144005	145965	3016175	9497213	1
2025.10.15	12:00:00	145965	146045	144945	145740	2183273	7231203	1
2025.10.15	18:00:00	145740	145855	145680	145715	46723	106020	1
2025.10.16	06:00:00	145735	145930	144330	145765	2795221	9263069	1
2025.10.16	12:00:00	145760	146195	145020	145100	2370970	7984581	1
2025.10.16	18:00:00	145100	145195	145010	145010	36653	97317	1
2025.10.17	06:00:00	144885	146235	144080	145945	3008008	9779900	1
2025.10.17	12:00:00	145945	146430	145650	146145	1795333	6105049	1
2025.10.17	18:00:00	146140	146545	146070	146450	49405	162513	1
2025.10.20	06:00:00	146320	147665	146250	147555	3108763	9386761	1
2025.10.20	12:00:00	147550	148215	147345	147445	1879887	6540405	1
2025.10.20	18:00:00	147450	147460	147270	147300	45206	120446	1
2025.10.21	06:00:00	147100	147740	146645	147375	3060075	9451148	1
2025.10.21	12:00:00	147370	147550	146695	147075	1759318	6061847	1
2025.10.21	18:00:00	147075	147240	147030	147235	47987	125993	1
2025.10.22	06:00:00	146995	147795	146565	147480	3138699	9833458	1
2025.10.22	12:00:00	147485	147945	147090	147750	2282929	7549831	1
2025.10.22	18:00:00	147745	147915	147740	147915	43396	108675	1
2025.10.23	06:00:00	147960	149125	147910	148330	2790046	8840910	1
2025.10.23	12:00:00	148330	148725	147770	148695	1717492	5988218	1
2025.10.23	18:00:00	148695	148800	148625	148785	47687	130890	1
2025.10.24	06:00:00	148545	150095	148450	148940	2753614	8861120	1
2025.10.24	12:00:00	148945	149340	148825	148910	1198702	4315062	1
2025.10.24	18:00:00	148910	148950	148810	148815	22963	99299	1
2025.10.27	06:00:00	150075	150750	149540	150010	2569827	8361658	1
2025.10.27	12:00:00	150010	150060	149475	149740	1313356	4713466	1
2025.10.27	18:00:00	149740	149900	149710	149790	49107	137569	1
2025.10.28	06:00:00	149520	150235	149065	150055	2573531	8464729	1
2025.10.28	12:00:00	150050	150525	149925	150225	1680066	5924572	1
2025.10.28	18:00:00	150230	150375	150155	150375	47700	126059	1
2025.10.29	06:00:00	150465	151430	149815	151290	2609449	8615100	1
2025.10.29	12:00:00	151290	151740	150910	151180	2222864	7959294	1
2025.10.29	18:00:00	151180	151345	151160	151295	40065	123745	1
2025.10.30	06:00:00	151000	151715	149900	151675	2840861	9602378	1
2025.10.30	12:00:00	151675	151790	151265	151595	1354694	5072017	1
2025.10.30	18:00:00	151595	151795	151585	151760	81018	207994	1
2025.10.31	06:00:00	151485	152215	151355	151710	2690135	8290428	1
2025.10.31	12:00:00	151710	152190	151415	152165	1700773	5835946	1
2025.10.31	18:00:00	152165	152245	152140	152225	38022	127726	1
2025.11.03	06:00:00	152225	152990	151965	152910	2608700	8203377	1
2025.11.03	12:00:00	152905	153225	152480	152885	1693081	5650694	1
2025.11.03	18:00:00	152890	153020	152825	153000	79543	220958	1
2025.11.04	06:00:00	151950	153180	151750	153045	2701843	8792141	1
2025.11.04	12:00:00	153045	153250	152505	152960	1698026	5786160	1
2025.11.04	18:00:00	152960	153065	152900	153050	82895	246874	1
2025.11.05	06:00:00	152850	154385	152515	154220	2932696	9676472	1
2025.11.05	12:00:00	154230	155975	154120	155830	2387310	9147573	1
2025.11.05	18:00:00	155830	155990	155675	155915	106308	364513	1
2025.11.06	06:00:00	155455	156570	155455	155885	2717401	8971735	1
2025.11.06	12:00:00	155885	156125	155490	155765	2082126	7006607	1
2025.11.06	18:00:00	155760	155850	155630	155750	61898	233336	1
2025.11.07	06:00:00	155635	155750	154500	154675	2468080	8078305	1
2025.11.07	12:00:00	154675	156275	154550	156205	2355828	8058981	1
2025.11.07	18:00:00	156205	156350	156060	156240	82023	309522	1
2025.11.10	06:00:00	157100	157735	156670	156885	2604313	8577482	1
2025.11.10	12:00:00	156885	157455	156815	157335	1699109	6505884	1
2025.11.10	18:00:00	157335	157940	157320	157820	113219	420113	1
2025.11.11	06:00:00	157940	160565	157940	160510	3306712	11076013	1
2025.11.11	12:00:00	160505	160605	159465	159965	2125456	8059756	1
2025.11.11	18:00:00	159960	160095	159825	159835	111436	365212	1
2025.11.12	06:00:00	160000	160170	158910	158955	2493977	8356067	1
2025.11.12	12:00:00	158955	159885	158610	159775	2045893	7653834	1
2025.11.12	18:00:00	159770	159825	159565	159615	82566	263159	1
2025.11.13	06:00:00	159950	160295	159180	159535	2781219	9162670	1
2025.11.13	12:00:00	159535	159975	158475	158940	2521058	8959952	1
2025.11.13	18:00:00	158940	159155	158880	159040	76976	248694	1
2025.11.14	06:00:00	158295	160015	158065	159955	2878304	9583224	1
2025.11.14	12:00:00	159955	160275	159500	159765	2245655	7984473	1
2025.11.14	18:00:00	159765	159775	159310	159310	85585	306573	1
2025.11.17	06:00:00	159585	159670	158670	159405	2677653	8721627	1
2025.11.17	12:00:00	159405	159660	158335	158610	2497013	8328047	1
2025.11.17	18:00:00	158610	158875	158535	158840	108537	315485	1
2025.11.18	06:00:00	158100	158605	157120	158030	2972233	9874658	1
2025.11.18	12:00:00	158030	158750	157780	158345	2534978	8313991	1
2025.11.18	18:00:00	158350	158360	158095	158095	76340	245857	1
2025.11.19	06:00:00	158360	158440	157245	157860	2545995	8272893	1
2025.11.19	12:00:00	157860	157870	156820	157100	2094372	7282522	1
2025.11.19	18:00:00	157100	157145	156260	156880	145728	413393	1
2025.11.21	06:00:00	155200	156690	155200	155570	2643751	8563874	1
2025.11.21	12:00:00	155560	156465	155025	156285	2673964	8401228	1
2025.11.21	18:00:00	156285	156450	156275	156440	62202	203750	1
2025.11.24	06:00:00	156750	157335	155930	156735	2890872	9396076	1
2025.11.24	12:00:00	156730	156985	156390	156425	1589083	5665614	1
2025.11.24	18:00:00	156430	156975	156380	156975	106464	362837	1
2025.11.25	06:00:00	156885	157760	156035	156450	3356782	10872756	1
2025.11.25	12:00:00	156445	157295	156305	157220	1948055	6836781	1
2025.11.25	18:00:00	157220	157460	157215	157300	79463	264884	1
2025.11.26	06:00:00	157500	159170	157415	158870	2668565	8663362	1
2025.11.26	12:00:00	158870	159975	158475	159865	2048537	7722564	1
2025.11.26	18:00:00	159870	160145	159790	160145	106129	354583	1
2025.11.27	06:00:00	159815	159980	159385	159410	1734840	5274202	1
2025.11.27	12:00:00	159415	159795	159285	159515	1365916	4661194	1
2025.11.27	18:00:00	159515	159705	159465	159610	72451	198073	1
2025.11.28	06:00:00	159485	160340	159465	159995	2430990	7209855	1
2025.11.28	12:00:00	159990	160840	159615	160320	1896911	5935805	1
2025.11.28	18:00:00	160315	160335	160100	160100	88186	245157	1
2025.12.01	06:00:00	160000	160360	158945	160080	2525182	8279554	1
2025.12.01	12:00:00	160085	160210	159350	159475	1692101	5848834	1
2025.12.01	18:00:00	159470	159690	159440	159690	55280	214332	1
2025.12.02	06:00:00	160025	161460	159745	160975	3022316	9846340	1
2025.12.02	12:00:00	160970	162075	160640	162015	2224926	7622796	1
2025.12.02	18:00:00	162020	162425	162000	162270	112053	375092	1
2025.12.03	06:00:00	162380	162900	162075	162325	3066566	9673149	1
2025.12.03	12:00:00	162320	162820	161970	162680	2101346	7458214	1
2025.12.03	18:00:00	162685	162885	162580	162650	82484	265581	1
2025.12.04	06:00:00	162655	164880	162650	164540	2806475	9498030	1
2025.12.04	12:00:00	164535	165395	164350	165290	2434438	9423744	1
2025.12.04	18:00:00	165290	165505	165220	165270	109473	403588	1
2025.12.05	06:00:00	165250	165560	164790	165425	2262697	7948796	1
2025.12.05	12:00:00	165425	165785	157465	158110	5417096	15391118	1
2025.12.05	18:00:00	158105	158480	157750	158325	142614	372330	1
2025.12.08	06:00:00	160090	160105	158520	158625	3017574	9556550	1
2025.12.08	12:00:00	158630	159920	158110	158565	2932728	10487806	1
2025.12.08	18:00:00	158565	158970	158520	158860	119378	305816	1
2025.12.09	06:00:00	158465	158665	155630	157240	3562186	12064195	1
2025.12.09	12:00:00	157240	159415	157090	158430	3262901	11405110	1
2025.12.09	18:00:00	158430	158525	158020	158210	120888	346102	1
2025.12.10	06:00:00	159300	160280	157965	158695	3352742	10997889	1
2025.12.10	12:00:00	158695	160190	158300	159550	3258053	11261479	1
2025.12.10	18:00:00	159545	159880	159450	159560	102282	272904	1
2025.12.11	06:00:00	158635	159610	158050	159535	2915865	9398858	1
2025.12.11	12:00:00	159535	160270	159410	159620	2316691	8526890	1
2025.12.11	18:00:00	159615	159685	159455	159465	99224	280501	1
2025.12.12	06:00:00	159715	161610	159585	161080	2917657	9251069	1
2025.12.12	12:00:00	161080	161085	159540	160915	2636664	9018642	1
2025.12.12	18:00:00	160920	161095	160880	161030	70217	238859	1
2025.12.15	06:00:00	161575	162955	161345	162410	2850995	9323194	1
2025.12.15	12:00:00	162415	163300	162160	162680	2655785	9297699	1
2025.12.15	18:00:00	162680	162935	162675	162755	100613	271545	1
2025.12.16	06:00:00	164913	165016	163533	163850	3051392	8526023	1
2025.12.16	12:00:00	163850	164100	162443	162581	2776122	9134827	1
2025.12.16	18:00:00	162581	162607	160899	161165	252575	685331	1
2025.12.17	06:00:00	161500	161690	159610	160870	3202653	9549592	1
2025.12.17	12:00:00	160870	160895	159720	160480	2436077	7782585	1
2025.12.17	18:00:00	160485	160805	160315	160340	78021	251402	1
2025.12.18	06:00:00	160660	161080	159845	160795	2811333	8669652	1
2025.12.18	12:00:00	160795	161835	160700	161210	2454658	8369832	1
2025.12.18	18:00:00	161205	161430	161205	161315	55220	181115	1
2025.12.19	06:00:00	161200	162610	160990	162515	2653441	8302443	1
2025.12.19	12:00:00	162515	162725	161325	161450	1656195	5715656	1
2025.12.19	18:00:00	161455	161710	161405	161600	72007	247807	1
2025.12.22	06:00:00	162055	162415	160150	160510	2496822	7913891	1
2025.12.22	12:00:00	160515	161350	160455	161075	2197669	7509236	1
2025.12.22	18:00:00	161080	161175	160905	161045	64998	218185	1
2025.12.23	06:00:00	161245	162900	160900	162845	2498747	7908965	1
2025.12.23	12:00:00	162850	163465	162845	163330	1662974	6040864	1
2025.12.23	18:00:00	163325	163520	163200	163400	83701	273216	1
2025.12.26	06:00:00	162935	163085	162100	162775	2121828	6609958	1
2025.12.26	12:00:00	162775	163875	162700	163865	1687782	5749668	1
2025.12.26	18:00:00	163865	164120	163820	164050	72550	216661	1
2025.12.29	06:00:00	163850	164335	163005	163220	2291453	7111155	1
2025.12.29	12:00:00	163215	163275	162355	162900	2090280	6982066	1
2025.12.29	18:00:00	162900	163125	162830	162990	63656	193136	1
2025.12.30	06:00:00	163430	164795	163070	163740	2437721	7510509	1
2025.12.30	12:00:00	163735	164605	163675	164105	1649654	5699845	1
2025.12.30	18:00:00	164110	164160	163740	163770	80894	272228	1
2026.01.02	06:00:00	163970	165040	163175	163500	2178372	6953204	1
2026.01.02	12:00:00	163500	163660	162530	162805	1967619	6566589	1
2026.01.02	18:00:00	162795	162965	162600	162700	86128	292049	1
2026.01.05	06:00:00	163160	163690	162565	162905	2713802	8708773	1
2026.01.05	12:00:00	162900	164595	162790	164400	2219333	7592845	1
2026.01.05	18:00:00	164400	164430	164255	164420	70501	246668	1
2026.01.06	06:00:00	164575	166655	164525	166095	2936466	9823564	1
2026.01.06	12:00:00	166095	166480	165720	165975	2011682	7351490	1
2026.01.06	18:00:00	165980	166200	165925	166200	81216	256702	1
2026.01.07	06:00:00	166250	166260	164260	164465	2602178	8563750	1
2026.01.07	12:00:00	164460	164580	164010	164210	1775150	6299779	1
2026.01.07	18:00:00	164210	164295	164100	164100	85892	248572	1
2026.01.08	06:00:00	163900	165080	163745	164455	2924802	9185431	1
2026.01.08	12:00:00	164460	165000	164430	164930	1848691	6378595	1
2026.01.08	18:00:00	164925	164990	164865	164925	63313	193383	1
2026.01.09	06:00:00	165150	166235	164510	166095	2766609	9079789	1
2026.01.09	12:00:00	166090	166435	165370	165435	1806920	6299683	1
2026.01.09	18:00:00	165430	165455	165195	165220	65182	229662	1
