<DATE>	<TIME>	<OPEN>	<HIGH>	<LOW>	<CLOSE>	<TICKVOL>	<VOL>	<SPREAD>
2021.04.19	08:00:00	179395	180835	178790	179956	3609467	13870092	1
2021.04.19	16:00:00	179956	180060	178731	179166	582560	2442150	1
2021.04.20	08:00:00	178509	179786	177564	177778	3661828	14523899	1
2021.04.20	16:00:00	177771	178140	177557	177579	448824	1817371	1
2021.04.22	08:00:00	178325	179336	176627	177239	4161564	15916679	1
2021.04.22	16:00:00	177239	177572	176612	177557	568584	2264057	1
2021.04.23	08:00:00	178214	179115	177623	178546	3620192	12610208	1
2021.04.23	16:00:00	178553	179033	178317	178982	435801	1587880	1
2021.04.26	08:00:00	179336	179764	178044	178531	3400401	12024380	1
2021.04.26	16:00:00	178531	179092	177394	179085	597343	2300521	1
2021.04.27	08:00:00	179100	179454	176228	176553	3573332	14295252	1
2021.04.27	16:00:00	176560	177003	175940	175999	491107	2074460	1
2021.04.28	08:00:00	176605	179572	176479	179462	3135140	12034332	1
2021.04.28	16:00:00	179462	180119	179181	180074	548786	2324567	1
2021.04.29	08:00:00	179698	180207	177298	178170	3552714	14326354	1
2021.04.29	16:00:00	178177	178199	177431	177572	560132	2325503	1
2021.04.30	08:00:00	177232	177978	176221	177047	4013197	15633506	1
2021.04.30	16:00:00	177055	177084	175564	175785	629427	2569872	1
2021.05.03	08:00:00	176885	177675	175431	176988	3661616	13957609	1
2021.05.03	16:00:00	176988	177011	176088	176479	538115	2193950	1
2021.05.04	08:00:00	176088	176737	174242	174382	4062563	15658272	1
2021.05.04	16:00:00	174382	174515	174102	174493	447700	1867372	1
2021.05.05	08:00:00	175261	177372	174921	177143	3266934	12895854	1
2021.05.05	16:00:00	177143	177483	176619	177247	549267	2322987	1
2021.05.06	08:00:00	177217	177645	176176	176686	3853669	14770768	1
2021.05.06	16:00:00	176686	177800	176678	177741	481038	1970197	1
2021.05.07	08:00:00	178111	179809	177741	179786	2849212	11005831	1
2021.05.07	16:00:00	179794	181174	179749	180731	597176	2589956	1
2021.05.10	08:00:00	180569	181676	180200	180790	3388544	12941796	1
2021.05.10	16:00:00	180798	180849	180288	180429	462681	1833045	1
2021.05.11	08:00:00	179085	181300	177867	181115	3964248	15614489	1
2021.05.11	16:00:00	181115	181979	181027	181551	510725	2190532	1
2021.05.12	08:00:00	181248	181455	177675	177845	4143451	15594644	1
2021.05.12	16:00:00	177845	177860	176664	177033	656236	2868466	1
2021.05.13	08:00:00	177343	179727	176929	179055	4085208	15838080	1
2021.05.13	16:00:00	179048	179284	178140	178613	494565	2009910	1
2021.05.14	08:00:00	179417	180835	178930	180451	3731568	14552242	1
2021.05.14	16:00:00	180458	180495	179838	179927	497659	2052527	1
2021.05.17	08:00:00	179299	182031	179151	181957	3359381	12004020	1
2021.05.17	16:00:00	181964	182156	181551	181625	414427	1622442	1
2021.05.18	08:00:00	182422	182850	181182	182200	3825726	14998749	1
2021.05.18	16:00:00	182200	182717	181462	181462	602888	2587021	1
2021.05.19	08:00:00	180067	182341	179676	180436	4151104	15671108	1
2021.05.19	16:00:00	180436	181758	180178	181758	568776	2244315	1
2021.05.20	08:00:00	181595	181935	180576	181226	3288816	12996451	1
2021.05.20	16:00:00	181233	181536	181093	181226	438463	1854913	1
2021.05.21	08:00:00	181898	181972	180000	180790	2638769	10108946	1
2021.05.21	16:00:00	180790	181625	180731	181248	465663	1937392	1
2021.05.24	08:00:00	181536	183551	181167	183382	2916488	11759619	1
2021.05.24	16:00:00	183382	183714	183241	183293	450249	1950850	1
2021.05.25	08:00:00	183182	184460	181713	181728	3290315	13736037	1
2021.05.25	16:00:00	181728	182193	181447	182075	494156	2248613	1
2021.05.26	08:00:00	182378	183839	182355	183064	2996510	12209058	1
2021.05.26	16:00:00	183057	183478	182924	182924	380321	1692211	1
2021.05.27	08:00:00	182924	184179	182533	183847	3032736	13437317	1
2021.05.27	16:00:00	183839	184002	183566	183972	495387	2301254	1
2021.05.28	08:00:00	184327	185774	183603	185744	2784837	11733520	1
2021.05.28	16:00:00	185737	185862	185264	185323	405426	1819142	1
2021.05.31	08:00:00	185323	186305	185139	186069	2447930	9717908	1
2021.05.31	16:00:00	186069	186541	185906	186246	415603	1635242	1
2021.06.01	08:00:00	186925	189723	186549	189472	3048947	13398063	1
2021.06.01	16:00:00	189472	189819	189457	189627	369867	1810847	1
2021.06.02	08:00:00	189376	191466	189066	191259	3087311	13570013	1
2021.06.02	16:00:00	191266	191436	190860	191104	491429	2329252	1
2021.06.04	08:00:00	190624	192359	190624	192219	3548521	14387589	1
2021.06.04	16:00:00	192219	192344	191908	192063	338117	1527510	1
2021.06.07	08:00:00	192204	193953	191296	193835	3615934	15660440	1
2021.06.07	16:00:00	193843	193850	192706	192706	490642	2390517	1
2021.06.08	08:00:00	192839	193267	190941	191347	3741542	16949291	1
2021.06.08	16:00:00	191347	192012	191340	191982	583027	2756325	1
2021.06.09	08:00:00	192004	193363	191008	192108	4062613	18143617	1
2021.06.09	16:00:00	192100	192403	191421	191598	539646	2563489	1
2021.06.10	08:00:00	191650	192920	191207	192698	4237971	18531325	1
2021.06.10	16:00:00	192691	192713	191953	192093	518006	2332934	1
2021.06.11	08:00:00	192514	192573	189937	190897	3281785	13229988	1
2021.06.11	16:00:00	190890	191355	190690	191296	367679	1637228	1
2021.06.14	08:00:00	191591	193643	191429	192034	3282866	14455664	1
2021.06.14	16:00:00	192027	192455	191702	192255	533052	2542058	1
2021.06.15	08:00:00	192506	192514	190816	192063	4243098	18099877	1
2021.06.15	16:00:00	192063	192167	191849	192056	389496	1879177	1
2021.06.16	08:00:00	191646	192320	189270	190245	4019280	17819348	1
2021.06.16	16:00:00	190245	191440	190062	190531	608169	2784098	1
2021.06.17	08:00:00	190392	191704	188156	188237	4199061	18239574	1
2021.06.17	16:00:00	188237	189571	188229	189571	570216	2616719	1
2021.06.18	08:00:00	189659	189996	188046	188955	4131918	17547518	1
2021.06.18	16:00:00	188948	189424	188369	188427	589361	2643693	1
2021.06.21	08:00:00	189138	190949	188786	190531	3510848	14057999	1
2021.06.21	16:00:00	190524	190685	190297	190465	459241	1984275	1
2021.06.22	08:00:00	190487	190509	188383	188984	3683357	15949924	1
2021.06.22	16:00:00	188984	190297	188977	190260	614870	2814294	1
2021.06.23	08:00:00	190260	191558	188904	189549	3458518	14702703	1
2021.06.23	16:00:00	189549	189776	188955	189498	521132	2479011	1
2021.06.24	08:00:00	190150	191088	189879	190319	3384523	14406559	1
2021.06.24	16:00:00	190319	191015	190311	190795	467131	2102369	1
2021.06.25	08:00:00	191030	191272	186895	187042	3765055	16003485	1
2021.06.25	16:00:00	187042	187892	186558	187892	702199	3158280	1
2021.06.28	08:00:00	187745	188801	186132	187738	3901017	16381253	1
2021.06.28	16:00:00	187731	187958	187210	187679	528535	2393165	1
2021.06.29	08:00:00	187533	187826	185869	187196	3692194	16496248	1
2021.06.29	16:00:00	187196	187657	187056	187349	480869	2288483	1
2021.06.30	08:00:00	186800	187437	185847	186800	3693796	16998662	1
2021.06.30	16:00:00	186800	187144	186191	186191	554340	2713246	1
2021.07.01	08:00:00	186851	187291	183992	184116	4196374	18859321	1
2021.07.01	16:00:00	184124	185326	184109	184864	560445	2761549	1
2021.07.02	08:00:00	185187	188163	184864	187892	3606922	15295665	1
2021.07.02	16:00:00	187885	188310	187701	188295	415618	1975698	1
2021.07.05	08:00:00	187679	188024	186235	187291	3136742	12349028	1
2021.07.05	16:00:00	187283	187386	186748	187239	470586	1779686	1
2021.07.06	08:00:00	186983	187130	183757	184160	4202535	17942796	1
2021.07.06	16:00:00	184160	184366	183721	183808	457783	1982435	1
2021.07.07	08:00:00	184718	187305	184263	187020	3945090	17436845	1
2021.07.07	16:00:00	187012	187269	186778	186792	438115	2049436	1
2021.07.08	08:00:00	184278	185392	182877	184307	4369617	17892405	1
2021.07.08	16:00:00	184314	184659	183786	184307	637113	2784243	1
2021.07.12	08:00:00	185553	188149	184981	187921	3303492	14969840	1
2021.07.12	16:00:00	187929	188412	187738	188412	452411	2334081	1
2021.07.13	08:00:00	187936	189065	185949	188823	4116419	18309779	1
2021.07.13	16:00:00	188823	189131	188449	188882	461143	2360908	1
2021.07.14	08:00:00	189043	190817	188456	189344	4265073	18978659	1
2021.07.14	16:00:00	189336	189432	188654	189146	548936	2696600	1
2021.07.15	08:00:00	188515	189857	186660	187474	4286837	18832582	1
2021.07.15	16:00:00	187474	187811	187283	187745	481063	2296450	1
2021.07.16	08:00:00	187892	188456	186045	186154	3660641	15362410	1
2021.07.16	16:00:00	186162	186198	185011	185414	637883	3015970	1
2021.07.19	08:00:00	182914	183398	181316	181902	4709044	19118653	1
2021.07.19	16:00:00	181895	183559	181800	183369	669640	3101302	1
2021.07.20	08:00:00	184278	184710	181675	184630	4512435	19529424	1
2021.07.20	16:00:00	184637	184835	184131	184131	525765	2430785	1
2021.07.21	08:00:00	184380	185465	184058	185047	3859295	16141259	1
2021.07.21	16:00:00	185047	185495	184937	185370	480657	2307227	1
2021.07.22	08:00:00	185407	185949	184292	185700	3439876	15208143	1
2021.07.22	16:00:00	185693	185788	185289	185590	412119	2054685	1
2021.07.23	08:00:00	186066	186132	182819	183376	3102171	13802944	1
2021.07.23	16:00:00	183369	183896	183185	183259	462062	2225422	1
2021.07.26	08:00:00	183442	185597	183303	184915	2802500	13020310	1
2021.07.26	16:00:00	184923	185223	184659	185062	441759	2287322	1
2021.07.27	08:00:00	184549	184681	181734	182599	3527587	15964582	1
2021.07.27	16:00:00	182599	183295	182540	182936	448684	2282228	1
2021.07.28	08:00:00	183662	186301	183633	186037	3800752	17051441	1
2021.07.28	16:00:00	186037	186118	185194	185194	448812	2254339	1
2021.07.29	08:00:00	185355	186426	183486	184681	3648456	16778440	1
2021.07.29	16:00:00	184681	184996	183999	183999	491523	2512868	1
2021.07.30	08:00:00	183046	183640	179138	179747	3803490	17336645	1
2021.07.30	16:00:00	179740	179901	178589	179380	601981	3321565	1
2021.08.02	08:00:00	181367	182995	180685	181147	3878429	17167481	1
2021.08.02	16:00:00	181140	181572	178860	180612	825843	4005632	1
2021.08.03	08:00:00	180671	181228	177350	180891	5182864	19605877	1
2021.08.03	16:00:00	180891	181844	180685	180685	648618	2410402	1
2021.08.04	08:00:00	180685	181550	177614	179256	5253546	19059007	1
2021.08.04	16:00:00	179256	179644	178376	178911	621415	2476435	1
2021.08.05	08:00:00	180715	181521	177753	178207	4758838	17701517	1
2021.08.05	16:00:00	178200	178860	177174	177562	662383	2581908	1
2021.08.06	08:00:00	178178	181037	177562	180246	4173993	15147804	1
2021.08.06	16:00:00	180246	180451	180018	180451	456742	1857499	1
2021.08.09	08:00:00	179615	181506	179116	180751	4106541	16162409	1
2021.08.09	16:00:00	180744	180986	179938	180370	527673	2178587	1
2021.08.10	08:00:00	180766	181316	179329	179769	4326125	16993548	1
2021.08.10	16:00:00	179776	179879	179102	179542	546201	2304950	1
2021.08.11	08:00:00	179945	180202	177203	179762	4541123	17560292	1
2021.08.11	16:00:00	179762	179879	178779	179073	582372	2523600	1
2021.08.12	08:00:00	179454	179549	176727	177504	4142589	16381759	1
2021.08.12	16:00:00	177511	177775	176492	176976	669920	2706847	1
2021.08.13	08:00:00	177254	177856	175861	177254	4533464	16769424	1
2021.08.13	16:00:00	177254	177907	177232	177702	639231	2559676	1
2021.08.16	08:00:00	176756	177064	174043	174762	4214238	17542230	1
2021.08.16	16:00:00	174762	175407	174454	175407	683864	2995725	1
2021.08.17	08:00:00	174945	174982	170407	171763	5531556	22681036	1
2021.08.17	16:00:00	171771	172900	171639	171771	803115	3531610	1
2021.08.18	08:00:00	172781	173936	170455	171989	4972829	19503000	1
2021.08.18	16:00:00	171989	172461	169264	169976	863926	3591955	1
2021.08.19	08:00:00	167418	172090	166873	171465	5527787	21721462	1
2021.08.19	16:00:00	171465	171880	171189	171545	752029	3206102	1
2021.08.20	08:00:00	170441	173173	169198	172693	4522564	17124072	1
2021.08.20	16:00:00	172686	172984	172185	172846	655596	2508413	1
2021.08.23	08:00:00	173376	173805	171117	171981	4537542	17222720	1
2021.08.23	16:00:00	171974	172381	171175	171574	696779	2967469	1
2021.08.24	08:00:00	172810	176203	172766	175992	3882113	16293174	1
2021.08.24	16:00:00	175992	176247	175389	176247	542719	2460203	1
2021.08.25	08:00:00	176058	176319	174169	176145	4055471	16465950	1
2021.08.25	16:00:00	176145	176704	175891	176414	570599	2506996	1
2021.08.26	08:00:00	175920	176661	173958	174067	4289424	17431560	1
2021.08.26	16:00:00	174060	174452	172984	173776	780188	3373549	1
2021.08.27	08:00:00	174372	176094	173900	175665	3503513	14108792	1
2021.08.27	16:00:00	175665	176428	175629	175629	470862	2094083	1
2021.08.30	08:00:00	176021	176138	174248	175186	3543308	14869648	1
2021.08.30	16:00:00	175179	175389	174692	175309	548562	2428623	1
2021.08.31	08:00:00	174670	175549	172090	172584	4768754	18578893	1
2021.08.31	16:00:00	172584	173391	172257	173231	702648	2988150	1
2021.09.01	08:00:00	173522	175288	172396	174568	4454408	17434517	1
2021.09.01	16:00:00	174575	174735	173057	173202	690117	2903956	1
2021.09.02	08:00:00	173805	174009	170514	170819	5088948	19741471	1
2021.09.02	16:00:00	170811	170884	169918	170266	662547	2654856	1
2021.09.03	08:00:00	171000	171996	168704	170259	4589740	17291015	1
2021.09.03	16:00:00	170259	170557	169315	169823	646342	2582975	1
2021.09.06	08:00:00	170325	172337	169351	171865	3248251	12131058	1
2021.09.06	16:00:00	171865	172228	171589	172025	500028	1875167	1
2021.09.08	08:00:00	170252	171458	166481	166611	5094338	20125626	1
2021.09.08	16:00:00	166611	166662	165049	165427	891322	3729791	1
2021.09.09	08:00:00	166502	167026	163952	164606	6150097	21612647	1
2021.09.09	16:00:00	164606	170390	164235	170150	1146821	3995906	1
2021.09.10	08:00:00	170397	171771	166662	168217	5592634	17858850	1
2021.09.10	16:00:00	168210	168384	166255	166662	862353	2869104	1
2021.09.13	08:00:00	167999	170884	167876	170383	5590134	18039288	1
2021.09.13	16:00:00	170383	170390	169489	169569	774562	2488561	1
2021.09.14	08:00:00	169017	171102	168552	169947	5054746	16765401	1
2021.09.14	16:00:00	169947	169990	168871	169889	862699	2992166	1
2021.09.15	08:00:00	169525	170005	167280	167890	4766623	15689449	1
2021.09.15	16:00:00	167890	167999	167469	167999	525974	1836140	1
2021.09.16	08:00:00	166902	167316	165245	165943	4842754	15611661	1
2021.09.16	16:00:00	165943	166568	165420	166270	684373	2394715	1
2021.09.17	08:00:00	165354	165885	161932	162855	4545200	15913631	1
2021.09.17	16:00:00	162862	163051	161612	161612	807955	2874510	1
2021.09.20	08:00:00	158706	160101	156664	156983	5622054	18794860	1
2021.09.20	16:00:00	156991	159534	156882	159440	987921	3464053	1
2021.09.21	08:00:00	160733	161590	158662	160958	5905826	19785662	1
2021.09.21	16:00:00	160958	161263	159796	160210	905939	3189552	1
2021.09.22	08:00:00	162041	165100	162041	163770	4871655	16636468	1
2021.09.22	16:00:00	163763	164628	163160	163400	886925	3172108	1
2021.09.23	08:00:00	164068	166604	163741	165885	4605170	15538227	1
2021.09.23	16:00:00	165878	166255	165565	165689	648043	2252638	1
2021.09.24	08:00:00	164606	165413	163719	165274	4598044	15375478	1
2021.09.24	16:00:00	165267	165311	164679	165311	590365	2086468	1
2021.09.27	08:00:00	165790	165892	163283	164010	4509097	17079411	1
2021.09.27	16:00:00	164010	167295	163937	164802	835878	3294358	1
2021.09.28	08:00:00	163574	164744	160014	160697	5423726	19159527	1
2021.09.28	16:00:00	160689	161016	159832	159890	853221	3268690	1
2021.09.29	08:00:00	160878	163051	160573	161322	5223156	18596017	1
2021.09.29	16:00:00	161329	162092	161140	161518	785065	2963750	1
2021.09.30	08:00:00	162259	163516	161329	161917	5460719	19552839	1
2021.09.30	16:00:00	161917	162310	160529	160864	801476	3007198	1
2021.10.01	08:00:00	161387	164439	161213	163996	4664691	17140666	1
2021.10.01	16:00:00	163988	164395	163741	164395	618417	2372277	1
2021.10.04	08:00:00	163204	163378	159716	160413	4828476	17899251	1
2021.10.04	16:00:00	160413	160791	160021	160442	878992	3296739	1
2021.10.05	08:00:00	161416	162499	159948	161220	5281609	18936433	1
2021.10.05	16:00:00	161213	161561	160086	160297	779010	2950436	1
2021.10.06	08:00:00	158829	160566	157129	160232	6084108	22163446	1
2021.10.06	16:00:00	160232	161009	160173	160871	578069	2326721	1
2021.10.07	08:00:00	162426	162426	160631	161249	5162641	18397477	1
2021.10.07	16:00:00	161249	161656	160551	161285	684614	2568163	1
2021.10.08	08:00:00	161816	166379	161670	164577	4698889	17822690	1
2021.10.08	16:00:00	164577	164744	163930	164221	593565	2531757	1
2021.10.11	08:00:00	164511	165616	163218	163472	4795952	16961172	1
2021.10.11	16:00:00	163472	163494	162768	162913	478551	1991374	1
2021.10.13	08:00:00	162913	165887	162590	165054	4416518	17001187	1
2021.10.13	16:00:00	165054	165183	164300	164314	486465	2189229	1
2021.10.14	08:00:00	165679	166017	163682	163948	4074989	14884217	1
2021.10.14	16:00:00	163948	164803	163459	164759	651255	2585157	1
2021.10.15	08:00:00	165068	166606	163976	166369	3544599	14242920	1
2021.10.15	16:00:00	166369	166462	165909	166060	494894	2122293	1
2021.10.18	08:00:00	165341	166778	163459	166548	4318931	16221652	1
2021.10.18	16:00:00	166556	166606	165528	165672	618074	2544458	1
2021.10.19	08:00:00	165097	165111	159967	160046	5247636	19158506	1
2021.10.19	16:00:00	160046	162230	159335	161160	1206572	4098705	1
2021.10.20	08:00:00	161505	162575	159672	161469	5802092	20435314	1
2021.10.20	16:00:00	161469	161634	157833	158171	863577	3232267	1
2021.10.21	08:00:00	156030	158731	153177	155261	6344602	22046954	1
2021.10.21	16:00:00	155261	156547	155146	156145	991459	3426328	1
2021.10.22	08:00:00	154981	156439	148960	154916	7344825	23942653	1
2021.10.22	16:00:00	154909	155771	153400	153759	889563	2501947	1
2021.10.25	08:00:00	155060	158516	154126	158322	5632707	18596976	1
2021.10.25	16:00:00	158322	158559	157215	157481	800252	2782380	1
2021.10.26	08:00:00	157057	157071	153989	154966	5857334	20084299	1
2021.10.26	16:00:00	154959	155211	153809	154478	774611	2823916	1
2021.10.27	08:00:00	154334	156885	154061	155167	4943256	16897476	1
2021.10.27	16:00:00	155167	155383	153594	155117	912918	3364654	1
2021.10.28	08:00:00	154442	155469	152401	153141	5904626	19324931	1
2021.10.28	16:00:00	153141	153738	150634	151561	974229	3179689	1
2021.10.29	08:00:00	152114	153903	150116	151295	6241673	19387182	1
2021.10.29	16:00:00	151295	151604	149606	150526	885888	2878383	1
2021.11.01	08:00:00	151359	153659	150986	152962	5279745	17361522	1
2021.11.01	16:00:00	152962	153544	152322	152322	762124	2596352	1
2021.11.03	08:00:00	151410	154672	150641	153802	6438108	20461399	1
2021.11.03	16:00:00	153802	154391	152983	154233	925901	2985017	1
2021.11.04	08:00:00	154478	154514	148758	149542	5778474	19048796	1
2021.11.04	16:00:00	149542	150267	149261	149491	889602	2851266	1
2021.11.05	08:00:00	150310	152875	149448	151582	5070741	16180775	1
2021.11.05	16:00:00	151582	152064	151101	151259	715050	2319055	1
2021.11.08	08:00:00	150670	153005	149937	151345	5284907	16766235	1
2021.11.08	16:00:00	151345	152006	151266	151740	918247	3132869	1
2021.11.09	08:00:00	152092	154348	151539	153199	5451996	16911635	1
2021.11.09	16:00:00	153206	153328	151941	152365	1179526	3893588	1
2021.11.10	08:00:00	151949	155297	151259	153608	5480663	17418257	1
2021.11.10	16:00:00	153608	153960	152581	153673	1177122	3781482	1
2021.11.11	08:00:00	154550	157100	154420	156267	4943233	15638454	1
2021.11.11	16:00:00	156260	156346	155318	156346	904268	2965338	1
2021.11.12	08:00:00	155915	156166	152753	153867	5377274	16785712	1
2021.11.12	16:00:00	153874	154140	153328	153673	796057	2586280	1
2021.11.16	08:00:00	154061	154664	150325	151331	5025289	16628374	1
2021.11.16	16:00:00	151331	151625	150619	150885	960817	3432494	1
2021.11.17	08:00:00	150598	152559	147889	148349	5866128	18532893	1
2021.11.17	16:00:00	148349	149362	148284	149017	1018380	3265757	1
2021.11.18	08:00:00	149161	149901	147314	147767	5653548	17912992	1
2021.11.18	16:00:00	147774	148658	147508	148658	861226	3009980	1
2021.11.19	08:00:00	148047	150159	147508	148629	5124900	16237146	1
2021.11.19	16:00:00	148629	149225	148615	148873	666521	2129964	1
2021.11.22	08:00:00	149894	151065	147379	147645	4992795	16406255	1
2021.11.22	16:00:00	147638	148414	147149	147149	923008	3343570	1
2021.11.23	08:00:00	147580	149743	146775	149297	6016176	19500787	1
2021.11.23	16:00:00	149290	150253	148320	150167	1265655	4244911	1
2021.11.24	08:00:00	149448	151661	147731	150310	5398012	17567366	1
2021.11.24	16:00:00	150310	151194	149886	150741	943721	3291033	1
2021.11.25	08:00:00	150526	153580	150274	152610	4360687	14452754	1
2021.11.25	16:00:00	152617	153041	152387	152947	672390	2076001	1
2021.11.26	08:00:00	148155	149448	146244	147314	5267514	16804069	1
2021.11.26	16:00:00	147307	147724	146912	147091	661373	2012954	1
2021.11.29	08:00:00	148895	150188	147839	149635	5322339	18326048	1
2021.11.29	16:00:00	149635	149671	148033	148471	996642	3817316	1
2021.11.30	08:00:00	147077	148572	144261	145195	6037803	20697891	1
2021.11.30	16:00:00	145195	147408	144929	147379	1213304	4649854	1
2021.12.01	08:00:00	148320	150073	145396	145705	5765766	19859921	1
2021.12.01	16:00:00	145705	146416	144850	144850	1418722	4981659	1
2021.12.02	08:00:00	145971	150224	145863	149103	5546013	19188227	1
2021.12.02	16:00:00	149103	150533	148830	150526	1025492	3809345	1
2021.12.03	08:00:00	150001	153946	149384	151726	6106042	19805370	1
2021.12.03	16:00:00	151719	151984	149865	151819	1345578	4511101	1
2021.12.06	08:00:00	152552	154995	152020	154147	5788652	18955768	1
2021.12.06	16:00:00	154147	154334	153659	154075	963713	3418746	1
2021.12.07	08:00:00	155965	156612	154506	154959	5223655	16974627	1
2021.12.07	16:00:00	154959	155390	154197	155196	1019254	3484628	1
2021.12.08	08:00:00	155872	156317	154449	155548	4808763	16106903	1
2021.12.08	16:00:00	155555	155872	155203	155771	684331	2563758	1
2021.12.09	08:00:00	154406	154736	152681	153314	4266082	14955283	1
2021.12.09	16:00:00	153314	153472	152258	152911	924733	3482102	1
2021.12.10	08:00:00	153544	155850	153544	154765	4012883	14368567	1
2021.12.10	16:00:00	154758	155297	154585	155211	553338	2209673	1
2021.12.13	08:00:00	155987	157531	154557	155290	3940510	14555605	1
2021.12.13	16:00:00	155290	155807	154219	154938	889705	3422110	1
2021.12.14	08:00:00	154248	157000	153141	153386	5186400	18367743	1
2021.12.14	16:00:00	153386	153924	152954	153069	854631	3228970	1
2021.12.15	08:00:00	153409	154088	151675	153437	4497575	15044709	1
2021.12.15	16:00:00	153444	154463	152447	154364	1250279	4214366	1
2021.12.16	08:00:00	155433	156431	154541	155497	4522816	15205252	1
2021.12.16	16:00:00	155497	155843	154456	155624	959444	3464902	1
2021.12.17	08:00:00	154923	154966	152716	154612	4598674	15569495	1
2021.12.17	16:00:00	154612	154633	153402	153544	900985	3248128	1
2021.12.20	08:00:00	151711	152022	149567	150338	4758844	15523072	1
2021.12.20	16:00:00	150331	150869	150119	150791	829809	2974260	1
2021.12.21	08:00:00	152001	152249	150487	151230	4035004	13917547	1
2021.12.21	16:00:00	151223	151435	150918	150918	632299	2671619	1
2021.12.22	08:00:00	150791	151527	149510	150748	3773747	13126509	1
2021.12.22	16:00:00	150748	151194	150515	151194	573319	2261051	1
2021.12.23	08:00:00	151541	151775	149772	150253	3001112	11511778	1
2021.12.23	16:00:00	150253	150437	149446	149446	484743	2062272	1
2021.12.27	08:00:00	150154	151371	149921	151138	2998498	11014092	1
2021.12.27	16:00:00	151131	151336	150805	151286	505308	2201709	1
2021.12.28	08:00:00	151569	151661	149482	149786	3158934	11480049	1
2021.12.28	16:00:00	149786	150197	149701	149956	508905	2054103	1
2021.12.29	08:00:00	150154	150642	148463	148979	3664182	11937440	1
2021.12.29	16:00:00	148987	149220	148590	148590	470869	1697112	1
2021.12.30	08:00:00	148880	150706	148852	150444	3631940	11174414	1
2021.12.30	16:00:00	150451	150473	149616	149822	469150	1674628	1
2022.01.03	08:00:00	150572	151775	147692	149057	4211858	14165142	1
2022.01.03	16:00:00	149057	149227	148180	148258	664152	2393710	1
2022.01.04	08:00:00	149220	149708	147239	147861	4711709	15531597	1
2022.01.04	16:00:00	147869	148187	147465	147798	587360	2179573	1
2022.01.05	08:00:00	147989	148166	145392	145491	4716592	16283923	1
2022.01.05	16:00:00	145498	145760	143757	143757	1156033	4395883	1
2022.01.06	08:00:00	144316	146022	143849	145208	5244114	17027179	1
2022.01.06	16:00:00	145208	145342	144514	145201	775534	2789597	1
2022.01.07	08:00:00	144897	146312	144147	145979	4696033	16343718	1
2022.01.07	16:00:00	145986	146786	145866	146347	612785	2384549	1
2022.01.10	08:00:00	145625	146340	143998	145017	4696821	17114047	1
2022.01.10	16:00:00	145010	146213	144578	146213	961004	3703330	1
2022.01.11	08:00:00	146333	147784	145151	147621	4367737	16331979	1
2022.01.11	16:00:00	147621	148420	147458	148279	612035	2822765	1
2022.01.12	08:00:00	148314	150501	147713	150239	4386982	16177806	1
2022.01.12	16:00:00	150246	151060	150105	151060	677154	3209565	1
2022.01.13	08:00:00	150437	151449	149517	151145	4968331	17762128	1
2022.01.13	16:00:00	151152	151421	150175	150437	861251	3428177	1
2022.01.14	08:00:00	150204	151909	149588	151782	4892306	17100577	1
2022.01.14	16:00:00	151789	152822	151619	152822	782606	3384529	1
2022.01.17	08:00:00	152362	152638	151024	151859	3299525	12077759	1
2022.01.17	16:00:00	151852	151980	151428	151428	543801	2030201	1
2022.01.18	08:00:00	150437	152482	150232	151810	4942017	18773207	1
2022.01.18	16:00:00	151803	152376	151513	152178	835568	3765803	1
2022.01.19	08:00:00	152178	154704	152150	154301	4476080	16423802	1
2022.01.19	16:00:00	154294	154357	153763	154046	879446	3506021	1
2022.01.20	08:00:00	154824	156331	153975	156232	4049873	14492505	1
2022.01.20	16:00:00	156225	156402	155100	155461	950398	4018231	1
2022.01.21	08:00:00	154966	156282	154103	155029	5736833	19662439	1
2022.01.21	16:00:00	155029	155553	154499	155037	1120161	3913999	1
2022.01.24	08:00:00	154195	154754	151619	152496	6664632	22028897	1
2022.01.24	16:00:00	152496	154294	152015	154279	1529531	5158088	1
2022.01.25	08:00:00	153515	156211	152312	156176	5889523	20319972	1
2022.01.25	16:00:00	156176	157570	156048	156813	1139911	4350240	1
2022.01.26	08:00:00	157895	159898	157718	159622	5064134	17238762	1
2022.01.26	16:00:00	159629	160301	157690	158617	2468065	8039462	1
2022.01.27	08:00:00	158660	160740	158645	159360	5933286	20288888	1
2022.01.27	16:00:00	159367	160195	158886	159778	1272750	4424449	1
2022.01.28	08:00:00	159410	160598	158362	159027	5701690	18515300	1
2022.01.28	16:00:00	159027	159226	158348	159127	1111189	3848420	1
2022.01.31	08:00:00	159169	159424	157902	159353	4702450	15158622	1
2022.01.31	16:00:00	159346	159976	159112	159112	941059	3148105	1
2022.02.01	08:00:00	159268	160924	159070	160301	4451922	14430809	1
2022.02.01	16:00:00	160301	161044	160153	160973	721209	2602898	1
2022.02.02	08:00:00	161334	161525	158461	158950	3919994	13345085	1
2022.02.02	16:00:00	158950	159445	158171	158546	894633	3204093	1
2022.02.03	08:00:00	157924	159558	157832	158702	5012031	16791743	1
2022.02.03	16:00:00	158695	159197	158207	159197	989641	3401149	1
2022.02.04	08:00:00	158504	159204	156431	158752	4722025	14751471	1
2022.02.04	16:00:00	158759	159480	158553	158907	816185	2851338	1
2022.02.07	08:00:00	158999	159403	158016	159211	4796421	15213838	1
2022.02.07	16:00:00	159211	159410	158645	158957	837912	2903163	1
2022.02.08	08:00:00	158362	158950	157159	158773	4059485	13180214	1
2022.02.08	16:00:00	158773	159565	158539	159565	780723	2728689	1
2022.02.09	08:00:00	159919	160429	158327	159353	4501386	14584461	1
2022.02.09	16:00:00	159360	159693	158865	159063	817331	2853597	1
2022.02.10	08:00:00	159211	161313	158851	161101	5185306	16315006	1
2022.02.10	16:00:00	161101	161115	160223	160620	979128	3197524	1
2022.02.11	08:00:00	160089	162735	160075	161320	4672493	14940767	1
2022.02.11	16:00:00	161327	161667	160061	161051	1789037	5269675	1
2022.02.14	08:00:00	159919	161773	159749	160690	4969026	14983492	1
2022.02.14	16:00:00	160697	161327	160414	161278	1127556	3506528	1
2022.02.15	08:00:00	162042	162474	161306	162403	3844109	11668268	1
2022.02.15	16:00:00	162396	162941	162169	162941	561442	1842657	1
2022.02.16	08:00:00	162563	163982	162563	163311	3187250	10394200	1
2022.02.16	16:00:00	163318	163947	162989	163157	930784	3264363	1
2022.02.17	08:00:00	162626	163087	161151	161696	3687637	11967660	1
2022.02.17	16:00:00	161696	161710	160528	160668	823554	2787375	1
2022.02.18	08:00:00	161304	161948	159885	160375	4179356	13305369	1
2022.02.18	16:00:00	160375	160724	159494	159633	995626	3383627	1
2022.02.21	08:00:00	159857	160584	159214	159536	3136674	9939123	1
2022.02.21	16:00:00	159529	159536	157941	157941	787740	2327199	1
2022.02.22	08:00:00	158920	160521	158920	159116	4359550	14369256	1
2022.02.22	16:00:00	159116	160521	158829	160521	1203501	4129017	1
2022.02.23	08:00:00	160389	160962	158857	159200	4252259	14202665	1
2022.02.23	16:00:00	159193	159277	157907	158025	920370	3267757	1
2022.02.24	08:00:00	154516	156159	153886	155313	5600325	17232975	1
2022.02.24	16:00:00	155313	157830	155103	157662	1263877	4468832	1
2022.02.25	08:00:00	157445	158354	156270	158032	4301725	13671898	1
2022.02.25	16:00:00	158039	160102	157955	159759	834944	2814620	1
2022.03.02	08:00:00	161158	163143	160983	162913	1659140	5415659	1
2022.03.02	16:00:00	162906	163073	162556	163052	848976	2984069	1
2022.03.03	08:00:00	162975	163821	162640	162996	3993140	13056499	1
2022.03.03	16:00:00	162989	163409	162472	163059	791722	2520261	1
2022.03.04	08:00:00	161920	162472	160172	160801	4106421	12840972	1
2022.03.04	16:00:00	160794	161969	160528	161626	936311	3205112	1
2022.03.07	08:00:00	161004	161689	158613	158669	4151529	13440545	1
2022.03.07	16:00:00	158669	158725	156354	156354	1029217	3645988	1
2022.03.08	08:00:00	157620	158913	156606	157263	5837388	19058333	1
2022.03.08	16:00:00	157263	157997	156613	156627	1207590	4176451	1
2022.03.09	08:00:00	158557	160507	157536	159920	4269415	14336539	1
2022.03.09	16:00:00	159920	160990	159780	160514	848403	2950937	1
2022.03.10	08:00:00	159619	160319	157697	159878	4607720	14814424	1
2022.03.10	16:00:00	159878	160270	159661	160249	864738	2920283	1
2022.03.11	08:00:00	161647	161843	159144	159200	4350148	13529239	1
2022.03.11	16:00:00	159200	159606	156816	157872	1209260	3995592	1
2022.03.14	08:00:00	157662	158424	154558	154865	4929721	15282104	1
2022.03.14	16:00:00	154872	155348	154523	154949	824289	2556306	1
2022.03.15	08:00:00	155047	155138	151817	153474	4755806	16107715	1
2022.03.15	16:00:00	153467	153851	153089	153383	759889	2392517	1
2022.03.16	08:00:00	155571	156627	153607	155278	4694296	15280348	1
2022.03.16	16:00:00	155278	157075	155131	157075	865682	2654479	1
2022.03.17	08:00:00	156627	159137	156047	158850	4363199	13793457	1
2022.03.17	16:00:00	158850	159396	158641	159158	669903	2313067	1
2022.03.18	08:00:00	158165	161731	158095	161584	3452554	11635106	1
2022.03.18	16:00:00	161577	162339	161479	162032	580089	2134651	1
2022.03.21	08:00:00	161787	163675	161689	163255	4329789	13800574	1
2022.03.21	16:00:00	163255	163807	163087	163738	609119	2049520	1
2022.03.22	08:00:00	163891	165409	163500	164793	3320023	11535387	1
2022.03.22	16:00:00	164793	165339	164339	165304	622764	2253935	1
2022.03.23	08:00:00	164653	166311	164451	165150	3586124	12027964	1
2022.03.23	16:00:00	165150	165751	164954	165311	646356	2212368	1
2022.03.24	08:00:00	165548	167681	164667	166709	3191601	11122129	1
2022.03.24	16:00:00	166709	167800	166660	167779	545716	1986860	1
2022.03.25	08:00:00	167765	168282	166492	167408	3598666	11860668	1
2022.03.25	16:00:00	167415	167912	167059	167492	551327	1873476	1
2022.03.28	08:00:00	167800	168128	165793	167352	3250850	10853501	1
2022.03.28	16:00:00	167352	167359	166401	166961	651434	2250889	1
2022.03.29	08:00:00	168079	169736	167765	168429	3897472	13181002	1
2022.03.29	16:00:00	168422	169107	168324	168324	528370	2045538	1
2022.03.30	08:00:00	167954	169352	167933	168765	3531285	12267291	1
2022.03.30	16:00:00	168765	169254	168184	169058	599204	2204447	1
2022.03.31	08:00:00	168925	169660	168317	168932	3111474	10967673	1
2022.03.31	16:00:00	168932	169114	168093	168478	659908	2375773	1
2022.04.01	08:00:00	168918	170554	168897	170191	3006221	10677293	1
2022.04.01	16:00:00	170191	170911	169925	170596	537063	2077630	1
2022.04.04	08:00:00	170932	171016	169247	170261	2939690	10385996	1
2022.04.04	16:00:00	170254	170268	169883	169939	383155	1494118	1
2022.04.05	08:00:00	169820	170519	167163	167380	3815446	13169041	1
2022.04.05	16:00:00	167380	167415	166122	166716	783973	2798772	1
2022.04.06	08:00:00	165674	166206	163486	165472	4836390	15188523	1
2022.04.06	16:00:00	165472	165849	164633	165290	708551	2298132	1
2022.04.07	08:00:00	165786	166429	164353	166387	4273499	13900933	1
2022.04.07	16:00:00	166387	167010	166241	166345	656879	2292931	1
2022.04.08	08:00:00	166807	166807	164325	165744	3497767	12045136	1
2022.04.08	16:00:00	165744	165765	165199	165465	575384	2015277	1
2022.04.11	08:00:00	164619	164765	163570	164017	3713103	11699067	1
2022.04.11	16:00:00	164024	164255	163255	163584	622006	2012813	1
2022.04.12	08:00:00	164192	165828	162500	162815	4088243	11787418	1
2022.04.12	16:00:00	162815	163010	162297	162948	623132	1918576	1
2022.04.13	08:00:00	163305	164184	162583	163504	3636198	11528046	1
2022.04.13	16:00:00	163504	163800	163147	163532	553246	1908536	1
2022.04.14	08:00:00	163209	163367	161587	161917	3739385	11646030	1
2022.04.14	16:00:00	161924	162274	161821	162040	431586	1392133	1
2022.04.18	08:00:00	161814	162501	160934	161436	3771123	11308468	1
2022.04.18	16:00:00	161443	162027	161278	161642	588364	1808688	1
2022.04.19	08:00:00	161374	161436	159580	160061	3329138	11035187	1
2022.04.19	16:00:00	160054	161312	159965	160735	674098	2488047	1
2022.04.20	08:00:00	161346	161367	159037	159230	3493802	11432439	1
2022.04.20	16:00:00	159223	159683	159099	159099	491665	1766536	1
2022.04.22	08:00:00	157368	157560	154557	154777	3704370	11466265	1
2022.04.22	16:00:00	154777	155155	154261	155155	808032	2598553	1
2022.04.25	08:00:00	153018	155100	152317	154681	4606282	14526753	1
2022.04.25	16:00:00	154687	155114	154234	154481	669350	2361962	1
2022.04.26	08:00:00	154048	154069	151059	151320	3765530	12127229	1
2022.04.26	16:00:00	151327	151478	150097	150131	753384	2645834	1
2022.04.27	08:00:00	151877	153526	151719	152427	4790556	14771122	1
2022.04.27	16:00:00	152427	152667	151973	152598	763604	2312113	1
2022.04.28	08:00:00	154076	154213	151629	153945	4001070	12501189	1
2022.04.28	16:00:00	153952	154303	152427	152427	784965	2594040	1
2022.04.29	08:00:00	152337	155856	151946	152310	4205676	14148411	1
2022.04.29	16:00:00	152296	152413	149018	149808	1056698	3590500	1
2022.05.02	08:00:00	149424	150496	146352	146613	4876517	14650772	1
2022.05.02	16:00:00	146613	148571	146530	148571	986156	3085597	1
2022.05.03	08:00:00	148365	149149	147493	148221	4812672	14241691	1
2022.05.03	16:00:00	148221	148537	147541	148187	792518	2396851	1
2022.05.04	08:00:00	148406	149595	145843	148846	4801656	15016627	1
2022.05.04	16:00:00	148839	151217	148516	151073	1094731	3364781	1
2022.05.05	08:00:00	149891	150159	144400	145671	5392820	16732581	1
2022.05.05	16:00:00	145665	146922	145170	146833	973353	3078151	1
2022.05.06	08:00:00	145891	147788	144400	145836	5974681	16526366	1
2022.05.06	16:00:00	145830	146661	145541	146139	812999	2356867	1
2022.05.09	08:00:00	144022	145204	142833	143885	5266294	15492709	1
2022.05.09	16:00:00	143885	144270	143184	143837	835422	2628033	1
2022.05.10	08:00:00	144565	144709	142112	143411	5534510	16114655	1
2022.05.10	16:00:00	143411	143850	142847	143431	796178	2387171	1
2022.05.11	08:00:00	144689	146262	143040	145252	5811445	17116355	1
2022.05.11	16:00:00	145245	145321	144469	145142	719108	2350374	1
2022.05.12	08:00:00	143569	146530	143259	145170	5309906	15340191	1
2022.05.12	16:00:00	145170	147094	145080	146991	996224	3120571	1
2022.05.13	08:00:00	148523	149547	147197	148846	3998354	12182548	1
2022.05.13	16:00:00	148846	148997	148104	148104	607086	2023023	1
2022.05.16	08:00:00	147850	150908	147850	150578	4563761	13532273	1
2022.05.16	16:00:00	150571	150681	149836	150221	644196	2202074	1
2022.05.17	08:00:00	151609	152269	150118	150722	4556925	13877830	1
2022.05.17	16:00:00	150715	151251	150606	151251	555538	1807673	1
2022.05.18	08:00:00	150166	150983	146812	146860	4278836	13431418	1
2022.05.18	16:00:00	146853	147444	146750	147011	744597	2634741	1
2022.05.19	08:00:00	146482	148668	146372	148372	5003083	14995633	1
2022.05.19	16:00:00	148372	148805	147919	148242	639099	2209420	1
2022.05.20	08:00:00	149327	150674	148626	149650	4717732	13906649	1
2022.05.20	16:00:00	149650	150750	149286	150372	773397	2464753	1
2022.05.23	08:00:00	151251	153265	150963	153004	4111284	12537444	1
2022.05.23	16:00:00	152997	153231	152818	153176	557310	1961080	1
2022.05.24	08:00:00	151458	152062	149980	151183	4906669	15137633	1
2022.05.24	16:00:00	151190	153286	151162	153059	832091	2747563	1
2022.05.25	08:00:00	152303	153203	151561	153052	4156702	12082306	1
2022.05.25	16:00:00	153052	153581	152413	152413	592149	1856291	1
2022.05.26	08:00:00	153244	154962	152482	154873	3187250	9947866	1
2022.05.26	16:00:00	154873	155017	154495	154811	586674	2097992	1
2022.05.27	08:00:00	154344	155416	153877	155086	3495627	10618787	1
2022.05.27	16:00:00	155086	155223	154378	154577	513552	1742816	1
2022.05.30	08:00:00	155601	156241	152722	153327	2878961	9007072	1
2022.05.30	16:00:00	153327	153389	152564	152564	381503	1248884	1
2022.05.31	08:00:00	152956	154571	152942	153237	4503922	14062203	1
2022.05.31	16:00:00	153237	153691	152750	153657	793647	2647861	1
2022.06.01	08:00:00	154172	154536	152791	154138	4317408	13402346	1
2022.06.01	16:00:00	154131	154275	153382	153773	563407	1895685	1
2022.06.02	08:00:00	154206	155595	153279	155175	3810185	12080142	1
2022.06.02	16:00:00	155175	155203	154605	155120	582113	2011182	1
2022.06.03	08:00:00	154248	154474	152880	153279	4125362	12641758	1
2022.06.03	16:00:00	153279	153588	153086	153588	535767	1808122	1
2022.06.06	08:00:00	154708	154942	151533	151863	3748732	12171191	1
2022.06.06	16:00:00	151863	152255	151691	152131	502436	1776284	1
2022.06.07	08:00:00	151444	152159	150660	151842	4175711	13117798	1
2022.06.07	16:00:00	151842	151966	151334	151664	496479	1743823	1
2022.06.08	08:00:00	151355	151698	148867	149162	4184352	13724678	1
2022.06.08	16:00:00	149169	149671	148729	149616	611324	2183518	1
2022.06.09	08:00:00	150049	150420	147547	148434	4806324	14858293	1
2022.06.09	16:00:00	148434	148468	147279	148029	783280	2636017	1
2022.06.10	08:00:00	148228	148475	143878	145589	5182843	15126564	1
2022.06.10	16:00:00	145589	145699	144874	144929	698088	2222783	1
2022.06.13	08:00:00	142387	142998	139858	141328	5113106	15442455	1
2022.06.13	16:00:00	141322	141631	140263	141287	1018931	3093520	1
2022.06.14	08:00:00	141562	142112	139507	139590	5266569	15876555	1
2022.06.14	16:00:00	139590	140504	139212	140284	817282	2692740	1
2022.06.15	08:00:00	141206	142923	139934	141799	5031638	14981171	1
2022.06.15	16:00:00	141805	142512	141072	141577	890528	2721581	1
2022.06.17	08:00:00	138789	139207	135079	136406	5281830	15602126	1
2022.06.17	16:00:00	136406	137308	136069	136453	777076	2527814	1
2022.06.20	08:00:00	136614	137739	134891	137106	4282865	12246495	1
2022.06.20	16:00:00	137106	137234	136729	137012	465135	1558607	1
2022.06.21	08:00:00	138022	138533	135793	136601	4892142	15285870	1
2022.06.21	16:00:00	136601	137739	136359	137739	672107	2222651	1
2022.06.22	08:00:00	135127	137604	134346	137012	4818180	14444820	1
2022.06.22	16:00:00	137012	137039	135719	135746	685224	2276840	1
2022.06.23	08:00:00	136655	137369	134009	134271	5094550	15647272	1
2022.06.23	16:00:00	134271	134750	133578	133578	676352	2339809	1
2022.06.24	08:00:00	134655	136056	134063	134844	4271396	13492451	1
2022.06.24	16:00:00	134837	135537	134763	135463	566284	1814189	1
2022.06.27	08:00:00	136136	138419	135564	137799	4317050	13088813	1
2022.06.27	16:00:00	137799	138621	137645	138621	662065	2320824	1
2022.06.28	08:00:00	139247	139900	136635	137220	4998846	15487896	1
2022.06.28	16:00:00	137214	137739	136965	137496	632768	2053884	1
2022.06.29	08:00:00	137510	138951	135551	136184	5126915	16318077	1
2022.06.29	16:00:00	136177	136480	135759	136204	645903	2243917	1
2022.06.30	08:00:00	134756	135598	133410	134534	5695143	16474637	1
2022.06.30	16:00:00	134527	135032	133713	133713	865025	2726140	1
2022.07.01	08:00:00	133625	135382	132716	135180	5134734	15624176	1
2022.07.01	16:00:00	135187	135638	134945	135611	634634	2268546	1
2022.07.04	08:00:00	134911	135638	133995	134904	3554987	10640384	1
2022.07.04	16:00:00	134898	134958	133982	133982	539699	1785028	1
2022.07.05	08:00:00	133484	133652	131612	133591	5246623	16309594	1
2022.07.05	16:00:00	133591	134305	133295	133982	777851	2639200	1
2022.07.06	08:00:00	133490	135214	132804	134292	5298264	16256841	1
2022.07.06	16:00:00	134292	135248	134070	134595	603656	2179070	1
2022.07.07	08:00:00	135652	138392	135564	137887	3476996	11485386	1
2022.07.07	16:00:00	137880	137975	137416	137927	531729	2006336	1
2022.07.08	08:00:00	137416	138446	136170	136715	4751322	13910579	1
2022.07.08	16:00:00	136722	136938	136500	136561	490145	1604411	1
2022.07.11	08:00:00	135369	135625	133235	133241	4500521	14182393	1
2022.07.11	16:00:00	133248	133834	133235	133558	560141	2114606	1
2022.07.12	08:00:00	132952	134426	132339	133955	4370061	13955370	1
2022.07.12	16:00:00	133962	134339	133289	134245	666611	2357284	1
2022.07.13	08:00:00	134258	134682	132440	133847	5259149	15985463	1
2022.07.13	16:00:00	133854	133874	132763	132864	556945	2020649	1
2022.07.14	08:00:00	131740	132124	129855	130717	4179363	13589901	1
2022.07.14	16:00:00	130723	131114	130380	130414	561585	1998164	1
2022.07.15	08:00:00	130824	131928	129478	131477	3949203	12396106	1
2022.07.15	16:00:00	131477	131740	131242	131376	402349	1372222	1
2022.07.18	08:00:00	132837	133666	131343	131471	3883034	11833492	1
2022.07.18	16:00:00	131471	132016	131309	131363	676301	2243165	1
2022.07.19	08:00:00	132205	133625	131834	133396	3969942	12786870	1
2022.07.19	16:00:00	133403	134036	133134	133800	540986	1878108	1
2022.07.20	08:00:00	133174	133639	132070	133066	4116937	12789174	1
2022.07.20	16:00:00	133066	133618	132999	132999	503793	1694504	1
2022.07.21	08:00:00	132790	133969	131686	133733	4031784	12880515	1
2022.07.21	16:00:00	133740	134507	133726	134440	500527	1807814	1
2022.07.22	08:00:00	134723	135308	133369	133726	3743649	11980882	1
2022.07.22	16:00:00	133726	134595	133672	134595	457852	1773972	1
2022.07.25	08:00:00	135214	136359	135059	136029	3515782	11071248	1
2022.07.25	16:00:00	136029	136278	135699	136110	486847	1731636	1
2022.07.26	08:00:00	135941	136594	134675	134904	3484089	11823944	1
2022.07.26	16:00:00	134898	135504	134871	135329	488958	1843422	1
2022.07.27	08:00:00	136035	137295	135483	137140	3469949	10742772	1
2022.07.27	16:00:00	137146	138089	137005	138089	552282	1961174	1
2022.07.28	08:00:00	137678	138991	136864	138944	3624882	11614426	1
2022.07.28	16:00:00	138944	139503	138897	139368	488364	1789728	1
2022.07.29	08:00:00	139759	140923	138917	140849	3685228	11415245	1
2022.07.29	16:00:00	140843	140897	139348	139449	653045	2283901	1
2022.08.01	08:00:00	139806	139907	137698	138607	4076616	12731122	1
2022.08.01	16:00:00	138614	138681	138069	138459	506935	1770690	1
2022.08.02	08:00:00	137685	140250	137476	140055	4920993	15385851	1
2022.08.02	16:00:00	140055	140365	139590	140365	613124	2084545	1
2022.08.03	08:00:00	140311	140540	138998	140210	3945996	12185700	1
2022.08.03	16:00:00	140210	140695	140169	140614	468031	1598145	1
2022.08.04	08:00:00	140398	143610	140270	143179	3689310	12172088	1
2022.08.04	16:00:00	143186	144377	143125	143953	640277	2352138	1
2022.08.05	08:00:00	143724	144923	142560	143596	4268668	13104163	1
2022.08.05	16:00:00	143596	144034	143361	143691	512398	1780896	1
2022.08.08	08:00:00	144418	146613	144290	146283	4114567	12483264	1
2022.08.08	16:00:00	146283	147165	146074	147165	660250	2313039	1
2022.08.09	08:00:00	146909	147569	145589	146215	4365889	13413185	1
2022.08.09	16:00:00	146222	147448	146121	146889	712561	2426140	1
2022.08.10	08:00:00	146774	149312	146673	148330	4274777	12428282	1
2022.08.10	16:00:00	148323	149097	148242	148828	627094	2065072	1
2022.08.11	08:00:00	149198	150497	147757	148215	4537137	13742854	1
2022.08.11	16:00:00	148215	148653	147737	148525	702308	2219030	1
2022.08.12	08:00:00	148505	151225	148498	151151	3894046	11516506	1
2022.08.12	16:00:00	151157	152039	151144	151770	645094	2176523	1
2022.08.15	08:00:00	150141	152605	149218	152315	3831551	12150449	1
2022.08.15	16:00:00	152309	152578	152107	152450	517735	1845540	1
2022.08.16	08:00:00	152228	153083	151743	152349	4452402	13646062	1
2022.08.16	16:00:00	152349	153359	152059	153217	629873	2039036	1
2022.08.17	08:00:00	151955	153680	151089	153118	3897068	12161438	1
2022.08.17	16:00:00	153112	153264	152675	152675	520855	1830345	1
2022.08.18	08:00:00	153065	153938	152418	153032	3870619	12251465	1
2022.08.18	16:00:00	153039	153535	152980	153482	488906	1721394	1
2022.08.19	08:00:00	152001	152385	149523	149589	3853537	12266367	1
2022.08.19	16:00:00	149595	149946	149159	149185	548734	2009464	1
2022.08.22	08:00:00	148260	149119	147685	148815	4197263	12846022	1
2022.08.22	16:00:00	148815	148934	148234	148577	655889	2174794	1
2022.08.23	08:00:00	149463	151387	148670	151314	3501638	11202515	1
2022.08.23	16:00:00	151320	151948	151235	151796	510663	1787722	1
2022.08.24	08:00:00	151730	152913	151069	151552	4078196	13135259	1
2022.08.24	16:00:00	151552	152041	151472	151743	540942	1983401	1
2022.08.25	08:00:00	152715	153099	151307	152120	4005586	12330647	1
2022.08.25	16:00:00	152127	152464	152081	152239	412558	1508822	1
2022.08.26	08:00:00	151836	153151	150144	150726	4487157	14176538	1
2022.08.26	16:00:00	150726	150924	150455	150897	501270	1804451	1
2022.08.29	08:00:00	149939	151922	149556	151486	3581924	11142668	1
2022.08.29	16:00:00	151479	151644	150560	150997	637466	2290971	1
2022.08.30	08:00:00	151228	151420	147612	148002	4457393	14517791	1
2022.08.30	16:00:00	148002	148458	147645	147645	615488	2164675	1
2022.08.31	08:00:00	147883	149298	147202	147758	5137525	15103539	1
2022.08.31	16:00:00	147764	147897	146766	147665	824214	2734176	1
2022.09.01	08:00:00	147070	147513	144915	147335	5278635	16190176	1
2022.09.01	16:00:00	147341	148227	147249	147910	641614	2197985	1
2022.09.02	08:00:00	147652	150448	147315	148815	4932621	14521343	1
2022.09.02	16:00:00	148809	149185	147969	148524	676469	2246536	1
2022.09.05	08:00:00	148346	150772	148293	150018	3348735	9816982	1
2022.09.05	16:00:00	150018	150375	149965	150150	426750	1215354	1
2022.09.06	08:00:00	149846	149879	146185	146416	5136380	15798673	1
2022.09.06	16:00:00	146416	146945	146218	146218	688218	2319216	1
2022.09.08	08:00:00	147725	148134	145114	146674	6203565	18182873	1
2022.09.08	16:00:00	146674	147176	146449	146753	677116	2265196	1
2022.09.09	08:00:00	148194	150408	148042	150098	4075374	11855920	1
2022.09.09	16:00:00	150091	150210	149813	150111	479746	1530086	1
2022.09.12	08:00:00	151010	152550	150540	151869	4045792	12196988	1
2022.09.12	16:00:00	151869	151882	151459	151499	432118	1418353	1
2022.09.13	08:00:00	152226	152510	147850	148062	5164931	15433656	1
2022.09.13	16:00:00	148062	148207	147454	147758	593642	2043548	1
2022.09.14	08:00:00	147559	148789	146839	147394	5183849	15502824	1
2022.09.14	16:00:00	147394	147949	146965	147877	634435	2165901	1
2022.09.15	08:00:00	147348	148260	145986	146647	5032364	15286169	1
2022.09.15	16:00:00	146654	146826	146145	146224	661693	2321338	1
2022.09.16	08:00:00	145563	145966	144651	145524	4796502	14574586	1
2022.09.16	16:00:00	145530	146026	145081	145947	702732	2367640	1
2022.09.19	08:00:00	144314	148716	144069	148439	4458384	14193084	1
2022.09.19	16:00:00	148445	150045	148439	149992	763777	2827117	1
2022.09.20	08:00:00	149252	149959	148280	149252	4984943	14694011	1
2022.09.20	16:00:00	149252	150269	149119	149926	672948	2268450	1
2022.09.21	08:00:00	150177	150944	148108	150336	5448701	15809611	1
2022.09.21	16:00:00	150336	150435	148736	148855	905650	2839819	1
2022.09.22	08:00:00	150018	151281	148743	151030	5151121	15373630	1
2022.09.22	16:00:00	151023	152305	151023	151591	718150	2403749	1
2022.09.23	08:00:00	149648	149873	147163	147236	4990352	14873911	1
2022.09.23	16:00:00	147229	148842	147216	148379	984744	3200865	1
2022.09.26	08:00:00	147434	147817	145101	145543	5615482	16727797	1
2022.09.26	16:00:00	145543	145748	144195	144268	1039296	3482449	1
2022.09.27	08:00:00	145881	147513	143607	144777	5649012	16796027	1
2022.09.27	16:00:00	144777	144783	143646	144274	827319	2723395	1
2022.09.28	08:00:00	142952	144658	142814	144089	5313957	15869706	1
2022.09.28	16:00:00	144096	144750	143660	143660	703908	2408687	1
2022.09.29	08:00:00	143197	143627	140831	142000	4989520	14735401	1
2022.09.29	16:00:00	142007	143541	141987	142926	801788	2593790	1
2022.09.30	08:00:00	143435	146647	142113	145781	4757423	15273197	1
2022.09.30	16:00:00	145781	146687	145702	146608	780845	2550150	1
2022.10.03	08:00:00	151175	154136	150184	153978	4893883	14450866	1
2022.10.03	16:00:00	153984	154844	153707	154632	662214	2246814	1
2022.10.04	08:00:00	156073	157104	153588	154288	5207207	15897320	1
2022.10.04	16:00:00	154288	154553	153482	154553	742480	2361456	1
2022.10.05	08:00:00	153455	155822	153184	155590	4869811	14306183	1
2022.10.05	16:00:00	155590	155908	155115	155729	577416	1999978	1
2022.10.06	08:00:00	155081	156919	154896	155511	4352132	13842260	1
2022.10.06	16:00:00	155511	156013	154956	155068	619418	2269325	1
2022.10.07	08:00:00	155399	156245	153819	154368	4407900	13595149	1
2022.10.07	16:00:00	154361	155002	153416	155002	656689	2218865	1
2022.10.10	08:00:00	154619	155200	152523	152735	4116984	12621320	1
2022.10.10	16:00:00	152735	153707	152715	153482	669087	2375227	1
2022.10.11	08:00:00	152570	153363	151770	151856	4624129	14754688	1
2022.10.11	16:00:00	151849	152008	151122	151565	728031	2460021	1
2022.10.13	08:00:00	152734	153423	149174	152241	4194119	13688885	1
2022.10.13	16:00:00	152234	152293	150532	150759	628210	2351887	1
2022.10.14	08:00:00	151403	151929	149012	149122	4931923	15865753	1
2022.10.14	16:00:00	149122	149402	147700	147901	804562	2641509	1
2022.10.17	08:00:00	149421	151390	148674	151039	3848274	12564457	1
2022.10.17	16:00:00	151039	151227	150292	150604	563016	2069917	1
2022.10.18	08:00:00	151948	152962	150987	152137	4300861	14605462	1
2022.10.18	16:00:00	152137	153657	151864	153514	796775	2866747	1
2022.10.19	08:00:00	152669	153787	152202	153144	4261060	14626725	1
2022.10.19	16:00:00	153144	154053	153040	153650	736902	2667308	1
2022.10.20	08:00:00	154437	155502	153923	154690	4129307	14035996	1
2022.10.20	16:00:00	154690	155086	154398	154553	617818	2372462	1
2022.10.21	08:00:00	153819	158224	153683	158049	4522073	15291723	1
2022.10.21	16:00:00	158055	159588	157984	158997	776819	2951243	1
2022.10.24	08:00:00	158289	158302	152884	152981	4886108	16086725	1
2022.10.24	16:00:00	152981	153683	152936	153384	646472	2293166	1
2022.10.25	08:00:00	153345	154196	151331	151734	4210335	13236893	1
2022.10.25	16:00:00	151734	151987	150772	150915	630084	2268623	1
2022.10.26	08:00:00	151234	151799	148804	148921	4730207	14314038	1
2022.10.26	16:00:00	148914	149746	148375	149746	697431	2394471	1
2022.10.27	08:00:00	149291	151273	148512	150701	5240710	15774859	1
2022.10.27	16:00:00	150701	153598	148934	150220	1317824	4165883	1
2022.10.28	08:00:00	148726	151279	148661	150630	4658223	14008902	1
2022.10.28	16:00:00	150630	152150	150207	152078	905758	3001220	1
2022.10.31	08:00:00	146823	153904	146173	151682	5747987	17258074	1
2022.10.31	16:00:00	151682	153313	151494	152591	985706	3114709	1
2022.11.01	08:00:00	153456	155372	152013	154989	5565904	14995290	1
2022.11.01	16:00:00	154995	155814	152000	152552	1292680	3263081	1
2022.11.03	08:00:00	150545	154540	150058	154346	4432760	12490373	1
2022.11.03	16:00:00	154339	154579	153683	153923	670272	2091990	1
2022.11.04	08:00:00	156067	158003	155294	156230	5304033	14881609	1
2022.11.04	16:00:00	156230	156230	154488	154969	892618	2725412	1
2022.11.07	08:00:00	155976	156282	151838	152358	4801931	13546212	1
2022.11.07	16:00:00	152351	152578	151201	151604	857583	2662234	1
2022.11.08	08:00:00	151682	154086	149707	152949	4909631	14486038	1
2022.11.08	16:00:00	152942	153261	151565	153131	1191036	3666509	1
2022.11.09	08:00:00	151890	152572	149597	149850	4712634	13261124	1
2022.11.09	16:00:00	149843	150025	148453	149233	993359	3341360	1
2022.11.10	08:00:00	148323	148323	142658	143016	5750284	14267985	1
2022.11.10	16:00:00	143029	144354	142314	144302	1133330	3237716	1
2022.11.11	08:00:00	145504	148466	143152	147914	5628850	14640042	1
2022.11.11	16:00:00	147914	148200	146647	147648	889214	2610320	1
2022.11.14	08:00:00	147024	149415	146511	148414	4916566	13161559	1
2022.11.14	16:00:00	148414	150019	148070	148408	1160801	3466742	1
2022.11.16	08:00:00	147674	148538	143366	143509	5554295	15207134	1
2022.11.16	16:00:00	143503	144640	143503	143574	984724	3358704	1
2022.11.17	08:00:00	141827	142665	140462	141151	5530580	14772773	1
2022.11.17	16:00:00	141158	143717	141021	142860	1208380	3556407	1
2022.11.18	08:00:00	144757	146153	141976	142314	5272400	14344935	1
2022.11.18	16:00:00	142314	143074	142054	142392	820193	2535524	1
2022.11.21	08:00:00	142379	144367	141255	143334	5123300	14321082	1
2022.11.21	16:00:00	143334	144094	142749	144068	898650	2768040	1
2022.11.22	08:00:00	143574	144776	141801	142788	5113309	14250718	1
2022.11.22	16:00:00	142788	142814	141054	142366	1140034	3458942	1
2022.11.23	08:00:00	142879	143152	141028	141313	4803956	14256406	1
2022.11.23	16:00:00	141320	142541	141145	141781	1081915	3634473	1
2022.11.24	08:00:00	143418	147375	142996	146413	4291957	12515802	1
2022.11.24	16:00:00	146407	146771	146179	146771	347968	894273	1
2022.11.25	08:00:00	145887	146868	141768	142009	4526996	13434670	1
2022.11.25	16:00:00	142009	142749	141840	142041	502597	1569312	1
2022.11.28	08:00:00	141041	143022	140216	142145	4122119	11919352	1
2022.11.28	16:00:00	142151	142483	141905	142106	641567	2287329	1
2022.11.29	08:00:00	143119	146608	142606	146049	4220815	12555702	1
2022.11.29	16:00:00	146043	146043	144646	145029	880596	3069815	1
2022.11.30	08:00:00	145523	146400	143704	145257	5150872	14656388	1
2022.11.30	16:00:00	145250	146887	144964	146887	1157177	3452104	1
2022.12.01	08:00:00	146173	146420	144100	144990	4615494	13260660	1
2022.12.01	16:00:00	144984	145172	144536	144971	734077	2385938	1
2022.12.02	08:00:00	144874	148382	143217	146166	4744517	13990634	1
2022.12.02	16:00:00	146166	146439	145764	145829	513137	1646970	1
2022.12.05	08:00:00	146582	146615	143113	143243	4419561	12859093	1
2022.12.05	16:00:00	143243	143301	142249	142249	654727	2214971	1
2022.12.06	08:00:00	142626	144126	142151	142769	4793027	14140815	1
2022.12.06	16:00:00	142769	144042	142288	143789	883893	2885237	1
2022.12.07	08:00:00	142626	143496	141313	142074	4984138	15000003	1
2022.12.07	16:00:00	142074	142593	141794	142457	863712	2863160	1
2022.12.08	08:00:00	142197	142593	139358	139943	4614636	13955928	1
2022.12.08	16:00:00	139943	140326	139001	139248	853894	2974103	1
2022.12.09	08:00:00	140170	141248	139202	140586	3716015	10638691	1
2022.12.09	16:00:00	140592	140605	139618	140040	597029	1932190	1
2022.12.12	08:00:00	140190	140190	134823	136032	4515934	14038036	1
2022.12.12	16:00:00	136032	137662	135817	136123	910275	3025824	1
2022.12.13	08:00:00	136402	139027	136142	136480	4959557	13845205	1
2022.12.13	16:00:00	136486	136850	133953	134628	1328071	3850233	1
2022.12.14	08:00:00	133618	134412	131705	134057	4823375	13947947	1
2022.12.14	16:00:00	134050	135378	133339	134279	1667062	4256860	1
2022.12.15	08:00:00	133478	136783	133059	134908	4708259	13670227	1
2022.12.15	16:00:00	134908	135340	133910	134520	863792	2750973	1
2022.12.16	08:00:00	133593	134724	132309	132614	4360153	12400743	1
2022.12.16	16:00:00	132614	133542	132474	133072	805020	2550130	1
2022.12.19	08:00:00	133440	136039	132417	135607	4443801	12754399	1
2022.12.19	16:00:00	135613	135810	134660	135709	850126	2707179	1
2022.12.20	08:00:00	135607	139521	134914	138714	5099333	15477352	1
2022.12.20	16:00:00	138708	138962	137958	138943	828857	2705198	1
2022.12.21	08:00:00	139426	139553	136948	138797	5121513	14508450	1
2022.12.21	16:00:00	138803	139089	138435	138968	725290	2359901	1
2022.12.22	08:00:00	138524	140074	137494	137653	4743714	13188077	1
2022.12.22	16:00:00	137647	139337	137628	139019	890266	2677122	1
2022.12.23	08:00:00	139235	142114	138886	141351	4140017	11214290	1
2022.12.23	16:00:00	141358	141885	140957	141612	650002	2143939	1
2022.12.26	08:00:00	141370	142050	139718	140296	3165704	7730017	1
2022.12.26	16:00:00	140296	140805	140182	140455	473005	1262254	1
2022.12.27	08:00:00	141288	141536	138454	139623	3995744	11745812	1
2022.12.27	16:00:00	139629	140303	139223	139909	639937	2141213	1
2022.12.28	08:00:00	140277	142540	140049	142114	4270155	12216913	1
2022.12.28	16:00:00	142114	142705	142050	142635	653705	2025807	1
2022.12.29	08:00:00	142438	143416	141110	141650	4267463	11300549	1
2022.12.29	16:00:00	141644	141930	140913	141110	618049	1811770	1
2023.01.02	08:00:00	140303	140538	136319	136687	3104472	8062960	1
2023.01.02	16:00:00	136681	137151	136490	136490	589307	1681766	1
2023.01.03	08:00:00	137189	137310	135073	135512	5073814	14562146	1
2023.01.03	16:00:00	135505	135575	133402	133440	991385	3414217	1
2023.01.04	08:00:00	134139	136071	133631	135785	5100492	14646741	1
2023.01.04	16:00:00	135779	135944	134870	135817	999134	3192117	1
2023.01.05	08:00:00	136338	138702	135537	138282	4273972	13075152	1
2023.01.05	16:00:00	138282	138867	138212	138778	559806	2043093	1
2023.01.06	08:00:00	138587	140830	138327	139674	4209086	12309253	1
2023.01.06	16:00:00	139680	140621	139369	140557	589625	2132694	1
2023.01.09	08:00:00	138949	141440	138269	140957	4532165	13238214	1
2023.01.09	16:00:00	140957	141103	139706	140061	815152	2552460	1
2023.01.10	08:00:00	139477	142527	139000	142457	4440990	13369875	1
2023.01.10	16:00:00	142463	142965	142196	142196	748472	2729022	1
2023.01.11	08:00:00	142273	143658	142025	143054	4280851	13043538	1
2023.01.11	16:00:00	143061	145119	142934	144865	839009	2865523	1
2023.01.12	08:00:00	143861	144967	141949	144484	5156275	14320848	1
2023.01.12	16:00:00	144484	144598	143150	143594	1015560	3171463	1
2023.01.13	08:00:00	143137	143474	141580	142457	4042184	12046578	1
2023.01.13	16:00:00	142457	142692	141987	142324	651457	2136827	1
2023.01.16	08:00:00	141192	141879	139420	139699	3708420	10671668	1
2023.01.16	16:00:00	139699	140036	139572	139737	501493	1560605	1
2023.01.17	08:00:00	139794	142825	139718	142146	3782551	11407627	1
2023.01.17	16:00:00	142146	143175	142031	142997	713494	2475349	1
2023.01.18	08:00:00	143505	145310	143391	144452	4857387	14508489	1
2023.01.18	16:00:00	144452	144656	143385	143607	710901	2305413	1
2023.01.19	08:00:00	142018	144548	141707	144414	4413906	12728102	1
2023.01.19	16:00:00	144408	145094	144103	144262	774692	2432593	1
2023.01.20	08:00:00	144725	144891	143029	143582	4100234	12312108	1
2023.01.20	16:00:00	143575	143842	143340	143683	573032	1897569	1
2023.01.23	08:00:00	143861	144725	143118	143772	4425992	12775420	1
2023.01.23	16:00:00	143772	143874	142686	142794	871981	2864729	1
2023.01.24	08:00:00	142419	144376	142171	143645	3816865	11731338	1
2023.01.24	16:00:00	143645	144878	143448	144751	841110	2931998	1
2023.01.25	08:00:00	144211	146028	143080	145660	4329101	12751793	1
2023.01.25	16:00:00	145660	146524	145558	146524	684183	2284257	1
2023.01.26	08:00:00	146206	146892	145221	145825	4273942	12707617	1
2023.01.26	16:00:00	145825	146308	145685	145685	574292	2039376	1
2023.01.27	08:00:00	145933	146238	143131	143836	3704458	11172050	1
2023.01.27	16:00:00	143829	144020	143385	143429	625131	1937001	1
2023.01.30	08:00:00	143111	144401	142845	143397	4091271	11991910	1
2023.01.30	16:00:00	143404	143721	142813	143690	670417	2197495	1
2023.01.31	08:00:00	143169	144999	142959	144713	3620763	10553798	1
2023.01.31	16:00:00	144719	145215	144687	144853	605065	1915835	1
2023.02.01	08:00:00	144700	145018	141262	142069	4144469	12359103	1
2023.02.01	16:00:00	142069	143658	141593	143264	1558253	4684239	1
2023.02.02	08:00:00	142463	144173	140894	141415	4592153	13549726	1
2023.02.02	16:00:00	141415	141764	139922	140258	1065579	3429379	1
2023.02.03	08:00:00	139604	141021	138740	139102	4710913	13497400	1
2023.02.03	16:00:00	139108	139191	137844	138308	835310	2717767	1
2023.02.06	08:00:00	137698	138320	136872	138149	4727059	13925676	1
2023.02.06	16:00:00	138149	138854	137958	138524	913715	3020599	1
2023.02.07	08:00:00	138975	139407	136535	137056	5338248	15179989	1
2023.02.07	16:00:00	137049	137812	137030	137380	937520	2706105	1
2023.02.08	08:00:00	137888	139839	137825	139585	4815780	14428126	1
2023.02.08	16:00:00	139578	140411	139483	140354	847131	2767023	1
2023.02.09	08:00:00	140868	140900	137710	137945	4556710	13495853	1
2023.02.09	16:00:00	137945	138085	137151	137374	987396	3262460	1
2023.02.10	08:00:00	136808	138269	136134	137234	4118488	12632506	1
2023.02.10	16:00:00	137234	137888	137138	137323	627908	2164141	1
2023.02.13	08:00:00	137475	138968	136579	138486	3830984	11860072	1
2023.02.13	16:00:00	138492	138714	138136	138714	567450	1991537	1
2023.02.14	08:00:00	138968	139470	136910	137081	4664124	14340357	1
2023.02.14	16:00:00	137088	137418	136681	136960	772743	2706728	1
2023.02.15	08:00:00	137392	140208	136397	139964	3630836	11822670	1
2023.02.15	16:00:00	139970	140270	138969	139476	679731	2558665	1
2023.02.16	08:00:00	139569	139876	137736	139407	4151889	13257152	1
2023.02.16	16:00:00	139413	140464	139138	140377	1039167	3944260	1
2023.02.17	08:00:00	139200	139688	138487	139100	3941024	12219398	1
2023.02.17	16:00:00	139100	139375	138512	138512	553840	2006245	1
2023.02.22	08:00:00	137499	137536	135484	136066	1629203	5272905	1
2023.02.22	16:00:00	136060	136291	135503	135759	966143	3267740	1
2023.02.23	08:00:00	136529	138099	135403	135972	3839888	12780904	1
2023.02.23	16:00:00	135972	136967	135928	136610	641790	2552553	1
2023.02.24	08:00:00	135891	136516	133645	133926	3483419	11875766	1
2023.02.24	16:00:00	133926	134502	133845	134502	535892	2052720	1
2023.02.27	08:00:00	135084	135196	133463	134646	4160165	13115058	1
2023.02.27	16:00:00	134639	134739	133795	133795	822682	2805071	1
2023.02.28	08:00:00	134014	135471	133144	134070	4431157	13560460	1
2023.02.28	16:00:00	134076	134514	132287	132318	883028	3099954	1
2023.03.01	08:00:00	133088	133507	130604	131142	4623345	14830686	1
2023.03.01	16:00:00	131142	132618	131073	132387	857102	3061548	1
2023.03.02	08:00:00	132775	132963	131398	131962	4310188	13831418	1
2023.03.02	16:00:00	131955	132130	130673	130760	935714	3241046	1
2023.03.03	08:00:00	131161	132356	130829	131311	3787712	12774622	1
2023.03.03	16:00:00	131311	131780	131173	131311	626090	2331353	1
2023.03.06	08:00:00	131136	133200	130523	132543	3877568	12934723	1
2023.03.06	16:00:00	132550	133006	132462	132612	690228	2497347	1
2023.03.07	08:00:00	132706	133075	130904	131179	4169830	13337539	1
2023.03.07	16:00:00	131173	132130	131136	132130	722844	2521124	1
2023.03.08	08:00:00	132312	135090	131918	134095	3809091	12513241	1
2023.03.08	16:00:00	134095	135140	134057	135140	652264	2748665	1
2023.03.09	08:00:00	134702	135102	133588	134314	4116624	13827988	1
2023.03.09	16:00:00	134314	134908	132450	132518	1083432	3936424	1
2023.03.10	08:00:00	132669	132825	130329	130623	4993144	15612196	1
2023.03.10	16:00:00	130616	131173	130548	131073	792483	2900539	1
2023.03.13	08:00:00	130823	131292	129052	130554	5778805	17654516	1
2023.03.13	16:00:00	130554	130660	129891	130422	763635	2480026	1
2023.03.14	08:00:00	130948	131567	129759	130003	4674570	14811692	1
2023.03.14	16:00:00	129997	130235	129365	130060	696899	2369265	1
2023.03.15	08:00:00	128508	130053	126988	129690	5367035	16432178	1
2023.03.15	16:00:00	129690	129997	129159	129697	671516	2199874	1
2023.03.16	08:00:00	129622	131104	129159	130729	4396958	13538781	1
2023.03.16	16:00:00	130723	130873	130341	130610	542094	1896449	1
2023.03.17	08:00:00	130479	130554	128051	129015	3254577	10986185	1
2023.03.17	16:00:00	129009	129077	128420	128420	518762	1891657	1
2023.03.20	08:00:00	128583	128983	126775	127451	3739429	12472792	1
2023.03.20	16:00:00	127444	127682	127125	127182	488185	1820510	1
2023.03.21	08:00:00	128170	128258	127050	127501	3190387	10478343	1
2023.03.21	16:00:00	127501	127638	127169	127432	468490	1796810	1
2023.03.22	08:00:00	127319	128445	126318	127538	3686364	11878232	1
2023.03.22	16:00:00	127544	127576	125974	125974	930431	3152378	1
2023.03.23	08:00:00	126074	127357	121926	122470	4244117	13936852	1
2023.03.23	16:00:00	122464	123265	122070	122070	808253	2755771	1
2023.03.24	08:00:00	121814	124967	121688	124204	4042098	13714478	1
2023.03.24	16:00:00	124204	124767	124185	124554	512271	1935667	1
2023.03.27	08:00:00	125073	125786	124535	125505	3530932	11302469	1
2023.03.27	16:00:00	125511	125674	125230	125630	434776	1466324	1
2023.03.28	08:00:00	125255	127713	124842	127213	3211874	10974901	1
2023.03.28	16:00:00	127213	127657	126981	127507	406802	1594027	1
2023.03.29	08:00:00	127945	128195	125830	126656	3835611	12677086	1
2023.03.29	16:00:00	126656	128477	126506	128114	736262	2770184	1
2023.03.30	08:00:00	129734	130804	128921	129722	3878311	12233384	1
2023.03.30	16:00:00	129722	130729	129690	130698	596688	1996268	1
2023.03.31	08:00:00	130135	130979	127332	127945	3989130	12941777	1
2023.03.31	16:00:00	127945	128577	127219	127501	712533	2509194	1
2023.04.03	08:00:00	127932	128258	126206	126863	3569716	11995747	1
2023.04.03	16:00:00	126856	127538	126794	127357	618032	2288539	1
2023.04.04	08:00:00	127864	129284	127357	127964	3721381	12910624	1
2023.04.04	16:00:00	127957	128333	127670	128014	543414	1991361	1
2023.04.05	08:00:00	127826	128076	125198	126268	4239758	14551098	1
2023.04.05	16:00:00	126268	126769	126124	126231	558462	2167993	1
2023.04.06	08:00:00	126381	127282	125761	126581	3535630	11575788	1
2023.04.06	16:00:00	126581	126794	126231	126794	388536	1469749	1
2023.04.10	08:00:00	126543	128070	126187	127463	3184003	10857012	1
2023.04.10	16:00:00	127463	127782	127288	127776	445215	1657546	1
2023.04.11	08:00:00	128258	133363	128183	132819	4242144	14027701	1
2023.04.11	16:00:00	132819	133776	132781	133476	758698	2541032	1
2023.04.12	08:00:00	133236	135661	132843	134992	4294145	13377554	1
2023.04.12	16:00:00	134986	135066	133482	133721	641174	2252777	1
2023.04.13	08:00:00	133844	134335	132880	133347	3889585	12332794	1
2023.04.13	16:00:00	133353	133451	133015	133046	460007	1581039	1
2023.04.14	08:00:00	132923	133660	131100	132862	3999043	12644073	1
2023.04.14	16:00:00	132862	133764	132377	133598	580661	2114801	1
2023.04.17	08:00:00	133697	133721	132057	132199	3586071	12056038	1
2023.04.17	16:00:00	132192	132862	132168	132530	461856	1753964	1
2023.04.18	08:00:00	133132	134304	131296	132475	3799624	13316236	1
2023.04.18	16:00:00	132469	133046	132370	132370	532780	2035719	1
2023.04.19	08:00:00	131302	131572	129319	129644	3776802	12387561	1
2023.04.19	16:00:00	129638	130136	129546	129976	517347	1934537	1
2023.04.20	08:00:00	129546	130676	128607	130197	3782440	12642230	1
2023.04.20	16:00:00	130203	130424	129976	130332	427269	1546771	1
2023.04.24	08:00:00	129730	130879	128754	129620	3549690	11809251	1
2023.04.24	16:00:00	129620	129908	129516	129896	324625	1247910	1
2023.04.25	08:00:00	129393	129534	127919	128404	3705214	12199110	1
2023.04.25	16:00:00	128404	129559	128355	129559	496513	1734716	1
2023.04.26	08:00:00	129135	129994	127397	127833	3349406	11525005	1
2023.04.26	16:00:00	127833	128024	127532	127975	435137	1492434	1
2023.04.27	08:00:00	128263	128564	126998	127729	3589336	11850913	1
2023.04.27	16:00:00	127723	128533	127717	128263	463387	1617835	1
2023.04.28	08:00:00	127950	130123	127551	129540	3600597	12126619	1
2023.04.28	16:00:00	129546	130056	129239	129239	441810	1674975	1
2023.05.02	08:00:00	129147	129638	126372	126833	3597120	12006692	1
2023.05.02	16:00:00	126839	126992	126354	126354	433251	1736497	1
2023.05.03	08:00:00	126710	127416	126139	127090	4106981	13440977	1
2023.05.03	16:00:00	127084	127299	126452	126599	574170	2069401	1
2023.05.04	08:00:00	126661	128687	125641	127416	4354674	14850945	1
2023.05.04	16:00:00	127416	128140	126882	128140	538318	2073886	1
2023.05.05	08:00:00	127827	130952	127404	130682	4014547	13431474	1
2023.05.05	16:00:00	130682	131321	130467	130872	509907	1898966	1
2023.05.08	08:00:00	131511	132659	130829	131885	3942040	13553838	1
2023.05.08	16:00:00	131885	132051	131413	131413	464133	1663981	1
2023.05.09	08:00:00	131143	133912	130860	132911	3607169	12827054	1
2023.05.09	16:00:00	132911	133654	132849	133476	479287	1860007	1
2023.05.10	08:00:00	132923	133623	132113	133396	3748100	12703390	1
2023.05.10	16:00:00	133396	133844	133341	133703	452531	1739648	1
2023.05.11	08:00:00	133003	134986	131959	134188	3816018	13726291	1
2023.05.11	16:00:00	134182	134667	134034	134212	435357	1720483	1
2023.05.12	08:00:00	134212	134949	133150	134464	3474784	12083136	1
2023.05.12	16:00:00	134458	134765	134274	134642	388586	1451845	1
2023.05.15	08:00:00	135195	135532	134268	135189	3273857	10901705	1
2023.05.15	16:00:00	135195	135373	134900	135225	495914	1875296	1
2023.05.16	08:00:00	134888	136607	134648	134925	3541684	12951299	1
2023.05.16	16:00:00	134925	135041	133562	133905	769872	3091091	1
2023.05.17	08:00:00	134335	136048	134028	135459	3873092	13385691	1
2023.05.17	16:00:00	135453	136073	135403	135925	534146	2031065	1
2023.05.18	08:00:00	135624	136275	134519	136103	3686190	13197056	1
2023.05.18	16:00:00	136103	136631	135919	136472	507141	1977414	1
2023.05.19	08:00:00	136398	137681	135790	136938	3587054	13149400	1
2023.05.19	16:00:00	136945	137178	136748	136852	455363	1750613	1
2023.05.22	08:00:00	136607	138203	136300	136865	3728500	12734497	1
2023.05.22	16:00:00	136859	136883	136097	136613	532590	1812508	1
2023.05.23	08:00:00	136140	137712	135600	135956	4001748	14475341	1
2023.05.23	16:00:00	135950	136441	135833	136417	534883	2044116	1
2023.05.24	08:00:00	135888	136392	134040	134483	3570958	12843450	1
2023.05.24	16:00:00	134483	134986	134335	134986	526951	1957775	1
2023.05.25	08:00:00	135434	137380	135318	135993	4278327	14655103	1
2023.05.25	16:00:00	135993	136257	135692	135876	474997	1715374	1
2023.05.26	08:00:00	136668	138025	135551	136920	4009784	14301811	1
2023.05.26	16:00:00	136926	137331	136662	136938	543532	1977416	1
2023.05.29	08:00:00	137282	137436	135870	136398	2943764	9443389	1
2023.05.29	16:00:00	136404	136748	136073	136134	416402	1381989	1
2023.05.30	08:00:00	136515	137503	133912	134568	3975819	13629920	1
2023.05.30	16:00:00	134562	134869	134206	134237	504295	1797435	1
2023.05.31	08:00:00	133758	134661	133445	134194	3737823	12984897	1
2023.05.31	16:00:00	134194	134366	133531	133605	638985	2362567	1
2023.06.01	08:00:00	134507	136398	133494	136183	3860230	13289391	1
2023.06.01	16:00:00	136177	137012	136067	137006	628376	2397211	1
2023.06.02	08:00:00	137380	139339	137288	138897	3468552	11881729	1
2023.06.02	16:00:00	138897	139118	138578	139001	517864	1944371	1
2023.06.05	08:00:00	138694	139370	137534	138645	3162928	10967897	1
2023.06.05	16:00:00	138645	139198	138578	138793	453380	1697364	1
2023.06.06	08:00:00	138529	141408	138510	140917	3828556	13392850	1
2023.06.06	16:00:00	140917	141580	140806	141580	537732	1998114	1
2023.06.07	08:00:00	141948	142771	141052	141942	3874118	13266317	1
2023.06.07	16:00:00	141942	142661	141838	142544	460308	1741801	1
2023.06.09	08:00:00	142882	144699	142857	143845	3254029	11416084	1
2023.06.09	16:00:00	143839	144109	143624	143845	465623	1647076	1
2023.06.12	08:00:00	144220	144944	143440	144263	3381936	11732989	1
2023.06.12	16:00:00	144257	144680	144152	144637	504129	1858170	1
2023.06.13	08:00:00	144834	145159	142961	143299	3784806	12696579	1
2023.06.13	16:00:00	143293	143913	143170	143888	454551	1671415	1
2023.06.14	08:00:00	144431	146551	144123	145334	4242843	13934616	1
2023.06.14	16:00:00	145334	146659	144888	146153	949269	3280390	1
2023.06.15	08:00:00	145575	147267	145551	146936	3780800	12032694	1
2023.06.15	16:00:00	146936	147002	146514	146785	505636	1781394	1
2023.06.16	08:00:00	146779	147038	145466	146358	3335679	10888857	1
2023.06.16	16:00:00	146364	146376	145798	145846	535698	1980493	1
2023.06.19	08:00:00	145804	147502	145551	147171	3135297	9932911	1
2023.06.19	16:00:00	147171	147544	147081	147538	452078	1416631	1
2023.06.20	08:00:00	147032	147057	145418	146683	3902967	12567233	1
2023.06.20	16:00:00	146683	147081	146539	146960	464331	1615289	1
2023.06.21	08:00:00	146900	148008	146406	147761	3890093	12481178	1
2023.06.21	16:00:00	147761	147966	147581	147833	498934	1806505	1
2023.06.22	08:00:00	146713	147340	144768	145756	4183471	13454853	1
2023.06.22	16:00:00	145762	146370	145545	146370	574634	2027409	1
2023.06.23	08:00:00	145635	146472	144924	145756	3957860	12874966	1
2023.06.23	16:00:00	145750	146153	145605	146015	478816	1708952	1
2023.06.26	08:00:00	145707	145942	143949	145111	3677459	11922007	1
2023.06.26	16:00:00	145117	145316	144491	144491	492026	1799643	1
2023.06.27	08:00:00	145316	146237	142798	143485	4473241	14228043	1
2023.06.27	16:00:00	143485	144220	143479	143870	593655	2117916	1
2023.06.28	08:00:00	144129	144491	142925	143328	4229630	13469064	1
2023.06.28	16:00:00	143328	143503	142684	142828	633535	2292426	1
2023.06.29	08:00:00	143485	144870	142594	144497	3708097	11822704	1
2023.06.29	16:00:00	144491	145491	144491	145472	694994	2466070	1
2023.06.30	08:00:00	145587	146418	144611	145485	4142152	13245016	1
2023.06.30	16:00:00	145485	145491	143888	143949	640486	2270840	1
2023.07.03	08:00:00	144533	146647	144431	146334	3507006	11216440	1
2023.07.03	16:00:00	146334	146623	146207	146526	449503	1404008	1
2023.07.04	08:00:00	146286	146466	145135	145629	3467966	11031504	1
2023.07.04	16:00:00	145629	145888	145280	145629	423238	1378597	1
2023.07.05	08:00:00	144997	146942	144226	146280	4354055	14305038	1
2023.07.05	16:00:00	146274	146502	145942	145960	509684	1879085	1
2023.07.06	08:00:00	145756	145762	142925	143635	4376529	13969166	1
2023.07.06	16:00:00	143629	143684	143184	143527	562144	2003629	1
2023.07.07	08:00:00	144051	146015	143587	145786	3936968	12438399	1
2023.07.07	16:00:00	145780	145846	144696	144696	583008	2152143	1
2023.07.10	08:00:00	144467	144912	143762	144087	3786812	12346278	1
2023.07.10	16:00:00	144087	144159	143364	143473	551787	1964366	1
2023.07.11	08:00:00	144214	144310	140973	143250	4219940	13829005	1
2023.07.11	16:00:00	143244	143587	143081	143587	561045	2004153	1
2023.07.12	08:00:00	143955	145123	143497	143907	4251352	12861187	1
2023.07.12	16:00:00	143900	144021	142955	143105	719451	2461389	1
2023.07.13	08:00:00	143822	145966	143720	145352	3981507	11898357	1
2023.07.13	16:00:00	145352	145509	145117	145117	481477	1710732	1
2023.07.14	08:00:00	145430	145713	143136	143232	3873362	12209004	1
2023.07.14	16:00:00	143238	143533	143057	143298	528495	1824914	1
2023.07.17	08:00:00	142985	144051	141913	143545	3859131	12167113	1
2023.07.17	16:00:00	143539	144184	143431	144039	522894	1753262	1
2023.07.18	08:00:00	143949	144503	142624	143352	4409320	14057155	1
2023.07.18	16:00:00	143346	143648	142967	143310	629965	2211127	1
2023.07.19	08:00:00	143527	143660	141762	143214	4286201	13773544	1
2023.07.19	16:00:00	143214	143389	142810	142925	483243	1761628	1
2023.07.20	08:00:00	143286	143931	142672	143286	4066207	13068286	1
2023.07.20	16:00:00	143286	143762	143172	143762	514772	1809295	1
2023.07.21	08:00:00	143467	146352	143148	146015	4031835	13482537	1
2023.07.21	16:00:00	146021	146394	145804	146394	585930	2176915	1
2023.07.24	08:00:00	146021	147936	145756	147177	4196913	13217825	1
2023.07.24	16:00:00	147171	147870	146990	147821	546848	1916138	1
2023.07.25	08:00:00	148351	149683	147870	148472	4033935	12948799	1
2023.07.25	16:00:00	148478	148580	147984	147984	561938	1966938	1
2023.07.26	08:00:00	147743	148972	147225	148321	4178995	12767957	1
2023.07.26	16:00:00	148327	149002	147996	148376	720268	2469960	1
2023.07.27	08:00:00	148954	149219	145996	146093	3986456	12884753	1
2023.07.27	16:00:00	146087	146111	144659	144816	869570	3164164	1
2023.07.28	08:00:00	145527	146677	145039	145448	3601263	11597801	1
2023.07.28	16:00:00	145454	145840	145153	145418	505773	1766842	1
2023.07.31	08:00:00	146225	148014	146002	147617	3550147	11521428	1
2023.07.31	16:00:00	147623	147858	147316	147749	587239	2019574	1
2023.08.01	08:00:00	147231	147249	145424	146539	4148066	13958172	1
2023.08.01	16:00:00	146539	147147	146406	146502	541652	1999674	1
2023.08.02	08:00:00	145792	146376	144870	145972	4156626	13603839	1
2023.08.02	16:00:00	145972	146779	145888	145930	783488	2967771	1
2023.08.03	08:00:00	147249	148363	145852	146340	4955009	16245603	1
2023.08.03	16:00:00	146346	146388	145274	145400	816775	3036796	1
2023.08.04	08:00:00	145370	146882	144129	144696	5136188	17293761	1
2023.08.04	16:00:00	144702	144750	143997	144406	743638	2885639	1
2023.08.07	08:00:00	144744	145147	143623	144388	4234596	13472075	1
2023.08.07	16:00:00	144388	144424	143828	143985	569403	1978699	1
2023.08.08	08:00:00	142955	144412	141678	143973	4637729	14848320	1
2023.08.08	16:00:00	143967	144051	143617	143648	510235	1807098	1
2023.08.09	08:00:00	144238	144238	142256	142636	4548827	15307025	1
2023.08.09	16:00:00	142636	142985	142557	142889	522104	2044575	1
2023.08.10	08:00:00	143467	144184	142913	143226	4261221	14075596	1
2023.08.10	16:00:00	143232	143244	142250	142250	651274	2425607	1
2023.08.11	08:00:00	142563	143660	141600	141991	4288074	14623729	1
2023.08.11	16:00:00	141991	142515	141877	142491	504733	1917273	1
2023.08.14	08:00:00	142347	142419	140588	140757	4108900	13653742	1
2023.08.14	16:00:00	140757	140973	140510	140588	595375	2237832	1
2023.08.15	08:00:00	139817	141780	139504	140419	4523435	14991957	1
2023.08.15	16:00:00	140425	140540	139329	139450	753314	2751977	1
2023.08.16	08:00:00	139881	141321	139520	140028	4114226	13844119	1
2023.08.16	16:00:00	140034	140129	138835	139148	762360	2772849	1
2023.08.17	08:00:00	140022	140377	138339	138511	4244271	14207689	1
2023.08.17	16:00:00	138511	138564	138162	138475	601007	2316144	1
2023.08.18	08:00:00	138168	139243	137690	138729	4137027	13996334	1
2023.08.18	16:00:00	138729	139030	138481	138493	582577	2112051	1
2023.08.21	08:00:00	139178	139190	137117	137530	4183335	14142318	1
2023.08.21	16:00:00	137536	137725	137141	137141	529284	2010743	1
2023.08.22	08:00:00	137944	139408	137708	139302	3939401	13392317	1
2023.08.22	16:00:00	139296	139822	139296	139762	582007	2344662	1
2023.08.23	08:00:00	140318	141688	139668	141516	3451319	11839805	1
2023.08.23	16:00:00	141516	142314	141499	142243	579268	2374804	1
2023.08.24	08:00:00	141835	141959	140211	140684	3837922	13654574	1
2023.08.24	16:00:00	140690	140772	140300	140684	511095	1851457	1
2023.08.25	08:00:00	140571	140790	138475	139308	4535896	14499241	1
2023.08.25	16:00:00	139308	139438	138747	139007	541984	1898820	1
2023.08.28	08:00:00	139355	139928	138841	139863	3829231	12642911	1
2023.08.28	16:00:00	139863	140760	139810	140589	676843	2614496	1
2023.08.29	08:00:00	140447	142148	140335	141882	3759159	12434815	1
2023.08.29	16:00:00	141882	142125	141682	141812	546868	1941015	1
2023.08.30	08:00:00	141623	142426	140755	141056	3765062	12308713	1
2023.08.30	16:00:00	141062	141132	140648	140814	486772	1721099	1
2023.08.31	08:00:00	140896	141221	138995	139113	3980303	13071427	1
2023.08.31	16:00:00	139113	139237	138629	139054	578586	2182486	1
2023.09.01	08:00:00	139833	141192	139125	140973	3619410	11471095	1
2023.09.01	16:00:00	140973	141268	140619	140619	487561	1694717	1
2023.09.04	08:00:00	140896	141882	140595	140820	3199678	9834192	1
2023.09.04	16:00:00	140825	141121	140743	141056	412146	1350375	1
2023.09.05	08:00:00	140607	141103	139438	140554	4250984	14314405	1
2023.09.05	16:00:00	140560	140648	140129	140601	646984	2360037	1
2023.09.06	08:00:00	140424	141014	138782	138818	4061592	13821968	1
2023.09.06	16:00:00	138818	139001	138463	138605	496741	1943488	1
2023.09.08	08:00:00	137377	138139	137034	137814	3222609	10742544	1
2023.09.08	16:00:00	137820	137956	137524	137708	444817	1679885	1
2023.09.11	08:00:00	138670	139887	138115	139857	3741376	12904659	1
2023.09.11	16:00:00	139857	140005	139668	139999	530376	2070833	1
2023.09.12	08:00:00	139999	141121	139703	140684	3709306	12971132	1
2023.09.12	16:00:00	140690	140949	140583	140583	469284	1908378	1
2023.09.13	08:00:00	140489	142497	140259	141422	3997562	13782479	1
2023.09.13	16:00:00	141416	141463	140967	141127	492398	1879786	1
2023.09.14	08:00:00	141841	142821	141629	142567	3781792	13275813	1
2023.09.14	16:00:00	142573	142839	142172	142172	547846	2088080	1
2023.09.15	08:00:00	142609	142880	141575	141941	3373249	12057220	1
2023.09.15	16:00:00	141941	141953	141434	141705	531282	2079987	1
2023.09.18	08:00:00	141428	142414	141050	141192	3557839	12524981	1
2023.09.18	16:00:00	141197	141239	140731	141239	552703	2177183	1
2023.09.19	08:00:00	141345	141386	140447	140518	3913790	14361864	1
2023.09.19	16:00:00	140518	140560	140093	140365	558071	2344196	1
2023.09.20	08:00:00	140583	142550	140507	142018	3797823	13974156	1
2023.09.20	16:00:00	142018	142095	141056	141168	731152	3037028	1
2023.09.21	08:00:00	140188	140205	138233	138670	4342074	15051772	1
2023.09.21	16:00:00	138670	138711	137950	138044	664631	2735421	1
2023.09.22	08:00:00	138723	139355	137749	137973	3557527	12920690	1
2023.09.22	16:00:00	137967	138422	137896	138310	562615	2464337	1
2023.09.25	08:00:00	137471	137950	137206	137613	3225632	11310331	1
2023.09.25	16:00:00	137619	138333	137524	138186	549894	2228419	1
2023.09.26	08:00:00	137648	137879	135836	136025	3919997	14429674	1
2023.09.26	16:00:00	136025	136095	135446	135588	615081	2586976	1
2023.09.27	08:00:00	136290	136993	134619	135304	4044554	14751937	1
2023.09.27	16:00:00	135304	135800	135139	135782	656706	2498347	1
2023.09.28	08:00:00	135818	137347	135458	137034	4352764	14730835	1
2023.09.28	16:00:00	137040	137731	137028	137672	668715	2639977	1
2023.09.29	08:00:00	138139	139042	137483	137991	3938439	13786058	1
2023.09.29	16:00:00	137991	138641	137861	138446	664166	2456007	1
2023.10.02	08:00:00	138180	138528	136090	136225	3914557	14105479	1
2023.10.02	16:00:00	136237	136621	136225	136503	540807	2133460	1
2023.10.03	08:00:00	135818	136438	134247	134342	4617565	16533870	1
2023.10.03	16:00:00	134342	134578	134111	134188	624864	2354030	1
2023.10.04	08:00:00	134979	135322	133952	134566	4421461	15302158	1
2023.10.04	16:00:00	134572	134973	134377	134377	546793	2110265	1
2023.10.05	08:00:00	134637	135487	133491	134283	4273543	14775221	1
2023.10.05	16:00:00	134283	134418	134070	134342	494133	1915891	1
2023.10.06	08:00:00	134401	135576	132109	135434	5467389	18254572	1
2023.10.06	16:00:00	135440	135529	135103	135464	553377	2069065	1
2023.10.09	08:00:00	134188	136402	133975	136154	4147542	14670899	1
2023.10.09	16:00:00	136154	136639	135841	136633	579134	2182627	1
2023.10.10	08:00:00	136881	138292	136698	138080	3890782	13733584	1
2023.10.10	16:00:00	138085	138393	137896	137896	544341	2248289	1
2023.10.11	08:00:00	138528	139001	137454	138062	3981753	13924359	1
2023.10.11	16:00:00	138062	138729	138015	138658	535853	2157640	1
2023.10.13	08:00:00	137353	138398	136656	136963	4076810	14047791	1
2023.10.13	16:00:00	136969	137330	136627	136851	557204	2057268	1
2023.10.16	08:00:00	137471	138221	137111	137755	3991122	13709557	1
2023.10.16	16:00:00	137755	138180	137495	137495	570527	2256112	1
2023.10.17	08:00:00	137164	138144	136479	136650	4350162	15537458	1
2023.10.17	16:00:00	136645	137040	136627	136668	524024	2000737	1
2023.10.18	08:00:00	136261	136552	134743	134877	4205950	15369664	1
2023.10.18	16:00:00	134877	134947	134575	134633	602103	2408510	1
2023.10.19	08:00:00	134516	135994	134406	135110	5173982	18440714	1
2023.10.19	16:00:00	135115	135272	134406	134545	603627	2543781	1
2023.10.20	08:00:00	134307	134720	132818	133650	4582588	17265125	1
2023.10.20	16:00:00	133656	133749	133208	133493	506880	2066353	1
2023.10.23	08:00:00	132935	134197	132347	133528	4507001	16018528	1
2023.10.23	16:00:00	133528	133615	132952	133313	759534	2801030	1
2023.10.24	08:00:00	134220	134761	133010	133789	4666971	16473656	1
2023.10.24	16:00:00	133784	134726	133743	134284	866561	3492889	1
2023.10.25	08:00:00	134226	134569	132807	133039	4602459	15968130	1
2023.10.25	16:00:00	133039	133313	132894	132958	624907	2304566	1
2023.10.26	08:00:00	132388	135005	132225	134976	4978899	16700990	1
2023.10.26	16:00:00	134976	135802	134964	135761	962132	3596010	1
2023.10.27	08:00:00	135697	135924	132993	133179	4968761	17896752	1
2023.10.27	16:00:00	133185	133737	133132	133714	692090	2599140	1
2023.10.30	08:00:00	134400	134819	132184	132522	4416086	15918985	1
2023.10.30	16:00:00	132527	132789	132132	132365	704722	2637422	1
2023.10.31	08:00:00	132888	133737	131917	133138	4810511	17313156	1
2023.10.31	16:00:00	133138	133528	132865	133377	652749	2524847	1
2023.11.01	08:00:00	133214	135662	132853	135365	4715712	16463517	1
2023.11.01	16:00:00	135360	135976	135307	135976	811119	3141039	1
2023.11.03	08:00:00	136976	139431	136918	139274	4128121	14651325	1
2023.11.03	16:00:00	139274	139396	138994	139326	450948	1904935	1
2023.11.06	08:00:00	139169	139721	138750	139128	3710879	13493296	1
2023.11.06	16:00:00	139128	139454	138936	139413	626082	2577869	1
2023.11.07	08:00:00	138820	140565	138407	140495	3895995	14430304	1
2023.11.07	16:00:00	140489	140594	140047	140094	686268	2929224	1
2023.11.08	08:00:00	139820	141018	139186	139855	4199158	16112672	1
2023.11.08	16:00:00	139855	140134	139756	139989	599416	2448272	1
2023.11.09	08:00:00	140210	141280	139495	140291	4176482	15715238	1
2023.11.09	16:00:00	140297	140297	139024	139919	1021702	4182661	1
2023.11.10	08:00:00	140210	141914	139937	141600	3937537	14086509	1
2023.11.10	16:00:00	141606	141798	141292	141728	602748	2408533	1
2023.11.13	08:00:00	141385	141466	140582	141158	3572356	13310663	1
2023.11.13	16:00:00	141164	141507	141036	141455	472895	2092707	1
2023.11.14	08:00:00	141408	145147	141379	144578	3780180	13212542	1
2023.11.14	16:00:00	144578	145043	144357	144944	590649	2301028	1
2023.11.16	08:00:00	144781	146037	144374	145921	4137575	14915089	1
2023.11.16	16:00:00	145915	146357	145886	146357	642044	2657653	1
2023.11.17	08:00:00	146363	147067	145933	146706	3510276	12266536	1
2023.11.17	16:00:00	146706	146840	146218	146433	657973	2580334	1
2023.11.20	08:00:00	146747	147840	146375	147747	3078495	10924809	1
2023.11.20	16:00:00	147747	147852	147276	147834	694508	2776081	1
2023.11.21	08:00:00	147474	147706	146404	146642	3690381	13397089	1
2023.11.21	16:00:00	146642	147305	146468	147165	604195	2328868	1
2023.11.22	08:00:00	147276	148567	147055	147654	4037410	14431244	1
2023.11.22	16:00:00	147654	147671	146840	147549	693810	2821452	1
2023.11.23	08:00:00	147253	148352	147008	148015	2442459	8355095	1
2023.11.23	16:00:00	148015	148294	147904	148294	322836	1291903	1
2023.11.24	08:00:00	148125	148137	146654	146718	3040536	10855967	1
2023.11.24	16:00:00	146712	146979	146601	146950	388379	1588126	1
2023.11.27	08:00:00	146665	147305	145956	146904	3643654	12969690	1
2023.11.27	16:00:00	146904	147113	146700	147113	546341	2269859	1
2023.11.28	08:00:00	146689	148329	146508	147828	3532495	13408470	1
2023.11.28	16:00:00	147828	148067	147567	147951	550530	2333315	1
2023.11.29	08:00:00	148183	148747	147352	147980	3406916	13266628	1
2023.11.29	16:00:00	147974	148096	147096	147363	622973	2653014	1
2023.11.30	08:00:00	147718	148596	147282	148387	3419493	12580262	1
2023.11.30	16:00:00	148387	148840	148317	148666	598008	2576609	1
2023.12.01	08:00:00	148986	149567	147799	149271	3790340	13547374	1
2023.12.01	16:00:00	149271	149637	149230	149422	557155	2201452	1
2023.12.04	08:00:00	148806	149108	147823	147863	3402078	11916009	1
2023.12.04	16:00:00	147863	148102	147730	148079	590836	2322404	1
2023.12.05	08:00:00	147834	148718	147462	148282	4235050	15227678	1
2023.12.05	16:00:00	148282	148648	147799	147834	610850	2394478	1
2023.12.06	08:00:00	148294	148742	146636	146933	3707992	12937088	1
2023.12.06	16:00:00	146933	147038	146247	146247	772120	3262963	1
2023.12.07	08:00:00	146479	147526	146270	146642	3512987	12837706	1
2023.12.07	16:00:00	146636	146962	146485	146898	675136	2610120	1
2023.12.08	08:00:00	147038	148183	146171	147299	4046086	14439504	1
2023.12.08	16:00:00	147299	148294	147241	147997	685142	2740285	1
2023.12.11	08:00:00	147863	148067	147212	147619	3285065	12615989	1
2023.12.11	16:00:00	147619	147933	147462	147910	502599	2135049	1
2023.12.12	08:00:00	148195	148404	146566	146974	3108533	11041706	1
2023.12.12	16:00:00	146968	147270	146863	147165	598843	2048832	1
2023.12.13	08:00:00	147165	147874	146737	147560	2926867	10271512	1
2023.12.13	16:00:00	147566	151322	147560	151191	1580518	6176302	1
2023.12.14	08:00:00	151665	152495	151414	151603	3353609	12036572	1
2023.12.14	16:00:00	151608	152151	151551	151991	649830	2653776	1
2023.12.15	08:00:00	152209	152963	150991	151099	3112428	10938158	1
2023.12.15	16:00:00	151099	151568	150871	151317	631712	2416323	1
2023.12.18	08:00:00	151465	152655	151460	152569	2655210	9633518	1
2023.12.18	16:00:00	152569	152660	152226	152226	497909	1941016	1
2023.12.19	08:00:00	152266	153289	152106	152929	2860599	10907041	1
2023.12.19	16:00:00	152935	153261	152849	153226	552670	2271444	1
2023.12.20	08:00:00	152792	153609	152500	152820	3037632	10809818	1
2023.12.20	16:00:00	152820	152946	151557	151785	1080981	4237812	1
2023.12.21	08:00:00	152523	153449	152403	152866	3416886	11696058	1
2023.12.21	16:00:00	152866	153512	152672	153512	599647	2243563	1
2023.12.22	08:00:00	153352	154290	153135	153947	2626411	9853253	1
2023.12.22	16:00:00	153941	154067	153558	153804	548404	2349058	1
2023.12.26	08:00:00	154107	154953	153832	154656	1917448	6487537	1
2023.12.26	16:00:00	154650	155010	154519	154930	461300	1819334	1
2023.12.27	08:00:00	154839	155456	154461	155102	2247855	8355187	1
2023.12.27	16:00:00	155102	155639	154987	155605	512220	2103027	1
2023.12.28	08:00:00	155273	155622	154867	155411	2382708	8612650	1
2023.12.28	16:00:00	155405	155479	155096	155353	402010	1654958	1
2024.01.02	08:00:00	154667	154782	153026	153061	3000502	10855716	1
2024.01.02	16:00:00	153061	153587	152723	153501	567952	2449311	1
2024.01.03	08:00:00	153152	154553	152803	154147	3343794	12159054	1
2024.01.03	16:00:00	154147	154507	153615	153924	764196	2914318	1
2024.01.04	08:00:00	153981	154055	151500	151797	3142113	12059145	1
2024.01.04	16:00:00	151797	151923	151397	151557	764364	3234434	1
2024.01.05	08:00:00	151305	153284	150768	152472	3735466	13656347	1
2024.01.05	16:00:00	152472	152706	151980	152689	690593	2649837	1
2024.01.08	08:00:00	151911	152780	151299	152512	3411638	12033528	1
2024.01.08	16:00:00	152512	153295	152483	153295	673229	2724673	1
2024.01.09	08:00:00	152655	152660	151362	151900	3583930	13032012	1
2024.01.09	16:00:00	151906	152077	151591	151591	630430	2544353	1
2024.01.10	08:00:00	151751	152163	150488	150773	3312041	12047518	1
2024.01.10	16:00:00	150773	151208	150745	150848	641170	2613094	1
2024.01.11	08:00:00	151008	151442	149750	150819	4422563	14569655	1
2024.01.11	16:00:00	150819	150996	150579	150642	581663	2158511	1
2024.01.12	08:00:00	150470	152140	150242	151242	3366311	12003709	1
2024.01.12	16:00:00	151237	151402	150894	150956	510801	1945978	1
2024.01.15	08:00:00	150602	151477	150104	151282	2427948	9220586	1
2024.01.15	16:00:00	151288	151900	151179	151711	445685	1808066	1
2024.01.16	08:00:00	150888	150962	148692	148944	3955978	14757091	1
2024.01.16	16:00:00	148944	149338	148681	148744	652539	2613669	1
2024.01.17	08:00:00	148206	148852	147497	147960	3478998	12606229	1
2024.01.17	16:00:00	147960	148355	147692	147714	561351	2278152	1
2024.01.18	08:00:00	148355	148892	146525	146771	3415162	13209377	1
2024.01.18	16:00:00	146771	147051	146422	146434	560613	2429076	1
2024.01.19	08:00:00	147165	147394	145570	146411	3246763	12609714	1
2024.01.19	16:00:00	146416	147063	146394	146662	571635	2540209	1
2024.01.22	08:00:00	146891	147114	145044	145364	3556519	13775549	1
2024.01.22	16:00:00	145364	145742	144753	145519	564855	2373742	1
2024.01.23	08:00:00	145919	147474	145782	147343	3596041	13792479	1
2024.01.23	16:00:00	147343	147697	147005	147554	580019	2445673	1
2024.01.24	08:00:00	148389	148909	147063	147188	3477278	13793732	1
2024.01.24	16:00:00	147188	147211	146662	146737	740970	3186301	1
2024.01.25	08:00:00	147223	147880	146880	147377	3332727	12608428	1
2024.01.25	16:00:00	147383	147772	146834	147143	646840	2703368	1
2024.01.26	08:00:00	147663	148383	146800	148229	3445039	12611598	1
2024.01.26	16:00:00	148229	148441	147892	147892	580474	2225626	1
2024.01.29	08:00:00	148240	148269	146742	147074	3329619	12174255	1
2024.01.29	16:00:00	147068	147657	147005	147634	742596	3078176	1
2024.01.30	08:00:00	147314	147817	145799	146256	3666636	14338843	1
2024.01.30	16:00:00	146256	146497	145988	145988	611912	2506003	1
2024.01.31	08:00:00	145913	148069	145839	147995	3262505	12711254	1
2024.01.31	16:00:00	147995	148732	146262	146365	1653772	6703855	1
2024.02.01	08:00:00	146931	147206	145856	146931	3783594	14539523	1
2024.02.01	16:00:00	146931	147463	146594	147280	615755	2407698	1
2024.02.02	08:00:00	147560	147840	145073	145736	3495473	13468670	1
2024.02.02	16:00:00	145742	146142	145633	145896	701397	2943444	1
2024.02.05	08:00:00	145599	146462	144787	145965	3350796	13061312	1
2024.02.05	16:00:00	145965	146456	145902	146148	692793	2897021	1
2024.02.06	08:00:00	146371	149258	146228	149184	3398717	13239409	1
2024.02.06	16:00:00	149184	149933	148949	149933	703843	2981257	1
2024.02.07	08:00:00	149407	149407	148155	148521	3588235	13813967	1
2024.02.07	16:00:00	148515	149007	148441	148715	599036	2400976	1
2024.02.08	08:00:00	148475	148887	146325	146891	3537411	13597095	1
2024.02.08	16:00:00	146891	146994	146491	146697	679947	2713438	1
2024.02.09	08:00:00	147063	147543	145890	146725	3619697	13919402	1
2024.02.09	16:00:00	146725	146897	146279	146445	588441	2244687	1
2024.02.14	08:00:00	145456	145849	144720	144905	1564301	5780322	1
2024.02.14	16:00:00	144905	145237	144770	145209	619035	2441534	1
2024.02.15	08:00:00	145507	145962	144967	145816	3533179	13039827	1
2024.02.15	16:00:00	145816	146024	145675	145995	582900	2278530	1
2024.02.16	08:00:00	146310	147282	145759	147192	3523892	13550684	1
2024.02.16	16:00:00	147192	147417	146951	147041	601487	2398214	1
2024.02.19	08:00:00	146630	147007	146203	146861	2344357	8935493	1
2024.02.19	16:00:00	146855	147305	146827	147271	344551	1358486	1
2024.02.20	08:00:00	146552	148181	146203	147962	3345469	13245104	1
2024.02.20	16:00:00	147962	148434	147782	148434	625629	2685477	1
2024.02.21	08:00:00	147816	148339	147473	147934	3484875	12961136	1
2024.02.21	16:00:00	147940	148631	147749	148631	762386	2994852	1
2024.02.22	08:00:00	149423	149480	148153	148738	3181457	11958300	1
2024.02.22	16:00:00	148732	149036	148255	148417	755157	3243421	1
2024.02.23	08:00:00	148648	148895	147074	147445	3034894	12226061	1
2024.02.23	16:00:00	147445	147811	147187	147811	583878	2466848	1
2024.02.26	08:00:00	147496	148114	147074	147839	2856588	10991132	1
2024.02.26	16:00:00	147839	147889	147552	147552	512051	2145192	1
2024.02.27	08:00:00	148187	150019	148165	149935	2767253	10707569	1
2024.02.27	16:00:00	149929	150154	149800	149901	558234	2326451	1
2024.02.28	08:00:00	149367	149570	147934	147957	3397322	12812135	1
2024.02.28	16:00:00	147951	148294	147704	148159	731740	2990899	1
2024.02.29	08:00:00	148580	148659	146630	146816	3302169	12789927	1
2024.02.29	16:00:00	146822	147114	146411	147007	696877	2892544	1
2024.03.01	08:00:00	147198	147586	146366	146844	3148801	11967990	1
2024.03.01	16:00:00	146850	147119	146670	146670	549958	2072175	1
2024.03.04	08:00:00	146872	147091	145816	146097	2728293	10184546	1
2024.03.04	16:00:00	146097	146158	145900	145900	485667	1962309	1
2024.03.05	08:00:00	145771	146692	145608	145788	3357396	12760212	1
2024.03.05	16:00:00	145788	145877	145287	145827	701097	2888235	1
2024.03.06	08:00:00	146305	146979	145973	146563	3433609	12935251	1
2024.03.06	16:00:00	146563	146630	146243	146406	811580	3489135	1
2024.03.07	08:00:00	146760	146799	145400	145810	3099761	12064361	1
2024.03.07	16:00:00	145816	145877	145602	145754	509416	2195588	1
2024.03.08	08:00:00	143298	144849	142849	144400	4049670	15466831	1
2024.03.08	16:00:00	144405	144776	143944	144203	797204	3244363	1
2024.03.11	08:00:00	143517	144130	143000	143579	3454699	13209955	1
2024.03.11	16:00:00	143579	143939	143079	143366	751636	2987935	1
2024.03.12	08:00:00	143714	145349	143641	145175	4057678	14750666	1
2024.03.12	16:00:00	145175	145293	144815	144877	571364	2315432	1
2024.03.13	08:00:00	144917	145816	144400	145355	3396692	12747928	1
2024.03.13	16:00:00	145349	145523	145040	145349	591198	2511066	1
2024.03.14	08:00:00	145602	145636	144164	144827	3707968	14436242	1
2024.03.14	16:00:00	144832	145012	144326	144984	661998	2645659	1
2024.03.15	08:00:00	144905	145051	143315	143523	3226800	12800076	1
2024.03.15	16:00:00	143517	143675	143253	143287	550639	2128496	1
2024.03.18	08:00:00	144085	144512	143040	143669	3134708	12631358	1
2024.03.18	16:00:00	143663	143866	143478	143641	503949	2037169	1
2024.03.19	08:00:00	143686	144956	143410	144630	3408507	13779098	1
2024.03.19	16:00:00	144630	144697	144220	144518	634571	2782628	1
2024.03.20	08:00:00	144377	146142	144051	146040	4139756	15929399	1
2024.03.20	16:00:00	146040	146844	145922	146563	745201	2872935	1
2024.03.21	08:00:00	146479	146681	144961	145265	2647359	10739243	1
2024.03.21	16:00:00	145271	145293	144793	144855	510324	2156524	1
2024.03.22	08:00:00	144799	144827	143461	143748	3367808	13034201	1
2024.03.22	16:00:00	143753	143770	143439	143455	455341	1864233	1
2024.03.25	08:00:00	143579	143815	143068	143557	2909656	10812236	1
2024.03.25	16:00:00	143551	143607	143360	143371	438463	1706348	1
2024.03.26	08:00:00	143467	143793	142854	143613	3091773	11575272	1
2024.03.26	16:00:00	143613	143618	143394	143450	396787	1556768	1
2024.03.27	08:00:00	143635	144119	142545	143961	2871082	11855812	1
2024.03.27	16:00:00	143961	144400	143883	143883	594794	2786166	1
2024.03.28	08:00:00	143798	145001	143652	144585	2719230	10892812	1
2024.03.28	16:00:00	144591	144939	144529	144692	518167	1946234	1
2024.04.01	08:00:00	144860	145276	143107	143158	2787319	11335677	1
2024.04.01	16:00:00	143152	143439	143079	143298	535656	2191102	1
2024.04.02	08:00:00	143467	143776	142832	143686	3521998	14050784	1
2024.04.02	16:00:00	143686	144040	143590	143590	442274	1989122	1
2024.04.03	08:00:00	143394	144096	142275	143596	3630979	15243363	1
2024.04.03	16:00:00	143596	143691	143321	143534	509543	2117957	1
2024.04.04	08:00:00	143793	146237	143568	144237	4387953	18044823	1
2024.04.04	16:00:00	144242	144242	143360	143478	871598	3557838	1
2024.04.05	08:00:00	143731	144310	142438	142860	4549872	17778105	1
2024.04.05	16:00:00	142860	143118	142478	142933	606688	2534024	1
2024.04.08	08:00:00	143130	145181	142759	144961	3319354	12779368	1
2024.04.08	16:00:00	144961	145619	144928	144973	841219	3406866	1
2024.04.09	08:00:00	145377	146462	145248	145973	4027220	15814216	1
2024.04.09	16:00:00	145979	146541	145737	146423	758522	2931836	1
2024.04.10	08:00:00	146782	147659	143911	143916	5166876	19320560	1
2024.04.10	16:00:00	143916	144237	143765	144225	638817	2653766	1
2024.04.11	08:00:00	143804	144225	142916	143264	4096835	16000821	1
2024.04.11	16:00:00	143259	143585	143186	143231	561023	2344171	1
2024.04.12	08:00:00	143579	143714	141404	141427	4388101	16721676	1
2024.04.12	16:00:00	141432	141826	141303	141579	622731	2595806	1
2024.04.15	08:00:00	142247	142495	140573	140938	4638717	17652836	1
2024.04.15	16:00:00	140938	141168	140668	140691	730499	2712140	1
2024.04.16	08:00:00	140691	140719	139089	140348	5094191	19864701	1
2024.04.16	16:00:00	140353	140432	139381	139381	619599	2436036	1
2024.04.17	08:00:00	140367	140905	138805	139309	4422582	16413886	1
2024.04.17	16:00:00	139309	139614	139121	139525	612183	2261847	1
2024.04.18	08:00:00	140013	140511	138484	138933	4602010	17413169	1
2024.04.18	16:00:00	138933	139503	138921	139426	586971	2343679	1
2024.04.19	08:00:00	138921	140899	138883	140284	4077429	15356487	1
2024.04.19	16:00:00	140279	140628	140190	140489	584627	2291432	1
2024.04.22	08:00:00	141038	141437	139741	141076	3884377	14702747	1
2024.04.22	16:00:00	141076	141243	140700	141137	557364	2266353	1
2024.04.23	08:00:00	140739	141193	139337	140960	4319123	16113593	1
2024.04.23	16:00:00	140966	140966	140173	140234	599960	2433475	1
2024.04.24	08:00:00	140755	141043	139608	140029	3986035	14619034	1
2024.04.24	16:00:00	140024	140223	139725	139841	560305	2274180	1
2024.04.25	08:00:00	139509	140993	138539	139498	4554682	16647625	1
2024.04.25	16:00:00	139492	139786	139398	139481	605284	2321524	1
2024.04.26	08:00:00	140434	142096	139880	142013	3619887	12764469	1
2024.04.26	16:00:00	142013	142085	141581	141819	472716	1882597	1
2024.04.29	08:00:00	141808	142583	141509	142412	3656052	13194681	1
2024.04.29	16:00:00	142412	142677	142107	142583	710096	2590809	1
2024.04.30	08:00:00	142173	142506	140838	141021	3805293	14142285	1
2024.04.30	16:00:00	141016	141326	140932	141099	663399	2570876	1
2024.05.02	08:00:00	142013	142822	141686	142822	3837168	14701296	1
2024.05.02	16:00:00	142816	142966	142118	142118	627100	2640173	1
2024.05.03	08:00:00	142317	144384	141647	143963	4224027	15297727	1
2024.05.03	16:00:00	143963	144356	143874	144229	481502	2000545	1
2024.05.06	08:00:00	144495	144572	143459	143846	3427470	12961171	1
2024.05.06	16:00:00	143852	143935	143664	143669	485007	1961509	1
2024.05.07	08:00:00	143669	145115	143592	144428	3494099	13492868	1
2024.05.07	16:00:00	144434	144578	144334	144428	424247	1723994	1
2024.05.08	08:00:00	143924	144661	143093	144544	3416444	13543329	1
2024.05.08	16:00:00	144550	145713	144500	145060	615224	2600636	1
2024.05.09	08:00:00	143592	143619	142245	143425	4275745	15628654	1
2024.05.09	16:00:00	143420	143669	143171	143647	566943	2320590	1
2024.05.10	08:00:00	143592	144062	142400	142738	3832361	14380888	1
2024.05.10	16:00:00	142733	142816	142445	142628	461647	1935288	1
2024.05.13	08:00:00	143226	143724	142539	143182	3626090	13403189	1
2024.05.13	16:00:00	143182	143331	143026	143259	460341	1846153	1
2024.05.14	08:00:00	142611	143996	142384	143425	4278379	16150720	1
2024.05.14	16:00:00	143425	143747	143348	143741	369065	1598860	1
2024.05.15	08:00:00	142074	143115	141387	143043	4402090	16617226	1
2024.05.15	16:00:00	143038	143259	142799	143159	560597	2316060	1
2024.05.16	08:00:00	143115	144029	142594	143276	3918568	15021491	1
2024.05.16	16:00:00	143281	143326	142954	143043	502029	2058417	1
2024.05.17	08:00:00	143315	143342	142284	142988	3476329	13211773	1
2024.05.17	16:00:00	142982	143148	142877	143148	367931	1513642	1
2024.05.20	08:00:00	143315	143514	142002	142395	3736328	14460112	1
2024.05.20	16:00:00	142400	142583	142284	142351	401647	1680087	1
2024.05.21	08:00:00	142484	142871	141669	142063	4807465	18202571	1
2024.05.21	16:00:00	142057	142223	141824	142046	463482	1935689	1
2024.05.22	08:00:00	141819	141863	139952	140129	4550957	17398528	1
2024.05.22	16:00:00	140129	140173	139160	139248	778780	3023449	1
2024.05.23	08:00:00	139769	140101	138462	138650	4500061	16787291	1
2024.05.23	16:00:00	138650	139082	138617	138994	563907	2160796	1
2024.05.24	08:00:00	139215	139514	138257	138373	3673726	13303060	1
2024.05.24	16:00:00	138373	138611	137952	137952	465999	1697846	1
2024.05.27	08:00:00	138284	138589	137996	138312	2829958	9968175	1
2024.05.27	16:00:00	138318	138550	138312	138495	302001	1064721	1
2024.05.28	08:00:00	138955	139824	137359	137581	4193161	16669513	1
2024.05.28	16:00:00	137575	137714	137210	137348	594118	2436008	1
2024.05.29	08:00:00	137077	137237	136129	136501	3575370	13836431	1
2024.05.29	16:00:00	136495	136778	136285	136667	509822	2159114	1
2024.05.31	08:00:00	136667	136789	135409	135670	3321701	12532834	1
2024.05.31	16:00:00	135675	136052	135564	135969	539750	2301703	1
2024.06.03	08:00:00	136124	136190	134872	135891	3977889	14698626	1
2024.06.03	16:00:00	135897	135969	135138	135177	459092	1855980	1
2024.06.04	08:00:00	134861	135382	134196	135055	4451075	16199315	1
2024.06.04	16:00:00	135060	135459	134855	135221	505570	2008684	1
2024.06.05	08:00:00	135509	135592	134545	134739	4050819	15360630	1
2024.06.05	16:00:00	134739	134805	134517	134634	498394	2033841	1
2024.06.06	08:00:00	134839	136794	134490	136345	3909442	14978556	1
2024.06.06	16:00:00	136340	136606	136102	136285	530168	2121168	1
2024.06.07	08:00:00	136224	136750	134323	134340	4216243	15305189	1
2024.06.07	16:00:00	134346	134395	133382	133625	912514	3842699	1
2024.06.10	08:00:00	133725	134617	133526	134030	4155370	15629239	1
2024.06.10	16:00:00	134030	134213	133853	134163	492285	1952126	1
2024.06.11	08:00:00	133509	134966	133304	134944	4250570	15540932	1
2024.06.11	16:00:00	134944	135038	134756	134839	480150	1652737	1
2024.06.12	08:00:00	134632	135972	132260	132675	5224132	18262619	1
2024.06.12	16:00:00	132675	133024	132408	132593	816383	3038336	1
2024.06.13	08:00:00	132811	133280	131933	132806	4924866	17174093	1
2024.06.13	16:00:00	132806	132871	132255	132337	471011	1803205	1
2024.06.14	08:00:00	132233	133127	131459	132380	4478580	15737692	1
2024.06.14	16:00:00	132386	132577	132315	132577	411378	1531055	1
2024.06.17	08:00:00	132451	132898	131247	132075	3990233	14326300	1
2024.06.17	16:00:00	132075	132108	131634	131764	536267	2128964	1
2024.06.18	08:00:00	131416	132827	131116	132266	4383270	15240230	1
2024.06.18	16:00:00	132266	132479	131923	132386	568396	2190115	1
2024.06.19	08:00:00	132451	132778	131525	132713	3751484	12906256	1
2024.06.19	16:00:00	132718	133814	132598	133814	691364	2344778	1
2024.06.20	08:00:00	134381	134517	132746	133514	4890204	17365710	1
2024.06.20	16:00:00	133514	133607	133002	133094	667764	2441365	1
2024.06.21	08:00:00	133105	134223	132669	134130	4044286	14893820	1
2024.06.21	16:00:00	134130	134359	134108	134294	499250	1918117	1
2024.06.24	08:00:00	134185	135711	133890	135307	3669090	13332690	1
2024.06.24	16:00:00	135313	135667	135242	135547	524111	1978866	1
2024.06.25	08:00:00	135215	135624	134653	135095	4022882	14315408	1
2024.06.25	16:00:00	135095	135280	134920	135280	418087	1620000	1
2024.06.26	08:00:00	135340	135422	133934	134844	4286442	15393447	1
2024.06.26	16:00:00	134850	135580	134795	135580	619687	2423304	1
2024.06.27	08:00:00	135231	137144	135231	137090	4308137	16028226	1
2024.06.27	16:00:00	137084	137357	136910	137248	532850	2148079	1
2024.06.28	08:00:00	137177	137488	135940	136610	4263132	16503235	1
2024.06.28	16:00:00	136616	136806	136359	136539	557275	2261716	1
2024.07.01	08:00:00	136921	138136	136327	137422	4480424	16685331	1
2024.07.01	16:00:00	137422	137608	137253	137270	594105	2345715	1
2024.07.02	08:00:00	137030	138392	136861	137755	4406252	16490790	1
2024.07.02	16:00:00	137749	137918	137548	137880	594324	2289750	1
2024.07.03	08:00:00	138147	139537	138071	139177	3730797	14057958	1
2024.07.03	16:00:00	139177	139199	138512	139101	485818	1980586	1
2024.07.04	08:00:00	139537	139799	138850	138927	3406380	12234225	1
2024.07.04	16:00:00	138932	139150	138883	139030	320631	1263628	1
2024.07.05	08:00:00	139101	139793	138185	138943	4039663	14717048	1
2024.07.05	16:00:00	138943	139319	138818	139276	390803	1519070	1
2024.07.08	08:00:00	139101	139368	138218	139123	4259755	14656826	1
2024.07.08	16:00:00	139123	139308	138954	139188	448086	1568482	1
2024.07.09	08:00:00	139183	140120	138567	139859	4052267	14851144	1
2024.07.09	16:00:00	139853	140191	139739	140055	468055	1914641	1
2024.07.10	08:00:00	140218	140676	139603	139913	4184415	14720696	1
2024.07.10	16:00:00	139908	140055	139701	139712	474418	1877509	1
2024.07.11	08:00:00	139973	141140	139891	141009	4218091	14990631	1
2024.07.11	16:00:00	141014	141189	140927	141140	409888	1589278	1
2024.07.12	08:00:00	141085	141881	140698	141816	3752785	13993212	1
2024.07.12	16:00:00	141816	141865	141619	141859	379456	1559895	1
2024.07.15	08:00:00	141663	142339	141445	142317	3636226	13120349	1
2024.07.15	16:00:00	142317	142339	142121	142301	335271	1326127	1
2024.07.16	08:00:00	141935	142333	141423	141772	3843752	14383615	1
2024.07.16	16:00:00	141766	142093	141717	142083	342759	1385732	1
2024.07.17	08:00:00	141696	142366	141358	142235	3557641	13025838	1
2024.07.17	16:00:00	142230	142290	142006	142061	375044	1535950	1
2024.07.18	08:00:00	141963	142224	140066	140213	3755416	13748878	1
2024.07.18	16:00:00	140208	140900	139951	140900	648422	2671980	1
2024.07.19	08:00:00	140671	141014	139804	139842	2532390	9115330	1
2024.07.19	16:00:00	139842	140077	139428	139428	411649	1686561	1
2024.07.22	08:00:00	139973	140573	139684	140311	3317157	12022996	1
2024.07.22	16:00:00	140306	140458	140191	140404	311668	1281786	1
2024.07.23	08:00:00	140044	140088	138736	138785	3107229	12327617	1
2024.07.23	16:00:00	138785	138790	138120	138322	443252	1813127	1
2024.07.24	08:00:00	138452	138965	138278	138518	3056832	12008037	1
2024.07.24	16:00:00	138518	138801	138392	138670	412534	1834433	1
2024.07.25	08:00:00	138169	138311	137559	137973	3319986	12156028	1
2024.07.25	16:00:00	137967	138147	137913	138011	360361	1425955	1
2024.07.26	08:00:00	138556	139864	138011	139613	3075318	11886909	1
2024.07.26	16:00:00	139608	139946	139532	139788	387340	1770115	1
2024.07.29	08:00:00	139662	139886	138578	138981	2736910	10871050	1
2024.07.29	16:00:00	138987	139352	138927	139314	376657	1679288	1
2024.07.30	08:00:00	139014	139172	137820	138158	2703646	10695772	1
2024.07.30	16:00:00	138158	138420	138044	138349	407354	1821578	1
2024.07.31	08:00:00	138883	139831	138507	139766	2939199	11379820	1
2024.07.31	16:00:00	139766	139859	139281	139652	629440	2641967	1
2024.08.01	08:00:00	139515	140982	139019	139047	3493815	13858124	1
2024.08.01	16:00:00	139041	139444	139008	139221	512407	2050193	1
2024.08.02	08:00:00	138790	140006	137629	137684	3951358	14170774	1
2024.08.02	16:00:00	137684	138202	137455	138202	513599	1874738	1
2024.08.05	08:00:00	134948	136932	134228	136485	4884684	16917548	1
2024.08.05	16:00:00	136490	137995	136447	137471	585398	2102615	1
2024.08.06	08:00:00	137411	138709	136643	138431	4317172	15289724	1
2024.08.06	16:00:00	138431	138436	137384	137608	733380	2863034	1
2024.08.07	08:00:00	138338	139166	138125	138779	4247555	14690584	1
2024.08.07	16:00:00	138785	139412	138730	139188	685867	2587471	1
2024.08.08	08:00:00	138883	140600	138878	140453	3277490	12309617	1
2024.08.08	16:00:00	140453	140916	140273	140802	524125	1998018	1
2024.08.09	08:00:00	140447	142666	140229	142399	3469755	13381318	1
2024.08.09	16:00:00	142399	142987	142333	142797	424832	1889315	1
2024.08.12	08:00:00	142808	143701	142704	143298	3313658	11943416	1
2024.08.12	16:00:00	143293	143483	143151	143271	426891	1713395	1
2024.08.13	08:00:00	143374	144486	143331	144399	3231322	12483736	1
2024.08.13	16:00:00	144399	144552	144334	144552	374381	1296256	1
2024.08.14	08:00:00	144482	145920	144278	145839	3184595	11275452	1
2024.08.14	16:00:00	145839	145861	144621	145104	538133	2172409	1
2024.08.15	08:00:00	145276	146735	145217	146279	3078812	11913360	1
2024.08.15	16:00:00	146284	146494	146204	146365	439031	1770083	1
2024.08.16	08:00:00	146123	147035	145941	146118	3000563	11634228	1
2024.08.16	16:00:00	146118	146172	145952	146129	347344	1434601	1
2024.08.19	08:00:00	146290	148478	146258	148081	2966950	11751631	1
2024.08.19	16:00:00	148076	148409	147813	148317	538055	2228468	1
2024.08.20	08:00:00	148108	148564	147416	148398	3401193	13054454	1
2024.08.20	16:00:00	148398	148623	148264	148500	463942	1898187	1
2024.08.21	08:00:00	148688	149219	148334	148790	3228825	11929820	1
2024.08.21	16:00:00	148795	148918	148634	148875	390862	1529966	1
2024.08.22	08:00:00	148832	148838	146703	147094	3525529	13409262	1
2024.08.22	16:00:00	147089	147448	146869	147357	543088	2116610	1
2024.08.23	08:00:00	147797	148575	147325	148103	3282233	12047022	1
2024.08.23	16:00:00	148098	148162	147609	147786	434099	1673183	1
2024.08.26	08:00:00	148017	149074	147808	148934	3409750	12489603	1
2024.08.26	16:00:00	148940	149020	148816	148924	357889	1465824	1
2024.08.27	08:00:00	148859	149203	148548	148950	3051816	11610665	1
2024.08.27	16:00:00	148950	149074	148666	148725	341097	1359822	1
2024.08.28	08:00:00	148334	149144	147540	149106	3450342	13588681	1
2024.08.28	16:00:00	149106	149428	149009	149305	558059	2338701	1
2024.08.29	08:00:00	149465	149583	147529	147937	3229609	13136839	1
2024.08.29	16:00:00	147931	148092	147411	147486	473355	2094049	1
2024.08.30	08:00:00	147840	148028	146445	146982	3632694	13575511	1
2024.08.30	16:00:00	146982	149117	146950	148081	706618	2820199	1
2024.09.02	08:00:00	147250	147502	146043	146419	2932523	10568847	1
2024.09.02	16:00:00	146419	146644	146145	146145	408354	1507648	1
2024.09.03	08:00:00	145582	146542	145480	145946	3709452	14078968	1
2024.09.03	16:00:00	145946	146177	145592	146145	520489	2116548	1
2024.09.04	08:00:00	145780	148548	145646	147808	3461594	13454929	1
2024.09.04	16:00:00	147813	148387	147717	147969	700306	2923417	1
2024.09.05	08:00:00	147894	148419	147271	147926	3558214	13078536	1
2024.09.05	16:00:00	147926	148371	147867	148339	409986	1749806	1
2024.09.06	08:00:00	147840	148891	145732	146038	4052776	14410367	1
2024.09.06	16:00:00	146043	146075	145533	145818	407324	1643061	1
2024.09.09	08:00:00	146445	146767	145759	146145	3073147	10799000	1
2024.09.09	16:00:00	146140	146247	145748	145748	378831	1490874	1
2024.09.10	08:00:00	145630	146064	144874	145485	3213966	11714509	1
2024.09.10	16:00:00	145485	145689	145297	145501	468497	1934173	1
2024.09.11	08:00:00	145802	146242	144852	145764	3759250	13757765	1
2024.09.11	16:00:00	145759	146059	145582	145673	374392	1417498	1
2024.09.12	08:00:00	146215	146225	144541	145319	3139725	12162558	1
2024.09.12	16:00:00	145319	145362	144981	145115	329366	1408186	1
2024.09.13	08:00:00	145104	147073	144938	145973	3185184	11897182	1
2024.09.13	16:00:00	145973	146166	145855	145925	295611	1241723	1
2024.09.16	08:00:00	146166	146858	145748	146048	2910152	10405482	1
2024.09.16	16:00:00	146054	146311	145979	146182	314051	1237457	1
2024.09.17	08:00:00	146499	146697	144986	145716	3543802	13433399	1
2024.09.17	16:00:00	145716	146215	145614	146215	363537	1475153	1
2024.09.18	08:00:00	145952	146172	144611	145094	4223690	15190576	1
2024.09.18	16:00:00	145088	145179	144246	144407	996555	3563277	1
2024.09.19	08:00:00	145641	146102	143892	144123	3950395	14006258	1
2024.09.19	16:00:00	144123	144192	143409	143457	464946	1807305	1
2024.09.20	08:00:00	143484	143887	141306	141499	3991454	14057038	1
2024.09.20	16:00:00	141499	141719	141199	141199	519817	2060399	1
2024.09.23	08:00:00	140974	141349	140384	140738	3583765	12520011	1
2024.09.23	16:00:00	140743	141060	140716	140931	439417	1650852	1
2024.09.24	08:00:00	142250	143618	141977	142873	3813564	13556681	1
2024.09.24	16:00:00	142873	142878	142486	142583	387871	1473898	1
2024.09.25	08:00:00	143087	143597	141794	142031	3793805	13233174	1
2024.09.25	16:00:00	142031	142390	141805	142079	368663	1432234	1
2024.09.26	08:00:00	143012	143763	142417	143554	3887069	13201589	1
2024.09.26	16:00:00	143554	143629	143211	143264	506901	1918953	1
2024.09.27	08:00:00	143334	144402	142803	143125	3522387	12535244	1
2024.09.27	16:00:00	143125	143297	142921	143087	416344	1623649	1
2024.09.30	08:00:00	143457	143972	142116	142454	3243582	10858970	1
2024.09.30	16:00:00	142454	142540	142106	142342	515541	1916711	1
2024.10.01	08:00:00	142095	143752	142014	143216	4900662	17112350	1
2024.10.01	16:00:00	143216	143318	142615	143211	575971	2183515	1
2024.10.02	08:00:00	143463	145351	143382	143688	4485816	15337662	1
2024.10.02	16:00:00	143688	144090	143629	143913	484193	1753834	1
2024.10.03	08:00:00	143629	143699	141124	141693	4596358	16370994	1
2024.10.03	16:00:00	141693	141811	141478	141532	525694	2126906	1
2024.10.04	08:00:00	141778	142261	140904	141875	3849215	13312789	1
2024.10.04	16:00:00	141875	141934	141682	141843	317589	1325850	1
2024.10.07	08:00:00	141521	143066	141457	141773	3875986	13519424	1
2024.10.07	16:00:00	141778	142063	141666	141955	435102	1727336	1
2024.10.08	08:00:00	140958	141548	140115	141247	4187089	14774821	1
2024.10.08	16:00:00	141253	141430	141054	141430	427682	1741491	1
2024.10.09	08:00:00	141349	141430	139322	139418	3761042	14073027	1
2024.10.09	16:00:00	139418	139708	139375	139477	460048	1951699	1
2024.10.10	08:00:00	139729	140083	139359	139960	3361961	11676439	1
2024.10.10	16:00:00	139960	140164	139890	139981	326804	1353512	1
2024.10.11	08:00:00	139837	140486	138801	139477	3293653	12069206	1
2024.10.11	16:00:00	139482	139906	139429	139761	301309	1254341	1
2024.10.14	08:00:00	139579	140834	138849	140722	4133277	14506505	1
2024.10.14	16:00:00	140716	140824	140475	140748	358209	1508710	1
2024.10.15	08:00:00	140126	140899	139692	140448	3709987	13535406	1
2024.10.15	16:00:00	140443	140652	140260	140292	379897	1442869	1
2024.10.16	08:00:00	140435	141668	140140	141110	3947082	14215524	1
2024.10.16	16:00:00	141115	141157	140725	140725	384645	1708116	1
2024.10.17	08:00:00	140593	140688	139117	140050	3417735	12602403	1
2024.10.17	16:00:00	140055	140319	140050	140256	301294	1353314	1
2024.10.18	08:00:00	140730	141099	139307	139681	3243279	12549607	1
2024.10.18	16:00:00	139681	140008	139507	139507	380510	1692650	1
2024.10.21	08:00:00	139328	140356	139191	139475	3808665	13829932	1
2024.10.21	16:00:00	139470	139639	139412	139412	296452	1266177	1
2024.10.22	08:00:00	139233	139322	138084	138990	4210366	16102331	1
2024.10.22	16:00:00	138990	139386	138969	139307	344733	1481033	1
2024.10.23	08:00:00	138663	138685	137525	138105	3929976	14955571	1
2024.10.23	16:00:00	138105	138252	137915	137915	325554	1508393	1
2024.10.24	08:00:00	138458	139059	137714	138642	3978682	14779758	1
2024.10.24	16:00:00	138642	139407	138632	139370	441357	1801829	1
2024.10.25	08:00:00	139496	139560	138663	138964	3738042	13505982	1
2024.10.25	16:00:00	138964	139022	138632	138632	345253	1450986	1
2024.10.28	08:00:00	138758	140488	138500	140235	3344957	12609594	1
2024.10.28	16:00:00	140235	140825	140134	140651	438072	1943750	1
2024.10.29	08:00:00	140366	140746	139586	139665	3759657	14329120	1
2024.10.29	16:00:00	139670	139813	139528	139607	359611	1586263	1
2024.10.30	08:00:00	139444	139934	139059	139618	3190273	11822637	1
2024.10.30	16:00:00	139618	139633	139328	139328	310680	1408487	1
2024.10.31	08:00:00	139117	139533	138495	138658	3370522	12267394	1
2024.10.31	16:00:00	138653	138716	138157	138273	409420	1749774	1
2024.11.01	08:00:00	138616	138795	136760	136866	3155957	12090225	1
2024.11.01	16:00:00	136871	136887	136012	136196	443359	1939834	1
2024.11.04	08:00:00	137071	139359	137071	138895	3416201	13348326	1
2024.11.04	16:00:00	138901	139322	138774	139175	468960	2070176	1
2024.11.05	08:00:00	139101	139312	138263	139201	3328858	12659336	1
2024.11.05	16:00:00	139201	139460	139054	139106	425092	1868403	1
2024.11.06	08:00:00	137762	139201	136839	138806	4836309	17268004	1
2024.11.06	16:00:00	138806	139006	137535	137535	423737	1882355	1
2024.11.07	08:00:00	138284	139881	137709	138041	4388106	15905726	1
2024.11.07	16:00:00	138036	138574	137788	138057	795650	2979411	1
2024.11.08	08:00:00	137177	137430	134989	135611	4032995	14989232	1
2024.11.08	16:00:00	135606	136381	135521	135880	738435	3082916	1
2024.11.11	08:00:00	135437	136244	135205	135933	3681666	13501573	1
2024.11.11	16:00:00	135933	136175	135796	135911	502971	2048253	1
2024.11.12	08:00:00	135511	136281	135205	135743	3641207	13489933	1
2024.11.12	16:00:00	135738	135827	135532	135701	404217	1673075	1
2024.11.13	08:00:00	135806	136254	134773	134941	3883461	14084240	1
2024.11.13	16:00:00	134941	136138	134931	135759	775737	3167257	1
2024.11.14	08:00:00	136085	136481	135332	135917	3686324	13022169	1
2024.11.14	16:00:00	135917	136112	135585	135616	531749	2050185	1
2024.11.18	08:00:00	135859	136328	135073	135569	3606196	12386796	1
2024.11.18	16:00:00	135564	135885	135537	135574	436239	1610564	1
2024.11.19	08:00:00	135374	136523	135010	136165	3969753	13592997	1
2024.11.19	16:00:00	136159	136302	135938	136291	414426	1625076	1
2024.11.21	08:00:00	135911	136191	134277	134873	4003729	14620428	1
2024.11.21	16:00:00	134878	135163	134599	134651	549113	2201907	1
2024.11.22	08:00:00	134709	136439	134630	136402	3811652	13867979	1
2024.11.22	16:00:00	136407	137530	136238	137240	615091	2536368	1
2024.11.25	08:00:00	137382	137419	136639	136987	3387636	11827155	1
2024.11.25	16:00:00	136982	137229	136602	136713	643217	2470852	1
2024.11.26	08:00:00	136491	137962	136344	137741	3610101	12658217	1
2024.11.26	16:00:00	137741	138120	137504	137825	597655	2384924	1
2024.11.27	08:00:00	137704	138036	134831	135463	4554039	15930526	1
2024.11.27	16:00:00	135463	135864	134868	135036	739783	2705136	1
2024.11.28	08:00:00	135226	135226	133170	133323	3259244	11646216	1
2024.11.28	16:00:00	133323	133344	131573	132084	797088	2921673	1
2024.11.29	08:00:00	132479	132938	131172	132137	4769286	14326077	1
2024.11.29	16:00:00	132137	133565	131994	132870	847507	2402594	1
2024.12.02	08:00:00	133181	133265	131905	132833	4162781	14284581	1
2024.12.02	16:00:00	132833	132949	132379	132432	568615	2053609	1
2024.12.03	08:00:00	133017	133724	132537	133439	4085931	13921003	1
2024.12.03	16:00:00	133444	133507	133128	133181	567798	2030806	1
2024.12.04	08:00:00	133207	134056	132833	133391	3737768	13009193	1
2024.12.04	16:00:00	133391	133497	133065	133339	514424	1924989	1
2024.12.05	08:00:00	133529	135379	133138	135100	3410096	12719622	1
2024.12.05	16:00:00	135100	135300	134804	135300	546240	2194894	1
2024.12.06	08:00:00	134926	134978	132838	132975	3621019	12986432	1
2024.12.06	16:00:00	132975	133333	132859	132959	499408	1979539	1
2024.12.09	08:00:00	133634	134720	133386	134251	3118563	10819585	1
2024.12.09	16:00:00	134256	134509	134235	134319	423946	1642707	1
2024.12.10	08:00:00	135237	135753	134815	135079	3579214	12223343	1
2024.12.10	16:00:00	135079	135574	135015	135453	485408	1855727	1
2024.12.11	08:00:00	135237	136043	134462	134773	3553602	12557989	1
2024.12.11	16:00:00	134773	138431	134767	137129	1637115	4981392	1
2024.12.12	08:00:00	137345	137577	133117	133170	3817155	14106991	1
2024.12.12	16:00:00	133165	133565	132801	133128	912093	3623330	1
2024.12.13	08:00:00	133175	133434	131994	132237	3502064	12049074	1
2024.12.13	16:00:00	132232	132269	131367	131799	668871	2284112	1
2024.12.16	08:00:00	131599	131820	131056	131409	3347095	10865853	1
2024.12.16	16:00:00	131404	131420	130028	130176	665267	2380478	1
2024.12.17	08:00:00	130244	132253	130212	131488	4572879	14446179	1
2024.12.17	16:00:00	131488	131989	131146	131768	771434	2414760	1
2024.12.18	08:00:00	131617	131903	128606	128731	3660373	11683102	1
2024.12.18	16:00:00	128736	128741	126726	127900	1366455	4406820	1
2024.12.19	08:00:00	128601	128658	127614	128082	3987354	12507301	1
2024.12.19	16:00:00	128082	128211	127510	127708	690214	2222086	1
2024.12.20	08:00:00	127303	128705	127064	128455	3508289	11025790	1
2024.12.20	16:00:00	128455	128736	128102	128699	571313	1903477	1
2024.12.23	08:00:00	128185	128310	126898	127531	2763587	8705348	1
2024.12.23	16:00:00	127531	127578	126778	126861	534033	1751668	1
2024.12.26	08:00:00	126893	127832	126327	127464	3021072	9191876	1
2024.12.26	16:00:00	127464	127464	127048	127344	489742	1617765	1
2024.12.27	08:00:00	127204	127796	126249	126290	2962631	9162592	1
2024.12.27	16:00:00	126285	126425	125958	126197	525854	1744837	1
2024.12.30	08:00:00	126166	127105	126067	126311	2813986	8736874	1
2024.12.30	16:00:00	126306	126675	126171	126285	437851	1434323	1
2025.01.02	08:00:00	126462	127069	124915	126098	3435991	10519726	1
2025.01.02	16:00:00	126098	126181	125787	126015	524163	1672243	1
2025.01.03	08:00:00	125917	126228	124219	124302	3181468	10039902	1
2025.01.03	16:00:00	124302	124458	124063	124084	423141	1477281	1
2025.01.06	08:00:00	124525	126129	124421	125558	3666803	11526908	1
2025.01.06	16:00:00	125553	125813	125460	125724	464119	1555393	1
2025.01.07	08:00:00	125704	127568	125553	126976	3488144	11662673	1
2025.01.07	16:00:00	126970	127147	126581	127121	555375	1920136	1
2025.01.08	08:00:00	126887	127043	125081	125195	3360180	10797998	1
2025.01.08	16:00:00	125200	125486	124987	125423	523058	1769761	1
2025.01.09	08:00:00	125408	125797	125096	125501	2787692	9208031	1
2025.01.09	16:00:00	125506	125615	125278	125382	439809	1648137	1
2025.01.10	08:00:00	125756	126078	124245	124831	3093569	10220378	1
2025.01.10	16:00:00	124831	124837	124328	124655	510117	1791563	1
2025.01.13	08:00:00	124380	125278	124151	124510	3061246	10164611	1
2025.01.13	16:00:00	124515	124598	124364	124364	416852	1573996	1
2025.01.14	08:00:00	124842	125133	123622	124510	3634305	11646881	1
2025.01.14	16:00:00	124504	124992	124473	124941	503300	1695566	1
2025.01.15	08:00:00	124883	127048	124883	126960	3023200	10773788	1
2025.01.15	16:00:00	126965	128715	126929	128227	867385	3810666	1
2025.01.16	08:00:00	127874	128154	126259	126332	3266059	11178567	1
2025.01.16	16:00:00	126327	127007	126280	126643	530780	1897593	1
2025.01.17	08:00:00	127266	128294	126482	127848	3183973	11098551	1
2025.01.17	16:00:00	127848	128258	127484	127588	504855	1922940	1
2025.01.20	08:00:00	127625	128679	126934	128170	3359215	11260325	1
2025.01.20	16:00:00	128165	128819	128056	128429	450659	1458904	1
2025.01.21	08:00:00	128175	128751	127588	128632	3072335	10432526	1
2025.01.21	16:00:00	128632	129078	128585	128798	429807	1525748	1
2025.01.22	08:00:00	128995	129556	128564	128814	3055084	10348389	1
2025.01.22	16:00:00	128814	128995	128352	128507	458517	1709348	1
2025.01.23	08:00:00	128549	129514	127931	128014	3311109	11390370	1
2025.01.23	16:00:00	128019	128050	127542	127838	531546	1968363	1
2025.01.24	08:00:00	128082	128305	127500	127832	2822511	9332111	1
2025.01.24	16:00:00	127838	127993	127656	127832	282214	997000	1
2025.01.27	08:00:00	127043	130080	126877	129842	3423224	11690581	1
2025.01.27	16:00:00	129847	130475	129764	130314	497769	1835047	1
2025.01.28	08:00:00	130054	130423	129343	129691	2928648	9800506	1
2025.01.28	16:00:00	129691	129764	129260	129509	386203	1364603	1
2025.01.29	08:00:00	129649	130350	128876	129229	2732923	9082923	1
2025.01.29	16:00:00	129234	129302	128497	128705	785800	2544346	1
2025.01.30	08:00:00	129224	132541	129011	132360	3543956	11998220	1
2025.01.30	16:00:00	132360	132640	132007	132334	782192	2813128	1
2025.01.31	08:00:00	132193	132925	131820	131908	3280206	10273629	1
2025.01.31	16:00:00	131908	131986	131358	131612	625252	2053855	1
2025.02.03	08:00:00	130537	131768	130278	130906	3484381	11128427	1
2025.02.03	16:00:00	130906	131295	130870	131269	436795	1500641	1
2025.02.04	08:00:00	131352	131389	129758	130709	3269120	10418543	1
2025.02.04	16:00:00	130709	130735	130174	130262	451338	1476247	1
2025.02.05	08:00:00	130366	130958	129634	130548	3125221	10153806	1
2025.02.05	16:00:00	130548	130766	130496	130703	399711	1387834	1
2025.02.06	08:00:00	130781	131342	130210	131280	3219078	10593390	1
2025.02.06	16:00:00	131280	131503	130958	130958	449608	1521359	1
2025.02.07	08:00:00	131233	131607	129089	129265	3484560	11134993	1
2025.02.07	16:00:00	129260	129790	129198	129717	530194	1750964	1
2025.02.10	08:00:00	129899	131342	129649	130548	2939264	9865379	1
2025.02.10	16:00:00	130542	130683	130392	130470	414245	1464584	1
2025.02.11	08:00:00	130574	131872	130382	131389	2823471	9367033	1
2025.02.11	16:00:00	131389	131586	131207	131446	389960	1265060	1
2025.02.12	08:00:00	131425	131741	128798	129322	3849536	12035150	1
2025.02.12	16:00:00	129322	129439	128762	128762	543341	1969109	1
2025.02.13	08:00:00	129286	129388	128375	129149	3034543	10220009	1
2025.02.13	16:00:00	129149	129653	129037	129500	447150	1653792	1
2025.02.14	08:00:00	129378	132159	129353	132133	2774980	9514970	1
2025.02.14	16:00:00	132133	133371	132133	132877	801985	3034716	1
2025.02.17	08:00:00	132872	134389	132841	133763	2777500	8771752	1
2025.02.17	16:00:00	133768	134079	133188	133310	539871	1761307	1
2025.02.18	08:00:00	133738	134053	132714	133208	3037948	10439958	1
2025.02.18	16:00:00	133203	133305	132729	133198	494841	1835052	1
2025.02.19	08:00:00	133025	133045	131716	131767	2761835	9558606	1
2025.02.19	16:00:00	131767	131996	131548	131792	470280	1793690	1
2025.02.20	08:00:00	132108	132413	131492	131792	2850910	9719202	1
2025.02.20	16:00:00	131797	132266	131746	131874	385996	1416080	1
2025.02.21	08:00:00	131925	132159	130830	131089	2862889	9335357	1
2025.02.21	16:00:00	131094	131690	131074	131558	446854	1547138	1
2025.02.24	08:00:00	131838	132184	130055	130081	3122471	10448517	1
2025.02.24	16:00:00	130076	130137	129424	129918	583242	2259239	1
2025.02.25	08:00:00	129989	131140	129908	130509	3399816	11076884	1
2025.02.25	16:00:00	130514	130672	130091	130188	495041	1818775	1
2025.02.26	08:00:00	130702	131532	129169	129465	3375884	10906844	1
2025.02.26	16:00:00	129465	129505	128894	129241	532879	1867354	1
2025.02.27	08:00:00	128441	129638	128186	129541	3099249	9985463	1
2025.02.27	16:00:00	129541	129668	128614	128864	688816	2450064	1
2025.02.28	08:00:00	128736	128996	126603	126776	3221416	10700880	1
2025.02.28	16:00:00	126781	127260	126766	127168	606025	2052246	1
2025.03.05	08:00:00	127514	127626	126735	127046	1301053	4347726	1
2025.03.05	16:00:00	127046	127372	126878	127117	584645	1986554	1
2025.03.06	08:00:00	126801	128146	126526	127280	3990937	12925507	1
2025.03.06	16:00:00	127280	127448	126704	127382	756520	2191750	1
2025.03.07	08:00:00	127479	129327	126002	129246	4014799	12461478	1
2025.03.07	16:00:00	129251	129826	128848	129047	819807	2817201	1
2025.03.10	08:00:00	128390	128701	127214	127743	3891423	12856111	1
2025.03.10	16:00:00	127738	128375	127545	128202	678979	2370343	1
2025.03.11	08:00:00	128604	128670	126266	127321	3949659	12971518	1
2025.03.11	16:00:00	127321	127550	127091	127484	659620	2327115	1
2025.03.12	08:00:00	127626	128110	126669	127066	3947798	12555050	1
2025.03.12	16:00:00	127066	127718	127035	127346	532638	1844333	1
2025.03.13	08:00:00	127142	129490	126969	129373	3327976	11340960	1
2025.03.13	16:00:00	129373	129551	129236	129429	434171	1586375	1
2025.03.14	08:00:00	129786	132719	129719	132520	3181977	11060670	1
2025.03.14	16:00:00	132526	132974	132429	132500	490101	1943888	1
2025.03.17	08:00:00	132500	134955	132301	134929	3320757	10470983	1
2025.03.17	16:00:00	134924	135148	134507	134756	570254	1932171	1
2025.03.18	08:00:00	134313	135632	133931	135377	3685284	11578602	1
2025.03.18	16:00:00	135377	135510	135123	135296	442655	1502837	1
2025.03.19	08:00:00	135001	136753	134990	136732	3358073	10691281	1
2025.03.19	16:00:00	136732	136951	136192	136620	609192	2027687	1
2025.03.20	08:00:00	136070	136442	135362	135464	3323435	10883075	1
2025.03.20	16:00:00	135469	135887	135428	135739	498444	1674463	1
2025.03.21	08:00:00	135418	136218	135077	135383	3260046	10632419	1
2025.03.21	16:00:00	135383	136065	135316	135581	534709	1885787	1
2025.03.24	08:00:00	136386	136635	134374	134608	3438033	11249509	1
2025.03.24	16:00:00	134603	135006	134496	134929	532367	1846452	1
2025.03.25	08:00:00	134654	136951	134542	135642	3433656	11246621	1
2025.03.25	16:00:00	135637	135877	135362	135668	516483	1781872	1
2025.03.26	08:00:00	135652	136360	135469	135780	3441037	11419514	1
2025.03.26	16:00:00	135780	136136	135067	135673	479553	1762577	1
2025.03.27	08:00:00	136162	137140	135714	136584	3649270	11742031	1
2025.03.27	16:00:00	136584	136671	136141	136320	449402	1522844	1
2025.03.28	08:00:00	136228	136284	134481	135464	3630144	12301640	1
2025.03.28	16:00:00	135469	135546	134975	135184	379216	1326378	1
2025.03.31	08:00:00	134384	134624	133233	133773	3410708	11034176	1
2025.03.31	16:00:00	133768	133895	133300	133391	513547	1931418	1
2025.04.01	08:00:00	133564	135128	133050	134308	3802415	12337712	1
2025.04.01	16:00:00	134308	134532	134053	134145	476305	1600062	1
2025.04.02	08:00:00	133967	134583	133315	134135	3650434	12010414	1
2025.04.02	16:00:00	134130	135887	133188	133188	1086093	2985116	1
2025.04.03	08:00:00	132760	135602	132622	134374	4629621	14380785	1
2025.04.03	16:00:00	134374	134476	133997	134318	505044	1564091	1
2025.04.04	08:00:00	132108	132312	129180	129740	4808179	14516811	1
2025.04.04	16:00:00	129740	130229	129612	130020	650435	1913508	1
2025.04.07	08:00:00	127983	131420	126531	127896	7531896	18727657	1
2025.04.07	16:00:00	127891	128696	127855	128227	736554	1827431	1
2025.04.08	08:00:00	129663	130356	126740	127020	5600150	16358596	1
2025.04.08	16:00:00	127020	127056	125940	126302	888049	2598202	1
2025.04.09	08:00:00	125299	132373	124835	129505	6825432	18087971	1
2025.04.09	16:00:00	129511	130763	129251	129918	918659	2193097	1
2025.04.10	08:00:00	129505	130626	127382	128731	6193057	15894080	1
2025.04.10	16:00:00	128731	129200	127978	128884	942763	2289567	1
2025.04.11	08:00:00	129439	130926	128441	130514	5220922	14463839	1
2025.04.11	16:00:00	130509	130860	130096	130295	527406	1578211	1
2025.04.14	08:00:00	130987	132413	130809	132307	4901288	14552958	1
2025.04.14	16:00:00	132312	132541	131802	131884	700392	2124271	1
2025.04.15	08:00:00	131853	132408	131344	131502	4325792	13199012	1
2025.04.15	16:00:00	131497	131838	131466	131675	473484	1328414	1
2025.04.16	08:00:00	131520	132065	130535	131170	4279032	12870964	1
2025.04.16	16:00:00	131170	131200	130380	130570	612706	1959002	1
2025.04.17	08:00:00	130855	132600	130270	132345	4091256	12904143	1
2025.04.17	16:00:00	132345	132390	131850	131875	527598	1643788	1
2025.04.22	08:00:00	132140	133335	130940	133190	4075791	13273740	1
2025.04.22	16:00:00	133190	133315	132760	133110	490185	1550479	1
2025.04.23	08:00:00	134125	135770	134110	134990	4023005	13328963	1
2025.04.23	16:00:00	134990	135120	134625	135015	553840	1937919	1
2025.04.24	08:00:00	134785	137390	134675	137170	3849318	13186536	1
2025.04.24	16:00:00	137170	137220	136850	137050	539916	1787055	1
2025.04.25	08:00:00	136745	137430	136500	137010	3740591	12094314	1
2025.04.25	16:00:00	137010	137285	136925	137265	415956	1433142	1
2025.04.28	08:00:00	136890	138070	136840	137170	3450988	11520847	1
2025.04.28	16:00:00	137170	137355	137095	137275	334301	1172116	1
2025.04.29	08:00:00	137265	138465	137145	137690	3389080	11159182	1
2025.04.29	16:00:00	137695	137710	137285	137420	434454	1554027	1
2025.04.30	08:00:00	137155	137640	136115	137020	4047825	13798772	1
2025.04.30	16:00:00	137025	137360	136785	136800	554262	1832534	1
2025.05.02	08:00:00	137240	137465	136380	136765	3530232	11855739	1
2025.05.02	16:00:00	136760	137555	136735	137555	406521	1390565	1
2025.05.05	08:00:00	136975	137460	135400	135645	3244034	11257343	1
2025.05.05	16:00:00	135640	135720	135300	135300	407247	1369696	1
2025.05.06	08:00:00	135300	136220	135160	135435	3459752	11989370	1
2025.05.06	16:00:00	135435	135685	135420	135665	364439	1243899	1
2025.05.07	08:00:00	136000	136500	134675	135250	3633693	12900016	1
2025.05.07	16:00:00	135245	135445	134895	135390	718727	2421872	1
2025.05.08	08:00:00	136400	139620	136380	138940	3704279	13093985	1
2025.05.08	16:00:00	138945	139020	138050	138360	593336	2192802	1
2025.05.09	08:00:00	138800	139070	137905	138290	3348012	11620893	1
2025.05.09	16:00:00	138285	138450	138125	138220	309360	1142970	1
2025.05.12	08:00:00	140305	140310	138060	138470	3221909	11185487	1
2025.05.12	16:00:00	138475	138620	138320	138620	400622	1333994	1
2025.05.13	08:00:00	138700	140820	138325	140670	3362048	11617934	1
2025.05.13	16:00:00	140670	141360	140525	140525	540937	1948964	1
2025.05.14	08:00:00	140555	141030	139925	140280	3554886	11709753	1
2025.05.14	16:00:00	140285	140400	140000	140065	388077	1315149	1
2025.05.15	08:00:00	139775	141025	139570	140625	3584253	11475383	1
2025.05.15	16:00:00	140630	141170	140575	141075	495567	1574343	1
2025.05.16	08:00:00	140770	140850	139120	140700	3520913	11779496	1
2025.05.16	16:00:00	140700	140815	140250	140325	466817	1477138	1
2025.05.19	08:00:00	140000	141740	139895	141400	3606614	11980755	1
2025.05.19	16:00:00	141400	141490	141055	141310	478581	1505420	1
2025.05.20	08:00:00	141300	141455	140390	141015	3211930	10489264	1
2025.05.20	16:00:00	141015	141730	140960	141500	508235	1752248	1
2025.05.21	08:00:00	141270	141515	138790	138970	3682174	12370145	1
2025.05.21	16:00:00	138970	139310	138870	139060	450800	1607548	1
2025.05.22	08:00:00	139065	140150	138320	138325	3943888	13484073	1
2025.05.22	16:00:00	138320	138960	135175	136290	889403	2880644	1
2025.05.23	08:00:00	136440	138995	135960	138670	4319424	13015841	1
2025.05.23	16:00:00	138670	139205	138500	138830	530417	1559282	1
2025.05.26	08:00:00	139200	139965	138715	139225	3334996	9880337	1
2025.05.26	16:00:00	139225	139475	139170	139420	326814	886630	1
2025.05.27	08:00:00	140020	141625	140020	140690	3785510	11620526	1
2025.05.27	16:00:00	140685	140975	140540	140930	473457	1373075	1
2025.05.28	08:00:00	140795	141080	139565	140120	3156251	9528159	1
2025.05.28	16:00:00	140115	140375	139970	140285	382220	1116148	1
2025.05.29	08:00:00	140600	140600	138835	139725	3901473	11973341	1
2025.05.29	16:00:00	139725	139915	139470	139605	402171	1272342	1
2025.05.30	08:00:00	139600	140045	137535	138200	3853922	11467237	1
2025.05.30	16:00:00	138195	138400	137710	138020	539978	1589785	1
2025.06.02	08:00:00	138110	139570	137240	137560	3645937	11337900	1
2025.06.02	16:00:00	137555	137665	137345	137435	468185	1446073	1
2025.06.03	08:00:00	137525	138530	136845	138240	3375650	10054718	1
2025.06.03	16:00:00	138240	138575	138130	138490	415704	1231848	1
2025.06.04	08:00:00	138650	139550	137440	137580	3956861	11305764	1
2025.06.04	16:00:00	137585	137925	137510	137815	385983	1192143	1
2025.06.05	08:00:00	138010	138250	136570	136940	4125612	12058509	1
2025.06.05	16:00:00	136940	137095	136710	136935	564728	1683411	1
2025.06.06	08:00:00	137400	137535	136245	136325	4001457	11569517	1
2025.06.06	16:00:00	136325	136985	136150	136800	521213	1588560	1
2025.06.09	08:00:00	136775	137200	134520	136380	3905301	11487211	1
2025.06.09	16:00:00	136380	136450	136130	136290	465203	1441310	1
2025.06.10	08:00:00	136780	137885	136500	136835	4415852	12895828	1
2025.06.10	16:00:00	136840	137260	136785	137045	480380	1442926	1
2025.06.11	08:00:00	137020	137950	135710	137535	4570381	13117275	1
2025.06.11	16:00:00	137535	137630	137140	137320	464697	1472714	1
2025.06.12	08:00:00	136830	137870	136020	137805	4170325	12258727	1
2025.06.12	16:00:00	137805	138245	137760	138175	540967	1638051	1
2025.06.13	08:00:00	137385	137950	136660	137675	4485333	12716559	1
2025.06.13	16:00:00	137680	137875	137065	137285	569991	1669603	1
2025.06.16	08:00:00	137600	140265	137550	139745	4052099	11647057	1
2025.06.16	16:00:00	139740	140150	139460	140150	580147	1816210	1
2025.06.17	08:00:00	142324	142471	140927	141330	4184690	11777768	1
2025.06.17	16:00:00	141325	141682	141121	141600	574040	1570166	1
2025.06.18	08:00:00	141695	141960	141000	141325	3662199	10258502	1
2025.06.18	16:00:00	141325	141680	141155	141655	487034	1395535	1
2025.06.20	08:00:00	141580	141745	139305	139635	3583085	10733820	1
2025.06.20	16:00:00	139640	139850	139500	139710	416249	1216478	1
2025.06.23	08:00:00	139695	139945	138320	138835	3970818	11809171	1
2025.06.23	16:00:00	138830	139260	138745	139215	442139	1388663	1
2025.06.24	08:00:00	139860	140670	138640	139690	3866434	11937507	1
2025.06.24	16:00:00	139695	139935	139300	139300	433370	1455970	1
2025.06.25	08:00:00	139300	139385	137900	138180	3980707	11902012	1
2025.06.25	16:00:00	138180	138375	137735	138190	481729	1546911	1
2025.06.26	08:00:00	138635	139750	138325	139425	3905551	11717837	1
2025.06.26	16:00:00	139425	139540	139140	139225	463348	1475639	1
2025.06.27	08:00:00	139600	139740	138300	138910	3905738	11592495	1
2025.06.27	16:00:00	138915	139335	138825	139335	405700	1296036	1
2025.06.30	08:00:00	139250	141280	138025	141200	3881758	11751134	1
2025.06.30	16:00:00	141195	141450	141035	141115	556239	1820939	1
2025.07.01	08:00:00	140900	141950	140725	141935	4103558	12100471	1
2025.07.01	16:00:00	141935	141945	141625	141785	420085	1299681	1
2025.07.02	08:00:00	141830	142200	140400	141185	4565519	14529270	1
2025.07.02	16:00:00	141185	141450	141060	141435	467504	1593862	1
2025.07.03	08:00:00	141160	143445	140865	143330	3879091	12318993	1
2025.07.03	16:00:00	143330	143385	143015	143125	406160	1370181	1
2025.07.04	08:00:00	142675	143650	142415	143505	2843155	8205694	1
2025.07.04	16:00:00	143510	143825	143225	143815	296034	1007178	1
2025.07.07	08:00:00	143360	143415	141145	141405	3918610	12939436	1
2025.07.07	16:00:00	141410	141475	141235	141325	396093	1494840	1
2025.07.08	08:00:00	141670	141895	140530	140955	4160590	13205802	1
2025.07.08	16:00:00	140950	141370	140745	141250	478547	1648129	1
2025.07.09	08:00:00	141280	141340	139080	139295	3560086	11786007	1
2025.07.09	16:00:00	139300	139335	137155	137820	898111	2833870	1
2025.07.10	08:00:00	137320	138655	136755	138390	1278930	12572648	0
2025.07.10	16:00:00	138390	138875	138250	138575	161949	1644888	0
2025.07.11	08:00:00	138100	138255	137005	137725	1193494	11753950	0
2025.07.11	16:00:00	137725	137920	137460	137615	138623	1370745	0
2025.07.14	08:00:00	137370	137720	136225	136645	1154961	11298307	0
2025.07.14	16:00:00	136650	136850	136575	136740	118468	1203054	0
2025.07.15	08:00:00	136880	137535	135650	136600	1331282	13187875	0
2025.07.15	16:00:00	136595	137175	136550	137175	123569	1269588	0
2025.07.16	08:00:00	136640	137280	135525	136880	4287975	13710286	1
2025.07.16	16:00:00	136885	136980	136450	136495	419257	1445454	1
2025.07.17	08:00:00	136210	137065	135635	136885	3836778	12235779	1
2025.07.17	16:00:00	136890	136980	136740	136795	352345	1122508	1
2025.07.18	08:00:00	136565	136640	134415	134485	3938316	12704810	1
2025.07.18	16:00:00	134485	134750	134310	134725	408015	1503432	1
2025.07.21	08:00:00	134140	136050	134040	135365	3692774	11204740	1
2025.07.21	16:00:00	135365	135460	134975	135145	384922	1286878	1
2025.07.22	08:00:00	135250	136385	134785	135150	3840545	11254758	1
2025.07.22	16:00:00	135155	135575	134975	135575	441629	1416784	1
2025.07.23	08:00:00	135675	136800	134505	136700	3992983	13103565	1
2025.07.23	16:00:00	136695	136765	136170	136360	414395	1420998	1
2025.07.24	08:00:00	136065	136160	134510	134600	3376191	10896936	1
2025.07.24	16:00:00	134605	134910	134515	134595	436846	1475530	1
2025.07.25	08:00:00	134530	135555	134075	134255	3574206	11681985	1
2025.07.25	16:00:00	134255	134400	134130	134280	339190	1175329	1
2025.07.28	08:00:00	134210	134885	132335	132475	3405707	10806950	1
2025.07.28	16:00:00	132480	133250	132450	133065	590522	2086878	1
2025.07.29	08:00:00	133150	134100	132770	133705	3862957	12264264	1
2025.07.29	16:00:00	133710	133755	133225	133355	443312	1547961	1
2025.07.30	08:00:00	133435	135870	132495	134270	5174572	16131314	1
2025.07.30	16:00:00	134270	135000	134065	134560	789792	2198296	1
2025.07.31	08:00:00	133980	134210	132520	133625	3874015	13056585	1
2025.07.31	16:00:00	133630	133775	133150	133635	572133	1948693	1
2025.08.01	08:00:00	132905	135480	132505	132605	4687754	14441561	1
2025.08.01	16:00:00	132600	133115	132575	132990	574644	1842020	1
2025.08.04	08:00:00	133400	134585	132815	133165	4197114	13157854	1
2025.08.04	16:00:00	133165	133700	133000	133200	494814	1632795	1
2025.08.05	08:00:00	132760	134650	132600	133645	4745212	15251616	1
2025.08.05	16:00:00	133645	133825	133405	133520	440832	1478020	1
2025.08.06	08:00:00	133760	135585	133740	135015	4382603	14632565	1
2025.08.06	16:00:00	135015	135080	134555	134780	541502	1916082	1
2025.08.07	08:00:00	135225	137265	135035	136925	4139817	14214089	1
2025.08.07	16:00:00	136930	137135	136665	137060	538963	1861517	1
2025.08.08	08:00:00	136705	136795	135720	136095	3904203	13398506	1
2025.08.08	16:00:00	136095	136365	135830	136365	379582	1348297	1
2025.08.11	08:00:00	136105	136445	135510	135820	3917580	12751878	1
2025.08.11	16:00:00	135815	135940	135600	135850	381717	1321247	1
2025.08.12	08:00:00	139291	141493	139020	141186	4039862	13321593	1
2025.08.12	16:00:00	141181	141247	140854	141130	533205	1726209	1
2025.08.13	08:00:00	141130	141445	139530	139685	3281850	10638989	1
2025.08.13	16:00:00	139685	139775	139550	139675	409069	1487022	1
2025.08.14	08:00:00	139480	140460	138485	139530	4136560	13922288	1
2025.08.14	16:00:00	139535	139655	139220	139400	378045	1386901	1
2025.08.15	08:00:00	139500	139500	138400	138630	3440131	11463659	1
2025.08.15	16:00:00	138630	140820	138585	139395	489470	1828091	1
2025.08.18	08:00:00	139295	140820	138955	140355	3837627	12408560	1
2025.08.18	16:00:00	140355	140375	140050	140075	408240	1361882	1
2025.08.19	08:00:00	140170	140200	136665	136820	4124526	14966952	1
2025.08.19	16:00:00	136825	137110	136250	136490	605523	2212591	1
2025.08.20	08:00:00	136795	137665	136460	137195	4059321	13641332	1
2025.08.20	16:00:00	137190	137405	136910	137145	513101	1814106	1
2025.08.21	08:00:00	136960	137565	135900	137250	2332947	7562434	1
2025.08.21	16:00:00	137250	137300	136965	137140	314795	1100144	1
2025.08.22	08:00:00	137165	140795	137005	140515	3880540	12889251	1
2025.08.22	16:00:00	140520	140925	140350	140740	452394	1705544	1
2025.08.25	08:00:00	140780	141585	140535	140645	3499893	11550787	1
2025.08.25	16:00:00	140650	140885	140500	140850	438989	1488514	1
2025.08.26	08:00:00	140525	140735	139450	139830	3433421	11511355	1
2025.08.26	16:00:00	139835	140570	139810	140435	517421	1751923	1
2025.08.27	08:00:00	140100	141300	139540	141170	3907288	12824416	1
2025.08.27	16:00:00	141175	141765	141150	141310	648743	2205919	1
2025.08.28	08:00:00	142150	144660	142115	143910	3796419	13317884	1
2025.08.28	16:00:00	143910	144000	143500	143750	515831	1863695	1
2025.08.29	08:00:00	143005	144775	142870	144175	3356471	11694741	1
2025.08.29	16:00:00	144170	144460	143785	144095	451961	1492080	1
2025.09.01	08:00:00	143905	144250	143035	143320	3141806	10103857	1
2025.09.01	16:00:00	143320	143640	143235	143610	430999	1402575	1
2025.09.02	08:00:00	142650	143250	141615	142300	4578880	14771188	1
2025.09.02	16:00:00	142295	142635	142290	142500	468802	1541632	1
2025.09.03	08:00:00	142700	142815	141625	141685	3956110	12915878	1
2025.09.03	16:00:00	141685	141945	141590	141780	472970	1604243	1
2025.09.04	08:00:00	141750	143495	141550	143220	3863470	12957866	1
2025.09.04	16:00:00	143215	143310	142940	142965	438533	1582128	1
2025.09.05	08:00:00	143240	145465	143160	144625	4026252	13817531	1
2025.09.05	16:00:00	144625	144700	144425	144650	361695	1295631	1
2025.09.08	08:00:00	144850	145025	143145	143685	3646858	12688101	1
2025.09.08	16:00:00	143685	143835	143515	143790	454837	1572375	1
2025.09.09	08:00:00	143930	144475	143470	143580	3902917	13447009	1
2025.09.09	16:00:00	143580	143645	143340	143605	454202	1707370	1
2025.09.10	08:00:00	143780	144920	142965	144075	4256228	14079983	1
2025.09.10	16:00:00	144080	144420	143995	144335	419477	1459760	1
2025.09.11	08:00:00	144150	145695	143380	144825	4287022	14055780	1
2025.09.11	16:00:00	144825	145015	144750	144795	399283	1376377	1
2025.09.12	08:00:00	144395	144870	143550	143900	3701760	12507127	1
2025.09.12	16:00:00	143900	144200	143760	144165	355526	1246930	1
2025.09.15	08:00:00	144150	145805	143930	145405	4279457	14383334	1
2025.09.15	16:00:00	145405	145480	144685	144790	609531	2076552	1
2025.09.16	08:00:00	145620	146260	145050	145220	4639997	14903865	1
2025.09.16	16:00:00	145220	145715	145210	145475	575213	1970893	1
2025.09.17	08:00:00	145400	147895	145115	147015	5435200	17708277	1
2025.09.17	16:00:00	147010	147280	146810	146995	786655	2546804	1
2025.09.18	08:00:00	147100	147395	146325	146980	3963344	12253894	1
2025.09.18	16:00:00	146980	147130	146585	147105	448563	1535808	1
2025.09.19	08:00:00	146730	147720	146435	147345	3639304	11608919	1
2025.09.19	16:00:00	147345	147450	146830	146840	529375	1811627	1
2025.09.22	08:00:00	146675	146775	145240	146370	4091478	13474993	1
2025.09.22	16:00:00	146370	146390	146120	146245	477108	1626942	1
2025.09.23	08:00:00	146135	148375	146040	147715	4432036	14608387	1
2025.09.23	16:00:00	147715	147850	147455	147590	485030	1619550	1
2025.09.24	08:00:00	147590	147890	147155	147610	4060171	13480755	1
2025.09.24	16:00:00	147605	149000	147460	148800	530871	1780241	1
2025.09.25	08:00:00	148000	148700	146110	146355	4345582	14357467	1
2025.09.25	16:00:00	146355	146585	146115	146405	438662	1517782	1
2025.09.26	08:00:00	146545	147170	145975	146390	3546232	11647316	1
2025.09.26	16:00:00	146390	146545	146265	146360	305845	1112857	1
2025.09.29	08:00:00	146635	149095	146620	147340	3674325	12253504	1
2025.09.29	16:00:00	147340	147440	147210	147305	375206	1311456	1
2025.09.30	08:00:00	147400	148435	146610	146950	3514765	12247271	1
2025.09.30	16:00:00	146950	147250	146890	147135	400744	1517808	1
2025.10.01	08:00:00	147205	148125	145910	146305	4611080	14655595	1
2025.10.01	16:00:00	146305	146460	146110	146255	485046	1647928	1
2025.10.02	08:00:00	146750	147280	144235	144740	4351878	15129310	1
2025.10.02	16:00:00	144740	144845	144555	144725	420895	1566206	1
2025.10.03	08:00:00	145000	145160	144210	144840	4054107	13902220	1
2025.10.03	16:00:00	144840	144990	144610	144670	392868	1460498	1
2025.10.06	08:00:00	144860	145335	143820	144160	4253769	14812455	1
2025.10.06	16:00:00	144160	144260	143985	144060	423710	1507126	1
2025.10.07	08:00:00	143650	143715	141420	141875	4285480	14909514	1
2025.10.07	16:00:00	141870	141945	141600	141615	414827	1563054	1
2025.10.08	08:00:00	141700	142715	141640	142250	3938025	13382653	1
2025.10.08	16:00:00	142250	142780	142235	142490	501864	1771612	1
2025.10.09	08:00:00	142900	143800	141810	141920	4471786	14673971	1
2025.10.09	16:00:00	141920	142145	141855	141890	411142	1368906	1
2025.10.10	08:00:00	142145	142685	140365	140965	5318771	17335052	1
2025.10.10	16:00:00	140965	141120	140055	140350	521272	1781612	1
2025.10.13	08:00:00	141550	142450	141550	142010	4531120	14311828	1
2025.10.13	16:00:00	142010	142070	141480	141615	498743	1729715	1
2025.10.14	08:00:00	143689	145835	143597	144987	4850247	15694850	1
2025.10.14	16:00:00	144981	145615	144435	144915	561734	1765149	1
2025.10.15	08:00:00	145145	146100	144005	145860	4794960	15374127	1
2025.10.15	16:00:00	145855	145960	145605	145715	451211	1460309	1
2025.10.16	08:00:00	145735	146195	144330	145325	4788285	15958315	1
2025.10.16	16:00:00	145330	145375	145010	145010	414559	1386652	1
2025.10.17	08:00:00	144885	146430	144080	146255	4434883	14567588	1
2025.10.17	16:00:00	146260	146545	146020	146450	417863	1479874	1
2025.10.20	08:00:00	146320	148215	146250	147655	4607428	14576430	1
2025.10.20	16:00:00	147655	147715	147270	147300	426428	1471182	1
2025.10.21	08:00:00	147100	147740	146645	146945	4537353	14536227	1
2025.10.21	16:00:00	146940	147240	146865	147235	330027	1102761	1
2025.10.22	08:00:00	146995	147945	146565	147485	5057724	16182384	1
2025.10.22	16:00:00	147490	147915	147355	147915	407300	1309580	1
2025.10.23	08:00:00	147960	149125	147770	148480	4178768	13691176	1
2025.10.23	16:00:00	148480	148800	148420	148785	376457	1268842	1
2025.10.24	08:00:00	148545	150095	148450	148940	3721013	12362156	1
2025.10.24	16:00:00	148940	148990	148810	148815	254266	913325	1
2025.10.27	08:00:00	150075	150750	149475	149595	3577186	11955127	1
2025.10.27	16:00:00	149600	149900	149515	149790	355104	1257566	1
2025.10.28	08:00:00	149520	150525	149065	150225	3800543	12793729	1
2025.10.28	16:00:00	150225	150375	149925	150375	500754	1721631	1
2025.10.29	08:00:00	150465	151740	149815	151280	4243688	14548687	1
2025.10.29	16:00:00	151280	151380	150970	151295	628690	2149452	1
2025.10.30	08:00:00	151000	151790	149900	151440	3809868	13208189	1
2025.10.30	16:00:00	151435	151795	151265	151760	466705	1674200	1
2025.10.31	08:00:00	151485	152215	151355	152000	4021413	12808247	1
2025.10.31	16:00:00	152000	152245	151880	152225	407517	1445853	1
2025.11.03	08:00:00	152225	153225	151965	152530	3927062	12593273	1
2025.11.03	16:00:00	152525	153020	152520	153000	454262	1481756	1
2025.11.04	08:00:00	151950	153250	151750	152550	3942395	13054671	1
2025.11.04	16:00:00	152545	153065	152535	153050	540369	1770504	1
2025.11.05	08:00:00	152850	155475	152515	155125	4704632	16308365	1
2025.11.05	16:00:00	155125	155990	155095	155915	721682	2880193	1
2025.11.06	08:00:00	155455	156570	155455	155760	4417361	14625809	1
2025.11.06	16:00:00	155760	155905	155620	155750	444064	1585869	1
2025.11.07	08:00:00	155635	155750	154500	155635	4289176	14242240	1
2025.11.07	16:00:00	155635	156350	155565	156240	616755	2204568	1
2025.11.10	08:00:00	157100	157735	156670	157320	3877851	13381560	1
2025.11.10	16:00:00	157325	157940	157015	157820	538790	2121919	1
2025.11.11	08:00:00	157940	160605	157940	159605	4893665	16888829	1
2025.11.11	16:00:00	159600	160370	159585	159835	649939	2612152	1
2025.11.12	08:00:00	160000	160170	158610	159260	4016492	13978480	1
2025.11.12	16:00:00	159265	159885	159100	159615	605944	2294580	1
2025.11.13	08:00:00	159950	160295	158610	158610	4577367	15462315	1
2025.11.13	16:00:00	158615	159175	158475	159040	801886	2909001	1
2025.11.14	08:00:00	158295	160275	158065	160045	4603896	15599450	1
2025.11.14	16:00:00	160045	160135	159310	159310	605648	2274820	1
2025.11.17	08:00:00	159585	159670	158670	159030	4423583	14466734	1
2025.11.17	16:00:00	159030	159055	158335	158840	859620	2898425	1
2025.11.18	08:00:00	158100	158615	157120	158520	4941024	16179061	1
2025.11.18	16:00:00	158515	158750	158095	158095	642527	2255445	1
2025.11.19	08:00:00	158360	158440	157025	157185	4081243	13644100	1
2025.11.19	16:00:00	157185	157260	156260	156880	704852	2324708	1
2025.11.21	08:00:00	155200	156690	155025	156195	4838533	15407465	1
2025.11.21	16:00:00	156195	156450	156165	156440	541384	1761387	1
2025.11.24	08:00:00	156750	157335	155930	156685	4090130	13604353	1
2025.11.24	16:00:00	156690	156975	156380	156975	496289	1820174	1
2025.11.25	08:00:00	156885	157760	156035	157125	4886204	16172263	1
2025.11.25	16:00:00	157120	157460	157030	157300	498096	1802158	1
2025.11.26	08:00:00	157500	159740	157415	159675	4256926	14572353	1
2025.11.26	16:00:00	159675	160145	159655	160145	566305	2168156	1
2025.11.27	08:00:00	159815	159980	159285	159350	2767626	8821288	1
2025.11.27	16:00:00	159345	159705	159315	159610	405581	1312181	1
2025.11.28	08:00:00	159485	160820	159465	160770	3916411	11908132	1
2025.11.28	16:00:00	160775	160840	160100	160100	499676	1482685	1
2025.12.01	08:00:00	160000	160360	158945	159575	3844293	12755157	1
2025.12.01	16:00:00	159580	159690	159370	159690	428270	1587563	1
2025.12.02	08:00:00	160025	161600	159745	161515	4687491	15435502	1
2025.12.02	16:00:00	161515	162425	161465	162270	671804	2408726	1
2025.12.03	08:00:00	162380	162900	161970	162570	4650141	15235564	1
2025.12.03	16:00:00	162570	162885	162385	162650	600255	2161380	1
2025.12.04	08:00:00	162655	165285	162650	164880	4510962	16003916	1
2025.12.04	16:00:00	164885	165505	164630	165270	839424	3321446	1
2025.12.05	08:00:00	165250	165785	158055	158305	6397577	19872486	1
2025.12.05	16:00:00	158300	159190	157465	158325	1424830	3839758	1
2025.12.08	08:00:00	160090	160105	158110	159350	5223516	17544334	1
2025.12.08	16:00:00	159350	159410	158135	158860	846164	2805838	1
2025.12.09	08:00:00	158465	158680	155630	158450	5895233	20220957	1
2025.12.09	16:00:00	158450	159415	158020	158210	1050742	3594450	1
2025.12.10	08:00:00	159300	160280	157965	158880	5024228	17213149	1
2025.12.10	16:00:00	158875	160190	158300	159560	1688849	5319123	1
2025.12.11	08:00:00	158635	160270	158050	160075	4683248	15917560	1
2025.12.11	16:00:00	160080	160220	159455	159465	648532	2288689	1
2025.12.12	08:00:00	159715	161610	159540	160685	4992428	16361241	1
2025.12.12	16:00:00	160680	161095	160520	161030	632110	2147329	1
2025.12.15	08:00:00	161575	163300	161345	162510	4887799	16496513	1
2025.12.15	16:00:00	162515	163115	162390	162755	719594	2395925	1
2025.12.16	08:00:00	164913	165016	162985	163717	5000927	14959204	1
2025.12.16	16:00:00	163717	163732	160899	161165	1079162	3386977	1
2025.12.17	08:00:00	161500	161690	159610	160475	5075775	15514524	1
2025.12.17	16:00:00	160475	160895	160255	160340	640976	2069055	1
2025.12.18	08:00:00	160660	161835	159845	161490	4716095	15157163	1
2025.12.18	16:00:00	161490	161510	160835	161315	605116	2063436	1
2025.12.19	08:00:00	161200	162725	160990	161750	3877569	12563982	1
2025.12.19	16:00:00	161755	161865	161325	161600	504074	1701924	1
2025.12.22	08:00:00	162055	162415	160150	161145	4182179	13671831	1
2025.12.22	16:00:00	161140	161285	160895	161045	577310	1969481	1
2025.12.23	08:00:00	161245	163465	160900	163190	3787859	12608676	1
2025.12.23	16:00:00	163190	163520	163050	163400	457563	1614369	1
2025.12.26	08:00:00	162935	163485	162100	163315	3427123	11029154	1
2025.12.26	16:00:00	163315	164120	163275	164050	455037	1547133	1
2025.12.29	08:00:00	163850	164335	162355	162535	3830135	12232969	1
2025.12.29	16:00:00	162530	163130	162430	162990	615254	2053388	1
2025.12.30	08:00:00	163430	164795	163070	164345	3693116	11866738	1
2025.12.30	16:00:00	164345	164515	163740	163770	475153	1615844	1
2026.01.02	08:00:00	163970	165040	162530	162670	3663770	11828041	1
2026.01.02	16:00:00	162665	163090	162600	162700	568349	1983801	1
2026.01.05	08:00:00	163160	164550	162565	164500	4454994	14602822	1
2026.01.05	16:00:00	164500	164595	164185	164420	548642	1945464	1
2026.01.06	08:00:00	164575	166655	164525	166205	4422507	15278902	1
2026.01.06	16:00:00	166205	166295	165720	166200	606857	2152854	1
2026.01.07	08:00:00	166250	166260	164010	164460	3959787	13494854	1
2026.01.07	16:00:00	164455	164480	164100	164100	503433	1617247	1
2026.01.08	08:00:00	163900	165080	163745	164620	4314637	14022141	1
2026.01.08	16:00:00	164625	165000	164605	164925	522169	1735268	1
2026.01.09	08:00:00	165150	166435	164510	166040	4133481	13806871	1
2026.01.09	16:00:00	166035	166040	165195	165220	505230	1802263	1
