<DATE>	<TIME>	<OPEN>	<HIGH>	<LOW>	<CLOSE>	<TICKVOL>	<VOL>	<SPREAD>
2021.04.19	08:00:00	179395	180229	178790	179580	1894851	7071827	1
2021.04.19	12:00:00	179580	180835	179432	179956	1714616	6798265	1
2021.04.19	16:00:00	179956	180060	178731	179166	582560	2442150	1
2021.04.20	08:00:00	178509	179786	178266	178664	1986951	7648720	1
2021.04.20	12:00:00	178672	178878	177564	177778	1674877	6875179	1
2021.04.20	16:00:00	177771	178140	177557	177579	448824	1817371	1
2021.04.22	08:00:00	178325	179336	177195	178081	2139853	7877780	1
2021.04.22	12:00:00	178081	178686	176627	177239	2021711	8038899	1
2021.04.22	16:00:00	177239	177572	176612	177557	568584	2264057	1
2021.04.23	08:00:00	178214	179115	177771	177933	2180263	7461142	1
2021.04.23	12:00:00	177941	178649	177623	178546	1439929	5149066	1
2021.04.23	16:00:00	178553	179033	178317	178982	435801	1587880	1
2021.04.26	08:00:00	179336	179764	178694	179092	1969352	6762678	1
2021.04.26	12:00:00	179100	179299	178044	178531	1431049	5261702	1
2021.04.26	16:00:00	178531	179092	177394	179085	597343	2300521	1
2021.04.27	08:00:00	179100	179454	177970	178229	1847912	7144682	1
2021.04.27	12:00:00	178229	178236	176228	176553	1725420	7150570	1
2021.04.27	16:00:00	176560	177003	175940	175999	491107	2074460	1
2021.04.28	08:00:00	176605	178502	176479	178428	1610373	5963751	1
2021.04.28	12:00:00	178428	179572	178332	179462	1524767	6070581	1
2021.04.28	16:00:00	179462	180119	179181	180074	548786	2324567	1
2021.04.29	08:00:00	179698	180207	178022	178199	1965773	7484690	1
2021.04.29	12:00:00	178199	178317	177298	178170	1586941	6841664	1
2021.04.29	16:00:00	178177	178199	177431	177572	560132	2325503	1
2021.04.30	08:00:00	177232	177867	176221	176767	2064468	7729676	1
2021.04.30	12:00:00	176767	177978	176464	177047	1948729	7903830	1
2021.04.30	16:00:00	177055	177084	175564	175785	629427	2569872	1
2021.05.03	08:00:00	176885	177675	175888	177143	1997697	7162344	1
2021.05.03	12:00:00	177151	177195	175431	176988	1663919	6795265	1
2021.05.03	16:00:00	176988	177011	176088	176479	538115	2193950	1
2021.05.04	08:00:00	176088	176737	174633	174759	2184046	8099195	1
2021.05.04	12:00:00	174751	175778	174242	174382	1878517	7559077	1
2021.05.04	16:00:00	174382	174515	174102	174493	447700	1867372	1
2021.05.05	08:00:00	175261	177114	174921	176915	2035884	7445116	1
2021.05.05	12:00:00	176907	177372	176819	177143	1231050	5450738	1
2021.05.05	16:00:00	177143	177483	176619	177247	549267	2322987	1
2021.05.06	08:00:00	177217	177645	176228	176811	2110035	7774809	1
2021.05.06	12:00:00	176804	177350	176176	176686	1743634	6995959	1
2021.05.06	16:00:00	176686	177800	176678	177741	481038	1970197	1
2021.05.07	08:00:00	178111	179410	177741	179277	1703332	6152673	1
2021.05.07	12:00:00	179270	179809	178613	179786	1145880	4853158	1
2021.05.07	16:00:00	179794	181174	179749	180731	597176	2589956	1
2021.05.10	08:00:00	180569	181676	180318	180598	1820113	6548753	1
2021.05.10	12:00:00	180598	181263	180200	180790	1568431	6393043	1
2021.05.10	16:00:00	180798	180849	180288	180429	462681	1833045	1
2021.05.11	08:00:00	179085	180141	177867	179971	2243440	8335122	1
2021.05.11	12:00:00	179971	181300	179801	181115	1720808	7279367	1
2021.05.11	16:00:00	181115	181979	181027	181551	510725	2190532	1
2021.05.12	08:00:00	181248	181455	178775	178827	2292458	8066972	1
2021.05.12	12:00:00	178834	179004	177675	177845	1850993	7527672	1
2021.05.12	16:00:00	177845	177860	176664	177033	656236	2868466	1
2021.05.13	08:00:00	177343	179506	176929	178864	2071831	7611001	1
2021.05.13	12:00:00	178864	179727	177225	179055	2013377	8227079	1
2021.05.13	16:00:00	179048	179284	178140	178613	494565	2009910	1
2021.05.14	08:00:00	179417	180835	179417	180015	1912336	7232426	1
2021.05.14	12:00:00	180023	180576	178930	180451	1819232	7319816	1
2021.05.14	16:00:00	180458	180495	179838	179927	497659	2052527	1
2021.05.17	08:00:00	179299	181189	179151	180990	1846655	6426083	1
2021.05.17	12:00:00	180990	182031	180192	181957	1512726	5577937	1
2021.05.17	16:00:00	181964	182156	181551	181625	414427	1622442	1
2021.05.18	08:00:00	182422	182614	181182	181521	2094686	7811881	1
2021.05.18	12:00:00	181514	182850	181270	182200	1731040	7186868	1
2021.05.18	16:00:00	182200	182717	181462	181462	602888	2587021	1
2021.05.19	08:00:00	180067	181529	179676	180909	2197222	8132200	1
2021.05.19	12:00:00	180909	182341	180133	180436	1953882	7538908	1
2021.05.19	16:00:00	180436	181758	180178	181758	568776	2244315	1
2021.05.20	08:00:00	181595	181935	180731	181381	1754776	6649918	1
2021.05.20	12:00:00	181374	181625	180576	181226	1534040	6346533	1
2021.05.20	16:00:00	181233	181536	181093	181226	438463	1854913	1
2021.05.21	08:00:00	181898	181972	180443	180650	1394408	5087609	1
2021.05.21	12:00:00	180658	180916	180000	180790	1244361	5021337	1
2021.05.21	16:00:00	180790	181625	180731	181248	465663	1937392	1
2021.05.24	08:00:00	181536	182828	181167	181935	1627105	6245853	1
2021.05.24	12:00:00	181927	183551	181927	183382	1289383	5513766	1
2021.05.24	16:00:00	183382	183714	183241	183293	450249	1950850	1
2021.05.25	08:00:00	183182	184460	183094	183234	1824890	7171814	1
2021.05.25	12:00:00	183234	183249	181713	181728	1465425	6564223	1
2021.05.25	16:00:00	181728	182193	181447	182075	494156	2248613	1
2021.05.26	08:00:00	182378	183677	182355	183647	1700709	6582346	1
2021.05.26	12:00:00	183655	183839	182769	183064	1295801	5626712	1
2021.05.26	16:00:00	183057	183478	182924	182924	380321	1692211	1
2021.05.27	08:00:00	182924	184179	182902	183337	1625488	6749727	1
2021.05.27	12:00:00	183330	183994	182533	183847	1407248	6687590	1
2021.05.27	16:00:00	183839	184002	183566	183972	495387	2301254	1
2021.05.28	08:00:00	184327	184777	183603	184607	1626722	6454629	1
2021.05.28	12:00:00	184600	185774	184386	185744	1158115	5278891	1
2021.05.28	16:00:00	185737	185862	185264	185323	405426	1819142	1
2021.05.31	08:00:00	185323	186231	185139	186017	1257305	4965410	1
2021.05.31	12:00:00	186017	186305	185471	186069	1190625	4752498	1
2021.05.31	16:00:00	186069	186541	185906	186246	415603	1635242	1
2021.06.01	08:00:00	186925	189723	186549	189206	1860860	7635921	1
2021.06.01	12:00:00	189206	189723	189103	189472	1188087	5762142	1
2021.06.01	16:00:00	189472	189819	189457	189627	369867	1810847	1
2021.06.02	08:00:00	189376	190447	189066	190284	1731799	7059220	1
2021.06.02	12:00:00	190284	191466	190144	191259	1355512	6510793	1
2021.06.02	16:00:00	191266	191436	190860	191104	491429	2329252	1
2021.06.04	08:00:00	190624	191931	190624	190986	1975014	7594218	1
2021.06.04	12:00:00	190986	192359	190764	192219	1573507	6793371	1
2021.06.04	16:00:00	192219	192344	191908	192063	338117	1527510	1
2021.06.07	08:00:00	192204	192337	191296	192263	2020824	8169760	1
2021.06.07	12:00:00	192263	193953	192027	193835	1595110	7490680	1
2021.06.07	16:00:00	193843	193850	192706	192706	490642	2390517	1
2021.06.08	08:00:00	192839	193267	191886	192669	1930039	8147219	1
2021.06.08	12:00:00	192669	193237	190941	191347	1811503	8802072	1
2021.06.08	16:00:00	191347	192012	191340	191982	583027	2756325	1
2021.06.09	08:00:00	192004	192388	191008	192012	2185429	9304376	1
2021.06.09	12:00:00	192012	193363	191746	192108	1877184	8839241	1
2021.06.09	16:00:00	192100	192403	191421	191598	539646	2563489	1
2021.06.10	08:00:00	191650	192721	191244	191576	2395095	10105360	1
2021.06.10	12:00:00	191576	192920	191207	192698	1842876	8425965	1
2021.06.10	16:00:00	192691	192713	191953	192093	518006	2332934	1
2021.06.11	08:00:00	192514	192573	190572	190986	1861878	7185161	1
2021.06.11	12:00:00	190993	191192	189937	190897	1419907	6044827	1
2021.06.11	16:00:00	190890	191355	190690	191296	367679	1637228	1
2021.06.14	08:00:00	191591	193643	191488	193599	1675205	6876546	1
2021.06.14	12:00:00	193599	193621	191429	192034	1607661	7579118	1
2021.06.14	16:00:00	192027	192455	191702	192255	533052	2542058	1
2021.06.15	08:00:00	192506	192514	191392	192093	2395837	9580764	1
2021.06.15	12:00:00	192093	192241	190816	192063	1847261	8519113	1
2021.06.15	16:00:00	192063	192167	191849	192056	389496	1879177	1
2021.06.16	08:00:00	191646	192254	190986	191550	1745423	7259514	1
2021.06.16	12:00:00	191543	192320	189270	190245	2273857	10559834	1
2021.06.16	16:00:00	190245	191440	190062	190531	608169	2784098	1
2021.06.17	08:00:00	190392	191704	189754	191088	1976488	8160111	1
2021.06.17	12:00:00	191088	191206	188156	188237	2222573	10079463	1
2021.06.17	16:00:00	188237	189571	188229	189571	570216	2616719	1
2021.06.18	08:00:00	189659	189908	188046	189058	2357445	9446613	1
2021.06.18	12:00:00	189058	189996	188083	188955	1774473	8100905	1
2021.06.18	16:00:00	188948	189424	188369	188427	589361	2643693	1
2021.06.21	08:00:00	189138	190392	188786	190165	2024441	7785161	1
2021.06.21	12:00:00	190165	190949	189805	190531	1486407	6272838	1
2021.06.21	16:00:00	190524	190685	190297	190465	459241	1984275	1
2021.06.22	08:00:00	190487	190509	188383	188742	1954557	8105962	1
2021.06.22	12:00:00	188750	189534	188618	188984	1728800	7843962	1
2021.06.22	16:00:00	188984	190297	188977	190260	614870	2814294	1
2021.06.23	08:00:00	190260	191558	189681	191066	1796057	7161173	1
2021.06.23	12:00:00	191059	191316	188904	189549	1662461	7541530	1
2021.06.23	16:00:00	189549	189776	188955	189498	521132	2479011	1
2021.06.24	08:00:00	190150	191088	189915	190407	1828222	7410138	1
2021.06.24	12:00:00	190407	191066	189879	190319	1556301	6996421	1
2021.06.24	16:00:00	190319	191015	190311	190795	467131	2102369	1
2021.06.25	08:00:00	191030	191272	189967	190018	1835355	7236282	1
2021.06.25	12:00:00	190018	190084	186895	187042	1929700	8767203	1
2021.06.25	16:00:00	187042	187892	186558	187892	702199	3158280	1
2021.06.28	08:00:00	187745	188801	186132	186976	2203293	8791375	1
2021.06.28	12:00:00	186976	187855	186609	187738	1697724	7589878	1
2021.06.28	16:00:00	187731	187958	187210	187679	528535	2393165	1
2021.06.29	08:00:00	187533	187826	185869	186682	2027201	8714242	1
2021.06.29	12:00:00	186682	187349	186316	187196	1664993	7782006	1
2021.06.29	16:00:00	187196	187657	187056	187349	480869	2288483	1
2021.06.30	08:00:00	186800	187335	186088	186345	2006785	8827416	1
2021.06.30	12:00:00	186338	187437	185847	186800	1687011	8171246	1
2021.06.30	16:00:00	186800	187144	186191	186191	554340	2713246	1
2021.07.01	08:00:00	186851	187291	184828	185429	2294318	9866258	1
2021.07.01	12:00:00	185421	185575	183992	184116	1902056	8993063	1
2021.07.01	16:00:00	184124	185326	184109	184864	560445	2761549	1
2021.07.02	08:00:00	185187	187122	184864	186917	2248011	8885509	1
2021.07.02	12:00:00	186917	188163	186792	187892	1358911	6410156	1
2021.07.02	16:00:00	187885	188310	187701	188295	415618	1975698	1
2021.07.05	08:00:00	187679	188024	186235	186800	1658221	6478450	1
2021.07.05	12:00:00	186800	187555	186433	187291	1478521	5870578	1
2021.07.05	16:00:00	187283	187386	186748	187239	470586	1779686	1
2021.07.06	08:00:00	186983	187130	184344	184410	2327657	9758900	1
2021.07.06	12:00:00	184410	185150	183757	184160	1874878	8183896	1
2021.07.06	16:00:00	184160	184366	183721	183808	457783	1982435	1
2021.07.07	08:00:00	184718	186125	184263	185069	2221368	9292617	1
2021.07.07	12:00:00	185062	187305	185011	187020	1723722	8144228	1
2021.07.07	16:00:00	187012	187269	186778	186792	438115	2049436	1
2021.07.08	08:00:00	184278	184505	182877	183728	2479819	9647443	1
2021.07.08	12:00:00	183721	185392	183662	184307	1889798	8244962	1
2021.07.08	16:00:00	184314	184659	183786	184307	637113	2784243	1
2021.07.12	08:00:00	185553	186543	184981	186455	1914866	7919228	1
2021.07.12	12:00:00	186455	188149	186264	187921	1388626	7050612	1
2021.07.12	16:00:00	187929	188412	187738	188412	452411	2334081	1
2021.07.13	08:00:00	187936	187965	186103	186191	2205908	9173213	1
2021.07.13	12:00:00	186191	189065	185949	188823	1910511	9136566	1
2021.07.13	16:00:00	188823	189131	188449	188882	461143	2360908	1
2021.07.14	08:00:00	189043	190817	188735	189329	2285272	9454419	1
2021.07.14	12:00:00	189322	189578	188456	189344	1979801	9524240	1
2021.07.14	16:00:00	189336	189432	188654	189146	548936	2696600	1
2021.07.15	08:00:00	188515	189857	188229	188911	2349073	9577555	1
2021.07.15	12:00:00	188911	188933	186660	187474	1937764	9255027	1
2021.07.15	16:00:00	187474	187811	187283	187745	481063	2296450	1
2021.07.16	08:00:00	187892	188456	187130	187892	2051286	7976508	1
2021.07.16	12:00:00	187892	187899	186045	186154	1609355	7385902	1
2021.07.16	16:00:00	186162	186198	185011	185414	637883	3015970	1
2021.07.19	08:00:00	182914	183398	181792	181910	2554375	9708417	1
2021.07.19	12:00:00	181902	182892	181316	181902	2154669	9410236	1
2021.07.19	16:00:00	181895	183559	181800	183369	669640	3101302	1
2021.07.20	08:00:00	184278	184461	181675	183581	2500132	10248758	1
2021.07.20	12:00:00	183581	184710	182855	184630	2012303	9280666	1
2021.07.20	16:00:00	184637	184835	184131	184131	525765	2430785	1
2021.07.21	08:00:00	184380	185465	184058	184534	2221516	8962044	1
2021.07.21	12:00:00	184527	185245	184336	185047	1637779	7179215	1
2021.07.21	16:00:00	185047	185495	184937	185370	480657	2307227	1
2021.07.22	08:00:00	185407	185759	184292	184483	2001505	8160152	1
2021.07.22	12:00:00	184483	185949	184358	185700	1438371	7047991	1
2021.07.22	16:00:00	185693	185788	185289	185590	412119	2054685	1
2021.07.23	08:00:00	186066	186132	184344	184681	1580899	6520651	1
2021.07.23	12:00:00	184681	184710	182819	183376	1521272	7282293	1
2021.07.23	16:00:00	183369	183896	183185	183259	462062	2225422	1
2021.07.26	08:00:00	183442	185392	183303	185377	1595462	6888023	1
2021.07.26	12:00:00	185377	185597	184864	184915	1207038	6132287	1
2021.07.26	16:00:00	184923	185223	184659	185062	441759	2287322	1
2021.07.27	08:00:00	184549	184681	183031	183574	1915641	8051416	1
2021.07.27	12:00:00	183574	183794	181734	182599	1611946	7913166	1
2021.07.27	16:00:00	182599	183295	182540	182936	448684	2282228	1
2021.07.28	08:00:00	183662	185201	183633	183984	1919844	8139296	1
2021.07.28	12:00:00	183977	186301	183882	186037	1880908	8912145	1
2021.07.28	16:00:00	186037	186118	185194	185194	448812	2254339	1
2021.07.29	08:00:00	185355	186426	183486	183867	2013551	8935670	1
2021.07.29	12:00:00	183860	185084	183684	184681	1634905	7842770	1
2021.07.29	16:00:00	184681	184996	183999	183999	491523	2512868	1
2021.07.30	08:00:00	183046	183640	181624	181682	2067089	8793933	1
2021.07.30	12:00:00	181682	181954	179138	179747	1736401	8542712	1
2021.07.30	16:00:00	179740	179901	178589	179380	601981	3321565	1
2021.08.02	08:00:00	181367	182995	180685	182328	1888395	7833601	1
2021.08.02	12:00:00	182320	182841	181140	181147	1990034	9333880	1
2021.08.02	16:00:00	181140	181572	178860	180612	825843	4005632	1
2021.08.03	08:00:00	180671	181052	177350	178391	2865943	10957395	1
2021.08.03	12:00:00	178383	181228	178354	180891	2316921	8648482	1
2021.08.03	16:00:00	180891	181844	180685	180685	648618	2410402	1
2021.08.04	08:00:00	180685	181550	178376	179080	3142619	10714476	1
2021.08.04	12:00:00	179080	179923	177614	179256	2110927	8344531	1
2021.08.04	16:00:00	179256	179644	178376	178911	621415	2476435	1
2021.08.05	08:00:00	180715	181521	180253	180810	2534746	8947790	1
2021.08.05	12:00:00	180810	181030	177753	178207	2224092	8753727	1
2021.08.05	16:00:00	178200	178860	177174	177562	662383	2581908	1
2021.08.06	08:00:00	178178	179886	177562	179358	2485726	8274070	1
2021.08.06	12:00:00	179358	181037	179095	180246	1688267	6873734	1
2021.08.06	16:00:00	180246	180451	180018	180451	456742	1857499	1
2021.08.09	08:00:00	179615	181177	179116	179454	2199388	8278139	1
2021.08.09	12:00:00	179446	181506	179358	180751	1907153	7884270	1
2021.08.09	16:00:00	180744	180986	179938	180370	527673	2178587	1
2021.08.10	08:00:00	180766	181309	180128	181045	2377545	8823152	1
2021.08.10	12:00:00	181045	181316	179329	179769	1948580	8170396	1
2021.08.10	16:00:00	179776	179879	179102	179542	546201	2304950	1
2021.08.11	08:00:00	179945	180084	177203	177878	2618120	9508169	1
2021.08.11	12:00:00	177885	180202	177621	179762	1923003	8052123	1
2021.08.11	16:00:00	179762	179879	178779	179073	582372	2523600	1
2021.08.12	08:00:00	179454	179549	176727	177438	2266601	8529609	1
2021.08.12	12:00:00	177445	178750	177042	177504	1875988	7852150	1
2021.08.12	16:00:00	177511	177775	176492	176976	669920	2706847	1
2021.08.13	08:00:00	177254	177856	175861	176573	2514573	8988486	1
2021.08.13	12:00:00	176565	177768	176455	177254	2018891	7780938	1
2021.08.13	16:00:00	177254	177907	177232	177702	639231	2559676	1
2021.08.16	08:00:00	176756	177064	174952	175194	2037311	8179596	1
2021.08.16	12:00:00	175187	175407	174043	174762	2176927	9362634	1
2021.08.16	16:00:00	174762	175407	174454	175407	683864	2995725	1
2021.08.17	08:00:00	174945	174982	173105	173215	2885414	11164320	1
2021.08.17	12:00:00	173222	173699	170407	171763	2646142	11516716	1
2021.08.17	16:00:00	171771	172900	171639	171771	803115	3531610	1
2021.08.18	08:00:00	172781	172890	170455	171218	2534907	9404641	1
2021.08.18	12:00:00	171218	173936	170739	171989	2437922	10098359	1
2021.08.18	16:00:00	171989	172461	169264	169976	863926	3591955	1
2021.08.19	08:00:00	167418	169671	166873	168988	2877694	10437882	1
2021.08.19	12:00:00	168988	172090	168493	171465	2650093	11283580	1
2021.08.19	16:00:00	171465	171880	171189	171545	752029	3206102	1
2021.08.20	08:00:00	170441	171189	169198	171073	2583175	9696750	1
2021.08.20	12:00:00	171073	173173	170964	172693	1939389	7427322	1
2021.08.20	16:00:00	172686	172984	172185	172846	655596	2508413	1
2021.08.23	08:00:00	173376	173805	171821	172468	2449705	8937936	1
2021.08.23	12:00:00	172468	172723	171117	171981	2087837	8284784	1
2021.08.23	16:00:00	171974	172381	171175	171574	696779	2967469	1
2021.08.24	08:00:00	172810	175978	172766	175724	2049276	8230791	1
2021.08.24	12:00:00	175724	176203	175222	175992	1832837	8062383	1
2021.08.24	16:00:00	175992	176247	175389	176247	542719	2460203	1
2021.08.25	08:00:00	176058	176160	174169	174917	2267298	8770242	1
2021.08.25	12:00:00	174917	176319	174554	176145	1788173	7695708	1
2021.08.25	16:00:00	176145	176704	175891	176414	570599	2506996	1
2021.08.26	08:00:00	175920	176661	175244	175418	2354749	9117362	1
2021.08.26	12:00:00	175418	175426	173958	174067	1934675	8314198	1
2021.08.26	16:00:00	174060	174452	172984	173776	780188	3373549	1
2021.08.27	08:00:00	174372	175687	173900	175353	2042934	7853570	1
2021.08.27	12:00:00	175353	176094	174946	175665	1460579	6255222	1
2021.08.27	16:00:00	175665	176428	175629	175629	470862	2094083	1
2021.08.30	08:00:00	176021	176138	174248	175375	1834039	7299116	1
2021.08.30	12:00:00	175375	175876	174583	175186	1709269	7570532	1
2021.08.30	16:00:00	175179	175389	174692	175309	548562	2428623	1
2021.08.31	08:00:00	174670	175549	174110	174605	2476317	9085587	1
2021.08.31	12:00:00	174597	174968	172090	172584	2292437	9493306	1
2021.08.31	16:00:00	172584	173391	172257	173231	702648	2988150	1
2021.09.01	08:00:00	173522	174365	172396	174212	2422316	9027562	1
2021.09.01	12:00:00	174212	175288	173217	174568	2032092	8406955	1
2021.09.01	16:00:00	174575	174735	173057	173202	690117	2903956	1
2021.09.02	08:00:00	173805	174009	171611	172643	2582396	9778837	1
2021.09.02	12:00:00	172635	173144	170514	170819	2506552	9962634	1
2021.09.02	16:00:00	170811	170884	169918	170266	662547	2654856	1
2021.09.03	08:00:00	171000	171996	169482	169518	2654882	9282627	1
2021.09.03	12:00:00	169511	170303	168704	170259	1934858	8008388	1
2021.09.03	16:00:00	170259	170557	169315	169823	646342	2582975	1
2021.09.06	08:00:00	170325	171545	169351	171393	1810440	6579571	1
2021.09.06	12:00:00	171400	172337	170862	171865	1437811	5551487	1
2021.09.06	16:00:00	171865	172228	171589	172025	500028	1875167	1
2021.09.08	08:00:00	170252	171458	167207	167476	2600000	9990689	1
2021.09.08	12:00:00	167483	167927	166481	166611	2494338	10134937	1
2021.09.08	16:00:00	166611	166662	165049	165427	891322	3729791	1
2021.09.09	08:00:00	166502	167026	164947	165630	3376815	11262280	1
2021.09.09	12:00:00	165630	166343	163952	164606	2773282	10350367	1
2021.09.09	16:00:00	164606	170390	164235	170150	1146821	3995906	1
2021.09.10	08:00:00	170397	171771	168101	168406	2918982	8952956	1
2021.09.10	12:00:00	168414	169315	166662	168217	2673652	8905894	1
2021.09.10	16:00:00	168210	168384	166255	166662	862353	2869104	1
2021.09.13	08:00:00	167999	170252	167876	169976	3090320	9802594	1
2021.09.13	12:00:00	169976	170884	169351	170383	2499814	8236694	1
2021.09.13	16:00:00	170383	170390	169489	169569	774562	2488561	1
2021.09.14	08:00:00	169017	171102	168552	169605	2959828	9324283	1
2021.09.14	12:00:00	169598	171073	169562	169947	2094918	7441118	1
2021.09.14	16:00:00	169947	169990	168871	169889	862699	2992166	1
2021.09.15	08:00:00	169525	170005	167505	167730	2767881	8818031	1
2021.09.15	12:00:00	167730	168232	167280	167890	1998742	6871418	1
2021.09.15	16:00:00	167890	167999	167469	167999	525974	1836140	1
2021.09.16	08:00:00	166902	167316	165245	166183	2953444	9093386	1
2021.09.16	12:00:00	166190	166655	165471	165943	1889310	6518275	1
2021.09.16	16:00:00	165943	166568	165420	166270	684373	2394715	1
2021.09.17	08:00:00	165354	165885	162266	162404	2586380	8695782	1
2021.09.17	12:00:00	162397	163073	161932	162855	1958820	7217849	1
2021.09.17	16:00:00	162862	163051	161612	161612	807955	2874510	1
2021.09.20	08:00:00	158706	160101	157841	157979	3131825	9881846	1
2021.09.20	12:00:00	157986	158255	156664	156983	2490229	8913014	1
2021.09.20	16:00:00	156991	159534	156882	159440	987921	3464053	1
2021.09.21	08:00:00	160733	161133	158662	159331	3306566	10627296	1
2021.09.21	12:00:00	159338	161590	159062	160958	2599260	9158366	1
2021.09.21	16:00:00	160958	161263	159796	160210	905939	3189552	1
2021.09.22	08:00:00	162041	163945	162041	163051	2435338	7877634	1
2021.09.22	12:00:00	163051	165100	162935	163770	2436317	8758834	1
2021.09.22	16:00:00	163763	164628	163160	163400	886925	3172108	1
2021.09.23	08:00:00	164068	165696	163741	165500	2597394	8313482	1
2021.09.23	12:00:00	165500	166604	165071	165885	2007776	7224745	1
2021.09.23	16:00:00	165878	166255	165565	165689	648043	2252638	1
2021.09.24	08:00:00	164606	165224	163763	163916	2658178	8324688	1
2021.09.24	12:00:00	163923	165413	163719	165274	1939866	7050790	1
2021.09.24	16:00:00	165267	165311	164679	165311	590365	2086468	1
2021.09.27	08:00:00	165790	165892	164032	165333	2329186	8302521	1
2021.09.27	12:00:00	165325	165841	163283	164010	2179911	8776890	1
2021.09.27	16:00:00	164010	167295	163937	164802	835878	3294358	1
2021.09.28	08:00:00	163574	164744	161837	162070	2991917	10072039	1
2021.09.28	12:00:00	162070	162259	160014	160697	2431809	9087488	1
2021.09.28	16:00:00	160689	161016	159832	159890	853221	3268690	1
2021.09.29	08:00:00	160878	162731	160573	162593	2829923	9344530	1
2021.09.29	12:00:00	162586	163051	161089	161322	2393233	9251487	1
2021.09.29	16:00:00	161329	162092	161140	161518	785065	2963750	1
2021.09.30	08:00:00	162259	163458	162077	162564	2741651	9449891	1
2021.09.30	12:00:00	162564	163516	161329	161917	2719068	10102948	1
2021.09.30	16:00:00	161917	162310	160529	160864	801476	3007198	1
2021.10.01	08:00:00	161387	162971	161213	162462	2634197	9266469	1
2021.10.01	12:00:00	162462	164439	162259	163996	2030494	7874197	1
2021.10.01	16:00:00	163988	164395	163741	164395	618417	2372277	1
2021.10.04	08:00:00	163204	163378	160609	160864	2552377	8979691	1
2021.10.04	12:00:00	160864	161053	159716	160413	2276099	8919560	1
2021.10.04	16:00:00	160413	160791	160021	160442	878992	3296739	1
2021.10.05	08:00:00	161416	161699	159948	161024	3035143	10162197	1
2021.10.05	12:00:00	161024	162499	160784	161220	2246466	8774236	1
2021.10.05	16:00:00	161213	161561	160086	160297	779010	2950436	1
2021.10.06	08:00:00	158829	159418	157129	158742	3405688	11786281	1
2021.10.06	12:00:00	158735	160566	157703	160232	2678420	10377165	1
2021.10.06	16:00:00	160232	161009	160173	160871	578069	2326721	1
2021.10.07	08:00:00	162426	162426	160631	161329	2764249	9379018	1
2021.10.07	12:00:00	161322	162019	160784	161249	2398392	9018459	1
2021.10.07	16:00:00	161249	161656	160551	161285	684614	2568163	1
2021.10.08	08:00:00	161816	164933	161670	164686	2613231	9226575	1
2021.10.08	12:00:00	164686	166379	164541	164577	2085658	8596115	1
2021.10.08	16:00:00	164577	164744	163930	164221	593565	2531757	1
2021.10.11	08:00:00	164511	165616	163741	164511	2640706	9045590	1
2021.10.11	12:00:00	164504	165391	163218	163472	2155246	7915582	1
2021.10.11	16:00:00	163472	163494	162768	162913	478551	1991374	1
2021.10.13	08:00:00	162913	164235	162590	163876	2325963	8129898	1
2021.10.13	12:00:00	163876	165887	163833	165054	2090555	8871289	1
2021.10.13	16:00:00	165054	165183	164300	164314	486465	2189229	1
2021.10.14	08:00:00	165679	166017	164177	164946	2290356	8102580	1
2021.10.14	12:00:00	164946	165040	163682	163948	1784633	6781637	1
2021.10.14	16:00:00	163948	164803	163459	164759	651255	2585157	1
2021.10.15	08:00:00	165068	166232	163976	165873	2148530	8329990	1
2021.10.15	12:00:00	165880	166606	165816	166369	1396069	5912930	1
2021.10.15	16:00:00	166369	166462	165909	166060	494894	2122293	1
2021.10.18	08:00:00	165341	165528	163459	164213	2434629	8637274	1
2021.10.18	12:00:00	164206	166778	164062	166548	1884302	7584378	1
2021.10.18	16:00:00	166556	166606	165528	165672	618074	2544458	1
2021.10.19	08:00:00	165097	165111	162123	162503	2703443	9246297	1
2021.10.19	12:00:00	162503	162640	159967	160046	2544193	9912209	1
2021.10.19	16:00:00	160046	162230	159335	161160	1206572	4098705	1
2021.10.20	08:00:00	161505	162058	160168	161174	3258799	11065796	1
2021.10.20	12:00:00	161181	162575	159672	161469	2543293	9369518	1
2021.10.20	16:00:00	161469	161634	157833	158171	863577	3232267	1
2021.10.21	08:00:00	156030	158731	155915	157718	2983798	9786666	1
2021.10.21	12:00:00	157718	157732	153177	155261	3360804	12260288	1
2021.10.21	16:00:00	155261	156547	155146	156145	991459	3426328	1
2021.10.22	08:00:00	154981	155735	149427	149894	3479936	12080864	1
2021.10.22	12:00:00	149886	156439	148960	154916	3864889	11861789	1
2021.10.22	16:00:00	154909	155771	153400	153759	889563	2501947	1
2021.10.25	08:00:00	155060	157488	154126	157093	3006017	9252592	1
2021.10.25	12:00:00	157093	158516	156181	158322	2626690	9344384	1
2021.10.25	16:00:00	158322	158559	157215	157481	800252	2782380	1
2021.10.26	08:00:00	157057	157071	154564	154758	3132804	10295056	1
2021.10.26	12:00:00	154751	155433	153989	154966	2724530	9789243	1
2021.10.26	16:00:00	154959	155211	153809	154478	774611	2823916	1
2021.10.27	08:00:00	154334	156849	154061	156181	2603242	8597335	1
2021.10.27	12:00:00	156181	156885	155096	155167	2340014	8300141	1
2021.10.27	16:00:00	155167	155383	153594	155117	912918	3364654	1
2021.10.28	08:00:00	154442	155088	152940	153486	2949464	9519921	1
2021.10.28	12:00:00	153493	155469	152401	153141	2955162	9805010	1
2021.10.28	16:00:00	153141	153738	150634	151561	974229	3179689	1
2021.10.29	08:00:00	152114	153903	150864	152811	3312341	10104342	1
2021.10.29	12:00:00	152804	153005	150116	151295	2929332	9282840	1
2021.10.29	16:00:00	151295	151604	149606	150526	885888	2878383	1
2021.11.01	08:00:00	151359	152725	150986	151884	2731796	8572494	1
2021.11.01	12:00:00	151884	153659	151532	152962	2547949	8789028	1
2021.11.01	16:00:00	152962	153544	152322	152322	762124	2596352	1
2021.11.03	08:00:00	151410	153170	150641	152588	3041801	9545319	1
2021.11.03	12:00:00	152581	154672	151690	153802	3396307	10916080	1
2021.11.03	16:00:00	153802	154391	152983	154233	925901	2985017	1
2021.11.04	08:00:00	154478	154514	151187	151273	2884163	9403944	1
2021.11.04	12:00:00	151266	151453	148758	149542	2894311	9644852	1
2021.11.04	16:00:00	149542	150267	149261	149491	889602	2851266	1
2021.11.05	08:00:00	150310	152875	149448	151690	2705143	8360027	1
2021.11.05	12:00:00	151683	152502	150986	151582	2365598	7820748	1
2021.11.05	16:00:00	151582	152064	151101	151259	715050	2319055	1
2021.11.08	08:00:00	150670	153005	149937	152646	2794917	8381199	1
2021.11.08	12:00:00	152653	152696	151122	151345	2489990	8385036	1
2021.11.08	16:00:00	151345	152006	151266	151740	918247	3132869	1
2021.11.09	08:00:00	152092	154348	151539	153213	2791964	8537412	1
2021.11.09	12:00:00	153213	154003	152689	153199	2660032	8374223	1
2021.11.09	16:00:00	153206	153328	151941	152365	1179526	3893588	1
2021.11.10	08:00:00	151949	154585	151259	154506	2963600	9061557	1
2021.11.10	12:00:00	154506	155297	153450	153608	2517063	8356700	1
2021.11.10	16:00:00	153608	153960	152581	153673	1177122	3781482	1
2021.11.11	08:00:00	154550	156734	154420	156310	2500679	7598164	1
2021.11.11	12:00:00	156310	157100	155678	156267	2442554	8040290	1
2021.11.11	16:00:00	156260	156346	155318	156346	904268	2965338	1
2021.11.12	08:00:00	155915	156166	153120	153608	3116770	9380292	1
2021.11.12	12:00:00	153608	154147	152753	153867	2260504	7405420	1
2021.11.12	16:00:00	153874	154140	153328	153673	796057	2586280	1
2021.11.16	08:00:00	154061	154664	151101	151173	2877970	8912749	1
2021.11.16	12:00:00	151165	152028	150325	151331	2147319	7715625	1
2021.11.16	16:00:00	151331	151625	150619	150885	960817	3432494	1
2021.11.17	08:00:00	150598	152559	149793	149858	3152845	9647214	1
2021.11.17	12:00:00	149865	150634	147889	148349	2713283	8885679	1
2021.11.17	16:00:00	148349	149362	148284	149017	1018380	3265757	1
2021.11.18	08:00:00	149161	149901	148169	148385	3208338	9679515	1
2021.11.18	12:00:00	148385	148464	147314	147767	2445210	8233477	1
2021.11.18	16:00:00	147774	148658	147508	148658	861226	3009980	1
2021.11.19	08:00:00	148047	150159	147508	149879	2885667	8872793	1
2021.11.19	12:00:00	149872	150066	148629	148629	2239233	7364353	1
2021.11.19	16:00:00	148629	149225	148615	148873	666521	2129964	1
2021.11.22	08:00:00	149894	150792	148665	149944	2632474	8132371	1
2021.11.22	12:00:00	149937	151065	147379	147645	2360321	8273884	1
2021.11.22	16:00:00	147638	148414	147149	147149	923008	3343570	1
2021.11.23	08:00:00	147580	149613	147408	149312	2932684	9202219	1
2021.11.23	12:00:00	149319	149743	146775	149297	3083492	10298568	1
2021.11.23	16:00:00	149290	150253	148320	150167	1265655	4244911	1
2021.11.24	08:00:00	149448	149851	147731	149815	3118106	9699826	1
2021.11.24	12:00:00	149815	151661	149657	150310	2279906	7867540	1
2021.11.24	16:00:00	150310	151194	149886	150741	943721	3291033	1
2021.11.25	08:00:00	150526	152840	150274	152732	2532266	8238483	1
2021.11.25	12:00:00	152732	153580	152574	152610	1828421	6214271	1
2021.11.25	16:00:00	152617	153041	152387	152947	672390	2076001	1
2021.11.26	08:00:00	148155	149448	146833	147142	2917371	9014990	1
2021.11.26	12:00:00	147142	147954	146244	147314	2350143	7789079	1
2021.11.26	16:00:00	147307	147724	146912	147091	661373	2012954	1
2021.11.29	08:00:00	148895	150188	148277	148356	2889867	9483206	1
2021.11.29	12:00:00	148356	149664	147839	149635	2432472	8842842	1
2021.11.29	16:00:00	149635	149671	148033	148471	996642	3817316	1
2021.11.30	08:00:00	147077	148572	146933	147372	2983523	9755180	1
2021.11.30	12:00:00	147386	148047	144261	145195	3054280	10942711	1
2021.11.30	16:00:00	145195	147408	144929	147379	1213304	4649854	1
2021.12.01	08:00:00	148320	149721	148227	149621	2667089	8680737	1
2021.12.01	12:00:00	149621	150073	145396	145705	3098677	11179184	1
2021.12.01	16:00:00	145705	146416	144850	144850	1418722	4981659	1
2021.12.02	08:00:00	145971	149419	145863	149376	2793680	9190284	1
2021.12.02	12:00:00	149376	150224	148615	149103	2752333	9997943	1
2021.12.02	16:00:00	149103	150533	148830	150526	1025492	3809345	1
2021.12.03	08:00:00	150001	153946	149384	152689	3036587	9632846	1
2021.12.03	12:00:00	152689	152890	150749	151726	3069455	10172524	1
2021.12.03	16:00:00	151719	151984	149865	151819	1345578	4511101	1
2021.12.06	08:00:00	152552	154262	152020	154162	3407185	10745283	1
2021.12.06	12:00:00	154162	154995	153766	154147	2381467	8210485	1
2021.12.06	16:00:00	154147	154334	153659	154075	963713	3418746	1
2021.12.07	08:00:00	155965	156612	154844	155218	2661862	8224544	1
2021.12.07	12:00:00	155218	156109	154506	154959	2561793	8750083	1
2021.12.07	16:00:00	154959	155390	154197	155196	1019254	3484628	1
2021.12.08	08:00:00	155872	156317	154449	156058	2641809	8545007	1
2021.12.08	12:00:00	156058	156094	154700	155548	2166954	7561896	1
2021.12.08	16:00:00	155555	155872	155203	155771	684331	2563758	1
2021.12.09	08:00:00	154406	154736	152760	152919	2349320	7843098	1
2021.12.09	12:00:00	152926	153601	152681	153314	1916762	7112185	1
2021.12.09	16:00:00	153314	153472	152258	152911	924733	3482102	1
2021.12.10	08:00:00	153544	155850	153544	154593	2182391	7543048	1
2021.12.10	12:00:00	154593	155139	154356	154765	1830492	6825519	1
2021.12.10	16:00:00	154758	155297	154585	155211	553338	2209673	1
2021.12.13	08:00:00	155987	157531	155110	156870	1851654	6582175	1
2021.12.13	12:00:00	156877	156899	154557	155290	2088856	7973430	1
2021.12.13	16:00:00	155290	155807	154219	154938	889705	3422110	1
2021.12.14	08:00:00	154248	157000	154241	155613	2741969	9531376	1
2021.12.14	12:00:00	155613	155764	153141	153386	2444431	8836367	1
2021.12.14	16:00:00	153386	153924	152954	153069	854631	3228970	1
2021.12.15	08:00:00	153409	154088	151824	151930	2567397	8228192	1
2021.12.15	12:00:00	151923	153579	151675	153437	1930178	6816517	1
2021.12.15	16:00:00	153444	154463	152447	154364	1250279	4214366	1
2021.12.16	08:00:00	155433	156431	154768	155058	2603439	8454044	1
2021.12.16	12:00:00	155051	155964	154541	155497	1919377	6751208	1
2021.12.16	16:00:00	155497	155843	154456	155624	959444	3464902	1
2021.12.17	08:00:00	154923	154966	152956	153239	2245962	7391384	1
2021.12.17	12:00:00	153246	154732	152716	154612	2352712	8178111	1
2021.12.17	16:00:00	154612	154633	153402	153544	900985	3248128	1
2021.12.20	08:00:00	151711	152022	150147	150706	2556740	8053101	1
2021.12.20	12:00:00	150699	151173	149567	150338	2202104	7469971	1
2021.12.20	16:00:00	150331	150869	150119	150791	829809	2974260	1
2021.12.21	08:00:00	152001	152249	150487	150699	2138856	7104179	1
2021.12.21	12:00:00	150699	151619	150678	151230	1896148	6813368	1
2021.12.21	16:00:00	151223	151435	150918	150918	632299	2671619	1
2021.12.22	08:00:00	150791	151527	149510	149666	2151568	7194606	1
2021.12.22	12:00:00	149673	150904	149623	150748	1622179	5931903	1
2021.12.22	16:00:00	150748	151194	150515	151194	573319	2261051	1
2021.12.23	08:00:00	151541	151775	149935	150232	1681946	6033534	1
2021.12.23	12:00:00	150232	150494	149772	150253	1319166	5478244	1
2021.12.23	16:00:00	150253	150437	149446	149446	484743	2062272	1
2021.12.27	08:00:00	150154	151237	149921	150487	1660883	5834080	1
2021.12.27	12:00:00	150487	151371	150260	151138	1337615	5180012	1
2021.12.27	16:00:00	151131	151336	150805	151286	505308	2201709	1
2021.12.28	08:00:00	151569	151661	149496	150034	1823270	6399508	1
2021.12.28	12:00:00	150041	150182	149482	149786	1335664	5080541	1
2021.12.28	16:00:00	149786	150197	149701	149956	508905	2054103	1
2021.12.29	08:00:00	150154	150642	149220	149638	2113441	6704815	1
2021.12.29	12:00:00	149638	149659	148463	148979	1550741	5232625	1
2021.12.29	16:00:00	148987	149220	148590	148590	470869	1697112	1
2021.12.30	08:00:00	148880	150381	148852	150069	2257206	6734597	1
2021.12.30	12:00:00	150062	150706	149638	150444	1374734	4439817	1
2021.12.30	16:00:00	150451	150473	149616	149822	469150	1674628	1
2022.01.03	08:00:00	150572	151775	147692	148286	2641109	8676493	1
2022.01.03	12:00:00	148286	149262	148152	149057	1570749	5488649	1
2022.01.03	16:00:00	149057	149227	148180	148258	664152	2393710	1
2022.01.04	08:00:00	149220	149708	147239	147826	2745965	8834191	1
2022.01.04	12:00:00	147819	149036	147600	147861	1965744	6697406	1
2022.01.04	16:00:00	147869	148187	147465	147798	587360	2179573	1
2022.01.05	08:00:00	147989	148166	146234	147550	2659952	8838718	1
2022.01.05	12:00:00	147550	147840	145392	145491	2056640	7445205	1
2022.01.05	16:00:00	145498	145760	143757	143757	1156033	4395883	1
2022.01.06	08:00:00	144316	145724	143849	145095	2850944	9038741	1
2022.01.06	12:00:00	145102	146022	144656	145208	2393170	7988438	1
2022.01.06	16:00:00	145208	145342	144514	145201	775534	2789597	1
2022.01.07	08:00:00	144897	146142	144147	146078	2693259	8928263	1
2022.01.07	12:00:00	146071	146312	144713	145979	2002774	7415455	1
2022.01.07	16:00:00	145986	146786	145866	146347	612785	2384549	1
2022.01.10	08:00:00	145625	146340	144670	144691	2554362	8793440	1
2022.01.10	12:00:00	144691	145109	143998	145017	2142459	8320607	1
2022.01.10	16:00:00	145010	146213	144578	146213	961004	3703330	1
2022.01.11	08:00:00	146333	146644	145151	146333	2479794	8848154	1
2022.01.11	12:00:00	146340	147784	146333	147621	1887943	7483825	1
2022.01.11	16:00:00	147621	148420	147458	148279	612035	2822765	1
2022.01.12	08:00:00	148314	150444	147713	150423	2519136	8764324	1
2022.01.12	12:00:00	150423	150501	149581	150239	1867846	7413482	1
2022.01.12	16:00:00	150246	151060	150105	151060	677154	3209565	1
2022.01.13	08:00:00	150437	151449	149517	151286	2471099	8621037	1
2022.01.13	12:00:00	151286	151293	149928	151145	2497232	9141091	1
2022.01.13	16:00:00	151152	151421	150175	150437	861251	3428177	1
2022.01.14	08:00:00	150204	151201	149588	151081	2878030	9550978	1
2022.01.14	12:00:00	151074	151909	150826	151782	2014276	7549599	1
2022.01.14	16:00:00	151789	152822	151619	152822	782606	3384529	1
2022.01.17	08:00:00	152362	152638	151024	151598	1923707	6810231	1
2022.01.17	12:00:00	151605	152199	151399	151859	1375818	5267528	1
2022.01.17	16:00:00	151852	151980	151428	151428	543801	2030201	1
2022.01.18	08:00:00	150437	151697	150232	151399	2433550	8666708	1
2022.01.18	12:00:00	151399	152482	150557	151810	2508467	10106499	1
2022.01.18	16:00:00	151803	152376	151513	152178	835568	3765803	1
2022.01.19	08:00:00	152178	154605	152150	154414	2402345	8588044	1
2022.01.19	12:00:00	154407	154704	153933	154301	2073735	7835758	1
2022.01.19	16:00:00	154294	154357	153763	154046	879446	3506021	1
2022.01.20	08:00:00	154824	155787	153975	155765	2388039	8174768	1
2022.01.20	12:00:00	155765	156331	155397	156232	1661834	6317737	1
2022.01.20	16:00:00	156225	156402	155100	155461	950398	4018231	1
2022.01.21	08:00:00	154966	156282	154103	155631	2709353	9395145	1
2022.01.21	12:00:00	155624	155900	154612	155029	3027480	10267294	1
2022.01.21	16:00:00	155029	155553	154499	155037	1120161	3913999	1
2022.01.24	08:00:00	154195	154754	152355	152496	3003407	10144084	1
2022.01.24	12:00:00	152496	153190	151619	152496	3661225	11884813	1
2022.01.24	16:00:00	152496	154294	152015	154279	1529531	5158088	1
2022.01.25	08:00:00	153515	154704	152312	153819	2713642	9350073	1
2022.01.25	12:00:00	153819	156211	153062	156176	3175881	10969899	1
2022.01.25	16:00:00	156176	157570	156048	156813	1139911	4350240	1
2022.01.26	08:00:00	157895	159799	157718	159530	2827049	9467794	1
2022.01.26	12:00:00	159530	159898	158907	159622	2237085	7770968	1
2022.01.26	16:00:00	159629	160301	157690	158617	2468065	8039462	1
2022.01.27	08:00:00	158660	160528	158645	159933	2778907	9352695	1
2022.01.27	12:00:00	159933	160740	158730	159360	3154379	10936193	1
2022.01.27	16:00:00	159367	160195	158886	159778	1272750	4424449	1
2022.01.28	08:00:00	159410	160598	158744	159233	2892962	9063624	1
2022.01.28	12:00:00	159233	159806	158362	159027	2808728	9451676	1
2022.01.28	16:00:00	159027	159226	158348	159127	1111189	3848420	1
2022.01.31	08:00:00	159169	159417	157902	159070	2496048	7763941	1
2022.01.31	12:00:00	159077	159424	158249	159353	2206402	7394681	1
2022.01.31	16:00:00	159346	159976	159112	159112	941059	3148105	1
2022.02.01	08:00:00	159268	160301	159070	160202	2475550	7731580	1
2022.02.01	12:00:00	160209	160924	159742	160301	1976372	6699229	1
2022.02.01	16:00:00	160301	161044	160153	160973	721209	2602898	1
2022.02.02	08:00:00	161334	161525	159693	159714	1965580	6269091	1
2022.02.02	12:00:00	159714	159806	158461	158950	1954414	7075994	1
2022.02.02	16:00:00	158950	159445	158171	158546	894633	3204093	1
2022.02.03	08:00:00	157924	159558	157881	158497	2622227	8686114	1
2022.02.03	12:00:00	158497	159027	157832	158702	2389804	8105629	1
2022.02.03	16:00:00	158695	159197	158207	159197	989641	3401149	1
2022.02.04	08:00:00	158504	158702	156431	157853	2652421	8061286	1
2022.02.04	12:00:00	157853	159204	157428	158752	2069604	6690185	1
2022.02.04	16:00:00	158759	159480	158553	158907	816185	2851338	1
2022.02.07	08:00:00	158999	159211	158016	158957	2782562	8577178	1
2022.02.07	12:00:00	158957	159403	158638	159211	2013859	6636660	1
2022.02.07	16:00:00	159211	159410	158645	158957	837912	2903163	1
2022.02.08	08:00:00	158362	158667	157159	157973	2316316	7304076	1
2022.02.08	12:00:00	157980	158950	157457	158773	1743169	5876138	1
2022.02.08	16:00:00	158773	159565	158539	159565	780723	2728689	1
2022.02.09	08:00:00	159919	160061	158327	159219	2757600	8543172	1
2022.02.09	12:00:00	159219	160429	159148	159353	1743786	6041289	1
2022.02.09	16:00:00	159360	159693	158865	159063	817331	2853597	1
2022.02.10	08:00:00	159211	160591	158851	160528	2966268	9039909	1
2022.02.10	12:00:00	160528	161313	160429	161101	2219038	7275097	1
2022.02.10	16:00:00	161101	161115	160223	160620	979128	3197524	1
2022.02.11	08:00:00	160089	162169	160075	161992	2519587	7835036	1
2022.02.11	12:00:00	161985	162735	160966	161320	2152906	7105731	1
2022.02.11	16:00:00	161327	161667	160061	161051	1789037	5269675	1
2022.02.14	08:00:00	159919	161773	159749	161348	2613323	7667957	1
2022.02.14	12:00:00	161348	161532	160535	160690	2355703	7315535	1
2022.02.14	16:00:00	160697	161327	160414	161278	1127556	3506528	1
2022.02.15	08:00:00	162042	162346	161490	161547	2361255	6869316	1
2022.02.15	12:00:00	161547	162474	161306	162403	1482854	4798952	1
2022.02.15	16:00:00	162396	162941	162169	162941	561442	1842657	1
2022.02.16	08:00:00	162563	163982	162563	163514	1765178	5470834	1
2022.02.16	12:00:00	163507	163612	162836	163311	1422072	4923366	1
2022.02.16	16:00:00	163318	163947	162989	163157	930784	3264363	1
2022.02.17	08:00:00	162626	163087	161696	161794	2304135	7183435	1
2022.02.17	12:00:00	161794	161864	161151	161696	1383502	4784225	1
2022.02.17	16:00:00	161696	161710	160528	160668	823554	2787375	1
2022.02.18	08:00:00	161304	161948	160647	161151	2132142	6628332	1
2022.02.18	12:00:00	161151	161186	159885	160375	2047214	6677037	1
2022.02.18	16:00:00	160375	160724	159494	159633	995626	3383627	1
2022.02.21	08:00:00	159857	160542	159214	160445	1980299	6200441	1
2022.02.21	12:00:00	160445	160584	159270	159536	1156375	3738682	1
2022.02.21	16:00:00	159529	159536	157941	157941	787740	2327199	1
2022.02.22	08:00:00	158920	160521	158920	160326	2317571	7370774	1
2022.02.22	12:00:00	160326	160403	158934	159116	2041979	6998482	1
2022.02.22	16:00:00	159116	160521	158829	160521	1203501	4129017	1
2022.02.23	08:00:00	160389	160962	159571	159682	2406460	7618064	1
2022.02.23	12:00:00	159682	159857	158857	159200	1845799	6584601	1
2022.02.23	16:00:00	159193	159277	157907	158025	920370	3267757	1
2022.02.24	08:00:00	154516	155907	153886	155292	3049635	9098073	1
2022.02.24	12:00:00	155292	156159	154264	155313	2550690	8134902	1
2022.02.24	16:00:00	155313	157830	155103	157662	1263877	4468832	1
2022.02.25	08:00:00	157445	157886	156270	157375	2442581	7651920	1
2022.02.25	12:00:00	157382	158354	156830	158032	1859144	6019978	1
2022.02.25	16:00:00	158039	160102	157955	159759	834944	2814620	1
2022.03.02	12:00:00	161158	163143	160983	162913	1659140	5415659	1
2022.03.02	16:00:00	162906	163073	162556	163052	848976	2984069	1
2022.03.03	08:00:00	162975	163738	162640	163255	1997455	6504462	1
2022.03.03	12:00:00	163255	163821	162773	162996	1995685	6552037	1
2022.03.03	16:00:00	162989	163409	162472	163059	791722	2520261	1
2022.03.04	08:00:00	161920	162472	160717	161053	2306585	6919109	1
2022.03.04	12:00:00	161060	161263	160172	160801	1799836	5921863	1
2022.03.04	16:00:00	160794	161969	160528	161626	936311	3205112	1
2022.03.07	08:00:00	161004	161689	160452	160717	2192585	6969744	1
2022.03.07	12:00:00	160717	161109	158613	158669	1958944	6470801	1
2022.03.07	16:00:00	158669	158725	156354	156354	1029217	3645988	1
2022.03.08	08:00:00	157620	158913	156963	157697	2868503	8777575	1
2022.03.08	12:00:00	157697	158634	156606	157263	2968885	10280758	1
2022.03.08	16:00:00	157263	157997	156613	156627	1207590	4176451	1
2022.03.09	08:00:00	158557	159675	157536	159382	2402294	7663808	1
2022.03.09	12:00:00	159389	160507	159389	159920	1867121	6672731	1
2022.03.09	16:00:00	159920	160990	159780	160514	848403	2950937	1
2022.03.10	08:00:00	159619	160319	157697	158794	2559426	7929594	1
2022.03.10	12:00:00	158794	159976	158340	159878	2048294	6884830	1
2022.03.10	16:00:00	159878	160270	159661	160249	864738	2920283	1
2022.03.11	08:00:00	161647	161843	159920	160032	2557596	7601251	1
2022.03.11	12:00:00	160025	160130	159144	159200	1792552	5927988	1
2022.03.11	16:00:00	159200	159606	156816	157872	1209260	3995592	1
2022.03.14	08:00:00	157662	158424	155886	156473	2679301	8080119	1
2022.03.14	12:00:00	156473	156767	154558	154865	2250420	7201985	1
2022.03.14	16:00:00	154872	155348	154523	154949	824289	2556306	1
2022.03.15	08:00:00	155047	155138	151817	153299	2562316	8567084	1
2022.03.15	12:00:00	153292	154355	152684	153474	2193490	7540631	1
2022.03.15	16:00:00	153467	153851	153089	153383	759889	2392517	1
2022.03.16	08:00:00	155571	156627	154732	155795	2308106	7486061	1
2022.03.16	12:00:00	155802	155928	153607	155278	2386190	7794287	1
2022.03.16	16:00:00	155278	157075	155131	157075	865682	2654479	1
2022.03.17	08:00:00	156627	157851	156047	157305	2692296	8285640	1
2022.03.17	12:00:00	157305	159137	157040	158850	1670903	5507817	1
2022.03.17	16:00:00	158850	159396	158641	159158	669903	2313067	1
2022.03.18	08:00:00	158165	160654	158095	160556	2117651	6792136	1
2022.03.18	12:00:00	160549	161731	160256	161584	1334903	4842970	1
2022.03.18	16:00:00	161577	162339	161479	162032	580089	2134651	1
2022.03.21	08:00:00	161787	163675	161689	163003	2303390	7035518	1
2022.03.21	12:00:00	163010	163654	162255	163255	2026399	6765056	1
2022.03.21	16:00:00	163255	163807	163087	163738	609119	2049520	1
2022.03.22	08:00:00	163891	165409	163500	165122	1907146	6358508	1
2022.03.22	12:00:00	165115	165143	164514	164793	1412877	5176879	1
2022.03.22	16:00:00	164793	165339	164339	165304	622764	2253935	1
2022.03.23	08:00:00	164653	166073	164451	165884	2143778	6952301	1
2022.03.23	12:00:00	165884	166311	164947	165150	1442346	5075663	1
2022.03.23	16:00:00	165150	165751	164954	165311	646356	2212368	1
2022.03.24	08:00:00	165548	166269	164667	166234	1791546	5903986	1
2022.03.24	12:00:00	166234	167681	166171	166709	1400055	5218143	1
2022.03.24	16:00:00	166709	167800	166660	167779	545716	1986860	1
2022.03.25	08:00:00	167765	168282	167240	167639	2040741	6305578	1
2022.03.25	12:00:00	167639	167723	166492	167408	1557925	5555090	1
2022.03.25	16:00:00	167415	167912	167059	167492	551327	1873476	1
2022.03.28	08:00:00	167800	168128	165793	166290	1840905	5744240	1
2022.03.28	12:00:00	166290	167352	166017	167352	1409945	5109261	1
2022.03.28	16:00:00	167352	167359	166401	166961	651434	2250889	1
2022.03.29	08:00:00	168079	169736	167765	168436	2459085	7921372	1
2022.03.29	12:00:00	168436	168765	167814	168429	1438387	5259630	1
2022.03.29	16:00:00	168422	169107	168324	168324	528370	2045538	1
2022.03.30	08:00:00	167954	169352	167933	168471	2163574	7152714	1
2022.03.30	12:00:00	168471	169240	168254	168765	1367711	5114577	1
2022.03.30	16:00:00	168765	169254	168184	169058	599204	2204447	1
2022.03.31	08:00:00	168925	169660	168492	168918	1909922	6437880	1
2022.03.31	12:00:00	168918	169142	168317	168932	1201552	4529793	1
2022.03.31	16:00:00	168932	169114	168093	168478	659908	2375773	1
2022.04.01	08:00:00	168918	170478	168897	170366	1765533	5979416	1
2022.04.01	12:00:00	170373	170554	169715	170191	1240688	4697877	1
2022.04.01	16:00:00	170191	170911	169925	170596	537063	2077630	1
2022.04.04	08:00:00	170932	171016	169408	169785	1741387	5748137	1
2022.04.04	12:00:00	169785	170275	169247	170261	1198303	4637859	1
2022.04.04	16:00:00	170254	170268	169883	169939	383155	1494118	1
2022.04.05	08:00:00	169820	170519	168254	168485	2259870	7492411	1
2022.04.05	12:00:00	168485	168667	167163	167380	1555576	5676630	1
2022.04.05	16:00:00	167380	167415	166122	166716	783973	2798772	1
2022.04.06	08:00:00	165674	166206	164528	165164	2587616	7739587	1
2022.04.06	12:00:00	165164	165989	163486	165472	2248774	7448936	1
2022.04.06	16:00:00	165472	165849	164633	165290	708551	2298132	1
2022.04.07	08:00:00	165786	166080	164353	165073	2422118	7554582	1
2022.04.07	12:00:00	165080	166429	164674	166387	1851381	6346351	1
2022.04.07	16:00:00	166387	167010	166241	166345	656879	2292931	1
2022.04.08	08:00:00	166807	166807	164325	166038	2101870	6919361	1
2022.04.08	12:00:00	166038	166324	165360	165744	1395897	5125775	1
2022.04.08	16:00:00	165744	165765	165199	165465	575384	2015277	1
2022.04.11	08:00:00	164619	164765	163570	164199	2268513	6840298	1
2022.04.11	12:00:00	164192	164528	163759	164017	1444590	4858769	1
2022.04.11	16:00:00	164024	164255	163255	163584	622006	2012813	1
2022.04.12	08:00:00	164192	165828	164045	164605	2209671	6113814	1
2022.04.12	12:00:00	164605	164842	162500	162815	1878572	5673604	1
2022.04.12	16:00:00	162815	163010	162297	162948	623132	1918576	1
2022.04.13	08:00:00	163305	163731	162666	162893	2015208	5786911	1
2022.04.13	12:00:00	162893	164184	162583	163504	1620990	5741135	1
2022.04.13	16:00:00	163504	163800	163147	163532	553246	1908536	1
2022.04.14	08:00:00	163209	163367	162198	162350	2261531	6741498	1
2022.04.14	12:00:00	162350	162755	161587	161917	1477854	4904532	1
2022.04.14	16:00:00	161924	162274	161821	162040	431586	1392133	1
2022.04.18	08:00:00	161814	162329	160934	161800	2136667	6190767	1
2022.04.18	12:00:00	161793	162501	161422	161436	1634456	5117701	1
2022.04.18	16:00:00	161443	162027	161278	161642	588364	1808688	1
2022.04.19	08:00:00	161374	161436	160219	160604	1949552	6139250	1
2022.04.19	12:00:00	160597	160735	159580	160061	1379586	4895937	1
2022.04.19	16:00:00	160054	161312	159965	160735	674098	2488047	1
2022.04.20	08:00:00	161346	161367	159395	159793	1976845	6257730	1
2022.04.20	12:00:00	159800	159814	159037	159230	1516957	5174709	1
2022.04.20	16:00:00	159223	159683	159099	159099	491665	1766536	1
2022.04.22	08:00:00	157368	157560	155938	156014	2036981	5966138	1
2022.04.22	12:00:00	156014	156364	154557	154777	1667389	5500127	1
2022.04.22	16:00:00	154777	155155	154261	155155	808032	2598553	1
2022.04.25	08:00:00	153018	153643	152440	152454	2385913	6921580	1
2022.04.25	12:00:00	152454	155100	152317	154681	2220369	7605173	1
2022.04.25	16:00:00	154687	155114	154234	154481	669350	2361962	1
2022.04.26	08:00:00	154048	154069	151602	151836	2195218	6718193	1
2022.04.26	12:00:00	151829	152097	151059	151320	1570312	5409036	1
2022.04.26	16:00:00	151327	151478	150097	150131	753384	2645834	1
2022.04.27	08:00:00	151877	153526	151719	152605	2646044	7921209	1
2022.04.27	12:00:00	152612	153354	151842	152427	2144512	6849913	1
2022.04.27	16:00:00	152427	152667	151973	152598	763604	2312113	1
2022.04.28	08:00:00	154076	154213	151629	152035	2193737	6386656	1
2022.04.28	12:00:00	152035	154131	151911	153945	1807333	6114533	1
2022.04.28	16:00:00	153952	154303	152427	152427	784965	2594040	1
2022.04.29	08:00:00	152337	155856	152200	154839	2343584	7272623	1
2022.04.29	12:00:00	154839	155258	151946	152310	1862092	6875788	1
2022.04.29	16:00:00	152296	152413	149018	149808	1056698	3590500	1
2022.05.02	08:00:00	149424	150496	147547	147829	2635932	7458987	1
2022.05.02	12:00:00	147829	147870	146352	146613	2240585	7191785	1
2022.05.02	16:00:00	146613	148571	146530	148571	986156	3085597	1
2022.05.03	08:00:00	148365	149149	147980	148640	2609808	7500535	1
2022.05.03	12:00:00	148647	149032	147493	148221	2202864	6741156	1
2022.05.03	16:00:00	148221	148537	147541	148187	792518	2396851	1
2022.05.04	08:00:00	148406	148571	145843	146283	2054469	6282250	1
2022.05.04	12:00:00	146283	149595	146022	148846	2747187	8734377	1
2022.05.04	16:00:00	148839	151217	148516	151073	1094731	3364781	1
2022.05.05	08:00:00	149891	150159	144462	145864	2517691	8015720	1
2022.05.05	12:00:00	145871	146475	144400	145671	2875129	8716861	1
2022.05.05	16:00:00	145665	146922	145170	146833	973353	3078151	1
2022.05.06	08:00:00	145891	147747	144400	146908	3365425	8797212	1
2022.05.06	12:00:00	146908	147788	145431	145836	2609256	7729154	1
2022.05.06	16:00:00	145830	146661	145541	146139	812999	2356867	1
2022.05.09	08:00:00	144022	144565	142936	143005	2682881	7445396	1
2022.05.09	12:00:00	143012	145204	142833	143885	2583413	8047313	1
2022.05.09	16:00:00	143885	144270	143184	143837	835422	2628033	1
2022.05.10	08:00:00	144565	144709	142895	143170	2724309	7732081	1
2022.05.10	12:00:00	143163	143713	142112	143411	2810201	8382574	1
2022.05.10	16:00:00	143411	143850	142847	143431	796178	2387171	1
2022.05.11	08:00:00	144689	146152	143040	145720	3272321	9148351	1
2022.05.11	12:00:00	145720	146262	144276	145252	2539124	7968004	1
2022.05.11	16:00:00	145245	145321	144469	145142	719108	2350374	1
2022.05.12	08:00:00	143569	146022	143259	145891	3069241	8621774	1
2022.05.12	12:00:00	145891	146530	145156	145170	2240665	6718417	1
2022.05.12	16:00:00	145170	147094	145080	146991	996224	3120571	1
2022.05.13	08:00:00	148523	149451	147197	149101	2202968	6357967	1
2022.05.13	12:00:00	149101	149547	148303	148846	1795386	5824581	1
2022.05.13	16:00:00	148846	148997	148104	148104	607086	2023023	1
2022.05.16	08:00:00	147850	149692	147850	149465	2684922	7407562	1
2022.05.16	12:00:00	149465	150908	149341	150578	1878839	6124711	1
2022.05.16	16:00:00	150571	150681	149836	150221	644196	2202074	1
2022.05.17	08:00:00	151609	152269	150585	150729	2484359	7255516	1
2022.05.17	12:00:00	150729	151238	150118	150722	2072566	6622314	1
2022.05.17	16:00:00	150715	151251	150606	151251	555538	1807673	1
2022.05.18	08:00:00	150166	150983	148929	149176	2209922	6362590	1
2022.05.18	12:00:00	149176	149190	146812	146860	2068914	7068828	1
2022.05.18	16:00:00	146853	147444	146750	147011	744597	2634741	1
2022.05.19	08:00:00	146482	148269	146372	147596	2822364	8021335	1
2022.05.19	12:00:00	147589	148668	147355	148372	2180719	6974298	1
2022.05.19	16:00:00	148372	148805	147919	148242	639099	2209420	1
2022.05.20	08:00:00	149327	150674	149046	149678	2435805	6854364	1
2022.05.20	12:00:00	149678	149863	148626	149650	2281927	7052285	1
2022.05.20	16:00:00	149650	150750	149286	150372	773397	2464753	1
2022.05.23	08:00:00	151251	152488	150963	152475	2458601	7057791	1
2022.05.23	12:00:00	152468	153265	152365	153004	1652683	5479653	1
2022.05.23	16:00:00	152997	153231	152818	153176	557310	1961080	1
2022.05.24	08:00:00	151458	151911	149980	150358	2647332	7801349	1
2022.05.24	12:00:00	150365	152062	150097	151183	2259337	7336284	1
2022.05.24	16:00:00	151190	153286	151162	153059	832091	2747563	1
2022.05.25	08:00:00	152303	152866	151561	152695	2244989	6308698	1
2022.05.25	12:00:00	152688	153203	151932	153052	1911713	5773608	1
2022.05.25	16:00:00	153052	153581	152413	152413	592149	1856291	1
2022.05.26	08:00:00	153244	154571	152482	154447	1950597	5636180	1
2022.05.26	12:00:00	154440	154962	154303	154873	1236653	4311686	1
2022.05.26	16:00:00	154873	155017	154495	154811	586674	2097992	1
2022.05.27	08:00:00	154344	155114	153877	154949	2191692	6430235	1
2022.05.27	12:00:00	154949	155416	154392	155086	1303935	4188552	1
2022.05.27	16:00:00	155086	155223	154378	154577	513552	1742816	1
2022.05.30	08:00:00	155601	156241	153024	153231	1741253	5300961	1
2022.05.30	12:00:00	153237	153540	152722	153327	1137708	3706111	1
2022.05.30	16:00:00	153327	153389	152564	152564	381503	1248884	1
2022.05.31	08:00:00	152956	154571	152942	154234	2435945	7070217	1
2022.05.31	12:00:00	154234	154399	153066	153237	2067977	6991986	1
2022.05.31	16:00:00	153237	153691	152750	153657	793647	2647861	1
2022.06.01	08:00:00	154172	154481	152791	154358	2440261	7413848	1
2022.06.01	12:00:00	154358	154536	153292	154138	1877147	5988498	1
2022.06.01	16:00:00	154131	154275	153382	153773	563407	1895685	1
2022.06.02	08:00:00	154206	155347	153279	153794	2325712	7002372	1
2022.06.02	12:00:00	153794	155595	153746	155175	1484473	5077770	1
2022.06.02	16:00:00	155175	155203	154605	155120	582113	2011182	1
2022.06.03	08:00:00	154248	154474	153292	153526	2382577	6955220	1
2022.06.03	12:00:00	153519	153980	152880	153279	1742785	5686538	1
2022.06.03	16:00:00	153279	153588	153086	153588	535767	1808122	1
2022.06.06	08:00:00	154708	154942	152200	152564	2033372	6297693	1
2022.06.06	12:00:00	152571	152695	151533	151863	1715360	5873498	1
2022.06.06	16:00:00	151863	152255	151691	152131	502436	1776284	1
2022.06.07	08:00:00	151444	152159	150660	151973	2635303	7902562	1
2022.06.07	12:00:00	151973	152138	151224	151842	1540408	5215236	1
2022.06.07	16:00:00	151842	151966	151334	151664	496479	1743823	1
2022.06.08	08:00:00	151355	151698	150049	150647	2269576	7036613	1
2022.06.08	12:00:00	150640	151334	148867	149162	1914776	6688065	1
2022.06.08	16:00:00	149169	149671	148729	149616	611324	2183518	1
2022.06.09	08:00:00	150049	150420	147547	148441	2951785	8848474	1
2022.06.09	12:00:00	148441	148984	147987	148434	1854539	6009819	1
2022.06.09	16:00:00	148434	148468	147279	148029	783280	2636017	1
2022.06.10	08:00:00	148228	148475	143878	144819	3160529	8559611	1
2022.06.10	12:00:00	144819	146029	144675	145589	2022314	6566953	1
2022.06.10	16:00:00	145589	145699	144874	144929	698088	2222783	1
2022.06.13	08:00:00	142387	142998	139858	140889	2823240	8210520	1
2022.06.13	12:00:00	140882	142208	140689	141328	2289866	7231935	1
2022.06.13	16:00:00	141322	141631	140263	141287	1018931	3093520	1
2022.06.14	08:00:00	141562	142112	139775	140167	3016610	8796868	1
2022.06.14	12:00:00	140167	141081	139507	139590	2249959	7079687	1
2022.06.14	16:00:00	139590	140504	139212	140284	817282	2692740	1
2022.06.15	08:00:00	141206	142714	140513	141893	2252293	6679434	1
2022.06.15	12:00:00	141900	142923	139934	141799	2779345	8301737	1
2022.06.15	16:00:00	141805	142512	141072	141577	890528	2721581	1
2022.06.17	08:00:00	138789	139207	135079	135833	2983441	8375650	1
2022.06.17	12:00:00	135833	136749	135140	136406	2298389	7226476	1
2022.06.17	16:00:00	136406	137308	136069	136453	777076	2527814	1
2022.06.20	08:00:00	136614	137140	134891	137099	2759740	7590841	1
2022.06.20	12:00:00	137099	137739	136998	137106	1523125	4655654	1
2022.06.20	16:00:00	137106	137234	136729	137012	465135	1558607	1
2022.06.21	08:00:00	138022	138533	137059	137200	2728284	8277499	1
2022.06.21	12:00:00	137207	137793	135793	136601	2163858	7008371	1
2022.06.21	16:00:00	136601	137739	136359	137739	672107	2222651	1
2022.06.22	08:00:00	135127	136655	134346	136399	2992302	8463360	1
2022.06.22	12:00:00	136399	137604	136009	137012	1825878	5981460	1
2022.06.22	16:00:00	137012	137039	135719	135746	685224	2276840	1
2022.06.23	08:00:00	136655	137369	135571	136668	2978568	8666604	1
2022.06.23	12:00:00	136675	136722	134009	134271	2115982	6980668	1
2022.06.23	16:00:00	134271	134750	133578	133578	676352	2339809	1
2022.06.24	08:00:00	134655	136056	134063	135335	2550519	7968350	1
2022.06.24	12:00:00	135335	135557	134500	134844	1720877	5524101	1
2022.06.24	16:00:00	134837	135537	134763	135463	566284	1814189	1
2022.06.27	08:00:00	136136	138345	135564	138325	2794173	8018731	1
2022.06.27	12:00:00	138325	138419	137597	137799	1522877	5070082	1
2022.06.27	16:00:00	137799	138621	137645	138621	662065	2320824	1
2022.06.28	08:00:00	139247	139900	138170	138729	2951915	8709256	1
2022.06.28	12:00:00	138722	138910	136635	137220	2046931	6778640	1
2022.06.28	16:00:00	137214	137739	136965	137496	632768	2053884	1
2022.06.29	08:00:00	137510	138951	136500	136567	3212914	9713704	1
2022.06.29	12:00:00	136574	136702	135551	136184	1914001	6604373	1
2022.06.29	16:00:00	136177	136480	135759	136204	645903	2243917	1
2022.06.30	08:00:00	134756	135106	133410	134339	3317241	8921839	1
2022.06.30	12:00:00	134339	135598	134164	134534	2377902	7552798	1
2022.06.30	16:00:00	134527	135032	133713	133713	865025	2726140	1
2022.07.01	08:00:00	133625	134352	132716	133652	3161857	9103705	1
2022.07.01	12:00:00	133652	135382	133524	135180	1972877	6520471	1
2022.07.01	16:00:00	135187	135638	134945	135611	634634	2268546	1
2022.07.04	08:00:00	134911	135510	133995	135302	2346660	6863448	1
2022.07.04	12:00:00	135308	135638	134851	134904	1208327	3776936	1
2022.07.04	16:00:00	134898	134958	133982	133982	539699	1785028	1
2022.07.05	08:00:00	133484	133538	131949	132346	2958318	8760290	1
2022.07.05	12:00:00	132346	133652	131612	133591	2288305	7549304	1
2022.07.05	16:00:00	133591	134305	133295	133982	777851	2639200	1
2022.07.06	08:00:00	133490	135214	133033	133814	2990410	8626684	1
2022.07.06	12:00:00	133814	134561	132804	134292	2307854	7630157	1
2022.07.06	16:00:00	134292	135248	134070	134595	603656	2179070	1
2022.07.07	08:00:00	135652	137618	135564	137093	2190771	6717312	1
2022.07.07	12:00:00	137093	138392	136998	137887	1286225	4768074	1
2022.07.07	16:00:00	137880	137975	137416	137927	531729	2006336	1
2022.07.08	08:00:00	137416	138446	136621	137503	3071355	8392224	1
2022.07.08	12:00:00	137503	137638	136170	136715	1679967	5518355	1
2022.07.08	16:00:00	136722	136938	136500	136561	490145	1604411	1
2022.07.11	08:00:00	135369	135625	133841	133982	2640662	7768964	1
2022.07.11	12:00:00	133982	134837	133235	133241	1859859	6413429	1
2022.07.11	16:00:00	133248	133834	133235	133558	560141	2114606	1
2022.07.12	08:00:00	132952	133618	132339	133558	2641369	7944550	1
2022.07.12	12:00:00	133551	134426	133241	133955	1728692	6010820	1
2022.07.12	16:00:00	133962	134339	133289	134245	666611	2357284	1
2022.07.13	08:00:00	134258	134628	132440	134440	3205535	9212812	1
2022.07.13	12:00:00	134433	134682	133464	133847	2053614	6772651	1
2022.07.13	16:00:00	133854	133874	132763	132864	556945	2020649	1
2022.07.14	08:00:00	131740	132124	129855	130427	2411052	7602319	1
2022.07.14	12:00:00	130427	131020	130313	130717	1768311	5987582	1
2022.07.14	16:00:00	130723	131114	130380	130414	561585	1998164	1
2022.07.15	08:00:00	130824	131181	129478	131013	2649268	7951869	1
2022.07.15	12:00:00	131013	131928	130912	131477	1299935	4444237	1
2022.07.15	16:00:00	131477	131740	131242	131376	402349	1372222	1
2022.07.18	08:00:00	132837	133666	132191	133578	2068438	5976458	1
2022.07.18	12:00:00	133578	133639	131343	131471	1814596	5857034	1
2022.07.18	16:00:00	131471	132016	131309	131363	676301	2243165	1
2022.07.19	08:00:00	132205	132986	131834	132292	2447434	7461044	1
2022.07.19	12:00:00	132292	133625	132252	133396	1522508	5325826	1
2022.07.19	16:00:00	133403	134036	133134	133800	540986	1878108	1
2022.07.20	08:00:00	133174	133363	132070	133073	2266046	6706037	1
2022.07.20	12:00:00	133073	133639	132629	133066	1850891	6083137	1
2022.07.20	16:00:00	133066	133618	132999	132999	503793	1694504	1
2022.07.21	08:00:00	132790	132891	131686	132622	2401759	7206510	1
2022.07.21	12:00:00	132622	133969	132568	133733	1630025	5674005	1
2022.07.21	16:00:00	133740	134507	133726	134440	500527	1807814	1
2022.07.22	08:00:00	134723	135308	134171	135207	2159741	6467612	1
2022.07.22	12:00:00	135207	135248	133369	133726	1583908	5513270	1
2022.07.22	16:00:00	133726	134595	133672	134595	457852	1773972	1
2022.07.25	08:00:00	135214	136136	135059	135726	2182286	6530398	1
2022.07.25	12:00:00	135726	136359	135571	136029	1333496	4540850	1
2022.07.25	16:00:00	136029	136278	135699	136110	486847	1731636	1
2022.07.26	08:00:00	135941	136594	135531	135860	1966364	6264945	1
2022.07.26	12:00:00	135854	135901	134675	134904	1517725	5558999	1
2022.07.26	16:00:00	134898	135504	134871	135329	488958	1843422	1
2022.07.27	08:00:00	136035	136332	135483	136029	1767501	5396836	1
2022.07.27	12:00:00	136029	137295	135658	137140	1702448	5345936	1
2022.07.27	16:00:00	137146	138089	137005	138089	552282	1961174	1
2022.07.28	08:00:00	137678	138453	136864	137295	2207005	6605906	1
2022.07.28	12:00:00	137295	138991	137281	138944	1417877	5008520	1
2022.07.28	16:00:00	138944	139503	138897	139368	488364	1789728	1
2022.07.29	08:00:00	139759	139819	138917	139563	2207560	6353031	1
2022.07.29	12:00:00	139563	140923	139355	140849	1477668	5062214	1
2022.07.29	16:00:00	140843	140897	139348	139449	653045	2283901	1
2022.08.01	08:00:00	139806	139907	138277	139712	2259253	6927491	1
2022.08.01	12:00:00	139712	139786	137698	138607	1817363	5803631	1
2022.08.01	16:00:00	138614	138681	138069	138459	506935	1770690	1
2022.08.02	08:00:00	137685	139718	137476	139503	2959341	8812578	1
2022.08.02	12:00:00	139503	140250	139112	140055	1961652	6573273	1
2022.08.02	16:00:00	140055	140365	139590	140365	613124	2084545	1
2022.08.03	08:00:00	140311	140540	138998	139287	2269779	6588609	1
2022.08.03	12:00:00	139294	140499	139032	140210	1676217	5597091	1
2022.08.03	16:00:00	140210	140695	140169	140614	468031	1598145	1
2022.08.04	08:00:00	140398	142411	140270	142243	2082983	6355868	1
2022.08.04	12:00:00	142243	143610	142021	143179	1606327	5816220	1
2022.08.04	16:00:00	143186	144377	143125	143953	640277	2352138	1
2022.08.05	08:00:00	143724	144923	142560	144775	2599564	7480479	1
2022.08.05	12:00:00	144781	144815	143266	143596	1669104	5623684	1
2022.08.05	16:00:00	143596	144034	143361	143691	512398	1780896	1
2022.08.08	08:00:00	144418	146101	144290	145886	2204286	6361423	1
2022.08.08	12:00:00	145892	146613	145542	146283	1910281	6121841	1
2022.08.08	16:00:00	146283	147165	146074	147165	660250	2313039	1
2022.08.09	08:00:00	146909	147569	145630	145966	2661542	7804904	1
2022.08.09	12:00:00	145966	146397	145589	146215	1704347	5608281	1
2022.08.09	16:00:00	146222	147448	146121	146889	712561	2426140	1
2022.08.10	08:00:00	146774	149312	146673	148727	2739345	7547051	1
2022.08.10	12:00:00	148720	148969	147959	148330	1535432	4881231	1
2022.08.10	16:00:00	148323	149097	148242	148828	627094	2065072	1
2022.08.11	08:00:00	149198	150497	148962	149043	2513331	7226826	1
2022.08.11	12:00:00	149050	149885	147757	148215	2023806	6516028	1
2022.08.11	16:00:00	148215	148653	147737	148525	702308	2219030	1
2022.08.12	08:00:00	148505	149959	148498	149434	2335227	6437518	1
2022.08.12	12:00:00	149440	151225	149360	151151	1558819	5078988	1
2022.08.12	16:00:00	151157	152039	151144	151770	645094	2176523	1
2022.08.15	08:00:00	150141	151581	149218	151319	2281907	6744543	1
2022.08.15	12:00:00	151319	152605	151245	152315	1549644	5405906	1
2022.08.15	16:00:00	152309	152578	152107	152450	517735	1845540	1
2022.08.16	08:00:00	152228	153083	151743	152006	2722166	7921997	1
2022.08.16	12:00:00	151999	152989	151770	152349	1730236	5724065	1
2022.08.16	16:00:00	152349	153359	152059	153217	629873	2039036	1
2022.08.17	08:00:00	151955	153046	151089	152609	2086344	6107208	1
2022.08.17	12:00:00	152603	153680	152365	153118	1810724	6054230	1
2022.08.17	16:00:00	153112	153264	152675	152675	520855	1830345	1
2022.08.18	08:00:00	153065	153938	152768	153237	2352878	6985620	1
2022.08.18	12:00:00	153244	153277	152418	153032	1517741	5265845	1
2022.08.18	16:00:00	153039	153535	152980	153482	488906	1721394	1
2022.08.19	08:00:00	152001	152385	149952	150217	2256640	6585026	1
2022.08.19	12:00:00	150223	150382	149523	149589	1596897	5681341	1
2022.08.19	16:00:00	149595	149946	149159	149185	548734	2009464	1
2022.08.22	08:00:00	148260	148848	147685	148326	2423129	6980215	1
2022.08.22	12:00:00	148326	149119	148161	148815	1774134	5865807	1
2022.08.22	16:00:00	148815	148934	148234	148577	655889	2174794	1
2022.08.23	08:00:00	149463	151049	148670	150732	1991994	6184354	1
2022.08.23	12:00:00	150726	151387	150455	151314	1509644	5018161	1
2022.08.23	16:00:00	151320	151948	151235	151796	510663	1787722	1
2022.08.24	08:00:00	151730	152913	151069	152642	2389758	7164339	1
2022.08.24	12:00:00	152636	152854	151221	151552	1688438	5970920	1
2022.08.24	16:00:00	151552	152041	151472	151743	540942	1983401	1
2022.08.25	08:00:00	152715	153099	151770	152054	2427284	7168841	1
2022.08.25	12:00:00	152054	152385	151307	152120	1578302	5161806	1
2022.08.25	16:00:00	152127	152464	152081	152239	412558	1508822	1
2022.08.26	08:00:00	151836	153151	151010	151512	2806862	8400391	1
2022.08.26	12:00:00	151512	151545	150144	150726	1680295	5776147	1
2022.08.26	16:00:00	150726	150924	150455	150897	501270	1804451	1
2022.08.29	08:00:00	149939	151393	149556	151082	2048902	6169832	1
2022.08.29	12:00:00	151076	151922	150937	151486	1533022	4972836	1
2022.08.29	16:00:00	151479	151644	150560	150997	637466	2290971	1
2022.08.30	08:00:00	151228	151420	149014	149589	2473033	7689591	1
2022.08.30	12:00:00	149582	149668	147612	148002	1984360	6828200	1
2022.08.30	16:00:00	148002	148458	147645	147645	615488	2164675	1
2022.08.31	08:00:00	147883	149298	147308	148584	3102583	8784100	1
2022.08.31	12:00:00	148584	149020	147202	147758	2034942	6319439	1
2022.08.31	16:00:00	147764	147897	146766	147665	824214	2734176	1
2022.09.01	08:00:00	147070	147407	145153	145213	3089095	8806944	1
2022.09.01	12:00:00	145220	147513	144915	147335	2189540	7383232	1
2022.09.01	16:00:00	147341	148227	147249	147910	641614	2197985	1
2022.09.02	08:00:00	147652	150448	147315	150243	2828583	7811290	1
2022.09.02	12:00:00	150243	150355	148240	148815	2104038	6710053	1
2022.09.02	16:00:00	148809	149185	147969	148524	676469	2246536	1
2022.09.05	08:00:00	148346	150772	148293	150263	1959882	5526369	1
2022.09.05	12:00:00	150256	150296	149443	150018	1388853	4290613	1
2022.09.05	16:00:00	150018	150375	149965	150150	426750	1215354	1
2022.09.06	08:00:00	149846	149879	146290	147077	2942891	8670682	1
2022.09.06	12:00:00	147070	147262	146185	146416	2193489	7127991	1
2022.09.06	16:00:00	146416	146945	146218	146218	688218	2319216	1
2022.09.08	08:00:00	147725	148134	146634	147044	3517954	9570655	1
2022.09.08	12:00:00	147050	147440	145114	146674	2685611	8612218	1
2022.09.08	16:00:00	146674	147176	146449	146753	677116	2265196	1
2022.09.09	08:00:00	148194	150038	148042	149919	2553794	7141175	1
2022.09.09	12:00:00	149919	150408	149774	150098	1521580	4714745	1
2022.09.09	16:00:00	150091	150210	149813	150111	479746	1530086	1
2022.09.12	08:00:00	151010	152550	150540	151710	2253896	6535118	1
2022.09.12	12:00:00	151717	152028	151281	151869	1791896	5661870	1
2022.09.12	16:00:00	151869	151882	151459	151499	432118	1418353	1
2022.09.13	08:00:00	152226	152510	148842	149377	3207428	9071965	1
2022.09.13	12:00:00	149384	149589	147850	148062	1957503	6361691	1
2022.09.13	16:00:00	148062	148207	147454	147758	593642	2043548	1
2022.09.14	08:00:00	147559	148789	146839	148194	3131518	8813745	1
2022.09.14	12:00:00	148187	148234	147103	147394	2052331	6689079	1
2022.09.14	16:00:00	147394	147949	146965	147877	634435	2165901	1
2022.09.15	08:00:00	147348	148260	145986	146026	3065994	8918226	1
2022.09.15	12:00:00	146033	147077	145986	146647	1966370	6367943	1
2022.09.15	16:00:00	146654	146826	146145	146224	661693	2321338	1
2022.09.16	08:00:00	145563	145966	144651	145246	2679684	7561905	1
2022.09.16	12:00:00	145246	145702	144684	145524	2116818	7012681	1
2022.09.16	16:00:00	145530	146026	145081	145947	702732	2367640	1
2022.09.19	08:00:00	144314	147031	144069	146918	2514572	7502662	1
2022.09.19	12:00:00	146918	148716	146885	148439	1943812	6690422	1
2022.09.19	16:00:00	148445	150045	148439	149992	763777	2827117	1
2022.09.20	08:00:00	149252	149959	148280	149192	3080226	8575310	1
2022.09.20	12:00:00	149192	149939	148723	149252	1904717	6118701	1
2022.09.20	16:00:00	149252	150269	149119	149926	672948	2268450	1
2022.09.21	08:00:00	150177	150600	148657	148743	2517991	7255545	1
2022.09.21	12:00:00	148743	150944	148108	150336	2930710	8554066	1
2022.09.21	16:00:00	150336	150435	148736	148855	905650	2839819	1
2022.09.22	08:00:00	150018	151281	149053	149271	2892578	8222374	1
2022.09.22	12:00:00	149271	151082	148743	151030	2258543	7151256	1
2022.09.22	16:00:00	151023	152305	151023	151591	718150	2403749	1
2022.09.23	08:00:00	149648	149873	147414	147639	2762346	7618946	1
2022.09.23	12:00:00	147632	148551	147163	147236	2228006	7254965	1
2022.09.23	16:00:00	147229	148842	147216	148379	984744	3200865	1
2022.09.26	08:00:00	147434	147817	146284	146575	3159011	8698332	1
2022.09.26	12:00:00	146575	146687	145101	145543	2456471	8029465	1
2022.09.26	16:00:00	145543	145748	144195	144268	1039296	3482449	1
2022.09.27	08:00:00	145881	147513	144849	145715	3192370	8958824	1
2022.09.27	12:00:00	145709	145808	143607	144777	2456642	7837203	1
2022.09.27	16:00:00	144777	144783	143646	144274	827319	2723395	1
2022.09.28	08:00:00	142952	144578	142814	144175	3164351	9014102	1
2022.09.28	12:00:00	144175	144658	143395	144089	2149606	6855604	1
2022.09.28	16:00:00	144096	144750	143660	143660	703908	2408687	1
2022.09.29	08:00:00	143197	143627	140831	142311	2816568	8130444	1
2022.09.29	12:00:00	142311	142999	141221	142000	2172952	6604957	1
2022.09.29	16:00:00	142007	143541	141987	142926	801788	2593790	1
2022.09.30	08:00:00	143435	144929	142113	144763	2620708	7904233	1
2022.09.30	12:00:00	144770	146647	144618	145781	2136715	7368964	1
2022.09.30	16:00:00	145781	146687	145702	146608	780845	2550150	1
2022.10.03	08:00:00	151175	153138	150184	153013	2837544	7961544	1
2022.10.03	12:00:00	153006	154136	152299	153978	2056339	6489322	1
2022.10.03	16:00:00	153984	154844	153707	154632	662214	2246814	1
2022.10.04	08:00:00	156073	157104	154718	155167	2942171	8710998	1
2022.10.04	12:00:00	155167	155267	153588	154288	2265036	7186322	1
2022.10.04	16:00:00	154288	154553	153482	154553	742480	2361456	1
2022.10.05	08:00:00	153455	155286	153184	154374	2978584	8218781	1
2022.10.05	12:00:00	154368	155822	154209	155590	1891227	6087402	1
2022.10.05	16:00:00	155590	155908	155115	155729	577416	1999978	1
2022.10.06	08:00:00	155081	156919	154896	156126	2595803	7854816	1
2022.10.06	12:00:00	156126	156437	155346	155511	1756329	5987444	1
2022.10.06	16:00:00	155511	156013	154956	155068	619418	2269325	1
2022.10.07	08:00:00	155399	156245	154652	155485	2688202	7684914	1
2022.10.07	12:00:00	155485	155776	153819	154368	1719698	5910235	1
2022.10.07	16:00:00	154361	155002	153416	155002	656689	2218865	1
2022.10.10	08:00:00	154619	155200	153079	153363	2365872	6702047	1
2022.10.10	12:00:00	153363	153627	152523	152735	1751112	5919273	1
2022.10.10	16:00:00	152735	153707	152715	153482	669087	2375227	1
2022.10.11	08:00:00	152570	153363	151770	152312	2608863	7888902	1
2022.10.11	12:00:00	152305	153317	151777	151856	2015266	6865786	1
2022.10.11	16:00:00	151849	152008	151122	151565	728031	2460021	1
2022.10.13	08:00:00	152734	153423	149174	150142	2320580	6895687	1
2022.10.13	12:00:00	150149	152929	149999	152241	1873539	6793198	1
2022.10.13	16:00:00	152234	152293	150532	150759	628210	2351887	1
2022.10.14	08:00:00	151403	151929	149908	150532	2852143	8905009	1
2022.10.14	12:00:00	150532	150935	149012	149122	2079780	6960744	1
2022.10.14	16:00:00	149122	149402	147700	147901	804562	2641509	1
2022.10.17	08:00:00	149421	150448	148674	150376	2258126	7044384	1
2022.10.17	12:00:00	150383	151390	150363	151039	1590148	5520073	1
2022.10.17	16:00:00	151039	151227	150292	150604	563016	2069917	1
2022.10.18	08:00:00	151948	152962	151370	151929	2259770	7453123	1
2022.10.18	12:00:00	151929	152345	150987	152137	2041091	7152339	1
2022.10.18	16:00:00	152137	153657	151864	153514	796775	2866747	1
2022.10.19	08:00:00	152669	153787	152202	153105	2481473	8171758	1
2022.10.19	12:00:00	153105	153540	152819	153144	1779587	6454967	1
2022.10.19	16:00:00	153144	154053	153040	153650	736902	2667308	1
2022.10.20	08:00:00	154437	155502	154307	155158	2295978	7475141	1
2022.10.20	12:00:00	155158	155158	153923	154690	1833329	6560855	1
2022.10.20	16:00:00	154690	155086	154398	154553	617818	2372462	1
2022.10.21	08:00:00	153819	156470	153683	156093	2622902	8631016	1
2022.10.21	12:00:00	156093	158224	155729	158049	1899171	6660707	1
2022.10.21	16:00:00	158055	159588	157984	158997	776819	2951243	1
2022.10.24	08:00:00	158289	158302	154449	155093	2737091	8143711	1
2022.10.24	12:00:00	155093	155216	152884	152981	2149017	7943014	1
2022.10.24	16:00:00	152981	153683	152936	153384	646472	2293166	1
2022.10.25	08:00:00	153345	154196	151331	152643	2548554	7631118	1
2022.10.25	12:00:00	152643	153423	151695	151734	1661781	5605775	1
2022.10.25	16:00:00	151734	151987	150772	150915	630084	2268623	1
2022.10.26	08:00:00	151234	151799	148953	149486	2689139	7742347	1
2022.10.26	12:00:00	149486	150948	148804	148921	2041068	6571691	1
2022.10.26	16:00:00	148914	149746	148375	149746	697431	2394471	1
2022.10.27	08:00:00	149291	150766	148512	149713	3257612	9062471	1
2022.10.27	12:00:00	149707	151273	149681	150701	1983098	6712388	1
2022.10.27	16:00:00	150701	153598	148934	150220	1317824	4165883	1
2022.10.28	08:00:00	148726	151084	148661	150019	2850186	7904547	1
2022.10.28	12:00:00	150025	151279	149824	150630	1808037	6104355	1
2022.10.28	16:00:00	150630	152150	150207	152078	905758	3001220	1
2022.10.31	08:00:00	146823	153904	146173	152403	3189385	9142272	1
2022.10.31	12:00:00	152397	152468	149486	151682	2558602	8115802	1
2022.10.31	16:00:00	151682	153313	151494	152591	985706	3114709	1
2022.11.01	08:00:00	153456	154963	152013	153423	3275835	8246112	1
2022.11.01	12:00:00	153423	155372	153020	154989	2290069	6749178	1
2022.11.01	16:00:00	154995	155814	152000	152552	1292680	3263081	1
2022.11.03	08:00:00	150545	153365	150058	153261	2692397	7121349	1
2022.11.03	12:00:00	153267	154540	152929	154346	1740363	5369024	1
2022.11.03	16:00:00	154339	154579	153683	153923	670272	2091990	1
2022.11.04	08:00:00	156067	157925	155294	157568	3059801	7930288	1
2022.11.04	12:00:00	157568	158003	155729	156230	2244232	6951321	1
2022.11.04	16:00:00	156230	156230	154488	154969	892618	2725412	1
2022.11.07	08:00:00	155976	156282	152215	152611	2759131	7453009	1
2022.11.07	12:00:00	152604	153228	151838	152358	2042800	6093203	1
2022.11.07	16:00:00	152351	152578	151201	151604	857583	2662234	1
2022.11.08	08:00:00	151682	152611	149707	151682	2713140	7484288	1
2022.11.08	12:00:00	151682	154086	151526	152949	2196491	7001750	1
2022.11.08	16:00:00	152942	153261	151565	153131	1191036	3666509	1
2022.11.09	08:00:00	151890	152312	150740	151877	2572174	6735296	1
2022.11.09	12:00:00	151877	152572	149597	149850	2140460	6525828	1
2022.11.09	16:00:00	149843	150025	148453	149233	993359	3341360	1
2022.11.10	08:00:00	148323	148323	143776	144887	3282169	7755805	1
2022.11.10	12:00:00	144880	145842	142658	143016	2468115	6512180	1
2022.11.10	16:00:00	143029	144354	142314	144302	1133330	3237716	1
2022.11.11	08:00:00	145504	146244	143152	145302	3096725	7518142	1
2022.11.11	12:00:00	145296	148466	144964	147914	2532125	7121900	1
2022.11.11	16:00:00	147914	148200	146647	147648	889214	2610320	1
2022.11.14	08:00:00	147024	149415	146511	147095	2853072	7064921	1
2022.11.14	12:00:00	147095	148791	146952	148414	2063494	6096638	1
2022.11.14	16:00:00	148414	150019	148070	148408	1160801	3466742	1
2022.11.16	08:00:00	147674	148538	145809	146147	3090925	7935617	1
2022.11.16	12:00:00	146147	146290	143366	143509	2463370	7271517	1
2022.11.16	16:00:00	143503	144640	143503	143574	984724	3358704	1
2022.11.17	08:00:00	141827	142398	140462	141632	3018823	7372331	1
2022.11.17	12:00:00	141632	142665	140560	141151	2511757	7400442	1
2022.11.17	16:00:00	141158	143717	141021	142860	1208380	3556407	1
2022.11.18	08:00:00	144757	146153	143061	143730	2891886	7531802	1
2022.11.18	12:00:00	143724	144256	141976	142314	2380514	6813133	1
2022.11.18	16:00:00	142314	143074	142054	142392	820193	2535524	1
2022.11.21	08:00:00	142379	144367	142340	142535	2673425	7005712	1
2022.11.21	12:00:00	142528	144191	141255	143334	2449875	7315370	1
2022.11.21	16:00:00	143334	144094	142749	144068	898650	2768040	1
2022.11.22	08:00:00	143574	144776	142541	143262	2867661	7358541	1
2022.11.22	12:00:00	143256	143737	141801	142788	2245648	6892177	1
2022.11.22	16:00:00	142788	142814	141054	142366	1140034	3458942	1
2022.11.23	08:00:00	142879	143152	141196	141963	2493026	6942189	1
2022.11.23	12:00:00	141970	142951	141028	141313	2310930	7314217	1
2022.11.23	16:00:00	141320	142541	141145	141781	1081915	3634473	1
2022.11.24	08:00:00	143418	146504	142996	146270	2509710	6888987	1
2022.11.24	12:00:00	146264	147375	145393	146413	1782247	5626815	1
2022.11.24	16:00:00	146407	146771	146179	146771	347968	894273	1
2022.11.25	08:00:00	145887	146868	144133	144328	2392963	6642107	1
2022.11.25	12:00:00	144334	145036	141768	142009	2134033	6792563	1
2022.11.25	16:00:00	142009	142749	141840	142041	502597	1569312	1
2022.11.28	08:00:00	141041	142847	140216	142574	2607016	7012380	1
2022.11.28	12:00:00	142574	143022	142041	142145	1515103	4906972	1
2022.11.28	16:00:00	142151	142483	141905	142106	641567	2287329	1
2022.11.29	08:00:00	143119	145322	142606	145107	2414525	6687710	1
2022.11.29	12:00:00	145114	146608	144887	146049	1806290	5867992	1
2022.11.29	16:00:00	146043	146043	144646	145029	880596	3069815	1
2022.11.30	08:00:00	145523	146303	144640	146134	2532832	6873816	1
2022.11.30	12:00:00	146140	146400	143704	145257	2618040	7782572	1
2022.11.30	16:00:00	145250	146887	144964	146887	1157177	3452104	1
2022.12.01	08:00:00	146173	146420	144977	145965	2397070	6409417	1
2022.12.01	12:00:00	145958	146062	144100	144990	2218424	6851243	1
2022.12.01	16:00:00	144984	145172	144536	144971	734077	2385938	1
2022.12.02	08:00:00	144874	148382	143217	148219	2815831	7653743	1
2022.12.02	12:00:00	148226	148226	146069	146166	1928686	6336891	1
2022.12.02	16:00:00	146166	146439	145764	145829	513137	1646970	1
2022.12.05	08:00:00	146582	146615	143659	143717	2577752	7046038	1
2022.12.05	12:00:00	143724	144321	143113	143243	1841809	5813055	1
2022.12.05	16:00:00	143243	143301	142249	142249	654727	2214971	1
2022.12.06	08:00:00	142626	144126	142502	143763	2635810	7364715	1
2022.12.06	12:00:00	143769	144055	142151	142769	2157217	6776100	1
2022.12.06	16:00:00	142769	144042	142288	143789	883893	2885237	1
2022.12.07	08:00:00	142626	143496	141931	143016	2609261	7362295	1
2022.12.07	12:00:00	143022	143366	141313	142074	2374877	7637708	1
2022.12.07	16:00:00	142074	142593	141794	142457	863712	2863160	1
2022.12.08	08:00:00	142197	142593	140865	141931	2428144	6843844	1
2022.12.08	12:00:00	141924	142009	139358	139943	2186492	7112084	1
2022.12.08	16:00:00	139943	140326	139001	139248	853894	2974103	1
2022.12.09	08:00:00	140170	140891	139202	140469	2334454	6566576	1
2022.12.09	12:00:00	140469	141248	140073	140586	1381561	4072115	1
2022.12.09	16:00:00	140592	140605	139618	140040	597029	1932190	1
2022.12.12	08:00:00	140190	140190	134823	135473	2730746	7933059	1
2022.12.12	12:00:00	135473	136571	135051	136032	1785188	6104977	1
2022.12.12	16:00:00	136032	137662	135817	136123	910275	3025824	1
2022.12.13	08:00:00	136402	139027	136181	137539	2808827	7218614	1
2022.12.13	12:00:00	137532	138234	136142	136480	2150730	6626591	1
2022.12.13	16:00:00	136486	136850	133953	134628	1328071	3850233	1
2022.12.14	08:00:00	133618	134038	132049	132131	2430914	6581284	1
2022.12.14	12:00:00	132131	134412	131705	134057	2392461	7366663	1
2022.12.14	16:00:00	134050	135378	133339	134279	1667062	4256860	1
2022.12.15	08:00:00	133478	136783	133059	135963	2475898	6635546	1
2022.12.15	12:00:00	135969	136262	133980	134908	2232361	7034681	1
2022.12.15	16:00:00	134908	135340	133910	134520	863792	2750973	1
2022.12.16	08:00:00	133593	134724	132805	133694	2411597	6554502	1
2022.12.16	12:00:00	133701	133726	132309	132614	1948556	5846241	1
2022.12.16	16:00:00	132614	133542	132474	133072	805020	2550130	1
2022.12.19	08:00:00	133440	134609	132417	133879	2392953	6574575	1
2022.12.19	12:00:00	133879	136039	133853	135607	2050848	6179824	1
2022.12.19	16:00:00	135613	135810	134660	135709	850126	2707179	1
2022.12.20	08:00:00	135607	139184	134914	138860	2908641	8419549	1
2022.12.20	12:00:00	138860	139521	137895	138714	2190692	7057803	1
2022.12.20	16:00:00	138708	138962	137958	138943	828857	2705198	1
2022.12.21	08:00:00	139426	139553	136948	138104	2966279	7914507	1
2022.12.21	12:00:00	138111	139242	137837	138797	2155234	6593943	1
2022.12.21	16:00:00	138803	139089	138435	138968	725290	2359901	1
2022.12.22	08:00:00	138524	140074	138276	138619	2648853	7008153	1
2022.12.22	12:00:00	138613	139343	137494	137653	2094861	6179924	1
2022.12.22	16:00:00	137647	139337	137628	139019	890266	2677122	1
2022.12.23	08:00:00	139235	141637	138886	141180	2611828	6592297	1
2022.12.23	12:00:00	141180	142114	140875	141351	1528189	4621993	1
2022.12.23	16:00:00	141358	141885	140957	141612	650002	2143939	1
2022.12.26	08:00:00	141370	142050	139718	140385	1984230	4791933	1
2022.12.26	12:00:00	140385	140919	139845	140296	1181474	2938084	1
2022.12.26	16:00:00	140296	140805	140182	140455	473005	1262254	1
2022.12.27	08:00:00	141288	141536	138454	139184	2207928	6033779	1
2022.12.27	12:00:00	139184	140697	138975	139623	1787816	5712033	1
2022.12.27	16:00:00	139629	140303	139223	139909	639937	2141213	1
2022.12.28	08:00:00	140277	142317	140049	141701	2354007	6398394	1
2022.12.28	12:00:00	141701	142540	140951	142114	1916148	5818519	1
2022.12.28	16:00:00	142114	142705	142050	142635	653705	2025807	1
2022.12.29	08:00:00	142438	143416	142031	142330	2334158	5903233	1
2022.12.29	12:00:00	142330	142660	141110	141650	1933305	5397316	1
2022.12.29	16:00:00	141644	141930	140913	141110	618049	1811770	1
2023.01.02	08:00:00	140303	140538	136319	136960	1847940	4672190	1
2023.01.02	12:00:00	136960	137539	136389	136687	1256532	3390770	1
2023.01.02	16:00:00	136681	137151	136490	136490	589307	1681766	1
2023.01.03	08:00:00	137189	137310	135321	136370	3000536	8119438	1
2023.01.03	12:00:00	136370	136649	135073	135512	2073278	6442708	1
2023.01.03	16:00:00	135505	135575	133402	133440	991385	3414217	1
2023.01.04	08:00:00	134139	135092	133777	134374	2636189	7092982	1
2023.01.04	12:00:00	134368	136071	133631	135785	2464303	7553759	1
2023.01.04	16:00:00	135779	135944	134870	135817	999134	3192117	1
2023.01.05	08:00:00	136338	137018	135537	136713	2368747	6755422	1
2023.01.05	12:00:00	136719	138702	136268	138282	1905225	6319730	1
2023.01.05	16:00:00	138282	138867	138212	138778	559806	2043093	1
2023.01.06	08:00:00	138587	140830	138327	138968	2470658	6862599	1
2023.01.06	12:00:00	138968	140220	138682	139674	1738428	5446654	1
2023.01.06	16:00:00	139680	140621	139369	140557	589625	2132694	1
2023.01.09	08:00:00	138949	140449	138269	139629	2390433	6630103	1
2023.01.09	12:00:00	139623	141440	139286	140957	2141732	6608111	1
2023.01.09	16:00:00	140957	141103	139706	140061	815152	2552460	1
2023.01.10	08:00:00	139477	140989	139000	140576	2506130	7144655	1
2023.01.10	12:00:00	140582	142527	140023	142457	1934860	6225220	1
2023.01.10	16:00:00	142463	142965	142196	142196	748472	2729022	1
2023.01.11	08:00:00	142273	143658	142025	143099	2595758	7685407	1
2023.01.11	12:00:00	143092	143486	142374	143054	1685093	5358131	1
2023.01.11	16:00:00	143061	145119	142934	144865	839009	2865523	1
2023.01.12	08:00:00	143861	144420	142260	142501	2928794	7721335	1
2023.01.12	12:00:00	142501	144967	141949	144484	2227481	6599513	1
2023.01.12	16:00:00	144484	144598	143150	143594	1015560	3171463	1
2023.01.13	08:00:00	143137	143474	141580	142540	2438479	6976870	1
2023.01.13	12:00:00	142540	142800	141974	142457	1603705	5069708	1
2023.01.13	16:00:00	142457	142692	141987	142324	651457	2136827	1
2023.01.16	08:00:00	141192	141879	139763	140385	2239200	6316731	1
2023.01.16	12:00:00	140385	140538	139420	139699	1469220	4354937	1
2023.01.16	16:00:00	139699	140036	139572	139737	501493	1560605	1
2023.01.17	08:00:00	139794	142133	139718	141942	2360076	6762522	1
2023.01.17	12:00:00	141936	142825	141764	142146	1422475	4645105	1
2023.01.17	16:00:00	142146	143175	142031	142997	713494	2475349	1
2023.01.18	08:00:00	143505	145030	143391	144459	2542367	7179699	1
2023.01.18	12:00:00	144465	145310	143734	144452	2315020	7328790	1
2023.01.18	16:00:00	144452	144656	143385	143607	710901	2305413	1
2023.01.19	08:00:00	142018	144300	141707	143493	2383287	6636544	1
2023.01.19	12:00:00	143499	144548	142832	144414	2030619	6091558	1
2023.01.19	16:00:00	144408	145094	144103	144262	774692	2432593	1
2023.01.20	08:00:00	144725	144891	143029	143544	2396124	6751698	1
2023.01.20	12:00:00	143550	144077	143150	143582	1704110	5560410	1
2023.01.20	16:00:00	143575	143842	143340	143683	573032	1897569	1
2023.01.23	08:00:00	143861	144725	143118	144007	2563539	6969413	1
2023.01.23	12:00:00	144007	144579	143474	143772	1862453	5806007	1
2023.01.23	16:00:00	143772	143874	142686	142794	871981	2864729	1
2023.01.24	08:00:00	142419	144376	142171	143258	2304352	6890592	1
2023.01.24	12:00:00	143258	144077	143143	143645	1512513	4840746	1
2023.01.24	16:00:00	143645	144878	143448	144751	841110	2931998	1
2023.01.25	08:00:00	144211	144961	143188	143505	2331642	6550468	1
2023.01.25	12:00:00	143512	146028	143080	145660	1997459	6201325	1
2023.01.25	16:00:00	145660	146524	145558	146524	684183	2284257	1
2023.01.26	08:00:00	146206	146892	145412	145736	2586633	7260485	1
2023.01.26	12:00:00	145736	146244	145221	145825	1687309	5447132	1
2023.01.26	16:00:00	145825	146308	145685	145685	574292	2039376	1
2023.01.27	08:00:00	145933	146238	143728	144058	2181729	6484447	1
2023.01.27	12:00:00	144065	144338	143131	143836	1522729	4687603	1
2023.01.27	16:00:00	143829	144020	143385	143429	625131	1937001	1
2023.01.30	08:00:00	143111	144401	142845	143245	2395947	6713679	1
2023.01.30	12:00:00	143251	143887	143111	143397	1695324	5278231	1
2023.01.30	16:00:00	143404	143721	142813	143690	670417	2197495	1
2023.01.31	08:00:00	143169	144999	142959	144668	2263030	6463363	1
2023.01.31	12:00:00	144675	144941	144287	144713	1357733	4090435	1
2023.01.31	16:00:00	144719	145215	144687	144853	605065	1915835	1
2023.02.01	08:00:00	144700	145018	142940	143042	2291226	6451253	1
2023.02.01	12:00:00	143048	143073	141262	142069	1853243	5907850	1
2023.02.01	16:00:00	142069	143658	141593	143264	1558253	4684239	1
2023.02.02	08:00:00	142463	144173	141059	142114	2655667	7382830	1
2023.02.02	12:00:00	142114	142222	140894	141415	1936486	6166896	1
2023.02.02	16:00:00	141415	141764	139922	140258	1065579	3429379	1
2023.02.03	08:00:00	139604	141021	139000	140455	2659040	7315906	1
2023.02.03	12:00:00	140443	140773	138740	139102	2051873	6181494	1
2023.02.03	16:00:00	139108	139191	137844	138308	835310	2717767	1
2023.02.06	08:00:00	137698	138320	136992	137386	2593563	7304053	1
2023.02.06	12:00:00	137386	138225	136872	138149	2133496	6621623	1
2023.02.06	16:00:00	138149	138854	137958	138524	913715	3020599	1
2023.02.07	08:00:00	138975	139407	137532	137996	2774195	7706033	1
2023.02.07	12:00:00	137996	138212	136535	137056	2564053	7473956	1
2023.02.07	16:00:00	137049	137812	137030	137380	937520	2706105	1
2023.02.08	08:00:00	137888	139229	137825	138873	2566406	7553267	1
2023.02.08	12:00:00	138873	139839	138079	139585	2249374	6874859	1
2023.02.08	16:00:00	139578	140411	139483	140354	847131	2767023	1
2023.02.09	08:00:00	140868	140900	138168	138212	2511476	7080545	1
2023.02.09	12:00:00	138212	139102	137710	137945	2045234	6415308	1
2023.02.09	16:00:00	137945	138085	137151	137374	987396	3262460	1
2023.02.10	08:00:00	136808	138269	136134	137405	2423898	7162858	1
2023.02.10	12:00:00	137399	137634	136897	137234	1694590	5469648	1
2023.02.10	16:00:00	137234	137888	137138	137323	627908	2164141	1
2023.02.13	08:00:00	137475	138841	136579	138752	2388499	7120128	1
2023.02.13	12:00:00	138752	138968	138206	138486	1442485	4739944	1
2023.02.13	16:00:00	138492	138714	138136	138714	567450	1991537	1
2023.02.14	08:00:00	138968	139470	137831	138873	2696509	7846059	1
2023.02.14	12:00:00	138867	138962	136910	137081	1967615	6494298	1
2023.02.14	16:00:00	137088	137418	136681	136960	772743	2706728	1
2023.02.15	08:00:00	137392	138706	136397	138243	2013989	6278641	1
2023.02.15	12:00:00	138249	140208	138105	139964	1616847	5544029	1
2023.02.15	16:00:00	139970	140270	138969	139476	679731	2558665	1
2023.02.16	08:00:00	139569	139876	137736	138018	2244369	6682517	1
2023.02.16	12:00:00	138018	139632	137736	139407	1907520	6574635	1
2023.02.16	16:00:00	139413	140464	139138	140377	1039167	3944260	1
2023.02.17	08:00:00	139200	139444	138487	138900	2173946	6471172	1
2023.02.17	12:00:00	138906	139688	138806	139100	1767078	5748226	1
2023.02.17	16:00:00	139100	139375	138512	138512	553840	2006245	1
2023.02.22	12:00:00	137499	137536	135484	136066	1629203	5272905	1
2023.02.22	16:00:00	136060	136291	135503	135759	966143	3267740	1
2023.02.23	08:00:00	136529	138099	135959	137855	2110433	6541659	1
2023.02.23	12:00:00	137849	137899	135403	135972	1729455	6239245	1
2023.02.23	16:00:00	135972	136967	135928	136610	641790	2552553	1
2023.02.24	08:00:00	135891	136516	134846	135040	2010350	6465222	1
2023.02.24	12:00:00	135040	135190	133645	133926	1473069	5410544	1
2023.02.24	16:00:00	133926	134502	133845	134502	535892	2052720	1
2023.02.27	08:00:00	135084	135196	133738	134301	2175288	6442031	1
2023.02.27	12:00:00	134301	135077	133463	134646	1984877	6673027	1
2023.02.27	16:00:00	134639	134739	133795	133795	822682	2805071	1
2023.02.28	08:00:00	134014	135471	133738	134014	2362675	6840229	1
2023.02.28	12:00:00	134014	134495	133144	134070	2068482	6720231	1
2023.02.28	16:00:00	134076	134514	132287	132318	883028	3099954	1
2023.03.01	08:00:00	133088	133507	131449	131580	2531243	7826834	1
2023.03.01	12:00:00	131586	131768	130604	131142	2092102	7003852	1
2023.03.01	16:00:00	131142	132618	131073	132387	857102	3061548	1
2023.03.02	08:00:00	132775	132963	131398	131949	2496425	7729764	1
2023.03.02	12:00:00	131949	132381	131467	131962	1813763	6101654	1
2023.03.02	16:00:00	131955	132130	130673	130760	935714	3241046	1
2023.03.03	08:00:00	131161	132199	130829	132130	2221109	7180575	1
2023.03.03	12:00:00	132137	132356	131223	131311	1566603	5594047	1
2023.03.03	16:00:00	131311	131780	131173	131311	626090	2331353	1
2023.03.06	08:00:00	131136	132037	130523	131136	2121205	6547066	1
2023.03.06	12:00:00	131148	133200	130917	132543	1756363	6387657	1
2023.03.06	16:00:00	132550	133006	132462	132612	690228	2497347	1
2023.03.07	08:00:00	132706	133075	131836	132143	2165354	6773412	1
2023.03.07	12:00:00	132143	132174	130904	131179	2004476	6564127	1
2023.03.07	16:00:00	131173	132130	131136	132130	722844	2521124	1
2023.03.08	08:00:00	132312	134364	131918	134183	2238672	6867350	1
2023.03.08	12:00:00	134189	135090	133939	134095	1570419	5645891	1
2023.03.08	16:00:00	134095	135140	134057	135140	652264	2748665	1
2023.03.09	08:00:00	134702	135102	133957	134170	2238272	7037029	1
2023.03.09	12:00:00	134176	134596	133588	134314	1878352	6790959	1
2023.03.09	16:00:00	134314	134908	132450	132518	1083432	3936424	1
2023.03.10	08:00:00	132669	132825	130923	131799	2700409	7950369	1
2023.03.10	12:00:00	131799	132656	130329	130623	2292735	7661827	1
2023.03.10	16:00:00	130616	131173	130548	131073	792483	2900539	1
2023.03.13	08:00:00	130823	131248	129052	131148	3334032	9866495	1
2023.03.13	12:00:00	131154	131292	130272	130554	2444773	7788021	1
2023.03.13	16:00:00	130554	130660	129891	130422	763635	2480026	1
2023.03.14	08:00:00	130948	131567	129822	130516	2752188	8438077	1
2023.03.14	12:00:00	130516	131042	129759	130003	1922382	6373615	1
2023.03.14	16:00:00	129997	130235	129365	130060	696899	2369265	1
2023.03.15	08:00:00	128508	128758	126988	127463	2866414	8383785	1
2023.03.15	12:00:00	127469	130053	127332	129690	2500621	8048393	1
2023.03.15	16:00:00	129690	129997	129159	129697	671516	2199874	1
2023.03.16	08:00:00	129622	130510	129159	130035	2599236	7597263	1
2023.03.16	12:00:00	130035	131104	129590	130729	1797722	5941518	1
2023.03.16	16:00:00	130723	130873	130341	130610	542094	1896449	1
2023.03.17	08:00:00	130479	130554	128051	128408	1790427	5685489	1
2023.03.17	12:00:00	128402	129246	128220	129015	1464150	5300696	1
2023.03.17	16:00:00	129009	129077	128420	128420	518762	1891657	1
2023.03.20	08:00:00	128583	128983	127294	128151	2274583	7096145	1
2023.03.20	12:00:00	128151	128226	126775	127451	1464846	5376647	1
2023.03.20	16:00:00	127444	127682	127125	127182	488185	1820510	1
2023.03.21	08:00:00	128170	128258	127050	127657	2076408	6569386	1
2023.03.21	12:00:00	127657	127820	127225	127501	1113979	3908957	1
2023.03.21	16:00:00	127501	127638	127169	127432	468490	1796810	1
2023.03.22	08:00:00	127319	127494	126318	127000	1763684	5607852	1
2023.03.22	12:00:00	127006	128445	126443	127538	1922680	6270380	1
2023.03.22	16:00:00	127544	127576	125974	125974	930431	3152378	1
2023.03.23	08:00:00	126074	127357	125211	125624	2198396	6900328	1
2023.03.23	12:00:00	125630	125768	121926	122470	2045721	7036524	1
2023.03.23	16:00:00	122464	123265	122070	122070	808253	2755771	1
2023.03.24	08:00:00	121814	123909	121688	123559	2404991	7561658	1
2023.03.24	12:00:00	123565	124967	123109	124204	1637107	6152820	1
2023.03.24	16:00:00	124204	124767	124185	124554	512271	1935667	1
2023.03.27	08:00:00	125073	125786	124535	125098	2106405	6443655	1
2023.03.27	12:00:00	125098	125786	124767	125505	1424527	4858814	1
2023.03.27	16:00:00	125511	125674	125230	125630	434776	1466324	1
2023.03.28	08:00:00	125255	127307	124842	126938	2071435	6789231	1
2023.03.28	12:00:00	126944	127713	126931	127213	1140439	4185670	1
2023.03.28	16:00:00	127213	127657	126981	127507	406802	1594027	1
2023.03.29	08:00:00	127945	128195	126675	127344	2190021	6784901	1
2023.03.29	12:00:00	127344	127788	125830	126656	1645590	5892185	1
2023.03.29	16:00:00	126656	128477	126506	128114	736262	2770184	1
2023.03.30	08:00:00	129734	130804	128921	129622	2512540	7689116	1
2023.03.30	12:00:00	129622	130135	129259	129722	1365771	4544268	1
2023.03.30	16:00:00	129722	130729	129690	130698	596688	1996268	1
2023.03.31	08:00:00	130135	130979	129353	129403	2339987	7044644	1
2023.03.31	12:00:00	129403	129421	127332	127945	1649143	5897133	1
2023.03.31	16:00:00	127945	128577	127219	127501	712533	2509194	1
2023.04.03	08:00:00	127932	128258	126206	126687	2242441	7054810	1
2023.04.03	12:00:00	126687	127194	126550	126863	1327275	4940937	1
2023.04.03	16:00:00	126856	127538	126794	127357	618032	2288539	1
2023.04.04	08:00:00	127864	129284	127357	128151	2252621	7472288	1
2023.04.04	12:00:00	128145	128358	127532	127964	1468760	5438336	1
2023.04.04	16:00:00	127957	128333	127670	128014	543414	1991361	1
2023.04.05	08:00:00	127826	128076	125198	125542	2662877	8669983	1
2023.04.05	12:00:00	125542	126844	125367	126268	1576881	5881115	1
2023.04.05	16:00:00	126268	126769	126124	126231	558462	2167993	1
2023.04.06	08:00:00	126381	127282	125955	126287	2222484	7026230	1
2023.04.06	12:00:00	126293	126669	125761	126581	1313146	4549558	1
2023.04.06	16:00:00	126581	126794	126231	126794	388536	1469749	1
2023.04.10	08:00:00	126543	128070	126187	127413	2013564	6657237	1
2023.04.10	12:00:00	127413	127964	127351	127463	1170439	4199775	1
2023.04.10	16:00:00	127463	127782	127288	127776	445215	1657546	1
2023.04.11	08:00:00	128258	132293	128183	131693	2635735	8281504	1
2023.04.11	12:00:00	131693	133363	131555	132819	1606409	5746197	1
2023.04.11	16:00:00	132819	133776	132781	133476	758698	2541032	1
2023.04.12	08:00:00	133236	134918	132843	133414	2541319	7460990	1
2023.04.12	12:00:00	133414	135661	133083	134992	1752826	5916564	1
2023.04.12	16:00:00	134986	135066	133482	133721	641174	2252777	1
2023.04.13	08:00:00	133844	134335	132966	133261	2531508	7647134	1
2023.04.13	12:00:00	133267	133752	132880	133347	1358077	4685660	1
2023.04.13	16:00:00	133353	133451	133015	133046	460007	1581039	1
2023.04.14	08:00:00	132923	133660	131100	132524	2592623	7758460	1
2023.04.14	12:00:00	132524	133543	132291	132862	1406420	4885613	1
2023.04.14	16:00:00	132862	133764	132377	133598	580661	2114801	1
2023.04.17	08:00:00	133697	133721	132370	132634	2285939	7238485	1
2023.04.17	12:00:00	132628	132702	132057	132199	1300132	4817553	1
2023.04.17	16:00:00	132192	132862	132168	132530	461856	1753964	1
2023.04.18	08:00:00	133132	134304	131296	132880	2464847	8137515	1
2023.04.18	12:00:00	132874	132923	131990	132475	1334777	5178721	1
2023.04.18	16:00:00	132469	133046	132370	132370	532780	2035719	1
2023.04.19	08:00:00	131302	131572	129847	130639	2366703	7449351	1
2023.04.19	12:00:00	130639	130676	129319	129644	1410099	4938210	1
2023.04.19	16:00:00	129638	130136	129546	129976	517347	1934537	1
2023.04.20	08:00:00	129546	130676	128607	130099	2532732	7990295	1
2023.04.20	12:00:00	130105	130627	129743	130197	1249708	4651935	1
2023.04.20	16:00:00	130203	130424	129976	130332	427269	1546771	1
2023.04.24	08:00:00	129730	130879	128754	129896	2356709	7526444	1
2023.04.24	12:00:00	129896	130222	129571	129620	1192981	4282807	1
2023.04.24	16:00:00	129620	129908	129516	129896	324625	1247910	1
2023.04.25	08:00:00	129393	129534	127919	128140	2350141	7329809	1
2023.04.25	12:00:00	128140	128834	127975	128404	1355073	4869301	1
2023.04.25	16:00:00	128404	129559	128355	129559	496513	1734716	1
2023.04.26	08:00:00	129135	129994	127778	128281	2108011	6854761	1
2023.04.26	12:00:00	128281	128478	127397	127833	1241395	4670244	1
2023.04.26	16:00:00	127833	128024	127532	127975	435137	1492434	1
2023.04.27	08:00:00	128263	128564	126998	127925	2219290	6994830	1
2023.04.27	12:00:00	127919	128245	127244	127729	1370046	4856083	1
2023.04.27	16:00:00	127723	128533	127717	128263	463387	1617835	1
2023.04.28	08:00:00	127950	129737	127551	128791	2267202	7311031	1
2023.04.28	12:00:00	128791	130123	128429	129540	1333395	4815588	1
2023.04.28	16:00:00	129546	130056	129239	129239	441810	1674975	1
2023.05.02	08:00:00	129147	129638	126691	126955	2469592	7707431	1
2023.05.02	12:00:00	126955	127084	126372	126833	1127528	4299261	1
2023.05.02	16:00:00	126839	126992	126354	126354	433251	1736497	1
2023.05.03	08:00:00	126710	127416	126139	126716	2493684	7880463	1
2023.05.03	12:00:00	126710	127379	126372	127090	1613297	5560514	1
2023.05.03	16:00:00	127084	127299	126452	126599	574170	2069401	1
2023.05.04	08:00:00	126661	128687	126169	126329	2591190	8278148	1
2023.05.04	12:00:00	126335	128281	125641	127416	1763484	6572797	1
2023.05.04	16:00:00	127416	128140	126882	128140	538318	2073886	1
2023.05.05	08:00:00	127827	128656	127404	128306	2291189	6991090	1
2023.05.05	12:00:00	128300	130952	128134	130682	1723358	6440384	1
2023.05.05	16:00:00	130682	131321	130467	130872	509907	1898966	1
2023.05.08	08:00:00	131511	132407	130829	132346	2286980	7402007	1
2023.05.08	12:00:00	132346	132659	131339	131885	1655060	6151831	1
2023.05.08	16:00:00	131885	132051	131413	131413	464133	1663981	1
2023.05.09	08:00:00	131143	133027	130860	132763	2131941	7191408	1
2023.05.09	12:00:00	132763	133912	132757	132911	1475228	5635646	1
2023.05.09	16:00:00	132911	133654	132849	133476	479287	1860007	1
2023.05.10	08:00:00	132923	133623	132113	132776	2453480	7834195	1
2023.05.10	12:00:00	132782	133617	132727	133396	1294620	4869195	1
2023.05.10	16:00:00	133396	133844	133341	133703	452531	1739648	1
2023.05.11	08:00:00	133003	133414	131959	132972	2164414	7319280	1
2023.05.11	12:00:00	132978	134986	132800	134188	1651604	6407011	1
2023.05.11	16:00:00	134182	134667	134034	134212	435357	1720483	1
2023.05.12	08:00:00	134212	134925	133150	134654	2163890	7266913	1
2023.05.12	12:00:00	134654	134949	134034	134464	1310894	4816223	1
2023.05.12	16:00:00	134458	134765	134274	134642	388586	1451845	1
2023.05.15	08:00:00	135195	135305	134268	134667	2048889	6475586	1
2023.05.15	12:00:00	134667	135532	134507	135189	1224968	4426119	1
2023.05.15	16:00:00	135195	135373	134900	135225	495914	1875296	1
2023.05.16	08:00:00	134888	136607	134648	135219	2252598	7825809	1
2023.05.16	12:00:00	135225	135594	134851	134925	1289086	5125490	1
2023.05.16	16:00:00	134925	135041	133562	133905	769872	3091091	1
2023.05.17	08:00:00	134335	136048	134028	135170	2409577	7927218	1
2023.05.17	12:00:00	135176	135846	134955	135459	1463515	5458473	1
2023.05.17	16:00:00	135453	136073	135403	135925	534146	2031065	1
2023.05.18	08:00:00	135624	135766	134519	135054	2335431	7893374	1
2023.05.18	12:00:00	135060	136275	135023	136103	1350759	5303682	1
2023.05.18	16:00:00	136103	136631	135919	136472	507141	1977414	1
2023.05.19	08:00:00	136398	137460	135790	137012	2082860	7393830	1
2023.05.19	12:00:00	137006	137681	136681	136938	1504194	5755570	1
2023.05.19	16:00:00	136945	137178	136748	136852	455363	1750613	1
2023.05.22	08:00:00	136607	138203	136300	136816	2359088	7490325	1
2023.05.22	12:00:00	136809	137233	136582	136865	1369412	5244172	1
2023.05.22	16:00:00	136859	136883	136097	136613	532590	1812508	1
2023.05.23	08:00:00	136140	137356	135753	137239	2189416	7238272	1
2023.05.23	12:00:00	137239	137712	135600	135956	1812332	7237069	1
2023.05.23	16:00:00	135950	136441	135833	136417	534883	2044116	1
2023.05.24	08:00:00	135888	136392	134280	135060	2128038	7427724	1
2023.05.24	12:00:00	135054	135563	134040	134483	1442920	5415726	1
2023.05.24	16:00:00	134483	134986	134335	134986	526951	1957775	1
2023.05.25	08:00:00	135434	137380	135318	136582	2627682	8458265	1
2023.05.25	12:00:00	136582	136773	135391	135993	1650645	6196838	1
2023.05.25	16:00:00	135993	136257	135692	135876	474997	1715374	1
2023.05.26	08:00:00	136668	138025	136558	137104	2247892	7497364	1
2023.05.26	12:00:00	137098	137798	135551	136920	1761892	6804447	1
2023.05.26	16:00:00	136926	137331	136662	136938	543532	1977416	1
2023.05.29	08:00:00	137282	137436	135968	136588	1658681	5097960	1
2023.05.29	12:00:00	136588	136791	135870	136398	1285083	4345429	1
2023.05.29	16:00:00	136404	136748	136073	136134	416402	1381989	1
2023.05.30	08:00:00	136515	137503	134304	134446	2477699	8236936	1
2023.05.30	12:00:00	134452	134777	133912	134568	1498120	5392984	1
2023.05.30	16:00:00	134562	134869	134206	134237	504295	1797435	1
2023.05.31	08:00:00	133758	134501	133445	133869	2310962	7611143	1
2023.05.31	12:00:00	133869	134661	133476	134194	1426861	5373754	1
2023.05.31	16:00:00	134194	134366	133531	133605	638985	2362567	1
2023.06.01	08:00:00	134507	135017	133494	134777	2176531	7015517	1
2023.06.01	12:00:00	134783	136398	134470	136183	1683699	6273874	1
2023.06.01	16:00:00	136177	137012	136067	137006	628376	2397211	1
2023.06.02	08:00:00	137380	139339	137288	138836	2149751	6810279	1
2023.06.02	12:00:00	138842	139271	138166	138897	1318801	5071450	1
2023.06.02	16:00:00	138897	139118	138578	139001	517864	1944371	1
2023.06.05	08:00:00	138694	139370	137534	138393	2110577	6975723	1
2023.06.05	12:00:00	138393	138891	138228	138645	1052351	3992174	1
2023.06.05	16:00:00	138645	139198	138578	138793	453380	1697364	1
2023.06.06	08:00:00	138529	140438	138510	140370	2203633	7125019	1
2023.06.06	12:00:00	140370	141408	140211	140917	1624923	6267831	1
2023.06.06	16:00:00	140917	141580	140806	141580	537732	1998114	1
2023.06.07	08:00:00	141948	142771	141654	141881	2246184	7275380	1
2023.06.07	12:00:00	141887	142427	141052	141942	1627934	5990937	1
2023.06.07	16:00:00	141942	142661	141838	142544	460308	1741801	1
2023.06.09	08:00:00	142882	144699	142857	144312	1996228	6801196	1
2023.06.09	12:00:00	144312	144687	143588	143845	1257801	4614888	1
2023.06.09	16:00:00	143839	144109	143624	143845	465623	1647076	1
2023.06.12	08:00:00	144220	144944	143440	144380	2088520	7000218	1
2023.06.12	12:00:00	144380	144822	144017	144263	1293416	4732771	1
2023.06.12	16:00:00	144257	144680	144152	144637	504129	1858170	1
2023.06.13	08:00:00	144834	145159	143735	144453	2177889	6858580	1
2023.06.13	12:00:00	144447	144515	142961	143299	1606917	5837999	1
2023.06.13	16:00:00	143293	143913	143170	143888	454551	1671415	1
2023.06.14	08:00:00	144431	145737	144123	145629	1937534	6138720	1
2023.06.14	12:00:00	145629	146551	144388	145334	2305309	7795896	1
2023.06.14	16:00:00	145334	146659	144888	146153	949269	3280390	1
2023.06.15	08:00:00	145575	147267	145551	146900	2113022	6317254	1
2023.06.15	12:00:00	146894	147159	145990	146936	1667778	5715440	1
2023.06.15	16:00:00	146936	147002	146514	146785	505636	1781394	1
2023.06.16	08:00:00	146779	147038	145466	146629	2100517	6520069	1
2023.06.16	12:00:00	146635	146707	146057	146358	1235162	4368788	1
2023.06.16	16:00:00	146364	146376	145798	145846	535698	1980493	1
2023.06.19	08:00:00	145804	147032	145551	146966	1976668	6171346	1
2023.06.19	12:00:00	146966	147502	146840	147171	1158629	3761565	1
2023.06.19	16:00:00	147171	147544	147081	147538	452078	1416631	1
2023.06.20	08:00:00	147032	147057	145418	145677	2340246	7237909	1
2023.06.20	12:00:00	145677	146882	145659	146683	1562721	5329324	1
2023.06.20	16:00:00	146683	147081	146539	146960	464331	1615289	1
2023.06.21	08:00:00	146900	147316	146406	147002	2381501	7301486	1
2023.06.21	12:00:00	147002	148008	146792	147761	1508592	5179692	1
2023.06.21	16:00:00	147761	147966	147581	147833	498934	1806505	1
2023.06.22	08:00:00	146713	147340	145364	145485	2423868	7190232	1
2023.06.22	12:00:00	145485	145912	144768	145756	1759603	6264621	1
2023.06.22	16:00:00	145762	146370	145545	146370	574634	2027409	1
2023.06.23	08:00:00	145635	146177	144924	145581	2320909	7138143	1
2023.06.23	12:00:00	145575	146472	145436	145756	1636951	5736823	1
2023.06.23	16:00:00	145750	146153	145605	146015	478816	1708952	1
2023.06.26	08:00:00	145707	145942	144437	144617	2224065	6807327	1
2023.06.26	12:00:00	144623	145304	143949	145111	1453394	5114680	1
2023.06.26	16:00:00	145117	145316	144491	144491	492026	1799643	1
2023.06.27	08:00:00	145316	146237	143250	143383	2887696	8707487	1
2023.06.27	12:00:00	143383	143822	142798	143485	1585545	5520556	1
2023.06.27	16:00:00	143485	144220	143479	143870	593655	2117916	1
2023.06.28	08:00:00	144129	144424	143262	143840	2521759	7657228	1
2023.06.28	12:00:00	143846	144491	142925	143328	1707871	5811836	1
2023.06.28	16:00:00	143328	143503	142684	142828	633535	2292426	1
2023.06.29	08:00:00	143485	144292	142594	143943	2241507	6873228	1
2023.06.29	12:00:00	143937	144870	143937	144497	1466590	4949476	1
2023.06.29	16:00:00	144491	145491	144491	145472	694994	2466070	1
2023.06.30	08:00:00	145587	146418	145244	145719	2443619	7265620	1
2023.06.30	12:00:00	145713	145900	144611	145485	1698533	5979396	1
2023.06.30	16:00:00	145485	145491	143888	143949	640486	2270840	1
2023.07.03	08:00:00	144533	146448	144431	146274	2203531	6849337	1
2023.07.03	12:00:00	146268	146647	146081	146334	1303475	4367103	1
2023.07.03	16:00:00	146334	146623	146207	146526	449503	1404008	1
2023.07.04	08:00:00	146286	146466	145412	145689	2108489	6545875	1
2023.07.04	12:00:00	145689	146159	145135	145629	1359477	4485629	1
2023.07.04	16:00:00	145629	145888	145280	145629	423238	1378597	1
2023.07.05	08:00:00	144997	146388	144226	145810	2620712	8128186	1
2023.07.05	12:00:00	145810	146942	145503	146280	1733343	6176852	1
2023.07.05	16:00:00	146274	146502	145942	145960	509684	1879085	1
2023.07.06	08:00:00	145756	145762	143075	143124	2754091	8347313	1
2023.07.06	12:00:00	143124	143870	142925	143635	1622438	5621853	1
2023.07.06	16:00:00	143629	143684	143184	143527	562144	2003629	1
2023.07.07	08:00:00	144051	145695	143587	144906	2623124	7875494	1
2023.07.07	12:00:00	144906	146015	144858	145786	1313844	4562905	1
2023.07.07	16:00:00	145780	145846	144696	144696	583008	2152143	1
2023.07.10	08:00:00	144467	144882	144021	144551	2258345	6992107	1
2023.07.10	12:00:00	144557	144912	143762	144087	1528467	5354171	1
2023.07.10	16:00:00	144087	144159	143364	143473	551787	1964366	1
2023.07.11	08:00:00	144214	144310	140973	141889	2607501	8182613	1
2023.07.11	12:00:00	141889	143431	141539	143250	1612439	5646392	1
2023.07.11	16:00:00	143244	143587	143081	143587	561045	2004153	1
2023.07.12	08:00:00	143955	145123	143515	144894	2613923	7396180	1
2023.07.12	12:00:00	144894	145039	143497	143907	1637429	5465007	1
2023.07.12	16:00:00	143900	144021	142955	143105	719451	2461389	1
2023.07.13	08:00:00	143822	145906	143720	145701	2575335	7368304	1
2023.07.13	12:00:00	145701	145966	145189	145352	1406172	4530053	1
2023.07.13	16:00:00	145352	145509	145117	145117	481477	1710732	1
2023.07.14	08:00:00	145430	145713	143690	144141	2361001	7156772	1
2023.07.14	12:00:00	144141	144424	143136	143232	1512361	5052232	1
2023.07.14	16:00:00	143238	143533	143057	143298	528495	1824914	1
2023.07.17	08:00:00	142985	143395	141913	142810	2448720	7495043	1
2023.07.17	12:00:00	142816	144051	142738	143545	1410411	4672070	1
2023.07.17	16:00:00	143539	144184	143431	144039	522894	1753262	1
2023.07.18	08:00:00	143949	144503	143069	144057	2730966	8055305	1
2023.07.18	12:00:00	144057	144159	142624	143352	1678354	6001850	1
2023.07.18	16:00:00	143346	143648	142967	143310	629965	2211127	1
2023.07.19	08:00:00	143527	143660	142268	142485	2519036	7536742	1
2023.07.19	12:00:00	142485	143587	141762	143214	1767165	6236802	1
2023.07.19	16:00:00	143214	143389	142810	142925	483243	1761628	1
2023.07.20	08:00:00	143286	143931	142672	143401	2602909	7892138	1
2023.07.20	12:00:00	143401	143822	143033	143286	1463298	5176148	1
2023.07.20	16:00:00	143286	143762	143172	143762	514772	1809295	1
2023.07.21	08:00:00	143467	146352	143148	145846	2633779	8264965	1
2023.07.21	12:00:00	145846	146334	145569	146015	1398056	5217572	1
2023.07.21	16:00:00	146021	146394	145804	146394	585930	2176915	1
2023.07.24	08:00:00	146021	147761	145756	147400	2692750	8010464	1
2023.07.24	12:00:00	147400	147936	146876	147177	1504163	5207361	1
2023.07.24	16:00:00	147171	147870	146990	147821	546848	1916138	1
2023.07.25	08:00:00	148351	149683	147960	148014	2565598	7952227	1
2023.07.25	12:00:00	148014	148737	147870	148472	1468337	4996572	1
2023.07.25	16:00:00	148478	148580	147984	147984	561938	1966938	1
2023.07.26	08:00:00	147743	148460	147225	147797	2410549	7092210	1
2023.07.26	12:00:00	147803	148972	147322	148321	1768446	5675747	1
2023.07.26	16:00:00	148327	149002	147996	148376	720268	2469960	1
2023.07.27	08:00:00	148954	149219	146406	146924	2453398	7540950	1
2023.07.27	12:00:00	146924	147189	145996	146093	1533058	5343803	1
2023.07.27	16:00:00	146087	146111	144659	144816	869570	3164164	1
2023.07.28	08:00:00	145527	146677	145039	145394	2349450	7307242	1
2023.07.28	12:00:00	145400	145864	145177	145448	1251813	4290559	1
2023.07.28	16:00:00	145454	145840	145153	145418	505773	1766842	1
2023.07.31	08:00:00	146225	147936	146002	147581	2093964	6636682	1
2023.07.31	12:00:00	147587	148014	147135	147617	1456183	4884746	1
2023.07.31	16:00:00	147623	147858	147316	147749	587239	2019574	1
2023.08.01	08:00:00	147231	147249	145762	146147	2565690	8303444	1
2023.08.01	12:00:00	146147	146725	145424	146539	1582376	5654728	1
2023.08.01	16:00:00	146539	147147	146406	146502	541652	1999674	1
2023.08.02	08:00:00	145792	146376	144870	145057	2633519	8310040	1
2023.08.02	12:00:00	145057	146171	145051	145972	1523107	5293799	1
2023.08.02	16:00:00	145972	146779	145888	145930	783488	2967771	1
2023.08.03	08:00:00	147249	148363	145852	146448	3264625	10231069	1
2023.08.03	12:00:00	146454	147129	145942	146340	1690384	6014534	1
2023.08.03	16:00:00	146346	146388	145274	145400	816775	3036796	1
2023.08.04	08:00:00	145370	146340	144129	146334	3174301	9939224	1
2023.08.04	12:00:00	146334	146882	144497	144696	1961887	7354537	1
2023.08.04	16:00:00	144702	144750	143997	144406	743638	2885639	1
2023.08.07	08:00:00	144744	145147	143678	143828	2718714	8319428	1
2023.08.07	12:00:00	143822	144671	143623	144388	1515882	5152647	1
2023.08.07	16:00:00	144388	144424	143828	143985	569403	1978699	1
2023.08.08	08:00:00	142955	143515	141678	143057	2846698	8735150	1
2023.08.08	12:00:00	143051	144412	143015	143973	1791031	6113170	1
2023.08.08	16:00:00	143967	144051	143617	143648	510235	1807098	1
2023.08.09	08:00:00	144238	144238	142503	142708	2868689	9321329	1
2023.08.09	12:00:00	142708	142943	142256	142636	1680138	5985696	1
2023.08.09	16:00:00	142636	142985	142557	142889	522104	2044575	1
2023.08.10	08:00:00	143467	144184	143081	143581	2603780	8214525	1
2023.08.10	12:00:00	143581	143599	142913	143226	1657441	5861071	1
2023.08.10	16:00:00	143232	143244	142250	142250	651274	2425607	1
2023.08.11	08:00:00	142563	143660	142178	143148	2444154	7796264	1
2023.08.11	12:00:00	143148	143376	141600	141991	1843920	6827465	1
2023.08.11	16:00:00	141991	142515	141877	142491	504733	1917273	1
2023.08.14	08:00:00	142347	142419	140588	140943	2549859	8119614	1
2023.08.14	12:00:00	140937	141606	140636	140757	1559041	5534128	1
2023.08.14	16:00:00	140757	140973	140510	140588	595375	2237832	1
2023.08.15	08:00:00	139817	141780	139504	140136	2956316	9474787	1
2023.08.15	12:00:00	140136	141046	140118	140419	1567119	5517170	1
2023.08.15	16:00:00	140425	140540	139329	139450	753314	2751977	1
2023.08.16	08:00:00	139881	141321	139520	141073	2493434	8114248	1
2023.08.16	12:00:00	141079	141115	139863	140028	1620792	5729871	1
2023.08.16	16:00:00	140034	140129	138835	139148	762360	2772849	1
2023.08.17	08:00:00	140022	140377	138948	138983	2493771	7906612	1
2023.08.17	12:00:00	138983	139261	138339	138511	1750500	6301077	1
2023.08.17	16:00:00	138511	138564	138162	138475	601007	2316144	1
2023.08.18	08:00:00	138168	138930	137690	138782	2599249	8480577	1
2023.08.18	12:00:00	138782	139243	138345	138729	1537778	5515757	1
2023.08.18	16:00:00	138729	139030	138481	138493	582577	2112051	1
2023.08.21	08:00:00	139178	139190	137324	137743	2506409	8198337	1
2023.08.21	12:00:00	137749	137944	137117	137530	1676926	5943981	1
2023.08.21	16:00:00	137536	137725	137141	137141	529284	2010743	1
2023.08.22	08:00:00	137944	139125	137708	138865	2475862	8150513	1
2023.08.22	12:00:00	138865	139408	138422	139302	1463539	5241804	1
2023.08.22	16:00:00	139296	139822	139296	139762	582007	2344662	1
2023.08.23	08:00:00	140318	141162	139668	141103	2245161	7509808	1
2023.08.23	12:00:00	141103	141688	141032	141516	1206158	4329997	1
2023.08.23	16:00:00	141516	142314	141499	142243	579268	2374804	1
2023.08.24	08:00:00	141835	141959	140784	140896	2175273	7543202	1
2023.08.24	12:00:00	140896	140967	140211	140684	1662649	6111372	1
2023.08.24	16:00:00	140690	140772	140300	140684	511095	1851457	1
2023.08.25	08:00:00	140571	140790	138700	138782	2742830	8468340	1
2023.08.25	12:00:00	138788	139385	138475	139308	1793066	6030901	1
2023.08.25	16:00:00	139308	139438	138747	139007	541984	1898820	1
2023.08.28	08:00:00	139355	139650	138841	139243	2300821	7181545	1
2023.08.28	12:00:00	139249	139928	139207	139863	1528410	5461366	1
2023.08.28	16:00:00	139863	140760	139810	140589	676843	2614496	1
2023.08.29	08:00:00	140447	142148	140335	141788	2291281	7409546	1
2023.08.29	12:00:00	141788	141906	141026	141882	1467878	5025269	1
2023.08.29	16:00:00	141882	142125	141682	141812	546868	1941015	1
2023.08.30	08:00:00	141623	142426	141321	141528	2320144	7266768	1
2023.08.30	12:00:00	141534	141877	140755	141056	1444918	5041945	1
2023.08.30	16:00:00	141062	141132	140648	140814	486772	1721099	1
2023.08.31	08:00:00	140896	141221	139089	139562	2448766	7713820	1
2023.08.31	12:00:00	139562	140312	138995	139113	1531537	5357607	1
2023.08.31	16:00:00	139113	139237	138629	139054	578586	2182486	1
2023.09.01	08:00:00	139833	141192	139125	140820	2375008	7362222	1
2023.09.01	12:00:00	140825	141132	140312	140973	1244402	4108873	1
2023.09.01	16:00:00	140973	141268	140619	140619	487561	1694717	1
2023.09.04	08:00:00	140896	141882	140595	141564	1973598	5877861	1
2023.09.04	12:00:00	141569	141646	140696	140820	1226080	3956331	1
2023.09.04	16:00:00	140825	141121	140743	141056	412146	1350375	1
2023.09.05	08:00:00	140607	140955	139438	140678	2702706	8781760	1
2023.09.05	12:00:00	140672	141103	140359	140554	1548278	5532645	1
2023.09.05	16:00:00	140560	140648	140129	140601	646984	2360037	1
2023.09.06	08:00:00	140424	141014	139331	139461	2564846	8377471	1
2023.09.06	12:00:00	139467	139556	138782	138818	1496746	5444497	1
2023.09.06	16:00:00	138818	139001	138463	138605	496741	1943488	1
2023.09.08	08:00:00	137377	138056	137034	137684	1915786	6026199	1
2023.09.08	12:00:00	137690	138139	137554	137814	1306823	4716345	1
2023.09.08	16:00:00	137820	137956	137524	137708	444817	1679885	1
2023.09.11	08:00:00	138670	139125	138257	138611	2070790	6718791	1
2023.09.11	12:00:00	138605	139887	138115	139857	1670586	6185868	1
2023.09.11	16:00:00	139857	140005	139668	139999	530376	2070833	1
2023.09.12	08:00:00	139999	141008	139703	140873	2255637	7475486	1
2023.09.12	12:00:00	140867	141121	140607	140684	1453669	5495646	1
2023.09.12	16:00:00	140690	140949	140583	140583	469284	1908378	1
2023.09.13	08:00:00	140489	142461	140259	142343	2576964	8563836	1
2023.09.13	12:00:00	142343	142497	141186	141422	1420598	5218643	1
2023.09.13	16:00:00	141416	141463	140967	141127	492398	1879786	1
2023.09.14	08:00:00	141841	142497	141629	142349	2380890	7877462	1
2023.09.14	12:00:00	142355	142821	141965	142567	1400902	5398351	1
2023.09.14	16:00:00	142573	142839	142172	142172	547846	2088080	1
2023.09.15	08:00:00	142609	142880	141853	142243	2098436	7188254	1
2023.09.15	12:00:00	142237	142302	141575	141941	1274813	4868966	1
2023.09.15	16:00:00	141941	141953	141434	141705	531282	2079987	1
2023.09.18	08:00:00	141428	142414	141050	142125	2231170	7653971	1
2023.09.18	12:00:00	142119	142296	141144	141192	1326669	4871010	1
2023.09.18	16:00:00	141197	141239	140731	141239	552703	2177183	1
2023.09.19	08:00:00	141345	141386	140447	140737	2262544	7672602	1
2023.09.19	12:00:00	140743	141192	140453	140518	1651246	6689262	1
2023.09.19	16:00:00	140518	140560	140093	140365	558071	2344196	1
2023.09.20	08:00:00	140583	142048	140507	141936	1945921	6889117	1
2023.09.20	12:00:00	141936	142550	141723	142018	1851902	7085039	1
2023.09.20	16:00:00	142018	142095	141056	141168	731152	3037028	1
2023.09.21	08:00:00	140188	140205	138233	138753	2622501	8677014	1
2023.09.21	12:00:00	138753	139207	138493	138670	1719573	6374758	1
2023.09.21	16:00:00	138670	138711	137950	138044	664631	2735421	1
2023.09.22	08:00:00	138723	139355	138339	138765	2131329	7295589	1
2023.09.22	12:00:00	138765	138806	137749	137973	1426198	5625101	1
2023.09.22	16:00:00	137967	138422	137896	138310	562615	2464337	1
2023.09.25	08:00:00	137471	137950	137206	137459	1887529	6223025	1
2023.09.25	12:00:00	137465	137920	137389	137613	1338103	5087306	1
2023.09.25	16:00:00	137619	138333	137524	138186	549894	2228419	1
2023.09.26	08:00:00	137648	137879	136432	137017	2281726	7890642	1
2023.09.26	12:00:00	137017	137023	135836	136025	1638271	6539032	1
2023.09.26	16:00:00	136025	136095	135446	135588	615081	2586976	1
2023.09.27	08:00:00	136290	136993	135847	136019	2028255	7204688	1
2023.09.27	12:00:00	136025	136196	134619	135304	2016299	7547249	1
2023.09.27	16:00:00	135304	135800	135139	135782	656706	2498347	1
2023.09.28	08:00:00	135818	136904	135458	136887	2684160	8744528	1
2023.09.28	12:00:00	136881	137347	136580	137034	1668604	5986307	1
2023.09.28	16:00:00	137040	137731	137028	137672	668715	2639977	1
2023.09.29	08:00:00	138139	139042	138091	138328	2250001	7614080	1
2023.09.29	12:00:00	138333	138493	137483	137991	1688438	6171978	1
2023.09.29	16:00:00	137991	138641	137861	138446	664166	2456007	1
2023.10.02	08:00:00	138180	138528	136521	136674	2362397	8267585	1
2023.10.02	12:00:00	136668	136881	136090	136225	1552160	5837894	1
2023.10.02	16:00:00	136237	136621	136225	136503	540807	2133460	1
2023.10.03	08:00:00	135818	136438	135174	135464	2637944	9089677	1
2023.10.03	12:00:00	135464	135712	134247	134342	1979621	7444193	1
2023.10.03	16:00:00	134342	134578	134111	134188	624864	2354030	1
2023.10.04	08:00:00	134979	135263	133952	134519	2583548	8536553	1
2023.10.04	12:00:00	134519	135322	134336	134566	1837913	6765605	1
2023.10.04	16:00:00	134572	134973	134377	134377	546793	2110265	1
2023.10.05	08:00:00	134637	135487	133804	133857	2589091	8630451	1
2023.10.05	12:00:00	133857	134306	133491	134283	1684452	6144770	1
2023.10.05	16:00:00	134283	134418	134070	134342	494133	1915891	1
2023.10.06	08:00:00	134401	134531	132109	133084	3272060	10233470	1
2023.10.06	12:00:00	133090	135576	133042	135434	2195329	8021102	1
2023.10.06	16:00:00	135440	135529	135103	135464	553377	2069065	1
2023.10.09	08:00:00	134188	134855	133975	134655	2224649	7409449	1
2023.10.09	12:00:00	134649	136402	134507	136154	1922893	7261450	1
2023.10.09	16:00:00	136154	136639	135841	136633	579134	2182627	1
2023.10.10	08:00:00	136881	138227	136698	137932	2326576	7643037	1
2023.10.10	12:00:00	137932	138292	137684	138080	1564206	6090547	1
2023.10.10	16:00:00	138085	138393	137896	137896	544341	2248289	1
2023.10.11	08:00:00	138528	139001	137772	137967	2349582	7844123	1
2023.10.11	12:00:00	137961	138268	137454	138062	1632171	6080236	1
2023.10.11	16:00:00	138062	138729	138015	138658	535853	2157640	1
2023.10.13	08:00:00	137353	138398	137253	137885	2269130	7373249	1
2023.10.13	12:00:00	137879	137979	136656	136963	1807680	6674542	1
2023.10.13	16:00:00	136969	137330	136627	136851	557204	2057268	1
2023.10.16	08:00:00	137471	138221	137111	137832	2515570	8306796	1
2023.10.16	12:00:00	137832	138044	137306	137755	1475552	5402761	1
2023.10.16	16:00:00	137755	138180	137495	137495	570527	2256112	1
2023.10.17	08:00:00	137164	137891	136479	137843	2486492	8468540	1
2023.10.17	12:00:00	137843	138144	136568	136650	1863670	7068918	1
2023.10.17	16:00:00	136645	137040	136627	136668	524024	2000737	1
2023.10.18	08:00:00	136261	136552	135150	135255	2155643	7330013	1
2023.10.18	12:00:00	135249	136162	134743	134877	2050307	8039651	1
2023.10.18	16:00:00	134877	134947	134575	134633	602103	2408510	1
2023.10.19	08:00:00	134516	135261	134406	134842	2381995	7945978	1
2023.10.19	12:00:00	134836	135994	134743	135110	2791987	10494736	1
2023.10.19	16:00:00	135115	135272	134406	134545	603627	2543781	1
2023.10.20	08:00:00	134307	134720	132818	133068	2554615	9348984	1
2023.10.20	12:00:00	133068	134179	132935	133650	2027973	7916141	1
2023.10.20	16:00:00	133656	133749	133208	133493	506880	2066353	1
2023.10.23	08:00:00	132935	133609	132347	133475	2521016	8800611	1
2023.10.23	12:00:00	133481	134197	133353	133528	1985985	7217917	1
2023.10.23	16:00:00	133528	133615	132952	133313	759534	2801030	1
2023.10.24	08:00:00	134220	134761	133784	134255	2598959	8753224	1
2023.10.24	12:00:00	134261	134342	133010	133789	2068012	7720432	1
2023.10.24	16:00:00	133784	134726	133743	134284	866561	3492889	1
2023.10.25	08:00:00	134226	134569	133220	133702	2445609	8096880	1
2023.10.25	12:00:00	133696	134057	132807	133039	2156850	7871250	1
2023.10.25	16:00:00	133039	133313	132894	132958	624907	2304566	1
2023.10.26	08:00:00	132388	134365	132225	134313	2722567	8590422	1
2023.10.26	12:00:00	134307	135005	133598	134976	2256332	8110568	1
2023.10.26	16:00:00	134976	135802	134964	135761	962132	3596010	1
2023.10.27	08:00:00	135697	135924	134999	135156	2492943	8425651	1
2023.10.27	12:00:00	135150	135645	132993	133179	2475818	9471101	1
2023.10.27	16:00:00	133185	133737	133132	133714	692090	2599140	1
2023.10.30	08:00:00	134400	134819	133126	133760	2361269	8417568	1
2023.10.30	12:00:00	133760	134051	132184	132522	2054817	7501417	1
2023.10.30	16:00:00	132527	132789	132132	132365	704722	2637422	1
2023.10.31	08:00:00	132888	133673	131917	133272	2741695	9507161	1
2023.10.31	12:00:00	133278	133737	132714	133138	2068816	7805995	1
2023.10.31	16:00:00	133138	133528	132865	133377	652749	2524847	1
2023.11.01	08:00:00	133214	135313	132853	135040	2460441	8324898	1
2023.11.01	12:00:00	135040	135662	134522	135365	2255271	8138619	1
2023.11.01	16:00:00	135360	135976	135307	135976	811119	3141039	1
2023.11.03	08:00:00	136976	139041	136918	138430	2483020	8452735	1
2023.11.03	12:00:00	138430	139431	138256	139274	1645101	6198590	1
2023.11.03	16:00:00	139274	139396	138994	139326	450948	1904935	1
2023.11.06	08:00:00	139169	139721	138942	139128	2005299	6914905	1
2023.11.06	12:00:00	139128	139617	138750	139128	1705580	6578391	1
2023.11.06	16:00:00	139128	139454	138936	139413	626082	2577869	1
2023.11.07	08:00:00	138820	140152	138407	139937	2231050	7971331	1
2023.11.07	12:00:00	139937	140565	139692	140495	1664945	6458973	1
2023.11.07	16:00:00	140489	140594	140047	140094	686268	2929224	1
2023.11.08	08:00:00	139820	141018	139692	140315	2163098	7856664	1
2023.11.08	12:00:00	140320	140390	139186	139855	2036060	8256008	1
2023.11.08	16:00:00	139855	140134	139756	139989	599416	2448272	1
2023.11.09	08:00:00	140210	141280	139925	141216	2165503	7712215	1
2023.11.09	12:00:00	141222	141234	139495	140291	2010979	8003023	1
2023.11.09	16:00:00	140297	140297	139024	139919	1021702	4182661	1
2023.11.10	08:00:00	140210	141297	139937	141106	2157528	7389877	1
2023.11.10	12:00:00	141106	141914	140855	141600	1780009	6696632	1
2023.11.10	16:00:00	141606	141798	141292	141728	602748	2408533	1
2023.11.13	08:00:00	141385	141460	140623	140664	1928583	6810451	1
2023.11.13	12:00:00	140669	141466	140582	141158	1643773	6500212	1
2023.11.13	16:00:00	141164	141507	141036	141455	472895	2092707	1
2023.11.14	08:00:00	141408	145147	141379	144514	2287701	7554362	1
2023.11.14	12:00:00	144508	144682	144095	144578	1492479	5658180	1
2023.11.14	16:00:00	144578	145043	144357	144944	590649	2301028	1
2023.11.16	08:00:00	144781	145665	144374	145136	2185035	7489087	1
2023.11.16	12:00:00	145130	146037	144822	145921	1952540	7426002	1
2023.11.16	16:00:00	145915	146357	145886	146357	642044	2657653	1
2023.11.17	08:00:00	146363	146729	145933	146398	2022948	6805590	1
2023.11.17	12:00:00	146404	147067	146282	146706	1487328	5460946	1
2023.11.17	16:00:00	146706	146840	146218	146433	657973	2580334	1
2023.11.20	08:00:00	146747	147253	146375	147154	1752658	6003496	1
2023.11.20	12:00:00	147154	147840	146956	147747	1325837	4921313	1
2023.11.20	16:00:00	147747	147852	147276	147834	694508	2776081	1
2023.11.21	08:00:00	147474	147706	146741	147131	1984413	6863982	1
2023.11.21	12:00:00	147136	147392	146404	146642	1705968	6533107	1
2023.11.21	16:00:00	146642	147305	146468	147165	604195	2328868	1
2023.11.22	08:00:00	147276	148567	147276	148148	2119653	7322718	1
2023.11.22	12:00:00	148154	148236	147055	147654	1917757	7108526	1
2023.11.22	16:00:00	147654	147671	146840	147549	693810	2821452	1
2023.11.23	08:00:00	147253	148276	147008	148218	1633687	5460925	1
2023.11.23	12:00:00	148224	148352	147858	148015	808772	2894170	1
2023.11.23	16:00:00	148015	148294	147904	148294	322836	1291903	1
2023.11.24	08:00:00	148125	148137	146869	147398	1675607	5629501	1
2023.11.24	12:00:00	147392	147619	146654	146718	1364929	5226466	1
2023.11.24	16:00:00	146712	146979	146601	146950	388379	1588126	1
2023.11.27	08:00:00	146665	147305	146433	146747	2098957	7345188	1
2023.11.27	12:00:00	146747	147102	145956	146904	1544697	5624502	1
2023.11.27	16:00:00	146904	147113	146700	147113	546341	2269859	1
2023.11.28	08:00:00	146689	147666	146508	147584	2139081	7686268	1
2023.11.28	12:00:00	147578	148329	147526	147828	1393414	5722202	1
2023.11.28	16:00:00	147828	148067	147567	147951	550530	2333315	1
2023.11.29	08:00:00	148183	148747	147538	147863	1764782	6503382	1
2023.11.29	12:00:00	147858	148166	147352	147980	1642134	6763246	1
2023.11.29	16:00:00	147974	148096	147096	147363	622973	2653014	1
2023.11.30	08:00:00	147718	148596	147427	147712	1865302	6650763	1
2023.11.30	12:00:00	147712	148497	147282	148387	1554191	5929499	1
2023.11.30	16:00:00	148387	148840	148317	148666	598008	2576609	1
2023.12.01	08:00:00	148986	149172	147799	148154	1823805	6159913	1
2023.12.01	12:00:00	148160	149567	148038	149271	1966535	7387461	1
2023.12.01	16:00:00	149271	149637	149230	149422	557155	2201452	1
2023.12.04	08:00:00	148806	149108	148410	148637	1684495	5491815	1
2023.12.04	12:00:00	148637	148782	147823	147863	1717583	6424194	1
2023.12.04	16:00:00	147863	148102	147730	148079	590836	2322404	1
2023.12.05	08:00:00	147834	148718	147514	148003	2155325	7335057	1
2023.12.05	12:00:00	148003	148637	147462	148282	2079725	7892621	1
2023.12.05	16:00:00	148282	148648	147799	147834	610850	2394478	1
2023.12.06	08:00:00	148294	148742	147578	147648	1998022	6591000	1
2023.12.06	12:00:00	147654	147747	146636	146933	1709970	6346088	1
2023.12.06	16:00:00	146933	147038	146247	146247	772120	3262963	1
2023.12.07	08:00:00	146479	147526	146357	146939	1755210	6118213	1
2023.12.07	12:00:00	146933	147189	146270	146642	1757777	6719493	1
2023.12.07	16:00:00	146636	146962	146485	146898	675136	2610120	1
2023.12.08	08:00:00	147038	147718	146171	147509	2287927	8073948	1
2023.12.08	12:00:00	147514	148183	146491	147299	1758159	6365556	1
2023.12.08	16:00:00	147299	148294	147241	147997	685142	2740285	1
2023.12.11	08:00:00	147863	148067	147212	147706	1767162	6437909	1
2023.12.11	12:00:00	147712	147974	147323	147619	1517903	6178080	1
2023.12.11	16:00:00	147619	147933	147462	147910	502599	2135049	1
2023.12.12	08:00:00	148195	148404	146753	146886	1815975	6110940	1
2023.12.12	12:00:00	146886	147305	146566	146974	1292558	4930766	1
2023.12.12	16:00:00	146968	147270	146863	147165	598843	2048832	1
2023.12.13	08:00:00	147165	147874	146737	147411	1617059	5370219	1
2023.12.13	12:00:00	147406	147674	146954	147560	1309808	4901293	1
2023.12.13	16:00:00	147566	151322	147560	151191	1580518	6176302	1
2023.12.14	08:00:00	151665	152495	151414	152043	1928347	6588703	1
2023.12.14	12:00:00	152037	152209	151471	151603	1425262	5447869	1
2023.12.14	16:00:00	151608	152151	151551	151991	649830	2653776	1
2023.12.15	08:00:00	152209	152963	151282	151391	1792827	6112012	1
2023.12.15	12:00:00	151391	151711	150991	151099	1319601	4826146	1
2023.12.15	16:00:00	151099	151568	150871	151317	631712	2416323	1
2023.12.18	08:00:00	151465	152140	151460	151877	1481740	5187175	1
2023.12.18	12:00:00	151877	152655	151791	152569	1173470	4446343	1
2023.12.18	16:00:00	152569	152660	152226	152226	497909	1941016	1
2023.12.19	08:00:00	152266	153289	152106	153158	1316336	4609268	1
2023.12.19	12:00:00	153152	153261	152346	152929	1544263	6297773	1
2023.12.19	16:00:00	152935	153261	152849	153226	552670	2271444	1
2023.12.20	08:00:00	152792	153609	152557	152723	1658147	5719252	1
2023.12.20	12:00:00	152718	153181	152500	152820	1379485	5090566	1
2023.12.20	16:00:00	152820	152946	151557	151785	1080981	4237812	1
2023.12.21	08:00:00	152523	153449	152403	152838	1700485	5606040	1
2023.12.21	12:00:00	152843	153352	152460	152866	1716401	6090018	1
2023.12.21	16:00:00	152866	153512	152672	153512	599647	2243563	1
2023.12.22	08:00:00	153352	153804	153169	153215	1439195	5112012	1
2023.12.22	12:00:00	153215	154290	153135	153947	1187216	4741241	1
2023.12.22	16:00:00	153941	154067	153558	153804	548404	2349058	1
2023.12.26	08:00:00	154107	154747	153832	154662	1138851	3705505	1
2023.12.26	12:00:00	154656	154953	154616	154656	778597	2782032	1
2023.12.26	16:00:00	154650	155010	154519	154930	461300	1819334	1
2023.12.27	08:00:00	154839	155130	154461	154873	1276380	4473144	1
2023.12.27	12:00:00	154867	155456	154856	155102	971475	3882043	1
2023.12.27	16:00:00	155102	155639	154987	155605	512220	2103027	1
2023.12.28	08:00:00	155273	155479	154867	155176	1320969	4449931	1
2023.12.28	12:00:00	155170	155622	155085	155411	1061739	4162719	1
2023.12.28	16:00:00	155405	155479	155096	155353	402010	1654958	1
2024.01.02	08:00:00	154667	154782	153918	154690	1526675	5260266	1
2024.01.02	12:00:00	154690	154719	153026	153061	1473827	5595450	1
2024.01.02	16:00:00	153061	153587	152723	153501	567952	2449311	1
2024.01.03	08:00:00	153152	153907	152803	153398	1671438	5904158	1
2024.01.03	12:00:00	153404	154553	153312	154147	1672356	6254896	1
2024.01.03	16:00:00	154147	154507	153615	153924	764196	2914318	1
2024.01.04	08:00:00	153981	154055	151700	152300	1590548	5958531	1
2024.01.04	12:00:00	152300	152632	151500	151797	1551565	6100614	1
2024.01.04	16:00:00	151797	151923	151397	151557	764364	3234434	1
2024.01.05	08:00:00	151305	152414	150768	152289	1982093	6887804	1
2024.01.05	12:00:00	152289	153284	151888	152472	1753373	6768543	1
2024.01.05	16:00:00	152472	152706	151980	152689	690593	2649837	1
2024.01.08	08:00:00	151911	152134	151299	152037	1868716	6144508	1
2024.01.08	12:00:00	152043	152780	151826	152512	1542922	5889020	1
2024.01.08	16:00:00	152512	153295	152483	153295	673229	2724673	1
2024.01.09	08:00:00	152655	152660	151362	151614	1998432	6920035	1
2024.01.09	12:00:00	151620	152123	151420	151900	1585498	6111977	1
2024.01.09	16:00:00	151906	152077	151591	151591	630430	2544353	1
2024.01.10	08:00:00	151751	152163	150813	150962	1935693	6831551	1
2024.01.10	12:00:00	150956	151025	150488	150773	1376348	5215967	1
2024.01.10	16:00:00	150773	151208	150745	150848	641170	2613094	1
2024.01.11	08:00:00	151008	151442	150213	150705	2515738	8097507	1
2024.01.11	12:00:00	150705	150848	149750	150819	1906825	6472148	1
2024.01.11	16:00:00	150819	150996	150579	150642	581663	2158511	1
2024.01.12	08:00:00	150470	152140	150242	151545	1944277	6942224	1
2024.01.12	12:00:00	151540	151734	150711	151242	1422034	5061485	1
2024.01.12	16:00:00	151237	151402	150894	150956	510801	1945978	1
2024.01.15	08:00:00	150602	150934	150104	150659	1319502	4777476	1
2024.01.15	12:00:00	150659	151477	150327	151282	1108446	4443110	1
2024.01.15	16:00:00	151288	151900	151179	151711	445685	1808066	1
2024.01.16	08:00:00	150888	150962	149475	149556	2068739	7478868	1
2024.01.16	12:00:00	149556	149784	148692	148944	1887239	7278223	1
2024.01.16	16:00:00	148944	149338	148681	148744	652539	2613669	1
2024.01.17	08:00:00	148206	148852	147497	148435	2019423	7046248	1
2024.01.17	12:00:00	148435	148675	147680	147960	1459575	5559981	1
2024.01.17	16:00:00	147960	148355	147692	147714	561351	2278152	1
2024.01.18	08:00:00	148355	148892	147034	147371	1922247	7241455	1
2024.01.18	12:00:00	147366	147371	146525	146771	1492915	5967922	1
2024.01.18	16:00:00	146771	147051	146422	146434	560613	2429076	1
2024.01.19	08:00:00	147165	147394	145730	146010	1839862	6791000	1
2024.01.19	12:00:00	146016	146668	145570	146411	1406901	5818714	1
2024.01.19	16:00:00	146416	147063	146394	146662	571635	2540209	1
2024.01.22	08:00:00	146891	147080	146010	146960	1867574	6946153	1
2024.01.22	12:00:00	146960	147114	145044	145364	1688945	6829396	1
2024.01.22	16:00:00	145364	145742	144753	145519	564855	2373742	1
2024.01.23	08:00:00	145919	146800	145782	146439	2003305	7493309	1
2024.01.23	12:00:00	146434	147474	146091	147343	1592736	6299170	1
2024.01.23	16:00:00	147343	147697	147005	147554	580019	2445673	1
2024.01.24	08:00:00	148389	148909	147777	147789	1721684	6571393	1
2024.01.24	12:00:00	147783	148126	147063	147188	1755594	7222339	1
2024.01.24	16:00:00	147188	147211	146662	146737	740970	3186301	1
2024.01.25	08:00:00	147223	147823	146880	147812	1739986	6430932	1
2024.01.25	12:00:00	147817	147880	146977	147377	1592741	6177496	1
2024.01.25	16:00:00	147383	147772	146834	147143	646840	2703368	1
2024.01.26	08:00:00	147663	148349	146800	147646	1962438	6904326	1
2024.01.26	12:00:00	147640	148383	147217	148229	1482601	5707272	1
2024.01.26	16:00:00	148229	148441	147892	147892	580474	2225626	1
2024.01.29	08:00:00	148240	148269	147023	147303	1757136	6281644	1
2024.01.29	12:00:00	147303	147509	146742	147074	1572483	5892611	1
2024.01.29	16:00:00	147068	147657	147005	147634	742596	3078176	1
2024.01.30	08:00:00	147314	147817	146228	146548	1872710	7031933	1
2024.01.30	12:00:00	146554	146594	145799	146256	1793926	7306910	1
2024.01.30	16:00:00	146256	146497	145988	145988	611912	2506003	1
2024.01.31	08:00:00	145913	147909	145839	147554	1931132	7366539	1
2024.01.31	12:00:00	147554	148069	147366	147995	1331373	5344715	1
2024.01.31	16:00:00	147995	148732	146262	146365	1653772	6703855	1
2024.02.01	08:00:00	146931	147206	146434	146765	1826536	6801140	1
2024.02.01	12:00:00	146771	147194	145856	146931	1957058	7738383	1
2024.02.01	16:00:00	146931	147463	146594	147280	615755	2407698	1
2024.02.02	08:00:00	147560	147840	145410	145593	2073976	7815688	1
2024.02.02	12:00:00	145587	145759	145073	145736	1421497	5652982	1
2024.02.02	16:00:00	145742	146142	145633	145896	701397	2943444	1
2024.02.05	08:00:00	145599	146462	145444	145828	1693501	6174129	1
2024.02.05	12:00:00	145839	146028	144787	145965	1657295	6887183	1
2024.02.05	16:00:00	145965	146456	145902	146148	692793	2897021	1
2024.02.06	08:00:00	146371	148629	146228	148561	1989149	7427382	1
2024.02.06	12:00:00	148561	149258	148355	149184	1409568	5812027	1
2024.02.06	16:00:00	149184	149933	148949	149933	703843	2981257	1
2024.02.07	08:00:00	149407	149407	148258	148704	1950710	7307582	1
2024.02.07	12:00:00	148709	148881	148155	148521	1637525	6506385	1
2024.02.07	16:00:00	148515	149007	148441	148715	599036	2400976	1
2024.02.08	08:00:00	148475	148887	147291	147366	1913829	6953715	1
2024.02.08	12:00:00	147366	147388	146325	146891	1623582	6643380	1
2024.02.08	16:00:00	146891	146994	146491	146697	679947	2713438	1
2024.02.09	08:00:00	147063	147543	146113	146840	2121213	7985710	1
2024.02.09	12:00:00	146840	146845	145890	146725	1498484	5933692	1
2024.02.09	16:00:00	146725	146897	146279	146445	588441	2244687	1
2024.02.14	12:00:00	145456	145849	144720	144905	1564301	5780322	1
2024.02.14	16:00:00	144905	145237	144770	145209	619035	2441534	1
2024.02.15	08:00:00	145507	145821	144967	145383	1930319	6979735	1
2024.02.15	12:00:00	145383	145962	145164	145816	1602860	6060092	1
2024.02.15	16:00:00	145816	146024	145675	145995	582900	2278530	1
2024.02.16	08:00:00	146310	147074	145759	146203	2077884	7975164	1
2024.02.16	12:00:00	146203	147282	146164	147192	1446008	5575520	1
2024.02.16	16:00:00	147192	147417	146951	147041	601487	2398214	1
2024.02.19	08:00:00	146630	146754	146203	146608	1342972	4971601	1
2024.02.19	12:00:00	146608	147007	146507	146861	1001385	3963892	1
2024.02.19	16:00:00	146855	147305	146827	147271	344551	1358486	1
2024.02.20	08:00:00	146552	148052	146203	147940	1950673	7581096	1
2024.02.20	12:00:00	147940	148181	147726	147962	1394796	5664008	1
2024.02.20	16:00:00	147962	148434	147782	148434	625629	2685477	1
2024.02.21	08:00:00	147816	148339	147749	148035	1849339	6747341	1
2024.02.21	12:00:00	148035	148204	147473	147934	1635536	6213795	1
2024.02.21	16:00:00	147940	148631	147749	148631	762386	2994852	1
2024.02.22	08:00:00	149423	149480	148434	148569	1693507	6154881	1
2024.02.22	12:00:00	148569	148755	148153	148738	1487950	5803419	1
2024.02.22	16:00:00	148732	149036	148255	148417	755157	3243421	1
2024.02.23	08:00:00	148648	148895	147743	147878	1597710	6208893	1
2024.02.23	12:00:00	147872	147968	147074	147445	1437184	6017168	1
2024.02.23	16:00:00	147445	147811	147187	147811	583878	2466848	1
2024.02.26	08:00:00	147496	148114	147074	147844	1514498	5525512	1
2024.02.26	12:00:00	147844	148041	147142	147839	1342090	5465620	1
2024.02.26	16:00:00	147839	147889	147552	147552	512051	2145192	1
2024.02.27	08:00:00	148187	149513	148165	149451	1571632	5858371	1
2024.02.27	12:00:00	149446	150019	149440	149935	1195621	4849198	1
2024.02.27	16:00:00	149929	150154	149800	149901	558234	2326451	1
2024.02.28	08:00:00	149367	149570	148783	148929	1708113	6194735	1
2024.02.28	12:00:00	148929	149249	147934	147957	1689209	6617400	1
2024.02.28	16:00:00	147951	148294	147704	148159	731740	2990899	1
2024.02.29	08:00:00	148580	148659	146720	147041	1893545	7294260	1
2024.02.29	12:00:00	147041	147310	146630	146816	1408624	5495667	1
2024.02.29	16:00:00	146822	147114	146411	147007	696877	2892544	1
2024.03.01	08:00:00	147198	147586	146366	146417	1630934	6003071	1
2024.03.01	12:00:00	146417	147563	146411	146844	1517867	5964919	1
2024.03.01	16:00:00	146850	147119	146670	146670	549958	2072175	1
2024.03.04	08:00:00	146872	147091	145956	146097	1598004	5656935	1
2024.03.04	12:00:00	146091	146428	145816	146097	1130289	4527611	1
2024.03.04	16:00:00	146097	146158	145900	145900	485667	1962309	1
2024.03.05	08:00:00	145771	146288	145686	145934	1730330	6328834	1
2024.03.05	12:00:00	145939	146692	145608	145788	1627066	6431378	1
2024.03.05	16:00:00	145788	145877	145287	145827	701097	2888235	1
2024.03.06	08:00:00	146305	146827	145973	146445	1760098	6269039	1
2024.03.06	12:00:00	146445	146979	146046	146563	1673511	6666212	1
2024.03.06	16:00:00	146563	146630	146243	146406	811580	3489135	1
2024.03.07	08:00:00	146760	146799	145518	145608	1722406	6303044	1
2024.03.07	12:00:00	145608	145900	145400	145810	1377355	5761317	1
2024.03.07	16:00:00	145816	145877	145602	145754	509416	2195588	1
2024.03.08	08:00:00	143298	143956	142849	143725	2030291	7240572	1
2024.03.08	12:00:00	143725	144849	143714	144400	2019379	8226259	1
2024.03.08	16:00:00	144405	144776	143944	144203	797204	3244363	1
2024.03.11	08:00:00	143517	144130	143000	144006	2114879	7834275	1
2024.03.11	12:00:00	144006	144012	143337	143579	1339820	5375680	1
2024.03.11	16:00:00	143579	143939	143079	143366	751636	2987935	1
2024.03.12	08:00:00	143714	144810	143641	144130	2383872	8466508	1
2024.03.12	12:00:00	144124	145349	144057	145175	1673806	6284158	1
2024.03.12	16:00:00	145175	145293	144815	144877	571364	2315432	1
2024.03.13	08:00:00	144917	145557	144400	145068	2009534	7353188	1
2024.03.13	12:00:00	145068	145816	145057	145355	1387158	5394740	1
2024.03.13	16:00:00	145349	145523	145040	145349	591198	2511066	1
2024.03.14	08:00:00	145602	145636	144529	144990	2218821	8219727	1
2024.03.14	12:00:00	144995	145119	144164	144827	1489147	6216515	1
2024.03.14	16:00:00	144832	145012	144326	144984	661998	2645659	1
2024.03.15	08:00:00	144905	145051	143714	143804	2074456	7891071	1
2024.03.15	12:00:00	143804	143905	143315	143523	1152344	4909005	1
2024.03.15	16:00:00	143517	143675	143253	143287	550639	2128496	1
2024.03.18	08:00:00	144085	144512	143040	143113	1981875	7558248	1
2024.03.18	12:00:00	143113	143793	143062	143669	1152833	5073110	1
2024.03.18	16:00:00	143663	143866	143478	143641	503949	2037169	1
2024.03.19	08:00:00	143686	144697	143410	144607	2007546	7629011	1
2024.03.19	12:00:00	144602	144956	144304	144630	1400961	6150087	1
2024.03.19	16:00:00	144630	144697	144220	144518	634571	2782628	1
2024.03.20	08:00:00	144377	144917	144051	144355	2012936	7424351	1
2024.03.20	12:00:00	144349	146142	144287	146040	2126820	8505048	1
2024.03.20	16:00:00	146040	146844	145922	146563	745201	2872935	1
2024.03.21	08:00:00	146479	146681	145214	145338	1636873	6406932	1
2024.03.21	12:00:00	145338	145372	144961	145265	1010486	4332311	1
2024.03.21	16:00:00	145271	145293	144793	144855	510324	2156524	1
2024.03.22	08:00:00	144799	144827	143860	144119	2048544	7483853	1
2024.03.22	12:00:00	144113	144349	143461	143748	1319264	5550348	1
2024.03.22	16:00:00	143753	143770	143439	143455	455341	1864233	1
2024.03.25	08:00:00	143579	143815	143068	143506	1928343	6727582	1
2024.03.25	12:00:00	143506	143765	143242	143557	981313	4084654	1
2024.03.25	16:00:00	143551	143607	143360	143371	438463	1706348	1
2024.03.26	08:00:00	143467	143731	142854	143410	1932822	6884242	1
2024.03.26	12:00:00	143410	143793	143326	143613	1158951	4691030	1
2024.03.26	16:00:00	143613	143618	143394	143450	396787	1556768	1
2024.03.27	08:00:00	143635	143680	142545	143214	1751249	6625650	1
2024.03.27	12:00:00	143208	144119	143174	143961	1119833	5230162	1
2024.03.27	16:00:00	143961	144400	143883	143883	594794	2786166	1
2024.03.28	08:00:00	143798	144742	143652	144686	1584822	6003198	1
2024.03.28	12:00:00	144681	145001	144394	144585	1134408	4889614	1
2024.03.28	16:00:00	144591	144939	144529	144692	518167	1946234	1
2024.04.01	08:00:00	144860	145276	143804	143911	1656321	6310851	1
2024.04.01	12:00:00	143916	143927	143107	143158	1130998	5024826	1
2024.04.01	16:00:00	143152	143439	143079	143298	535656	2191102	1
2024.04.02	08:00:00	143467	143703	142832	143169	2211581	8415938	1
2024.04.02	12:00:00	143174	143776	142882	143686	1310417	5634846	1
2024.04.02	16:00:00	143686	144040	143590	143590	442274	1989122	1
2024.04.03	08:00:00	143394	143787	142275	142663	2139343	8481524	1
2024.04.03	12:00:00	142663	144096	142506	143596	1491636	6761839	1
2024.04.03	16:00:00	143596	143691	143321	143534	509543	2117957	1
2024.04.04	08:00:00	143793	145861	143568	144742	2382301	9863736	1
2024.04.04	12:00:00	144742	146237	144130	144237	2005652	8181087	1
2024.04.04	16:00:00	144242	144242	143360	143478	871598	3557838	1
2024.04.05	08:00:00	143731	144310	142461	142938	2676095	9714942	1
2024.04.05	12:00:00	142944	143467	142438	142860	1873777	8063163	1
2024.04.05	16:00:00	142860	143118	142478	142933	606688	2534024	1
2024.04.08	08:00:00	143130	144692	142759	144619	2005496	7299973	1
2024.04.08	12:00:00	144619	145181	144596	144961	1313858	5479395	1
2024.04.08	16:00:00	144961	145619	144928	144973	841219	3406866	1
2024.04.09	08:00:00	145377	146462	145248	145939	2398628	9078568	1
2024.04.09	12:00:00	145939	146209	145529	145973	1628592	6735648	1
2024.04.09	16:00:00	145979	146541	145737	146423	758522	2931836	1
2024.04.10	08:00:00	146782	147659	144866	145096	3188378	11008948	1
2024.04.10	12:00:00	145096	145169	143911	143916	1978498	8311612	1
2024.04.10	16:00:00	143916	144237	143765	144225	638817	2653766	1
2024.04.11	08:00:00	143804	144225	142961	143304	2372739	8601918	1
2024.04.11	12:00:00	143309	143899	142916	143264	1724096	7398903	1
2024.04.11	16:00:00	143259	143585	143186	143231	561023	2344171	1
2024.04.12	08:00:00	143579	143714	142624	142646	2524863	9168151	1
2024.04.12	12:00:00	142646	143096	141404	141427	1863238	7553525	1
2024.04.12	16:00:00	141432	141826	141303	141579	622731	2595806	1
2024.04.15	08:00:00	142247	142495	141213	141612	2631784	9520425	1
2024.04.15	12:00:00	141612	141944	140573	140938	2006933	8132411	1
2024.04.15	16:00:00	140938	141168	140668	140691	730499	2712140	1
2024.04.16	08:00:00	140691	140702	139089	139921	2577924	9778897	1
2024.04.16	12:00:00	139915	140719	139662	140348	2516267	10085804	1
2024.04.16	16:00:00	140353	140432	139381	139381	619599	2436036	1
2024.04.17	08:00:00	140367	140905	139365	139520	2306469	8105673	1
2024.04.17	12:00:00	139509	139980	138805	139309	2116113	8308213	1
2024.04.17	16:00:00	139309	139614	139121	139525	612183	2261847	1
2024.04.18	08:00:00	140013	140511	138872	139908	2608691	9390122	1
2024.04.18	12:00:00	139908	140046	138484	138933	1993319	8023047	1
2024.04.18	16:00:00	138933	139503	138921	139426	586971	2343679	1
2024.04.19	08:00:00	138921	140899	138883	140705	2452935	9006152	1
2024.04.19	12:00:00	140711	140860	139996	140284	1624494	6350335	1
2024.04.19	16:00:00	140279	140628	140190	140489	584627	2291432	1
2024.04.22	08:00:00	141038	141060	139741	140345	2339905	8573258	1
2024.04.22	12:00:00	140345	141437	140251	141076	1544472	6129489	1
2024.04.22	16:00:00	141076	141243	140700	141137	557364	2266353	1
2024.04.23	08:00:00	140739	140755	139337	139758	2716191	9677300	1
2024.04.23	12:00:00	139752	141193	139686	140960	1602932	6436293	1
2024.04.23	16:00:00	140966	140966	140173	140234	599960	2433475	1
2024.04.24	08:00:00	140755	141043	139885	140085	2390602	8335278	1
2024.04.24	12:00:00	140079	140245	139608	140029	1595433	6283756	1
2024.04.24	16:00:00	140024	140223	139725	139841	560305	2274180	1
2024.04.25	08:00:00	139509	140993	138539	139293	2852290	10017175	1
2024.04.25	12:00:00	139293	139813	139221	139498	1702392	6630450	1
2024.04.25	16:00:00	139492	139786	139398	139481	605284	2321524	1
2024.04.26	08:00:00	140434	141730	139880	141509	2453151	8189489	1
2024.04.26	12:00:00	141514	142096	141392	142013	1166736	4574980	1
2024.04.26	16:00:00	142013	142085	141581	141819	472716	1882597	1
2024.04.29	08:00:00	141808	142268	141509	142179	2169849	7670953	1
2024.04.29	12:00:00	142184	142583	141874	142412	1486203	5523728	1
2024.04.29	16:00:00	142412	142677	142107	142583	710096	2590809	1
2024.04.30	08:00:00	142173	142506	141187	141215	2381596	8692500	1
2024.04.30	12:00:00	141221	141320	140838	141021	1423697	5449785	1
2024.04.30	16:00:00	141016	141326	140932	141099	663399	2570876	1
2024.05.02	08:00:00	142013	142744	141686	142201	2257494	8473123	1
2024.05.02	12:00:00	142207	142822	141835	142822	1579674	6228173	1
2024.05.02	16:00:00	142816	142966	142118	142118	627100	2640173	1
2024.05.03	08:00:00	142317	144384	141647	143830	2993220	10467354	1
2024.05.03	12:00:00	143835	144062	143558	143963	1230807	4830373	1
2024.05.03	16:00:00	143963	144356	143874	144229	481502	2000545	1
2024.05.06	08:00:00	144495	144572	143459	144345	2030018	7285692	1
2024.05.06	12:00:00	144345	144439	143741	143846	1397452	5675479	1
2024.05.06	16:00:00	143852	143935	143664	143669	485007	1961509	1
2024.05.07	08:00:00	143669	145043	143592	144965	2223723	8392024	1
2024.05.07	12:00:00	144971	145115	144323	144428	1270376	5100844	1
2024.05.07	16:00:00	144434	144578	144334	144428	424247	1723994	1
2024.05.08	08:00:00	143924	144478	143093	144179	2146048	8182283	1
2024.05.08	12:00:00	144184	144661	144129	144544	1270396	5361046	1
2024.05.08	16:00:00	144550	145713	144500	145060	615224	2600636	1
2024.05.09	08:00:00	143592	143619	142245	142672	2599674	9300812	1
2024.05.09	12:00:00	142666	143481	142495	143425	1676071	6327842	1
2024.05.09	16:00:00	143420	143669	143171	143647	566943	2320590	1
2024.05.10	08:00:00	143592	144062	142761	142849	2505314	9003212	1
2024.05.10	12:00:00	142844	142999	142400	142738	1327047	5377676	1
2024.05.10	16:00:00	142733	142816	142445	142628	461647	1935288	1
2024.05.13	08:00:00	143226	143724	142539	143226	2032068	7182306	1
2024.05.13	12:00:00	143231	143315	142733	143182	1594022	6220883	1
2024.05.13	16:00:00	143182	143331	143026	143259	460341	1846153	1
2024.05.14	08:00:00	142611	143996	142384	143907	2823998	10177911	1
2024.05.14	12:00:00	143902	143913	143176	143425	1454381	5972809	1
2024.05.14	16:00:00	143425	143747	143348	143741	369065	1598860	1
2024.05.15	08:00:00	142074	143093	141387	142434	2809505	10170697	1
2024.05.15	12:00:00	142434	143115	142040	143043	1592585	6446529	1
2024.05.15	16:00:00	143038	143259	142799	143159	560597	2316060	1
2024.05.16	08:00:00	143115	144029	142594	143121	2366231	8762513	1
2024.05.16	12:00:00	143126	143442	142733	143276	1552337	6258978	1
2024.05.16	16:00:00	143281	143326	142954	143043	502029	2058417	1
2024.05.17	08:00:00	143315	143342	142284	142755	2304356	8386188	1
2024.05.17	12:00:00	142755	143098	142461	142988	1171973	4825585	1
2024.05.17	16:00:00	142982	143148	142877	143148	367931	1513642	1
2024.05.20	08:00:00	143315	143337	142002	143010	2487799	9308643	1
2024.05.20	12:00:00	143010	143514	142273	142395	1248529	5151469	1
2024.05.20	16:00:00	142400	142583	142284	142351	401647	1680087	1
2024.05.21	08:00:00	142484	142871	141891	142162	3044972	11098950	1
2024.05.21	12:00:00	142162	142373	141669	142063	1762493	7103621	1
2024.05.21	16:00:00	142057	142223	141824	142046	463482	1935689	1
2024.05.22	08:00:00	141819	141863	140412	140583	2703818	10139927	1
2024.05.22	12:00:00	140583	140877	139952	140129	1847139	7258601	1
2024.05.22	16:00:00	140129	140173	139160	139248	778780	3023449	1
2024.05.23	08:00:00	139769	140101	138606	138700	2831081	10392890	1
2024.05.23	12:00:00	138700	139043	138462	138650	1668980	6394401	1
2024.05.23	16:00:00	138650	139082	138617	138994	563907	2160796	1
2024.05.24	08:00:00	139215	139514	138861	139138	2328084	8061406	1
2024.05.24	12:00:00	139138	139165	138257	138373	1345642	5241654	1
2024.05.24	16:00:00	138373	138611	137952	137952	465999	1697846	1
2024.05.27	08:00:00	138284	138589	137996	138201	1937719	6633975	1
2024.05.27	12:00:00	138201	138545	138118	138312	892239	3334200	1
2024.05.27	16:00:00	138318	138550	138312	138495	302001	1064721	1
2024.05.28	08:00:00	138955	139824	138462	138550	2339161	8986785	1
2024.05.28	12:00:00	138550	138844	137359	137581	1854000	7682728	1
2024.05.28	16:00:00	137575	137714	137210	137348	594118	2436008	1
2024.05.29	08:00:00	137077	137237	136129	136744	2144029	7982775	1
2024.05.29	12:00:00	136750	136855	136168	136501	1431341	5853656	1
2024.05.29	16:00:00	136495	136778	136285	136667	509822	2159114	1
2024.05.31	08:00:00	136667	136789	135581	135664	2156639	7973278	1
2024.05.31	12:00:00	135659	135886	135409	135670	1165062	4559556	1
2024.05.31	16:00:00	135675	136052	135564	135969	539750	2301703	1
2024.06.03	08:00:00	136124	136190	134872	135775	2441875	8755299	1
2024.06.03	12:00:00	135780	136068	135127	135891	1536014	5943327	1
2024.06.03	16:00:00	135897	135969	135138	135177	459092	1855980	1
2024.06.04	08:00:00	134861	135376	134196	134562	2760439	9511293	1
2024.06.04	12:00:00	134562	135382	134495	135055	1690636	6688022	1
2024.06.04	16:00:00	135060	135459	134855	135221	505570	2008684	1
2024.06.05	08:00:00	135509	135592	134567	135238	2386760	8688785	1
2024.06.05	12:00:00	135232	135548	134545	134739	1664059	6671845	1
2024.06.05	16:00:00	134739	134805	134517	134634	498394	2033841	1
2024.06.06	08:00:00	134839	136107	134490	135969	2381898	8511099	1
2024.06.06	12:00:00	135969	136794	135952	136345	1527544	6467457	1
2024.06.06	16:00:00	136340	136606	136102	136285	530168	2121168	1
2024.06.07	08:00:00	136224	136750	134750	135321	2618551	8855129	1
2024.06.07	12:00:00	135326	135370	134323	134340	1597692	6450060	1
2024.06.07	16:00:00	134346	134395	133382	133625	912514	3842699	1
2024.06.10	08:00:00	133725	134617	133526	134301	2453639	8817679	1
2024.06.10	12:00:00	134301	134401	133686	134030	1701731	6811560	1
2024.06.10	16:00:00	134030	134213	133853	134163	492285	1952126	1
2024.06.11	08:00:00	133509	134894	133304	134600	2713861	9489051	1
2024.06.11	12:00:00	134600	134966	134395	134944	1536709	6051881	1
2024.06.11	16:00:00	134944	135038	134756	134839	480150	1652737	1
2024.06.12	08:00:00	134632	135972	132675	133062	3199495	10713733	1
2024.06.12	12:00:00	133067	133585	132260	132675	2024637	7548886	1
2024.06.12	16:00:00	132675	133024	132408	132593	816383	3038336	1
2024.06.13	08:00:00	132811	133280	131983	132211	2894084	9560381	1
2024.06.13	12:00:00	132211	133051	131933	132806	2030782	7613712	1
2024.06.13	16:00:00	132806	132871	132255	132337	471011	1803205	1
2024.06.14	08:00:00	132233	132615	131459	132528	2631989	8928523	1
2024.06.14	12:00:00	132522	133127	131923	132380	1846591	6809169	1
2024.06.14	16:00:00	132386	132577	132315	132577	411378	1531055	1
2024.06.17	08:00:00	132451	132898	131312	131443	2304328	7739549	1
2024.06.17	12:00:00	131443	132413	131247	132075	1685905	6586751	1
2024.06.17	16:00:00	132075	132108	131634	131764	536267	2128964	1
2024.06.18	08:00:00	131416	132827	131116	132337	2815000	9569393	1
2024.06.18	12:00:00	132342	132773	132151	132266	1568270	5670837	1
2024.06.18	16:00:00	132266	132479	131923	132386	568396	2190115	1
2024.06.19	08:00:00	132451	132566	131525	131797	2206918	7450816	1
2024.06.19	12:00:00	131797	132778	131677	132713	1544566	5455440	1
2024.06.19	16:00:00	132718	133814	132598	133814	691364	2344778	1
2024.06.20	08:00:00	134381	134517	133389	133623	2800509	9724677	1
2024.06.20	12:00:00	133623	133645	132746	133514	2089695	7641033	1
2024.06.20	16:00:00	133514	133607	133002	133094	667764	2441365	1
2024.06.21	08:00:00	133105	134223	132669	133917	2522921	9081804	1
2024.06.21	12:00:00	133917	134190	133607	134130	1521365	5812016	1
2024.06.21	16:00:00	134130	134359	134108	134294	499250	1918117	1
2024.06.24	08:00:00	134185	135711	133890	135460	2239674	7869841	1
2024.06.24	12:00:00	135465	135542	135171	135307	1429416	5462849	1
2024.06.24	16:00:00	135313	135667	135242	135547	524111	1978866	1
2024.06.25	08:00:00	135215	135624	134839	135051	2421733	8355474	1
2024.06.25	12:00:00	135057	135297	134653	135095	1601149	5959934	1
2024.06.25	16:00:00	135095	135280	134920	135280	418087	1620000	1
2024.06.26	08:00:00	135340	135422	133934	134304	2559603	8865728	1
2024.06.26	12:00:00	134310	135395	134190	134844	1726839	6527719	1
2024.06.26	16:00:00	134850	135580	134795	135580	619687	2423304	1
2024.06.27	08:00:00	135231	136643	135231	135809	2534976	9209525	1
2024.06.27	12:00:00	135809	137144	135678	137090	1773161	6818701	1
2024.06.27	16:00:00	137084	137357	136910	137248	532850	2148079	1
2024.06.28	08:00:00	137177	137488	135940	136915	2657142	9948128	1
2024.06.28	12:00:00	136921	137084	136289	136610	1605990	6555107	1
2024.06.28	16:00:00	136616	136806	136359	136539	557275	2261716	1
2024.07.01	08:00:00	136921	137967	136327	137777	2712153	9843039	1
2024.07.01	12:00:00	137771	138136	137313	137422	1768271	6842292	1
2024.07.01	16:00:00	137422	137608	137253	137270	594105	2345715	1
2024.07.02	08:00:00	137030	138392	136861	137924	2771980	10360932	1
2024.07.02	12:00:00	137924	138093	136975	137755	1634272	6129858	1
2024.07.02	16:00:00	137749	137918	137548	137880	594324	2289750	1
2024.07.03	08:00:00	138147	139537	138071	139221	2340541	8633176	1
2024.07.03	12:00:00	139221	139510	138807	139177	1390256	5424782	1
2024.07.03	16:00:00	139177	139199	138512	139101	485818	1980586	1
2024.07.04	08:00:00	139537	139799	138850	138938	2303005	7909498	1
2024.07.04	12:00:00	138938	139325	138856	138927	1103375	4324727	1
2024.07.04	16:00:00	138932	139150	138883	139030	320631	1263628	1
2024.07.05	08:00:00	139101	139793	138185	138616	2658527	9480258	1
2024.07.05	12:00:00	138616	139145	138551	138943	1381136	5236790	1
2024.07.05	16:00:00	138943	139319	138818	139276	390803	1519070	1
2024.07.08	08:00:00	139101	139210	138218	138333	2501988	8659946	1
2024.07.08	12:00:00	138338	139368	138267	139123	1757767	5996880	1
2024.07.08	16:00:00	139123	139308	138954	139188	448086	1568482	1
2024.07.09	08:00:00	139183	139613	138567	139515	2518811	8864438	1
2024.07.09	12:00:00	139510	140120	139232	139859	1533456	5986706	1
2024.07.09	16:00:00	139853	140191	139739	140055	468055	1914641	1
2024.07.10	08:00:00	140218	140676	139646	139842	2667364	9063200	1
2024.07.10	12:00:00	139848	140115	139603	139913	1517051	5657496	1
2024.07.10	16:00:00	139908	140055	139701	139712	474418	1877509	1
2024.07.11	08:00:00	139973	141140	139891	140883	2801918	9811920	1
2024.07.11	12:00:00	140889	141085	140736	141009	1416173	5178711	1
2024.07.11	16:00:00	141014	141189	140927	141140	409888	1589278	1
2024.07.12	08:00:00	141085	141576	140698	141320	2529116	9127379	1
2024.07.12	12:00:00	141320	141881	141194	141816	1223669	4865833	1
2024.07.12	16:00:00	141816	141865	141619	141859	379456	1559895	1
2024.07.15	08:00:00	141663	142088	141445	141903	2148597	7477530	1
2024.07.15	12:00:00	141908	142339	141734	142317	1487629	5642819	1
2024.07.15	16:00:00	142317	142339	142121	142301	335271	1326127	1
2024.07.16	08:00:00	141935	142333	141777	142044	2211292	7962725	1
2024.07.16	12:00:00	142044	142170	141423	141772	1632460	6420890	1
2024.07.16	16:00:00	141766	142093	141717	142083	342759	1385732	1
2024.07.17	08:00:00	141696	142290	141358	142115	2222500	7962827	1
2024.07.17	12:00:00	142110	142366	141865	142235	1335141	5063011	1
2024.07.17	16:00:00	142230	142290	142006	142061	375044	1535950	1
2024.07.18	08:00:00	141963	142224	140785	140856	2280129	7981628	1
2024.07.18	12:00:00	140851	140965	140066	140213	1475287	5767250	1
2024.07.18	16:00:00	140208	140900	139951	140900	648422	2671980	1
2024.07.19	08:00:00	140671	141014	140115	140398	1408403	4547334	1
2024.07.19	12:00:00	140404	140513	139804	139842	1123987	4567996	1
2024.07.19	16:00:00	139842	140077	139428	139428	411649	1686561	1
2024.07.22	08:00:00	139973	140475	139684	140458	2169597	7432765	1
2024.07.22	12:00:00	140453	140573	140039	140311	1147560	4590231	1
2024.07.22	16:00:00	140306	140458	140191	140404	311668	1281786	1
2024.07.23	08:00:00	140044	140088	139139	139276	1895367	7271807	1
2024.07.23	12:00:00	139276	139477	138736	138785	1211862	5055810	1
2024.07.23	16:00:00	138785	138790	138120	138322	443252	1813127	1
2024.07.24	08:00:00	138452	138905	138278	138878	1871464	7106161	1
2024.07.24	12:00:00	138878	138965	138294	138518	1185368	4901876	1
2024.07.24	16:00:00	138518	138801	138392	138670	412534	1834433	1
2024.07.25	08:00:00	138169	138278	137559	137984	2075037	7350110	1
2024.07.25	12:00:00	137984	138311	137798	137973	1244949	4805918	1
2024.07.25	16:00:00	137967	138147	137913	138011	360361	1425955	1
2024.07.26	08:00:00	138556	138676	138011	138572	1752656	6400115	1
2024.07.26	12:00:00	138567	139864	138567	139613	1322662	5486794	1
2024.07.26	16:00:00	139608	139946	139532	139788	387340	1770115	1
2024.07.29	08:00:00	139662	139886	138600	138670	1665498	6402449	1
2024.07.29	12:00:00	138670	139057	138578	138981	1071412	4468601	1
2024.07.29	16:00:00	138987	139352	138927	139314	376657	1679288	1
2024.07.30	08:00:00	139014	139172	138093	138327	1638866	6336063	1
2024.07.30	12:00:00	138327	138338	137820	138158	1064780	4359709	1
2024.07.30	16:00:00	138158	138420	138044	138349	407354	1821578	1
2024.07.31	08:00:00	138883	139592	138507	139172	1741466	6509705	1
2024.07.31	12:00:00	139177	139831	139123	139766	1197733	4870115	1
2024.07.31	16:00:00	139766	139859	139281	139652	629440	2641967	1
2024.08.01	08:00:00	139515	140982	139226	140251	1875681	7197770	1
2024.08.01	12:00:00	140257	140273	139019	139047	1618134	6660354	1
2024.08.01	16:00:00	139041	139444	139008	139221	512407	2050193	1
2024.08.02	08:00:00	138790	140006	138071	138087	2510182	9060607	1
2024.08.02	12:00:00	138082	138185	137629	137684	1441176	5110167	1
2024.08.02	16:00:00	137684	138202	137455	138202	513599	1874738	1
2024.08.05	08:00:00	134948	136130	134228	135809	3039485	9981166	1
2024.08.05	12:00:00	135803	136932	135558	136485	1845199	6936382	1
2024.08.05	16:00:00	136490	137995	136447	137471	585398	2102615	1
2024.08.06	08:00:00	137411	137417	136643	136839	2598350	8814124	1
2024.08.06	12:00:00	136839	138709	136828	138431	1718822	6475600	1
2024.08.06	16:00:00	138431	138436	137384	137608	733380	2863034	1
2024.08.07	08:00:00	138338	139166	138125	138632	2467576	8358013	1
2024.08.07	12:00:00	138632	138905	138267	138779	1779979	6332571	1
2024.08.07	16:00:00	138785	139412	138730	139188	685867	2587471	1
2024.08.08	08:00:00	138883	140322	138878	140186	2123002	7754013	1
2024.08.08	12:00:00	140180	140600	140104	140453	1154488	4555604	1
2024.08.08	16:00:00	140453	140916	140273	140802	524125	1998018	1
2024.08.09	08:00:00	140447	141543	140229	141488	2106201	7796068	1
2024.08.09	12:00:00	141488	142666	141478	142399	1363554	5585250	1
2024.08.09	16:00:00	142399	142987	142333	142797	424832	1889315	1
2024.08.12	08:00:00	142808	143701	142704	143483	1939014	6709017	1
2024.08.12	12:00:00	143478	143685	143047	143298	1374644	5234399	1
2024.08.12	16:00:00	143293	143483	143151	143271	426891	1713395	1
2024.08.13	08:00:00	143374	144268	143331	144127	1965105	7216860	1
2024.08.13	12:00:00	144121	144486	143876	144399	1266217	5266876	1
2024.08.13	16:00:00	144399	144552	144334	144552	374381	1296256	1
2024.08.14	08:00:00	144482	145029	144278	144900	1871183	6198218	1
2024.08.14	12:00:00	144906	145920	144804	145839	1313412	5077234	1
2024.08.14	16:00:00	145839	145861	144621	145104	538133	2172409	1
2024.08.15	08:00:00	145276	146349	145217	146311	1927270	7024541	1
2024.08.15	12:00:00	146311	146735	146177	146279	1151542	4888819	1
2024.08.15	16:00:00	146284	146494	146204	146365	439031	1770083	1
2024.08.16	08:00:00	146123	147035	146038	146343	1776340	6587948	1
2024.08.16	12:00:00	146349	146692	145941	146118	1224223	5046280	1
2024.08.16	16:00:00	146118	146172	145952	146129	347344	1434601	1
2024.08.19	08:00:00	146290	147518	146258	147454	1745157	6487190	1
2024.08.19	12:00:00	147448	148478	147373	148081	1221793	5264441	1
2024.08.19	16:00:00	148076	148409	147813	148317	538055	2228468	1
2024.08.20	08:00:00	148108	148382	147416	147738	2031535	7453991	1
2024.08.20	12:00:00	147744	148564	147695	148398	1369658	5600463	1
2024.08.20	16:00:00	148398	148623	148264	148500	463942	1898187	1
2024.08.21	08:00:00	148688	149219	148500	148596	1913145	6882670	1
2024.08.21	12:00:00	148596	148956	148334	148790	1315680	5047150	1
2024.08.21	16:00:00	148795	148918	148634	148875	390862	1529966	1
2024.08.22	08:00:00	148832	148838	147486	147668	1929782	7019891	1
2024.08.22	12:00:00	147674	147760	146703	147094	1595747	6389371	1
2024.08.22	16:00:00	147089	147448	146869	147357	543088	2116610	1
2024.08.23	08:00:00	147797	148425	147325	148403	2158713	7723108	1
2024.08.23	12:00:00	148403	148575	148060	148103	1123520	4323914	1
2024.08.23	16:00:00	148098	148162	147609	147786	434099	1673183	1
2024.08.26	08:00:00	148017	148902	147808	148527	2109669	7445868	1
2024.08.26	12:00:00	148527	149074	148216	148934	1300081	5043735	1
2024.08.26	16:00:00	148940	149020	148816	148924	357889	1465824	1
2024.08.27	08:00:00	148859	149203	148548	149009	2062051	7539118	1
2024.08.27	12:00:00	149009	149192	148704	148950	989765	4071547	1
2024.08.27	16:00:00	148950	149074	148666	148725	341097	1359822	1
2024.08.28	08:00:00	148334	148709	147540	148537	2036075	7626773	1
2024.08.28	12:00:00	148537	149144	148221	149106	1414267	5961908	1
2024.08.28	16:00:00	149106	149428	149009	149305	558059	2338701	1
2024.08.29	08:00:00	149465	149583	147867	148049	1906085	7502320	1
2024.08.29	12:00:00	148044	148130	147529	147937	1323524	5634519	1
2024.08.29	16:00:00	147931	148092	147411	147486	473355	2094049	1
2024.08.30	08:00:00	147840	148028	146445	147684	2374809	8687356	1
2024.08.30	12:00:00	147679	147904	146783	146982	1257885	4888155	1
2024.08.30	16:00:00	146982	149117	146950	148081	706618	2820199	1
2024.09.02	08:00:00	147250	147502	146043	146333	1991693	7035528	1
2024.09.02	12:00:00	146327	146923	146225	146419	940830	3533319	1
2024.09.02	16:00:00	146419	146644	146145	146145	408354	1507648	1
2024.09.03	08:00:00	145582	146542	145480	146048	2375141	8877597	1
2024.09.03	12:00:00	146048	146370	145796	145946	1334311	5201371	1
2024.09.03	16:00:00	145946	146177	145592	146145	520489	2116548	1
2024.09.04	08:00:00	145780	148548	145646	148478	2273853	8559311	1
2024.09.04	12:00:00	148484	148511	147684	147808	1187741	4895618	1
2024.09.04	16:00:00	147813	148387	147717	147969	700306	2923417	1
2024.09.05	08:00:00	147894	148419	147271	147620	2169813	7651323	1
2024.09.05	12:00:00	147625	148269	147491	147926	1388401	5427213	1
2024.09.05	16:00:00	147926	148371	147867	148339	409986	1749806	1
2024.09.06	08:00:00	147840	148891	146461	146537	2618737	8842542	1
2024.09.06	12:00:00	146542	146998	145732	146038	1434039	5567825	1
2024.09.06	16:00:00	146043	146075	145533	145818	407324	1643061	1
2024.09.09	08:00:00	146445	146767	145759	146327	1996811	6748054	1
2024.09.09	12:00:00	146322	146483	145887	146145	1076336	4050946	1
2024.09.09	16:00:00	146140	146247	145748	145748	378831	1490874	1
2024.09.10	08:00:00	145630	146064	144874	145083	2047231	7258337	1
2024.09.10	12:00:00	145083	145523	144890	145485	1166735	4456172	1
2024.09.10	16:00:00	145485	145689	145297	145501	468497	1934173	1
2024.09.11	08:00:00	145802	146242	144852	145083	2448810	8682017	1
2024.09.11	12:00:00	145088	146177	145013	145764	1310440	5075748	1
2024.09.11	16:00:00	145759	146059	145582	145673	374392	1417498	1
2024.09.12	08:00:00	146215	146225	144541	144621	1934990	7151286	1
2024.09.12	12:00:00	144621	145437	144568	145319	1204735	5011272	1
2024.09.12	16:00:00	145319	145362	144981	145115	329366	1408186	1
2024.09.13	08:00:00	145104	147073	144938	147009	2011707	7104382	1
2024.09.13	12:00:00	147009	147014	145721	145973	1173477	4792800	1
2024.09.13	16:00:00	145973	146166	145855	145925	295611	1241723	1
2024.09.16	08:00:00	146166	146858	145748	146301	1960232	6809138	1
2024.09.16	12:00:00	146295	146360	145925	146048	949920	3596344	1
2024.09.16	16:00:00	146054	146311	145979	146182	314051	1237457	1
2024.09.17	08:00:00	146499	146697	144986	145330	2292324	8529453	1
2024.09.17	12:00:00	145324	145818	145222	145716	1251478	4903946	1
2024.09.17	16:00:00	145716	146215	145614	146215	363537	1475153	1
2024.09.18	08:00:00	145952	146113	144799	144900	2295834	8239710	1
2024.09.18	12:00:00	144900	146172	144611	145094	1927856	6950866	1
2024.09.18	16:00:00	145088	145179	144246	144407	996555	3563277	1
2024.09.19	08:00:00	145641	146102	144096	144461	2636456	8994647	1
2024.09.19	12:00:00	144455	144718	143892	144123	1313939	5011611	1
2024.09.19	16:00:00	144123	144192	143409	143457	464946	1807305	1
2024.09.20	08:00:00	143484	143887	142208	142283	2657832	8846994	1
2024.09.20	12:00:00	142283	142395	141306	141499	1333622	5210044	1
2024.09.20	16:00:00	141499	141719	141199	141199	519817	2060399	1
2024.09.23	08:00:00	140974	141349	140384	141006	2376508	8059518	1
2024.09.23	12:00:00	141011	141231	140679	140738	1207257	4460493	1
2024.09.23	16:00:00	140743	141060	140716	140931	439417	1650852	1
2024.09.24	08:00:00	142250	143618	142079	142293	2564581	8752011	1
2024.09.24	12:00:00	142293	142953	141977	142873	1248983	4804670	1
2024.09.24	16:00:00	142873	142878	142486	142583	387871	1473898	1
2024.09.25	08:00:00	143087	143597	142256	142562	2426452	7941545	1
2024.09.25	12:00:00	142556	142690	141794	142031	1367353	5291629	1
2024.09.25	16:00:00	142031	142390	141805	142079	368663	1432234	1
2024.09.26	08:00:00	143012	143763	142417	142444	2596790	8301541	1
2024.09.26	12:00:00	142444	143752	142433	143554	1290279	4900048	1
2024.09.26	16:00:00	143554	143629	143211	143264	506901	1918953	1
2024.09.27	08:00:00	143334	144402	142803	144101	2173757	7345758	1
2024.09.27	12:00:00	144101	144219	143039	143125	1348630	5189486	1
2024.09.27	16:00:00	143125	143297	142921	143087	416344	1623649	1
2024.09.30	08:00:00	143457	143972	142637	143173	2009915	6278802	1
2024.09.30	12:00:00	143173	143356	142116	142454	1233667	4580168	1
2024.09.30	16:00:00	142454	142540	142106	142342	515541	1916711	1
2024.10.01	08:00:00	142095	143425	142014	143393	2964296	9694139	1
2024.10.01	12:00:00	143393	143752	142701	143216	1936366	7418211	1
2024.10.01	16:00:00	143216	143318	142615	143211	575971	2183515	1
2024.10.02	08:00:00	143463	145351	143382	144391	2938126	9497718	1
2024.10.02	12:00:00	144391	144820	143527	143688	1547690	5839944	1
2024.10.02	16:00:00	143688	144090	143629	143913	484193	1753834	1
2024.10.03	08:00:00	143629	143699	141124	141172	3011424	10165732	1
2024.10.03	12:00:00	141167	141972	141156	141693	1584934	6205262	1
2024.10.03	16:00:00	141693	141811	141478	141532	525694	2126906	1
2024.10.04	08:00:00	141778	142261	140904	141580	2804729	9059552	1
2024.10.04	12:00:00	141575	141913	141274	141875	1044486	4253237	1
2024.10.04	16:00:00	141875	141934	141682	141843	317589	1325850	1
2024.10.07	08:00:00	141521	143066	141457	142315	2483467	8118213	1
2024.10.07	12:00:00	142315	142363	141580	141773	1392519	5401211	1
2024.10.07	16:00:00	141778	142063	141666	141955	435102	1727336	1
2024.10.08	08:00:00	140958	141296	140115	141060	2877733	9513310	1
2024.10.08	12:00:00	141054	141548	140904	141247	1309356	5261511	1
2024.10.08	16:00:00	141253	141430	141054	141430	427682	1741491	1
2024.10.09	08:00:00	141349	141430	139584	140126	2348820	8308620	1
2024.10.09	12:00:00	140126	140255	139322	139418	1412222	5764407	1
2024.10.09	16:00:00	139418	139708	139375	139477	460048	1951699	1
2024.10.10	08:00:00	139729	140040	139359	139890	2274077	7283975	1
2024.10.10	12:00:00	139890	140083	139423	139960	1087884	4392464	1
2024.10.10	16:00:00	139960	140164	139890	139981	326804	1353512	1
2024.10.11	08:00:00	139837	140486	138801	139375	2200470	7658468	1
2024.10.11	12:00:00	139381	139681	138968	139477	1093183	4410738	1
2024.10.11	16:00:00	139482	139906	139429	139761	301309	1254341	1
2024.10.14	08:00:00	139579	140083	138849	139981	2618809	8458667	1
2024.10.14	12:00:00	139987	140834	139257	140722	1514468	6047838	1
2024.10.14	16:00:00	140716	140824	140475	140748	358209	1508710	1
2024.10.15	08:00:00	140126	140899	139692	140496	2541141	8872723	1
2024.10.15	12:00:00	140502	140668	140024	140448	1168846	4662683	1
2024.10.15	16:00:00	140443	140652	140260	140292	379897	1442869	1
2024.10.16	08:00:00	140435	141189	140140	140951	2597010	8773356	1
2024.10.16	12:00:00	140946	141668	140625	141110	1350072	5442168	1
2024.10.16	16:00:00	141115	141157	140725	140725	384645	1708116	1
2024.10.17	08:00:00	140593	140688	139117	139929	2351398	8298688	1
2024.10.17	12:00:00	139929	140229	139576	140050	1066337	4303715	1
2024.10.17	16:00:00	140055	140319	140050	140256	301294	1353314	1
2024.10.18	08:00:00	140730	141099	139307	139765	2325774	8657017	1
2024.10.18	12:00:00	139765	139776	139338	139681	917505	3892590	1
2024.10.18	16:00:00	139681	140008	139507	139507	380510	1692650	1
2024.10.21	08:00:00	139328	140356	139191	139618	2556366	8846458	1
2024.10.21	12:00:00	139623	139908	139291	139475	1252299	4983474	1
2024.10.21	16:00:00	139470	139639	139412	139412	296452	1266177	1
2024.10.22	08:00:00	139233	139322	138084	138516	2906620	10603376	1
2024.10.22	12:00:00	138511	139064	138142	138990	1303746	5498955	1
2024.10.22	16:00:00	138990	139386	138969	139307	344733	1481033	1
2024.10.23	08:00:00	138663	138685	137525	137804	2631837	9528347	1
2024.10.23	12:00:00	137809	138273	137641	138105	1298139	5427224	1
2024.10.23	16:00:00	138105	138252	137915	137915	325554	1508393	1
2024.10.24	08:00:00	138458	138711	137714	138410	2425302	8529568	1
2024.10.24	12:00:00	138410	139059	137772	138642	1553380	6250190	1
2024.10.24	16:00:00	138642	139407	138632	139370	441357	1801829	1
2024.10.25	08:00:00	139496	139560	138816	139312	2397961	8181137	1
2024.10.25	12:00:00	139307	139359	138663	138964	1340081	5324845	1
2024.10.25	16:00:00	138964	139022	138632	138632	345253	1450986	1
2024.10.28	08:00:00	138758	140192	138500	140124	2190489	7820539	1
2024.10.28	12:00:00	140124	140488	140045	140235	1154468	4789055	1
2024.10.28	16:00:00	140235	140825	140134	140651	438072	1943750	1
2024.10.29	08:00:00	140366	140746	140108	140256	2500126	8996816	1
2024.10.29	12:00:00	140256	140493	139586	139665	1259531	5332304	1
2024.10.29	16:00:00	139670	139813	139528	139607	359611	1586263	1
2024.10.30	08:00:00	139444	139923	139059	139533	2195671	7757625	1
2024.10.30	12:00:00	139528	139934	139449	139618	994602	4065012	1
2024.10.30	16:00:00	139618	139633	139328	139328	310680	1408487	1
2024.10.31	08:00:00	139117	139533	138711	138953	2268691	7785661	1
2024.10.31	12:00:00	138948	139117	138495	138658	1101831	4481733	1
2024.10.31	16:00:00	138653	138716	138157	138273	409420	1749774	1
2024.11.01	08:00:00	138616	138795	137351	137609	2126798	7785705	1
2024.11.01	12:00:00	137609	137620	136760	136866	1029159	4304520	1
2024.11.01	16:00:00	136871	136887	136012	136196	443359	1939834	1
2024.11.04	08:00:00	137071	138806	137071	138732	1969533	7082704	1
2024.11.04	12:00:00	138732	139359	138658	138895	1446668	6265622	1
2024.11.04	16:00:00	138901	139322	138774	139175	468960	2070176	1
2024.11.05	08:00:00	139101	139312	138368	138537	2080120	7497797	1
2024.11.05	12:00:00	138537	139275	138263	139201	1248738	5161539	1
2024.11.05	16:00:00	139201	139460	139054	139106	425092	1868403	1
2024.11.06	08:00:00	137762	138105	136839	137514	2935912	9915008	1
2024.11.06	12:00:00	137519	139201	137467	138806	1900397	7352996	1
2024.11.06	16:00:00	138806	139006	137535	137535	423737	1882355	1
2024.11.07	08:00:00	138284	139881	138015	139090	2685049	9098890	1
2024.11.07	12:00:00	139085	139249	137709	138041	1703057	6806836	1
2024.11.07	16:00:00	138036	138574	137788	138057	795650	2979411	1
2024.11.08	08:00:00	137177	137430	135658	135843	2384664	8469841	1
2024.11.08	12:00:00	135848	135969	134989	135611	1648331	6519391	1
2024.11.08	16:00:00	135606	136381	135521	135880	738435	3082916	1
2024.11.11	08:00:00	135437	135822	135205	135411	2372528	8115288	1
2024.11.11	12:00:00	135411	136244	135358	135933	1309138	5386285	1
2024.11.11	16:00:00	135933	136175	135796	135911	502971	2048253	1
2024.11.12	08:00:00	135511	136281	135205	135864	2281237	8219732	1
2024.11.12	12:00:00	135864	136122	135374	135743	1359970	5270201	1
2024.11.12	16:00:00	135738	135827	135532	135701	404217	1673075	1
2024.11.13	08:00:00	135806	136254	134862	135047	2513056	8689358	1
2024.11.13	12:00:00	135047	135368	134773	134941	1370405	5394882	1
2024.11.13	16:00:00	134941	136138	134931	135759	775737	3167257	1
2024.11.14	08:00:00	136085	136481	135332	136143	2423839	8268968	1
2024.11.14	12:00:00	136143	136328	135590	135917	1262485	4753201	1
2024.11.14	16:00:00	135917	136112	135585	135616	531749	2050185	1
2024.11.18	08:00:00	135859	136328	135200	135521	2224472	7370196	1
2024.11.18	12:00:00	135527	135959	135073	135569	1381724	5016600	1
2024.11.18	16:00:00	135564	135885	135537	135574	436239	1610564	1
2024.11.19	08:00:00	135374	136291	135010	136091	2580017	8411344	1
2024.11.19	12:00:00	136085	136523	135880	136165	1389736	5181653	1
2024.11.19	16:00:00	136159	136302	135938	136291	414426	1625076	1
2024.11.21	08:00:00	135911	136191	134425	134551	2427361	8372964	1
2024.11.21	12:00:00	134551	135252	134277	134873	1576368	6247464	1
2024.11.21	16:00:00	134878	135163	134599	134651	549113	2201907	1
2024.11.22	08:00:00	134709	135764	134630	135337	2416597	8276620	1
2024.11.22	12:00:00	135332	136439	135300	136402	1395055	5591359	1
2024.11.22	16:00:00	136407	137530	136238	137240	615091	2536368	1
2024.11.25	08:00:00	137382	137419	136644	136940	2325164	7692139	1
2024.11.25	12:00:00	136940	137071	136639	136987	1062472	4135016	1
2024.11.25	16:00:00	136982	137229	136602	136713	643217	2470852	1
2024.11.26	08:00:00	136491	137725	136344	137530	2352805	7796780	1
2024.11.26	12:00:00	137530	137962	137425	137741	1257296	4861437	1
2024.11.26	16:00:00	137741	138120	137504	137825	597655	2384924	1
2024.11.27	08:00:00	137704	138036	137219	137609	2236173	7513029	1
2024.11.27	12:00:00	137614	137646	134831	135463	2317866	8417497	1
2024.11.27	16:00:00	135463	135864	134868	135036	739783	2705136	1
2024.11.28	08:00:00	135226	135226	133391	133608	2320861	7944239	1
2024.11.28	12:00:00	133602	133724	133170	133323	938383	3701977	1
2024.11.28	16:00:00	133323	133344	131573	132084	797088	2921673	1
2024.11.29	08:00:00	132479	132680	131172	132073	2985953	9015519	1
2024.11.29	12:00:00	132079	132938	131984	132137	1783333	5310558	1
2024.11.29	16:00:00	132137	133565	131994	132870	847507	2402594	1
2024.12.02	08:00:00	133181	133265	131905	132701	2490050	8307602	1
2024.12.02	12:00:00	132706	133233	132258	132833	1672731	5976979	1
2024.12.02	16:00:00	132833	132949	132379	132432	568615	2053609	1
2024.12.03	08:00:00	133017	133724	132537	133080	2597422	8704924	1
2024.12.03	12:00:00	133080	133486	132732	133439	1488509	5216079	1
2024.12.03	16:00:00	133444	133507	133128	133181	567798	2030806	1
2024.12.04	08:00:00	133207	134040	132833	133913	2253485	7515856	1
2024.12.04	12:00:00	133913	134056	133207	133391	1484283	5493337	1
2024.12.04	16:00:00	133391	133497	133065	133339	514424	1924989	1
2024.12.05	08:00:00	133529	135347	133138	135268	2234217	7890086	1
2024.12.05	12:00:00	135268	135379	134831	135100	1175879	4829536	1
2024.12.05	16:00:00	135100	135300	134804	135300	546240	2194894	1
2024.12.06	08:00:00	134926	134978	133608	133666	2256642	7534938	1
2024.12.06	12:00:00	133666	133697	132838	132975	1364377	5451494	1
2024.12.06	16:00:00	132975	133333	132859	132959	499408	1979539	1
2024.12.09	08:00:00	133634	134709	133386	134478	1829393	6117066	1
2024.12.09	12:00:00	134478	134720	134103	134251	1289170	4702519	1
2024.12.09	16:00:00	134256	134509	134235	134319	423946	1642707	1
2024.12.10	08:00:00	135237	135753	134815	135379	2477546	8181826	1
2024.12.10	12:00:00	135379	135511	134931	135079	1101668	4041517	1
2024.12.10	16:00:00	135079	135574	135015	135453	485408	1855727	1
2024.12.11	08:00:00	135237	136043	134773	134847	2361886	7922215	1
2024.12.11	12:00:00	134852	135094	134462	134773	1191716	4635774	1
2024.12.11	16:00:00	134773	138431	134767	137129	1637115	4981392	1
2024.12.12	08:00:00	137345	137577	133956	134246	2354716	8199859	1
2024.12.12	12:00:00	134246	134272	133117	133170	1462439	5907132	1
2024.12.12	16:00:00	133165	133565	132801	133128	912093	3623330	1
2024.12.13	08:00:00	133175	133434	132300	132453	2079934	6965597	1
2024.12.13	12:00:00	132453	132717	131994	132237	1422130	5083477	1
2024.12.13	16:00:00	132232	132269	131367	131799	668871	2284112	1
2024.12.16	08:00:00	131599	131820	131056	131488	2079189	6537220	1
2024.12.16	12:00:00	131483	131678	131103	131409	1267906	4328633	1
2024.12.16	16:00:00	131404	131420	130028	130176	665267	2380478	1
2024.12.17	08:00:00	130244	131309	130212	130629	2347034	7041444	1
2024.12.17	12:00:00	130634	132253	130518	131488	2225845	7404735	1
2024.12.17	16:00:00	131488	131989	131146	131768	771434	2414760	1
2024.12.18	08:00:00	131617	131903	129660	129686	2026640	6063384	1
2024.12.18	12:00:00	129686	129717	128606	128731	1633733	5619718	1
2024.12.18	16:00:00	128736	128741	126726	127900	1366455	4406820	1
2024.12.19	08:00:00	128601	128658	127614	128222	2502005	7544065	1
2024.12.19	12:00:00	128227	128497	127692	128082	1485349	4963236	1
2024.12.19	16:00:00	128082	128211	127510	127708	690214	2222086	1
2024.12.20	08:00:00	127303	127889	127064	127552	1994121	5968539	1
2024.12.20	12:00:00	127557	128705	127417	128455	1514168	5057251	1
2024.12.20	16:00:00	128455	128736	128102	128699	571313	1903477	1
2024.12.23	08:00:00	128185	128310	127147	127189	1705549	5144463	1
2024.12.23	12:00:00	127194	127542	126898	127531	1058038	3560885	1
2024.12.23	16:00:00	127531	127578	126778	126861	534033	1751668	1
2024.12.26	08:00:00	126893	127407	126327	127235	1827055	5212884	1
2024.12.26	12:00:00	127235	127832	127080	127464	1194017	3978992	1
2024.12.26	16:00:00	127464	127464	127048	127344	489742	1617765	1
2024.12.27	08:00:00	127204	127796	126706	127017	1776277	5300085	1
2024.12.27	12:00:00	127022	127054	126249	126290	1186354	3862507	1
2024.12.27	16:00:00	126285	126425	125958	126197	525854	1744837	1
2024.12.30	08:00:00	126166	127105	126103	126441	1614913	4838519	1
2024.12.30	12:00:00	126436	126836	126067	126311	1199073	3898355	1
2024.12.30	16:00:00	126306	126675	126171	126285	437851	1434323	1
2025.01.02	08:00:00	126462	127069	124915	125652	1835244	5283701	1
2025.01.02	12:00:00	125657	126654	125652	126098	1600747	5236025	1
2025.01.02	16:00:00	126098	126181	125787	126015	524163	1672243	1
2025.01.03	08:00:00	125917	126228	125024	125153	1973938	5941778	1
2025.01.03	12:00:00	125148	125174	124219	124302	1207530	4098124	1
2025.01.03	16:00:00	124302	124458	124063	124084	423141	1477281	1
2025.01.06	08:00:00	124525	126036	124421	125885	2283432	6983875	1
2025.01.06	12:00:00	125891	126129	125351	125558	1383371	4543033	1
2025.01.06	16:00:00	125553	125813	125460	125724	464119	1555393	1
2025.01.07	08:00:00	125704	127194	125553	127033	2041729	6644754	1
2025.01.07	12:00:00	127033	127568	126685	126976	1446415	5017919	1
2025.01.07	16:00:00	126970	127147	126581	127121	555375	1920136	1
2025.01.08	08:00:00	126887	127043	125356	125475	2173719	6806420	1
2025.01.08	12:00:00	125480	125797	125081	125195	1186461	3991578	1
2025.01.08	16:00:00	125200	125486	124987	125423	523058	1769761	1
2025.01.09	08:00:00	125408	125584	125096	125480	1894341	5902081	1
2025.01.09	12:00:00	125475	125797	125413	125501	893351	3305950	1
2025.01.09	16:00:00	125506	125615	125278	125382	439809	1648137	1
2025.01.10	08:00:00	125756	126078	124556	124613	1899058	5896982	1
2025.01.10	12:00:00	124608	124878	124245	124831	1194511	4323396	1
2025.01.10	16:00:00	124831	124837	124328	124655	510117	1791563	1
2025.01.13	08:00:00	124380	125086	124151	124904	1941512	6109902	1
2025.01.13	12:00:00	124904	125278	124452	124510	1119734	4054709	1
2025.01.13	16:00:00	124515	124598	124364	124364	416852	1573996	1
2025.01.14	08:00:00	124842	125133	123622	124141	2490583	7961564	1
2025.01.14	12:00:00	124146	124806	124115	124510	1143722	3685317	1
2025.01.14	16:00:00	124504	124992	124473	124941	503300	1695566	1
2025.01.15	08:00:00	124883	126716	124883	126264	1904568	6314487	1
2025.01.15	12:00:00	126270	127048	125979	126960	1118632	4459301	1
2025.01.15	16:00:00	126965	128715	126929	128227	867385	3810666	1
2025.01.16	08:00:00	127874	128154	127069	127199	2063860	6860261	1
2025.01.16	12:00:00	127194	127277	126259	126332	1202199	4318306	1
2025.01.16	16:00:00	126327	127007	126280	126643	530780	1897593	1
2025.01.17	08:00:00	127266	127671	126482	127625	2057766	6873526	1
2025.01.17	12:00:00	127619	128294	127578	127848	1126207	4225025	1
2025.01.17	16:00:00	127848	128258	127484	127588	504855	1922940	1
2025.01.20	08:00:00	127625	128596	126934	128512	2203832	7271152	1
2025.01.20	12:00:00	128512	128679	128019	128170	1155383	3989173	1
2025.01.20	16:00:00	128165	128819	128056	128429	450659	1458904	1
2025.01.21	08:00:00	128175	128346	127588	127973	1906254	6193223	1
2025.01.21	12:00:00	127973	128751	127895	128632	1166081	4239303	1
2025.01.21	16:00:00	128632	129078	128585	128798	429807	1525748	1
2025.01.22	08:00:00	128995	129556	128621	128689	1984015	6485108	1
2025.01.22	12:00:00	128689	129104	128564	128814	1071069	3863281	1
2025.01.22	16:00:00	128814	128995	128352	128507	458517	1709348	1
2025.01.23	08:00:00	128549	129514	128154	128486	2039791	6818466	1
2025.01.23	12:00:00	128486	128570	127931	128014	1271318	4571904	1
2025.01.23	16:00:00	128019	128050	127542	127838	531546	1968363	1
2025.01.24	08:00:00	128082	128305	127500	127645	1923946	6119682	1
2025.01.24	12:00:00	127645	128030	127557	127832	898565	3212429	1
2025.01.24	16:00:00	127838	127993	127656	127832	282214	997000	1
2025.01.27	08:00:00	127043	129437	126877	129172	2083939	6899903	1
2025.01.27	12:00:00	129172	130080	128871	129842	1339285	4790678	1
2025.01.27	16:00:00	129847	130475	129764	130314	497769	1835047	1
2025.01.28	08:00:00	130054	130423	129587	129681	1809444	5778679	1
2025.01.28	12:00:00	129681	129857	129343	129691	1119204	4021827	1
2025.01.28	16:00:00	129691	129764	129260	129509	386203	1364603	1
2025.01.29	08:00:00	129649	130350	128876	129281	1765048	5724671	1
2025.01.29	12:00:00	129286	129639	129099	129229	967875	3358252	1
2025.01.29	16:00:00	129234	129302	128497	128705	785800	2544346	1
2025.01.30	08:00:00	129224	131124	129011	130802	2212918	7169266	1
2025.01.30	12:00:00	130802	132541	130729	132360	1331038	4828954	1
2025.01.30	16:00:00	132360	132640	132007	132334	782192	2813128	1
2025.01.31	08:00:00	132193	132925	132095	132510	1933052	5928720	1
2025.01.31	12:00:00	132510	132697	131820	131908	1347154	4344909	1
2025.01.31	16:00:00	131908	131986	131358	131612	625252	2053855	1
2025.02.03	08:00:00	130537	131399	130278	131072	1805548	5600543	1
2025.02.03	12:00:00	131072	131768	130870	130906	1678833	5527884	1
2025.02.03	16:00:00	130906	131295	130870	131269	436795	1500641	1
2025.02.04	08:00:00	131352	131389	129758	130444	1956929	6002436	1
2025.02.04	12:00:00	130449	131041	130335	130709	1312191	4416107	1
2025.02.04	16:00:00	130709	130735	130174	130262	451338	1476247	1
2025.02.05	08:00:00	130366	130735	129634	130236	1978624	6198137	1
2025.02.05	12:00:00	130241	130958	130221	130548	1146597	3955669	1
2025.02.05	16:00:00	130548	130766	130496	130703	399711	1387834	1
2025.02.06	08:00:00	130781	131306	130210	130672	2038897	6449108	1
2025.02.06	12:00:00	130667	131342	130382	131280	1180181	4144282	1
2025.02.06	16:00:00	131280	131503	130958	130958	449608	1521359	1
2025.02.07	08:00:00	131233	131607	130392	130724	1868564	5723018	1
2025.02.07	12:00:00	130719	130771	129089	129265	1615996	5411975	1
2025.02.07	16:00:00	129260	129790	129198	129717	530194	1750964	1
2025.02.10	08:00:00	129899	131342	129649	130480	1957093	6321713	1
2025.02.10	12:00:00	130485	130968	130376	130548	982171	3543666	1
2025.02.10	16:00:00	130542	130683	130392	130470	414245	1464584	1
2025.02.11	08:00:00	130574	131872	130382	131306	1930683	6175764	1
2025.02.11	12:00:00	131311	131529	130968	131389	892788	3191269	1
2025.02.11	16:00:00	131389	131586	131207	131446	389960	1265060	1
2025.02.12	08:00:00	131425	131741	129067	129490	2491250	7332628	1
2025.02.12	12:00:00	129490	129602	128798	129322	1358286	4702522	1
2025.02.12	16:00:00	129322	129439	128762	128762	543341	1969109	1
2025.02.13	08:00:00	129286	129388	128375	128792	1798065	5764757	1
2025.02.13	12:00:00	128792	129307	128624	129149	1236478	4455252	1
2025.02.13	16:00:00	129149	129653	129037	129500	447150	1653792	1
2025.02.14	08:00:00	129378	131217	129353	131105	1753612	5823439	1
2025.02.14	12:00:00	131105	132159	131064	132133	1021368	3691531	1
2025.02.14	16:00:00	132133	133371	132133	132877	801985	3034716	1
2025.02.17	08:00:00	132872	134074	132841	133916	1730495	5300605	1
2025.02.17	12:00:00	133916	134389	133615	133763	1047005	3471147	1
2025.02.17	16:00:00	133768	134079	133188	133310	539871	1761307	1
2025.02.18	08:00:00	133738	133763	132714	133437	1876312	6204096	1
2025.02.18	12:00:00	133437	134053	133045	133208	1161636	4235862	1
2025.02.18	16:00:00	133203	133305	132729	133198	494841	1835052	1
2025.02.19	08:00:00	133025	133045	131853	132220	1789483	5977009	1
2025.02.19	12:00:00	132225	132449	131716	131767	972352	3581597	1
2025.02.19	16:00:00	131767	131996	131548	131792	470280	1793690	1
2025.02.20	08:00:00	132108	132413	131492	132215	1828403	5936005	1
2025.02.20	12:00:00	132215	132393	131609	131792	1022507	3783197	1
2025.02.20	16:00:00	131797	132266	131746	131874	385996	1416080	1
2025.02.21	08:00:00	131925	132159	131313	131466	1667433	5235428	1
2025.02.21	12:00:00	131461	131746	130830	131089	1195456	4099929	1
2025.02.21	16:00:00	131094	131690	131074	131558	446854	1547138	1
2025.02.24	08:00:00	131838	132184	131135	131181	1913004	6145698	1
2025.02.24	12:00:00	131181	131217	130055	130081	1209467	4302819	1
2025.02.24	16:00:00	130076	130137	129424	129918	583242	2259239	1
2025.02.25	08:00:00	129989	131140	129908	130901	2080713	6483512	1
2025.02.25	12:00:00	130896	131028	130234	130509	1319103	4593372	1
2025.02.25	16:00:00	130514	130672	130091	130188	495041	1818775	1
2025.02.26	08:00:00	130702	131532	129261	129546	2202781	6908776	1
2025.02.26	12:00:00	129551	129882	129169	129465	1173103	3998068	1
2025.02.26	16:00:00	129465	129505	128894	129241	532879	1867354	1
2025.02.27	08:00:00	128441	128950	128186	128665	1823626	5671645	1
2025.02.27	12:00:00	128665	129638	128512	129541	1275623	4313818	1
2025.02.27	16:00:00	129541	129668	128614	128864	688816	2450064	1
2025.02.28	08:00:00	128736	128996	127962	128186	1770149	5561815	1
2025.02.28	12:00:00	128192	128563	126603	126776	1451267	5139065	1
2025.02.28	16:00:00	126781	127260	126766	127168	606025	2052246	1
2025.03.05	12:00:00	127514	127626	126735	127046	1301053	4347726	1
2025.03.05	16:00:00	127046	127372	126878	127117	584645	1986554	1
2025.03.06	08:00:00	126801	127540	126526	126939	2008699	6412255	1
2025.03.06	12:00:00	126944	128146	126928	127280	1982238	6513252	1
2025.03.06	16:00:00	127280	127448	126704	127382	756520	2191750	1
2025.03.07	08:00:00	127479	128166	126002	128115	2370980	7200580	1
2025.03.07	12:00:00	128115	129327	128074	129246	1643819	5260898	1
2025.03.07	16:00:00	129251	129826	128848	129047	819807	2817201	1
2025.03.10	08:00:00	128390	128553	127214	127713	2201947	7081990	1
2025.03.10	12:00:00	127713	128701	127662	127743	1689476	5774121	1
2025.03.10	16:00:00	127738	128375	127545	128202	678979	2370343	1
2025.03.11	08:00:00	128604	128670	126801	126898	2379959	7451757	1
2025.03.11	12:00:00	126898	127346	126266	127321	1569700	5519761	1
2025.03.11	16:00:00	127321	127550	127091	127484	659620	2327115	1
2025.03.12	08:00:00	127626	128110	126745	127056	2264801	6765781	1
2025.03.12	12:00:00	127056	127677	126669	127066	1682997	5789269	1
2025.03.12	16:00:00	127066	127718	127035	127346	532638	1844333	1
2025.03.13	08:00:00	127142	129123	126969	129017	2177056	7183196	1
2025.03.13	12:00:00	129011	129490	128772	129373	1150920	4157764	1
2025.03.13	16:00:00	129373	129551	129236	129429	434171	1586375	1
2025.03.14	08:00:00	129786	131955	129719	131909	1989572	6475684	1
2025.03.14	12:00:00	131904	132719	131894	132520	1192405	4584986	1
2025.03.14	16:00:00	132526	132974	132429	132500	490101	1943888	1
2025.03.17	08:00:00	132500	133799	132301	133570	2084563	6299389	1
2025.03.17	12:00:00	133564	134955	133559	134929	1236194	4171594	1
2025.03.17	16:00:00	134924	135148	134507	134756	570254	1932171	1
2025.03.18	08:00:00	134313	135204	133931	134614	2200511	6598302	1
2025.03.18	12:00:00	134619	135632	134517	135377	1484773	4980300	1
2025.03.18	16:00:00	135377	135510	135123	135296	442655	1502837	1
2025.03.19	08:00:00	135001	136544	134990	136147	2039391	6239664	1
2025.03.19	12:00:00	136147	136753	135729	136732	1318682	4451617	1
2025.03.19	16:00:00	136732	136951	136192	136620	609192	2027687	1
2025.03.20	08:00:00	136070	136330	135530	136157	1960887	6116811	1
2025.03.20	12:00:00	136152	136442	135362	135464	1362548	4766264	1
2025.03.20	16:00:00	135469	135887	135428	135739	498444	1674463	1
2025.03.21	08:00:00	135418	136218	135077	135724	2104255	6600897	1
2025.03.21	12:00:00	135724	135912	135347	135383	1155791	4031522	1
2025.03.21	16:00:00	135383	136065	135316	135581	534709	1885787	1
2025.03.24	08:00:00	136386	136635	134965	135637	2112240	6536115	1
2025.03.24	12:00:00	135637	135658	134374	134608	1325793	4713394	1
2025.03.24	16:00:00	134603	135006	134496	134929	532367	1846452	1
2025.03.25	08:00:00	134654	136595	134542	136539	2103892	6584942	1
2025.03.25	12:00:00	136539	136951	135617	135642	1329764	4661679	1
2025.03.25	16:00:00	135637	135877	135362	135668	516483	1781872	1
2025.03.26	08:00:00	135652	136320	135469	135765	2162410	6738088	1
2025.03.26	12:00:00	135765	136360	135566	135780	1278627	4681426	1
2025.03.26	16:00:00	135780	136136	135067	135673	479553	1762577	1
2025.03.27	08:00:00	136162	136656	135714	136167	2271994	7049611	1
2025.03.27	12:00:00	136167	137140	136147	136584	1377276	4692420	1
2025.03.27	16:00:00	136584	136671	136141	136320	449402	1522844	1
2025.03.28	08:00:00	136228	136284	134573	134639	2190298	7144591	1
2025.03.28	12:00:00	134634	136116	134481	135464	1439846	5157049	1
2025.03.28	16:00:00	135469	135546	134975	135184	379216	1326378	1
2025.03.31	08:00:00	134384	134624	133361	133890	2061526	6258175	1
2025.03.31	12:00:00	133890	134165	133233	133773	1349182	4776001	1
2025.03.31	16:00:00	133768	133895	133300	133391	513547	1931418	1
2025.04.01	08:00:00	133564	134848	133050	134491	2425911	7655838	1
2025.04.01	12:00:00	134486	135128	134064	134308	1376504	4681874	1
2025.04.01	16:00:00	134308	134532	134053	134145	476305	1600062	1
2025.04.02	08:00:00	133967	134583	133315	133936	2358938	7505678	1
2025.04.02	12:00:00	133941	134379	133794	134135	1291496	4504736	1
2025.04.02	16:00:00	134130	135887	133188	133188	1086093	2985116	1
2025.04.03	08:00:00	132760	135602	132622	134608	2905078	8978585	1
2025.04.03	12:00:00	134614	134639	133799	134374	1724543	5402200	1
2025.04.03	16:00:00	134374	134476	133997	134318	505044	1564091	1
2025.04.04	08:00:00	132108	132312	129180	129648	2804836	8299769	1
2025.04.04	12:00:00	129643	130595	129526	129740	2003343	6217042	1
2025.04.04	16:00:00	129740	130229	129612	130020	650435	1913508	1
2025.04.07	08:00:00	127983	131420	126531	129551	4396119	11340617	1
2025.04.07	12:00:00	129551	129954	127412	127896	3135777	7387040	1
2025.04.07	16:00:00	127891	128696	127855	128227	736554	1827431	1
2025.04.08	08:00:00	129663	130356	128049	128125	2906971	8453747	1
2025.04.08	12:00:00	128125	128410	126740	127020	2693179	7904849	1
2025.04.08	16:00:00	127020	127056	125940	126302	888049	2598202	1
2025.04.09	08:00:00	125299	127361	124835	126251	3447017	9451156	1
2025.04.09	12:00:00	126251	132373	125900	129505	3378415	8636815	1
2025.04.09	16:00:00	129511	130763	129251	129918	918659	2193097	1
2025.04.10	08:00:00	129505	130626	128859	129057	3163022	8338981	1
2025.04.10	12:00:00	129062	129327	127382	128731	3030035	7555099	1
2025.04.10	16:00:00	128731	129200	127978	128884	942763	2289567	1
2025.04.11	08:00:00	129439	130045	128441	129022	3220000	8465058	1
2025.04.11	12:00:00	129022	130926	128640	130514	2000922	5998781	1
2025.04.11	16:00:00	130509	130860	130096	130295	527406	1578211	1
2025.04.14	08:00:00	130987	132108	130830	131257	2595973	7494373	1
2025.04.14	12:00:00	131252	132413	130809	132307	2305315	7058585	1
2025.04.14	16:00:00	132312	132541	131802	131884	700392	2124271	1
2025.04.15	08:00:00	131853	132408	131344	131634	2588663	7764849	1
2025.04.15	12:00:00	131634	132296	131415	131502	1737129	5434163	1
2025.04.15	16:00:00	131497	131838	131466	131675	473484	1328414	1
2025.04.16	08:00:00	131520	131680	130535	130775	2388484	6888333	1
2025.04.16	12:00:00	130775	132065	130715	131170	1890548	5982631	1
2025.04.16	16:00:00	131170	131200	130380	130570	612706	1959002	1
2025.04.17	08:00:00	130855	131530	130270	131280	2349578	7220723	1
2025.04.17	12:00:00	131280	132600	131245	132345	1741678	5683420	1
2025.04.17	16:00:00	132345	132390	131850	131875	527598	1643788	1
2025.04.22	08:00:00	132140	132610	130940	132520	2370033	7520109	1
2025.04.22	12:00:00	132520	133335	132415	133190	1705758	5753631	1
2025.04.22	16:00:00	133190	133315	132760	133110	490185	1550479	1
2025.04.23	08:00:00	134125	135670	134110	135580	2446044	7792510	1
2025.04.23	12:00:00	135585	135770	134665	134990	1576961	5536453	1
2025.04.23	16:00:00	134990	135120	134625	135015	553840	1937919	1
2025.04.24	08:00:00	134785	135720	134675	135500	2205824	7176719	1
2025.04.24	12:00:00	135500	137390	135495	137170	1643494	6009817	1
2025.04.24	16:00:00	137170	137220	136850	137050	539916	1787055	1
2025.04.25	08:00:00	136745	137430	136530	137265	2284943	7151861	1
2025.04.25	12:00:00	137265	137320	136500	137010	1455648	4942453	1
2025.04.25	16:00:00	137010	137285	136925	137265	415956	1433142	1
2025.04.28	08:00:00	136890	138070	136840	137805	2108189	6726703	1
2025.04.28	12:00:00	137805	137900	136955	137170	1342799	4794144	1
2025.04.28	16:00:00	137170	137355	137095	137275	334301	1172116	1
2025.04.29	08:00:00	137265	138435	137145	138335	2188096	6848756	1
2025.04.29	12:00:00	138335	138465	137610	137690	1200984	4310426	1
2025.04.29	16:00:00	137695	137710	137285	137420	434454	1554027	1
2025.04.30	08:00:00	137155	137640	136115	136255	2414492	7945487	1
2025.04.30	12:00:00	136255	137500	136230	137020	1633333	5853285	1
2025.04.30	16:00:00	137025	137360	136785	136800	554262	1832534	1
2025.05.02	08:00:00	137240	137465	136380	137115	2191343	7177722	1
2025.05.02	12:00:00	137115	137155	136380	136765	1338889	4678017	1
2025.05.02	16:00:00	136760	137555	136735	137555	406521	1390565	1
2025.05.05	08:00:00	136975	137460	135620	135945	2069108	6973509	1
2025.05.05	12:00:00	135950	136090	135400	135645	1174926	4283834	1
2025.05.05	16:00:00	135640	135720	135300	135300	407247	1369696	1
2025.05.06	08:00:00	135300	136220	135285	135530	2142753	7225939	1
2025.05.06	12:00:00	135535	135840	135160	135435	1316999	4763431	1
2025.05.06	16:00:00	135435	135685	135420	135665	364439	1243899	1
2025.05.07	08:00:00	136000	136500	134675	134875	2087782	7162162	1
2025.05.07	12:00:00	134875	135520	134755	135250	1545911	5737854	1
2025.05.07	16:00:00	135245	135445	134895	135390	718727	2421872	1
2025.05.08	08:00:00	136400	138885	136380	138610	2261609	7811258	1
2025.05.08	12:00:00	138610	139620	138550	138940	1442670	5282727	1
2025.05.08	16:00:00	138945	139020	138050	138360	593336	2192802	1
2025.05.09	08:00:00	138800	139070	138205	138560	2169886	7257781	1
2025.05.09	12:00:00	138565	138595	137905	138290	1178126	4363112	1
2025.05.09	16:00:00	138285	138450	138125	138220	309360	1142970	1
2025.05.12	08:00:00	140305	140310	138230	138510	2076311	7014697	1
2025.05.12	12:00:00	138505	138535	138060	138470	1145598	4170790	1
2025.05.12	16:00:00	138475	138620	138320	138620	400622	1333994	1
2025.05.13	08:00:00	138700	140115	138325	140040	2079578	6758152	1
2025.05.13	12:00:00	140040	140820	140020	140670	1282470	4859782	1
2025.05.13	16:00:00	140670	141360	140525	140525	540937	1948964	1
2025.05.14	08:00:00	140555	141030	140090	140420	2294318	7278058	1
2025.05.14	12:00:00	140425	140745	139925	140280	1260568	4431695	1
2025.05.14	16:00:00	140285	140400	140000	140065	388077	1315149	1
2025.05.15	08:00:00	139775	140940	139570	140315	2040743	6297413	1
2025.05.15	12:00:00	140315	141025	140000	140625	1543510	5177970	1
2025.05.15	16:00:00	140630	141170	140575	141075	495567	1574343	1
2025.05.16	08:00:00	140770	140790	139120	139400	2239156	7389673	1
2025.05.16	12:00:00	139395	140850	139285	140700	1281757	4389823	1
2025.05.16	16:00:00	140700	140815	140250	140325	466817	1477138	1
2025.05.19	08:00:00	140000	141315	139895	141225	2206163	7145051	1
2025.05.19	12:00:00	141225	141740	141145	141400	1400451	4835704	1
2025.05.19	16:00:00	141400	141490	141055	141310	478581	1505420	1
2025.05.20	08:00:00	141300	141455	140390	140755	2095840	6606337	1
2025.05.20	12:00:00	140760	141180	140635	141015	1116090	3882927	1
2025.05.20	16:00:00	141015	141730	140960	141500	508235	1752248	1
2025.05.21	08:00:00	141270	141515	139590	140055	2137729	6821289	1
2025.05.21	12:00:00	140055	140105	138790	138970	1544445	5548856	1
2025.05.21	16:00:00	138970	139310	138870	139060	450800	1607548	1
2025.05.22	08:00:00	139065	139440	138415	139275	2270618	7336498	1
2025.05.22	12:00:00	139280	140150	138320	138325	1673270	6147575	1
2025.05.22	16:00:00	138320	138960	135175	136290	889403	2880644	1
2025.05.23	08:00:00	136440	138235	135960	138050	2677298	7858863	1
2025.05.23	12:00:00	138050	138995	137890	138670	1642126	5156978	1
2025.05.23	16:00:00	138670	139205	138500	138830	530417	1559282	1
2025.05.26	08:00:00	139200	139965	138715	139140	2336349	6891130	1
2025.05.26	12:00:00	139140	139400	138840	139225	998647	2989207	1
2025.05.26	16:00:00	139225	139475	139170	139420	326814	886630	1
2025.05.27	08:00:00	140020	141625	140020	141005	2454766	7112502	1
2025.05.27	12:00:00	141000	141035	140420	140690	1330744	4508024	1
2025.05.27	16:00:00	140685	140975	140540	140930	473457	1373075	1
2025.05.28	08:00:00	140795	141080	139690	140115	2045726	5955557	1
2025.05.28	12:00:00	140115	140230	139565	140120	1110525	3572602	1
2025.05.28	16:00:00	140115	140375	139970	140285	382220	1116148	1
2025.05.29	08:00:00	140600	140600	139065	139710	2464030	7174423	1
2025.05.29	12:00:00	139705	140110	138835	139725	1437443	4798918	1
2025.05.29	16:00:00	139725	139915	139470	139605	402171	1272342	1
2025.05.30	08:00:00	139600	140045	137705	138015	2465239	7079698	1
2025.05.30	12:00:00	138020	138575	137535	138200	1388683	4387539	1
2025.05.30	16:00:00	138195	138400	137710	138020	539978	1589785	1
2025.06.02	08:00:00	138110	139570	137775	137890	2279118	6943861	1
2025.06.02	12:00:00	137885	138050	137240	137560	1366819	4394039	1
2025.06.02	16:00:00	137555	137665	137345	137435	468185	1446073	1
2025.06.03	08:00:00	137525	137960	136845	137845	1817907	5198390	1
2025.06.03	12:00:00	137845	138530	137625	138240	1557743	4856328	1
2025.06.03	16:00:00	138240	138575	138130	138490	415704	1231848	1
2025.06.04	08:00:00	138650	139550	138500	138555	2582726	7082392	1
2025.06.04	12:00:00	138560	138645	137440	137580	1374135	4223372	1
2025.06.04	16:00:00	137585	137925	137510	137815	385983	1192143	1
2025.06.05	08:00:00	138010	138250	137185	137570	2567831	7262497	1
2025.06.05	12:00:00	137565	137940	136570	136940	1557781	4796012	1
2025.06.05	16:00:00	136940	137095	136710	136935	564728	1683411	1
2025.06.06	08:00:00	137400	137535	136330	136390	2437897	6878484	1
2025.06.06	12:00:00	136395	137000	136245	136325	1563560	4691033	1
2025.06.06	16:00:00	136325	136985	136150	136800	521213	1588560	1
2025.06.09	08:00:00	136775	137200	134520	135205	2454856	6978153	1
2025.06.09	12:00:00	135205	136495	135180	136380	1450445	4509058	1
2025.06.09	16:00:00	136380	136450	136130	136290	465203	1441310	1
2025.06.10	08:00:00	136780	137885	136500	137320	2881138	8156875	1
2025.06.10	12:00:00	137320	137665	136655	136835	1534714	4738953	1
2025.06.10	16:00:00	136840	137260	136785	137045	480380	1442926	1
2025.06.11	08:00:00	137020	137415	135710	136680	2932170	7923850	1
2025.06.11	12:00:00	136680	137950	136180	137535	1638211	5193425	1
2025.06.11	16:00:00	137535	137630	137140	137320	464697	1472714	1
2025.06.12	08:00:00	136830	137840	136020	137310	2850385	8065353	1
2025.06.12	12:00:00	137310	137870	137235	137805	1319940	4193374	1
2025.06.12	16:00:00	137805	138245	137760	138175	540967	1638051	1
2025.06.13	08:00:00	137385	137930	136660	137235	2831949	7812740	1
2025.06.13	12:00:00	137235	137950	137185	137675	1653384	4903819	1
2025.06.13	16:00:00	137680	137875	137065	137285	569991	1669603	1
2025.06.16	08:00:00	137600	140115	137550	140075	2755806	7725367	1
2025.06.16	12:00:00	140075	140265	139730	139745	1296293	3921690	1
2025.06.16	16:00:00	139740	140150	139460	140150	580147	1816210	1
2025.06.17	08:00:00	142324	142471	141396	141473	2670105	7237023	1
2025.06.17	12:00:00	141478	141539	140927	141330	1514585	4540745	1
2025.06.17	16:00:00	141325	141682	141121	141600	574040	1570166	1
2025.06.18	08:00:00	141695	141830	141000	141590	2208765	5912607	1
2025.06.18	12:00:00	141590	141960	141230	141325	1453434	4345895	1
2025.06.18	16:00:00	141325	141680	141155	141655	487034	1395535	1
2025.06.20	08:00:00	141580	141745	139400	139500	2120351	6114224	1
2025.06.20	12:00:00	139495	140375	139305	139635	1462734	4619596	1
2025.06.20	16:00:00	139640	139850	139500	139710	416249	1216478	1
2025.06.23	08:00:00	139695	139945	138795	139095	2315786	6600323	1
2025.06.23	12:00:00	139100	139235	138320	138835	1655032	5208848	1
2025.06.23	16:00:00	138830	139260	138745	139215	442139	1388663	1
2025.06.24	08:00:00	139860	140350	138640	140320	2674857	7978338	1
2025.06.24	12:00:00	140325	140670	139520	139690	1191577	3959169	1
2025.06.24	16:00:00	139695	139935	139300	139300	433370	1455970	1
2025.06.25	08:00:00	139300	139385	138250	138470	2497788	7151670	1
2025.06.25	12:00:00	138470	138645	137900	138180	1482919	4750342	1
2025.06.25	16:00:00	138180	138375	137735	138190	481729	1546911	1
2025.06.26	08:00:00	138635	139565	138325	139355	2607118	7465403	1
2025.06.26	12:00:00	139355	139750	139260	139425	1298433	4252434	1
2025.06.26	16:00:00	139425	139540	139140	139225	463348	1475639	1
2025.06.27	08:00:00	139600	139740	138300	139025	2487400	7038492	1
2025.06.27	12:00:00	139025	139565	138825	138910	1418338	4554003	1
2025.06.27	16:00:00	138915	139335	138825	139335	405700	1296036	1
2025.06.30	08:00:00	139250	140355	138025	140290	2416165	7072634	1
2025.06.30	12:00:00	140285	141280	140135	141200	1465593	4678500	1
2025.06.30	16:00:00	141195	141450	141035	141115	556239	1820939	1
2025.07.01	08:00:00	140900	141885	140725	141335	2705738	7646214	1
2025.07.01	12:00:00	141340	141950	141150	141935	1397820	4454257	1
2025.07.01	16:00:00	141935	141945	141625	141785	420085	1299681	1
2025.07.02	08:00:00	141830	142200	140400	140830	2976017	9135629	1
2025.07.02	12:00:00	140830	141685	140725	141185	1589502	5393641	1
2025.07.02	16:00:00	141185	141450	141060	141435	467504	1593862	1
2025.07.03	08:00:00	141160	143295	140865	142685	2730127	8389134	1
2025.07.03	12:00:00	142685	143445	142535	143330	1148964	3929859	1
2025.07.03	16:00:00	143330	143385	143015	143125	406160	1370181	1
2025.07.04	08:00:00	142675	143370	142415	143155	1919020	5306964	1
2025.07.04	12:00:00	143155	143650	143050	143505	924135	2898730	1
2025.07.04	16:00:00	143510	143825	143225	143815	296034	1007178	1
2025.07.07	08:00:00	143360	143415	142060	142235	2416566	7382901	1
2025.07.07	12:00:00	142235	142240	141145	141405	1502044	5556535	1
2025.07.07	16:00:00	141410	141475	141235	141325	396093	1494840	1
2025.07.08	08:00:00	141670	141895	140800	141100	2688222	8282821	1
2025.07.08	12:00:00	141100	141290	140530	140955	1472368	4922981	1
2025.07.08	16:00:00	140950	141370	140745	141250	478547	1648129	1
2025.07.09	08:00:00	141280	141340	139720	139730	2296377	7215889	1
2025.07.09	12:00:00	139730	139850	139080	139295	1263709	4570118	1
2025.07.09	16:00:00	139300	139335	137155	137820	898111	2833870	1
2025.07.10	08:00:00	137320	138395	136755	138195	830175	8025587	0
2025.07.10	12:00:00	138190	138655	137920	138390	448755	4547061	0
2025.07.10	16:00:00	138390	138875	138250	138575	161949	1644888	0
2025.07.11	08:00:00	138100	138255	137135	137610	777731	7401995	0
2025.07.11	12:00:00	137605	137815	137005	137725	415763	4351955	0
2025.07.11	16:00:00	137725	137920	137460	137615	138623	1370745	0
2025.07.14	08:00:00	137370	137720	136225	136435	774389	7337066	0
2025.07.14	12:00:00	136430	136915	136390	136645	380572	3961241	0
2025.07.14	16:00:00	136650	136850	136575	136740	118468	1203054	0
2025.07.15	08:00:00	136880	137535	135870	136175	810133	7745019	0
2025.07.15	12:00:00	136175	137025	135650	136600	521149	5442856	0
2025.07.15	16:00:00	136595	137175	136550	137175	123569	1269588	0
2025.07.16	08:00:00	136640	137280	135730	135735	2463060	7570291	1
2025.07.16	12:00:00	135735	136935	135525	136880	1824915	6139995	1
2025.07.16	16:00:00	136885	136980	136450	136495	419257	1445454	1
2025.07.17	08:00:00	136210	137015	135635	136930	2504327	7684458	1
2025.07.17	12:00:00	136930	137065	136240	136885	1332451	4551321	1
2025.07.17	16:00:00	136890	136980	136740	136795	352345	1122508	1
2025.07.18	08:00:00	136565	136640	135250	135810	2591799	7975798	1
2025.07.18	12:00:00	135810	136020	134415	134485	1346517	4729012	1
2025.07.18	16:00:00	134485	134750	134310	134725	408015	1503432	1
2025.07.21	08:00:00	134140	135835	134040	135750	2444270	7180406	1
2025.07.21	12:00:00	135750	136050	135180	135365	1248504	4024334	1
2025.07.21	16:00:00	135365	135460	134975	135145	384922	1286878	1
2025.07.22	08:00:00	135250	136385	134785	136190	2482525	7007311	1
2025.07.22	12:00:00	136195	136350	135080	135150	1358020	4247447	1
2025.07.22	16:00:00	135155	135575	134975	135575	441629	1416784	1
2025.07.23	08:00:00	135675	136135	134505	135950	2634128	8314664	1
2025.07.23	12:00:00	135950	136800	135800	136700	1358855	4788901	1
2025.07.23	16:00:00	136695	136765	136170	136360	414395	1420998	1
2025.07.24	08:00:00	136065	136160	134510	134990	2257728	6983012	1
2025.07.24	12:00:00	134985	135120	134540	134600	1118463	3913924	1
2025.07.24	16:00:00	134605	134910	134515	134595	436846	1475530	1
2025.07.25	08:00:00	134530	135555	134325	134375	2321101	7255403	1
2025.07.25	12:00:00	134375	134785	134075	134255	1253105	4426582	1
2025.07.25	16:00:00	134255	134400	134130	134280	339190	1175329	1
2025.07.28	08:00:00	134210	134885	133085	133385	2283503	6844278	1
2025.07.28	12:00:00	133390	133390	132335	132475	1122204	3962672	1
2025.07.28	16:00:00	132480	133250	132450	133065	590522	2086878	1
2025.07.29	08:00:00	133150	133715	132770	133475	2602790	7903117	1
2025.07.29	12:00:00	133480	134100	133445	133705	1260167	4361147	1
2025.07.29	16:00:00	133710	133755	133225	133355	443312	1547961	1
2025.07.30	08:00:00	133435	134020	132520	132720	2935072	8968259	1
2025.07.30	12:00:00	132720	135870	132495	134270	2239500	7163055	1
2025.07.30	16:00:00	134270	135000	134065	134560	789792	2198296	1
2025.07.31	08:00:00	133980	134210	132520	133110	2429052	7813103	1
2025.07.31	12:00:00	133115	134030	133085	133625	1444963	5243482	1
2025.07.31	16:00:00	133630	133775	133150	133635	572133	1948693	1
2025.08.01	08:00:00	132905	135480	132505	133830	3154577	9491215	1
2025.08.01	12:00:00	133825	133930	132600	132605	1533177	4950346	1
2025.08.01	16:00:00	132600	133115	132575	132990	574644	1842020	1
2025.08.04	08:00:00	133400	134585	133055	133765	2756554	8252053	1
2025.08.04	12:00:00	133765	133775	132815	133165	1440560	4905801	1
2025.08.04	16:00:00	133165	133700	133000	133200	494814	1632795	1
2025.08.05	08:00:00	132760	134650	132600	133270	3049641	9247891	1
2025.08.05	12:00:00	133265	134180	133230	133645	1695571	6003725	1
2025.08.05	16:00:00	133645	133825	133405	133520	440832	1478020	1
2025.08.06	08:00:00	133760	135585	133740	134815	2968697	9552821	1
2025.08.06	12:00:00	134810	135315	134740	135015	1413906	5079744	1
2025.08.06	16:00:00	135015	135080	134555	134780	541502	1916082	1
2025.08.07	08:00:00	135225	136495	135035	136350	2607881	8623574	1
2025.08.07	12:00:00	136350	137265	136310	136925	1531936	5590515	1
2025.08.07	16:00:00	136930	137135	136665	137060	538963	1861517	1
2025.08.08	08:00:00	136705	136760	135720	136415	2434570	8023487	1
2025.08.08	12:00:00	136415	136795	135770	136095	1469633	5375019	1
2025.08.08	16:00:00	136095	136365	135830	136365	379582	1348297	1
2025.08.11	08:00:00	136105	136380	135525	135915	2381350	7386140	1
2025.08.11	12:00:00	135915	136445	135510	135820	1536230	5365738	1
2025.08.11	16:00:00	135815	135940	135600	135850	381717	1321247	1
2025.08.12	08:00:00	139291	141048	139020	140936	2683014	8328714	1
2025.08.12	12:00:00	140936	141493	140829	141186	1356848	4992879	1
2025.08.12	16:00:00	141181	141247	140854	141130	533205	1726209	1
2025.08.13	08:00:00	141130	141445	139845	140180	1979057	5994065	1
2025.08.13	12:00:00	140180	140385	139530	139685	1302793	4644924	1
2025.08.13	16:00:00	139685	139775	139550	139675	409069	1487022	1
2025.08.14	08:00:00	139480	140460	138485	140265	2753164	8891581	1
2025.08.14	12:00:00	140270	140295	139305	139530	1383396	5030707	1
2025.08.14	16:00:00	139535	139655	139220	139400	378045	1386901	1
2025.08.15	08:00:00	139500	139500	138570	139100	2279903	7236042	1
2025.08.15	12:00:00	139100	139170	138400	138630	1160228	4227617	1
2025.08.15	16:00:00	138630	140820	138585	139395	489470	1828091	1
2025.08.18	08:00:00	139295	140500	138955	140465	2496224	7705069	1
2025.08.18	12:00:00	140465	140820	140020	140355	1341403	4703491	1
2025.08.18	16:00:00	140355	140375	140050	140075	408240	1361882	1
2025.08.19	08:00:00	140170	140200	137300	137410	2641043	9081712	1
2025.08.19	12:00:00	137405	137645	136665	136820	1483483	5885240	1
2025.08.19	16:00:00	136825	137110	136250	136490	605523	2212591	1
2025.08.20	08:00:00	136795	137430	136460	136900	2609551	8483809	1
2025.08.20	12:00:00	136900	137665	136820	137195	1449770	5157523	1
2025.08.20	16:00:00	137190	137405	136910	137145	513101	1814106	1
2025.08.21	08:00:00	136960	137565	135900	136890	1212414	3548614	1
2025.08.21	12:00:00	136890	137390	136580	137250	1120533	4013820	1
2025.08.21	16:00:00	137250	137300	136965	137140	314795	1100144	1
2025.08.22	08:00:00	137165	140135	137005	139975	2693175	8291317	1
2025.08.22	12:00:00	139975	140795	139785	140515	1187365	4597934	1
2025.08.22	16:00:00	140520	140925	140350	140740	452394	1705544	1
2025.08.25	08:00:00	140780	141585	140670	141210	2162931	6844654	1
2025.08.25	12:00:00	141215	141500	140535	140645	1336962	4706133	1
2025.08.25	16:00:00	140650	140885	140500	140850	438989	1488514	1
2025.08.26	08:00:00	140525	140735	139450	139765	2367605	7615947	1
2025.08.26	12:00:00	139765	139935	139460	139830	1065816	3895408	1
2025.08.26	16:00:00	139835	140570	139810	140435	517421	1751923	1
2025.08.27	08:00:00	140100	140485	139540	140035	2423560	7739254	1
2025.08.27	12:00:00	140035	141300	139965	141170	1483728	5085162	1
2025.08.27	16:00:00	141175	141765	141150	141310	648743	2205919	1
2025.08.28	08:00:00	142150	144660	142115	144205	2671232	9038114	1
2025.08.28	12:00:00	144205	144385	143875	143910	1125187	4279770	1
2025.08.28	16:00:00	143910	144000	143500	143750	515831	1863695	1
2025.08.29	08:00:00	143005	144430	142870	144350	2088987	7030068	1
2025.08.29	12:00:00	144350	144775	143985	144175	1267484	4664673	1
2025.08.29	16:00:00	144170	144460	143785	144095	451961	1492080	1
2025.09.01	08:00:00	143905	144250	143465	143555	2018377	6223825	1
2025.09.01	12:00:00	143555	143560	143035	143320	1123429	3880032	1
2025.09.01	16:00:00	143320	143640	143235	143610	430999	1402575	1
2025.09.02	08:00:00	142650	143250	141615	142965	2926485	9254646	1
2025.09.02	12:00:00	142960	143065	142080	142300	1652395	5516542	1
2025.09.02	16:00:00	142295	142635	142290	142500	468802	1541632	1
2025.09.03	08:00:00	142700	142815	141820	142300	2588790	8141022	1
2025.09.03	12:00:00	142295	142295	141625	141685	1367320	4774856	1
2025.09.03	16:00:00	141685	141945	141590	141780	472970	1604243	1
2025.09.04	08:00:00	141750	142365	141550	142325	2419151	7561238	1
2025.09.04	12:00:00	142325	143495	142135	143220	1444319	5396628	1
2025.09.04	16:00:00	143215	143310	142940	142965	438533	1582128	1
2025.09.05	08:00:00	143240	145465	143160	144190	2664350	8873654	1
2025.09.05	12:00:00	144185	144825	143930	144625	1361902	4943877	1
2025.09.05	16:00:00	144625	144700	144425	144650	361695	1295631	1
2025.09.08	08:00:00	144850	145025	143335	143375	2310165	7717926	1
2025.09.08	12:00:00	143370	143800	143145	143685	1336693	4970175	1
2025.09.08	16:00:00	143685	143835	143515	143790	454837	1572375	1
2025.09.09	08:00:00	143930	144475	143580	143825	2680776	8937342	1
2025.09.09	12:00:00	143825	143860	143470	143580	1222141	4509667	1
2025.09.09	16:00:00	143580	143645	143340	143605	454202	1707370	1
2025.09.10	08:00:00	143780	144920	142965	144440	2938006	9465418	1
2025.09.10	12:00:00	144440	144630	143840	144075	1318222	4614565	1
2025.09.10	16:00:00	144080	144420	143995	144335	419477	1459760	1
2025.09.11	08:00:00	144150	145695	143380	145480	2956471	9188927	1
2025.09.11	12:00:00	145480	145590	144595	144825	1330551	4866853	1
2025.09.11	16:00:00	144825	145015	144750	144795	399283	1376377	1
2025.09.12	08:00:00	144395	144870	143550	144205	2537368	8353137	1
2025.09.12	12:00:00	144210	144590	143755	143900	1164392	4153990	1
2025.09.12	16:00:00	143900	144200	143760	144165	355526	1246930	1
2025.09.15	08:00:00	144150	145315	143930	145135	2823868	9138828	1
2025.09.15	12:00:00	145135	145805	145040	145405	1455589	5244506	1
2025.09.15	16:00:00	145405	145480	144685	144790	609531	2076552	1
2025.09.16	08:00:00	145620	146260	145230	145505	3159103	9747636	1
2025.09.16	12:00:00	145505	145565	145050	145220	1480894	5156229	1
2025.09.16	16:00:00	145220	145715	145210	145475	575213	1970893	1
2025.09.17	08:00:00	145400	146820	145115	146585	2893388	9358758	1
2025.09.17	12:00:00	146580	147895	146480	147015	2541812	8349519	1
2025.09.17	16:00:00	147010	147280	146810	146995	786655	2546804	1
2025.09.18	08:00:00	147100	147395	146325	146630	2584310	7740405	1
2025.09.18	12:00:00	146625	147115	146400	146980	1379034	4513489	1
2025.09.18	16:00:00	146980	147130	146585	147105	448563	1535808	1
2025.09.19	08:00:00	146730	147720	146435	147080	2491043	7719115	1
2025.09.19	12:00:00	147080	147470	146785	147345	1148261	3889804	1
2025.09.19	16:00:00	147345	147450	146830	146840	529375	1811627	1
2025.09.22	08:00:00	146675	146775	145240	145435	2628776	8396257	1
2025.09.22	12:00:00	145430	146605	145415	146370	1462702	5078736	1
2025.09.22	16:00:00	146370	146390	146120	146245	477108	1626942	1
2025.09.23	08:00:00	146135	147780	146040	147630	2644192	8568807	1
2025.09.23	12:00:00	147630	148375	147560	147715	1787844	6039580	1
2025.09.23	16:00:00	147715	147850	147455	147590	485030	1619550	1
2025.09.24	08:00:00	147590	147890	147235	147360	2507907	8022846	1
2025.09.24	12:00:00	147355	147655	147155	147610	1552264	5457909	1
2025.09.24	16:00:00	147605	149000	147460	148800	530871	1780241	1
2025.09.25	08:00:00	148000	148700	146490	146915	2736321	8566933	1
2025.09.25	12:00:00	146910	147500	146110	146355	1609261	5790534	1
2025.09.25	16:00:00	146355	146585	146115	146405	438662	1517782	1
2025.09.26	08:00:00	146545	147170	145975	146305	2517230	8033009	1
2025.09.26	12:00:00	146305	146475	146025	146390	1029002	3614307	1
2025.09.26	16:00:00	146390	146545	146265	146360	305845	1112857	1
2025.09.29	08:00:00	146635	149095	146620	147370	2381865	7570057	1
2025.09.29	12:00:00	147375	147640	147110	147340	1292460	4683447	1
2025.09.29	16:00:00	147340	147440	147210	147305	375206	1311456	1
2025.09.30	08:00:00	147400	148435	146835	146930	2358407	7979882	1
2025.09.30	12:00:00	146935	147045	146610	146950	1156358	4267389	1
2025.09.30	16:00:00	146950	147250	146890	147135	400744	1517808	1
2025.10.01	08:00:00	147205	148125	146335	146445	3207963	9868170	1
2025.10.01	12:00:00	146440	146640	145910	146305	1403117	4787425	1
2025.10.01	16:00:00	146305	146460	146110	146255	485046	1647928	1
2025.10.02	08:00:00	146750	147280	144570	144615	2894234	9698369	1
2025.10.02	12:00:00	144615	144890	144235	144740	1457644	5430941	1
2025.10.02	16:00:00	144740	144845	144555	144725	420895	1566206	1
2025.10.03	08:00:00	145000	145050	144210	144450	2541132	8386115	1
2025.10.03	12:00:00	144455	145160	144335	144840	1512975	5516105	1
2025.10.03	16:00:00	144840	144990	144610	144670	392868	1460498	1
2025.10.06	08:00:00	144860	145335	144050	144385	2897022	9754096	1
2025.10.06	12:00:00	144380	144515	143820	144160	1356747	5058359	1
2025.10.06	16:00:00	144160	144260	143985	144060	423710	1507126	1
2025.10.07	08:00:00	143650	143715	141765	142070	2732172	9199268	1
2025.10.07	12:00:00	142070	142260	141420	141875	1553308	5710246	1
2025.10.07	16:00:00	141870	141945	141600	141615	414827	1563054	1
2025.10.08	08:00:00	141700	142715	141640	142585	2737256	8988878	1
2025.10.08	12:00:00	142590	142650	142020	142250	1200769	4393775	1
2025.10.08	16:00:00	142250	142780	142235	142490	501864	1771612	1
2025.10.09	08:00:00	142900	143800	142110	142355	3053306	9743113	1
2025.10.09	12:00:00	142355	142810	141810	141920	1418480	4930858	1
2025.10.09	16:00:00	141920	142145	141855	141890	411142	1368906	1
2025.10.10	08:00:00	142145	142685	141355	141560	3103135	10142987	1
2025.10.10	12:00:00	141560	141605	140365	140965	2215636	7192065	1
2025.10.10	16:00:00	140965	141120	140055	140350	521272	1781612	1
2025.10.13	08:00:00	141550	142315	141550	142065	3056124	9320578	1
2025.10.13	12:00:00	142060	142450	141915	142010	1474996	4991250	1
2025.10.13	16:00:00	142010	142070	141480	141615	498743	1729715	1
2025.10.14	08:00:00	143689	145835	143597	145262	3154460	9967362	1
2025.10.14	12:00:00	145268	145682	144813	144987	1695787	5727488	1
2025.10.14	16:00:00	144981	145615	144435	144915	561734	1765149	1
2025.10.15	08:00:00	145145	146100	144005	145965	3016175	9497213	1
2025.10.15	12:00:00	145965	146045	144945	145860	1778785	5876914	1
2025.10.15	16:00:00	145855	145960	145605	145715	451211	1460309	1
2025.10.16	08:00:00	145735	145930	144330	145765	2795221	9263069	1
2025.10.16	12:00:00	145760	146195	145020	145325	1993064	6695246	1
2025.10.16	16:00:00	145330	145375	145010	145010	414559	1386652	1
2025.10.17	08:00:00	144885	146235	144080	145945	3008008	9779900	1
2025.10.17	12:00:00	145945	146430	145650	146255	1426875	4787688	1
2025.10.17	16:00:00	146260	146545	146020	146450	417863	1479874	1
2025.10.20	08:00:00	146320	147665	146250	147555	3108763	9386761	1
2025.10.20	12:00:00	147550	148215	147505	147655	1498665	5189669	1
2025.10.20	16:00:00	147655	147715	147270	147300	426428	1471182	1
2025.10.21	08:00:00	147100	147740	146645	147375	3060075	9451148	1
2025.10.21	12:00:00	147370	147550	146695	146945	1477278	5085079	1
2025.10.21	16:00:00	146940	147240	146865	147235	330027	1102761	1
2025.10.22	08:00:00	146995	147795	146565	147480	3138699	9833458	1
2025.10.22	12:00:00	147485	147945	147090	147485	1919025	6348926	1
2025.10.22	16:00:00	147490	147915	147355	147915	407300	1309580	1
2025.10.23	08:00:00	147960	149125	147910	148330	2790046	8840910	1
2025.10.23	12:00:00	148330	148630	147770	148480	1388722	4850266	1
2025.10.23	16:00:00	148480	148800	148420	148785	376457	1268842	1
2025.10.24	08:00:00	148545	150095	148450	148940	2753614	8861120	1
2025.10.24	12:00:00	148945	149340	148825	148940	967399	3501036	1
2025.10.24	16:00:00	148940	148990	148810	148815	254266	913325	1
2025.10.27	08:00:00	150075	150750	149540	150010	2569827	8361658	1
2025.10.27	12:00:00	150010	150060	149475	149595	1007359	3593469	1
2025.10.27	16:00:00	149600	149900	149515	149790	355104	1257566	1
2025.10.28	08:00:00	149520	150235	149065	150055	2573531	8464729	1
2025.10.28	12:00:00	150050	150525	149970	150225	1227012	4329000	1
2025.10.28	16:00:00	150225	150375	149925	150375	500754	1721631	1
2025.10.29	08:00:00	150465	151430	149815	151290	2609449	8615100	1
2025.10.29	12:00:00	151290	151740	150910	151280	1634239	5933587	1
2025.10.29	16:00:00	151280	151380	150970	151295	628690	2149452	1
2025.10.30	08:00:00	151000	151715	149900	151675	2840861	9602378	1
2025.10.30	12:00:00	151675	151790	151370	151440	969007	3605811	1
2025.10.30	16:00:00	151435	151795	151265	151760	466705	1674200	1
2025.10.31	08:00:00	151485	152215	151355	151710	2690135	8290428	1
2025.10.31	12:00:00	151710	152060	151415	152000	1331278	4517819	1
2025.10.31	16:00:00	152000	152245	151880	152225	407517	1445853	1
2025.11.03	08:00:00	152225	152990	151965	152910	2608700	8203377	1
2025.11.03	12:00:00	152905	153225	152480	152530	1318362	4389896	1
2025.11.03	16:00:00	152525	153020	152520	153000	454262	1481756	1
2025.11.04	08:00:00	151950	153180	151750	153045	2701843	8792141	1
2025.11.04	12:00:00	153045	153250	152505	152550	1240552	4262530	1
2025.11.04	16:00:00	152545	153065	152535	153050	540369	1770504	1
2025.11.05	08:00:00	152850	154385	152515	154220	2932696	9676472	1
2025.11.05	12:00:00	154230	155475	154120	155125	1771936	6631893	1
2025.11.05	16:00:00	155125	155990	155095	155915	721682	2880193	1
2025.11.06	08:00:00	155455	156570	155455	155885	2717401	8971735	1
2025.11.06	12:00:00	155885	156125	155490	155760	1699960	5654074	1
2025.11.06	16:00:00	155760	155905	155620	155750	444064	1585869	1
2025.11.07	08:00:00	155635	155750	154500	154675	2468080	8078305	1
2025.11.07	12:00:00	154675	155750	154550	155635	1821096	6163935	1
2025.11.07	16:00:00	155635	156350	155565	156240	616755	2204568	1
2025.11.10	08:00:00	157100	157735	156670	156885	2604313	8577482	1
2025.11.10	12:00:00	156885	157455	156815	157320	1273538	4804078	1
2025.11.10	16:00:00	157325	157940	157015	157820	538790	2121919	1
2025.11.11	08:00:00	157940	160565	157940	160510	3306712	11076013	1
2025.11.11	12:00:00	160505	160605	159465	159605	1586953	5812816	1
2025.11.11	16:00:00	159600	160370	159585	159835	649939	2612152	1
2025.11.12	08:00:00	160000	160170	158910	158955	2493977	8356067	1
2025.11.12	12:00:00	158955	159380	158610	159260	1522515	5622413	1
2025.11.12	16:00:00	159265	159885	159100	159615	605944	2294580	1
2025.11.13	08:00:00	159950	160295	159180	159535	2781219	9162670	1
2025.11.13	12:00:00	159535	159975	158610	158610	1796148	6299645	1
2025.11.13	16:00:00	158615	159175	158475	159040	801886	2909001	1
2025.11.14	08:00:00	158295	160015	158065	159955	2878304	9583224	1
2025.11.14	12:00:00	159955	160275	159605	160045	1725592	6016226	1
2025.11.14	16:00:00	160045	160135	159310	159310	605648	2274820	1
2025.11.17	08:00:00	159585	159670	158670	159405	2677653	8721627	1
2025.11.17	12:00:00	159405	159660	159005	159030	1745930	5745107	1
2025.11.17	16:00:00	159030	159055	158335	158840	859620	2898425	1
2025.11.18	08:00:00	158100	158605	157120	158030	2972233	9874658	1
2025.11.18	12:00:00	158030	158615	157780	158520	1968791	6304403	1
2025.11.18	16:00:00	158515	158750	158095	158095	642527	2255445	1
2025.11.19	08:00:00	158360	158440	157245	157860	2545995	8272893	1
2025.11.19	12:00:00	157860	157870	157025	157185	1535248	5371207	1
2025.11.19	16:00:00	157185	157260	156260	156880	704852	2324708	1
2025.11.21	08:00:00	155200	156690	155200	155570	2643751	8563874	1
2025.11.21	12:00:00	155560	156465	155025	156195	2194782	6843591	1
2025.11.21	16:00:00	156195	156450	156165	156440	541384	1761387	1
2025.11.24	08:00:00	156750	157335	155930	156735	2890872	9396076	1
2025.11.24	12:00:00	156730	156985	156565	156685	1199258	4208277	1
2025.11.24	16:00:00	156690	156975	156380	156975	496289	1820174	1
2025.11.25	08:00:00	156885	157760	156035	156450	3356782	10872756	1
2025.11.25	12:00:00	156445	157195	156305	157125	1529422	5299507	1
2025.11.25	16:00:00	157120	157460	157030	157300	498096	1802158	1
2025.11.26	08:00:00	157500	159170	157415	158870	2668565	8663362	1
2025.11.26	12:00:00	158870	159740	158475	159675	1588361	5908991	1
2025.11.26	16:00:00	159675	160145	159655	160145	566305	2168156	1
2025.11.27	08:00:00	159815	159980	159385	159410	1734840	5274202	1
2025.11.27	12:00:00	159415	159795	159285	159350	1032786	3547086	1
2025.11.27	16:00:00	159345	159705	159315	159610	405581	1312181	1
2025.11.28	08:00:00	159485	160340	159465	159995	2430990	7209855	1
2025.11.28	12:00:00	159990	160820	159615	160770	1485421	4698277	1
2025.11.28	16:00:00	160775	160840	160100	160100	499676	1482685	1
2025.12.01	08:00:00	160000	160360	158945	160080	2525182	8279554	1
2025.12.01	12:00:00	160085	160210	159350	159575	1319111	4475603	1
2025.12.01	16:00:00	159580	159690	159370	159690	428270	1587563	1
2025.12.02	08:00:00	160025	161460	159745	160975	3022316	9846340	1
2025.12.02	12:00:00	160970	161600	160640	161515	1665175	5589162	1
2025.12.02	16:00:00	161515	162425	161465	162270	671804	2408726	1
2025.12.03	08:00:00	162380	162900	162075	162325	3066566	9673149	1
2025.12.03	12:00:00	162320	162580	161970	162570	1583575	5562415	1
2025.12.03	16:00:00	162570	162885	162385	162650	600255	2161380	1
2025.12.04	08:00:00	162655	164880	162650	164540	2806475	9498030	1
2025.12.04	12:00:00	164535	165285	164350	164880	1704487	6505886	1
2025.12.04	16:00:00	164885	165505	164630	165270	839424	3321446	1
2025.12.05	08:00:00	165250	165560	164790	165425	2262697	7948796	1
2025.12.05	12:00:00	165425	165785	158055	158305	4134880	11923690	1
2025.12.05	16:00:00	158300	159190	157465	158325	1424830	3839758	1
2025.12.08	08:00:00	160090	160105	158520	158625	3017574	9556550	1
2025.12.08	12:00:00	158630	159920	158110	159350	2205942	7987784	1
2025.12.08	16:00:00	159350	159410	158135	158860	846164	2805838	1
2025.12.09	08:00:00	158465	158665	155630	157240	3562186	12064195	1
2025.12.09	12:00:00	157240	158680	157090	158450	2333047	8156762	1
2025.12.09	16:00:00	158450	159415	158020	158210	1050742	3594450	1
2025.12.10	08:00:00	159300	160280	157965	158695	3352742	10997889	1
2025.12.10	12:00:00	158695	159000	158320	158880	1671486	6215260	1
2025.12.10	16:00:00	158875	160190	158300	159560	1688849	5319123	1
2025.12.11	08:00:00	158635	159610	158050	159535	2915865	9398858	1
2025.12.11	12:00:00	159535	160270	159410	160075	1767383	6518702	1
2025.12.11	16:00:00	160080	160220	159455	159465	648532	2288689	1
2025.12.12	08:00:00	159715	161610	159585	161080	2917657	9251069	1
2025.12.12	12:00:00	161080	161085	159540	160685	2074771	7110172	1
2025.12.12	16:00:00	160680	161095	160520	161030	632110	2147329	1
2025.12.15	08:00:00	161575	162955	161345	162410	2850995	9323194	1
2025.12.15	12:00:00	162415	163300	162160	162510	2036804	7173319	1
2025.12.15	16:00:00	162515	163115	162390	162755	719594	2395925	1
2025.12.16	08:00:00	164913	165016	163533	163850	3051392	8526023	1
2025.12.16	12:00:00	163850	164100	162985	163717	1949535	6433181	1
2025.12.16	16:00:00	163717	163732	160899	161165	1079162	3386977	1
2025.12.17	08:00:00	161500	161690	159610	160870	3202653	9549592	1
2025.12.17	12:00:00	160870	160890	159720	160475	1873122	5964932	1
2025.12.17	16:00:00	160475	160895	160255	160340	640976	2069055	1
2025.12.18	08:00:00	160660	161080	159845	160795	2811333	8669652	1
2025.12.18	12:00:00	160795	161835	160700	161490	1904762	6487511	1
2025.12.18	16:00:00	161490	161510	160835	161315	605116	2063436	1
2025.12.19	08:00:00	161200	162610	160990	162515	2653441	8302443	1
2025.12.19	12:00:00	162515	162725	161710	161750	1224128	4261539	1
2025.12.19	16:00:00	161755	161865	161325	161600	504074	1701924	1
2025.12.22	08:00:00	162055	162415	160150	160510	2496822	7913891	1
2025.12.22	12:00:00	160515	161350	160455	161145	1685357	5757940	1
2025.12.22	16:00:00	161140	161285	160895	161045	577310	1969481	1
2025.12.23	08:00:00	161245	162900	160900	162845	2498747	7908965	1
2025.12.23	12:00:00	162850	163465	162845	163190	1289112	4699711	1
2025.12.23	16:00:00	163190	163520	163050	163400	457563	1614369	1
2025.12.26	08:00:00	162935	163085	162100	162775	2121828	6609958	1
2025.12.26	12:00:00	162775	163485	162700	163315	1305295	4419196	1
2025.12.26	16:00:00	163315	164120	163275	164050	455037	1547133	1
2025.12.29	08:00:00	163850	164335	163005	163220	2291453	7111155	1
2025.12.29	12:00:00	163215	163275	162355	162535	1538682	5121814	1
2025.12.29	16:00:00	162530	163130	162430	162990	615254	2053388	1
2025.12.30	08:00:00	163430	164795	163070	163740	2437721	7510509	1
2025.12.30	12:00:00	163735	164605	163675	164345	1255395	4356229	1
2025.12.30	16:00:00	164345	164515	163740	163770	475153	1615844	1
2026.01.02	08:00:00	163970	165040	163175	163500	2178372	6953204	1
2026.01.02	12:00:00	163500	163660	162530	162670	1485398	4874837	1
2026.01.02	16:00:00	162665	163090	162600	162700	568349	1983801	1
2026.01.05	08:00:00	163160	163690	162565	162905	2713802	8708773	1
2026.01.05	12:00:00	162900	164550	162790	164500	1741192	5894049	1
2026.01.05	16:00:00	164500	164595	164185	164420	548642	1945464	1
2026.01.06	08:00:00	164575	166655	164525	166095	2936466	9823564	1
2026.01.06	12:00:00	166095	166480	165865	166205	1486041	5455338	1
2026.01.06	16:00:00	166205	166295	165720	166200	606857	2152854	1
2026.01.07	08:00:00	166250	166260	164260	164465	2602178	8563750	1
2026.01.07	12:00:00	164460	164580	164010	164460	1357609	4931104	1
2026.01.07	16:00:00	164455	164480	164100	164100	503433	1617247	1
2026.01.08	08:00:00	163900	165080	163745	164455	2924802	9185431	1
2026.01.08	12:00:00	164460	164960	164430	164620	1389835	4836710	1
2026.01.08	16:00:00	164625	165000	164605	164925	522169	1735268	1
2026.01.09	08:00:00	165150	166235	164510	166095	2766609	9079789	1
2026.01.09	12:00:00	166090	166435	165740	166040	1366872	4727082	1
2026.01.09	16:00:00	166035	166040	165195	165220	505230	1802263	1
